time,P_0,P_1,P_2,P_3,sound_speed
0.0,,,,,342.81
0.004,,,,,342.81
0.008,,,,,342.81
0.012,,,,,342.81
0.016,,,,,342.81
0.02,,,,,342.81
0.024,,,,,342.81
0.028,,,,,342.81
0.032,,,,,342.81
0.036,,,,,342.81
0.04,,,,,342.81
0.044,,,,,342.81
0.048,,,,,342.81
0.052,,,,,342.81
0.056,,,,,342.81
0.06,,,,,342.81
0.064,,,,,342.81
0.068,,,,,342.81
0.072,,,,,342.81
0.076,,,,,342.81
0.08,,,,,342.81
0.084,,,,,342.81
0.088,,,,,342.81
0.092,,,,,342.81
0.096,,,,,342.81
0.1,,,,,342.81
0.104,,,,,342.81
0.108,,,,,342.81
0.112,,,,,342.81
0.116,,,,,342.81
0.12,,,,,342.81
0.124,,,,,342.81
0.128,,,,,342.81
0.132,,,,,342.81
0.136,,,,,342.81
0.14,,,,,342.81
0.144,,,,,342.81
0.148,,,,,342.81
0.152,,,,,342.81
0.156,,,,,342.81
0.16,,,,,342.81
0.164,,,,,342.81
0.168,,,,,342.81
0.172,,,,,342.81
0.176,,,,,342.81
0.18,,,,,342.81
0.184,,,,,342.81
0.188,,,,,342.81
0.192,,,,,342.81
0.196,,,,,342.81
0.2,,,,,342.81
0.204,,,,,342.81
0.208,,,,,342.81
0.212,,,,,342.81
0.216,,,,,342.81
0.22,,,,,342.81
0.224,,,,,342.81
0.228,,,,,342.81
0.232,,,,,342.81
0.236,,,,,342.81
0.24,,,,,342.81
0.244,,,,,342.81
0.248,,,,,342.81
0.252,,,,,342.81
0.256,,,,,342.81
0.26,,,,,342.81
0.264,,,,,342.81
0.268,,,,,342.81
0.272,,,,,342.81
0.276,,,,,342.81
0.28,,,,,342.81
0.284,,,,,342.81
0.288,,,,,342.81
0.292,,,,,342.81
0.296,,,,,342.81
0.3,,,,,342.81
0.304,,,,,342.81
0.308,,,,,342.81
0.312,,,,,342.81
0.316,,,,,342.81
0.32,,,,,342.81
0.324,,,,,342.81
0.328,,,,,342.81
0.332,,,,,342.81
0.336,,,,,342.81
0.34,,,,,342.81
0.344,,,,,342.81
0.348,,,,,342.81
0.352,,,,,342.81
0.356,,,,,342.81
0.36,,,,,342.81
0.364,,,,,342.81
0.368,,,,,342.81
0.372,,,,,342.81
0.376,,,,,342.81
0.38,,,,,342.81
0.384,,,,,342.81
0.388,,,,,342.81
0.392,,,,,342.81
0.396,,,,,342.81
0.4,,,,,342.81
0.404,,,,,342.81
0.408,,,,,342.81
0.412,,,,,342.81
0.416,,,,,342.81
0.42,,,,,342.81
0.424,,,,,342.81
0.428,,,,,342.81
0.432,,,,,342.81
0.436,,,,,342.81
0.44,,,,,342.81
0.444,,,,,342.81
0.448,,,,,342.81
0.452,,,,,342.81
0.456,,,,,342.81
0.46,,,,,342.81
0.464,,,,,342.81
0.468,,,,,342.81
0.472,,,,,342.81
0.476,,,,,342.81
0.48,,,,,342.81
0.484,,,,,342.81
0.488,,,,,342.81
0.492,,,,,342.81
0.496,,,,,342.81
0.5,,,,,342.81
0.504,,,,,342.81
0.508,,,,,342.81
0.512,,,,,342.81
0.516,,,,,342.81
0.52,,,,,342.81
0.524,,,,,342.81
0.528,,,,,342.81
0.532,,,,,342.81
0.536,,,,,342.81
0.54,,,,,342.81
0.544,,,,,342.81
0.548,,,,,342.81
0.552,,,,,342.81
0.556,,,,,342.81
0.56,,,,,342.81
0.564,,,,,342.81
0.568,,,,,342.81
0.572,,,,,342.81
0.576,,,,,342.81
0.58,,,,,342.81
0.584,,,,,342.81
0.588,,,,,342.81
0.592,,,,,342.81
0.596,,,,,342.81
0.6,,,,,342.81
0.604,,,,,342.81
0.608,,,,,342.81
0.612,,,,,342.81
0.616,,,,,342.81
0.62,,,,,342.81
0.624,,,,,342.81
0.628,,,,,342.81
0.632,,,,,342.81
0.636,,,,,342.81
0.64,,,,,342.81
0.644,,,,,342.81
0.648,,,,,342.81
0.652,,,,,342.81
0.656,,,,,342.81
0.66,,,,,342.81
0.664,,,,,342.81
0.668,,,,,342.81
0.672,,,,,342.81
0.676,,,,,342.81
0.68,,,,,342.81
0.684,,,,,342.81
0.688,,,,,342.81
0.692,,,,,342.81
0.696,,,,,342.81
0.7,,,,,342.81
0.704,,,,,342.81
0.708,,,,,342.81
0.712,,,,,342.81
0.716,,,,,342.81
0.72,,,,,342.81
0.724,,,,,342.81
0.728,,,,,342.81
0.732,,,,,342.81
0.736,,,,,342.81
0.74,,,,,342.81
0.744,,,,,342.81
0.748,,,,,342.81
0.752,,,,,342.81
0.756,,,,,342.81
0.76,,,,,342.81
0.764,,,,,342.81
0.768,,,,,342.81
0.772,,,,,342.81
0.776,,,,,342.81
0.78,,,,,342.81
0.784,,,,,342.81
0.788,,,,,342.81
0.792,,,,,342.81
0.796,,,,,342.81
0.8,,,,,342.81
0.804,,,,,342.81
0.808,,,,,342.81
0.812,,,,,342.81
0.816,,,,,342.81
0.82,,,,,342.81
0.824,,,,,342.81
0.828,,,,,342.81
0.832,,,,,342.81
0.836,,,,,342.81
0.84,,,,,342.81
0.844,,,,,342.81
0.848,,,,,342.81
0.852,,,,,342.81
0.856,,,,,342.81
0.86,,,,,342.81
0.864,,,,,342.81
0.868,,,,,342.81
0.872,,,,,342.81
0.876,,,,,342.81
0.88,,,,,342.81
0.884,,,,,342.81
0.888,,,,,342.81
0.892,,,,,342.81
0.896,,,,,342.81
0.9,,,,,342.81
0.904,,,,,342.81
0.908,,,,,342.81
0.912,,,,,342.81
0.916,,,,,342.81
0.92,,,,,342.81
0.924,,,,,342.81
0.928,,,,,342.81
0.932,,,,,342.81
0.936,,,,,342.81
0.94,,,,,342.81
0.944,,,,,342.81
0.948,,,,,342.81
0.952,,,,,342.81
0.956,,,,,342.81
0.96,,,,,342.81
0.964,,,,,342.81
0.968,,,,,342.81
0.972,,,,,342.81
0.976,,,,,342.81
0.98,,,,,342.81
0.984,,,,,342.81
0.988,,,,,342.81
0.992,,,,,342.81
0.996,,,,,342.81
1.0,,,,,342.81
1.004,,,,,342.81
1.008,,,,,342.81
1.012,,,,,342.81
1.016,,,,,342.81
1.02,,,,,342.81
1.024,,,,,342.81
1.028,,,,,342.81
1.032,,,,,342.81
1.036,,,,,342.81
1.04,,,,,342.81
1.044,,,,,342.81
1.048,,,,,342.81
1.052,,,,,342.81
1.056,,,,,342.81
1.06,,,,,342.81
1.064,,,,,342.81
1.068,,,,,342.81
1.072,,,,,342.81
1.076,,,,,342.81
1.08,,,,,342.81
1.084,,,,,342.81
1.088,,,,,342.81
1.092,,,,,342.81
1.096,,,,,342.81
1.1,,,,,342.81
1.104,,,,,342.81
1.108,,,,,342.81
1.112,,,,,342.81
1.116,,,,,342.81
1.12,,,,,342.81
1.124,,,,,342.81
1.128,,,,,342.81
1.132,,,,,342.81
1.136,,,,,342.81
1.14,,,,,342.81
1.144,,,,,342.81
1.148,,,,,342.81
1.152,,,,,342.81
1.156,,,,,342.81
1.16,,,,,342.81
1.164,,,,,342.81
1.168,,,,,342.81
1.172,,,,,342.81
1.176,,,,,342.81
1.18,,,,,342.81
1.184,,,,,342.81
1.188,,,,,342.81
1.192,,,,,342.81
1.196,,,,,342.81
1.2,,,,,342.81
1.204,,,,,342.81
1.208,,,,,342.81
1.212,,,,,342.81
1.216,,,,,342.81
1.22,,,,,342.81
1.224,,,,,342.81
1.228,,,,,342.81
1.232,,,,,342.81
1.236,,,,,342.81
1.24,,,,,342.81
1.244,,,,,342.81
1.248,,,,,342.81
1.252,,,,,342.81
1.256,,,,,342.81
1.26,,,,,342.81
1.264,,,,,342.81
1.268,,,,,342.81
1.272,,,,,342.81
1.276,,,,,342.81
1.28,,,,,342.81
1.284,,,,,342.81
1.288,,,,,342.81
1.292,,,,,342.81
1.296,,,,,342.81
1.3,,,,,342.81
1.304,,,,,342.81
1.308,,,,,342.81
1.312,,,,,342.81
1.316,,,,,342.81
1.32,,,,,342.81
1.324,,,,,342.81
1.328,,,,,342.81
1.332,,,,,342.81
1.336,,,,,342.81
1.34,,,,,342.81
1.344,,,,,342.81
1.348,,,,,342.81
1.352,,,,,342.81
1.356,,,,,342.81
1.36,,,,,342.81
1.364,,,,,342.81
1.368,,,,,342.81
1.372,,,,,342.81
1.376,,,,,342.81
1.38,,,,,342.81
1.384,,,,,342.81
1.388,,,,,342.81
1.392,,,,,342.81
1.396,,,,,342.81
1.4,,,,,342.81
1.404,,,,,342.81
1.408,,,,,342.81
1.412,,,,,342.81
1.416,,,,,342.81
1.42,,,,,342.81
1.424,,,,,342.81
1.428,,,,,342.81
1.432,,,,,342.81
1.436,,,,,342.81
1.44,,,,,342.81
1.444,,,,,342.81
1.448,,,,,342.81
1.452,,,,,342.81
1.456,,,,,342.81
1.46,,,,,342.81
1.464,,,,,342.81
1.468,,,,,342.81
1.472,,,,,342.81
1.476,,,,,342.81
1.48,,,,,342.81
1.484,,,,,342.81
1.488,,,,,342.81
1.492,,,,,342.81
1.496,,,,,342.81
1.5,,,,,342.81
1.504,,,,,342.81
1.508,,,,,342.81
1.512,,,,,342.81
1.516,,,,,342.81
1.52,,,,,342.81
1.524,,,,,342.81
1.528,,,,,342.81
1.532,,,,,342.81
1.536,,,,,342.81
1.54,,,,,342.81
1.544,,,,,342.81
1.548,,,,,342.81
1.552,,,,,342.81
1.556,,,,,342.81
1.56,,,,,342.81
1.564,,,,,342.81
1.568,,,,,342.81
1.572,,,,,342.81
1.576,,,,,342.81
1.58,,,,,342.81
1.584,,,,,342.81
1.588,,,,,342.81
1.592,,,,,342.81
1.596,,,,,342.81
1.6,,,,,342.81
1.604,,,,,342.81
1.608,,,,,342.81
1.612,,,,,342.81
1.616,,,,,342.81
1.62,,,,,342.81
1.624,,,,,342.81
1.628,,,,,342.81
1.632,,,,,342.81
1.636,,,,,342.81
1.64,,,,,342.81
1.644,,,,,342.81
1.648,,,,,342.81
1.652,,,,,342.81
1.656,,,,,342.81
1.66,,,,,342.81
1.664,,,,,342.81
1.668,,,,,342.81
1.672,,,,,342.81
1.676,,,,,342.81
1.68,,,,,342.81
1.684,,,,,342.81
1.688,,,,,342.81
1.692,,,,,342.81
1.696,,,,,342.81
1.7,,,,,342.81
1.704,,,,,342.81
1.708,,,,,342.81
1.712,,,,,342.81
1.716,,,,,342.81
1.72,,,,,342.81
1.724,,,,,342.81
1.728,,,,,342.81
1.732,,,,,342.81
1.736,,,,,342.81
1.74,,,,,342.81
1.744,,,,,342.81
1.748,,,,,342.81
1.752,,,,,342.81
1.756,,,,,342.81
1.76,,,,,342.81
1.764,,,,,342.81
1.768,,,,,342.81
1.772,,,,,342.81
1.776,,,,,342.81
1.78,,,,,342.81
1.784,,,,,342.81
1.788,,,,,342.81
1.792,,,,,342.81
1.796,,,,,342.81
1.8,,,,,342.81
1.804,,,,,342.81
1.808,,,,,342.81
1.812,,,,,342.81
1.816,,,,,342.81
1.82,,,,,342.81
1.824,,,,,342.81
1.828,,,,,342.81
1.832,,,,,342.81
1.836,,,,,342.81
1.84,,,,,342.81
1.844,,,,,342.81
1.848,,,,,342.81
1.852,,,,,342.81
1.856,,,,,342.81
1.86,,,,,342.81
1.864,,,,,342.81
1.868,,,,,342.81
1.872,,,,,342.81
1.876,,,,,342.81
1.88,,,,,342.81
1.884,,,,,342.81
1.888,,,,,342.81
1.892,,,,,342.81
1.896,,,,,342.81
1.9,,,,,342.81
1.904,,,,,342.81
1.908,,,,,342.81
1.912,,,,,342.81
1.916,,,,,342.81
1.92,,,,,342.81
1.924,,,,,342.81
1.928,,,,,342.81
1.932,,,,,342.81
1.936,,,,,342.81
1.94,,,,,342.81
1.944,,,,,342.81
1.948,,,,,342.81
1.952,,,,,342.81
1.956,,,,,342.81
1.96,,,,,342.81
1.964,,,,,342.81
1.968,,,,,342.81
1.972,,,,,342.81
1.976,,,,,342.81
1.98,,,,,342.81
1.984,,,,,342.81
1.988,,,,,342.81
1.992,,,,,342.81
1.996,,,,,342.81
2.0,,,,,342.81
2.004,,,,,342.81
2.008,,,,,342.81
2.012,,,,,342.81
2.016,,,,,342.81
2.02,,,,,342.81
2.024,,,,,342.81
2.028,,,,,342.81
2.032,,,,,342.81
2.036,,,,,342.81
2.04,,,,,342.81
2.044,,,,,342.81
2.048,,,,,342.81
2.052,,,,,342.81
2.056,,,,,342.81
2.06,,,,,342.81
2.064,,,,,342.81
2.068,,,,,342.81
2.072,,,,,342.81
2.076,,,,,342.81
2.08,,,,,342.81
2.084,,,,,342.81
2.088,,,,,342.81
2.092,,,,,342.81
2.096,,,,,342.81
2.1,,,,,342.81
2.104,,,,,342.81
2.108,,,,,342.81
2.112,,,,,342.81
2.116,,,,,342.81
2.12,,,,,342.81
2.124,,,,,342.81
2.128,,,,,342.81
2.132,,,,,342.81
2.136,,,,,342.81
2.14,,,,,342.81
2.144,,,,,342.81
2.148,,,,,342.81
2.152,,,,,342.81
2.156,,,,,342.81
2.16,,,,,342.81
2.164,,,,,342.81
2.168,,,,,342.81
2.172,,,,,342.81
2.176,,,,,342.81
2.18,,,,,342.81
2.184,,,,,342.81
2.188,,,,,342.81
2.192,,,,,342.81
2.196,,,,,342.81
2.2,,,,,342.81
2.204,,,,,342.81
2.208,,,,,342.81
2.212,,,,,342.81
2.216,,,,,342.81
2.22,,,,,342.81
2.224,,,,,342.81
2.228,,,,,342.81
2.232,,,,,342.81
2.236,,,,,342.81
2.24,,,,,342.81
2.244,,,,,342.81
2.248,,,,,342.81
2.252,,,,,342.81
2.256,,,,,342.81
2.26,,,,,342.81
2.264,,,,,342.81
2.268,,,,,342.81
2.272,,,,,342.81
2.276,,,,,342.81
2.28,,,,,342.81
2.284,,,,,342.81
2.288,,,,,342.81
2.292,,,,,342.81
2.296,,,,,342.81
2.3,,,,,342.81
2.304,,,,,342.81
2.308,,,,,342.81
2.312,,,,,342.81
2.316,,,,,342.81
2.32,,,,,342.81
2.324,,,,,342.81
2.328,,,,,342.81
2.332,,,,,342.81
2.336,,,,,342.81
2.34,,,,,342.81
2.344,,,,,342.81
2.348,,,,,342.81
2.352,,,,,342.81
2.356,,,,,342.81
2.36,,,,,342.81
2.364,,,,,342.81
2.368,,,,,342.81
2.372,,,,,342.81
2.376,,,,,342.81
2.38,,,,,342.81
2.384,,,,,342.81
2.388,,,,,342.81
2.392,,,,,342.81
2.396,,,,,342.81
2.4,,,,,342.81
2.404,,,,,342.81
2.408,,,,,342.81
2.412,,,,,342.81
2.416,,,,,342.81
2.42,,,,,342.81
2.424,,,,,342.81
2.428,,,,,342.81
2.432,,,,,342.81
2.436,,,,,342.81
2.44,,,,,342.81
2.444,,,,,342.81
2.448,,,,,342.81
2.452,,,,,342.81
2.456,,,,,342.81
2.46,,,,,342.81
2.464,,,,,342.81
2.468,,,,,342.81
2.472,,,,,342.81
2.476,,,,,342.81
2.48,,,,,342.81
2.484,,,,,342.81
2.488,,,,,342.81
2.492,,,,,342.81
2.496,,,,,342.81
2.5,,,,,342.81
2.504,,,,,342.81
2.508,,,,,342.81
2.512,,,,,342.81
2.516,,,,,342.81
2.52,,,,,342.81
2.524,,,,,342.81
2.528,,,,,342.81
2.532,,,,,342.81
2.536,,,,,342.81
2.54,,,,,342.81
2.544,,,,,342.81
2.548,,,,,342.81
2.552,,,,,342.81
2.556,,,,,342.81
2.56,,,,,342.81
2.564,,,,,342.81
2.568,,,,,342.81
2.572,,,,,342.81
2.576,,,,,342.81
2.58,,,,,342.81
2.584,,,,,342.81
2.588,,,,,342.81
2.592,,,,,342.81
2.596,,,,,342.81
2.6,,,,,342.81
2.604,,,,,342.81
2.608,,,,,342.81
2.612,,,,,342.81
2.616,,,,,342.81
2.62,,,,,342.81
2.624,,,,,342.81
2.628,,,,,342.81
2.632,,,,,342.81
2.636,,,,,342.81
2.64,,,,,342.81
2.644,,,,,342.81
2.648,,,,,342.81
2.652,,,,,342.81
2.656,,,,,342.81
2.66,,,,,342.81
2.664,,,,,342.81
2.668,,,,,342.81
2.672,,,,,342.81
2.676,,,,,342.81
2.68,,,,,342.81
2.684,,,,,342.81
2.688,,,,,342.81
2.692,,,,,342.81
2.696,,,,,342.81
2.7,,,,,342.81
2.704,,,,,342.81
2.708,,,,,342.81
2.712,,,,,342.81
2.716,,,,,342.81
2.72,,,,,342.81
2.724,,,,,342.81
2.728,,,,,342.81
2.732,,,,,342.81
2.736,,,,,342.81
2.74,,,,,342.81
2.744,,,,,342.81
2.748,,,,,342.81
2.752,,,,,342.81
2.756,,,,,342.81
2.76,,,,,342.81
2.764,,,,,342.81
2.768,,,,,342.81
2.772,,,,,342.81
2.776,,,,,342.81
2.78,,,,,342.81
2.784,,,,,342.81
2.788,,,,,342.81
2.792,,,,,342.81
2.796,,,,,342.81
2.8,,,,,342.81
2.804,,,,,342.81
2.808,,,,,342.81
2.812,,,,,342.81
2.816,,,,,342.81
2.82,,,,,342.81
2.824,,,,,342.81
2.828,,,,,342.81
2.832,,,,,342.81
2.836,,,,,342.81
2.84,,,,,342.81
2.844,,,,,342.81
2.848,,,,,342.81
2.852,,,,,342.81
2.856,,,,,342.81
2.86,,,,,342.81
2.864,,,,,342.81
2.868,,,,,342.81
2.872,,,,,342.81
2.876,,,,,342.81
2.88,,,,,342.81
2.884,,,,,342.81
2.888,,,,,342.81
2.892,,,,,342.81
2.896,,,,,342.81
2.9,,,,,342.81
2.904,,,,,342.81
2.908,,,,,342.81
2.912,,,,,342.81
2.916,,,,,342.81
2.92,,,,,342.81
2.924,,,,,342.81
2.928,,,,,342.81
2.932,,,,,342.81
2.936,,,,,342.81
2.94,,,,,342.81
2.944,,,,,342.81
2.948,,,,,342.81
2.952,,,,,342.81
2.956,,,,,342.81
2.96,,,,,342.81
2.964,,,,,342.81
2.968,,,,,342.81
2.972,,,,,342.81
2.976,,,,,342.81
2.98,,,,,342.81
2.984,,,,,342.81
2.988,,,,,342.81
2.992,,,,,342.81
2.996,,,,,342.81
3.0,,,,,342.81
3.004,,,,,342.81
3.008,,,,,342.81
3.012,,,,,342.81
3.016,,,,,342.81
3.02,,,,,342.81
3.024,,,,,342.81
3.028,,,,,342.81
3.032,,,,,342.81
3.036,,,,,342.81
3.04,,,,,342.81
3.044,,,,,342.81
3.048,,,,,342.81
3.052,,,,,342.81
3.056,,,,,342.81
3.06,,,,,342.81
3.064,,,,,342.81
3.068,,,,,342.81
3.072,,,,,342.81
3.076,,,,,342.81
3.08,,,,,342.81
3.084,,,,,342.81
3.088,,,,,342.81
3.092,,,,,342.81
3.096,,,,,342.81
3.1,,,,,342.81
3.104,,,,,342.81
3.108,,,,,342.81
3.112,,,,,342.81
3.116,,,,,342.81
3.12,,,,,342.81
3.124,,,,,342.81
3.128,,,,,342.81
3.132,,,,,342.81
3.136,,,,,342.81
3.14,,,,,342.81
3.144,,,,,342.81
3.148,,,,,342.81
3.152,,,,,342.81
3.156,,,,,342.81
3.16,,,,,342.81
3.164,,,,,342.81
3.168,,,,,342.81
3.172,,,,,342.81
3.176,,,,,342.81
3.18,,,,,342.81
3.184,,,,,342.81
3.188,,,,,342.81
3.192,,,,,342.81
3.196,,,,,342.81
3.2,,,,,342.81
3.204,,,,,342.81
3.208,,,,,342.81
3.212,,,,,342.81
3.216,,,,,342.81
3.22,,,,,342.81
3.224,,,,,342.81
3.228,,,,,342.81
3.232,,,,,342.81
3.236,,,,,342.81
3.24,,,,,342.81
3.244,,,,,342.81
3.248,,,,,342.81
3.252,,,,,342.81
3.256,,,,,342.81
3.26,,,,,342.81
3.264,,,,,342.81
3.268,,,,,342.81
3.272,,,,,342.81
3.276,,,,,342.81
3.28,,,,,342.81
3.284,,,,,342.81
3.288,,,,,342.81
3.292,,,,,342.81
3.296,,,,,342.81
3.3,,,,,342.81
3.304,,,,,342.81
3.308,,,,,342.81
3.312,,,,,342.81
3.316,,,,,342.81
3.32,,,,,342.81
3.324,,,,,342.81
3.328,,,,,342.81
3.332,,,,,342.81
3.336,,,,,342.81
3.34,,,,,342.81
3.344,,,,,342.81
3.348,,,,,342.81
3.352,,,,,342.81
3.356,,,,,342.81
3.36,,,,,342.81
3.364,,,,,342.81
3.368,,,,,342.81
3.372,,,,,342.81
3.376,,,,,342.81
3.38,,,,,342.81
3.384,,,,,342.81
3.388,,,,,342.81
3.392,,,,,342.81
3.396,,,,,342.81
3.4,,,,,342.81
3.404,,,,,342.81
3.408,,,,,342.81
3.412,,,,,342.81
3.416,,,,,342.81
3.42,,,,,342.81
3.424,,,,,342.81
3.428,,,,,342.81
3.432,,,,,342.81
3.436,,,,,342.81
3.44,,,,,342.81
3.444,,,,,342.81
3.448,,,,,342.81
3.452,,,,,342.81
3.456,,,,,342.81
3.46,,,,,342.81
3.464,,,,,342.81
3.468,,,,,342.81
3.472,,,,,342.81
3.476,,,,,342.81
3.48,,,,,342.81
3.484,,,,,342.81
3.488,,,,,342.81
3.492,,,,,342.81
3.496,,,,,342.81
3.5,,,,,342.81
3.504,,,,,342.81
3.508,,,,,342.81
3.512,,,,,342.81
3.516,,,,,342.81
3.52,,,,,342.81
3.524,,,,,342.81
3.528,,,,,342.81
3.532,,,,,342.81
3.536,,,,,342.81
3.54,,,,,342.81
3.544,,,,,342.81
3.548,,,,,342.81
3.552,,,,,342.81
3.556,,,,,342.81
3.56,,,,,342.81
3.564,,,,,342.81
3.568,,,,,342.81
3.572,,,,,342.81
3.576,,,,,342.81
3.58,,,,,342.81
3.584,,,,,342.81
3.588,,,,,342.81
3.592,,,,,342.81
3.596,,,,,342.81
3.6,,,,,342.81
3.604,,,,,342.81
3.608,,,,,342.81
3.612,,,,,342.81
3.616,,,,,342.81
3.62,,,,,342.81
3.624,,,,,342.81
3.628,,,,,342.81
3.632,,,,,342.81
3.636,,,,,342.81
3.64,,,,,342.81
3.644,,,,,342.81
3.648,,,,,342.81
3.652,,,,,342.81
3.656,,,,,342.81
3.66,,,,,342.81
3.664,,,,,342.81
3.668,,,,,342.81
3.672,,,,,342.81
3.676,,,,,342.81
3.68,,,,,342.81
3.684,,,,,342.81
3.688,,,,,342.81
3.692,,,,,342.81
3.696,,,,,342.81
3.7,,,,,342.81
3.704,,,,,342.81
3.708,,,,,342.81
3.712,,,,,342.81
3.716,,,,,342.81
3.72,,,,,342.81
3.724,,,,,342.81
3.728,,,,,342.81
3.732,,,,,342.81
3.736,,,,,342.81
3.74,,,,,342.81
3.744,,,,,342.81
3.748,,,,,342.81
3.752,,,,,342.81
3.756,,,,,342.81
3.76,,,,,342.81
3.764,,,,,342.81
3.768,,,,,342.81
3.772,,,,,342.81
3.776,,,,,342.81
3.78,,,,,342.81
3.784,,,,,342.81
3.788,,,,,342.81
3.792,,,,,342.81
3.796,,,,,342.81
3.8,,,,,342.81
3.804,,,,,342.81
3.808,,,,,342.81
3.812,,,,,342.81
3.816,,,,,342.81
3.82,,,,,342.81
3.824,,,,,342.81
3.828,,,,,342.81
3.832,,,,,342.81
3.836,,,,,342.81
3.84,,,,,342.81
3.844,,,,,342.81
3.848,,,,,342.81
3.852,,,,,342.81
3.856,,,,,342.81
3.86,,,,,342.81
3.864,,,,,342.81
3.868,,,,,342.81
3.872,,,,,342.81
3.876,,,,,342.81
3.88,,,,,342.81
3.884,,,,,342.81
3.888,,,,,342.81
3.892,,,,,342.81
3.896,,,,,342.81
3.9,,,,,342.81
3.904,,,,,342.81
3.908,,,,,342.81
3.912,,,,,342.81
3.916,,,,,342.81
3.92,,,,,342.81
3.924,,,,,342.81
3.928,,,,,342.81
3.932,,,,,342.81
3.936,,,,,342.81
3.94,,,,,342.81
3.944,,,,,342.81
3.948,,,,,342.81
3.952,,,,,342.81
3.956,,,,,342.81
3.96,,,,,342.81
3.964,,,,,342.81
3.968,,,,,342.81
3.972,,,,,342.81
3.976,,,,,342.81
3.98,,,,,342.81
3.984,,,,,342.81
3.988,,,,,342.81
3.992,,,,,342.81
3.996,,,,,342.81
4.0,,,,,342.81
4.004,,,,,342.81
4.008,,,,,342.81
4.012,,,,,342.81
4.016,,,,,342.81
4.02,,,,,342.81
4.024,,,,,342.81
4.028,,,,,342.81
4.032,,,,,342.81
4.036,,,,,342.81
4.04,,,,,342.81
4.044,,,,,342.81
4.048,,,,,342.81
4.052,,,,,342.81
4.056,,,,,342.81
4.06,,,,,342.81
4.064,,,,,342.81
4.068,,,,,342.81
4.072,,,,,342.81
4.076,,,,,342.81
4.08,,,,,342.81
4.084,,,,,342.81
4.088,,,,,342.81
4.092,,,,,342.81
4.096,,,,,342.81
4.1,,,,,342.81
4.104,,,,,342.81
4.108,,,,,342.81
4.112,,,,,342.81
4.116,,,,,342.81
4.12,,,,,342.81
4.124,,,,,342.81
4.128,,,,,342.81
4.132,,,,,342.81
4.136,,,,,342.81
4.14,,,,,342.81
4.144,,,,,342.81
4.148,,,,,342.81
4.152,,,,,342.81
4.156,,,,,342.81
4.16,,,,,342.81
4.164,,,,,342.81
4.168,,,,,342.81
4.172,,,,,342.81
4.176,,,,,342.81
4.18,,,,,342.81
4.184,,,,,342.81
4.188,,,,,342.81
4.192,,,,,342.81
4.196,,,,,342.81
4.2,,,,,342.81
4.204,,,,,342.81
4.208,,,,,342.81
4.212,,,,,342.81
4.216,,,,,342.81
4.22,,,,,342.81
4.224,,,,,342.81
4.228,,,,,342.81
4.232,,,,,342.81
4.236,,,,,342.81
4.24,,,,,342.81
4.244,,,,,342.81
4.248,,,,,342.81
4.252,,,,,342.81
4.256,,,,,342.81
4.26,,,,,342.81
4.264,,,,,342.81
4.268,,,,,342.81
4.272,,,,,342.81
4.276,,,,,342.81
4.28,,,,,342.81
4.284,,,,,342.81
4.288,,,,,342.81
4.292,,,,,342.81
4.296,,,,,342.81
4.3,,,,,342.81
4.304,,,,,342.81
4.308,,,,,342.81
4.312,,,,,342.81
4.316,,,,,342.81
4.32,,,,,342.81
4.324,,,,,342.81
4.328,,,,,342.81
4.332,,,,,342.81
4.336,,,,,342.81
4.34,,,,,342.81
4.344,,,,,342.81
4.348,,,,,342.81
4.352,,,,,342.81
4.356,,,,,342.81
4.36,,,,,342.81
4.364,,,,,342.81
4.368,,,,,342.81
4.372,,,,,342.81
4.376,,,,,342.81
4.38,,,,,342.81
4.384,,,,,342.81
4.388,,,,,342.81
4.392,,,,,342.81
4.396,,,,,342.81
4.4,,,,,342.81
4.404,,,,,342.81
4.408,,,,,342.81
4.412,,,,,342.81
4.416,,,,,342.81
4.42,,,,,342.81
4.424,,,,,342.81
4.428,,,,,342.81
4.432,,,,,342.81
4.436,,,,,342.81
4.44,,,,,342.81
4.444,,,,,342.81
4.448,,,,,342.81
4.452,,,,,342.81
4.456,,,,,342.81
4.46,,,,,342.81
4.464,,,,,342.81
4.468,,,,,342.81
4.472,,,,,342.81
4.476,,,,,342.81
4.48,,,,,342.81
4.484,,,,,342.81
4.488,,,,,342.81
4.492,,,,,342.81
4.496,,,,,342.81
4.5,,,,,342.81
4.504,,,,,342.81
4.508,,,,,342.81
4.512,,,,,342.81
4.516,,,,,342.81
4.52,,,,,342.81
4.524,,,,,342.81
4.528,,,,,342.81
4.532,,,,,342.81
4.536,,,,,342.81
4.54,,,,,342.81
4.544,,,,,342.81
4.548,,,,,342.81
4.552,,,,,342.81
4.556,,,,,342.81
4.56,,,,,342.81
4.564,,,,,342.81
4.568,,,,,342.81
4.572,,,,,342.81
4.576,,,,,342.81
4.58,,,,,342.81
4.584,,,,,342.81
4.588,,,,,342.81
4.592,,,,,342.81
4.596,,,,,342.81
4.6,,,,,342.81
4.604,,,,,342.81
4.608,,,,,342.81
4.612,,,,,342.81
4.616,,,,,342.81
4.62,,,,,342.81
4.624,,,,,342.81
4.628,,,,,342.81
4.632,,,,,342.81
4.636,,,,,342.81
4.64,,,,,342.81
4.644,,,,,342.81
4.648,,,,,342.81
4.652,,,,,342.81
4.656,,,,,342.81
4.66,,,,,342.81
4.664,,,,,342.81
4.668,,,,,342.81
4.672,,,,,342.81
4.676,,,,,342.81
4.68,,,,,342.81
4.684,,,,,342.81
4.688,,,,,342.81
4.692,,,,,342.81
4.696,,,,,342.81
4.7,,,,,342.81
4.704,,,,,342.81
4.708,,,,,342.81
4.712,,,,,342.81
4.716,,,,,342.81
4.72,,,,,342.81
4.724,,,,,342.81
4.728,,,,,342.81
4.732,,,,,342.81
4.736,,,,,342.81
4.74,,,,,342.81
4.744,,,,,342.81
4.748,,,,,342.81
4.752,,,,,342.81
4.756,,,,,342.81
4.76,,,,,342.81
4.764,,,,,342.81
4.768,,,,,342.81
4.772,,,,,342.81
4.776,,,,,342.81
4.78,,,,,342.81
4.784,,,,,342.81
4.788,,,,,342.81
4.792,,,,,342.81
4.796,,,,,342.81
4.8,,,,,342.81
4.804,,,,,342.81
4.808,,,,,342.81
4.812,,,,,342.81
4.816,,,,,342.81
4.82,,,,,342.81
4.824,,,,,342.81
4.828,,,,,342.81
4.832,,,,,342.81
4.836,,,,,342.81
4.84,,,,,342.81
4.844,,,,,342.81
4.848,,,,,342.81
4.852,,,,,342.81
4.856,,,,,342.81
4.86,,,,,342.81
4.864,,,,,342.81
4.868,,,,,342.81
4.872,,,,,342.81
4.876,,,,,342.81
4.88,,,,,342.81
4.884,,,,,342.81
4.888,,,,,342.81
4.892,,,,,342.81
4.896,,,,,342.81
4.9,,,,,342.81
4.904,,,,,342.81
4.908,,,,,342.81
4.912,,,,,342.81
4.916,,,,,342.81
4.92,,,,,342.81
4.924,,,,,342.81
4.928,,,,,342.81
4.932,,,,,342.81
4.936,,,,,342.81
4.94,,,,,342.81
4.944,,,,,342.81
4.948,,,,,342.81
4.952,,,,,342.81
4.956,,,,,342.81
4.96,,,,,342.81
4.964,,,,,342.81
4.968,,,,,342.81
4.972,,,,,342.81
4.976,,,,,342.81
4.98,,,,,342.81
4.984,,,,,342.81
4.988,,,,,342.81
4.992,,,,,342.81
4.996,,,,,342.81
5.0,,,,,342.81
5.004,,,,,342.81
5.008,,,,,342.81
5.012,,,,,342.81
5.016,,,,,342.81
5.02,,,,,342.81
5.024,,,,,342.81
5.028,,,,,342.81
5.032,,,,,342.81
5.036,,,,,342.81
5.04,,,,,342.81
5.044,,,,,342.81
5.048,,,,,342.81
5.052,,,,,342.81
5.056,,,,,342.81
5.06,,,,,342.81
5.064,,,,,342.81
5.068,,,,,342.81
5.072,,,,,342.81
5.076,,,,,342.81
5.08,,,,,342.81
5.084,,,,,342.81
5.088,,,,,342.81
5.092,,,,,342.81
5.096,,,,,342.81
5.1,,,,,342.81
5.104,,,,,342.81
5.108,,,,,342.81
5.112,,,,,342.81
5.116,,,,,342.81
5.12,,,,,342.81
5.124,,,,,342.81
5.128,,,,,342.81
5.132,,,,,342.81
5.136,,,,,342.81
5.14,,,,,342.81
5.144,,,,,342.81
5.148,,,,,342.81
5.152,,,,,342.81
5.156,,,,,342.81
5.16,,,,,342.81
5.164,,,,,342.81
5.168,,,,,342.81
5.172,,,,,342.81
5.176,,,,,342.81
5.18,,,,,342.81
5.184,,,,,342.81
5.188,,,,,342.81
5.192,,,,,342.81
5.196,,,,,342.81
5.2,,,,,342.81
5.204,,,,,342.81
5.208,,,,,342.81
5.212,,,,,342.81
5.216,,,,,342.81
5.22,,,,,342.81
5.224,,,,,342.81
5.228,,,,,342.81
5.232,,,,,342.81
5.236,,,,,342.81
5.24,,,,,342.81
5.244,,,,,342.81
5.248,,,,,342.81
5.252,,,,,342.81
5.256,,,,,342.81
5.26,,,,,342.81
5.264,,,,,342.81
5.268,,,,,342.81
5.272,,,,,342.81
5.276,,,,,342.81
5.28,,,,,342.81
5.284,,,,,342.81
5.288,,,,,342.81
5.292,,,,,342.81
5.296,,,,,342.81
5.3,,,,,342.81
5.304,,,,,342.81
5.308,,,,,342.81
5.312,,,,,342.81
5.316,,,,,342.81
5.32,,,,,342.81
5.324,,,,,342.81
5.328,,,,,342.81
5.332,,,,,342.81
5.336,,,,,342.81
5.34,,,,,342.81
5.344,,,,,342.81
5.348,,,,,342.81
5.352,,,,,342.81
5.356,,,,,342.81
5.36,,,,,342.81
5.364,,,,,342.81
5.368,,,,,342.81
5.372,,,,,342.81
5.376,,,,,342.81
5.38,,,,,342.81
5.384,,,,,342.81
5.388,,,,,342.81
5.392,,,,,342.81
5.396,,,,,342.81
5.4,,,,,342.81
5.404,,,,,342.81
5.408,,,,,342.81
5.412,,,,,342.81
5.416,,,,,342.81
5.42,,,,,342.81
5.424,,,,,342.81
5.428,,,,,342.81
5.432,,,,,342.81
5.436,,,,,342.81
5.44,,,,,342.81
5.444,,,,,342.81
5.448,,,,,342.81
5.452,,,,,342.81
5.456,,,,,342.81
5.46,,,,,342.81
5.464,,,,,342.81
5.468,,,,,342.81
5.472,,,,,342.81
5.476,,,,,342.81
5.48,,,,,342.81
5.484,,,,,342.81
5.488,,,,,342.81
5.492,,,,,342.81
5.496,,,,,342.81
5.5,,,,,342.81
5.504,,,,,342.81
5.508,,,,,342.81
5.512,,,,,342.81
5.516,,,,,342.81
5.52,,,,,342.81
5.524,,,,,342.81
5.528,,,,,342.81
5.532,,,,,342.81
5.536,,,,,342.81
5.54,,,,,342.81
5.544,,,,,342.81
5.548,,,,,342.81
5.552,,,,,342.81
5.556,,,,,342.81
5.56,,,,,342.81
5.564,,,,,342.81
5.568,,,,,342.81
5.572,,,,,342.81
5.576,,,,,342.81
5.58,,,,,342.81
5.584,,,,,342.81
5.588,,,,,342.81
5.592,,,,,342.81
5.596,,,,,342.81
5.6,,,,,342.81
5.604,,,,,342.81
5.608,,,,,342.81
5.612,,,,,342.81
5.616,,,,,342.81
5.62,,,,,342.81
5.624,,,,,342.81
5.628,,,,,342.81
5.632,,,,,342.81
5.636,,,,,342.81
5.64,,,,,342.81
5.644,,,,,342.81
5.648,,,,,342.81
5.652,,,,,342.81
5.656,,,,,342.81
5.66,,,,,342.81
5.664,,,,,342.81
5.668,,,,,342.81
5.672,,,,,342.81
5.676,,,,,342.81
5.68,,,,,342.81
5.684,,,,,342.81
5.688,,,,,342.81
5.692,,,,,342.81
5.696,,,,,342.81
5.7,,,,,342.81
5.704,,,,,342.81
5.708,,,,,342.81
5.712,,,,,342.81
5.716,,,,,342.81
5.72,,,,,342.81
5.724,,,,,342.81
5.728,,,,,342.81
5.732,,,,,342.81
5.736,,,,,342.81
5.74,,,,,342.81
5.744,,,,,342.81
5.748,,,,,342.81
5.752,,,,,342.81
5.756,,,,,342.81
5.76,,,,,342.81
5.764,,,,,342.81
5.768,,,,,342.81
5.772,,,,,342.81
5.776,,,,,342.81
5.78,,,,,342.81
5.784,,,,,342.81
5.788,,,,,342.81
5.792,,,,,342.81
5.796,,,,,342.81
5.8,,,,,342.81
5.804,,,,,342.81
5.808,,,,,342.81
5.812,,,,,342.81
5.816,,,,,342.81
5.82,,,,,342.81
5.824,,,,,342.81
5.828,,,,,342.81
5.832,,,,,342.81
5.836,,,,,342.81
5.84,,,,,342.81
5.844,,,,,342.81
5.848,,,,,342.81
5.852,,,,,342.81
5.856,,,,,342.81
5.86,,,,,342.81
5.864,,,,,342.81
5.868,,,,,342.81
5.872,,,,,342.81
5.876,,,,,342.81
5.88,,,,,342.81
5.884,,,,,342.81
5.888,,,,,342.81
5.892,,,,,342.81
5.896,,,,,342.81
5.9,,,,,342.81
5.904,,,,,342.81
5.908,,,,,342.81
5.912,,,,,342.81
5.916,,,,,342.81
5.92,,,,,342.81
5.924,,,,,342.81
5.928,,,,,342.81
5.932,,,,,342.81
5.936,,,,,342.81
5.94,,,,,342.81
5.944,,,,,342.81
5.948,,,,,342.81
5.952,,,,,342.81
5.956,,,,,342.81
5.96,,,,,342.81
5.964,,,,,342.81
5.968,,,,,342.81
5.972,,,,,342.81
5.976,,,,,342.81
5.98,,,,,342.81
5.984,,,,,342.81
5.988,,,,,342.81
5.992,,,,,342.81
5.996,,,,,342.81
6.0,,,,,342.81
6.004,,,,,342.81
6.008,,,,,342.81
6.012,,,,,342.81
6.016,,,,,342.81
6.02,,,,,342.81
6.024,,,,,342.81
6.028,,,,,342.81
6.032,,,,,342.81
6.036,,,,,342.81
6.04,,,,,342.81
6.044,,,,,342.81
6.048,,,,,342.81
6.052,,,,,342.81
6.056,,,,,342.81
6.06,,,,,342.81
6.064,,,,,342.81
6.068,,,,,342.81
6.072,,,,,342.81
6.076,,,,,342.81
6.08,,,,,342.81
6.084,,,,,342.81
6.088,,,,,342.81
6.092,,,,,342.81
6.096,,,,,342.81
6.1,,,,,342.81
6.104,,,,,342.81
6.108,,,,,342.81
6.112,,,,,342.81
6.116,,,,,342.81
6.12,,,,,342.81
6.124,,,,,342.81
6.128,,,,,342.81
6.132,,,,,342.81
6.136,,,,,342.81
6.14,,,,,342.81
6.144,,,,,342.81
6.148,,,,,342.81
6.152,,,,,342.81
6.156,,,,,342.81
6.16,,,,,342.81
6.164,,,,,342.81
6.168,,,,,342.81
6.172,,,,,342.81
6.176,,,,,342.81
6.18,,,,,342.81
6.184,,,,,342.81
6.188,,,,,342.81
6.192,,,,,342.81
6.196,,,,,342.81
6.2,,,,,342.81
6.204,,,,,342.81
6.208,,,,,342.81
6.212,,,,,342.81
6.216,,,,,342.81
6.22,,,,,342.81
6.224,,,,,342.81
6.228,,,,,342.81
6.232,,,,,342.81
6.236,,,,,342.81
6.24,,,,,342.81
6.244,,,,,342.81
6.248,,,,,342.81
6.252,,,,,342.81
6.256,,,,,342.81
6.26,,,,,342.81
6.264,,,,,342.81
6.268,,,,,342.81
6.272,,,,,342.81
6.276,,,,,342.81
6.28,,,,,342.81
6.284,,,,,342.81
6.288,,,,,342.81
6.292,,,,,342.81
6.296,,,,,342.81
6.3,,,,,342.81
6.304,,,,,342.81
6.308,,,,,342.81
6.312,,,,,342.81
6.316,,,,,342.81
6.32,,,,,342.81
6.324,,,,,342.81
6.328,,,,,342.81
6.332,,,,,342.81
6.336,,,,,342.81
6.34,,,,,342.81
6.344,,,,,342.81
6.348,,,,,342.81
6.352,,,,,342.81
6.356,,,,,342.81
6.36,,,,,342.81
6.364,,,,,342.81
6.368,,,,,342.81
6.372,,,,,342.81
6.376,,,,,342.81
6.38,,,,,342.81
6.384,,,,,342.81
6.388,,,,,342.81
6.392,,,,,342.81
6.396,,,,,342.81
6.4,,,,,342.81
6.404,,,,,342.81
6.408,,,,,342.81
6.412,,,,,342.81
6.416,,,,,342.81
6.42,,,,,342.81
6.424,,,,,342.81
6.428,,,,,342.81
6.432,,,,,342.81
6.436,,,,,342.81
6.44,,,,,342.81
6.444,,,,,342.81
6.448,,,,,342.81
6.452,,,,,342.81
6.456,,,,,342.81
6.46,,,,,342.81
6.464,,,,,342.81
6.468,,,,,342.81
6.472,,,,,342.81
6.476,,,,,342.81
6.48,,,,,342.81
6.484,,,,,342.81
6.488,,,,,342.81
6.492,,,,,342.81
6.496,,,,,342.81
6.5,,,,,342.81
6.504,,,,,342.81
6.508,,,,,342.81
6.512,,,,,342.81
6.516,,,,,342.81
6.52,,,,,342.81
6.524,,,,,342.81
6.528,,,,,342.81
6.532,,,,,342.81
6.536,,,,,342.81
6.54,,,,,342.81
6.544,,,,,342.81
6.548,,,,,342.81
6.552,,,,,342.81
6.556,,,,,342.81
6.56,,,,,342.81
6.564,,,,,342.81
6.568,,,,,342.81
6.572,,,,,342.81
6.576,,,,,342.81
6.58,,,,,342.81
6.584,,,,,342.81
6.588,,,,,342.81
6.592,,,,,342.81
6.596,,,,,342.81
6.6,,,,,342.81
6.604,,,,,342.81
6.608,,,,,342.81
6.612,,,,,342.81
6.616,,,,,342.81
6.62,,,,,342.81
6.624,,,,,342.81
6.628,,,,,342.81
6.632,,,,,342.81
6.636,,,,,342.81
6.64,,,,,342.81
6.644,,,,,342.81
6.648,,,,,342.81
6.652,,,,,342.81
6.656,,,,,342.81
6.66,,,,,342.81
6.664,,,,,342.81
6.668,,,,,342.81
6.672,,,,,342.81
6.676,,,,,342.81
6.68,,,,,342.81
6.684,,,,,342.81
6.688,,,,,342.81
6.692,,,,,342.81
6.696,,,,,342.81
6.7,,,,,342.81
6.704,,,,,342.81
6.708,,,,,342.81
6.712,,,,,342.81
6.716,,,,,342.81
6.72,,,,,342.81
6.724,,,,,342.81
6.728,,,,,342.81
6.732,,,,,342.81
6.736,,,,,342.81
6.74,,,,,342.81
6.744,,,,,342.81
6.748,,,,,342.81
6.752,,,,,342.81
6.756,,,,,342.81
6.76,,,,,342.81
6.764,,,,,342.81
6.768,,,,,342.81
6.772,,,,,342.81
6.776,,,,,342.81
6.78,,,,,342.81
6.784,,,,,342.81
6.788,,,,,342.81
6.792,,,,,342.81
6.796,,,,,342.81
6.8,,,,,342.81
6.804,,,,,342.81
6.808,,,,,342.81
6.812,,,,,342.81
6.816,,,,,342.81
6.82,,,,,342.81
6.824,,,,,342.81
6.828,,,,,342.81
6.832,,,,,342.81
6.836,,,,,342.81
6.84,,,,,342.81
6.844,,,,,342.81
6.848,,,,,342.81
6.852,,,,,342.81
6.856,,,,,342.81
6.86,,,,,342.81
6.864,,,,,342.81
6.868,,,,,342.81
6.872,,,,,342.81
6.876,,,,,342.81
6.88,,,,,342.81
6.884,,,,,342.81
6.888,,,,,342.81
6.892,,,,,342.81
6.896,,,,,342.81
6.9,,,,,342.81
6.904,,,,,342.81
6.908,,,,,342.81
6.912,,,,,342.81
6.916,,,,,342.81
6.92,,,,,342.81
6.924,,,,,342.81
6.928,,,,,342.81
6.932,,,,,342.81
6.936,,,,,342.81
6.94,,,,,342.81
6.944,,,,,342.81
6.948,,,,,342.81
6.952,,,,,342.81
6.956,,,,,342.81
6.96,,,,,342.81
6.964,,,,,342.81
6.968,,,,,342.81
6.972,,,,,342.81
6.976,,,,,342.81
6.98,,,,,342.81
6.984,,,,,342.81
6.988,,,,,342.81
6.992,,,,,342.81
6.996,,,,,342.81
7.0,,,,,342.81
7.004,,,,,342.81
7.008,,,,,342.81
7.012,,,,,342.81
7.016,,,,,342.81
7.02,,,,,342.81
7.024,,,,,342.81
7.028,,,,,342.81
7.032,,,,,342.81
7.036,,,,,342.81
7.04,,,,,342.81
7.044,,,,,342.81
7.048,,,,,342.81
7.052,,,,,342.81
7.056,,,,,342.81
7.06,,,,,342.81
7.064,,,,,342.81
7.068,,,,,342.81
7.072,,,,,342.81
7.076,,,,,342.81
7.08,,,,,342.81
7.084,,,,,342.81
7.088,,,,,342.81
7.092,,,,,342.81
7.096,,,,,342.81
7.1,,,,,342.81
7.104,,,,,342.81
7.108,,,,,342.81
7.112,,,,,342.81
7.116,,,,,342.81
7.12,,,,,342.81
7.124,,,,,342.81
7.128,,,,,342.81
7.132,,,,,342.81
7.136,,,,,342.81
7.14,,,,,342.81
7.144,,,,,342.81
7.148,,,,,342.81
7.152,,,,,342.81
7.156,,,,,342.81
7.16,,,,,342.81
7.164,,,,,342.81
7.168,,,,,342.81
7.172,,,,,342.81
7.176,,,,,342.81
7.18,,,,,342.81
7.184,,,,,342.81
7.188,,,,,342.81
7.192,,,,,342.81
7.196,,,,,342.81
7.2,,,,,342.81
7.204,,,,,342.81
7.208,,,,,342.81
7.212,,,,,342.81
7.216,,,,,342.81
7.22,,,,,342.81
7.224,,,,,342.81
7.228,,,,,342.81
7.232,,,,,342.81
7.236,,,,,342.81
7.24,,,,,342.81
7.244,,,,,342.81
7.248,,,,,342.81
7.252,,,,,342.81
7.256,,,,,342.81
7.26,,,,,342.81
7.264,,,,,342.81
7.268,,,,,342.81
7.272,,,,,342.81
7.276,,,,,342.81
7.28,,,,,342.81
7.284,,,,,342.81
7.288,,,,,342.81
7.292,,,,,342.81
7.296,,,,,342.81
7.3,,,,,342.81
7.304,,,,,342.81
7.308,,,,,342.81
7.312,,,,,342.81
7.316,,,,,342.81
7.32,,,,,342.81
7.324,,,,,342.81
7.328,,,,,342.81
7.332,,,,,342.81
7.336,,,,,342.81
7.34,,,,,342.81
7.344,,,,,342.81
7.348,,,,,342.81
7.352,,,,,342.81
7.356,,,,,342.81
7.36,,,,,342.81
7.364,,,,,342.81
7.368,,,,,342.81
7.372,,,,,342.81
7.376,,,,,342.81
7.38,,,,,342.81
7.384,,,,,342.81
7.388,,,,,342.81
7.392,,,,,342.81
7.396,,,,,342.81
7.4,,,,,342.81
7.404,,,,,342.81
7.408,,,,,342.81
7.412,,,,,342.81
7.416,,,,,342.81
7.42,,,,,342.81
7.424,,,,,342.81
7.428,,,,,342.81
7.432,,,,,342.81
7.436,,,,,342.81
7.44,,,,,342.81
7.444,,,,,342.81
7.448,,,,,342.81
7.452,,,,,342.81
7.456,,,,,342.81
7.46,,,,,342.81
7.464,,,,,342.81
7.468,,,,,342.81
7.472,,,,,342.81
7.476,,,,,342.81
7.48,,,,,342.81
7.484,,,,,342.81
7.488,,,,,342.81
7.492,,,,,342.81
7.496,,,,,342.81
7.5,,,,,342.81
7.504,,,,,342.81
7.508,,,,,342.81
7.512,,,,,342.81
7.516,,,,,342.81
7.52,,,,,342.81
7.524,,,,,342.81
7.528,,,,,342.81
7.532,,,,,342.81
7.536,,,,,342.81
7.54,,,,,342.81
7.544,,,,,342.81
7.548,,,,,342.81
7.552,,,,,342.81
7.556,,,,,342.81
7.56,,,,,342.81
7.564,,,,,342.81
7.568,,,,,342.81
7.572,,,,,342.81
7.576,,,,,342.81
7.58,,,,,342.81
7.584,,,,,342.81
7.588,,,,,342.81
7.592,,,,,342.81
7.596,,,,,342.81
7.6,,,,,342.81
7.604,,,,,342.81
7.608,,,,,342.81
7.612,,,,,342.81
7.616,,,,,342.81
7.62,,,,,342.81
7.624,,,,,342.81
7.628,,,,,342.81
7.632,,,,,342.81
7.636,,,,,342.81
7.64,,,,,342.81
7.644,,,,,342.81
7.648,,,,,342.81
7.652,,,,,342.81
7.656,,,,,342.81
7.66,,,,,342.81
7.664,,,,,342.81
7.668,,,,,342.81
7.672,,,,,342.81
7.676,,,,,342.81
7.68,,,,,342.81
7.684,,,,,342.81
7.688,,,,,342.81
7.692,,,,,342.81
7.696,,,,,342.81
7.7,,,,,342.81
7.704,,,,,342.81
7.708,,,,,342.81
7.712,,,,,342.81
7.716,,,,,342.81
7.72,,,,,342.81
7.724,,,,,342.81
7.728,,,,,342.81
7.732,,,,,342.81
7.736,,,,,342.81
7.74,,,,,342.81
7.744,,,,,342.81
7.748,,,,,342.81
7.752,,,,,342.81
7.756,,,,,342.81
7.76,,,,,342.81
7.764,,,,,342.81
7.768,,,,,342.81
7.772,,,,,342.81
7.776,,,,,342.81
7.78,,,,,342.81
7.784,,,,,342.81
7.788,,,,,342.81
7.792,,,,,342.81
7.796,,,,,342.81
7.8,,,,,342.81
7.804,,,,,342.81
7.808,,,,,342.81
7.812,,,,,342.81
7.816,,,,,342.81
7.82,,,,,342.81
7.824,,,,,342.81
7.828,,,,,342.81
7.832,,,,,342.81
7.836,,,,,342.81
7.84,,,,,342.81
7.844,,,,,342.81
7.848,,,,,342.81
7.852,,,,,342.81
7.856,,,,,342.81
7.86,,,,,342.81
7.864,,,,,342.81
7.868,,,,,342.81
7.872,,,,,342.81
7.876,,,,,342.81
7.88,,,,,342.81
7.884,,,,,342.81
7.888,,,,,342.81
7.892,,,,,342.81
7.896,,,,,342.81
7.9,,,,,342.81
7.904,,,,,342.81
7.908,,,,,342.81
7.912,,,,,342.81
7.916,,,,,342.81
7.92,,,,,342.81
7.924,,,,,342.81
7.928,,,,,342.81
7.932,,,,,342.81
7.936,,,,,342.81
7.94,,,,,342.81
7.944,,,,,342.81
7.948,,,,,342.81
7.952,,,,,342.81
7.956,,,,,342.81
7.96,,,,,342.81
7.964,,,,,342.81
7.968,,,,,342.81
7.972,,,,,342.81
7.976,,,,,342.81
7.98,,,,,342.81
7.984,,,,,342.81
7.988,,,,,342.81
7.992,,,,,342.81
7.996,,,,,342.81
8.0,,,,,342.81
8.004,,,,,342.81
8.008,,,,,342.81
8.012,,,,,342.81
8.016,,,,,342.81
8.02,,,,,342.81
8.024,,,,,342.81
8.028,,,,,342.81
8.032,,,,,342.81
8.036,,,,,342.81
8.04,,,,,342.81
8.044,,,,,342.81
8.048,,,,,342.81
8.052,,,,,342.81
8.056,,,,,342.81
8.06,,,,,342.81
8.064,,,,,342.81
8.068,,,,,342.81
8.072,,,,,342.81
8.076,,,,,342.81
8.08,,,,,342.81
8.084,,,,,342.81
8.088,,,,,342.81
8.092,,,,,342.81
8.096,,,,,342.81
8.1,,,,,342.81
8.104,,,,,342.81
8.108,,,,,342.81
8.112,,,,,342.81
8.116,,,,,342.81
8.12,,,,,342.81
8.124,,,,,342.81
8.128,,,,,342.81
8.132,,,,,342.81
8.136,,,,,342.81
8.14,,,,,342.81
8.144,,,,,342.81
8.148,,,,,342.81
8.152,,,,,342.81
8.156,,,,,342.81
8.16,,,,,342.81
8.164,,,,,342.81
8.168,,,,,342.81
8.172,,,,,342.81
8.176,,,,,342.81
8.18,,,,,342.81
8.184,,,,,342.81
8.188,,,,,342.81
8.192,,,,,342.81
8.196,,,,,342.81
8.2,,,,,342.81
8.204,,,,,342.81
8.208,,,,,342.81
8.212,,,,,342.81
8.216,,,,,342.81
8.22,,,,,342.81
8.224,,,,,342.81
8.228,,,,,342.81
8.232,,,,,342.81
8.236,,,,,342.81
8.24,,,,,342.81
8.244,,,,,342.81
8.248,,,,,342.81
8.252,,,,,342.81
8.256,,,,,342.81
8.26,,,,,342.81
8.264,,,,,342.81
8.268,,,,,342.81
8.272,,,,,342.81
8.276,,,,,342.81
8.28,,,,,342.81
8.284,,,,,342.81
8.288,,,,,342.81
8.292,,,,,342.81
8.296,,,,,342.81
8.3,,,,,342.81
8.304,,,,,342.81
8.308,,,,,342.81
8.312,,,,,342.81
8.316,,,,,342.81
8.32,,,,,342.81
8.324,,,,,342.81
8.328,,,,,342.81
8.332,,,,,342.81
8.336,,,,,342.81
8.34,,,,,342.81
8.344,,,,,342.81
8.348,,,,,342.81
8.352,,,,,342.81
8.356,,,,,342.81
8.36,,,,,342.81
8.364,,,,,342.81
8.368,,,,,342.81
8.372,,,,,342.81
8.376,,,,,342.81
8.38,,,,,342.81
8.384,,,,,342.81
8.388,,,,,342.81
8.392,,,,,342.81
8.396,,,,,342.81
8.4,,,,,342.81
8.404,,,,,342.81
8.408,,,,,342.81
8.412,,,,,342.81
8.416,,,,,342.81
8.42,,,,,342.81
8.424,,,,,342.81
8.428,,,,,342.81
8.432,,,,,342.81
8.436,,,,,342.81
8.44,,,,,342.81
8.444,,,,,342.81
8.448,,,,,342.81
8.452,,,,,342.81
8.456,,,,,342.81
8.46,,,,,342.81
8.464,,,,,342.81
8.468,,,,,342.81
8.472,,,,,342.81
8.476,,,,,342.81
8.48,,,,,342.81
8.484,,,,,342.81
8.488,,,,,342.81
8.492,,,,,342.81
8.496,,,,,342.81
8.5,,,,,342.81
8.504,,,,,342.81
8.508,,,,,342.81
8.512,,,,,342.81
8.516,,,,,342.81
8.52,,,,,342.81
8.524,,,,,342.81
8.528,,,,,342.81
8.532,,,,,342.81
8.536,,,,,342.81
8.54,,,,,342.81
8.544,,,,,342.81
8.548,,,,,342.81
8.552,,,,,342.81
8.556,,,,,342.81
8.56,,,,,342.81
8.564,,,,,342.81
8.568,,,,,342.81
8.572,,,,,342.81
8.576,,,,,342.81
8.58,,,,,342.81
8.584,,,,,342.81
8.588,,,,,342.81
8.592,,,,,342.81
8.596,,,,,342.81
8.6,,,,,342.81
8.604,,,,,342.81
8.608,,,,,342.81
8.612,,,,,342.81
8.616,,,,,342.81
8.62,,,,,342.81
8.624,,,,,342.81
8.628,,,,,342.81
8.632,,,,,342.81
8.636,,,,,342.81
8.64,,,,,342.81
8.644,,,,,342.81
8.648,,,,,342.81
8.652,,,,,342.81
8.656,,,,,342.81
8.66,,,,,342.81
8.664,,,,,342.81
8.668,,,,,342.81
8.672,,,,,342.81
8.676,,,,,342.81
8.68,,,,,342.81
8.684,,,,,342.81
8.688,,,,,342.81
8.692,,,,,342.81
8.696,,,,,342.81
8.7,,,,,342.81
8.704,,,,,342.81
8.708,,,,,342.81
8.712,,,,,342.81
8.716,,,,,342.81
8.72,,,,,342.81
8.724,,,,,342.81
8.728,,,,,342.81
8.732,,,,,342.81
8.736,,,,,342.81
8.74,,,,,342.81
8.744,,,,,342.81
8.748,,,,,342.81
8.752,,,,,342.81
8.756,,,,,342.81
8.76,,,,,342.81
8.764,,,,,342.81
8.768,,,,,342.81
8.772,,,,,342.81
8.776,,,,,342.81
8.78,,,,,342.81
8.784,,,,,342.81
8.788,,,,,342.81
8.792,,,,,342.81
8.796,,,,,342.81
8.8,,,,,342.81
8.804,,,,,342.81
8.808,,,,,342.81
8.812,,,,,342.81
8.816,,,,,342.81
8.82,,,,,342.81
8.824,,,,,342.81
8.828,,,,,342.81
8.832,,,,,342.81
8.836,,,,,342.81
8.84,,,,,342.81
8.844,,,,,342.81
8.848,,,,,342.81
8.852,,,,,342.81
8.856,,,,,342.81
8.86,,,,,342.81
8.864,,,,,342.81
8.868,,,,,342.81
8.872,,,,,342.81
8.876,,,,,342.81
8.88,,,,,342.81
8.884,,,,,342.81
8.888,,,,,342.81
8.892,,,,,342.81
8.896,,,,,342.81
8.9,,,,,342.81
8.904,,,,,342.81
8.908,,,,,342.81
8.912,,,,,342.81
8.916,,,,,342.81
8.92,,,,,342.81
8.924,,,,,342.81
8.928,,,,,342.81
8.932,,,,,342.81
8.936,,,,,342.81
8.94,,,,,342.81
8.944,,,,,342.81
8.948,,,,,342.81
8.952,,,,,342.81
8.956,,,,,342.81
8.96,,,,,342.81
8.964,,,,,342.81
8.968,,,,,342.81
8.972,,,,,342.81
8.976,,,,,342.81
8.98,,,,,342.81
8.984,,,,,342.81
8.988,,,,,342.81
8.992,,,,,342.81
8.996,,,,,342.81
9.0,,,,,342.81
9.004,,,,,342.81
9.008,,,,,342.81
9.012,,,,,342.81
9.016,,,,,342.81
9.02,,,,,342.81
9.024,,,,,342.81
9.028,,,,,342.81
9.032,,,,,342.81
9.036,,,,,342.81
9.04,,,,,342.81
9.044,,,,,342.81
9.048,,,,,342.81
9.052,,,,,342.81
9.056,,,,,342.81
9.06,,,,,342.81
9.064,,,,,342.81
9.068,,,,,342.81
9.072,,,,,342.81
9.076,,,,,342.81
9.08,,,,,342.81
9.084,,,,,342.81
9.088,,,,,342.81
9.092,,,,,342.81
9.096,,,,,342.81
9.1,,,,,342.81
9.104,,,,,342.81
9.108,,,,,342.81
9.112,,,,,342.81
9.116,,,,,342.81
9.12,,,,,342.81
9.124,,,,,342.81
9.128,,,,,342.81
9.132,,,,,342.81
9.136,,,,,342.81
9.14,,,,,342.81
9.144,,,,,342.81
9.148,,,,,342.81
9.152,,,,,342.81
9.156,,,,,342.81
9.16,,,,,342.81
9.164,,,,,342.81
9.168,,,,,342.81
9.172,,,,,342.81
9.176,,,,,342.81
9.18,,,,,342.81
9.184,,,,,342.81
9.188,,,,,342.81
9.192,,,,,342.81
9.196,,,,,342.81
9.2,,,,,342.81
9.204,,,,,342.81
9.208,,,,,342.81
9.212,,,,,342.81
9.216,,,,,342.81
9.22,,,,,342.81
9.224,,,,,342.81
9.228,,,,,342.81
9.232,,,,,342.81
9.236,,,,,342.81
9.24,,,,,342.81
9.244,,,,,342.81
9.248,,,,,342.81
9.252,,,,,342.81
9.256,,,,,342.81
9.26,,,,,342.81
9.264,,,,,342.81
9.268,,,,,342.81
9.272,,,,,342.81
9.276,,,,,342.81
9.28,,,,,342.81
9.284,,,,,342.81
9.288,,,,,342.81
9.292,,,,,342.81
9.296,,,,,342.81
9.3,,,,,342.81
9.304,,,,,342.81
9.308,,,,,342.81
9.312,,,,,342.81
9.316,,,,,342.81
9.32,,,,,342.81
9.324,,,,,342.81
9.328,,,,,342.81
9.332,,,,,342.81
9.336,,,,,342.81
9.34,,,,,342.81
9.344,,,,,342.81
9.348,,,,,342.81
9.352,,,,,342.81
9.356,,,,,342.81
9.36,,,,,342.81
9.364,,,,,342.81
9.368,,,,,342.81
9.372,,,,,342.81
9.376,,,,,342.81
9.38,,,,,342.81
9.384,,,,,342.81
9.388,,,,,342.81
9.392,,,,,342.81
9.396,,,,,342.81
9.4,,,,,342.81
9.404,,,,,342.81
9.408,,,,,342.81
9.412,,,,,342.81
9.416,,,,,342.81
9.42,,,,,342.81
9.424,,,,,342.81
9.428,,,,,342.81
9.432,,,,,342.81
9.436,,,,,342.81
9.44,,,,,342.81
9.444,,,,,342.81
9.448,,,,,342.81
9.452,,,,,342.81
9.456,,,,,342.81
9.46,,,,,342.81
9.464,,,,,342.81
9.468,,,,,342.81
9.472,,,,,342.81
9.476,,,,,342.81
9.48,,,,,342.81
9.484,,,,,342.81
9.488,,,,,342.81
9.492,,,,,342.81
9.496,,,,,342.81
9.5,,,,,342.81
9.504,,,,,342.81
9.508,,,,,342.81
9.512,,,,,342.81
9.516,,,,,342.81
9.52,,,,,342.81
9.524,,,,,342.81
9.528,,,,,342.81
9.532,,,,,342.81
9.536,,,,,342.81
9.54,,,,,342.81
9.544,,,,,342.81
9.548,,,,,342.81
9.552,,,,,342.81
9.556,,,,,342.81
9.56,,,,,342.81
9.564,,,,,342.81
9.568,,,,,342.81
9.572,,,,,342.81
9.576,,,,,342.81
9.58,,,,,342.81
9.584,,,,,342.81
9.588,,,,,342.81
9.592,,,,,342.81
9.596,,,,,342.81
9.6,,,,,342.81
9.604,,,,,342.81
9.608,,,,,342.81
9.612,,,,,342.81
9.616,,,,,342.81
9.62,,,,,342.81
9.624,,,,,342.81
9.628,,,,,342.81
9.632,,,,,342.81
9.636,,,,,342.81
9.64,,,,,342.81
9.644,,,,,342.81
9.648,,,,,342.81
9.652,,,,,342.81
9.656,,,,,342.81
9.66,,,,,342.81
9.664,,,,,342.81
9.668,,,,,342.81
9.672,,,,,342.81
9.676,,,,,342.81
9.68,,,,,342.81
9.684,,,,,342.81
9.688,,,,,342.81
9.692,,,,,342.81
9.696,,,,,342.81
9.7,,,,,342.81
9.704,,,,,342.81
9.708,,,,,342.81
9.712,,,,,342.81
9.716,,,,,342.81
9.72,,,,,342.81
9.724,,,,,342.81
9.728,,,,,342.81
9.732,,,,,342.81
9.736,,,,,342.81
9.74,,,,,342.81
9.744,,,,,342.81
9.748,,,,,342.81
9.752,,,,,342.81
9.756,,,,,342.81
9.76,,,,,342.81
9.764,,,,,342.81
9.768,,,,,342.81
9.772,,,,,342.81
9.776,,,,,342.81
9.78,,,,,342.81
9.784,,,,,342.81
9.788,,,,,342.81
9.792,,,,,342.81
9.796,,,,,342.81
9.8,,,,,342.81
9.804,,,,,342.81
9.808,,,,,342.81
9.812,,,,,342.81
9.816,,,,,342.81
9.82,,,,,342.81
9.824,,,,,342.81
9.828,,,,,342.81
9.832,,,,,342.81
9.836,,,,,342.81
9.84,,,,,342.81
9.844,,,,,342.81
9.848,,,,,342.81
9.852,,,,,342.81
9.856,,,,,342.81
9.86,,,,,342.81
9.864,,,,,342.81
9.868,,,,,342.81
9.872,,,,,342.81
9.876,,,,,342.81
9.88,,,,,342.81
9.884,,,,,342.81
9.888,,,,,342.81
9.892,,,,,342.81
9.896,,,,,342.81
9.9,,,,,342.81
9.904,,,,,342.81
9.908,,,,,342.81
9.912,,,,,342.81
9.916,,,,,342.81
9.92,,,,,342.81
9.924,,,,,342.81
9.928,,,,,342.81
9.932,,,,,342.81
9.936,,,,,342.81
9.94,,,,,342.81
9.944,,,,,342.81
9.948,,,,,342.81
9.952,,,,,342.81
9.956,,,,,342.81
9.96,,,,,342.81
9.964,,,,,342.81
9.968,,,,,342.81
9.972,,,,,342.81
9.976,,,,,342.81
9.98,,,,,342.81
9.984,,,,,342.81
9.988,,,,,342.81
9.992,,,,,342.81
9.996,,,,,342.81
10.0,,,,,342.81
10.004,,,,,342.81
10.008,,,,,342.81
10.012,,,,,342.81
10.016,,,,,342.81
10.02,,,,,342.81
10.024,,,,,342.81
10.028,,,,,342.81
10.032,,,,,342.81
10.036,,,,,342.81
10.04,,,,,342.81
10.044,,,,,342.81
10.048,,,,,342.81
10.052,,,,,342.81
10.056,,,,,342.81
10.06,,,,,342.81
10.064,,,,,342.81
10.068,,,,,342.81
10.072,,,,,342.81
10.076,,,,,342.81
10.08,,,,,342.81
10.084,,,,,342.81
10.088,,,,,342.81
10.092,,,,,342.81
10.096,,,,,342.81
10.1,,,,,342.81
10.104,,,,,342.81
10.108,,,,,342.81
10.112,,,,,342.81
10.116,,,,,342.81
10.12,,,,,342.81
10.124,,,,,342.81
10.128,,,,,342.81
10.132,,,,,342.81
10.136,,,,,342.81
10.14,,,,,342.81
10.144,,,,,342.81
10.148,,,,,342.81
10.152,,,,,342.81
10.156,,,,,342.81
10.16,,,,,342.81
10.164,,,,,342.81
10.168,,,,,342.81
10.172,,,,,342.81
10.176,,,,,342.81
10.18,,,,,342.81
10.184,,,,,342.81
10.188,,,,,342.81
10.192,,,,,342.81
10.196,,,,,342.81
10.2,,,,,342.81
10.204,,,,,342.81
10.208,,,,,342.81
10.212,,,,,342.81
10.216,,,,,342.81
10.22,,,,,342.81
10.224,,,,,342.81
10.228,,,,,342.81
10.232,,,,,342.81
10.236,,,,,342.81
10.24,,,,,342.81
10.244,,,,,342.81
10.248,,,,,342.81
10.252,,,,,342.81
10.256,,,,,342.81
10.26,,,,,342.81
10.264,,,,,342.81
10.268,,,,,342.81
10.272,,,,,342.81
10.276,,,,,342.81
10.28,,,,,342.81
10.284,,,,,342.81
10.288,,,,,342.81
10.292,,,,,342.81
10.296,,,,,342.81
10.3,,,,,342.81
10.304,,,,,342.81
10.308,,,,,342.81
10.312,,,,,342.81
10.316,,,,,342.81
10.32,,,,,342.81
10.324,,,,,342.81
10.328,,,,,342.81
10.332,,,,,342.81
10.336,,,,,342.81
10.34,,,,,342.81
10.344,,,,,342.81
10.348,,,,,342.81
10.352,,,,,342.81
10.356,,,,,342.81
10.36,,,,,342.81
10.364,,,,,342.81
10.368,,,,,342.81
10.372,,,,,342.81
10.376,,,,,342.81
10.38,,,,,342.81
10.384,,,,,342.81
10.388,,,,,342.81
10.392,,,,,342.81
10.396,,,,,342.81
10.4,,,,,342.81
10.404,,,,,342.81
10.408,,,,,342.81
10.412,,,,,342.81
10.416,,,,,342.81
10.42,,,,,342.81
10.424,,,,,342.81
10.428,,,,,342.81
10.432,,,,,342.81
10.436,,,,,342.81
10.44,,,,,342.81
10.444,,,,,342.81
10.448,,,,,342.81
10.452,,,,,342.81
10.456,,,,,342.81
10.46,,,,,342.81
10.464,,,,,342.81
10.468,,,,,342.81
10.472,,,,,342.81
10.476,,,,,342.81
10.48,,,,,342.81
10.484,,,,,342.81
10.488,,,,,342.81
10.492,,,,,342.81
10.496,,,,,342.81
10.5,,,,,342.81
10.504,,,,,342.81
10.508,,,,,342.81
10.512,,,,,342.81
10.516,,,,,342.81
10.52,,,,,342.81
10.524,,,,,342.81
10.528,,,,,342.81
10.532,,,,,342.81
10.536,,,,,342.81
10.54,,,,,342.81
10.544,,,,,342.81
10.548,,,,,342.81
10.552,,,,,342.81
10.556,,,,,342.81
10.56,,,,,342.81
10.564,,,,,342.81
10.568,,,,,342.81
10.572,,,,,342.81
10.576,,,,,342.81
10.58,,,,,342.81
10.584,,,,,342.81
10.588,,,,,342.81
10.592,,,,,342.81
10.596,,,,,342.81
10.6,,,,,342.81
10.604,,,,,342.81
10.608,,,,,342.81
10.612,,,,,342.81
10.616,,,,,342.81
10.62,,,,,342.81
10.624,,,,,342.81
10.628,,,,,342.81
10.632,,,,,342.81
10.636,,,,,342.81
10.64,,,,,342.81
10.644,,,,,342.81
10.648,,,,,342.81
10.652,,,,,342.81
10.656,,,,,342.81
10.66,,,,,342.81
10.664,,,,,342.81
10.668,,,,,342.81
10.672,,,,,342.81
10.676,,,,,342.81
10.68,,,,,342.81
10.684,,,,,342.81
10.688,,,,,342.81
10.692,,,,,342.81
10.696,,,,,342.81
10.7,,,,,342.81
10.704,,,,,342.81
10.708,,,,,342.81
10.712,,,,,342.81
10.716,,,,,342.81
10.72,,,,,342.81
10.724,,,,,342.81
10.728,,,,,342.81
10.732,,,,,342.81
10.736,,,,,342.81
10.74,,,,,342.81
10.744,,,,,342.81
10.748,,,,,342.81
10.752,,,,,342.81
10.756,,,,,342.81
10.76,,,,,342.81
10.764,,,,,342.81
10.768,,,,,342.81
10.772,,,,,342.81
10.776,,,,,342.81
10.78,,,,,342.81
10.784,,,,,342.81
10.788,,,,,342.81
10.792,,,,,342.81
10.796,,,,,342.81
10.8,,,,,342.81
10.804,,,,,342.81
10.808,,,,,342.81
10.812,,,,,342.81
10.816,,,,,342.81
10.82,,,,,342.81
10.824,,,,,342.81
10.828,,,,,342.81
10.832,,,,,342.81
10.836,,,,,342.81
10.84,,,,,342.81
10.844,,,,,342.81
10.848,,,,,342.81
10.852,,,,,342.81
10.856,,,,,342.81
10.86,,,,,342.81
10.864,,,,,342.81
10.868,,,,,342.81
10.872,,,,,342.81
10.876,,,,,342.81
10.88,,,,,342.81
10.884,,,,,342.81
10.888,,,,,342.81
10.892,,,,,342.81
10.896,,,,,342.81
10.9,,,,,342.81
10.904,,,,,342.81
10.908,,,,,342.81
10.912,,,,,342.81
10.916,,,,,342.81
10.92,,,,,342.81
10.924,,,,,342.81
10.928,,,,,342.81
10.932,,,,,342.81
10.936,,,,,342.81
10.94,,,,,342.81
10.944,,,,,342.81
10.948,,,,,342.81
10.952,,,,,342.81
10.956,,,,,342.81
10.96,,,,,342.81
10.964,,,,,342.81
10.968,,,,,342.81
10.972,,,,,342.81
10.976,,,,,342.81
10.98,,,,,342.81
10.984,,,,,342.81
10.988,,,,,342.81
10.992,,,,,342.81
10.996,,,,,342.81
11.0,,,,,342.81
11.004,,,,,342.81
11.008,,,,,342.81
11.012,,,,,342.81
11.016,,,,,342.81
11.02,,,,,342.81
11.024,,,,,342.81
11.028,,,,,342.81
11.032,,,,,342.81
11.036,,,,,342.81
11.04,,,,,342.81
11.044,,,,,342.81
11.048,,,,,342.81
11.052,,,,,342.81
11.056,,,,,342.81
11.06,,,,,342.81
11.064,,,,,342.81
11.068,,,,,342.81
11.072,,,,,342.81
11.076,,,,,342.81
11.08,,,,,342.81
11.084,,,,,342.81
11.088,,,,,342.81
11.092,,,,,342.81
11.096,,,,,342.81
11.1,,,,,342.81
11.104,,,,,342.81
11.108,,,,,342.81
11.112,,,,,342.81
11.116,,,,,342.81
11.12,,,,,342.81
11.124,,,,,342.81
11.128,,,,,342.81
11.132,,,,,342.81
11.136,,,,,342.81
11.14,,,,,342.81
11.144,,,,,342.81
11.148,,,,,342.81
11.152,,,,,342.81
11.156,,,,,342.81
11.16,,,,,342.81
11.164,,,,,342.81
11.168,,,,,342.81
11.172,,,,,342.81
11.176,,,,,342.81
11.18,,,,,342.81
11.184,,,,,342.81
11.188,,,,,342.81
11.192,,,,,342.81
11.196,,,,,342.81
11.2,,,,,342.81
11.204,,,,,342.81
11.208,,,,,342.81
11.212,,,,,342.81
11.216,,,,,342.81
11.22,,,,,342.81
11.224,,,,,342.81
11.228,,,,,342.81
11.232,,,,,342.81
11.236,,,,,342.81
11.24,,,,,342.81
11.244,,,,,342.81
11.248,,,,,342.81
11.252,,,,,342.81
11.256,,,,,342.81
11.26,,,,,342.81
11.264,,,,,342.81
11.268,,,,,342.81
11.272,,,,,342.81
11.276,,,,,342.81
11.28,,,,,342.81
11.284,,,,,342.81
11.288,,,,,342.81
11.292,,,,,342.81
11.296,,,,,342.81
11.3,,,,,342.81
11.304,,,,,342.81
11.308,,,,,342.81
11.312,,,,,342.81
11.316,,,,,342.81
11.32,,,,,342.81
11.324,,,,,342.81
11.328,,,,,342.81
11.332,,,,,342.81
11.336,,,,,342.81
11.34,,,,,342.81
11.344,,,,,342.81
11.348,,,,,342.81
11.352,,,,,342.81
11.356,,,,,342.81
11.36,,,,,342.81
11.364,,,,,342.81
11.368,,,,,342.81
11.372,,,,,342.81
11.376,,,,,342.81
11.38,,,,,342.81
11.384,,,,,342.81
11.388,,,,,342.81
11.392,,,,,342.81
11.396,,,,,342.81
11.4,,,,,342.81
11.404,,,,,342.81
11.408,,,,,342.81
11.412,,,,,342.81
11.416,,,,,342.81
11.42,,,,,342.81
11.424,,,,,342.81
11.428,,,,,342.81
11.432,,,,,342.81
11.436,,,,,342.81
11.44,,,,,342.81
11.444,,,,,342.81
11.448,,,,,342.81
11.452,,,,,342.81
11.456,,,,,342.81
11.46,,,,,342.81
11.464,,,,,342.81
11.468,,,,,342.81
11.472,,,,,342.81
11.476,,,,,342.81
11.48,,,,,342.81
11.484,,,,,342.81
11.488,,,,,342.81
11.492,,,,,342.81
11.496,,,,,342.81
11.5,,,,,342.81
11.504,,,,,342.81
11.508,,,,,342.81
11.512,,,,,342.81
11.516,,,,,342.81
11.52,,,,,342.81
11.524,,,,,342.81
11.528,,,,,342.81
11.532,,,,,342.81
11.536,,,,,342.81
11.54,,,,,342.81
11.544,,,,,342.81
11.548,,,,,342.81
11.552,,,,,342.81
11.556,,,,,342.81
11.56,,,,,342.81
11.564,,,,,342.81
11.568,,,,,342.81
11.572,,,,,342.81
11.576,,,,,342.81
11.58,,,,,342.81
11.584,,,,,342.81
11.588,,,,,342.81
11.592,,,,,342.81
11.596,,,,,342.81
11.6,,,,,342.81
11.604,,,,,342.81
11.608,,,,,342.81
11.612,,,,,342.81
11.616,,,,,342.81
11.62,,,,,342.81
11.624,,,,,342.81
11.628,,,,,342.81
11.632,,,,,342.81
11.636,,,,,342.81
11.64,,,,,342.81
11.644,,,,,342.81
11.648,,,,,342.81
11.652,,,,,342.81
11.656,,,,,342.81
11.66,,,,,342.81
11.664,,,,,342.81
11.668,,,,,342.81
11.672,,,,,342.81
11.676,,,,,342.81
11.68,,,,,342.81
11.684,,,,,342.81
11.688,,,,,342.81
11.692,,,,,342.81
11.696,,,,,342.81
11.7,,,,,342.81
11.704,,,,,342.81
11.708,,,,,342.81
11.712,,,,,342.81
11.716,,,,,342.81
11.72,,,,,342.81
11.724,,,,,342.81
11.728,,,,,342.81
11.732,,,,,342.81
11.736,,,,,342.81
11.74,,,,,342.81
11.744,,,,,342.81
11.748,,,,,342.81
11.752,,,,,342.81
11.756,,,,,342.81
11.76,,,,,342.81
11.764,,,,,342.81
11.768,,,,,342.81
11.772,,,,,342.81
11.776,,,,,342.81
11.78,,,,,342.81
11.784,,,,,342.81
11.788,,,,,342.81
11.792,,,,,342.81
11.796,,,,,342.81
11.8,,,,,342.81
11.804,,,,,342.81
11.808,,,,,342.81
11.812,,,,,342.81
11.816,,,,,342.81
11.82,,,,,342.81
11.824,,,,,342.81
11.828,,,,,342.81
11.832,,,,,342.81
11.836,,,,,342.81
11.84,,,,,342.81
11.844,,,,,342.81
11.848,,,,,342.81
11.852,,,,,342.81
11.856,,,,,342.81
11.86,,,,,342.81
11.864,,,,,342.81
11.868,,,,,342.81
11.872,,,,,342.81
11.876,,,,,342.81
11.88,,,,,342.81
11.884,,,,,342.81
11.888,,,,,342.81
11.892,,,,,342.81
11.896,,,,,342.81
11.9,,,,,342.81
11.904,,,,,342.81
11.908,,,,,342.81
11.912,,,,,342.81
11.916,,,,,342.81
11.92,,,,,342.81
11.924,,,,,342.81
11.928,,,,,342.81
11.932,,,,,342.81
11.936,,,,,342.81
11.94,,,,,342.81
11.944,,,,,342.81
11.948,,,,,342.81
11.952,,,,,342.81
11.956,,,,,342.81
11.96,,,,,342.81
11.964,,,,,342.81
11.968,,,,,342.81
11.972,,,,,342.81
11.976,,,,,342.81
11.98,,,,,342.81
11.984,,,,,342.81
11.988,,,,,342.81
11.992,,,,,342.81
11.996,,,,,342.81
12.0,,,,,342.81
12.004,,,,,342.81
12.008,,,,,342.81
12.012,,,,,342.81
12.016,,,,,342.81
12.02,,,,,342.81
12.024,,,,,342.81
12.028,,,,,342.81
12.032,,,,,342.81
12.036,,,,,342.81
12.04,,,,,342.81
12.044,,,,,342.81
12.048,,,,,342.81
12.052,,,,,342.81
12.056,,,,,342.81
12.06,,,,,342.81
12.064,,,,,342.81
12.068,,,,,342.81
12.072,,,,,342.81
12.076,,,,,342.81
12.08,,,,,342.81
12.084,,,,,342.81
12.088,,,,,342.81
12.092,,,,,342.81
12.096,,,,,342.81
12.1,,,,,342.81
12.104,,,,,342.81
12.108,,,,,342.81
12.112,,,,,342.81
12.116,,,,,342.81
12.12,,,,,342.81
12.124,,,,,342.81
12.128,,,,,342.81
12.132,,,,,342.81
12.136,,,,,342.81
12.14,,,,,342.81
12.144,,,,,342.81
12.148,,,,,342.81
12.152,,,,,342.81
12.156,,,,,342.81
12.16,,,,,342.81
12.164,,,,,342.81
12.168,,,,,342.81
12.172,,,,,342.81
12.176,,,,,342.81
12.18,,,,,342.81
12.184,,,,,342.81
12.188,,,,,342.81
12.192,,,,,342.81
12.196,,,,,342.81
12.2,,,,,342.81
12.204,,,,,342.81
12.208,,,,,342.81
12.212,,,,,342.81
12.216,,,,,342.81
12.22,,,,,342.81
12.224,,,,,342.81
12.228,,,,,342.81
12.232,,,,,342.81
12.236,,,,,342.81
12.24,,,,,342.81
12.244,,,,,342.81
12.248,,,,,342.81
12.252,,,,,342.81
12.256,,,,,342.81
12.26,,,,,342.81
12.264,,,,,342.81
12.268,,,,,342.81
12.272,,,,,342.81
12.276,,,,,342.81
12.28,,,,,342.81
12.284,,,,,342.81
12.288,,,,,342.81
12.292,,,,,342.81
12.296,,,,,342.81
12.3,,,,,342.81
12.304,,,,,342.81
12.308,,,,,342.81
12.312,,,,,342.81
12.316,,,,,342.81
12.32,,,,,342.81
12.324,,,,,342.81
12.328,,,,,342.81
12.332,,,,,342.81
12.336,,,,,342.81
12.34,,,,,342.81
12.344,,,,,342.81
12.348,,,,,342.81
12.352,,,,,342.81
12.356,,,,,342.81
12.36,,,,,342.81
12.364,,,,,342.81
12.368,,,,,342.81
12.372,,,,,342.81
12.376,,,,,342.81
12.38,,,,,342.81
12.384,,,,,342.81
12.388,,,,,342.81
12.392,,,,,342.81
12.396,,,,,342.81
12.4,,,,,342.81
12.404,,,,,342.81
12.408,,,,,342.81
12.412,,,,,342.81
12.416,,,,,342.81
12.42,,,,,342.81
12.424,,,,,342.81
12.428,,,,,342.81
12.432,,,,,342.81
12.436,,,,,342.81
12.44,,,,,342.81
12.444,,,,,342.81
12.448,,,,,342.81
12.452,,,,,342.81
12.456,,,,,342.81
12.46,,,,,342.81
12.464,,,,,342.81
12.468,,,,,342.81
12.472,,,,,342.81
12.476,,,,,342.81
12.48,,,,,342.81
12.484,,,,,342.81
12.488,,,,,342.81
12.492,,,,,342.81
12.496,,,,,342.81
12.5,,,,,342.81
12.504,,,,,342.81
12.508,,,,,342.81
12.512,,,,,342.81
12.516,,,,,342.81
12.52,,,,,342.81
12.524,,,,,342.81
12.528,,,,,342.81
12.532,,,,,342.81
12.536,,,,,342.81
12.54,,,,,342.81
12.544,,,,,342.81
12.548,,,,,342.81
12.552,,,,,342.81
12.556,,,,,342.81
12.56,,,,,342.81
12.564,,,,,342.81
12.568,,,,,342.81
12.572,,,,,342.81
12.576,,,,,342.81
12.58,,,,,342.81
12.584,,,,,342.81
12.588,,,,,342.81
12.592,,,,,342.81
12.596,,,,,342.81
12.6,,,,,342.81
12.604,,,,,342.81
12.608,,,,,342.81
12.612,,,,,342.81
12.616,,,,,342.81
12.62,,,,,342.81
12.624,,,,,342.81
12.628,,,,,342.81
12.632,,,,,342.81
12.636,,,,,342.81
12.64,,,,,342.81
12.644,,,,,342.81
12.648,,,,,342.81
12.652,,,,,342.81
12.656,,,,,342.81
12.66,,,,,342.81
12.664,,,,,342.81
12.668,,,,,342.81
12.672,,,,,342.81
12.676,,,,,342.81
12.68,,,,,342.81
12.684,,,,,342.81
12.688,,,,,342.81
12.692,,,,,342.81
12.696,,,,,342.81
12.7,,,,,342.81
12.704,,,,,342.81
12.708,,,,,342.81
12.712,,,,,342.81
12.716,,,,,342.81
12.72,,,,,342.81
12.724,,,,,342.81
12.728,,,,,342.81
12.732,,,,,342.81
12.736,,,,,342.81
12.74,,,,,342.81
12.744,,,,,342.81
12.748,,,,,342.81
12.752,,,,,342.81
12.756,,,,,342.81
12.76,,,,,342.81
12.764,,,,,342.81
12.768,,,,,342.81
12.772,,,,,342.81
12.776,,,,,342.81
12.78,,,,,342.81
12.784,,,,,342.81
12.788,,,,,342.81
12.792,,,,,342.81
12.796,,,,,342.81
12.8,,,,,342.81
12.804,,,,,342.81
12.808,,,,,342.81
12.812,,,,,342.81
12.816,,,,,342.81
12.82,,,,,342.81
12.824,,,,,342.81
12.828,,,,,342.81
12.832,,,,,342.81
12.836,,,,,342.81
12.84,,,,,342.81
12.844,,,,,342.81
12.848,,,,,342.81
12.852,,,,,342.81
12.856,,,,,342.81
12.86,,,,,342.81
12.864,,,,,342.81
12.868,,,,,342.81
12.872,,,,,342.81
12.876,,,,,342.81
12.88,,,,,342.81
12.884,,,,,342.81
12.888,,,,,342.81
12.892,,,,,342.81
12.896,,,,,342.81
12.9,,,,,342.81
12.904,,,,,342.81
12.908,,,,,342.81
12.912,,,,,342.81
12.916,,,,,342.81
12.92,,,,,342.81
12.924,,,,,342.81
12.928,,,,,342.81
12.932,,,,,342.81
12.936,,,,,342.81
12.94,,,,,342.81
12.944,,,,,342.81
12.948,,,,,342.81
12.952,,,,,342.81
12.956,,,,,342.81
12.96,,,,,342.81
12.964,,,,,342.81
12.968,,,,,342.81
12.972,,,,,342.81
12.976,,,,,342.81
12.98,,,,,342.81
12.984,,,,,342.81
12.988,,,,,342.81
12.992,,,,,342.81
12.996,,,,,342.81
13.0,,,,,342.81
13.004,,,,,342.81
13.008,,,,,342.81
13.012,,,,,342.81
13.016,,,,,342.81
13.02,,,,,342.81
13.024,,,,,342.81
13.028,,,,,342.81
13.032,,,,,342.81
13.036,,,,,342.81
13.04,,,,,342.81
13.044,,,,,342.81
13.048,,,,,342.81
13.052,,,,,342.81
13.056,,,,,342.81
13.06,,,,,342.81
13.064,,,,,342.81
13.068,,,,,342.81
13.072,,,,,342.81
13.076,,,,,342.81
13.08,,,,,342.81
13.084,,,,,342.81
13.088,,,,,342.81
13.092,,,,,342.81
13.096,,,,,342.81
13.1,,,,,342.81
13.104,,,,,342.81
13.108,,,,,342.81
13.112,,,,,342.81
13.116,,,,,342.81
13.12,,,,,342.81
13.124,,,,,342.81
13.128,,,,,342.81
13.132,,,,,342.81
13.136,,,,,342.81
13.14,,,,,342.81
13.144,,,,,342.81
13.148,,,,,342.81
13.152,,,,,342.81
13.156,,,,,342.81
13.16,,,,,342.81
13.164,,,,,342.81
13.168,,,,,342.81
13.172,,,,,342.81
13.176,,,,,342.81
13.18,,,,,342.81
13.184,,,,,342.81
13.188,,,,,342.81
13.192,,,,,342.81
13.196,,,,,342.81
13.2,,,,,342.81
13.204,,,,,342.81
13.208,,,,,342.81
13.212,,,,,342.81
13.216,,,,,342.81
13.22,,,,,342.81
13.224,,,,,342.81
13.228,,,,,342.81
13.232,,,,,342.81
13.236,,,,,342.81
13.24,,,,,342.81
13.244,,,,,342.81
13.248,,,,,342.81
13.252,,,,,342.81
13.256,,,,,342.81
13.26,,,,,342.81
13.264,,,,,342.81
13.268,,,,,342.81
13.272,,,,,342.81
13.276,,,,,342.81
13.28,,,,,342.81
13.284,,,,,342.81
13.288,,,,,342.81
13.292,,,,,342.81
13.296,,,,,342.81
13.3,,,,,342.81
13.304,,,,,342.81
13.308,,,,,342.81
13.312,,,,,342.81
13.316,,,,,342.81
13.32,,,,,342.81
13.324,,,,,342.81
13.328,,,,,342.81
13.332,,,,,342.81
13.336,,,,,342.81
13.34,,,,,342.81
13.344,,,,,342.81
13.348,,,,,342.81
13.352,,,,,342.81
13.356,,,,,342.81
13.36,,,,,342.81
13.364,,,,,342.81
13.368,,,,,342.81
13.372,,,,,342.81
13.376,,,,,342.81
13.38,,,,,342.81
13.384,,,,,342.81
13.388,,,,,342.81
13.392,,,,,342.81
13.396,,,,,342.81
13.4,,,,,342.81
13.404,,,,,342.81
13.408,,,,,342.81
13.412,,,,,342.81
13.416,,,,,342.81
13.42,,,,,342.81
13.424,,,,,342.81
13.428,,,,,342.81
13.432,,,,,342.81
13.436,,,,,342.81
13.44,,,,,342.81
13.444,,,,,342.81
13.448,,,,,342.81
13.452,,,,,342.81
13.456,,,,,342.81
13.46,,,,,342.81
13.464,,,,,342.81
13.468,,,,,342.81
13.472,,,,,342.81
13.476,,,,,342.81
13.48,,,,,342.81
13.484,,,,,342.81
13.488,,,,,342.81
13.492,,,,,342.81
13.496,,,,,342.81
13.5,,,,,342.81
13.504,,,,,342.81
13.508,,,,,342.81
13.512,,,,,342.81
13.516,,,,,342.81
13.52,,,,,342.81
13.524,,,,,342.81
13.528,,,,,342.81
13.532,,,,,342.81
13.536,,,,,342.81
13.54,,,,,342.81
13.544,,,,,342.81
13.548,,,,,342.81
13.552,,,,,342.81
13.556,,,,,342.81
13.56,,,,,342.81
13.564,,,,,342.81
13.568,,,,,342.81
13.572,,,,,342.81
13.576,,,,,342.81
13.58,,,,,342.81
13.584,,,,,342.81
13.588,,,,,342.81
13.592,,,,,342.81
13.596,,,,,342.81
13.6,,,,,342.81
13.604,,,,,342.81
13.608,,,,,342.81
13.612,,,,,342.81
13.616,,,,,342.81
13.62,,,,,342.81
13.624,,,,,342.81
13.628,,,,,342.81
13.632,,,,,342.81
13.636,,,,,342.81
13.64,,,,,342.81
13.644,,,,,342.81
13.648,,,,,342.81
13.652,,,,,342.81
13.656,,,,,342.81
13.66,,,,,342.81
13.664,,,,,342.81
13.668,,,,,342.81
13.672,,,,,342.81
13.676,,,,,342.81
13.68,,,,,342.81
13.684,,,,,342.81
13.688,,,,,342.81
13.692,,,,,342.81
13.696,,,,,342.81
13.7,,,,,342.81
13.704,,,,,342.81
13.708,,,,,342.81
13.712,,,,,342.81
13.716,,,,,342.81
13.72,,,,,342.81
13.724,,,,,342.81
13.728,,,,,342.81
13.732,,,,,342.81
13.736,,,,,342.81
13.74,,,,,342.81
13.744,,,,,342.81
13.748,,,,,342.81
13.752,,,,,342.81
13.756,,,,,342.81
13.76,,,,,342.81
13.764,,,,,342.81
13.768,,,,,342.81
13.772,,,,,342.81
13.776,,,,,342.81
13.78,,,,,342.81
13.784,,,,,342.81
13.788,,,,,342.81
13.792,,,,,342.81
13.796,,,,,342.81
13.8,,,,,342.81
13.804,,,,,342.81
13.808,,,,,342.81
13.812,,,,,342.81
13.816,,,,,342.81
13.82,,,,,342.81
13.824,,,,,342.81
13.828,,,,,342.81
13.832,,,,,342.81
13.836,,,,,342.81
13.84,,,,,342.81
13.844,,,,,342.81
13.848,,,,,342.81
13.852,,,,,342.81
13.856,,,,,342.81
13.86,,,,,342.81
13.864,,,,,342.81
13.868,,,,,342.81
13.872,,,,,342.81
13.876,,,,,342.81
13.88,,,,,342.81
13.884,,,,,342.81
13.888,,,,,342.81
13.892,,,,,342.81
13.896,,,,,342.81
13.9,,,,,342.81
13.904,,,,,342.81
13.908,,,,,342.81
13.912,,,,,342.81
13.916,,,,,342.81
13.92,,,,,342.81
13.924,,,,,342.81
13.928,,,,,342.81
13.932,,,,,342.81
13.936,,,,,342.81
13.94,,,,,342.81
13.944,,,,,342.81
13.948,,,,,342.81
13.952,,,,,342.81
13.956,,,,,342.81
13.96,,,,,342.81
13.964,,,,,342.81
13.968,,,,,342.81
13.972,,,,,342.81
13.976,,,,,342.81
13.98,,,,,342.81
13.984,,,,,342.81
13.988,,,,,342.81
13.992,,,,,342.81
13.996,,,,,342.81
14.0,,,,,342.81
14.004,,,,,342.81
14.008,,,,,342.81
14.012,,,,,342.81
14.016,,,,,342.81
14.02,,,,,342.81
14.024,,,,,342.81
14.028,,,,,342.81
14.032,,,,,342.81
14.036,,,,,342.81
14.04,,,,,342.81
14.044,,,,,342.81
14.048,,,,,342.81
14.052,,,,,342.81
14.056,,,,,342.81
14.06,,,,,342.81
14.064,,,,,342.81
14.068,,,,,342.81
14.072,,,,,342.81
14.076,,,,,342.81
14.08,,,,,342.81
14.084,,,,,342.81
14.088,,,,,342.81
14.092,,,,,342.81
14.096,,,,,342.81
14.1,,,,,342.81
14.104,,,,,342.81
14.108,,,,,342.81
14.112,,,,,342.81
14.116,,,,,342.81
14.12,,,,,342.81
14.124,,,,,342.81
14.128,,,,,342.81
14.132,,,,,342.81
14.136,,,,,342.81
14.14,0.0018575826903290615,,,,342.81
14.144,0.0024575826903290507,,,,342.81
14.148,0.0028075826903290677,,,,342.81
14.152,0.003317582690329078,,,,342.81
14.156,0.00417758269032905,,,,342.81
14.16,0.004857582690329064,,,,342.81
14.164,0.005117582690329046,,,,342.81
14.168,0.005547582690329088,,,,342.81
14.172,0.006147582690329077,,,,342.81
14.176,0.006577582690329063,,,,342.81
14.18,0.007087582690329074,,,,342.81
14.184,0.007777582690329098,,,,342.81
14.188,0.008287582690329053,,,,342.81
14.192,0.008717582690329094,,,,342.81
14.196,0.00914758269032908,,,,342.81
14.2,0.009487582690329087,,,,342.81
14.204,0.010007582690329052,,,,342.81
14.208,0.010687582690329066,,,,342.81
14.212,0.011207582690329086,,,,342.81
14.216,0.011627582690329062,,,,342.81
14.22,0.012057582690329048,,,,342.81
14.224,0.012317582690329086,,,,342.81
14.228,0.012827582690329097,,,,342.81
14.232,0.013257582690329082,,,,342.81
14.236,0.013517582690329065,,,,342.81
14.24,0.014027582690329075,,,,342.81
14.244,0.014377582690329092,,,,342.81
14.248,0.014547582690329096,,,,342.81
14.252,0.014887582690329047,,,,342.81
14.256,0.015227582690329054,,,,342.81
14.26,0.015657582690329096,,,,342.81
14.264,0.015917582690329078,,,,342.81
14.268,0.01617758269032906,,,,342.81
14.272,0.016517582690329068,,,,342.81
14.276,0.01668758269032907,,,,342.81
14.28,0.016947582690329054,,,,342.81
14.284,0.01728758269032906,,,,342.81
14.288,0.017377582690329095,,,,342.81
14.292,0.017377582690329095,,,,342.81
14.296,0.017627582690329067,,,,342.81
14.3,0.017627582690329067,,,,342.81
14.304,0.017457582690329064,,,,342.81
14.308,0.0175475826903291,,,,342.81
14.312,0.017717582690329046,,,,342.81
14.316,0.017717582690329046,,,,342.81
14.32,0.017717582690329046,,,,342.81
14.324,0.017627582690329067,,,,342.81
14.328,0.017627582690329067,,,,342.81
14.332,0.017627582690329067,,,,342.81
14.336,0.017377582690329095,,,,342.81
14.34,0.017457582690329064,,,,342.81
14.344,0.0175475826903291,,,,342.81
14.348,0.01728758269032906,,,,342.81
14.352,0.01720758269032909,,,,342.81
14.356,0.016947582690329054,,,,342.81
14.36,0.016857582690329075,,,,342.81
14.364,0.016607582690329047,,,,342.81
14.368,0.016347582690329064,,,,342.81
14.372,0.016007582690329057,,,,342.81
14.376,0.015657582690329096,,,,342.81
14.38,0.015227582690329054,,,,342.81
14.384,0.014887582690329047,,,,342.81
14.388,0.014547582690329096,,,,342.81
14.392,0.014287582690329058,,,,342.81
14.396,0.014027582690329075,,,,342.81
14.4,0.0136075826903291,,,,342.81
14.404,0.013007582690329055,,,,342.81
14.408,0.01248758269032909,,,,342.81
14.412,0.012317582690329086,,,,342.81
14.416,0.011977582690329079,,,,342.81
14.42,0.011287582690329055,,,,342.81
14.424,0.01085758269032907,,,,342.81
14.428,0.010517582690329062,,,,342.81
14.432,0.009917582690329073,,,,342.81
14.436,0.009317582690329083,,,,342.81
14.44,0.008807582690329073,,,,342.81
14.444,0.00854758269032909,,,,342.81
14.448,0.008287582690329053,,,,342.81
14.452,0.008457582690329056,,,,342.81
14.456,0.008273810800214006,,,,342.81
14.46,0.007875106578844953,,,,342.81
14.464,0.007230015937408798,,,,342.81
14.468,0.0063878572342957515,,,,342.81
14.472,0.005397948827896023,,,,342.81
14.476,0.004309609076599822,,,,342.81
14.48,0.0031721563387973597,,,,342.81
14.484,0.002034908972878847,,,,342.81
14.488,0.0009471853372344911,,,,342.81
14.492,-4.169620974549585e-05,,,,342.81
14.496,-0.0008824173096709032,,,,342.81
14.5,-0.0015624173096709171,,,,342.81
14.504,-0.0022524173096709413,,,,342.81
14.508,-0.0026824173096709272,,,,342.81
14.512,-0.003022417309670934,,,,342.81
14.516,-0.003792417309670927,,,,342.81
14.52,-0.00456241730967092,,,,342.81
14.524,-0.0051624173096709094,,,,342.81
14.528,-0.006022417309670937,,,,342.81
14.532,-0.006532417309670947,,,,342.81
14.536,-0.007132417309670937,,,,342.81
14.54,-0.007822417309670905,,,,342.81
14.544,-0.008852417309670936,,,,342.81
14.548,-0.009362417309670946,,,,342.81
14.552,-0.009792417309670932,,,,342.81
14.556,-0.010562417309670925,,,,342.81
14.56,-0.01125241730967095,,,,342.81
14.564,-0.011762417309670904,,,,342.81
14.568,-0.012192417309670946,,,,342.81
14.572,-0.012622417309670932,,,,342.81
14.576,-0.013132417309670942,,,,342.81
14.58,-0.013562417309670928,,,,342.81
14.584,-0.013902417309670935,,,,342.81
14.588,-0.014162417309670917,,,,342.81
14.592,-0.014592417309670903,,,,342.81
14.596,-0.015022417309670945,,,,342.81
14.6,-0.0155324173096709,,,,342.81
14.604,-0.015882417309670917,,,,342.81
14.608,-0.01605241730967092,,,,342.81
14.612,-0.016392417309670927,,,,342.81
14.616,-0.01665241730967091,,,,342.81
14.62,-0.016822417309670913,,,,342.81
14.624,-0.01708241730967095,,,,342.81
14.628,-0.0172524173096709,,,,342.81
14.632,-0.017502417309670927,,,,342.81
14.636,-0.01776241730967091,,,,342.81
14.64,-0.018022417309670948,,,,342.81
14.644,-0.018022417309670948,,,,342.81
14.648,-0.017932417309670913,,,,342.81
14.652,-0.017932417309670913,,,,342.81
14.656,-0.017932417309670913,,,,342.81
14.66,-0.018022417309670948,,,,342.81
14.664,-0.018022417309670948,,,,342.81
14.668,-0.017932417309670913,,,,342.81
14.672,-0.017932417309670913,,,,342.81
14.676,-0.017852417309670944,,,,342.81
14.68,-0.017592417309670906,,,,342.81
14.684,-0.017502417309670927,,,,342.81
14.688,-0.0172524173096709,,,,342.81
14.692,-0.01716241730967092,,,,342.81
14.696,-0.016902417309670938,,,,342.81
14.7,-0.01665241730967091,,,,342.81
14.704,-0.016392417309670927,,,,342.81
14.708,-0.016222417309670924,,,,342.81
14.712,-0.015882417309670917,,,,342.81
14.716,-0.0155324173096709,,,,342.81
14.72,-0.015102417309670914,,,,342.81
14.724,-0.014592417309670903,,,,342.81
14.728,-0.014162417309670917,,,,342.81
14.732,-0.01382241730967091,,,,342.81
14.736,-0.013482417309670904,,,,342.81
14.74,-0.013052417309670918,,,,342.81
14.744,-0.012622417309670932,,,,342.81
14.748,-0.012282417309670925,,,,342.81
14.752,-0.011852417309670939,,,,342.81
14.756,-0.011332417309670918,,,,342.81
14.76,-0.010912417309670942,,,,342.81
14.764,-0.0104824173096709,,,,342.81
14.768,-0.009882417309670911,,,,342.81
14.772,-0.009362417309670946,,,,342.81
14.776,-0.008852417309670936,,,,342.81
14.78,-0.008162417309670912,,,,342.81
14.784,-0.007732417309670926,,,,342.81
14.788,-0.00731241730967095,,,,342.81
14.792,-0.006622417309670926,,,,342.81
14.796,-0.006022417309670937,,,,342.81
14.8,-0.005332417309670913,,,,342.81
14.804,-0.004912417309670937,,,,342.81
14.808,-0.004222417309670913,,,,342.81
14.812,-0.0037124173096709026,,,,342.81
14.816,-0.003112417309670913,,,,342.81
14.82,-0.0024224173096709448,,,,342.81
14.824,-0.0019924173096709033,,,,342.81
14.828,-0.0013124173096709447,,,,342.81
14.832,-0.0007924173096709242,,,,342.81
14.836,-0.0002824173096709138,,,,342.81
14.84,0.00031758269032907565,,,,342.81
14.844,0.0008375826903290961,,,,342.81
14.848,0.0014375826903290855,,,,342.81
14.852,0.0020375826903290747,,,,342.81
14.856,0.0024575826903290507,,,,342.81
14.86,0.002887582690329092,,,,342.81
14.864,0.0034875826903290816,,,,342.81
14.868,0.00417758269032905,,,,342.81
14.872,0.0046875826903290604,,,,342.81
14.876,0.005037582690329077,,,,342.81
14.88,0.005457582690329053,,,,342.81
14.884,0.006057582690329098,,,,342.81
14.888,0.006577582690329063,,,,342.81
14.892,0.00691758269032907,,,,342.81
14.896,0.007347582690329056,,,,342.81
14.9,0.007857582690329067,,,,342.81
14.904,0.008287582690329053,,,,342.81
14.908,0.008717582690329094,,,,342.81
14.912,0.00914758269032908,,,,342.81
14.916,0.009487582690329087,,,,342.81
14.92,0.009917582690329073,,,,342.81
14.924,0.010347582690329059,,,,342.81
14.928,0.0107775826903291,,,,342.81
14.932,0.011207582690329086,,,,342.81
14.936,0.011547582690329093,,,,342.81
14.94,0.011977582690329079,,,,342.81
14.944,0.012407582690329065,,,,342.81
14.948,0.012747582690329072,,,,342.81
14.952,0.013177582690329058,,,,342.81
14.956,0.013687582690329068,,,,342.81
14.96,0.014027582690329075,,,,342.81
14.964,0.014207582690329089,,,,342.81
14.968,0.014547582690329096,,,,342.81
14.972,0.014887582690329047,,,,342.81
14.976,0.015147582690329085,,,,342.81
14.98,0.015407582690329068,,,,342.81
14.984,0.015747582690329075,,,,342.81
14.988,0.01608758269032908,,,,342.81
14.992,0.01617758269032906,,,,342.81
14.996,0.01642758269032909,,,,342.81
15.0,0.016517582690329068,,,,342.81
15.004,0.016517582690329068,,,,342.81
15.008,0.01677758269032905,,,,342.81
15.012,0.016857582690329075,,,,342.81
15.016,0.016947582690329054,,,,342.81
15.02,0.017027582690329078,,,,342.81
15.024,0.017027582690329078,,,,342.81
15.028,0.01720758269032909,,,,342.81
15.032,0.017377582690329095,,,,342.81
15.036,0.017457582690329064,,,,342.81
15.04,0.017627582690329067,,,,342.81
15.044,0.017457582690329064,,,,342.81
15.048,0.01720758269032909,,,,342.81
15.052,0.016947582690329054,,,,342.81
15.056,0.016947582690329054,,,,342.81
15.06,0.016947582690329054,,,,342.81
15.064,0.016857582690329075,,,,342.81
15.068,0.016607582690329047,,,,342.81
15.072,0.016517582690329068,,,,342.81
15.076,0.016347582690329064,,,,342.81
15.08,0.016257582690329085,,,,342.81
15.084,0.01608758269032908,,,,342.81
15.088,0.016007582690329057,,,,342.81
15.092,0.015657582690329096,,,,342.81
15.096,0.015317582690329089,,,,342.81
15.1,0.014977582690329082,,,,342.81
15.104,0.014807582690329078,,,,342.81
15.108,0.014377582690329092,,,,342.81
15.112,0.013687582690329068,,,,342.81
15.116,0.013177582690329058,,,,342.81
15.12,0.012917582690329076,,,,342.81
15.124,0.012747582690329072,,,,342.81
15.128,0.01248758269032909,,,,342.81
15.132,0.012227582690329052,,,,342.81
15.136,0.011627582690329062,,,,342.81
15.14,0.011287582690329055,,,,342.81
15.144,0.011027582690329073,,,,342.81
15.148,0.010347582690329059,,,,342.81
15.152,0.010007582690329052,,,,342.81
15.156,0.00974758269032907,,,,342.81
15.16,0.009487582690329087,,,,342.81
15.164,0.009407582690329062,,,,342.81
15.168,0.008717582690329094,,,,342.81
15.172,0.00914758269032908,,,,342.81
15.176,0.008807582690329073,,,,342.81
15.18,0.008287582690329053,,,,342.81
15.184,0.007638475382022211,,,,342.81
15.188,0.0069166113405424836,,,,342.81
15.192,0.006106083046962413,,,,342.81
15.196,0.005247541182671041,,,,342.81
15.2,0.004349740552201178,,,,342.81
15.204,0.0034214359600856364,,,,342.81
15.208,0.0024713822108572273,,,,342.81
15.212,0.001508334109048761,,,,342.81
15.216,0.0005410464591930504,,,,342.81
15.22,-0.0004217259341770946,,,,342.81
15.224,-0.0013712282665288616,,,,342.81
15.228,-0.0022987057333294387,,,,342.81
15.232,-0.0032077514976828984,,,,342.81
15.236,-0.004080405597388782,,,,342.81
15.24,-0.004908137659150365,,,,342.81
15.244,-0.00568241730967093,,,,342.81
15.248,-0.006362417309670944,,,,342.81
15.252,-0.007222417309670916,,,,342.81
15.256,-0.007992417309670909,,,,342.81
15.26,-0.008682417309670933,,,,342.81
15.264,-0.009362417309670946,,,,342.81
15.268,-0.01013241730967094,,,,342.81
15.272,-0.010822417309670908,,,,342.81
15.276,-0.011332417309670918,,,,342.81
15.28,-0.011852417309670939,,,,342.81
15.284,-0.01271241730967091,,,,342.81
15.288,-0.013302417309670946,,,,342.81
15.292,-0.01382241730967091,,,,342.81
15.296,-0.014252417309670952,,,,342.81
15.3,-0.014682417309670938,,,,342.81
15.304,-0.015102417309670914,,,,342.81
15.308,-0.01545241730967093,,,,342.81
15.312,-0.015882417309670917,,,,342.81
15.316,-0.016392417309670927,,,,342.81
15.32,-0.016822417309670913,,,,342.81
15.324,-0.016822417309670913,,,,342.81
15.328,-0.01708241730967095,,,,342.81
15.332,-0.017422417309670903,,,,342.81
15.336,-0.01768241730967094,,,,342.81
15.34,-0.017932417309670913,,,,342.81
15.344,-0.018102417309670917,,,,342.81
15.348,-0.01828241730967093,,,,342.81
15.352,-0.0183624173096709,,,,342.81
15.356,-0.018622417309670937,,,,342.81
15.36,-0.018702417309670906,,,,342.81
15.364,-0.018702417309670906,,,,342.81
15.368,-0.01879241730967094,,,,342.81
15.372,-0.01888241730967092,,,,342.81
15.376,-0.01879241730967094,,,,342.81
15.38,-0.01879241730967094,,,,342.81
15.384,-0.01879241730967094,,,,342.81
15.388,-0.01879241730967094,,,,342.81
15.392,-0.018702417309670906,,,,342.81
15.396,-0.018452417309670933,,,,342.81
15.4,-0.01828241730967093,,,,342.81
15.404,-0.018022417309670948,,,,342.81
15.408,-0.017932417309670913,,,,342.81
15.412,-0.01776241730967091,,,,342.81
15.416,-0.017502417309670927,,,,342.81
15.42,-0.01708241730967095,,,,342.81
15.424,-0.016732417309670934,,,,342.81
15.428,-0.016402417309670937,,,,342.81
15.432,-0.015882417309670917,,,,342.81
15.436,-0.015282417309670927,,,,342.81
15.44,-0.01493241730967091,,,,342.81
15.444,-0.014512417309670934,,,,342.81
15.448,-0.013992417309670914,,,,342.81
15.452,-0.013482417309670904,,,,342.81
15.456,-0.013222417309670921,,,,342.81
15.46,-0.012882417309670914,,,,342.81
15.464,-0.012192417309670946,,,,342.81
15.468,-0.011512417309670932,,,,342.81
15.472,-0.010992417309670911,,,,342.81
15.476,-0.010402417309670932,,,,342.81
15.48,-0.009792417309670932,,,,342.81
15.484,-0.009372417309670901,,,,342.81
15.488,-0.008852417309670936,,,,342.81
15.492,-0.008262417309670901,,,,342.81
15.496,-0.007732417309670926,,,,342.81
15.5,-0.007142417309670947,,,,342.81
15.504,-0.006532417309670947,,,,342.81
15.508,-0.005772417309670909,,,,342.81
15.512,-0.005332417309670913,,,,342.81
15.516,-0.0048324173096709125,,,,342.81
15.52,-0.004222417309670913,,,,342.81
15.524,-0.003802417309670937,,,,342.81
15.528,-0.0029324173096708997,,,,342.81
15.532,-0.0023424173096709203,,,,342.81
15.536,-0.0019924173096709033,,,,342.81
15.54,-0.0014924173096709026,,,,342.81
15.544,-0.0008824173096709032,,,,342.81
15.548,-0.0002924173096709238,,,,342.81
15.552,0.00040758269032905464,,,,342.81
15.556,0.0008275826903290861,,,,342.81
15.56,0.0014375826903290855,,,,342.81
15.564,0.0020275826903290647,,,,342.81
15.568,0.0024575826903290507,,,,342.81
15.572,0.002967582690329061,,,,342.81
15.576,0.003657582690329085,,,,342.81
15.58,0.0041675826903290955,,,,342.81
15.584,0.0046075826903290915,,,,342.81
15.588,0.005027582690329067,,,,342.81
15.592,0.005457582690329053,,,,342.81
15.596,0.006057582690329098,,,,342.81
15.6,0.006577582690329063,,,,342.81
15.604,0.006997582690329095,,,,342.81
15.608,0.007347582690329056,,,,342.81
15.612,0.007857582690329067,,,,342.81
15.616,0.008287582690329053,,,,342.81
15.62,0.008707582690329084,,,,342.81
15.624,0.00914758269032908,,,,342.81
15.628,0.009477582690329077,,,,342.81
15.632,0.009917582690329073,,,,342.81
15.636,0.010337582690329049,,,,342.81
15.64,0.0107775826903291,,,,342.81
15.644,0.011197582690329076,,,,342.81
15.648,0.011547582690329093,,,,342.81
15.652,0.011967582690329069,,,,342.81
15.656,0.012407582690329065,,,,342.81
15.66,0.012737582690329062,,,,342.81
15.664,0.013087582690329079,,,,342.81
15.668,0.013427582690329086,,,,342.81
15.672,0.013687582690329068,,,,342.81
15.676,0.0141075826903291,,,,342.81
15.68,0.014457582690329061,,,,342.81
15.684,0.01470758269032909,,,,342.81
15.688,0.014977582690329082,,,,342.81
15.692,0.015307582690329079,,,,342.81
15.696,0.015577582690329071,,,,342.81
15.7,0.015737582690329065,,,,342.81
15.704,0.016007582690329057,,,,342.81
15.708,0.01617758269032906,,,,342.81
15.712,0.01642758269032909,,,,342.81
15.716,0.016517582690329068,,,,342.81
15.72,0.016607582690329047,,,,342.81
15.724,0.016607582690329047,,,,342.81
15.728,0.01668758269032907,,,,342.81
15.732,0.016857582690329075,,,,342.81
15.736,0.016857582690329075,,,,342.81
15.74,0.016857582690329075,,,,342.81
15.744,0.017027582690329078,,,,342.81
15.748,0.01728758269032906,,,,342.81
15.752,0.017377582690329095,,,,342.81
15.756,0.01728758269032906,,,,342.81
15.76,0.017027582690329078,,,,342.81
15.764,0.016947582690329054,,,,342.81
15.768,0.016947582690329054,,,,342.81
15.772,0.016947582690329054,,,,342.81
15.776,0.016947582690329054,,,,342.81
15.78,0.016857582690329075,,,,342.81
15.784,0.016607582690329047,,,,342.81
15.788,0.016607582690329047,,,,342.81
15.792,0.01642758269032909,,,,342.81
15.796,0.01617758269032906,,,,342.81
15.8,0.016007582690329057,,,,342.81
15.804,0.015657582690329096,,,,342.81
15.808,0.015317582690329089,,,,342.81
15.812,0.014977582690329082,,,,342.81
15.816,0.014807582690329078,,,,342.81
15.82,0.014457582690329061,,,,342.81
15.824,0.013947582690329051,,,,342.81
15.828,0.013257582690329082,,,,342.81
15.832,0.012827582690329097,,,,342.81
15.836,0.012577582690329069,,,,342.81
15.84,0.012317582690329086,,,,342.81
15.844,0.011977582690329079,,,,342.81
15.848,0.011457582690329059,,,,342.81
15.852,0.010947582690329048,,,,342.81
15.856,0.010687582690329066,,,,342.81
15.86,0.010347582690329059,,,,342.81
15.864,0.009827582690329094,,,,342.81
15.868,0.009227582690329049,,,,342.81
15.872,0.008977582690329076,,,,342.81
15.876,0.008377582690329087,,,,342.81
15.88,0.007857582690329067,,,,342.81
15.884,0.007087582690329074,,,,342.81
15.888,0.006487582690329084,,,,342.81
15.892,0.00580758269032907,,,,342.81
15.896,0.005117582690329046,,,,342.81
15.9,0.0046075826903290915,,,,342.81
15.904,0.004087582690329071,,,,342.81
15.908,0.003317582690329078,,,,342.81
15.912,0.0024575826903290507,,,,342.81
15.916,0.001687582690329058,,,,342.81
15.92,0.0010875826903290686,,,,342.81
15.924,0.00040758269032905464,,,,342.81
15.928,-0.0002824173096709138,,,,342.81
15.932,-0.0008824173096709032,,,,342.81
15.936,-0.0016524173096709516,,,,342.81
15.94,-0.0023424173096709203,,,,342.81
15.944,-0.0029324173096708997,,,,342.81
15.948,-0.0037124173096709026,,,,342.81
15.952,-0.0043924173096709165,,,,342.81
15.956,-0.004992417309670906,,,,342.81
15.96,-0.005729194093677915,,,,342.81
15.964,-0.006575488801792172,,,,342.81
15.968,-0.0074641299557311365,,,,342.81
15.972,-0.008327946077212276,,,,342.81
15.976,-0.009099765687953044,,,,342.81
15.98,-0.009712417309670908,,,,342.81
15.984,-0.01013241730967094,,,,342.81
15.988,-0.010652417309670904,,,,342.81
15.992,-0.011332417309670918,,,,342.81
15.996,-0.011932417309670908,,,,342.81
16.0,-0.012532417309670953,,,,342.81
16.004,-0.013132417309670942,,,,342.81
16.008,-0.013732417309670931,,,,342.81
16.012,-0.014252417309670952,,,,342.81
16.016,-0.014592417309670903,,,,342.81
16.02,-0.015022417309670945,,,,342.81
16.024,-0.015362417309670952,,,,342.81
16.028,-0.015622417309670934,,,,342.81
16.032,-0.01596241730967094,,,,342.81
16.036,-0.016302417309670948,,,,342.81
16.04,-0.016732417309670934,,,,342.81
16.044,-0.01708241730967095,,,,342.81
16.048,-0.01716241730967092,,,,342.81
16.052,-0.017422417309670903,,,,342.81
16.056,-0.017592417309670906,,,,342.81
16.06,-0.017852417309670944,,,,342.81
16.064,-0.018102417309670917,,,,342.81
16.068,-0.0183624173096709,,,,342.81
16.072,-0.0183624173096709,,,,342.81
16.076,-0.0183624173096709,,,,342.81
16.08,-0.018532417309670902,,,,342.81
16.084,-0.01879241730967094,,,,342.81
16.088,-0.01888241730967092,,,,342.81
16.092,-0.01879241730967094,,,,342.81
16.096,-0.018622417309670937,,,,342.81
16.1,-0.0183624173096709,,,,342.81
16.104,-0.0183624173096709,,,,342.81
16.108,-0.0183624173096709,,,,342.81
16.112,-0.01828241730967093,,,,342.81
16.116,-0.018022417309670948,,,,342.81
16.12,-0.017932417309670913,,,,342.81
16.124,-0.01776241730967091,,,,342.81
16.128,-0.017502417309670927,,,,342.81
16.132,-0.01708241730967095,,,,342.81
16.136,-0.016822417309670913,,,,342.81
16.14,-0.016732417309670934,,,,342.81
16.144,-0.016302417309670948,,,,342.81
16.148,-0.015882417309670917,,,,342.81
16.152,-0.01545241730967093,,,,342.81
16.156,-0.015022417309670945,,,,342.81
16.16,-0.014682417309670938,,,,342.81
16.164,-0.014252417309670952,,,,342.81
16.168,-0.01382241730967091,,,,342.81
16.172,-0.013482417309670904,,,,342.81
16.176,-0.013052417309670918,,,,342.81
16.18,-0.012622417309670932,,,,342.81
16.184,-0.012112417309670921,,,,342.81
16.188,-0.011422417309670953,,,,342.81
16.192,-0.010992417309670911,,,,342.81
16.196,-0.010392417309670922,,,,342.81
16.2,-0.009622417309670929,,,,342.81
16.204,-0.009282417309670922,,,,342.81
16.208,-0.008762417309670902,,,,342.81
16.212,-0.007992417309670909,,,,342.81
16.216,-0.007562417309670923,,,,342.81
16.22,-0.006882417309670909,,,,342.81
16.224,-0.006022417309670937,,,,342.81
16.228,-0.005422417309670947,,,,342.81
16.232,-0.0051624173096709094,,,,342.81
16.236,-0.00456241730967092,,,,342.81
16.24,-0.003962417309670931,,,,342.81
16.244,-0.0032824173096709167,,,,342.81
16.248,-0.0026824173096709272,,,,342.81
16.252,-0.002082417309670938,,,,342.81
16.256,-0.0014824173096709482,,,,342.81
16.26,-0.0008824173096709032,,,,342.81
16.264,-0.0002824173096709138,,,,342.81
16.268,0.00031758269032907565,,,,342.81
16.272,0.0008375826903290961,,,,342.81
16.276,0.0014375826903290855,,,,342.81
16.28,0.0020375826903290747,,,,342.81
16.284,0.002637582690329064,,,,342.81
16.288,0.0032375826903290536,,,,342.81
16.292,0.003747582690329064,,,,342.81
16.296,0.0043475826903290535,,,,342.81
16.3,0.005117582690329046,,,,342.81
16.304,0.005717582690329091,,,,342.81
16.308,0.00580758269032907,,,,342.81
16.312,0.006317582690329081,,,,342.81
16.316,0.007007582690329049,,,,342.81
16.32,0.007347582690329056,,,,342.81
16.324,0.007857582690329067,,,,342.81
16.328,0.008287582690329053,,,,342.81
16.332,0.008717582690329094,,,,342.81
16.336,0.009317582690329083,,,,342.81
16.34,0.009917582690329073,,,,342.81
16.344,0.01025758269032908,,,,342.81
16.348,0.0107775826903291,,,,342.81
16.352,0.011207582690329086,,,,342.81
16.356,0.011457582690329059,,,,342.81
16.36,0.0118875826903291,,,,342.81
16.364,0.012317582690329086,,,,342.81
16.368,0.012827582690329097,,,,342.81
16.372,0.013177582690329058,,,,342.81
16.376,0.013257582690329082,,,,342.81
16.38,0.013517582690329065,,,,342.81
16.384,0.014027582690329075,,,,342.81
16.388,0.014457582690329061,,,,342.81
16.392,0.0147175826903291,,,,342.81
16.396,0.014977582690329082,,,,342.81
16.4,0.015317582690329089,,,,342.81
16.404,0.015577582690329071,,,,342.81
16.408,0.015747582690329075,,,,342.81
16.412,0.016007582690329057,,,,342.81
16.416,0.01617758269032906,,,,342.81
16.42,0.016347582690329064,,,,342.81
16.424,0.016607582690329047,,,,342.81
16.428,0.016857582690329075,,,,342.81
16.432,0.016857582690329075,,,,342.81
16.436,0.016857582690329075,,,,342.81
16.44,0.016857582690329075,,,,342.81
16.444,0.016857582690329075,,,,342.81
16.448,0.016857582690329075,,,,342.81
16.452,0.016857582690329075,,,,342.81
16.456,0.016857582690329075,,,,342.81
16.46,0.016857582690329075,,,,342.81
16.464,0.016947582690329054,,,,342.81
16.468,0.017027582690329078,,,,342.81
16.472,0.016947582690329054,,,,342.81
16.476,0.016947582690329054,,,,342.81
16.48,0.016947582690329054,,,,342.81
16.484,0.01677758269032905,,,,342.81
16.488,0.016607582690329047,,,,342.81
16.492,0.01677758269032905,,,,342.81
16.496,0.016607582690329047,,,,342.81
16.5,0.016517582690329068,,,,342.81
16.504,0.016257582690329085,,,,342.81
16.508,0.016007582690329057,,,,342.81
16.512,0.015747582690329075,,,,342.81
16.516,0.015577582690329071,,,,342.81
16.52,0.015227582690329054,,,,342.81
16.524,0.014887582690329047,,,,342.81
16.528,0.014457582690329061,,,,342.81
16.532,0.014027582690329075,,,,342.81
16.536,0.013687582690329068,,,,342.81
16.54,0.013257582690329082,,,,342.81
16.544,0.012827582690329097,,,,342.81
16.548,0.012407582690329065,,,,342.81
16.552,0.012057582690329048,,,,342.81
16.556,0.011977582690329079,,,,342.81
16.56,0.011547582690329093,,,,342.81
16.564,0.010947582690329048,,,,342.81
16.568,0.010347582690329059,,,,342.81
16.572,0.010007582690329052,,,,342.81
16.576,0.00965758269032909,,,,342.81
16.58,0.009057582690329101,,,,342.81
16.584,0.008717582690329094,,,,342.81
16.588,0.008377582690329087,,,,342.81
16.592,0.007947582690329101,,,,342.81
16.596,0.007257582690329077,,,,342.81
16.6,0.00640758269032906,,,,342.81
16.604,0.006057582690329098,,,,342.81
16.608,0.005457582690329053,,,,342.81
16.612,0.004844535404669293,,,,342.81
16.616,0.004230567513750444,,,,342.81
16.62,0.003607783657214754,,,,342.81
16.624,0.002968288474704466,,,,342.81
16.628,0.0023041866058618296,,,,342.81
16.632,0.001607582690329089,,,,342.81
16.636,0.0008375826903290961,,,,342.81
16.64,0.00023758269032905116,,,,342.81
16.644,-0.0003624173096709383,,,,342.81
16.648,-0.0010524173096709067,,,,342.81
16.652,-0.0016524173096709516,,,,342.81
16.656,-0.0024224173096709448,,,,342.81
16.66,-0.003112417309670913,,,,342.81
16.664,-0.0037124173096709026,,,,342.81
16.668,-0.0043924173096709165,,,,342.81
16.672,-0.0050824173096709405,,,,342.81
16.676,-0.006112417309670916,,,,342.81
16.68,-0.00679241730967093,,,,342.81
16.684,-0.007392417309670919,,,,342.81
16.688,-0.007992417309670909,,,,342.81
16.692,-0.008682417309670933,,,,342.81
16.696,-0.009622417309670929,,,,342.81
16.7,-0.010222417309670918,,,,342.81
16.704,-0.010822417309670908,,,,342.81
16.708,-0.011332417309670918,,,,342.81
16.712,-0.011932417309670908,,,,342.81
16.716,-0.012882417309670914,,,,342.81
16.72,-0.013392417309670925,,,,342.81
16.724,-0.01382241730967091,,,,342.81
16.728,-0.014162417309670917,,,,342.81
16.732,-0.014592417309670903,,,,342.81
16.736,-0.015022417309670945,,,,342.81
16.74,-0.0155324173096709,,,,342.81
16.744,-0.01596241730967094,,,,342.81
16.748,-0.016222417309670924,,,,342.81
16.752,-0.016392417309670927,,,,342.81
16.756,-0.016732417309670934,,,,342.81
16.76,-0.01708241730967095,,,,342.81
16.764,-0.017422417309670903,,,,342.81
16.768,-0.017592417309670906,,,,342.81
16.772,-0.017852417309670944,,,,342.81
16.776,-0.018022417309670948,,,,342.81
16.78,-0.01828241730967093,,,,342.81
16.784,-0.0183624173096709,,,,342.81
16.788,-0.018452417309670933,,,,342.81
16.792,-0.018702417309670906,,,,342.81
16.796,-0.01879241730967094,,,,342.81
16.8,-0.01888241730967092,,,,342.81
16.804,-0.01879241730967094,,,,342.81
16.808,-0.01879241730967094,,,,342.81
16.812,-0.01888241730967092,,,,342.81
16.816,-0.01879241730967094,,,,342.81
16.82,-0.018702417309670906,,,,342.81
16.824,-0.018452417309670933,,,,342.81
16.828,-0.0183624173096709,,,,342.81
16.832,-0.018102417309670917,,,,342.81
16.836,-0.017932417309670913,,,,342.81
16.84,-0.01768241730967094,,,,342.81
16.844,-0.017422417309670903,,,,342.81
16.848,-0.01708241730967095,,,,342.81
16.852,-0.016822417309670913,,,,342.81
16.856,-0.016732417309670934,,,,342.81
16.86,-0.016302417309670948,,,,342.81
16.864,-0.015882417309670917,,,,342.81
16.868,-0.0155324173096709,,,,342.81
16.872,-0.015022417309670945,,,,342.81
16.876,-0.014682417309670938,,,,342.81
16.88,-0.014252417309670952,,,,342.81
16.884,-0.01382241730967091,,,,342.81
16.888,-0.013482417309670904,,,,342.81
16.892,-0.012792417309670935,,,,342.81
16.896,-0.012282417309670925,,,,342.81
16.9,-0.011682417309670935,,,,342.81
16.904,-0.010992417309670911,,,,342.81
16.908,-0.010562417309670925,,,,342.81
16.912,-0.010052417309670915,,,,342.81
16.916,-0.009452417309670925,,,,342.81
16.92,-0.00902241730967094,,,,342.81
16.924,-0.00842241730967095,,,,342.81
16.928,-0.007562417309670923,,,,342.81
16.932,-0.007052417309670912,,,,342.81
16.936,-0.006282417309670919,,,,342.81
16.94,-0.005932417309670902,,,,342.81
16.944,-0.005332417309670913,,,,342.81
16.948,-0.004482417309670951,,,,342.81
16.952,-0.0037124173096709026,,,,342.81
16.956,-0.003112417309670913,,,,342.81
16.96,-0.0025124173096709237,,,,342.81
16.964,-0.002162417309670907,,,,342.81
16.968,-0.0014824173096709482,,,,342.81
16.972,-0.0010524173096709067,,,,342.81
16.976,-0.00045241730967091726,,,,342.81
16.98,5.7582690329093184e-05,,,,342.81
16.984,0.0007475826903290616,,,,342.81
16.988,0.001257582690329072,,,,342.81
16.992,0.0018575826903290615,,,,342.81
16.996,0.0024575826903290507,,,,342.81
17.0,0.002977582690329071,,,,342.81
17.004,0.003657582690329085,,,,342.81
17.008,0.00417758269032905,,,,342.81
17.012,0.0046875826903290604,,,,342.81
17.016,0.005117582690329046,,,,342.81
17.02,0.005717582690329091,,,,342.81
17.024,0.006147582690329077,,,,342.81
17.028,0.006657582690329088,,,,342.81
17.032,0.007087582690329074,,,,342.81
17.036,0.00751758269032906,,,,342.81
17.04,0.008207582690329084,,,,342.81
17.044,0.008717582690329094,,,,342.81
17.048,0.00914758269032908,,,,342.81
17.052,0.009487582690329087,,,,342.81
17.056,0.009917582690329073,,,,342.81
17.06,0.010347582690329059,,,,342.81
17.064,0.0107775826903291,,,,342.81
17.068,0.011207582690329086,,,,342.81
17.072,0.011547582690329093,,,,342.81
17.076,0.011977582690329079,,,,342.81
17.08,0.012317582690329086,,,,342.81
17.084,0.01248758269032909,,,,342.81
17.088,0.012827582690329097,,,,342.81
17.092,0.013257582690329082,,,,342.81
17.096,0.013517582690329065,,,,342.81
17.1,0.014027582690329075,,,,342.81
17.104,0.014377582690329092,,,,342.81
17.108,0.014547582690329096,,,,342.81
17.112,0.014887582690329047,,,,342.81
17.116,0.015147582690329085,,,,342.81
17.12,0.015407582690329068,,,,342.81
17.124,0.015747582690329075,,,,342.81
17.128,0.01608758269032908,,,,342.81
17.132,0.01617758269032906,,,,342.81
17.136,0.01642758269032909,,,,342.81
17.14,0.016517582690329068,,,,342.81
17.144,0.016517582690329068,,,,342.81
17.148,0.01677758269032905,,,,342.81
17.152,0.016857582690329075,,,,342.81
17.156,0.016857582690329075,,,,342.81
17.16,0.016857582690329075,,,,342.81
17.164,0.016857582690329075,,,,342.81
17.168,0.016857582690329075,,,,342.81
17.172,0.016857582690329075,,,,342.81
17.176,0.016857582690329075,,,,342.81
17.18,0.016947582690329054,,,,342.81
17.184,0.017117582690329057,,,,342.81
17.188,0.017117582690329057,,,,342.81
17.192,0.016947582690329054,,,,342.81
17.196,0.016947582690329054,,,,342.81
17.2,0.016947582690329054,,,,342.81
17.204,0.016857582690329075,,,,342.81
17.208,0.016607582690329047,,,,342.81
17.212,0.016517582690329068,,,,342.81
17.216,0.016257582690329085,,,,342.81
17.22,0.01608758269032908,,,,342.81
17.224,0.015657582690329096,,,,342.81
17.228,0.015317582690329089,,,,342.81
17.232,0.015227582690329054,,,,342.81
17.236,0.014807582690329078,,,,342.81
17.24,0.014377582690329092,,,,342.81
17.244,0.014027582690329075,,,,342.81
17.248,0.013687582690329068,,,,342.81
17.252,0.013257582690329082,,,,342.81
17.256,0.012747582690329072,,,,342.81
17.26,0.012407582690329065,,,,342.81
17.264,0.012317582690329086,,,,342.81
17.268,0.012057582690329048,,,,342.81
17.272,0.011547582690329093,,,,342.81
17.276,0.011027582690329073,,,,342.81
17.28,0.010427582690329083,,,,342.81
17.284,0.009917582690329073,,,,342.81
17.288,0.009577582690329066,,,,342.81
17.292,0.009227582690329049,,,,342.81
17.296,0.008717582690329094,,,,342.81
17.3,0.008377582690329087,,,,342.81
17.304,0.007857582690329067,,,,342.81
17.308,0.007177582690329053,,,,342.81
17.312,0.006657582690329088,,,,342.81
17.316,0.006147582690329077,,,,342.81
17.32,0.005717582690329091,,,,342.81
17.324,0.005117582690329046,,,,342.81
17.328,0.004517582690329057,,,,342.81
17.332,0.0038375826903290985,,,,342.81
17.336,0.0032375826903290536,,,,342.81
17.34,0.0024575826903290507,,,,342.81
17.344,0.001607582690329089,,,,342.81
17.348,0.0009175826903290651,,,,342.81
17.352,0.00031758269032907565,,,,342.81
17.356,-0.0003624173096709383,,,,342.81
17.36,-0.0010524173096709067,,,,342.81
17.364,-0.0016524173096709516,,,,342.81
17.368,-0.0023424173096709203,,,,342.81
17.372,-0.0029324173096708997,,,,342.81
17.376,-0.0036224173096709236,,,,342.81
17.38,-0.004222417309670913,,,,342.81
17.384,-0.004912417309670937,,,,342.81
17.388,-0.005422417309670947,,,,342.81
17.392,-0.006022417309670937,,,,342.81
17.396,-0.006532417309670947,,,,342.81
17.4,-0.00731241730967095,,,,342.81
17.404,-0.008082417309670943,,,,342.81
17.408,-0.008762417309670902,,,,342.81
17.412,-0.009452417309670925,,,,342.81
17.416,-0.010052417309670915,,,,342.81
17.42,-0.010652417309670904,,,,342.81
17.424,-0.011332417309670918,,,,342.81
17.428,-0.011932417309670908,,,,342.81
17.432,-0.012532417309670953,,,,342.81
17.436,-0.013052417309670918,,,,342.81
17.44,-0.013482417309670904,,,,342.81
17.444,-0.013902417309670935,,,,342.81
17.448,-0.014252417309670952,,,,342.81
17.452,-0.014682417309670938,,,,342.81
17.456,-0.015102417309670914,,,,342.81
17.46,-0.0155324173096709,,,,342.81
17.464,-0.01596241730967094,,,,342.81
17.468,-0.016222417309670924,,,,342.81
17.472,-0.016392417309670927,,,,342.81
17.476,-0.016732417309670934,,,,342.81
17.48,-0.01716241730967092,,,,342.81
17.484,-0.017422417309670903,,,,342.81
17.488,-0.01768241730967094,,,,342.81
17.492,-0.017932417309670913,,,,342.81
17.496,-0.018102417309670917,,,,342.81
17.5,-0.0183624173096709,,,,342.81
17.504,-0.018452417309670933,,,,342.81
17.508,-0.018702417309670906,,,,342.81
17.512,-0.01888241730967092,,,,342.81
17.516,-0.01888241730967092,,,,342.81
17.52,-0.01879241730967094,,,,342.81
17.524,-0.01879241730967094,,,,342.81
17.528,-0.01879241730967094,,,,342.81
17.532,-0.01879241730967094,,,,342.81
17.536,-0.01879241730967094,,,,342.81
17.54,-0.018532417309670902,,,,342.81
17.544,-0.018452417309670933,,,,342.81
17.548,-0.0183624173096709,,,,342.81
17.552,-0.018102417309670917,,,,342.81
17.556,-0.017932417309670913,,,,342.81
17.56,-0.017502417309670927,,,,342.81
17.564,-0.01716241730967092,,,,342.81
17.568,-0.01708241730967095,,,,342.81
17.572,-0.016822417309670913,,,,342.81
17.576,-0.016302417309670948,,,,342.81
17.58,-0.015882417309670917,,,,342.81
17.584,-0.015622417309670934,,,,342.81
17.588,-0.015102417309670914,,,,342.81
17.592,-0.014682417309670938,,,,342.81
17.596,-0.014252417309670952,,,,342.81
17.6,-0.01382241730967091,,,,342.81
17.604,-0.013482417309670904,,,,342.81
17.608,-0.012962417309670939,,,,342.81
17.612,-0.012282417309670925,,,,342.81
17.616,-0.011762417309670904,,,,342.81
17.62,-0.011332417309670918,,,,342.81
17.624,-0.010732417309670929,,,,342.81
17.628,-0.010222417309670918,,,,342.81
17.632,-0.009622417309670929,,,,342.81
17.636,-0.00902241730967094,,,,342.81
17.64,-0.008592417309670954,,,,342.81
17.644,-0.00791241730967094,,,,342.81
17.648,-0.007052417309670912,,,,342.81
17.652,-0.006452417309670923,,,,342.81
17.656,-0.005852417309670933,,,,342.81
17.66,-0.005252417309670944,,,,342.81
17.664,-0.00456241730967092,,,,342.81
17.668,-0.003962417309670931,,,,342.81
17.672,-0.003112417309670913,,,,342.81
17.676,-0.0024224173096709448,,,,342.81
17.68,-0.001912417309670934,,,,342.81
17.684,-0.0013124173096709447,,,,342.81
17.688,-0.0009624173096709277,,,,342.81
17.692,-0.0003624173096709383,,,,342.81
17.696,0.00014758269032907217,,,,342.81
17.7,0.0007475826903290616,,,,342.81
17.704,0.001257582690329072,,,,342.81
17.708,0.0018575826903290615,,,,342.81
17.712,0.002547582690329085,,,,342.81
17.716,0.003317582690329078,,,,342.81
17.72,0.0040075826903290465,,,,342.81
17.724,0.004517582690329057,,,,342.81
17.728,0.005117582690329046,,,,342.81
17.732,0.00580758269032907,,,,342.81
17.736,0.006147582690329077,,,,342.81
17.74,0.006657582690329088,,,,342.81
17.744,0.007177582690329053,,,,342.81
17.748,0.007777582690329098,,,,342.81
17.752,0.008207582690329084,,,,342.81
17.756,0.008717582690329094,,,,342.81
17.76,0.00914758269032908,,,,342.81
17.764,0.009577582690329066,,,,342.81
17.768,0.010177582690329055,,,,342.81
17.772,0.010687582690329066,,,,342.81
17.776,0.011117582690329052,,,,342.81
17.78,0.011287582690329055,,,,342.81
17.784,0.011627582690329062,,,,342.81
17.788,0.012057582690329048,,,,342.81
17.792,0.012407582690329065,,,,342.81
17.796,0.012827582690329097,,,,342.81
17.8,0.013257582690329082,,,,342.81
17.804,0.013427582690329086,,,,342.81
17.808,0.0136075826903291,,,,342.81
17.812,0.014027582690329075,,,,342.81
17.816,0.014457582690329061,,,,342.81
17.82,0.014807582690329078,,,,342.81
17.824,0.015147582690329085,,,,342.81
17.828,0.015407582690329068,,,,342.81
17.832,0.015657582690329096,,,,342.81
17.836,0.015747582690329075,,,,342.81
17.84,0.016007582690329057,,,,342.81
17.844,0.01617758269032906,,,,342.81
17.848,0.016257582690329085,,,,342.81
17.852,0.016257582690329085,,,,342.81
17.856,0.016347582690329064,,,,342.81
17.86,0.016517582690329068,,,,342.81
17.864,0.01668758269032907,,,,342.81
17.868,0.016607582690329047,,,,342.81
17.872,0.016607582690329047,,,,342.81
17.876,0.01668758269032907,,,,342.81
17.88,0.016857582690329075,,,,342.81
17.884,0.016857582690329075,,,,342.81
17.888,0.016947582690329054,,,,342.81
17.892,0.017117582690329057,,,,342.81
17.896,0.017027582690329078,,,,342.81
17.9,0.016947582690329054,,,,342.81
17.904,0.016947582690329054,,,,342.81
17.908,0.016947582690329054,,,,342.81
17.912,0.01677758269032905,,,,342.81
17.916,0.016517582690329068,,,,342.81
17.92,0.01642758269032909,,,,342.81
17.924,0.01617758269032906,,,,342.81
17.928,0.01608758269032908,,,,342.81
17.932,0.0158275826903291,,,,342.81
17.936,0.015577582690329071,,,,342.81
17.94,0.015317582690329089,,,,342.81
17.944,0.015227582690329054,,,,342.81
17.948,0.014807582690329078,,,,342.81
17.952,0.014377582690329092,,,,342.81
17.956,0.014027582690329075,,,,342.81
17.96,0.013687582690329068,,,,342.81
17.964,0.013257582690329082,,,,342.81
17.968,0.012747582690329072,,,,342.81
17.972,0.012317582690329086,,,,342.81
17.976,0.011977582690329079,,,,342.81
17.98,0.011717582690329097,,,,342.81
17.984,0.011547582690329093,,,,342.81
17.988,0.011207582690329086,,,,342.81
17.992,0.0107775826903291,,,,342.81
17.996,0.010347582690329059,,,,342.81
18.0,0.009827582690329094,,,,342.81
18.004,0.009317582690329083,,,,342.81
18.008,0.008717582690329094,,,,342.81
18.012,0.008377582690329087,,,,342.81
18.016,0.007857582690329067,,,,342.81
18.02,0.007177582690329053,,,,342.81
18.024,0.006747582690329067,,,,342.81
18.028,0.00640758269032906,,,,342.81
18.032,0.00580758269032907,,,,342.81
18.036,0.005377582690329084,,,,342.81
18.04,0.004857582690329064,,,,342.81
18.044,0.0042575826903290745,,,,342.81
18.048,0.003657582690329085,,,,342.81
18.052,0.0030575826903290956,,,,342.81
18.056,0.0024575826903290507,,,,342.81
18.06,0.001687582690329058,,,,342.81
18.064,0.0010075826903290996,,,,342.81
18.068,0.00014758269032907217,,,,342.81
18.072,-0.0005424173096709518,,,,342.81
18.076,-0.0008824173096709032,,,,342.81
18.08,-0.0014824173096709482,,,,342.81
18.084,-0.002082417309670938,,,,342.81
18.088,-0.0027624173096709517,,,,342.81
18.092,-0.003362417309670941,,,,342.81
18.096,-0.003962417309670931,,,,342.81
18.1,-0.0043924173096709165,,,,342.81
18.104,-0.005332417309670913,,,,342.81
18.108,-0.006022417309670937,,,,342.81
18.112,-0.006622417309670926,,,,342.81
18.116,-0.00731241730967095,,,,342.81
18.12,-0.007992417309670909,,,,342.81
18.124,-0.008852417309670936,,,,342.81
18.128,-0.009452417309670925,,,,342.81
18.132,-0.01013241730967094,,,,342.81
18.136,-0.010732417309670929,,,,342.81
18.14,-0.011422417309670953,,,,342.81
18.144,-0.012192417309670946,,,,342.81
18.148,-0.012792417309670935,,,,342.81
18.152,-0.013392417309670925,,,,342.81
18.156,-0.01382241730967091,,,,342.81
18.16,-0.014252417309670952,,,,342.81
18.164,-0.014592417309670903,,,,342.81
18.168,-0.015022417309670945,,,,342.81
18.172,-0.0155324173096709,,,,342.81
18.176,-0.01596241730967094,,,,342.81
18.18,-0.016302417309670948,,,,342.81
18.184,-0.01665241730967091,,,,342.81
18.188,-0.01708241730967095,,,,342.81
18.192,-0.017502417309670927,,,,342.81
18.196,-0.01776241730967091,,,,342.81
18.2,-0.018022417309670948,,,,342.81
18.204,-0.018452417309670933,,,,342.81
18.208,-0.01879241730967094,,,,342.81
18.212,-0.01888241730967092,,,,342.81
18.216,-0.019052417309670923,,,,342.81
18.22,-0.019052417309670923,,,,342.81
18.224,-0.019222417309670926,,,,342.81
18.228,-0.01948241730967091,,,,342.81
18.232,-0.019562417309670933,,,,342.81
18.236,-0.019562417309670933,,,,342.81
18.24,-0.019562417309670933,,,,342.81
18.244,-0.01948241730967091,,,,342.81
18.248,-0.01930241730967095,,,,342.81
18.252,-0.019222417309670926,,,,342.81
18.256,-0.019052417309670923,,,,342.81
18.26,-0.01888241730967092,,,,342.81
18.264,-0.018702417309670906,,,,342.81
18.268,-0.018452417309670933,,,,342.81
18.272,-0.01828241730967093,,,,342.81
18.276,-0.017932417309670913,,,,342.81
18.28,-0.017592417309670906,,,,342.81
18.284,-0.01716241730967092,,,,342.81
18.288,-0.016732417309670934,,,,342.81
18.292,-0.016302417309670948,,,,342.81
18.296,-0.015882417309670917,,,,342.81
18.3,-0.0155324173096709,,,,342.81
18.304,-0.015102417309670914,,,,342.81
18.308,-0.014682417309670938,,,,342.81
18.312,-0.014332417309670921,,,,342.81
18.316,-0.013992417309670914,,,,342.81
18.32,-0.013482417309670904,,,,342.81
18.324,-0.01271241730967091,,,,342.81
18.328,-0.012192417309670946,,,,342.81
18.332,-0.0115924173096709,,,,342.81
18.336,-0.010822417309670908,,,,342.81
18.34,-0.01013241730967094,,,,342.81
18.344,-0.009452417309670925,,,,342.81
18.348,-0.008852417309670936,,,,342.81
18.352,-0.008162417309670912,,,,342.81
18.356,-0.007482417309670954,,,,342.81
18.36,-0.00679241730967093,,,,342.81
18.364,-0.00619241730967094,,,,342.81
18.368,-0.005332417309670913,,,,342.81
18.372,-0.0048224173096709025,,,,342.81
18.376,-0.00405241730967091,,,,342.81
18.38,-0.0032824173096709167,,,,342.81
18.384,-0.0025924173096709482,,,,342.81
18.388,-0.0016524173096709516,,,,342.81
18.392,-0.0008824173096709032,,,,342.81
18.396,-0.0002824173096709138,,,,342.81
18.4,0.00040758269032905464,,,,342.81
18.404,0.0008375826903290961,,,,342.81
18.408,0.0011775826903290475,,,,342.81
18.412,0.001607582690329089,,,,342.81
18.416,0.001687582690329058,,,,342.81
18.42,0.0021175826903290992,,,,342.81
18.424,0.0027175826903290887,,,,342.81
18.428,0.0031475826903290746,,,,342.81
18.432,0.0040075826903290465,,,,342.81
18.436,0.004517582690329057,,,,342.81
18.44,0.005117582690329046,,,,342.81
18.444,0.00580758269032907,,,,342.81
18.448,0.006147582690329077,,,,342.81
18.452,0.006657582690329088,,,,342.81
18.456,0.007177582690329053,,,,342.81
18.46,0.007777582690329098,,,,342.81
18.464,0.008207582690329084,,,,342.81
18.468,0.00854758269032909,,,,342.81
18.472,0.008807582690329073,,,,342.81
18.476,0.00914758269032908,,,,342.81
18.48,0.009487582690329087,,,,342.81
18.484,0.009917582690329073,,,,342.81
18.488,0.010347582690329059,,,,342.81
18.492,0.010687582690329066,,,,342.81
18.496,0.011117582690329052,,,,342.81
18.5,0.011547582690329093,,,,342.81
18.504,0.011977582690329079,,,,342.81
18.508,0.012317582690329086,,,,342.81
18.512,0.01248758269032909,,,,342.81
18.516,0.012827582690329097,,,,342.81
18.52,0.013177582690329058,,,,342.81
18.524,0.013687582690329068,,,,342.81
18.528,0.014027582690329075,,,,342.81
18.532,0.014207582690329089,,,,342.81
18.536,0.014547582690329096,,,,342.81
18.54,0.014807582690329078,,,,342.81
18.544,0.014977582690329082,,,,342.81
18.548,0.015227582690329054,,,,342.81
18.552,0.015317582690329089,,,,342.81
18.556,0.015487582690329092,,,,342.81
18.56,0.015747582690329075,,,,342.81
18.564,0.016007582690329057,,,,342.81
18.568,0.01608758269032908,,,,342.81
18.572,0.016347582690329064,,,,342.81
18.576,0.01642758269032909,,,,342.81
18.58,0.016517582690329068,,,,342.81
18.584,0.016517582690329068,,,,342.81
18.588,0.016517582690329068,,,,342.81
18.592,0.016517582690329068,,,,342.81
18.596,0.01642758269032909,,,,342.81
18.6,0.016517582690329068,,,,342.81
18.604,0.01668758269032907,,,,342.81
18.608,0.016947582690329054,,,,342.81
18.612,0.017027582690329078,,,,342.81
18.616,0.016947582690329054,,,,342.81
18.62,0.016857582690329075,,,,342.81
18.624,0.016607582690329047,,,,342.81
18.628,0.016517582690329068,,,,342.81
18.632,0.016517582690329068,,,,342.81
18.636,0.01642758269032909,,,,342.81
18.64,0.016257582690329085,,,,342.81
18.644,0.01608758269032908,,,,342.81
18.648,0.0158275826903291,,,,342.81
18.652,0.015747582690329075,,,,342.81
18.656,0.015657582690329096,,,,342.81
18.66,0.015317582690329089,,,,342.81
18.664,0.014807582690329078,,,,342.81
18.668,0.014457582690329061,,,,342.81
18.672,0.014377582690329092,,,,342.81
18.676,0.014117582690329054,,,,342.81
18.68,0.0136075826903291,,,,342.81
18.684,0.013177582690329058,,,,342.81
18.688,0.012827582690329097,,,,342.81
18.692,0.01248758269032909,,,,342.81
18.696,0.012227582690329052,,,,342.81
18.7,0.011977582690329079,,,,342.81
18.704,0.011627582690329062,,,,342.81
18.708,0.011207582690329086,,,,342.81
18.712,0.010607582690329097,,,,342.81
18.716,0.010007582690329052,,,,342.81
18.72,0.009577582690329066,,,,342.81
18.724,0.009317582690329083,,,,342.81
18.728,0.008887582690329097,,,,342.81
18.732,0.008377582690329087,,,,342.81
18.736,0.007947582690329101,,,,342.81
18.74,0.00751758269032906,,,,342.81
18.744,0.007087582690329074,,,,342.81
18.748,0.006577582690329063,,,,342.81
18.752,0.005977582690329074,,,,342.81
18.756,0.005377582690329084,,,,342.81
18.76,0.004857582690329064,,,,342.81
18.764,0.004087582690329071,,,,342.81
18.768,0.0031475826903290746,,,,342.81
18.772,0.0024575826903290507,,,,342.81
18.776,0.0015175826903290545,,,,342.81
18.78,0.0007475826903290616,,,,342.81
18.784,0.00031758269032907565,,,,342.81
18.788,-0.0002824173096709138,,,,342.81
18.792,-0.0010524173096709067,,,,342.81
18.796,-0.0015624173096709171,,,,342.81
18.8,-0.0019924173096709033,,,,342.81
18.804,-0.0025924173096709482,,,,342.81
18.808,-0.0032824173096709167,,,,342.81
18.812,-0.004015360013607742,,,,342.81
18.816,-0.004776771472820363,,,,342.81
18.82,-0.005552417309670882,,,,342.81
18.824,-0.0063280631465214105,,,,342.81
18.828,-0.00708947460573405,,,,342.81
18.832,-0.007822417309670905,,,,342.81
18.836,-0.008512417309670929,,,,342.81
18.84,-0.009362417309670946,,,,342.81
18.844,-0.010052417309670915,,,,342.81
18.848,-0.010652417309670904,,,,342.81
18.852,-0.011332417309670918,,,,342.81
18.856,-0.012022417309670942,,,,342.81
18.86,-0.012962417309670939,,,,342.81
18.864,-0.013482417309670904,,,,342.81
18.868,-0.01382241730967091,,,,342.81
18.872,-0.014332417309670921,,,,342.81
18.876,-0.01493241730967091,,,,342.81
18.88,-0.01545241730967093,,,,342.81
18.884,-0.01596241730967094,,,,342.81
18.888,-0.016302417309670948,,,,342.81
18.892,-0.01665241730967091,,,,342.81
18.896,-0.01708241730967095,,,,342.81
18.9,-0.017502417309670927,,,,342.81
18.904,-0.01776241730967091,,,,342.81
18.908,-0.017932417309670913,,,,342.81
18.912,-0.018102417309670917,,,,342.81
18.916,-0.018532417309670902,,,,342.81
18.92,-0.018622417309670937,,,,342.81
18.924,-0.018962417309670944,,,,342.81
18.928,-0.019052417309670923,,,,342.81
18.932,-0.01948241730967091,,,,342.81
18.936,-0.019562417309670933,,,,342.81
18.94,-0.019562417309670933,,,,342.81
18.944,-0.019562417309670933,,,,342.81
18.948,-0.019562417309670933,,,,342.81
18.952,-0.019562417309670933,,,,342.81
18.956,-0.01948241730967091,,,,342.81
18.96,-0.01930241730967095,,,,342.81
18.964,-0.019222417309670926,,,,342.81
18.968,-0.019052417309670923,,,,342.81
18.972,-0.018962417309670944,,,,342.81
18.976,-0.01879241730967094,,,,342.81
18.98,-0.018452417309670933,,,,342.81
18.984,-0.018102417309670917,,,,342.81
18.988,-0.017852417309670944,,,,342.81
18.992,-0.017502417309670927,,,,342.81
18.996,-0.01716241730967092,,,,342.81
19.0,-0.016732417309670934,,,,342.81
19.004,-0.016392417309670927,,,,342.81
19.008,-0.01596241730967094,,,,342.81
19.012,-0.0155324173096709,,,,342.81
19.016,-0.015102417309670914,,,,342.81
19.02,-0.014682417309670938,,,,342.81
19.024,-0.014332417309670921,,,,342.81
19.028,-0.013902417309670935,,,,342.81
19.032,-0.013392417309670925,,,,342.81
19.036,-0.01271241730967091,,,,342.81
19.04,-0.011932417309670908,,,,342.81
19.044,-0.011422417309670953,,,,342.81
19.048,-0.010822417309670908,,,,342.81
19.052,-0.010222417309670918,,,,342.81
19.056,-0.009712417309670908,,,,342.81
19.06,-0.009282417309670922,,,,342.81
19.064,-0.008592417309670954,,,,342.81
19.068,-0.007732417309670926,,,,342.81
19.072,-0.006962417309670933,,,,342.81
19.076,-0.006362417309670944,,,,342.81
19.08,-0.005762417309670899,,,,342.81
19.084,-0.005252417309670944,,,,342.81
19.088,-0.004572860917896929,,,,342.81
19.092,-0.0037533695239913905,,,,342.81
19.096,-0.002875761297085171,,,,342.81
19.1,-0.0020218544063091183,,,,342.81
19.104,-0.0012734670207940793,,,,342.81
19.108,-0.0007124173096708997,,,,342.81
19.112,-0.0003624173096709383,,,,342.81
19.116,-2.2417309670931312e-05,,,,342.81
19.12,0.00014758269032907217,,,,342.81
19.124,0.0005775826903290581,,,,342.81
19.128,0.0008375826903290961,,,,342.81
19.132,0.0014375826903290855,,,,342.81
19.136,0.0020375826903290747,,,,342.81
19.14,0.0024575826903290507,,,,342.81
19.144,0.0030575826903290956,,,,342.81
19.148,0.0040075826903290465,,,,342.81
19.152,0.004517582690329057,,,,342.81
19.156,0.005117582690329046,,,,342.81
19.16,0.005717582690329091,,,,342.81
19.164,0.006147582690329077,,,,342.81
19.168,0.006317582690329081,,,,342.81
19.172,0.006657582690329088,,,,342.81
19.176,0.007087582690329074,,,,342.81
19.18,0.007857582690329067,,,,342.81
19.184,0.008457582690329056,,,,342.81
19.188,0.008717582690329094,,,,342.81
19.192,0.00914758269032908,,,,342.81
19.196,0.009487582690329087,,,,342.81
19.2,0.009917582690329073,,,,342.81
19.204,0.010427582690329083,,,,342.81
19.208,0.01085758269032907,,,,342.81
19.212,0.011207582690329086,,,,342.81
19.216,0.011547582690329093,,,,342.81
19.22,0.011977582690329079,,,,342.81
19.224,0.012407582690329065,,,,342.81
19.228,0.012747582690329072,,,,342.81
19.232,0.013177582690329058,,,,342.81
19.236,0.013517582690329065,,,,342.81
19.24,0.013777582690329047,,,,342.81
19.244,0.014117582690329054,,,,342.81
19.248,0.014457582690329061,,,,342.81
19.252,0.0147175826903291,,,,342.81
19.256,0.014977582690329082,,,,342.81
19.26,0.015317582690329089,,,,342.81
19.264,0.015577582690329071,,,,342.81
19.268,0.015747582690329075,,,,342.81
19.272,0.016007582690329057,,,,342.81
19.276,0.016257582690329085,,,,342.81
19.28,0.01642758269032909,,,,342.81
19.284,0.01642758269032909,,,,342.81
19.288,0.01642758269032909,,,,342.81
19.292,0.01642758269032909,,,,342.81
19.296,0.016517582690329068,,,,342.81
19.3,0.016607582690329047,,,,342.81
19.304,0.016947582690329054,,,,342.81
19.308,0.017117582690329057,,,,342.81
19.312,0.016947582690329054,,,,342.81
19.316,0.016947582690329054,,,,342.81
19.32,0.016947582690329054,,,,342.81
19.324,0.016947582690329054,,,,342.81
19.328,0.016947582690329054,,,,342.81
19.332,0.016947582690329054,,,,342.81
19.336,0.016947582690329054,,,,342.81
19.34,0.016947582690329054,,,,342.81
19.344,0.016857582690329075,,,,342.81
19.348,0.016607582690329047,,,,342.81
19.352,0.016517582690329068,,,,342.81
19.356,0.016257582690329085,,,,342.81
19.36,0.01617758269032906,,,,342.81
19.364,0.016007582690329057,,,,342.81
19.368,0.015657582690329096,,,,342.81
19.372,0.015407582690329068,,,,342.81
19.376,0.015147582690329085,,,,342.81
19.38,0.014807582690329078,,,,342.81
19.384,0.014457582690329061,,,,342.81
19.388,0.014117582690329054,,,,342.81
19.392,0.0136075826903291,,,,342.81
19.396,0.013177582690329058,,,,342.81
19.4,0.012827582690329097,,,,342.81
19.404,0.01248758269032909,,,,342.81
19.408,0.012057582690329048,,,,342.81
19.412,0.011627582690329062,,,,342.81
19.416,0.01137758269032909,0.0008756540267726706,,,342.81
19.42,0.011027582690329073,0.00027565402677268115,,,342.81
19.424,0.010607582690329097,0.001395654026772691,,,342.81
19.428,0.010007582690329052,0.0019056540267727014,,,342.81
19.432,0.009487582690329087,0.0019956540267726803,,,342.81
19.436,0.009057582690329101,0.0026756540267726943,,,342.81
19.44,0.00862758269032906,0.003195654026772659,,,342.81
19.444,0.00802758269032907,0.0037956540267726486,,,342.81
19.448,0.00751758269032906,0.0039656540267726526,,,342.81
19.452,0.00691758269032907,0.0043056540267726595,,,342.81
19.456,0.006317582690329081,0.00482565402677268,,,342.81
19.46,0.006057582690329098,0.005425654026772669,,,342.81
19.464,0.00528758269032905,0.005595654026772673,,,342.81
19.468,0.004857582690329064,0.00593565402677268,,,342.81
19.472,0.004437582690329088,0.006535654026772669,,,342.81
19.476,0.003853264734128257,0.007135654026772659,,,342.81
19.48,0.003136864927575824,0.007475654026772666,,,342.81
19.484,0.00234824004529574,0.007735654026772704,,,342.81
19.488,0.001547246861911954,0.00816565402677269,,,342.81
19.492,0.0007937421520484149,0.008595654026772676,,,342.81
19.496,0.00014758269032907217,0.008935654026772683,,,342.81
19.5,-0.0003624173096709383,0.009195654026772665,,,342.81
19.504,-0.0010524173096709067,0.009705654026772675,,,342.81
19.508,-0.0015624173096709171,0.010135654026772661,,,342.81
19.512,-0.002082417309670938,0.010565654026772703,,,342.81
19.516,-0.0027624173096709517,0.010995654026772689,,,342.81
19.52,-0.003362417309670941,0.011245654026772661,,,342.81
19.524,-0.00405241730967091,0.011675654026772703,,,342.81
19.528,-0.0047324173096709235,0.012105654026772689,,,342.81
19.532,-0.005332417309670913,0.012535654026772675,,,342.81
19.536,-0.006022417309670937,0.012795654026772657,,,342.81
19.54,-0.006622417309670926,0.013045654026772685,,,342.81
19.544,-0.007392417309670919,0.013395654026772702,,,342.81
19.548,-0.007992417309670909,0.013645654026772674,,,342.81
19.552,-0.008682417309670933,0.013905654026772657,,,342.81
19.556,-0.00953241730967095,0.014165654026772695,,,342.81
19.56,-0.01013241730967094,0.014335654026772698,,,342.81
19.564,-0.010732417309670929,0.01459565402677268,,,342.81
19.568,-0.011332417309670918,0.014765654026772684,,,342.81
19.572,-0.011932417309670908,0.015105654026772691,,,342.81
19.576,-0.012792417309670935,0.015365654026772674,,,342.81
19.58,-0.013392417309670925,0.015445654026772698,,,342.81
19.584,-0.013902417309670935,0.015535654026772677,,,342.81
19.588,-0.014252417309670952,0.01579565402677266,,,342.81
19.592,-0.014762417309670907,0.015875654026772684,,,342.81
19.596,-0.01545241730967093,0.015875654026772684,,,342.81
19.6,-0.01596241730967094,0.015875654026772684,,,342.81
19.604,-0.016302417309670948,0.015875654026772684,,,342.81
19.608,-0.01656241730967093,0.015965654026772663,,,342.81
19.612,-0.01665241730967091,0.015875654026772684,,,342.81
19.616,-0.016822417309670913,0.015965654026772663,,,342.81
19.62,-0.01716241730967092,0.015965654026772663,,,342.81
19.624,-0.017502417309670927,0.015965654026772663,,,342.81
19.628,-0.017852417309670944,0.015965654026772663,,,342.81
19.632,-0.018022417309670948,0.015875654026772684,,,342.81
19.636,-0.01819241730967095,0.015875654026772684,,,342.81
19.64,-0.018532417309670902,0.015875654026772684,,,342.81
19.644,-0.018962417309670944,0.015965654026772663,,,342.81
19.648,-0.019132417309670947,0.016135654026772667,,,342.81
19.652,-0.01930241730967095,0.01579565402677266,,,342.81
19.656,-0.019562417309670933,0.015535654026772677,,,342.81
19.66,-0.019562417309670933,0.015365654026772674,,,342.81
19.664,-0.019562417309670933,0.015105654026772691,,,342.81
19.668,-0.01948241730967091,0.015105654026772691,,,342.81
19.672,-0.019222417309670926,0.014935654026772688,,,342.81
19.676,-0.019222417309670926,0.01459565402677268,,,342.81
19.68,-0.019222417309670926,0.014335654026772698,,,342.81
19.684,-0.019132417309670947,0.01407565402677266,,,342.81
19.688,-0.018962417309670944,0.013735654026772653,,,342.81
19.692,-0.01879241730967094,0.013645654026772674,,,342.81
19.696,-0.018532417309670902,0.013645654026772674,,,342.81
19.7,-0.01828241730967093,0.013215654026772689,,,342.81
19.704,-0.017932417309670913,0.012875654026772682,,,342.81
19.708,-0.01768241730967094,0.012535654026772675,,,342.81
19.712,-0.017502417309670927,0.012105654026772689,,,342.81
19.716,-0.01716241730967092,0.011765654026772682,,,342.81
19.72,-0.016732417309670934,0.011335654026772696,,,342.81
19.724,-0.016302417309670948,0.010905654026772654,,,342.81
19.728,-0.015882417309670917,0.010565654026772703,,,342.81
19.732,-0.01545241730967093,0.010215654026772686,,,342.81
19.736,-0.015022417309670945,0.009795654026772654,,,342.81
19.74,-0.014682417309670938,0.009105654026772686,,,342.81
19.744,-0.014082417309670948,0.008505654026772697,,,342.81
19.748,-0.013302417309670946,0.008075654026772655,,,342.81
19.752,-0.012962417309670939,0.007645654026772669,,,342.81
19.756,-0.012282417309670925,0.007135654026772659,,,342.81
19.76,-0.011682417309670935,0.00644565402677269,,,342.81
19.764,-0.011082417309670946,0.005845654026772701,,,342.81
19.768,-0.010562417309670925,0.005245654026772656,,,342.81
19.772,-0.009792417309670932,0.0046456540267726665,,,342.81
19.776,-0.009192417309670943,0.004135654026772656,,,342.81
19.78,-0.008592417309670954,0.0037956540267726486,,,342.81
19.784,-0.007992417309670909,0.003195654026772659,,,342.81
19.788,-0.007392417309670919,0.0025956540267726698,,,342.81
19.792,-0.00679241730967093,0.0019056540267727014,,,342.81
19.796,-0.00619241730967094,0.001395654026772691,,,342.81
19.8,-0.005592417309670951,0.0007056540267726671,,,342.81
19.804,-0.0047324173096709235,-0.0001543459732273048,,,342.81
19.808,-0.003962417309670931,-0.0008343459732273187,,,342.81
19.812,-0.003362417309670941,-0.0014343459732273083,,,342.81
19.816,-0.0025124173096709237,-0.0022943459732273357,,,342.81
19.82,-0.001912417309670934,-0.0029743459732273496,,,342.81
19.824,-0.0013124173096709447,-0.003574345973227339,,,342.81
19.828,-0.0007924173096709242,-0.0040943459732273035,,,342.81
19.832,-0.0002824173096709138,-0.0044343459732273105,,,342.81
19.836,0.00031758269032907565,-0.0050343459732273,,,342.81
19.84,0.0008375826903290961,-0.005634345973227345,,,342.81
19.844,0.001347582690329051,-0.006324345973227313,,,342.81
19.848,0.0018575826903290615,-0.006834345973227324,,,342.81
19.852,0.0024575826903290507,-0.007524345973227348,,,342.81
19.856,0.002977582690329071,-0.008204345973227306,,,342.81
19.86,0.003657582690329085,-0.008804345973227351,,,342.81
19.864,0.00417758269032905,-0.00949434597322732,,,342.81
19.868,0.004777582690329095,-0.010094345973227309,,,342.81
19.872,0.005377582690329084,-0.010774345973227323,,,342.81
19.876,0.005717582690329091,-0.011464345973227347,,,342.81
19.88,0.006237582690329056,-0.011974345973227302,,,342.81
19.884,0.00691758269032907,-0.012404345973227343,,,342.81
19.888,0.007347582690329056,-0.01274434597322735,,,342.81
19.892,0.007857582690329067,-0.013174345973227336,,,342.81
19.896,0.008287582690329053,-0.013694345973227301,,,342.81
19.9,0.008807582690329073,-0.014114345973227332,,,342.81
19.904,0.009407582690329062,-0.01446434597322735,,,342.81
19.908,0.009827582690329094,-0.014894345973227335,,,342.81
19.912,0.01025758269032908,-0.015314345973227311,,,342.81
19.916,0.0107775826903291,-0.015664345973227328,,,342.81
19.92,0.011207582690329086,-0.016094345973227314,,,342.81
19.924,0.011547582690329093,-0.016604345973227325,,,342.81
19.928,0.011807582690329076,-0.01694434597322733,,,342.81
19.932,0.012057582690329048,-0.01703434597322731,,,342.81
19.936,0.012407582690329065,-0.01729434597322735,,,342.81
19.94,0.012747582690329072,-0.017374345973227318,,,342.81
19.944,0.013087582690329079,-0.017714345973227325,,,342.81
19.948,0.013517582690329065,-0.017974345973227307,,,342.81
19.952,0.013947582690329051,-0.018234345973227345,,,342.81
19.956,0.014207582690329089,-0.018234345973227345,,,342.81
19.96,0.014547582690329096,-0.01814434597322731,,,342.81
19.964,0.014807582690329078,-0.018314345973227314,,,342.81
19.968,0.014977582690329082,-0.018494345973227327,,,342.81
19.972,0.015317582690329089,-0.018574345973227296,,,342.81
19.976,0.015577582690329071,-0.018574345973227296,,,342.81
19.98,0.015747582690329075,-0.018494345973227327,,,342.81
19.984,0.016007582690329057,-0.018314345973227314,,,342.81
19.988,0.01608758269032908,-0.018234345973227345,,,342.81
19.992,0.016257582690329085,-0.01814434597322731,,,342.81
19.996,0.016517582690329068,-0.01806434597322734,,,342.81
20.0,0.016607582690329047,-0.017894345973227338,,,342.81
20.004,0.01668758269032907,-0.017714345973227325,,,342.81
20.008,0.016857582690329075,-0.017464345973227297,,,342.81
20.012,0.01677758269032905,-0.01729434597322735,,,342.81
20.016,0.016607582690329047,-0.01694434597322733,,,342.81
20.02,0.01642758269032909,-0.016514345973227346,,,342.81
20.024,0.01642758269032909,-0.01617434597322734,,,342.81
20.028,0.016517582690329068,-0.016094345973227314,,,342.81
20.032,0.016517582690329068,-0.015744345973227297,,,342.81
20.036,0.01642758269032909,-0.015314345973227311,,,342.81
20.04,0.01642758269032909,-0.014894345973227335,,,342.81
20.044,0.016517582690329068,-0.014544345973227318,,,342.81
20.048,0.01677758269032905,-0.014114345973227332,,,342.81
20.052,0.01668758269032907,-0.013694345973227301,,,342.81
20.056,0.016257582690329085,-0.01334434597322734,,,342.81
20.06,0.01642758269032909,-0.01274434597322735,,,342.81
20.064,0.01642758269032909,-0.011804345973227298,,,342.81
20.068,0.016257582690329085,-0.011294345973227343,,,342.81
20.072,0.01608758269032908,-0.010774345973227323,,,342.81
20.076,0.0158275826903291,-0.010344345973227337,,,342.81
20.08,0.015657582690329096,-0.009664345973227323,,,342.81
20.084,0.015317582690329089,-0.00889434597322733,,,342.81
20.088,0.014977582690329082,-0.008204345973227306,,,342.81
20.092,0.014807582690329078,-0.007694345973227351,,,342.81
20.096,0.014457582690329061,-0.006924345973227303,,,342.81
20.1,0.014027582690329075,-0.006234345973227334,,,342.81
20.104,0.013687582690329068,-0.00554434597322731,,,342.81
20.108,0.013257582690329082,-0.005124345973227334,,,342.81
20.112,0.012827582690329097,-0.004524345973227345,,,342.81
20.116,0.012407582690329065,-0.003574345973227339,,,342.81
20.12,0.011977582690329079,-0.002894345973227325,,,342.81
20.124,0.011627582690329062,-0.0026343459732273426,,,342.81
20.128,0.011207582690329086,-0.0023743459732273047,,,342.81
20.132,0.01085758269032907,-0.002204345973227301,,,342.81
20.136,0.010687582690329066,-0.0019543459732273287,,,342.81
20.14,0.010347582690329059,-0.0017743459732273152,,,342.81
20.144,0.00974758269032907,-0.0016043459732273118,,,342.81
20.148,0.00914758269032908,-0.0014343459732273083,,,342.81
20.152,0.008717582690329094,-0.0010572205088477224,,,342.81
20.156,0.008457582690329056,-0.00047906093826902434,,,342.81
20.16,0.008117582690329049,0.0002781705254596792,,,342.81
20.164,0.00751758269032906,0.0011709992459890814,,,342.81
20.168,0.007007582690329049,0.002155950586969876,,,342.81
20.172,0.006487582690329084,0.0031895499120527557,,,342.81
20.176,0.00580758269032907,0.004228322584888414,,,342.81
20.18,0.005457582690329053,0.0052287939691275445,,,342.81
20.184,0.005207582690329081,0.006147489428420841,,,342.81
20.188,0.004704380958861008,0.006940934326418995,,,342.81
20.192,0.003944353503510093,0.0075656540267727,,,342.81
20.196,0.0030480801366288878,0.007995654026772686,,,342.81
20.2,0.0021361406705699463,0.00816565402677269,,,342.81
20.204,0.0013291149176858196,0.008415654026772662,,,342.81
20.208,0.0007475826903290616,0.008505654026772697,,,342.81
20.212,0.00040758269032905464,0.008845654026772704,,,342.81
20.216,-0.0003624173096709383,0.009195654026772665,,,342.81
20.22,-0.0011424173096709412,0.009705654026772675,,,342.81
20.224,-0.0014824173096709482,0.010135654026772661,,,342.81
20.228,-0.0016524173096709516,0.010475654026772668,,,342.81
20.232,-0.002162417309670907,0.010905654026772654,,,342.81
20.236,-0.0029324173096708997,0.011415654026772665,,,342.81
20.24,-0.00345241730967092,0.01184565402677265,,,342.81
20.244,-0.0043124173096709476,0.012105654026772689,,,342.81
20.248,-0.004912417309670937,0.012535654026772675,,,342.81
20.252,-0.00568241730967093,0.012875654026772682,,,342.81
20.256,-0.006282417309670919,0.013135654026772664,,,342.81
20.26,-0.007052417309670912,0.013475654026772671,,,342.81
20.264,-0.00791241730967094,0.013815654026772678,,,342.81
20.268,-0.008592417309670954,0.013995654026772691,,,342.81
20.272,-0.00953241730967095,0.014245654026772664,,,342.81
20.276,-0.010222417309670918,0.014505654026772702,,,342.81
20.28,-0.010912417309670942,0.014765654026772684,,,342.81
20.284,-0.011512417309670932,0.015015654026772657,,,342.81
20.288,-0.012192417309670946,0.01519565402677267,,,342.81
20.292,-0.012882417309670914,0.015535654026772677,,,342.81
20.296,-0.013482417309670904,0.01579565402677266,,,342.81
20.3,-0.013902417309670935,0.015875654026772684,,,342.81
20.304,-0.014252417309670952,0.015965654026772663,,,342.81
20.308,-0.014762417309670907,0.01621565402677269,,,342.81
20.312,-0.01545241730967093,0.01630565402677267,,,342.81
20.316,-0.01596241730967094,0.01630565402677267,,,342.81
20.32,-0.016302417309670948,0.01630565402677267,,,342.81
20.324,-0.01665241730967091,0.01621565402677269,,,342.81
20.328,-0.016992417309670917,0.01630565402677267,,,342.81
20.332,-0.01716241730967092,0.01630565402677267,,,342.81
20.336,-0.017332417309670924,0.01630565402677267,,,342.81
20.34,-0.01776241730967091,0.01621565402677269,,,342.81
20.344,-0.017932417309670913,0.01621565402677269,,,342.81
20.348,-0.01828241730967093,0.01630565402677267,,,342.81
20.352,-0.018702417309670906,0.01621565402677269,,,342.81
20.356,-0.01879241730967094,0.01621565402677269,,,342.81
20.36,-0.019052417309670923,0.01630565402677267,,,342.81
20.364,-0.019222417309670926,0.01621565402677269,,,342.81
20.368,-0.01948241730967091,0.016045654026772688,,,342.81
20.372,-0.019562417309670933,0.015875654026772684,,,342.81
20.376,-0.019562417309670933,0.01570565402677268,,,342.81
20.38,-0.019562417309670933,0.015445654026772698,,,342.81
20.384,-0.019562417309670933,0.015365654026772674,,,342.81
20.388,-0.01948241730967091,0.015105654026772691,,,342.81
20.392,-0.01930241730967095,0.014845654026772653,,,342.81
20.396,-0.019222417309670926,0.014935654026772688,,,342.81
20.4,-0.019132417309670947,0.01459565402677268,,,342.81
20.404,-0.018962417309670944,0.014165654026772695,,,342.81
20.408,-0.018702417309670906,0.013905654026772657,,,342.81
20.412,-0.018452417309670933,0.013735654026772653,,,342.81
20.416,-0.01828241730967093,0.013395654026772702,,,342.81
20.42,-0.017932417309670913,0.013045654026772685,,,342.81
20.424,-0.017592417309670906,0.012615654026772699,,,342.81
20.428,-0.01716241730967092,0.012275654026772692,,,342.81
20.432,-0.016732417309670934,0.01184565402677265,,,342.81
20.436,-0.016302417309670948,0.011415654026772665,,,342.81
20.44,-0.015882417309670917,0.010905654026772654,,,342.81
20.444,-0.01545241730967093,0.010305654026772665,,,342.81
20.448,-0.015022417309670945,0.009795654026772654,,,342.81
20.452,-0.014682417309670938,0.00927565402677269,,,342.81
20.456,-0.014332417309670921,0.008765654026772679,,,342.81
20.46,-0.013902417309670935,0.00816565402677269,,,342.81
20.464,-0.013302417309670946,0.007645654026772669,,,342.81
20.468,-0.01271241730967091,0.007135654026772659,,,342.81
20.472,-0.012112417309670921,0.00644565402677269,,,342.81
20.476,-0.011512417309670932,0.005845654026772701,,,342.81
20.48,-0.010992417309670911,0.005245654026772656,,,342.81
20.484,-0.010312417309670953,0.004735654026772701,,,342.81
20.488,-0.009452417309670925,0.0039656540267726526,,,342.81
20.492,-0.008762417309670902,0.003535654026772666,,,342.81
20.496,-0.008162417309670912,0.0030256540267726557,,,342.81
20.5,-0.007652417309670902,0.0024256540267726663,,,342.81
20.504,-0.006962417309670933,0.0018256540267726769,,,342.81
20.508,-0.006362417309670944,0.001135654026772653,,,342.81
20.512,-0.00568241730967093,0.0006256540267726981,,,342.81
20.516,-0.004992417309670906,-0.0002343459732273293,,,342.81
20.52,-0.0043924173096709165,-0.0009243459732272977,,,342.81
20.524,-0.0035324173096709446,-0.0015243459732273428,,,342.81
20.528,-0.0025924173096709482,-0.0020343459732272977,,,342.81
20.532,-0.0019924173096709033,-0.002464345973227339,,,342.81
20.536,-0.0013124173096709447,-0.0029743459732273496,,,342.81
20.54,-0.0007124173096708997,-0.0034043459732273356,,,342.81
20.544,-0.0001124173096709103,-0.004264345973227307,,,342.81
20.548,0.00014758269032907217,-0.004944345973227321,,,342.81
20.552,0.0006575826903290826,-0.00554434597322731,,,342.81
20.556,0.0010075826903290996,-0.0061443459732273,,,342.81
20.56,0.001687582690329058,-0.006744345973227345,,,342.81
20.564,0.0022075826903290782,-0.007524345973227348,,,342.81
20.568,0.0028075826903290677,-0.008204345973227306,,,342.81
20.572,0.003317582690329078,-0.008724345973227327,,,342.81
20.576,0.0038375826903290985,-0.009234345973227337,,,342.81
20.58,0.0046075826903290915,-0.009834345973227326,,,342.81
20.584,0.005037582690329077,-0.010344345973227337,,,342.81
20.588,0.005637582690329067,-0.011034345973227305,,,342.81
20.592,0.006487582690329084,-0.011804345973227298,,,342.81
20.596,0.00691758269032907,-0.012404345973227343,,,342.81
20.6,0.007007582690329049,-0.012834345973227329,,,342.81
20.604,0.007437582690329091,-0.013264345973227315,,,342.81
20.608,0.008207582690329084,-0.013604345973227322,,,342.81
20.612,0.008887582690329097,-0.014034345973227308,,,342.81
20.616,0.009227582690329049,-0.014544345973227318,,,342.81
20.62,0.009577582690329066,-0.014974345973227304,,,342.81
20.624,0.009917582690329073,-0.015314345973227311,,,342.81
20.628,0.010347582690329059,-0.015664345973227328,,,342.81
20.632,0.0107775826903291,-0.0159143459732273,,,342.81
20.636,0.011207582690329086,-0.01617434597322734,,,342.81
20.64,0.011547582690329093,-0.016694345973227304,,,342.81
20.644,0.0118875826903291,-0.01694434597322733,,,342.81
20.648,0.012147582690329083,-0.017114345973227335,,,342.81
20.652,0.01248758269032909,-0.017374345973227318,,,342.81
20.656,0.012827582690329097,-0.017464345973227297,,,342.81
20.66,0.013177582690329058,-0.017714345973227325,,,342.81
20.664,0.013427582690329086,-0.017804345973227304,,,342.81
20.668,0.013687582690329068,-0.01806434597322734,,,342.81
20.672,0.014117582690329054,-0.018234345973227345,,,342.81
20.676,0.014377582690329092,-0.018234345973227345,,,342.81
20.68,0.014457582690329061,-0.018234345973227345,,,342.81
20.684,0.014887582690329047,-0.01814434597322731,,,342.81
20.688,0.015227582690329054,-0.01814434597322731,,,342.81
20.692,0.015317582690329089,-0.018234345973227345,,,342.81
20.696,0.015577582690329071,-0.01814434597322731,,,342.81
20.7,0.015747582690329075,-0.018234345973227345,,,342.81
20.704,0.016007582690329057,-0.01806434597322734,,,342.81
20.708,0.016007582690329057,-0.017804345973227304,,,342.81
20.712,0.01608758269032908,-0.017714345973227325,,,342.81
20.716,0.016347582690329064,-0.017464345973227297,,,342.81
20.72,0.016517582690329068,-0.01729434597322735,,,342.81
20.724,0.016517582690329068,-0.01703434597322731,,,342.81
20.728,0.016517582690329068,-0.01694434597322733,,,342.81
20.732,0.016607582690329047,-0.016514345973227346,,,342.81
20.736,0.016857582690329075,-0.016094345973227314,,,342.81
20.74,0.016947582690329054,-0.015664345973227328,,,342.81
20.744,0.016947582690329054,-0.015314345973227311,,,342.81
20.748,0.01677758269032905,-0.015144345973227308,,,342.81
20.752,0.016517582690329068,-0.014894345973227335,,,342.81
20.756,0.016517582690329068,-0.014544345973227318,,,342.81
20.76,0.016517582690329068,-0.014114345973227332,,,342.81
20.764,0.016517582690329068,-0.013694345973227301,,,342.81
20.768,0.016347582690329064,-0.013094345973227312,,,342.81
20.772,0.01608758269032908,-0.012144345973227305,,,342.81
20.776,0.01608758269032908,-0.01163434597322735,,,342.81
20.78,0.01608758269032908,-0.011204345973227309,,,342.81
20.784,0.0158275826903291,-0.010694345973227298,,,342.81
20.788,0.015577582690329071,-0.01000434597322733,,,342.81
20.792,0.015317582690329089,-0.009234345973227337,,,342.81
20.796,0.015147582690329085,-0.008634345973227348,,,342.81
20.8,0.014807582690329078,-0.007944345973227324,,,342.81
20.804,0.014457582690329061,-0.007434345973227313,,,342.81
20.808,0.014287582690329058,-0.006744345973227345,,,342.81
20.812,0.013947582690329051,-0.006404345973227338,,,342.81
20.816,0.0136075826903291,-0.005804345973227348,,,342.81
20.82,0.013257582690329082,-0.005294345973227338,,,342.81
20.824,0.012827582690329097,-0.0050343459732273,,,342.81
20.828,0.012407582690329065,-0.004524345973227345,,,342.81
20.832,0.012057582690329048,-0.0039243459732273,,,342.81
20.836,0.011977582690329079,-0.003324345973227311,,,342.81
20.84,0.011717582690329097,-0.002464345973227339,,,342.81
20.844,0.01137758269032909,-0.0020343459732272977,,,342.81
20.848,0.01085758269032907,-0.0014343459732273083,,,342.81
20.852,0.010687582690329066,-0.0008343459732273187,,,342.81
20.856,0.010347582690329059,0.00019565402677265665,,,342.81
20.86,0.009827582690329094,0.0009490709894165433,,,342.81
20.864,0.009407582690329062,0.0016077853147144039,,,342.81
20.868,0.00914758269032908,0.002196798891882592,,,342.81
20.872,0.009057582690329101,0.00274111361013746,,,342.81
20.876,0.00854758269032909,0.003265731358695361,,,342.81
20.88,0.007947582690329101,0.0037956540267726486,,,342.81
20.884,0.00751758269032906,0.0043056540267726595,,,342.81
20.888,0.007007582690329049,0.004735654026772701,,,342.81
20.892,0.00640758269032906,0.00533565402677269,,,342.81
20.896,0.006057582690329098,0.00593565402677268,,,342.81
20.9,0.005377582690329084,0.006275654026772687,,,342.81
20.904,0.0046875826903290604,0.006535654026772669,,,342.81
20.908,0.0040075826903290465,0.006875654026772676,,,342.81
20.912,0.0030575826903290956,0.007225654026772693,,,342.81
20.916,0.0024575826903290507,0.007735654026772704,,,342.81
20.92,0.0017775826903290925,0.008245654026772659,,,342.81
20.924,0.0011775826903290475,0.008505654026772697,,,342.81
20.928,0.0006575826903290826,0.008935654026772683,,,342.81
20.932,0.00031758269032907565,0.009365654026772668,,,342.81
20.936,-0.0002824173096709138,0.009795654026772654,,,342.81
20.94,-0.0008824173096709032,0.010045654026772682,,,342.81
20.944,-0.0015624173096709171,0.010565654026772703,,,342.81
20.948,-0.002162417309670907,0.010995654026772689,,,342.81
20.952,-0.0028524173096709307,0.011415654026772665,,,342.81
20.956,-0.003792417309670927,0.01184565402677265,,,342.81
20.96,-0.004652417309670899,0.012105654026772689,,,342.81
20.964,-0.005332417309670913,0.012195654026772668,,,342.81
20.968,-0.00619241730967094,0.012535654026772675,,,342.81
20.972,-0.006882417309670909,0.01296565402677266,,,342.81
20.976,-0.007652417309670902,0.013395654026772702,,,342.81
20.98,-0.008332417309670916,0.013645654026772674,,,342.81
20.984,-0.008932417309670905,0.013905654026772657,,,342.81
20.988,-0.009622417309670929,0.014245654026772664,,,342.81
20.992,-0.010312417309670953,0.014505654026772702,,,342.81
20.996,-0.011162417309670915,0.01467565402677265,,,342.81
21.0,-0.011682417309670935,0.015015654026772657,,,342.81
21.004,-0.012282417309670925,0.015365654026772674,,,342.81
21.008,-0.012882417309670914,0.015535654026772677,,,342.81
21.012,-0.013392417309670925,0.01579565402677266,,,342.81
21.016,-0.01382241730967091,0.015965654026772663,,,342.81
21.02,-0.0144224173096709,0.01621565402677269,,,342.81
21.024,-0.015022417309670945,0.01621565402677269,,,342.81
21.028,-0.01545241730967093,0.01630565402677267,,,342.81
21.032,-0.015792417309670938,0.01630565402677267,,,342.81
21.036,-0.016222417309670924,0.01630565402677267,,,342.81
21.04,-0.01665241730967091,0.01639565402677265,,,342.81
21.044,-0.01708241730967095,0.016645654026772677,,,342.81
21.048,-0.017422417309670903,0.016645654026772677,,,342.81
21.052,-0.017592417309670906,0.016645654026772677,,,342.81
21.056,-0.017932417309670913,0.016645654026772677,,,342.81
21.06,-0.01828241730967093,0.016645654026772677,,,342.81
21.064,-0.018622417309670937,0.016645654026772677,,,342.81
21.068,-0.019052417309670923,0.016645654026772677,,,342.81
21.072,-0.019222417309670926,0.016565654026772653,,,342.81
21.076,-0.01948241730967091,0.01630565402677267,,,342.81
21.08,-0.019562417309670933,0.01630565402677267,,,342.81
21.084,-0.019562417309670933,0.01621565402677269,,,342.81
21.088,-0.019652417309670912,0.016045654026772688,,,342.81
21.092,-0.019732417309670937,0.015875654026772684,,,342.81
21.096,-0.019652417309670912,0.015535654026772677,,,342.81
21.1,-0.019652417309670912,0.015365654026772674,,,342.81
21.104,-0.019652417309670912,0.015105654026772691,,,342.81
21.108,-0.01948241730967091,0.014935654026772688,,,342.81
21.112,-0.019222417309670926,0.01459565402677268,,,342.81
21.116,-0.019132417309670947,0.014245654026772664,,,342.81
21.12,-0.018962417309670944,0.013995654026772691,,,342.81
21.124,-0.018702417309670906,0.013815654026772678,,,342.81
21.128,-0.0183624173096709,0.013735654026772653,,,342.81
21.132,-0.018022417309670948,0.013395654026772702,,,342.81
21.136,-0.017932417309670913,0.01296565402677266,,,342.81
21.14,-0.017592417309670906,0.012445654026772696,,,342.81
21.144,-0.01716241730967092,0.011935654026772685,,,342.81
21.148,-0.01665241730967091,0.011675654026772703,,,342.81
21.152,-0.016222417309670924,0.010995654026772689,,,342.81
21.156,-0.01596241730967094,0.010565654026772703,,,342.81
21.16,-0.0155324173096709,0.010135654026772661,,,342.81
21.164,-0.015102417309670914,0.009615654026772696,,,342.81
21.168,-0.014682417309670938,0.009015654026772651,,,342.81
21.172,-0.014162417309670917,0.008415654026772662,,,342.81
21.176,-0.013562417309670928,0.007735654026772704,,,342.81
21.18,-0.013052417309670918,0.007135654026772659,,,342.81
21.184,-0.01236241730967095,0.006625654026772704,,,342.81
21.188,-0.0115924173096709,0.006105654026772683,,,342.81
21.192,-0.011332417309670918,0.005845654026772701,,,342.81
21.196,-0.010732417309670929,0.005245654026772656,,,342.81
21.2,-0.009882417309670911,0.004735654026772701,,,342.81
21.204,-0.009362417309670946,0.0039656540267726526,,,342.81
21.208,-0.008682417309670933,0.003445654026772687,,,342.81
21.212,-0.008082417309670943,0.0028456540267726978,,,342.81
21.216,-0.007392417309670919,0.002165654026772684,,,342.81
21.22,-0.006882417309670909,0.0013056540267726564,,,342.81
21.224,-0.00619241730967094,0.0006256540267726981,,,342.81
21.228,-0.005422417309670947,-0.0001543459732273048,,,342.81
21.232,-0.0048224173096709025,-0.0007543459732273497,,,342.81
21.236,-0.003962417309670931,-0.0013543459732273393,,,342.81
21.24,-0.003112417309670913,-0.0019543459732273287,,,342.81
21.244,-0.0023424173096709203,-0.002554345973227318,,,342.81
21.248,-0.0016524173096709516,-0.0031443459732272976,,,342.81
21.252,-0.0010524173096709067,-0.0038343459732273215,,,342.81
21.256,-0.00045241730967091726,-0.0043443459732273315,,,342.81
21.26,0.00014758269032907217,-0.0048643459732272964,,,342.81
21.264,0.0006575826903290826,-0.005464345973227341,,,342.81
21.268,0.0009175826903290651,-0.006064345973227331,,,342.81
21.272,0.0014375826903290855,-0.00666434597322732,,,342.81
21.276,0.001947582690329096,-0.00726434597322731,,,342.81
21.28,0.002287582690329047,-0.007864345973227299,,,342.81
21.284,0.0031475826903290746,-0.008464345973227344,,,342.81
21.288,0.003747582690329064,-0.009064345973227333,,,342.81
21.292,0.004517582690329057,-0.00949434597322732,,,342.81
21.296,0.005037582690329077,-0.01000434597322733,,,342.81
21.3,0.005457582690329053,-0.010774345973227323,,,342.81
21.304,0.006057582690329098,-0.011464345973227347,,,342.81
21.308,0.006577582690329063,-0.011974345973227302,,,342.81
21.312,0.007007582690329049,-0.012404345973227343,,,342.81
21.316,0.007347582690329056,-0.012834345973227329,,,342.81
21.32,0.007947582690329101,-0.01334434597322734,,,342.81
21.324,0.00862758269032906,-0.013864345973227304,,,342.81
21.328,0.009057582690329101,-0.014114345973227332,,,342.81
21.332,0.009227582690329049,-0.014544345973227318,,,342.81
21.336,0.009577582690329066,-0.014974345973227304,,,342.81
21.34,0.009917582690329073,-0.015314345973227311,,,342.81
21.344,0.010347582690329059,-0.015744345973227297,,,342.81
21.348,0.0107775826903291,-0.01617434597322734,,,342.81
21.352,0.011207582690329086,-0.01643434597322732,,,342.81
21.356,0.011547582690329093,-0.016604345973227325,,,342.81
21.36,0.011977582690329079,-0.01694434597322733,,,342.81
21.364,0.012407582690329065,-0.01729434597322735,,,342.81
21.368,0.012657582690329093,-0.017374345973227318,,,342.81
21.372,0.012827582690329097,-0.017464345973227297,,,342.81
21.376,0.013177582690329058,-0.017714345973227325,,,342.81
21.38,0.013687582690329068,-0.017804345973227304,,,342.81
21.384,0.014027582690329075,-0.01806434597322734,,,342.81
21.388,0.014207582690329089,-0.01814434597322731,,,342.81
21.392,0.014457582690329061,-0.018234345973227345,,,342.81
21.396,0.0147175826903291,-0.018234345973227345,,,342.81
21.4,0.014887582690329047,-0.018234345973227345,,,342.81
21.404,0.015147582690329085,-0.01814434597322731,,,342.81
21.408,0.015317582690329089,-0.01814434597322731,,,342.81
21.412,0.015657582690329096,-0.01814434597322731,,,342.81
21.416,0.016007582690329057,-0.01806434597322734,,,342.81
21.42,0.01608758269032908,-0.017804345973227304,,,342.81
21.424,0.01617758269032906,-0.017804345973227304,,,342.81
21.428,0.016347582690329064,-0.017714345973227325,,,342.81
21.432,0.016517582690329068,-0.017374345973227318,,,342.81
21.436,0.016517582690329068,-0.01703434597322731,,,342.81
21.44,0.016517582690329068,-0.016864345973227307,,,342.81
21.444,0.016607582690329047,-0.016604345973227325,,,342.81
21.448,0.016857582690329075,-0.016514345973227346,,,342.81
21.452,0.016857582690329075,-0.01617434597322734,,,342.81
21.456,0.016857582690329075,-0.015744345973227297,,,342.81
21.46,0.016857582690329075,-0.015314345973227311,,,342.81
21.464,0.016857582690329075,-0.014894345973227335,,,342.81
21.468,0.01677758269032905,-0.014544345973227318,,,342.81
21.472,0.016607582690329047,-0.014114345973227332,,,342.81
21.476,0.016607582690329047,-0.013694345973227301,,,342.81
21.48,0.016517582690329068,-0.013264345973227315,,,342.81
21.484,0.01642758269032909,-0.012664345973227326,,,342.81
21.488,0.01642758269032909,-0.012064345973227336,,,342.81
21.492,0.01617758269032906,-0.011464345973227347,,,342.81
21.496,0.01617758269032906,-0.010864345973227302,,,342.81
21.5,0.01608758269032908,-0.010264345973227312,,,342.81
21.504,0.0158275826903291,-0.009664345973227323,,,342.81
21.508,0.015657582690329096,-0.009064345973227333,,,342.81
21.512,0.015317582690329089,-0.00829434597322734,,,342.81
21.516,0.014977582690329082,-0.007604345973227317,,,342.81
21.52,0.014807582690329078,-0.007094345973227306,,,342.81
21.524,0.014457582690329061,-0.006404345973227338,,,342.81
21.528,0.014117582690329054,-0.005634345973227345,,,342.81
21.532,0.013777582690329047,-0.0050343459732273,,,342.81
21.536,0.0136075826903291,-0.0043443459732273315,,,342.81
21.54,0.013257582690329082,-0.0040043459732273246,,,342.81
21.544,0.012827582690329097,-0.0034453538833577302,,,342.81
21.548,0.012577582690329069,-0.002684682664857944,,,342.81
21.552,0.012407582690329065,-0.0017649979520246843,,,342.81
21.556,0.012057582690329048,-0.0007289653791546709,,,342.81
21.56,0.011627582690329062,0.0003807494194553758,,,342.81
21.564,0.011207582690329086,0.0015214808095087374,,,342.81
21.568,0.010687582690329066,0.0026505631567086923,,,342.81
21.572,0.01025758269032908,0.003725330826758522,,,342.81
21.576,0.00974758269032907,0.004703118185361506,,,342.81
21.58,0.00914758269032908,0.005541259598220926,,,342.81
21.584,0.008807582690329073,0.006214557840539557,,,342.81
21.588,0.00854758269032909,0.006653939597803315,,,342.81
21.592,0.008117582690329049,0.006875654026772676,,,342.81
21.596,0.00751758269032906,0.006535654026772669,,,342.81
21.6,0.007087582690329074,0.005245654026772656,,,342.81
21.604,0.006577582690329063,0.00533565402677269,,,342.81
21.608,0.005977582690329074,0.005505654026772694,,,342.81
21.612,0.005377582690329084,0.005675654026772697,,,342.81
21.616,0.0046075826903290915,0.006195654026772662,,,342.81
21.62,0.0038375826903290985,0.006795654026772652,,,342.81
21.624,0.0030575826903290956,0.007135654026772659,,,342.81
21.628,0.0024575826903290507,0.007305654026772662,,,342.81
21.632,0.001607582690329089,0.007645654026772669,,,342.81
21.636,0.0009175826903290651,0.008075654026772655,,,342.81
21.64,0.00040758269032905464,0.008765654026772679,,,342.81
21.644,-0.0001924173096709348,0.00927565402677269,,,342.81
21.648,-0.0007124173096708997,0.009795654026772654,,,342.81
21.652,-0.0011424173096709412,0.010135654026772661,,,342.81
21.656,-0.0017424173096709306,0.010475654026772668,,,342.81
21.66,-0.0025124173096709237,0.010905654026772654,,,342.81
21.664,-0.0032824173096709167,0.011335654026772696,,,342.81
21.668,-0.003962417309670931,0.011595654026772678,,,342.81
21.672,-0.0047324173096709235,0.01184565402677265,,,342.81
21.676,-0.005252417309670944,0.012195654026772668,,,342.81
21.68,-0.005932417309670902,0.012535654026772675,,,342.81
21.684,-0.006882417309670909,0.012875654026772682,,,342.81
21.688,-0.007652417309670902,0.013215654026772689,,,342.81
21.692,-0.008162417309670912,0.013475654026772671,,,342.81
21.696,-0.008852417309670936,0.013815654026772678,,,342.81
21.7,-0.009622417309670929,0.014245654026772664,,,342.81
21.704,-0.010222417309670918,0.014505654026772702,,,342.81
21.708,-0.010912417309670942,0.01467565402677265,,,342.81
21.712,-0.0115924173096709,0.014935654026772688,,,342.81
21.716,-0.012532417309670953,0.015105654026772691,,,342.81
21.72,-0.013052417309670918,0.015365654026772674,,,342.81
21.724,-0.013562417309670928,0.015615654026772702,,,342.81
21.728,-0.014162417309670917,0.015875654026772684,,,342.81
21.732,-0.014592417309670903,0.015965654026772663,,,342.81
21.736,-0.015022417309670945,0.01621565402677269,,,342.81
21.74,-0.0155324173096709,0.01630565402677267,,,342.81
21.744,-0.01605241730967092,0.01630565402677267,,,342.81
21.748,-0.01665241730967091,0.01630565402677267,,,342.81
21.752,-0.016902417309670938,0.01630565402677267,,,342.81
21.756,-0.01716241730967092,0.01630565402677267,,,342.81
21.76,-0.017422417309670903,0.01630565402677267,,,342.81
21.764,-0.017592417309670906,0.01630565402677267,,,342.81
21.768,-0.017932417309670913,0.01621565402677269,,,342.81
21.772,-0.018452417309670933,0.01630565402677267,,,342.81
21.776,-0.01879241730967094,0.01630565402677267,,,342.81
21.78,-0.01888241730967092,0.01630565402677267,,,342.81
21.784,-0.019052417309670923,0.01630565402677267,,,342.81
21.788,-0.019222417309670926,0.01621565402677269,,,342.81
21.792,-0.01948241730967091,0.01630565402677267,,,342.81
21.796,-0.019732417309670937,0.01621565402677269,,,342.81
21.8,-0.01999241730967092,0.015965654026772663,,,342.81
21.804,-0.01999241730967092,0.01579565402677266,,,342.81
21.808,-0.01990241730967094,0.015535654026772677,,,342.81
21.812,-0.019652417309670912,0.015445654026772698,,,342.81
21.816,-0.019652417309670912,0.01519565402677267,,,342.81
21.82,-0.019652417309670912,0.014935654026772688,,,342.81
21.824,-0.019562417309670933,0.01459565402677268,,,342.81
21.828,-0.01930241730967095,0.014335654026772698,,,342.81
21.832,-0.019132417309670947,0.014165654026772695,,,342.81
21.836,-0.01888241730967092,0.013815654026772678,,,342.81
21.84,-0.018702417309670906,0.013395654026772702,,,342.81
21.844,-0.0183624173096709,0.013045654026772685,,,342.81
21.848,-0.018102417309670917,0.012875654026772682,,,342.81
21.852,-0.017852417309670944,0.012535654026772675,,,342.81
21.856,-0.017502417309670927,0.012195654026772668,,,342.81
21.86,-0.01716241730967092,0.011765654026772682,,,342.81
21.864,-0.016732417309670934,0.011415654026772665,,,342.81
21.868,-0.016302417309670948,0.011075654026772658,,,342.81
21.872,-0.01596241730967094,0.010645654026772672,,,342.81
21.876,-0.01545241730967093,0.009965654026772658,,,342.81
21.88,-0.01493241730967091,0.009365654026772668,,,342.81
21.884,-0.014332417309670921,0.008845654026772704,,,342.81
21.888,-0.013902417309670935,0.008415654026772662,,,342.81
21.892,-0.013392417309670925,0.007815654026772673,,,342.81
21.896,-0.01271241730967091,0.007305654026772662,,,342.81
21.9,-0.011852417309670939,0.006705654026772673,,,342.81
21.904,-0.011422417309670953,0.006195654026772662,,,342.81
21.908,-0.010912417309670942,0.005765654026772676,,,342.81
21.912,-0.010312417309670953,0.005075654026772652,,,342.81
21.916,-0.009712417309670908,0.004735654026772701,,,342.81
21.92,-0.00902241730967094,0.004135654026772656,,,342.81
21.924,-0.008512417309670929,0.003535654026772666,,,342.81
21.928,-0.007822417309670905,0.0027656540267726733,,,342.81
21.932,-0.007222417309670916,0.002165654026772684,,,342.81
21.936,-0.006452417309670923,0.0015656540267726944,,,342.81
21.94,-0.005762417309670899,0.0008756540267726706,,,342.81
21.944,-0.0051624173096709094,2.5654026772653168e-05,,,342.81
21.948,-0.0043124173096709476,-0.0006643459732273152,,,342.81
21.952,-0.003362417309670941,-0.0014343459732273083,,,342.81
21.956,-0.0027624173096709517,-0.002124345973227332,,,342.81
21.96,-0.002082417309670938,-0.0027243459732273216,,,342.81
21.964,-0.0014824173096709482,-0.003324345973227311,,,342.81
21.968,-0.0007924173096709242,-0.0038343459732273215,,,342.81
21.972,-0.0001124173096709103,-0.004264345973227307,,,342.81
21.976,0.0005775826903290581,-0.0048643459732272964,,,342.81
21.98,0.0010075826903290996,-0.005374345973227307,,,342.81
21.984,0.0014375826903290855,-0.005724345973227324,,,342.81
21.988,0.001947582690329096,-0.006404345973227338,,,342.81
21.992,0.002287582690329047,-0.00726434597322731,,,342.81
21.996,0.0028075826903290677,-0.007864345973227299,,,342.81
22.0,0.003317582690329078,-0.008544345973227313,,,342.81
22.004,0.0038375826903290985,-0.009144345973227302,,,342.81
22.008,0.004517582690329057,-0.009834345973227326,,,342.81
22.012,0.005117582690329046,-0.010344345973227337,,,342.81
22.016,0.005717582690329091,-0.010864345973227302,,,342.81
22.02,0.006237582690329056,-0.01163434597322735,,,342.81
22.024,0.006577582690329063,-0.012324345973227319,,,342.81
22.028,0.007007582690329049,-0.012834345973227329,,,342.81
22.032,0.007607582690329094,-0.013264345973227315,,,342.81
22.036,0.008207582690329084,-0.013694345973227301,,,342.81
22.04,0.008717582690329094,-0.014114345973227332,,,342.81
22.044,0.00914758269032908,-0.01446434597322735,,,342.81
22.048,0.009487582690329087,-0.014894345973227335,,,342.81
22.052,0.009827582690329094,-0.015314345973227311,,,342.81
22.056,0.01025758269032908,-0.015744345973227297,,,342.81
22.06,0.010687582690329066,-0.01617434597322734,,,342.81
22.064,0.011117582690329052,-0.016514345973227346,,,342.81
22.068,0.011547582690329093,-0.016774345973227328,,,342.81
22.072,0.0118875826903291,-0.01703434597322731,,,342.81
22.076,0.012147582690329083,-0.017374345973227318,,,342.81
22.08,0.01248758269032909,-0.017714345973227325,,,342.81
22.084,0.012827582690329097,-0.017974345973227307,,,342.81
22.088,0.013177582690329058,-0.018234345973227345,,,342.81
22.092,0.013517582690329065,-0.018314345973227314,,,342.81
22.096,0.013777582690329047,-0.018574345973227296,,,342.81
22.1,0.014117582690329054,-0.018574345973227296,,,342.81
22.104,0.014287582690329058,-0.018494345973227327,,,342.81
22.108,0.014457582690329061,-0.018574345973227296,,,342.81
22.112,0.014887582690329047,-0.018574345973227296,,,342.81
22.116,0.015227582690329054,-0.018574345973227296,,,342.81
22.12,0.015317582690329089,-0.018574345973227296,,,342.81
22.124,0.015577582690329071,-0.018574345973227296,,,342.81
22.128,0.0158275826903291,-0.018574345973227296,,,342.81
22.132,0.01608758269032908,-0.018494345973227327,,,342.81
22.136,0.01617758269032906,-0.018234345973227345,,,342.81
22.14,0.01617758269032906,-0.01814434597322731,,,342.81
22.144,0.016347582690329064,-0.01814434597322731,,,342.81
22.148,0.016517582690329068,-0.017894345973227338,,,342.81
22.152,0.01642758269032909,-0.0176343459732273,,,342.81
22.156,0.01642758269032909,-0.01729434597322735,,,342.81
22.16,0.01668758269032907,-0.01694434597322733,,,342.81
22.164,0.016607582690329047,-0.016694345973227304,,,342.81
22.168,0.016607582690329047,-0.016514345973227346,,,342.81
22.172,0.016607582690329047,-0.01617434597322734,,,342.81
22.176,0.016607582690329047,-0.015744345973227297,,,342.81
22.18,0.016517582690329068,-0.015314345973227311,,,342.81
22.184,0.01642758269032909,-0.014894345973227335,,,342.81
22.188,0.016517582690329068,-0.014544345973227318,,,342.81
22.192,0.016517582690329068,-0.014204345973227311,,,342.81
22.196,0.016347582690329064,-0.013604345973227322,,,342.81
22.2,0.01608758269032908,-0.012664345973227326,,,342.81
22.204,0.01608758269032908,-0.012144345973227305,,,342.81
22.208,0.01608758269032908,-0.01163434597322735,,,342.81
22.212,0.0158275826903291,-0.010946084893823238,,,342.81
22.216,0.015747582690329075,-0.010117660333426747,,,342.81
22.22,0.015657582690329096,-0.009174242972214553,,,342.81
22.224,0.015317582690329089,-0.008141003490363341,,,342.81
22.228,0.014977582690329082,-0.007043112568049792,,,342.81
22.232,0.0147175826903291,-0.005905740885450587,,,342.81
22.236,0.014377582690329092,-0.004754059122742407,,,342.81
22.24,0.014027582690329075,-0.0036132379601019377,,,342.81
22.244,0.013777582690329047,-0.0025084480777058564,,,342.81
22.248,0.013517582690329065,-0.0014648601557308463,,,342.81
22.252,0.013177582690329058,-0.0005076448743535853,,,342.81
22.256,0.012827582690329097,0.0003380270862492386,,,342.81
22.26,0.012577582690329069,0.001046985045900946,,,342.81
22.264,0.012407582690329065,0.001594058324424857,,,342.81
22.268,0.012057582690329048,0.001950430190720121,,,342.81
22.272,0.011627582690329062,0.0020756540267726493,,,342.81
22.276,0.011207582690329086,0.0017356540267726979,,,342.81
22.28,0.010607582690329097,0.001395654026772691,,,342.81
22.284,0.009917582690329073,0.001135654026772653,,,342.81
22.288,0.009407582690329062,0.0012256540267726874,,,342.81
22.292,0.00914758269032908,0.0016456540267726634,,,342.81
22.296,0.008977582690329076,0.002245654026772653,,,342.81
22.3,0.00854758269032909,0.0027656540267726733,,,342.81
22.304,0.00802758269032907,0.003445654026772687,,,342.81
22.308,0.00751758269032906,0.003875654026772673,,,342.81
22.312,0.007007582690329049,0.0043056540267726595,,,342.81
22.316,0.006657582690329088,0.004735654026772701,,,342.81
22.32,0.006317582690329081,0.005165654026772687,,,342.81
22.324,0.005887582690329095,0.005675654026772697,,,342.81
22.328,0.005207582690329081,0.006275654026772687,,,342.81
22.332,0.004418330338404128,0.006625654026772704,,,342.81
22.336,0.0035287275550390535,0.006875654026772676,,,342.81
22.34,0.0026193128693914342,0.007225654026772693,,,342.81
22.344,0.0017706248106188448,0.007735654026772704,,,342.81
22.348,0.001063201907878861,0.008415654026772662,,,342.81
22.352,0.0005775826903290581,0.008845654026772704,,,342.81
22.356,0.00031758269032907565,0.00927565402677269,,,342.81
22.36,-0.0001124173096709103,0.009705654026772675,,,342.81
22.364,-0.0005424173096709518,0.010135654026772661,,,342.81
22.368,-0.0011424173096709412,0.010565654026772703,,,342.81
22.372,-0.0017424173096709306,0.010905654026772654,,,342.81
22.376,-0.0023424173096709203,0.011075654026772658,,,342.81
22.38,-0.0029324173096708997,0.011335654026772696,,,342.81
22.384,-0.0035941196324787593,0.011765654026772682,,,342.81
22.388,-0.004298528125250485,0.012105654026772689,,,342.81
22.392,-0.005034102463670823,0.012445654026772696,,,342.81
22.396,-0.005789302323424515,0.012705654026772678,,,342.81
22.4,-0.00655258738019631,0.013045654026772685,,,342.81
22.404,-0.00731241730967095,0.013395654026772702,,,342.81
22.408,-0.008082417309670943,0.013645654026772674,,,342.81
22.412,-0.008932417309670905,0.013905654026772657,,,342.81
22.416,-0.009792417309670932,0.014165654026772695,,,342.81
22.42,-0.0104824173096709,0.014245654026772664,,,342.81
22.424,-0.010912417309670942,0.01467565402677265,,,342.81
22.428,-0.0115924173096709,0.015015654026772657,,,342.81
22.432,-0.012452417309670928,0.015105654026772691,,,342.81
22.436,-0.013052417309670918,0.015365654026772674,,,342.81
22.44,-0.013392417309670925,0.015535654026772677,,,342.81
22.444,-0.013902417309670935,0.01579565402677266,,,342.81
22.448,-0.014592417309670903,0.015875654026772684,,,342.81
22.452,-0.015102417309670914,0.016045654026772688,,,342.81
22.456,-0.01545241730967093,0.01621565402677269,,,342.81
22.46,-0.015792417309670938,0.01621565402677269,,,342.81
22.464,-0.016222417309670924,0.01630565402677267,,,342.81
22.468,-0.016732417309670934,0.01621565402677269,,,342.81
22.472,-0.01716241730967092,0.01630565402677267,,,342.81
22.476,-0.017502417309670927,0.01630565402677267,,,342.81
22.48,-0.01776241730967091,0.01630565402677267,,,342.81
22.484,-0.017932417309670913,0.01621565402677269,,,342.81
22.488,-0.018102417309670917,0.01630565402677267,,,342.81
22.492,-0.0183624173096709,0.01621565402677269,,,342.81
22.496,-0.018532417309670902,0.01630565402677267,,,342.81
22.5,-0.018962417309670944,0.01630565402677267,,,342.81
22.504,-0.019132417309670947,0.01621565402677269,,,342.81
22.508,-0.01930241730967095,0.015965654026772663,,,342.81
22.512,-0.019562417309670933,0.015965654026772663,,,342.81
22.516,-0.019562417309670933,0.01579565402677266,,,342.81
22.52,-0.019562417309670933,0.015535654026772677,,,342.81
22.524,-0.019562417309670933,0.015365654026772674,,,342.81
22.528,-0.019562417309670933,0.015105654026772691,,,342.81
22.532,-0.01948241730967091,0.015015654026772657,,,342.81
22.536,-0.019222417309670926,0.014765654026772684,,,342.81
22.54,-0.019222417309670926,0.014505654026772702,,,342.81
22.544,-0.019132417309670947,0.014165654026772695,,,342.81
22.548,-0.01888241730967092,0.013815654026772678,,,342.81
22.552,-0.018702417309670906,0.01356565402677265,,,342.81
22.556,-0.0183624173096709,0.013305654026772668,,,342.81
22.56,-0.018022417309670948,0.013045654026772685,,,342.81
22.564,-0.017932417309670913,0.01296565402677266,,,342.81
22.568,-0.017592417309670906,0.012535654026772675,,,342.81
22.572,-0.0172524173096709,0.012015654026772654,,,342.81
22.576,-0.016822417309670913,0.011415654026772665,,,342.81
22.58,-0.016302417309670948,0.010995654026772689,,,342.81
22.584,-0.01596241730967094,0.010565654026772703,,,342.81
22.588,-0.01545241730967093,0.010135654026772661,,,342.81
22.592,-0.015022417309670945,0.009705654026772675,,,342.81
22.596,-0.014762417309670907,0.009195654026772665,,,342.81
22.6,-0.014162417309670917,0.008595654026772676,,,342.81
22.604,-0.013562417309670928,0.008075654026772655,,,342.81
22.608,-0.013052417309670918,0.0075656540267727,,,342.81
22.612,-0.012452417309670928,0.00704565402677268,,,342.81
22.616,-0.011762417309670904,0.006705654026772673,,,342.81
22.62,-0.011082417309670946,0.006105654026772683,,,342.81
22.624,-0.0104824173096709,0.005505654026772694,,,342.81
22.628,-0.009792417309670932,0.00482565402677268,,,342.81
22.632,-0.009362417309670946,0.0042256540267726905,,,342.81
22.636,-0.008682417309670933,0.0036256540267727007,,,342.81
22.64,-0.008082417309670943,0.0031056540267726802,,,342.81
22.644,-0.00731241730967095,0.002505654026772691,,,342.81
22.648,-0.006712417309670905,0.0018420249300500693,,,342.81
22.652,-0.006112417309670916,0.0011347507493945862,,,342.81
22.656,-0.005422417309670947,0.0004056540267726725,,,342.81
22.66,-0.004652417309670899,-0.00032344269584924136,,,342.81
22.664,-0.0037124173096709026,-0.0010307168765047248,,,342.81
22.668,-0.003112417309670913,-0.0016943459732273462,,,342.81
22.672,-0.0023424173096709203,-0.0022943459732273357,,,342.81
22.676,-0.0016524173096709516,-0.002894345973227325,,,342.81
22.68,-0.0009624173096709277,-0.0031443459732272976,,,342.81
22.684,-0.0001924173096709348,-0.0034943459732273145,,,342.81
22.688,0.00014758269032907217,-0.0040043459732273246,,,342.81
22.692,0.0006575826903290826,-0.004604345973227314,,,342.81
22.696,0.0010075826903290996,-0.005204345973227303,,,342.81
22.7,0.001607582690329089,-0.005974345973227296,0.0015378787128687865,,342.81
22.704,0.001947582690329096,-0.00666434597322732,0.002082959343093714,,342.81
22.708,0.0024575826903290507,-0.007344345973227334,0.0025897408109034777,,342.81
22.712,0.002977582690329071,-0.008204345973227306,0.0030495148145150692,,342.81
22.716,0.003657582690329085,-0.008804345973227351,0.00345357305214548,,342.81
22.72,0.004087582690329071,-0.00949434597322732,0.0037932072220117023,,342.81
22.724,0.0046875826903290604,-0.010094345973227309,0.00404320722201173,,342.81
22.728,0.005457582690329053,-0.010694345973227298,0.004473207222011716,,342.81
22.732,0.005887582690329095,-0.01112434597322734,0.004733207222011754,,342.81
22.736,0.00640758269032906,-0.01172434597322733,0.005333207222011744,,342.81
22.74,0.006837582690329101,-0.012324345973227319,0.005933207222011733,,342.81
22.744,0.007687582690329063,-0.01274434597322735,0.006363207222011719,,342.81
22.748,0.008207582690329084,-0.013174345973227336,0.006793207222011705,,342.81
22.752,0.00854758269032909,-0.013694345973227301,0.007303207222011715,,342.81
22.756,0.008807582690329073,-0.014114345973227332,0.00799320722201174,,342.81
22.76,0.00914758269032908,-0.014544345973227318,0.00850320722201175,,342.81
22.764,0.009487582690329087,-0.014974345973227304,0.008843207222011757,,342.81
22.768,0.009917582690329073,-0.015314345973227311,0.009273207222011743,,342.81
22.772,0.010347582690329059,-0.015744345973227297,0.00961320722201175,,342.81
22.776,0.0107775826903291,-0.01617434597322734,0.010043207222011736,,342.81
22.78,0.011207582690329086,-0.016604345973227325,0.010473207222011722,,342.81
22.784,0.011627582690329062,-0.01694434597322733,0.010903207222011707,,342.81
22.788,0.012057582690329048,-0.01703434597322731,0.011333207222011749,,342.81
22.792,0.012407582690329065,-0.01729434597322735,0.011763207222011735,,342.81
22.796,0.012657582690329093,-0.017464345973227297,0.012103207222011742,,342.81
22.8,0.012827582690329097,-0.017804345973227304,0.012273207222011745,,342.81
22.804,0.013177582690329058,-0.01806434597322734,0.012613207222011752,,342.81
22.808,0.013687582690329068,-0.018234345973227345,0.013043207222011738,,342.81
22.812,0.014027582690329075,-0.018314345973227314,0.01330320722201172,,342.81
22.816,0.014207582690329089,-0.018574345973227296,0.013473207222011724,,342.81
22.82,0.014457582690329061,-0.018574345973227296,0.013813207222011731,,342.81
22.824,0.0147175826903291,-0.018574345973227296,0.014333207222011752,,342.81
22.828,0.014887582690329047,-0.018574345973227296,0.014673207222011703,,342.81
22.832,0.015147582690329085,-0.018574345973227296,0.014763207222011738,,342.81
22.836,0.015317582690329089,-0.018574345973227296,0.01501320722201171,,342.81
22.84,0.015577582690329071,-0.018574345973227296,0.015193207222011723,,342.81
22.844,0.015747582690329075,-0.018494345973227327,0.01553320722201173,,342.81
22.848,0.016007582690329057,-0.018234345973227345,0.01579320722201171,,342.81
22.852,0.016007582690329057,-0.01814434597322731,0.01579320722201171,,342.81
22.856,0.016007582690329057,-0.01806434597322734,0.015873207222011736,,342.81
22.86,0.016007582690329057,-0.017804345973227304,0.01604320722201174,,342.81
22.864,0.01608758269032908,-0.017714345973227325,0.016133207222011718,,342.81
22.868,0.016257582690329085,-0.017374345973227318,0.01630320722201172,,342.81
22.872,0.016517582690329068,-0.01703434597322731,0.01630320722201172,,342.81
22.876,0.016517582690329068,-0.016864345973227307,0.01630320722201172,,342.81
22.88,0.016517582690329068,-0.016514345973227346,0.01630320722201172,,342.81
22.884,0.016517582690329068,-0.016094345973227314,0.016563207222011704,,342.81
22.888,0.01642758269032909,-0.015744345973227297,0.01664320722201173,,342.81
22.892,0.016517582690329068,-0.015314345973227311,0.01664320722201173,,342.81
22.896,0.016517582690329068,-0.014894345973227335,0.016563207222011704,,342.81
22.9,0.016517582690329068,-0.01446434597322735,0.0163932072220117,,342.81
22.904,0.01642758269032909,-0.014034345973227308,0.0163932072220117,,342.81
22.908,0.01617758269032906,-0.013604345973227322,0.016473207222011725,,342.81
22.912,0.01608758269032908,-0.013004345973227333,0.016473207222011725,,342.81
22.916,0.016007582690329057,-0.012494345973227322,0.01630320722201172,,342.81
22.92,0.015747582690329075,-0.011894345973227333,0.01630320722201172,,342.81
22.924,0.015747582690329075,-0.010944345973227326,0.016213207222011743,,342.81
22.928,0.015577582690329071,-0.010148026706412554,0.015963207222011715,,342.81
22.932,0.015317582690329089,-0.009352658796979964,0.01579320722201171,,342.81
22.936,0.015227582690329054,-0.008559854789805746,0.01553320722201173,,342.81
22.94,0.014807582690329078,-0.0077712272297660884,0.015443207222011751,,342.81
22.944,0.014457582690329061,-0.0069883886617371814,0.015103207222011744,,342.81
22.948,0.014287582690329058,-0.006212951630595212,0.014763207222011738,,342.81
22.952,0.013947582690329051,-0.005446528681216371,0.014593207222011734,,342.81
22.956,0.0136075826903291,-0.004690732358476845,0.014243207222011717,,342.81
22.96,0.013347582690329061,-0.003947175207252825,0.013733207222011707,,342.81
22.964,0.013087582690329079,-0.003217469772420501,0.013393207222011755,,342.81
22.968,0.012747582690329072,-0.002503228598856059,0.01330320722201172,,342.81
22.972,0.01248758269032909,-0.0018060642314356892,0.012963207222011714,,342.81
22.976,0.012407582690329065,-0.0011275892150355805,0.012613207222011752,,342.81
22.98,0.011977582690329079,-0.00046941609453192174,0.01219320722201172,,342.81
22.984,0.011457582690329059,0.00016684258519909746,0.011673207222011756,,342.81
22.988,0.011117582690329052,0.0007795742792812886,0.011073207222011711,,342.81
22.992,0.0107775826903291,0.001367166442838463,0.010563207222011756,,342.81
22.996,0.010347582690329059,0.0019280065309944306,0.010043207222011736,,342.81
23.0,0.010007582690329052,0.002460481998873004,0.009703207222011729,,342.81
23.004,0.009827582690329094,0.002962980301597991,0.009273207222011743,,342.81
23.008,0.009487582690329087,0.0034338888942932076,0.008673207222011753,,342.81
23.012,0.00914758269032908,0.003871595232082462,0.008163207222011743,,342.81
23.016,0.00854758269032909,0.004274486770089566,0.007563207222011753,,342.81
23.02,0.007947582690329101,0.0046409509634383304,0.006963207222011708,,342.81
23.024,0.00751758269032906,0.004969375267252565,0.0064432072220117435,,342.81
23.028,0.007087582690329074,0.005258147136656083,0.005843207222011754,,342.81
23.032,0.006747582690329067,0.005505654026772694,0.00516320722201174,,342.81
23.036,0.00640758269032906,0.005675654026772697,0.004733207222011754,,342.81
23.04,0.005547582690329088,0.006025654026772659,0.004223207222011744,,342.81
23.044,0.004947582690329098,0.006535654026772669,0.0036232072220117543,,342.81
23.048,0.00417758269032905,0.007135654026772659,0.003103207222011734,,342.81
23.052,0.003317582690329078,0.007475654026772666,0.0025932072220117234,,342.81
23.056,0.002637582690329064,0.007735654026772704,0.001993207222011734,,342.81
23.06,0.0020375826903290747,0.008075654026772655,0.0014732072220117135,,342.81
23.064,0.0015175826903290545,0.008505654026772697,0.0007032072220117205,,342.81
23.068,0.0011775826903290475,0.008935654026772683,0.00027320722201173455,,342.81
23.072,0.0006575826903290826,0.00927565402677269,-6.679277798827242e-05,,342.81
23.076,0.00040758269032905464,0.009615654026772696,-0.0004967927779882584,,342.81
23.08,-0.0001124173096709103,0.010045654026772682,-0.0010067927779882687,,342.81
23.084,-0.0007924173096709242,0.010475654026772668,-0.0015267927779882891,,342.81
23.088,-0.0015624173096709171,0.010905654026772654,-0.0021267927779882786,,342.81
23.092,-0.002344318141662331,0.011415654026772665,-0.0028067927779882925,,342.81
23.096,-0.003129620744990305,0.011765654026772682,-0.0035767927779882854,,342.81
23.1,-0.003921203541554997,0.01184565402677265,-0.00409679277798825,,342.81
23.104,-0.004721944953256563,0.012195654026772668,-0.004946792777988268,,342.81
23.108,-0.0055347234019951595,0.012535654026772675,-0.005636792777988292,,342.81
23.112,-0.006362417309670944,0.012875654026772682,-0.006236792777988281,,342.81
23.116,-0.007222417309670916,0.013135654026772664,-0.0067467927779882916,,342.81
23.12,-0.007822417309670905,0.013475654026772671,-0.007346792777988281,,342.81
23.124,-0.00842241730967095,0.013815654026772678,-0.00794679277798827,,342.81
23.128,-0.008932417309670905,0.013995654026772691,-0.008636792777988294,,342.81
23.132,-0.009792417309670932,0.014165654026772695,-0.009236792777988284,,342.81
23.136,-0.010562417309670925,0.014335654026772698,-0.009926792777988252,,342.81
23.14,-0.011332417309670918,0.01459565402677268,-0.010436792777988263,,342.81
23.144,-0.011932417309670908,0.014765654026772684,-0.011036792777988252,,342.81
23.148,-0.012532417309670953,0.015015654026772657,-0.011546792777988263,,342.81
23.152,-0.013132417309670942,0.015105654026772691,-0.012066792777988283,,342.81
23.156,-0.013732417309670931,0.015365654026772674,-0.01240679277798829,,342.81
23.16,-0.014252417309670952,0.015445654026772698,-0.012746792777988297,,342.81
23.164,-0.014762417309670907,0.015535654026772677,-0.013176792777988283,,342.81
23.168,-0.015282417309670927,0.01579565402677266,-0.013696792777988248,,342.81
23.172,-0.015882417309670917,0.015875654026772684,-0.01411679277798828,,342.81
23.176,-0.016302417309670948,0.015965654026772663,-0.014376792777988262,,342.81
23.18,-0.01665241730967091,0.015965654026772663,-0.014546792777988265,,342.81
23.184,-0.016992417309670917,0.016045654026772688,-0.014896792777988282,,342.81
23.188,-0.0172524173096709,0.015875654026772684,-0.015316792777988258,,342.81
23.192,-0.017592417309670906,0.015875654026772684,-0.015576792777988296,,342.81
23.196,-0.017932417309670913,0.015875654026772684,-0.01583679277798828,,342.81
23.2,-0.01828241730967093,0.015875654026772684,-0.016176792777988287,,342.81
23.204,-0.018452417309670933,0.015875654026772684,-0.01643679277798827,,342.81
23.208,-0.01879241730967094,0.015875654026772684,-0.016606792777988273,,342.81
23.212,-0.019132417309670947,0.015875654026772684,-0.016866792777988256,,342.81
23.216,-0.01939241730967093,0.015875654026772684,-0.017116792777988284,,342.81
23.22,-0.01948241730967091,0.015875654026772684,-0.017376792777988266,,342.81
23.224,-0.01990241730967094,0.015875654026772684,-0.017376792777988266,,342.81
23.228,-0.01999241730967092,0.015535654026772677,-0.017296792777988297,,342.81
23.232,-0.0200824173096709,0.015445654026772698,-0.017296792777988297,,342.81
23.236,-0.01999241730967092,0.015365654026772674,-0.017466792777988245,,342.81
23.24,-0.01999241730967092,0.015105654026772691,-0.017716792777988273,,342.81
23.244,-0.01999241730967092,0.014935654026772688,-0.017716792777988273,,342.81
23.248,-0.019732417309670937,0.01467565402677265,-0.01763679277798825,,342.81
23.252,-0.019652417309670912,0.01459565402677268,-0.017466792777988245,,342.81
23.256,-0.019562417309670933,0.014335654026772698,-0.017376792777988266,,342.81
23.26,-0.01930241730967095,0.014165654026772695,-0.017296792777988297,,342.81
23.264,-0.019132417309670947,0.013815654026772678,-0.017206792777988263,,342.81
23.268,-0.01879241730967094,0.01356565402677265,-0.017116792777988284,,342.81
23.272,-0.018532417309670902,0.013395654026772702,-0.01703679277798826,,342.81
23.276,-0.0183624173096709,0.013135654026772664,-0.016866792777988256,,342.81
23.28,-0.018022417309670948,0.013045654026772685,-0.016516792777988294,,342.81
23.284,-0.017592417309670906,0.012705654026772678,-0.016266792777988266,,342.81
23.288,-0.01716241730967092,0.012195654026772668,-0.016096792777988263,,342.81
23.292,-0.016732417309670934,0.011765654026772682,-0.015666792777988277,,342.81
23.296,-0.016392417309670927,0.011415654026772665,-0.015316792777988258,,342.81
23.3,-0.01596241730967094,0.010995654026772689,-0.015146792777988255,,342.81
23.304,-0.01545241730967093,0.010475654026772668,-0.014896792777988282,,342.81
23.308,-0.015022417309670945,0.009875654026772679,-0.014466792777988296,,342.81
23.312,-0.014682417309670938,0.009365654026772668,-0.014036792777988255,,342.81
23.316,-0.013992417309670914,0.008845654026772704,-0.013776792777988272,,342.81
23.32,-0.013392417309670925,0.008335654026772693,-0.013266792777988262,,342.81
23.324,-0.01271241730967091,0.007735654026772704,-0.012666792777988272,,342.81
23.328,-0.012112417309670921,0.007135654026772659,-0.012066792777988283,,342.81
23.332,-0.011512417309670932,0.006535654026772669,-0.011636792777988297,,342.81
23.336,-0.010912417309670942,0.006195654026772662,-0.011206792777988256,,342.81
23.34,-0.010312417309670953,0.005845654026772701,-0.01077679277798827,,342.81
23.344,-0.009712417309670908,0.005245654026772656,-0.01026679277798826,,342.81
23.348,-0.00902241730967094,0.0046456540267726665,-0.00966679277798827,,342.81
23.352,-0.00842241730967095,0.004045654026772677,-0.009236792777988284,,342.81
23.356,-0.007732417309670926,0.003535654026772666,-0.008636792777988294,,342.81
23.36,-0.007132417309670937,0.0027656540267726733,-0.007776792777988267,,342.81
23.364,-0.006362417309670944,0.0019956540267726803,-0.007346792777988281,,342.81
23.368,-0.005592417309670951,0.001395654026772691,-0.006666792777988267,,342.81
23.372,-0.004788056205513904,0.0005356540267726636,-0.006066792777988278,,342.81
23.376,-0.003965215665084879,-0.0002343459732273293,-0.005466792777988288,,342.81
23.38,-0.003128522732230316,-0.0010043459732273223,-0.004866792777988243,,342.81
23.384,-0.0022826044507966497,-0.0016043459732273118,-0.004266792777988254,,342.81
23.388,-0.0014320878646303188,-0.0019543459732273287,-0.0035767927779882854,,342.81
23.392,-0.0005816000175777598,-0.0023743459732273047,-0.002976792777988296,,342.81
23.396,0.0002760491344326291,-0.0026343459732273426,-0.002296792777988282,,342.81
23.4,0.0010071554720955482,-0.002804345973227346,-0.0016967927779882926,,342.81
23.404,0.0014375826903290855,-0.003234345973227332,-0.0011767927779882722,,342.81
23.408,0.001607582690329089,-0.0038608297963993667,-0.0009267927779882443,,342.81
23.412,0.001687582690329058,-0.004647437999895455,-0.0004967927779882584,,342.81
23.416,0.001947582690329096,-0.005535385711020483,0.00019320722201171005,,342.81
23.42,0.0023775826903290817,-0.006465888057079332,0.000793207222011755,,342.81
23.424,0.0027175826903290887,-0.007380160165376884,0.0013932072220117445,,342.81
23.428,0.003317582690329078,-0.008219417163218022,0.001903207222011755,,342.81
23.432,0.0038375826903290985,-0.008974345973227299,0.00242320722201172,,342.81
23.436,0.004517582690329057,-0.009574345973227344,0.0030232072220117093,,342.81
23.44,0.005037582690329077,-0.010264345973227312,0.00353320722201172,,342.81
23.444,0.005547582690329088,-0.010864345973227302,0.004133207222011709,,342.81
23.448,0.006147582690329077,-0.01163434597322735,0.004733207222011754,,342.81
23.452,0.006577582690329063,-0.012064345973227336,0.005073207222011706,,342.81
23.456,0.00691758269032907,-0.012574345973227347,0.005593207222011726,,342.81
23.46,0.007347582690329056,-0.013264345973227315,0.0061932072220117155,,342.81
23.464,0.007857582690329067,-0.013864345973227304,0.006793207222011705,,342.81
23.468,0.008287582690329053,-0.014374345973227315,0.007303207222011715,,342.81
23.472,0.00862758269032906,-0.014894345973227335,0.007733207222011757,,342.81
23.476,0.009057582690329101,-0.015314345973227311,0.008073207222011708,,342.81
23.48,0.009487582690329087,-0.015744345973227297,0.00850320722201175,,342.81
23.484,0.009917582690329073,-0.016094345973227314,0.008933207222011736,,342.81
23.488,0.010427582690329083,-0.016264345973227318,0.009273207222011743,,342.81
23.492,0.01085758269032907,-0.016604345973227325,0.009703207222011729,,342.81
23.496,0.011207582690329086,-0.01694434597322733,0.010213207222011739,,342.81
23.5,0.011627582690329062,-0.01729434597322735,0.010643207222011725,,342.81
23.504,0.012057582690329048,-0.0176343459732273,0.010993207222011742,,342.81
23.508,0.012407582690329065,-0.017804345973227304,0.011333207222011749,,342.81
23.512,0.012657582690329093,-0.01814434597322731,0.011763207222011735,,342.81
23.516,0.012827582690329097,-0.018494345973227327,0.01219320722201172,,342.81
23.52,0.013177582690329058,-0.018574345973227296,0.012443207222011749,,342.81
23.524,0.013517582690329065,-0.0187443459732273,0.012613207222011752,,342.81
23.528,0.013687582690329068,-0.019004345973227338,0.012963207222011714,,342.81
23.532,0.014027582690329075,-0.019004345973227338,0.013393207222011755,,342.81
23.536,0.014377582690329092,-0.019004345973227338,0.013813207222011731,,342.81
23.54,0.014547582690329096,-0.019004345973227338,0.014163207222011748,,342.81
23.544,0.014807582690329078,-0.019004345973227338,0.014333207222011752,,342.81
23.548,0.014887582690329047,-0.019004345973227338,0.014673207222011703,,342.81
23.552,0.015227582690329054,-0.019004345973227338,0.01501320722201171,,342.81
23.556,0.015577582690329071,-0.019004345973227338,0.015103207222011744,,342.81
23.56,0.015657582690329096,-0.019094345973227317,0.015363207222011727,,342.81
23.564,0.015747582690329075,-0.018914345973227303,0.015613207222011755,,342.81
23.568,0.016007582690329057,-0.01866434597322733,0.015873207222011736,,342.81
23.572,0.016007582690329057,-0.018494345973227327,0.01604320722201174,,342.81
23.576,0.016007582690329057,-0.018234345973227345,0.016213207222011743,,342.81
23.58,0.016007582690329057,-0.01806434597322734,0.01604320722201174,,342.81
23.584,0.016007582690329057,-0.017714345973227325,0.01604320722201174,,342.81
23.588,0.016007582690329057,-0.017464345973227297,0.016133207222011718,,342.81
23.592,0.016007582690329057,-0.01729434597322735,0.016213207222011743,,342.81
23.596,0.016007582690329057,-0.01694434597322733,0.01630320722201172,,342.81
23.6,0.016007582690329057,-0.016514345973227346,0.016473207222011725,,342.81
23.604,0.01617758269032906,-0.016094345973227314,0.016733207222011708,,342.81
23.608,0.01642758269032909,-0.015744345973227297,0.016733207222011708,,342.81
23.612,0.016517582690329068,-0.015234345973227342,0.016733207222011708,,342.81
23.616,0.016517582690329068,-0.014634345973227297,0.01664320722201173,,342.81
23.62,0.01642758269032909,-0.014034345973227308,0.0163932072220117,,342.81
23.624,0.01617758269032906,-0.01334434597322734,0.016213207222011743,,342.81
23.628,0.01608758269032908,-0.01274434597322735,0.016213207222011743,,342.81
23.632,0.01608758269032908,-0.012124672885217166,0.016213207222011743,,342.81
23.636,0.01608758269032908,-0.011489447066280844,0.015963207222011715,,342.81
23.64,0.0158275826903291,-0.010840711047162905,0.01604320722201174,,342.81
23.644,0.015657582690329096,-0.01018050735860787,0.016213207222011743,,342.81
23.648,0.015407582690329068,-0.00951087853136026,0.01604320722201174,,342.81
23.652,0.015227582690329054,-0.0088338670961646,0.015873207222011736,,342.81
23.656,0.014977582690329082,-0.008151515583765406,0.015613207222011755,,342.81
23.66,0.014807582690329078,-0.007465866524907199,0.015363207222011727,,342.81
23.664,0.014457582690329061,-0.006778962450334504,0.01501320722201171,,342.81
23.668,0.014207582690329089,-0.006092845890791843,0.014763207222011738,,342.81
23.672,0.014027582690329075,-0.005409559377023734,0.014503207222011755,,342.81
23.676,0.0136075826903291,-0.004731145439774699,0.014163207222011748,,342.81
23.68,0.013177582690329058,-0.004059646609789261,0.013813207222011731,,342.81
23.684,0.012827582690329097,-0.00339710541781194,0.013473207222011724,,342.81
23.688,0.012577582690329069,-0.0027455643945872555,0.013043207222011738,,342.81
23.692,0.012407582690329065,-0.002107066070859732,0.012533207222011728,,342.81
23.696,0.012057582690329048,-0.00148365297737389,0.012103207222011742,,342.81
23.7,0.011627582690329062,-0.0008773676448742481,0.011673207222011756,,342.81
23.704,0.011207582690329086,-0.0002902526041053316,0.011243207222011714,,342.81
23.708,0.010687582690329066,0.000275649614188342,0.010903207222011707,,342.81
23.712,0.01025758269032908,0.0008182964792622477,0.010303207222011718,,342.81
23.716,0.010007582690329052,0.001335645460371866,0.009793207222011708,,342.81
23.72,0.009827582690329094,0.0018256540267726769,0.009363207222011722,,342.81
23.724,0.009487582690329087,0.002245654026772653,0.008933207222011736,,342.81
23.728,0.008977582690329076,0.0029356540267726767,0.00850320722201175,,342.81
23.732,0.008287582690329053,0.003195654026772659,0.008163207222011743,,342.81
23.736,0.007947582690329101,0.0037056540267726697,0.007643207222011722,,342.81
23.74,0.007777582690329098,0.0043056540267726595,0.006963207222011708,,342.81
23.744,0.007347582690329056,0.0046456540267726665,0.0064432072220117435,,342.81
23.748,0.006747582690329067,0.005165654026772687,0.005933207222011733,,342.81
23.752,0.006237582690329056,0.005845654026772701,0.005333207222011744,,342.81
23.756,0.005547582690329088,0.006275654026772687,0.004733207222011754,,342.81
23.76,0.0046875826903290604,0.006535654026772669,0.003963207222011706,,342.81
23.764,0.004087582690329071,0.006875654026772676,0.00353320722201172,,342.81
23.768,0.003317582690329078,0.007225654026772693,0.0029332072220117304,,342.81
23.772,0.0024575826903290507,0.007735654026772704,0.001993207222011734,,342.81
23.776,0.001687582690329058,0.008335654026772693,0.0013932072220117445,,342.81
23.78,0.0011775826903290475,0.008845654026772704,0.0007032072220117205,,342.81
23.784,0.0009175826903290651,0.009195654026772665,0.00027320722201173455,,342.81
23.788,0.00048758269032907913,0.009365654026772668,2.320722201170657e-05,,342.81
23.792,-2.760324838728791e-05,0.009705654026772675,2.320722201170657e-05,,342.81
23.796,-0.0005908315556374679,0.010135654026772661,-0.0001469336566893441,,342.81
23.8,-0.001204014673406192,0.010475654026772668,-0.0006012435898316552,,342.81
23.804,-0.001869065043678192,0.010905654026772654,-0.0012555535229739657,,342.81
23.808,-0.0025878951084381983,0.011335654026772696,-0.002025694401675015,,342.81
23.812,-0.003362417309670941,0.011675654026772703,-0.0028274971714935416,,342.81
23.816,-0.0043124173096709476,0.011935654026772685,-0.0035767927779882854,,342.81
23.82,-0.0051481240237326335,0.012275654026772692,-0.004346792777988278,,342.81
23.824,-0.00594134342062828,0.012535654026772675,-0.005296792777988285,,342.81
23.828,-0.006695728974013907,0.012615654026772699,-0.005976792777988243,,342.81
23.832,-0.007414934157545537,0.01296565402677266,-0.0067467927779882916,,342.81
23.836,-0.008102612444879196,0.013305654026772668,-0.0075267927779882945,,342.81
23.84,-0.008762417309670902,0.013475654026772671,-0.008376792777988256,,342.81
23.844,-0.009362417309670946,0.013815654026772678,-0.00914679277798825,,342.81
23.848,-0.010222417309670918,0.014165654026772695,-0.00957679277798829,,342.81
23.852,-0.011082417309670946,0.014245654026772664,-0.009926792777988252,,342.81
23.856,-0.011762417309670904,0.014505654026772702,-0.010606792777988266,,342.81
23.86,-0.01236241730967095,0.01467565402677265,-0.011466792777988294,,342.81
23.864,-0.012962417309670939,0.014935654026772688,-0.012066792777988283,,342.81
23.868,-0.013392417309670925,0.01519565402677267,-0.01240679277798829,,342.81
23.872,-0.013902417309670935,0.015445654026772698,-0.012836792777988276,,342.81
23.876,-0.014592417309670903,0.015445654026772698,-0.013346792777988286,,342.81
23.88,-0.015102417309670914,0.015535654026772677,-0.013776792777988272,,342.81
23.884,-0.0155324173096709,0.01579565402677266,-0.014036792777988255,,342.81
23.888,-0.01596241730967094,0.01579565402677266,-0.014466792777988296,,342.81
23.892,-0.016302417309670948,0.01579565402677266,-0.014896792777988282,,342.81
23.896,-0.016732417309670934,0.01579565402677266,-0.015316792777988258,,342.81
23.9,-0.01708241730967095,0.01579565402677266,-0.015666792777988277,,342.81
23.904,-0.0172524173096709,0.01579565402677266,-0.016096792777988263,,342.81
23.908,-0.017592417309670906,0.01579565402677266,-0.01643679277798827,,342.81
23.912,-0.018022417309670948,0.01579565402677266,-0.016606792777988273,,342.81
23.916,-0.0183624173096709,0.01579565402677266,-0.01694679277798828,,342.81
23.92,-0.018622417309670937,0.01579565402677266,-0.017296792777988297,,342.81
23.924,-0.01879241730967094,0.015875654026772684,-0.017376792777988266,,342.81
23.928,-0.019052417309670923,0.015965654026772663,-0.01763679277798825,,342.81
23.932,-0.019132417309670947,0.015875654026772684,-0.017716792777988273,,342.81
23.936,-0.01930241730967095,0.015875654026772684,-0.017806792777988252,,342.81
23.94,-0.019652417309670912,0.015875654026772684,-0.01806679277798829,,342.81
23.944,-0.01990241730967094,0.01579565402677266,-0.018236792777988294,,342.81
23.948,-0.01999241730967092,0.015535654026772677,-0.018316792777988262,,342.81
23.952,-0.01999241730967092,0.015445654026772698,-0.018496792777988276,,342.81
23.956,-0.0200824173096709,0.015275654026772695,-0.018496792777988276,,342.81
23.96,-0.01990241730967094,0.015015654026772657,-0.018576792777988245,,342.81
23.964,-0.019732417309670937,0.014935654026772688,-0.018576792777988245,,342.81
23.968,-0.019732417309670937,0.01467565402677265,-0.018496792777988276,,342.81
23.972,-0.019562417309670933,0.014505654026772702,-0.018236792777988294,,342.81
23.976,-0.01930241730967095,0.014165654026772695,-0.01814679277798826,,342.81
23.98,-0.019052417309670923,0.013995654026772691,-0.01814679277798826,,342.81
23.984,-0.018702417309670906,0.013735654026772653,-0.017896792777988287,,342.81
23.988,-0.018452417309670933,0.013395654026772702,-0.01763679277798825,,342.81
23.992,-0.01828241730967093,0.013045654026772685,-0.017296792777988297,,342.81
23.996,-0.017932417309670913,0.012705654026772678,-0.01703679277798826,,342.81
24.0,-0.017592417309670906,0.012535654026772675,-0.016866792777988256,,342.81
24.004,-0.0172524173096709,0.012195654026772668,-0.016516792777988294,,342.81
24.008,-0.016822417309670913,0.011765654026772682,-0.016096792777988263,,342.81
24.012,-0.016302417309670948,0.011335654026772696,-0.015746792777988246,,342.81
24.016,-0.015882417309670917,0.010905654026772654,-0.015316792777988258,,342.81
24.02,-0.0155324173096709,0.0103956540267727,-0.014896792777988282,,342.81
24.024,-0.015022417309670945,0.009795654026772654,-0.014546792777988265,,342.81
24.028,-0.014332417309670921,0.009365654026772668,-0.01411679277798828,,342.81
24.032,-0.01382241730967091,0.008845654026772704,-0.013696792777988248,,342.81
24.036,-0.013302417309670946,0.008075654026772655,-0.013266792777988262,,342.81
24.04,-0.012622417309670932,0.007645654026772669,-0.012666792777988272,,342.81
24.044,-0.012112417309670921,0.007305654026772662,-0.012066792777988283,,342.81
24.048,-0.0115924173096709,0.006795654026772652,-0.011636792777988297,,342.81
24.052,-0.010732417309670929,0.006105654026772683,-0.011126792777988287,,342.81
24.056,-0.01013241730967094,0.005595654026772673,-0.010526792777988297,,342.81
24.06,-0.009452417309670925,0.005165654026772687,-0.010006792777988277,,342.81
24.064,-0.008762417309670902,0.004475654026772663,-0.009406792777988287,,342.81
24.068,-0.008162417309670912,0.0037056540267726697,-0.008806792777988298,,342.81
24.072,-0.007562417309670923,0.0032756540267726837,-0.008126792777988284,,342.81
24.076,-0.006882417309670909,0.0023356540267726873,-0.0072667927779882565,,342.81
24.08,-0.006282417309670919,0.0016456540267726634,-0.006666792777988267,,342.81
24.084,-0.005592417309670951,0.001045654026772674,-0.005976792777988243,,342.81
24.088,-0.004652417309670899,0.00019565402677265665,-0.005376792777988254,,342.81
24.092,-0.003962417309670931,-0.0006643459732273152,-0.004776792777988264,,342.81
24.096,-0.0031924173096709377,-0.0013543459732273393,-0.004266792777988254,,342.81
24.1,-0.002381410474107422,-0.0017743459732273152,-0.0036240916880143064,,342.81
24.104,-0.001550793602930487,-0.002124345973227332,-0.002883398111048805,,342.81
24.108,-0.0007015762735192502,-0.0026343459732273426,-0.0020880167393276016,,342.81
24.112,-5.567931140880466e-05,-0.0034043459732273356,-0.0012812522650865474,,342.81
24.116,0.0005274795520202817,-0.0040943459732273035,-0.000506409380561493,,342.81
24.12,0.0010551427503383112,-0.004604345973227314,0.00019320722201171005,,342.81
24.124,0.0015345527171155863,-0.00554434597322731,0.000793207222011755,,342.81
24.128,0.0019729518859224093,-0.006234345973227334,0.00130320722201171,,342.81
24.132,0.0023775826903290817,-0.006834345973227324,0.0013932072220117445,,342.81
24.136,0.0027175826903290887,-0.007524345973227348,0.001643207222011717,,342.81
24.14,0.002977582690329071,-0.00829434597322734,0.0022432072220117064,,342.81
24.144,0.0034875826903290816,-0.009064345973227333,0.002763207222011727,,342.81
24.148,0.00417758269032905,-0.009664345973227323,0.0032732072220117373,,342.81
24.152,0.004777582690329095,-0.010264345973227312,0.0038732072220117267,,342.81
24.156,0.005377582690329084,-0.010864345973227302,0.004303207222011713,,342.81
24.16,0.005887582690329095,-0.01163434597322735,0.00464320722201172,,342.81
24.164,0.006237582690329056,-0.01223434597322734,0.00516320722201174,,342.81
24.168,0.006657582690329088,-0.012664345973227326,0.005933207222011733,,342.81
24.172,0.007257582690329077,-0.013514345973227343,0.0064432072220117435,,342.81
24.176,0.007777582690329098,-0.014114345973227332,0.006873207222011729,,342.81
24.18,0.008287582690329053,-0.01446434597322735,0.007223207222011746,,342.81
24.184,0.008717582690329094,-0.014894345973227335,0.007643207222011722,,342.81
24.188,0.00914758269032908,-0.015314345973227311,0.008073207222011708,,342.81
24.192,0.009487582690329087,-0.015664345973227328,0.008413207222011715,,342.81
24.196,0.009917582690329073,-0.016004345973227335,0.008763207222011732,,342.81
24.2,0.010427582690329083,-0.016264345973227318,0.009193207222011718,,342.81
24.204,0.01085758269032907,-0.016604345973227325,0.009703207222011729,,342.81
24.208,0.011207582690329086,-0.01694434597322733,0.010213207222011739,,342.81
24.212,0.011547582690329093,-0.017204345973227314,0.010643207222011725,,342.81
24.216,0.011977582690329079,-0.017374345973227318,0.010903207222011707,,342.81
24.22,0.012317582690329086,-0.017804345973227304,0.011333207222011749,,342.81
24.224,0.012407582690329065,-0.01806434597322734,0.011673207222011756,,342.81
24.228,0.012747582690329072,-0.018314345973227314,0.011843207222011704,,342.81
24.232,0.013177582690329058,-0.018574345973227296,0.012103207222011742,,342.81
24.236,0.013517582690329065,-0.018574345973227296,0.012533207222011728,,342.81
24.24,0.013777582690329047,-0.018574345973227296,0.012873207222011735,,342.81
24.244,0.014117582690329054,-0.01866434597322733,0.013133207222011717,,342.81
24.248,0.014287582690329058,-0.018914345973227303,0.013473207222011724,,342.81
24.252,0.014547582690329096,-0.019004345973227338,0.013733207222011707,,342.81
24.256,0.014887582690329047,-0.019004345973227338,0.01390320722201171,,342.81
24.26,0.015147582690329085,-0.019004345973227338,0.014243207222011717,,342.81
24.264,0.015407582690329068,-0.019004345973227338,0.014503207222011755,,342.81
24.268,0.015657582690329096,-0.018834345973227334,0.014673207222011703,,342.81
24.272,0.015657582690329096,-0.018574345973227296,0.014933207222011741,,342.81
24.276,0.015747582690329075,-0.018574345973227296,0.015193207222011723,,342.81
24.28,0.016007582690329057,-0.018494345973227327,0.015443207222011751,,342.81
24.284,0.016007582690329057,-0.018234345973227345,0.01553320722201173,,342.81
24.288,0.01617758269032906,-0.01814434597322731,0.01579320722201171,,342.81
24.292,0.01642758269032909,-0.017714345973227325,0.01579320722201171,,342.81
24.296,0.01642758269032909,-0.017374345973227318,0.015873207222011736,,342.81
24.3,0.016257582690329085,-0.01729434597322735,0.016133207222011718,,342.81
24.304,0.01608758269032908,-0.01703434597322731,0.01604320722201174,,342.81
24.308,0.01608758269032908,-0.016604345973227325,0.01604320722201174,,342.81
24.312,0.01617758269032906,-0.01617434597322734,0.01630320722201172,,342.81
24.316,0.016347582690329064,-0.015744345973227297,0.01630320722201172,,342.81
24.32,0.016517582690329068,-0.015314345973227311,0.01630320722201172,,342.81
24.324,0.016517582690329068,-0.014714345973227322,0.01630320722201172,,342.81
24.328,0.016517582690329068,-0.014114345973227332,0.01630320722201172,,342.81
24.332,0.016517582690329068,-0.013694345973227301,0.016213207222011743,,342.81
24.336,0.016347582690329064,-0.013174345973227336,0.016213207222011743,,342.81
24.34,0.01608758269032908,-0.012494345973227322,0.01630320722201172,,342.81
24.344,0.01608758269032908,-0.011894345973227333,0.016213207222011743,,342.81
24.348,0.01608758269032908,-0.0112128015557378,0.015963207222011715,,342.81
24.352,0.0158275826903291,-0.010477717478396762,0.015963207222011715,,342.81
24.356,0.015577582690329071,-0.009710711811339713,0.015873207222011736,,342.81
24.36,0.015317582690329089,-0.00893340262470213,0.015963207222011715,,342.81
24.364,0.015227582690329054,-0.008167407988619504,0.015873207222011736,,342.81
24.368,0.014977582690329082,-0.007434345973227313,0.015613207222011755,,342.81
24.372,0.0147175826903291,-0.006744345973227345,0.015443207222011751,,342.81
24.376,0.014377582690329092,-0.006064345973227331,0.015193207222011723,,342.81
24.38,0.014117582690329054,-0.005374345973227307,0.01501320722201171,,342.81
24.384,0.014027582690329075,-0.0046943459732273485,0.014763207222011738,,342.81
24.388,0.0136075826903291,-0.0040043459732273246,0.014333207222011752,,342.81
24.392,0.013177582690329058,-0.003324345973227311,0.014073207222011714,,342.81
24.396,0.012827582690329097,-0.002894345973227325,0.013813207222011731,,342.81
24.4,0.01248758269032909,-0.0030643459732273286,0.013473207222011724,,342.81
24.404,0.012147582690329083,-0.0030643459732273286,0.013043207222011738,,342.81
24.408,0.012057582690329048,-0.002464345973227339,0.012613207222011752,,342.81
24.412,0.011977582690329079,-0.002124345973227332,0.01219320722201172,,342.81
24.416,0.011627582690329062,-0.0016943459732273462,0.011593207222011731,,342.81
24.42,0.011207582690329086,-0.0010043459732273223,0.010993207222011742,,342.81
24.424,0.010607582690329097,-0.0004043459732273328,0.010563207222011756,,342.81
24.428,0.010087582690329076,0.00019565402677265665,0.010303207222011718,,342.81
24.432,0.009827582690329094,0.0007956540267727016,0.010043207222011736,,342.81
24.436,0.009487582690329087,0.00147565402677266,0.00961320722201175,,342.81
24.44,0.00914758269032908,0.0020756540267726493,0.009013207222011705,,342.81
24.444,0.00854758269032909,0.0028456540267726978,0.00850320722201175,,342.81
24.448,0.007947582690329101,0.003195654026772659,0.007903207222011705,,342.81
24.452,0.007607582690329094,0.0036256540267727007,0.007303207222011715,,342.81
24.456,0.007437582690329091,0.0043056540267726595,0.006703207222011726,,342.81
24.46,0.007087582690329074,0.004735654026772701,0.0061032072220117365,,342.81
24.464,0.006577582690329063,0.005075654026772652,0.0056732072220117506,,342.81
24.468,0.00580758269032907,0.005595654026772673,0.005073207222011706,,342.81
24.472,0.005021165483711553,0.006025654026772659,0.004473207222011716,,342.81
24.476,0.004198705633963834,0.00644565402677269,0.0038732072220117267,,342.81
24.48,0.003384660285418821,0.006875654026772676,0.003103207222011734,,342.81
24.484,0.0026234865824094197,0.007305654026772662,0.0022432072220117064,,342.81
24.488,0.001959641669268539,0.007735654026772704,0.001563207222011748,,342.81
24.492,0.0014375826903290855,0.008075654026772655,0.000963207222011703,,342.81
24.496,0.0010875826903290686,0.008505654026772697,0.00036320722201171353,,342.81
24.5,0.0005775826903290581,0.008935654026772683,-6.679277798827242e-05,,342.81
24.504,0.00048758269032907913,0.009365654026772668,-0.0003267927779882549,,342.81
24.508,0.00023758269032905116,0.009795654026772654,-0.0002367927779882759,,342.81
24.512,-0.0005424173096709518,0.010135654026772661,-0.0003730985631763352,,342.81
24.516,-0.0013924173096709137,0.010475654026772668,-0.0007530355697680425,,342.81
24.52,-0.0022261735905172225,0.010905654026772654,-0.0013331332743046916,,342.81
24.524,-0.0030540135317862413,0.011335654026772696,-0.0020726694667123585,,342.81
24.528,-0.003874747503907046,0.011595654026772678,-0.0029289268287506095,,342.81
24.532,-0.004687185877308709,0.01184565402677265,-0.0038549842039930123,,342.81
24.536,-0.0054901390224203084,0.012195654026772668,-0.004803920436013135,,342.81
24.54,-0.006282417309670919,0.012535654026772675,-0.005728814368384546,,342.81
24.544,-0.007052417309670912,0.012795654026772657,-0.006582744844680813,,342.81
24.548,-0.00791241730967094,0.013045654026772685,-0.007346792777988281,,342.81
24.552,-0.008512417309670929,0.013395654026772702,-0.00803679277798825,,342.81
24.556,-0.009282417309670922,0.013645654026772674,-0.008806792777988298,,342.81
24.56,-0.009882417309670911,0.013905654026772657,-0.00957679277798829,,342.81
24.564,-0.0104824173096709,0.014165654026772695,-0.01026679277798826,,342.81
24.568,-0.011162417309670915,0.014245654026772664,-0.01077679277798827,,342.81
24.572,-0.012112417309670921,0.01459565402677268,-0.01129679277798829,,342.81
24.576,-0.012792417309670935,0.014845654026772653,-0.01189679277798828,,342.81
24.58,-0.013392417309670925,0.015105654026772691,-0.01240679277798829,,342.81
24.584,-0.01382241730967091,0.015365654026772674,-0.012926792777988255,,342.81
24.588,-0.014332417309670921,0.015615654026772702,-0.013266792777988262,,342.81
24.592,-0.014852417309670941,0.015965654026772663,-0.013606792777988269,,342.81
24.596,-0.01545241730967093,0.015965654026772663,-0.014036792777988255,,342.81
24.6,-0.015792417309670938,0.015875654026772684,-0.014466792777988296,,342.81
24.604,-0.016222417309670924,0.015875654026772684,-0.014896792777988282,,342.81
24.608,-0.01665241730967091,0.015875654026772684,-0.015316792777988258,,342.81
24.612,-0.016902417309670938,0.015965654026772663,-0.015666792777988277,,342.81
24.616,-0.0172524173096709,0.01621565402677269,-0.016096792777988263,,342.81
24.62,-0.017592417309670906,0.01630565402677267,-0.01643679277798827,,342.81
24.624,-0.017932417309670913,0.01630565402677267,-0.016606792777988273,,342.81
24.628,-0.018452417309670933,0.01621565402677269,-0.01694679277798828,,342.81
24.632,-0.01879241730967094,0.01630565402677267,-0.017206792777988263,,342.81
24.636,-0.01888241730967092,0.01621565402677269,-0.017376792777988266,,342.81
24.64,-0.019052417309670923,0.01630565402677267,-0.01763679277798825,,342.81
24.644,-0.019222417309670926,0.01630565402677267,-0.017806792777988252,,342.81
24.648,-0.019562417309670933,0.01621565402677269,-0.01806679277798829,,342.81
24.652,-0.019822417309670916,0.01621565402677269,-0.018236792777988294,,342.81
24.656,-0.01999241730967092,0.015965654026772663,-0.018316792777988262,,342.81
24.66,-0.0200824173096709,0.015875654026772684,-0.018496792777988276,,342.81
24.664,-0.01999241730967092,0.01579565402677266,-0.018496792777988276,,342.81
24.668,-0.0200824173096709,0.015535654026772677,-0.018496792777988276,,342.81
24.672,-0.0200824173096709,0.015445654026772698,-0.018496792777988276,,342.81
24.676,-0.01999241730967092,0.01519565402677267,-0.018576792777988245,,342.81
24.68,-0.019732417309670937,0.015015654026772657,-0.018576792777988245,,342.81
24.684,-0.019652417309670912,0.01467565402677265,-0.018496792777988276,,342.81
24.688,-0.01939241730967093,0.014415654026772667,-0.018316792777988262,,342.81
24.692,-0.019132417309670947,0.014165654026772695,-0.01814679277798826,,342.81
24.696,-0.01888241730967092,0.013815654026772678,-0.017896792777988287,,342.81
24.7,-0.018702417309670906,0.01356565402677265,-0.017716792777988273,,342.81
24.704,-0.0183624173096709,0.013305654026772668,-0.017376792777988266,,342.81
24.708,-0.017932417309670913,0.012875654026772682,-0.017296792777988297,,342.81
24.712,-0.017502417309670927,0.012365654026772671,-0.01694679277798828,,342.81
24.716,-0.01708241730967095,0.012195654026772668,-0.016606792777988273,,342.81
24.72,-0.016822417309670913,0.01184565402677265,-0.016266792777988266,,342.81
24.724,-0.016302417309670948,0.011335654026772696,-0.016006792777988284,,342.81
24.728,-0.015882417309670917,0.010905654026772654,-0.015666792777988277,,342.81
24.732,-0.0155324173096709,0.010565654026772703,-0.015316792777988258,,342.81
24.736,-0.015192417309670948,0.010045654026772682,-0.014716792777988269,,342.81
24.74,-0.014682417309670938,0.009445654026772693,-0.01411679277798828,,342.81
24.744,-0.013902417309670935,0.008845654026772704,-0.013606792777988269,,342.81
24.748,-0.013222417309670921,0.008245654026772659,-0.013176792777988283,,342.81
24.752,-0.012792417309670935,0.007815654026772673,-0.012836792777988276,,342.81
24.756,-0.012192417309670946,0.007475654026772666,-0.012326792777988265,,342.81
24.76,-0.011512417309670932,0.006875654026772676,-0.011726792777988276,,342.81
24.764,-0.010912417309670942,0.006275654026772687,-0.011126792777988287,,342.81
24.768,-0.010222417309670918,0.005675654026772697,-0.010436792777988263,,342.81
24.772,-0.009622417309670929,0.005075654026772652,-0.009746792777988294,,342.81
24.776,-0.008932417309670905,0.004395654026772694,-0.009236792777988284,,342.81
24.78,-0.00842241730967095,0.0037956540267726486,-0.008636792777988294,,342.81
24.784,-0.007745984541422004,0.003195654026772659,-0.00794679277798827,,342.81
24.788,-0.006951354943844244,0.0025956540267726698,-0.00743679277798826,,342.81
24.792,-0.006062112851765322,0.0017356540267726979,-0.0068367927779882706,,342.81
24.796,-0.005101842600012891,0.0007956540267727016,-0.0061741913660079495,,342.81
24.8,-0.004094128523414602,0.00019565402677265665,-0.00546837609272193,,342.81
24.804,-0.003062554956798108,-0.0004043459732273328,-0.004730167430273223,,342.81
24.808,-0.0020307062349910598,-0.0009243459732272977,-0.0039703858508048405,,342.81
24.812,-0.0010221666928211099,-0.0015243459732273428,-0.0031998518264597956,,342.81
24.816,-6.052066511591102e-05,-0.002124345973227332,-0.0024293858293811,,342.81
24.82,0.0008306475132968856,-0.002204345973227301,-0.0016698083317117644,,342.81
24.824,0.0016401048496002626,-0.002464345973227339,-0.000931939805594802,,342.81
24.828,0.002326166678152524,-0.003324345973227311,-0.00022660072317322473,,342.81
24.832,0.0028052969369044157,-0.004174345973227328,0.00043538844340995566,,342.81
24.836,0.002977582690329071,-0.004944345973227321,0.0010432072220117276,,342.81
24.84,0.002637582690329064,-0.005634345973227345,0.001563207222011748,,342.81
24.844,0.002547582690329085,-0.006404345973227338,0.002073207222011703,,342.81
24.848,0.002547582690329085,-0.007174345973227331,0.0025932072220117234,,342.81
24.852,0.0027175826903290887,-0.007694345973227351,0.002763207222011727,,342.81
24.856,0.003317582690329078,-0.008724345973227327,0.0028432072220117514,,342.81
24.86,0.0038375826903290985,-0.00949434597322732,0.003193207222011713,,342.81
24.864,0.0046075826903290915,-0.009924345973227305,0.00353320722201172,,342.81
24.868,0.005037582690329077,-0.01052434597322735,0.00404320722201173,,342.81
24.872,0.005547582690329088,-0.011204345973227309,0.00464320722201172,,342.81
24.876,0.006147582690329077,-0.011894345973227333,0.005073207222011706,,342.81
24.88,0.006577582690329063,-0.012404345973227343,0.005593207222011726,,342.81
24.884,0.00691758269032907,-0.012924345973227308,0.0061932072220117155,,342.81
24.888,0.007347582690329056,-0.013604345973227322,0.006793207222011705,,342.81
24.892,0.007947582690329101,-0.014114345973227332,0.007223207222011746,,342.81
24.896,0.00862758269032906,-0.01446434597322735,0.007643207222011722,,342.81
24.9,0.00914758269032908,-0.014894345973227335,0.008073207222011708,,342.81
24.904,0.009487582690329087,-0.015314345973227311,0.008413207222011715,,342.81
24.908,0.009917582690329073,-0.015664345973227328,0.008843207222011757,,342.81
24.912,0.010347582690329059,-0.016094345973227314,0.009273207222011743,,342.81
24.916,0.0107775826903291,-0.01643434597322732,0.009703207222011729,,342.81
24.92,0.011117582690329052,-0.016604345973227325,0.010133207222011715,,342.81
24.924,0.011207582690329086,-0.01694434597322733,0.010393207222011753,,342.81
24.928,0.011627582690329062,-0.01729434597322735,0.010643207222011725,,342.81
24.932,0.012057582690329048,-0.017464345973227297,0.010993207222011742,,342.81
24.936,0.012407582690329065,-0.017804345973227304,0.011333207222011749,,342.81
24.94,0.012657582690329093,-0.01806434597322734,0.011673207222011756,,342.81
24.944,0.012827582690329097,-0.018314345973227314,0.012103207222011742,,342.81
24.948,0.013177582690329058,-0.018574345973227296,0.012443207222011749,,342.81
24.952,0.013687582690329068,-0.018574345973227296,0.012703207222011731,,342.81
24.956,0.014027582690329075,-0.01866434597322733,0.013043207222011738,,342.81
24.96,0.014117582690329054,-0.018914345973227303,0.01330320722201172,,342.81
24.964,0.014287582690329058,-0.019004345973227338,0.013473207222011724,,342.81
24.968,0.014547582690329096,-0.019094345973227317,0.013813207222011731,,342.81
24.972,0.014887582690329047,-0.019094345973227317,0.014073207222011714,,342.81
24.976,0.015227582690329054,-0.019004345973227338,0.014243207222011717,,342.81
24.98,0.015317582690329089,-0.018914345973227303,0.014673207222011703,,342.81
24.984,0.015577582690329071,-0.01866434597322733,0.01501320722201171,,342.81
24.988,0.015657582690329096,-0.01866434597322733,0.015193207222011723,,342.81
24.992,0.015747582690329075,-0.018494345973227327,0.015443207222011751,,342.81
24.996,0.016007582690329057,-0.018234345973227345,0.015443207222011751,,342.81
25.0,0.016007582690329057,-0.01806434597322734,0.01553320722201173,,342.81
25.004,0.01608758269032908,-0.017804345973227304,0.01579320722201171,,342.81
25.008,0.016257582690329085,-0.017714345973227325,0.01579320722201171,,342.81
25.012,0.01642758269032909,-0.017374345973227318,0.01579320722201171,,342.81
25.016,0.01642758269032909,-0.01703434597322731,0.015873207222011736,,342.81
25.02,0.016347582690329064,-0.016864345973227307,0.015963207222011715,,342.81
25.024,0.01608758269032908,-0.016514345973227346,0.01604320722201174,,342.81
25.028,0.01608758269032908,-0.01617434597322734,0.016133207222011718,,342.81
25.032,0.01617758269032906,-0.015744345973227297,0.016213207222011743,,342.81
25.036,0.01642758269032909,-0.015314345973227311,0.01630320722201172,,342.81
25.04,0.016517582690329068,-0.014894345973227335,0.01630320722201172,,342.81
25.044,0.01642758269032909,-0.01446434597322735,0.016133207222011718,,342.81
25.048,0.01617758269032906,-0.013774345973227325,0.015873207222011736,,342.81
25.052,0.01608758269032908,-0.013174345973227336,0.015873207222011736,,342.81
25.056,0.01608758269032908,-0.012574345973227347,0.015963207222011715,,342.81
25.06,0.016007582690329057,-0.011894345973227333,0.015873207222011736,,342.81
25.064,0.015747582690329075,-0.011034345973227305,0.015873207222011736,,342.81
25.068,0.015747582690329075,-0.010344345973227337,0.015873207222011736,,342.81
25.072,0.015657582690329096,-0.009574345973227344,0.015873207222011736,,342.81
25.076,0.015407582690329068,-0.008724345973227327,0.01553320722201173,,342.81
25.08,0.015227582690329054,-0.007864345973227299,0.015363207222011727,,342.81
25.084,0.014977582690329082,-0.007434345973227313,0.015193207222011723,,342.81
25.088,0.014807582690329078,-0.007174345973227331,0.01501320722201171,,342.81
25.092,0.014457582690329061,-0.007094345973227306,0.014763207222011738,,342.81
25.096,0.014117582690329054,-0.007004345973227327,0.014593207222011734,,342.81
25.1,0.013777582690329047,-0.006924345973227303,0.014243207222011717,,342.81
25.104,0.013517582690329065,-0.006924345973227303,0.01390320722201171,,342.81
25.108,0.013177582690329058,-0.006675504735826673,0.013563207222011703,,342.81
25.112,0.012747582690329072,-0.006017846659237571,0.01330320722201172,,342.81
25.116,0.012407582690329065,-0.005084670196879188,0.012963207222011714,,342.81
25.12,0.012227582690329052,-0.004009273802170707,0.012533207222011728,,342.81
25.124,0.011977582690329079,-0.002924955928531319,0.012103207222011742,,342.81
25.128,0.011627582690329062,-0.0019650150293802075,0.011843207222011704,,342.81
25.132,0.011207582690329086,-0.0010943459732273013,0.011413207222011718,,342.81
25.136,0.010687582690329066,-0.0005743459732273363,0.010903207222011707,,342.81
25.14,0.010347582690329059,-6.434597322732582e-05,0.010213207222011739,,342.81
25.144,0.010177582690329055,0.0007056540267726671,0.009703207222011729,,342.81
25.148,0.00974758269032907,0.00147565402677266,0.009443207222011746,,342.81
25.152,0.009227582690329049,0.0019056540267727014,0.009193207222011718,,342.81
25.156,0.008717582690329094,0.002505654026772691,0.008593207222011729,,342.81
25.16,0.008207582690329084,0.0033656540267726627,0.007903207222011705,,342.81
25.164,0.007947582690329101,0.003875654026772673,0.00739320722201175,,342.81
25.168,0.007687582690329063,0.004045654026772677,0.006963207222011708,,342.81
25.172,0.007257582690329077,0.004475654026772663,0.0061932072220117155,,342.81
25.176,0.006747582690329067,0.005165654026772687,0.0057632072220117295,,342.81
25.18,0.006237582690329056,0.005675654026772697,0.005333207222011744,,342.81
25.184,0.005542528469238848,0.006025654026772659,0.004473207222011716,,342.81
25.188,0.004689220228849939,0.006535654026772669,0.00404320722201173,,342.81
25.192,0.0037773647499634196,0.007135654026772659,0.00353320722201172,,342.81
25.196,0.002906668813380374,0.007475654026772666,0.002763207222011727,,342.81
25.2,0.002176839199901891,0.007735654026772704,0.0022432072220117064,,342.81
25.204,0.001687582690329058,0.008075654026772655,0.001643207222011717,,342.81
25.208,0.0014375826903290855,0.008505654026772697,0.0011332072220117066,,342.81
25.212,0.001347582690329051,0.008935654026772683,0.000793207222011755,,342.81
25.216,0.0011089429550449393,0.00927565402677269,0.000793207222011755,,342.81
25.22,0.0006785077761917268,0.009705654026772675,0.0007032072220117205,,342.81
25.224,8.883708971483618e-05,0.010135654026772661,0.00036320722201171353,,342.81
25.228,-0.0006275091684403106,0.010565654026772703,-0.0004967927779882584,,342.81
25.232,-0.0014379710623282904,0.010995654026772689,-0.0014367927779882547,,342.81
25.236,-0.002309988656003681,0.011165654026772692,-0.002036792777988244,,342.81
25.24,-0.0032110020135210603,0.011415654026772665,-0.002726792777988268,,342.81
25.244,-0.004108451198935003,0.011765654026772682,-0.003486453970385962,,342.81
25.248,-0.004969776276300092,0.012105654026772689,-0.004297911031392715,,342.81
25.252,-0.005762417309670899,0.012445654026772696,-0.005129918701832427,,342.81
25.256,-0.006532417309670947,0.012705654026772678,-0.005951231722528991,,342.81
25.26,-0.007291252178468405,0.013045654026772685,-0.006730604834306303,,342.81
25.264,-0.008052348101750356,0.013305654026772668,-0.00743679277798826,,342.81
25.268,-0.008805358828014191,0.013475654026772671,-0.00803679277798825,,342.81
25.272,-0.009539938105757305,0.013815654026772678,-0.008636792777988294,,342.81
25.276,-0.010245739683477091,0.014165654026772695,-0.00914679277798825,,342.81
25.28,-0.010912417309670942,0.014335654026772698,-0.010006792777988277,,342.81
25.284,-0.011512417309670932,0.01459565402677268,-0.01077679277798827,,342.81
25.288,-0.012192417309670946,0.01467565402677265,-0.011206792777988256,,342.81
25.292,-0.012962417309670939,0.015015654026772657,-0.011636792777988297,,342.81
25.296,-0.013392417309670925,0.015365654026772674,-0.012066792777988283,,342.81
25.3,-0.013902417309670935,0.015445654026772698,-0.012576792777988293,,342.81
25.304,-0.014592417309670903,0.015535654026772677,-0.013176792777988283,,342.81
25.308,-0.015102417309670914,0.01579565402677266,-0.013606792777988269,,342.81
25.312,-0.01545241730967093,0.015965654026772663,-0.013946792777988276,,342.81
25.316,-0.015702417309670903,0.016045654026772688,-0.014206792777988258,,342.81
25.32,-0.01596241730967094,0.016045654026772688,-0.014546792777988265,,342.81
25.324,-0.016392417309670927,0.015875654026772684,-0.014896792777988282,,342.81
25.328,-0.016822417309670913,0.015875654026772684,-0.015316792777988258,,342.81
25.332,-0.01716241730967092,0.015875654026772684,-0.015746792777988246,,342.81
25.336,-0.017592417309670906,0.015965654026772663,-0.016176792777988287,,342.81
25.34,-0.018022417309670948,0.01630565402677267,-0.01643679277798827,,342.81
25.344,-0.0183624173096709,0.01630565402677267,-0.016606792777988273,,342.81
25.348,-0.018622417309670937,0.01630565402677267,-0.016866792777988256,,342.81
25.352,-0.01879241730967094,0.016475654026772674,-0.017116792777988284,,342.81
25.356,-0.019052417309670923,0.01630565402677267,-0.017376792777988266,,342.81
25.36,-0.019222417309670926,0.016045654026772688,-0.01754679277798827,,342.81
25.364,-0.01948241730967091,0.015965654026772663,-0.017806792777988252,,342.81
25.368,-0.01990241730967094,0.015965654026772663,-0.017976792777988256,,342.81
25.372,-0.01990241730967094,0.01579565402677266,-0.01814679277798826,,342.81
25.376,-0.01990241730967094,0.015445654026772698,-0.01814679277798826,,342.81
25.38,-0.01999241730967092,0.015445654026772698,-0.01814679277798826,,342.81
25.384,-0.01999241730967092,0.015365654026772674,-0.018236792777988294,,342.81
25.388,-0.019732417309670937,0.015105654026772691,-0.01814679277798826,,342.81
25.392,-0.019652417309670912,0.015015654026772657,-0.01814679277798826,,342.81
25.396,-0.019562417309670933,0.01459565402677268,-0.018236792777988294,,342.81
25.4,-0.01930241730967095,0.014245654026772664,-0.01814679277798826,,342.81
25.404,-0.019132417309670947,0.014165654026772695,-0.018236792777988294,,342.81
25.408,-0.01888241730967092,0.013815654026772678,-0.01806679277798829,,342.81
25.412,-0.018702417309670906,0.013475654026772671,-0.017896792777988287,,342.81
25.416,-0.0183624173096709,0.013135654026772664,-0.017806792777988252,,342.81
25.42,-0.017942417309670923,0.012865654026772672,-0.017466792777988245,,342.81
25.424,-0.017592417309670906,0.012535654026772675,-0.017206792777988263,,342.81
25.428,-0.017342417309670934,0.012435654026772686,-0.01704679277798827,,342.81
25.432,-0.01708241730967095,0.012015654026772654,-0.01694679277798828,,342.81
25.436,-0.016742417309670944,0.01149565402677269,-0.01652679277798825,,342.81
25.44,-0.016222417309670924,0.011165654026772692,-0.016096792777988263,,342.81
25.444,-0.01554241730967091,0.010555654026772693,-0.015756792777988256,,342.81
25.448,-0.015102417309670914,0.010135654026772661,-0.015316792777988258,,342.81
25.452,-0.014772417309670917,0.009525654026772662,-0.014986792777988261,,342.81
25.456,-0.014332417309670921,0.008935654026772683,-0.014466792777988296,,342.81
25.46,-0.01383241730967092,0.008495654026772687,-0.014046792777988265,,342.81
25.464,-0.013052417309670918,0.007995654026772686,-0.013776792777988272,,342.81
25.468,-0.012542417309670907,0.007465654026772656,-0.013186792777988293,,342.81
25.472,-0.011852417309670939,0.007135654026772659,-0.012496792777988269,,342.81
25.476,-0.011082417309670946,0.00644565402677269,-0.01189679277798828,,342.81
25.48,-0.010562417309670925,0.00593565402677268,-0.011206792777988256,,342.81
25.484,-0.009972417309670946,0.005495654026772684,-0.010696792777988245,,342.81
25.488,-0.009362417309670946,0.004905654026772649,-0.010096792777988256,,342.81
25.492,-0.008772417309670912,0.0042956540267726495,-0.009496792777988266,,342.81
25.496,-0.008162417309670912,0.0037056540267726697,-0.008806792777988298,,342.81
25.5,-0.007572417309670933,0.0030956540267726702,-0.008216792777988263,,342.81
25.504,-0.006882417309670909,0.0023356540267726873,-0.0075267927779882945,,342.81
25.508,-0.006292417309670929,0.0015556540267726844,-0.006756792777988246,,342.81
25.512,-0.00568241730967093,0.0008756540267726706,-0.005896792777988274,,342.81
25.516,-0.0048324173096709125,-7.434597322733582e-05,-0.005386792777988264,,342.81
25.52,-0.003962417309670931,-0.0007543459732273497,-0.004696792777988295,,342.81
25.524,-0.0032024173096709477,-0.0011043459732273113,-0.00410679277798826,,342.81
25.528,-0.0024099665174140876,-0.0017743459732273152,-0.0033726546748720264,,342.81
25.532,-0.0015929178165201808,-0.0023043459732273457,-0.0025276675913322015,,342.81
25.536,-0.0007674548761440686,-0.002554345973227318,-0.0016312231821796301,,342.81
25.54,5.023863455940684e-05,-0.0028143459732273006,-0.0007427131022251619,,342.81
25.544,0.0008439790464354034,-0.003574345973227339,7.847099372035695e-05,,342.81
25.548,0.001597582690329079,-0.004524345973227345,0.0007729374508460783,,342.81
25.552,0.002287582690329047,-0.005124345973227334,0.00130320722201171,,342.81
25.556,0.0021975826903290682,-0.005984345973227306,0.001553207222011738,,342.81
25.56,0.0021175826903290992,-0.00666434597322732,0.0018232072220117305,,342.81
25.564,0.0022775826903290927,-0.007354345973227344,0.001983207222011724,,342.81
25.568,0.002887582690329092,-0.008204345973227306,0.002333207222011741,,342.81
25.572,0.003397582690329047,-0.008814345973227306,0.002753207222011717,,342.81
25.576,0.0040075826903290465,-0.00940434597322734,0.003193207222011713,,342.81
25.58,0.004507582690329047,-0.01001434597322734,0.0037832072220117478,,342.81
25.584,0.004947582690329098,-0.010774345973227323,0.004393207222011747,,342.81
25.588,0.005537582690329078,-0.011384345973227322,0.004893207222011748,,342.81
25.592,0.006147582690329077,-0.012064345973227336,0.005593207222011726,,342.81
25.596,0.006567582690329053,-0.012754345973227305,0.006013207222011702,,342.81
25.6,0.007007582690329049,-0.013264345973227315,0.006363207222011719,,342.81
25.604,0.00750758269032905,-0.013614345973227332,0.00678320722201175,,342.81
25.608,0.007947582690329101,-0.014034345973227308,0.00739320722201175,,342.81
25.612,0.008277582690329098,-0.014474345973227304,0.008063207222011754,,342.81
25.616,0.00862758269032906,-0.014894345973227335,0.00850320722201175,,342.81
25.62,0.009057582690329101,-0.015324345973227321,0.008843207222011757,,342.81
25.624,0.009487582690329087,-0.015664345973227328,0.009363207222011722,,342.81
25.628,0.009907582690329063,-0.016094345973227314,0.009783207222011753,,342.81
25.632,0.010427582690329083,-0.016514345973227346,0.010133207222011715,,342.81
25.636,0.01084758269032906,-0.016784345973227338,0.010553207222011746,,342.81
25.64,0.011117582690329052,-0.01703434597322731,0.010903207222011707,,342.81
25.644,0.011627582690329062,-0.01729434597322735,0.011063207222011756,,342.81
25.648,0.012057582690329048,-0.017464345973227297,0.011333207222011749,,342.81
25.652,0.012227582690329052,-0.017814345973227314,0.011753207222011725,,342.81
25.656,0.012407582690329065,-0.01806434597322734,0.01219320722201172,,342.81
25.66,0.012827582690329097,-0.0182443459732273,0.012433207222011739,,342.81
25.664,0.013257582690329082,-0.018494345973227327,0.012703207222011731,,342.81
25.668,0.013507582690329055,-0.018584345973227306,0.013033207222011728,,342.81
25.672,0.013687582690329068,-0.018574345973227296,0.01330320722201172,,342.81
25.676,0.014027582690329075,-0.01866434597322733,0.013463207222011714,,342.81
25.68,0.014377582690329092,-0.018914345973227303,0.013813207222011731,,342.81
25.684,0.014627582690329065,-0.018924345973227313,0.014063207222011704,,342.81
25.688,0.014887582690329047,-0.018914345973227303,0.014333207222011752,,342.81
25.692,0.015047582690329096,-0.018844345973227344,0.014583207222011724,,342.81
25.696,0.015317582690329089,-0.01866434597322733,0.014763207222011738,,342.81
25.7,0.015567582690329061,-0.01866434597322733,0.01501320722201171,,342.81
25.704,0.015657582690329096,-0.01866434597322733,0.015103207222011744,,342.81
25.708,0.015747582690329075,-0.018494345973227327,0.015363207222011727,,342.81
25.712,0.016007582690329057,-0.018234345973227345,0.015443207222011751,,342.81
25.716,0.01608758269032908,-0.01814434597322731,0.015613207222011755,,342.81
25.72,0.01617758269032906,-0.017804345973227304,0.01579320722201171,,342.81
25.724,0.016257582690329085,-0.01754434597322732,0.015873207222011736,,342.81
25.728,0.016347582690329064,-0.01729434597322735,0.015873207222011736,,342.81
25.732,0.016347582690329064,-0.01694434597322733,0.015963207222011715,,342.81
25.736,0.016347582690329064,-0.016514345973227346,0.015963207222011715,,342.81
25.74,0.016347582690329064,-0.016094345973227314,0.015963207222011715,,342.81
25.744,0.016347582690329064,-0.01583434597322733,0.016213207222011743,,342.81
25.748,0.01642758269032909,-0.015744345973227297,0.0163932072220117,,342.81
25.752,0.016517582690329068,-0.015234345973227342,0.016473207222011725,,342.81
25.756,0.016517582690329068,-0.01446434597322735,0.01630320722201172,,342.81
25.76,0.01642758269032909,-0.013774345973227325,0.016213207222011743,,342.81
25.764,0.01617758269032906,-0.013264345973227315,0.01604320722201174,,342.81
25.768,0.01608758269032908,-0.012834345973227329,0.015963207222011715,,342.81
25.772,0.01608758269032908,-0.012494345973227322,0.015873207222011736,,342.81
25.776,0.01608758269032908,-0.0119089482023421,0.01579320722201171,,342.81
25.78,0.0158275826903291,-0.011094894244606008,0.01553320722201173,,342.81
25.784,0.015747582690329075,-0.010159295571422762,0.01553320722201173,,342.81
25.788,0.015657582690329096,-0.00920926365419609,0.015613207222011755,,342.81
25.792,0.015317582690329089,-0.008351909964329711,0.015443207222011751,,342.81
25.796,0.014977582690329082,-0.007694345973227351,0.015363207222011727,,342.81
25.8,0.014807582690329078,-0.00726434597322731,0.015193207222011723,,342.81
25.804,0.014457582690329061,-0.006834345973227324,0.01501320722201171,,342.81
25.808,0.014117582690329054,-0.006324345973227313,0.014673207222011703,,342.81
25.812,0.014027582690329075,-0.005894345973227327,0.01441320722201172,,342.81
25.816,0.0136075826903291,-0.005464345973227341,0.014163207222011748,,342.81
25.82,0.013177582690329058,-0.0050343459732273,0.013733207222011707,,342.81
25.824,0.012917582690329076,-0.004604345973227314,0.01330320722201172,,342.81
25.828,0.012747582690329072,-0.004174345973227328,0.013043207222011738,,342.81
25.832,0.01248758269032909,-0.0036004155540893252,0.012963207222011714,,342.81
25.836,0.012317582690329086,-0.0029145114428403003,0.012703207222011731,,342.81
25.84,0.011977582690329079,-0.0021672930343049194,0.012273207222011745,,342.81
25.844,0.011717582690329097,-0.0014094197233078523,0.011843207222011704,,342.81
25.848,0.011457582690329059,-0.0006915509046737652,0.011243207222011714,,342.81
25.852,0.011027582690329073,-6.434597322732582e-05,0.010563207222011756,,342.81
25.856,0.010427582690329083,0.00044565402677268463,0.010043207222011736,,342.81
25.86,0.009917582690329073,0.0013056540267726564,0.009703207222011729,,342.81
25.864,0.009577582690329066,0.0019956540267726803,0.009363207222011722,,342.81
25.868,0.009317582690329083,0.0025956540267726698,0.008843207222011757,,342.81
25.872,0.009057582690329101,0.0030256540267726557,0.008163207222011743,,342.81
25.876,0.00862758269032906,0.0032756540267726837,0.007643207222011722,,342.81
25.88,0.008117582690329049,0.0037956540267726486,0.007133207222011712,,342.81
25.884,0.007437582690329091,0.0043056540267726595,0.006623207222011757,,342.81
25.888,0.006837582690329101,0.004735654026772701,0.006363207222011719,,342.81
25.892,0.006577582690329063,0.00533565402677269,0.0057632072220117295,,342.81
25.896,0.006057582690329098,0.00593565402677268,0.004993207222011737,,342.81
25.9,0.005207582690329081,0.006275654026772687,0.004473207222011716,,342.81
25.904,0.004437582690329088,0.00644565402677269,0.0038732072220117267,,342.81
25.908,0.0034875826903290816,0.006795654026772652,0.0032732072220117373,,342.81
25.912,0.0028075826903290677,0.007225654026772693,0.002673207222011748,,342.81
25.916,0.0021175826903290992,0.007735654026772704,0.001993207222011734,,342.81
25.92,0.0015175826903290545,0.008415654026772662,0.0013932072220117445,,342.81
25.924,0.001347582690329051,0.008845654026772704,0.0007032072220117205,,342.81
25.928,0.0011775826903290475,0.00927565402677269,0.00027320722201173455,,342.81
25.932,0.0008375826903290961,0.009705654026772675,-6.679277798827242e-05,,342.81
25.936,0.00033442685044233155,0.009875654026772679,-6.679277798827242e-05,,342.81
25.94,-0.0003027512086099791,0.010135654026772661,-0.0001884912856693244,,342.81
25.944,-0.0010460968346501928,0.010475654026772668,-0.0005299874719653462,,342.81
25.948,-0.001867755375500666,0.010905654026772654,-0.0010558823317556357,,342.81
25.952,-0.002739872178983754,0.011415654026772665,-0.0017570597308967303,,342.81
25.956,-0.0036345925929218157,0.01184565402677265,-0.002589609756195612,,342.81
25.96,-0.004524061965137204,0.012015654026772654,-0.003506748338933982,,342.81
25.964,-0.005380425643452279,0.012275654026772692,-0.004461691410393541,,342.81
25.968,-0.006175828975689395,0.012615654026772699,-0.005407654901855987,,342.81
25.972,-0.006882417309670909,0.01296565402677266,-0.006297854744603021,,342.81
25.976,-0.007482417309670954,0.013135654026772664,-0.007128810732631222,,342.81
25.98,-0.008082417309670943,0.013395654026772702,-0.007776792777988267,,342.81
25.984,-0.008932417309670905,0.013645654026772674,-0.008206792777988253,,342.81
25.988,-0.009622417309670929,0.013815654026772678,-0.008806792777988298,,342.81
25.992,-0.010312417309670953,0.01407565402677266,-0.009496792777988266,,342.81
25.996,-0.01125241730967095,0.014335654026772698,-0.010006792777988277,,342.81
26.0,-0.011852417309670939,0.01467565402677265,-0.010436792777988263,,342.81
26.004,-0.01236241730967095,0.015015654026772657,-0.011206792777988256,,342.81
26.008,-0.012962417309670939,0.015105654026772691,-0.011976792777988248,,342.81
26.012,-0.013392417309670925,0.015105654026772691,-0.01240679277798829,,342.81
26.016,-0.013902417309670935,0.015365654026772674,-0.012746792777988297,,342.81
26.02,-0.014682417309670938,0.015535654026772677,-0.013176792777988283,,342.81
26.024,-0.015102417309670914,0.01579565402677266,-0.013696792777988248,,342.81
26.028,-0.01545241730967093,0.01579565402677266,-0.01411679277798828,,342.81
26.032,-0.015702417309670903,0.015875654026772684,-0.014546792777988265,,342.81
26.036,-0.01605241730967092,0.016045654026772688,-0.014976792777988251,,342.81
26.04,-0.01665241730967091,0.015875654026772684,-0.015236792777988289,,342.81
26.044,-0.01708241730967095,0.015875654026772684,-0.015406792777988293,,342.81
26.048,-0.017332417309670924,0.015875654026772684,-0.015746792777988246,,342.81
26.052,-0.01768241730967094,0.015965654026772663,-0.016096792777988263,,342.81
26.056,-0.018022417309670948,0.015875654026772684,-0.016516792777988294,,342.81
26.06,-0.0183624173096709,0.015875654026772684,-0.01694679277798828,,342.81
26.064,-0.018622417309670937,0.015965654026772663,-0.017116792777988284,,342.81
26.068,-0.018962417309670944,0.015965654026772663,-0.017376792777988266,,342.81
26.072,-0.01948241730967091,0.015875654026772684,-0.017466792777988245,,342.81
26.076,-0.01948241730967091,0.015875654026772684,-0.017716792777988273,,342.81
26.08,-0.01948241730967091,0.015875654026772684,-0.017806792777988252,,342.81
26.084,-0.019822417309670916,0.015875654026772684,-0.01806679277798829,,342.81
26.088,-0.01990241730967094,0.015535654026772677,-0.01814679277798826,,342.81
26.092,-0.01999241730967092,0.015275654026772695,-0.018316792777988262,,342.81
26.096,-0.0200824173096709,0.015015654026772657,-0.018576792777988245,,342.81
26.1,-0.01990241730967094,0.015015654026772657,-0.018576792777988245,,342.81
26.104,-0.019732417309670937,0.015015654026772657,-0.018576792777988245,,342.81
26.108,-0.019732417309670937,0.01467565402677265,-0.018576792777988245,,342.81
26.112,-0.019562417309670933,0.014335654026772698,-0.018576792777988245,,342.81
26.116,-0.01930241730967095,0.014165654026772695,-0.018496792777988276,,342.81
26.12,-0.019132417309670947,0.013995654026772691,-0.018236792777988294,,342.81
26.124,-0.01879241730967094,0.013645654026772674,-0.01814679277798826,,342.81
26.128,-0.018532417309670902,0.013215654026772689,-0.01814679277798826,,342.81
26.132,-0.01828241730967093,0.013305654026772668,-0.017896792777988287,,342.81
26.136,-0.017932417309670913,0.013045654026772685,-0.017716792777988273,,342.81
26.14,-0.017502417309670927,0.012615654026772699,-0.017466792777988245,,342.81
26.144,-0.01708241730967095,0.012195654026772668,-0.017296792777988297,,342.81
26.148,-0.016732417309670934,0.011765654026772682,-0.01694679277798828,,342.81
26.152,-0.016302417309670948,0.011415654026772665,-0.016516792777988294,,342.81
26.156,-0.015882417309670917,0.010905654026772654,-0.016096792777988263,,342.81
26.16,-0.0155324173096709,0.010305654026772665,-0.015746792777988246,,342.81
26.164,-0.015192417309670948,0.009795654026772654,-0.015316792777988258,,342.81
26.168,-0.014762417309670907,0.00927565402677269,-0.014896792777988282,,342.81
26.172,-0.014252417309670952,0.008765654026772679,-0.014546792777988265,,342.81
26.176,-0.013652417309670907,0.00816565402677269,-0.01411679277798828,,342.81
26.18,-0.013052417309670918,0.007735654026772704,-0.013696792777988248,,342.81
26.184,-0.012532417309670953,0.007475654026772666,-0.013096792777988258,,342.81
26.188,-0.011852417309670939,0.006965654026772655,-0.012236792777988286,,342.81
26.192,-0.011082417309670946,0.00644565402677269,-0.01189679277798828,,342.81
26.196,-0.0104824173096709,0.00593565402677268,-0.011376792777988259,,342.81
26.2,-0.009792417309670932,0.005245654026772656,-0.010606792777988266,,342.81
26.204,-0.009362417309670946,0.0046456540267726665,-0.01026679277798826,,342.81
26.208,-0.008852417309670936,0.004045654026772677,-0.00957679277798829,,342.81
26.212,-0.008162417309670912,0.003445654026772687,-0.008806792777988298,,342.81
26.216,-0.007652417309670902,0.0028456540267726978,-0.008296792777988287,,342.81
26.22,-0.007052417309670912,0.0020756540267726493,-0.0075267927779882945,,342.81
26.224,-0.006362936908156544,0.001135654026772653,-0.0067467927779882916,,342.81
26.228,-0.0056136948936222125,0.0005356540267726636,-0.006236792777988281,,342.81
26.232,-0.004829356596287201,-6.434597322732582e-05,-0.005636792777988292,,342.81
26.236,-0.0040345873463707915,-0.0005743459732273363,-0.005036792777988247,,342.81
26.24,-0.003254052474092271,-0.0013543459732273393,-0.004289272254785942,,342.81
26.244,-0.0025124173096709237,-0.0019543459732273287,-0.0034385946290399066,,342.81
26.248,-0.0018224173096708996,-0.002124345973227332,-0.0025208838846186308,,342.81
26.252,-0.0009624173096709277,-0.0023743459732273047,-0.0015722640053906054,,342.81
26.256,-0.00045241730967091726,-0.0031443459732272976,-0.0006288589752243202,,342.81
26.26,5.7582690329093184e-05,-0.0037443459732273425,0.00027320722201173455,,342.81
26.264,0.0007475826903290616,-0.0043443459732273315,0.0011332072220117066,,342.81
26.268,0.001257582690329072,-0.005124345973227334,0.0018232072220117305,,342.81
26.272,0.001687582690329058,-0.005804345973227348,0.001993207222011734,,342.81
26.276,0.001947582690329096,-0.006494345973227317,0.0018232072220117305,,342.81
26.28,0.002287582690329047,-0.007344345973227334,0.001993207222011734,,342.81
26.284,0.002887582690329092,-0.008034345973227303,0.0025032072220117444,,342.81
26.288,0.0034875826903290816,-0.008634345973227348,0.0029332072220117304,,342.81
26.292,0.004087582690329071,-0.009234345973227337,0.003443207222011741,,342.81
26.296,0.0046075826903290915,-0.009834345973227326,0.003963207222011706,,342.81
26.3,0.005117582690329046,-0.010434345973227316,0.004473207222011716,,342.81
26.304,0.005717582690329091,-0.011294345973227343,0.00516320722201174,,342.81
26.308,0.006237582690329056,-0.011974345973227302,0.005593207222011726,,342.81
26.312,0.006577582690329063,-0.012494345973227322,0.006023207222011712,,342.81
26.316,0.007087582690329074,-0.012924345973227308,0.006703207222011726,,342.81
26.32,0.007777582690329098,-0.01334434597322734,0.007223207222011746,,342.81
26.324,0.008287582690329053,-0.013944345973227329,0.007733207222011757,,342.81
26.328,0.00862758269032906,-0.01446434597322735,0.008073207222011708,,342.81
26.332,0.009057582690329101,-0.014894345973227335,0.00850320722201175,,342.81
26.336,0.009487582690329087,-0.015234345973227342,0.008933207222011736,,342.81
26.34,0.009827582690329094,-0.015404345973227346,0.009273207222011743,,342.81
26.344,0.01025758269032908,-0.015744345973227297,0.00961320722201175,,342.81
26.348,0.0107775826903291,-0.016094345973227314,0.010043207222011736,,342.81
26.352,0.011117582690329052,-0.016604345973227325,0.010563207222011756,,342.81
26.356,0.011547582690329093,-0.01703434597322731,0.010993207222011742,,342.81
26.36,0.011807582690329076,-0.01729434597322735,0.011243207222011714,,342.81
26.364,0.011977582690329079,-0.017464345973227297,0.011763207222011735,,342.81
26.368,0.012317582690329086,-0.017714345973227325,0.01219320722201172,,342.81
26.372,0.012747582690329072,-0.017804345973227304,0.012613207222011752,,342.81
26.376,0.013177582690329058,-0.01814434597322731,0.012963207222011714,,342.81
26.38,0.013517582690329065,-0.018494345973227327,0.013043207222011738,,342.81
26.384,0.013687582690329068,-0.018574345973227296,0.013393207222011755,,342.81
26.388,0.014027582690329075,-0.018574345973227296,0.013733207222011707,,342.81
26.392,0.014287582690329058,-0.0187443459732273,0.013993207222011745,,342.81
26.396,0.014457582690329061,-0.019004345973227338,0.014243207222011717,,342.81
26.4,0.0147175826903291,-0.019004345973227338,0.014503207222011755,,342.81
26.404,0.014977582690329082,-0.019004345973227338,0.014763207222011738,,342.81
26.408,0.015147582690329085,-0.019004345973227338,0.015103207222011744,,342.81
26.412,0.015317582690329089,-0.0187443459732273,0.015363207222011727,,342.81
26.416,0.015577582690329071,-0.01866434597322733,0.01553320722201173,,342.81
26.42,0.015747582690329075,-0.01866434597322733,0.01579320722201171,,342.81
26.424,0.016007582690329057,-0.018574345973227296,0.01579320722201171,,342.81
26.428,0.016007582690329057,-0.018314345973227314,0.01579320722201171,,342.81
26.432,0.016007582690329057,-0.01806434597322734,0.01579320722201171,,342.81
26.436,0.016007582690329057,-0.017894345973227338,0.015963207222011715,,342.81
26.44,0.016007582690329057,-0.017804345973227304,0.016213207222011743,,342.81
26.444,0.016007582690329057,-0.017464345973227297,0.01630320722201172,,342.81
26.448,0.016007582690329057,-0.01703434597322731,0.016213207222011743,,342.81
26.452,0.016007582690329057,-0.016694345973227304,0.016213207222011743,,342.81
26.456,0.01608758269032908,-0.01643434597322732,0.01630320722201172,,342.81
26.46,0.016347582690329064,-0.016094345973227314,0.016213207222011743,,342.81
26.464,0.016517582690329068,-0.015744345973227297,0.016213207222011743,,342.81
26.468,0.016517582690329068,-0.015314345973227311,0.01630320722201172,,342.81
26.472,0.016517582690329068,-0.014894345973227335,0.01630320722201172,,342.81
26.476,0.01642758269032909,-0.014374345973227315,0.016213207222011743,,342.81
26.48,0.016347582690329064,-0.013604345973227322,0.015963207222011715,,342.81
26.484,0.01617758269032906,-0.012834345973227329,0.015873207222011736,,342.81
26.488,0.01617758269032906,-0.012324345973227319,0.01579320722201171,,342.81
26.492,0.01608758269032908,-0.01172434597322733,0.015613207222011755,,342.81
26.496,0.0158275826903291,-0.010864345973227302,0.015613207222011755,,342.81
26.5,0.015577582690329071,-0.010264345973227312,0.015443207222011751,,342.81
26.504,0.015317582690329089,-0.00949434597322732,0.015443207222011751,,342.81
26.508,0.015227582690329054,-0.008724345973227327,0.015363207222011727,,342.81
26.512,0.014977582690329082,-0.008034345973227303,0.015103207222011744,,342.81
26.516,0.014807582690329078,-0.007344345973227334,0.014763207222011738,,342.81
26.52,0.014457582690329061,-0.006494345973227317,0.014593207222011734,,342.81
26.524,0.014207582690329089,-0.005634345973227345,0.014243207222011717,,342.81
26.528,0.014027582690329075,-0.0047743459732273175,0.013733207222011707,,342.81
26.532,0.0136075826903291,-0.0039243459732273,0.01330320722201172,,342.81
26.536,0.013177582690329058,-0.0030643459732273286,0.013043207222011738,,342.81
26.54,0.012827582690329097,-0.002204345973227301,0.012963207222011714,,342.81
26.544,0.012407582690329065,-0.0013543459732273393,0.012613207222011752,,342.81
26.548,0.012057582690329048,-0.0004943459732273118,0.01219320722201172,,342.81
26.552,0.0118875826903291,0.00019565402677265665,0.011763207222011735,,342.81
26.556,0.011547582690329093,0.0005356540267726636,0.011413207222011718,,342.81
26.56,0.011207582690329086,0.00027565402677268115,0.010903207222011707,,342.81
26.564,0.010687582690329066,-6.434597322732582e-05,0.010133207222011715,,342.81
26.568,0.01025758269032908,0.00027565402677268115,0.009703207222011729,,342.81
26.572,0.010007582690329052,0.0007056540267726671,0.009363207222011722,,342.81
26.576,0.009827582690329094,0.001045654026772674,0.008933207222011736,,342.81
26.58,0.009487582690329087,0.0015656540267726944,0.008333207222011746,,342.81
26.584,0.008977582690329076,0.002165654026772684,0.007733207222011757,,342.81
26.588,0.008287582690329053,0.0027656540267726733,0.007303207222011715,,342.81
26.592,0.007857582690329067,0.003535654026772666,0.006873207222011729,,342.81
26.596,0.00751758269032906,0.0039656540267726526,0.00627320722201174,,342.81
26.6,0.007007582690329049,0.004475654026772663,0.0056732072220117506,,342.81
26.604,0.006317582690329081,0.005075654026772652,0.005243207222011709,,342.81
26.608,0.005887582690329095,0.005595654026772673,0.004993207222011737,,342.81
26.612,0.005322649998130817,0.006025654026772659,0.004563207222011751,,342.81
26.616,0.0046565408861491886,0.006535654026772669,0.0037932072220117023,,342.81
26.62,0.003929117476881204,0.007135654026772659,0.003193207222011713,,342.81
26.624,0.003180241892823862,0.0075656540267727,0.002673207222011748,,342.81
26.628,0.0024497762564741595,0.007735654026772704,0.001993207222011734,,342.81
26.632,0.0017775826903290925,0.007995654026772686,0.0014732072220117135,,342.81
26.636,0.0011775826903290475,0.008415654026772662,0.000963207222011703,,342.81
26.64,0.0006575826903290826,0.008845654026772704,0.00036320722201171353,,342.81
26.644,0.00048758269032907913,0.00927565402677269,2.320722201170657e-05,,342.81
26.648,0.00018291828293713966,0.009615654026772696,2.320722201170657e-05,,342.81
26.652,-0.0002519644741133375,0.010045654026772682,2.320722201170657e-05,,342.81
26.656,-0.0007992616657510729,0.010475654026772668,-0.0004967927779882584,,342.81
26.66,-0.0014411693769047858,0.010905654026772654,-0.0010967927779882477,,342.81
26.664,-0.0021598836925031976,0.011335654026772696,-0.0017767927779882616,,342.81
26.668,-0.002937600697475026,0.011675654026772703,-0.002376792777988251,,342.81
26.672,-0.0037565164767489933,0.01184565402677265,-0.0030114436595996778,,342.81
26.676,-0.0045988271152538176,0.012105654026772689,-0.003658823189668813,,342.81
26.68,-0.005446728697918221,0.012535654026772675,-0.004324989617368947,,342.81
26.684,-0.006282417309670919,0.012795654026772657,-0.005016001191873373,,342.81
26.688,-0.007222417309670916,0.013045654026772685,-0.005737916162355382,,342.81
26.692,-0.007992417309670909,0.013475654026772671,-0.006496792777988264,,342.81
26.696,-0.008592417309670954,0.013815654026772678,-0.007346792777988281,,342.81
26.7,-0.009192417309670943,0.013905654026772657,-0.00803679277798825,,342.81
26.704,-0.009792417309670932,0.01407565402677266,-0.008636792777988294,,342.81
26.708,-0.010562417309670925,0.014335654026772698,-0.00914679277798825,,342.81
26.712,-0.011512417309670932,0.01459565402677268,-0.009746792777988294,,342.81
26.716,-0.012112417309670921,0.01467565402677265,-0.010436792777988263,,342.81
26.72,-0.012532417309670953,0.014935654026772688,-0.011126792777988287,,342.81
26.724,-0.013052417309670918,0.015105654026772691,-0.011546792777988263,,342.81
26.728,-0.013732417309670931,0.015275654026772695,-0.011976792777988248,,342.81
26.732,-0.014252417309670952,0.015445654026772698,-0.012496792777988269,,342.81
26.736,-0.014682417309670938,0.01570565402677268,-0.012926792777988255,,342.81
26.74,-0.015102417309670914,0.01579565402677266,-0.013266792777988262,,342.81
26.744,-0.015622417309670934,0.01579565402677266,-0.013696792777988248,,342.81
26.748,-0.016222417309670924,0.01579565402677266,-0.01411679277798828,,342.81
26.752,-0.016732417309670934,0.015875654026772684,-0.014466792777988296,,342.81
26.756,-0.01708241730967095,0.015965654026772663,-0.014806792777988248,0.002201278599759101,342.81
26.76,-0.0172524173096709,0.015965654026772663,-0.015236792777988289,0.002891278599759125,342.81
26.764,-0.017502417309670927,0.015875654026772684,-0.015746792777988246,0.0035812785997590933,342.81
26.768,-0.01776241730967091,0.015875654026772684,-0.016096792777988263,0.004261278599759107,342.81
26.772,-0.018102417309670917,0.015875654026772684,-0.01634679277798829,0.004861278599759097,342.81
26.776,-0.018452417309670933,0.015965654026772663,-0.016776792777988277,0.005291278599759138,342.81
26.78,-0.01879241730967094,0.015875654026772684,-0.01694679277798828,0.005291278599759138,342.81
26.784,-0.019132417309670947,0.015875654026772684,-0.017116792777988284,0.005121278599759135,342.81
26.788,-0.01948241730967091,0.015875654026772684,-0.017296792777988297,0.005381278599759117,342.81
26.792,-0.019562417309670933,0.015875654026772684,-0.017376792777988266,0.005461278599759086,342.81
26.796,-0.019562417309670933,0.01579565402677266,-0.01763679277798825,0.005801278599759093,342.81
26.8,-0.019652417309670912,0.015535654026772677,-0.017896792777988287,0.0062312785997591345,342.81
26.804,-0.01990241730967094,0.015445654026772698,-0.018236792777988294,0.006401278599759138,342.81
26.808,-0.01999241730967092,0.01519565402677267,-0.018316792777988262,0.0063212785997591135,342.81
26.812,-0.01999241730967092,0.015105654026772691,-0.018316792777988262,0.0066612785997591205,342.81
26.816,-0.019732417309670937,0.014935654026772688,-0.018576792777988245,0.0070012785997591274,342.81
26.82,-0.019652417309670912,0.01467565402677265,-0.018576792777988245,0.007351278599759089,342.81
26.824,-0.019652417309670912,0.01459565402677268,-0.018576792777988245,0.00778127859975913,342.81
26.828,-0.019652417309670912,0.014245654026772664,-0.018576792777988245,0.008121278599759137,342.81
26.832,-0.01930241730967095,0.013905654026772657,-0.018496792777988276,0.00829127859975914,342.81
26.836,-0.019052417309670923,0.013905654026772657,-0.018316792777988262,0.008551278599759123,342.81
26.84,-0.018702417309670906,0.01356565402677265,-0.018236792777988294,0.009061278599759134,342.81
26.844,-0.018452417309670933,0.01296565402677266,-0.01806679277798829,0.00940127859975914,342.81
26.848,-0.01828241730967093,0.012705654026772678,-0.017896792777988287,0.009571278599759089,342.81
26.852,-0.017932417309670913,0.012535654026772675,-0.017716792777988273,0.009831278599759127,342.81
26.856,-0.017592417309670906,0.012195654026772668,-0.017466792777988245,0.010261278599759113,342.81
26.86,-0.01708241730967095,0.011675654026772703,-0.017296792777988297,0.01060127859975912,342.81
26.864,-0.016732417309670934,0.011245654026772661,-0.01694679277798828,0.010771278599759123,342.81
26.868,-0.016302417309670948,0.010905654026772654,-0.016606792777988273,0.01112127859975914,342.81
26.872,-0.015882417309670917,0.010475654026772668,-0.016176792777988287,0.011551278599759126,342.81
26.876,-0.0155324173096709,0.010045654026772682,-0.015746792777988246,0.011801278599759098,342.81
26.88,-0.015102417309670914,0.009705654026772675,-0.015406792777988293,0.011971278599759102,342.81
26.884,-0.014682417309670938,0.009365654026772668,-0.014976792777988251,0.012321278599759119,342.81
26.888,-0.014162417309670917,0.008845654026772704,-0.014546792777988265,0.012751278599759105,342.81
26.892,-0.013482417309670904,0.008075654026772655,-0.01411679277798828,0.013001278599759133,342.81
26.896,-0.012962417309670939,0.007645654026772669,-0.013606792777988269,0.013261278599759115,342.81
26.9,-0.01236241730967095,0.007135654026772659,-0.013096792777988258,0.013601278599759122,342.81
26.904,-0.011512417309670932,0.006625654026772704,-0.012496792777988269,0.01395127859975914,342.81
26.908,-0.010992417309670911,0.006275654026772687,-0.011976792777988248,0.014201278599759112,342.81
26.912,-0.0104824173096709,0.005595654026772673,-0.011546792777988263,0.014461278599759094,342.81
26.916,-0.009882417309670911,0.005165654026772687,-0.010925293241925529,0.014721278599759132,342.81
26.92,-0.009282417309670922,0.0046456540267726665,-0.010158502023335418,0.014891278599759136,342.81
26.924,-0.008592417309670954,0.0039656540267726526,-0.009267183903045297,0.015231278599759087,342.81
26.928,-0.007992417309670909,0.003445654026772687,-0.008272103661882548,0.015491278599759125,342.81
26.932,-0.00731241730967095,0.0027966426509681707,-0.007194026080674546,0.01566127859975913,342.81
26.936,-0.006712417309670905,0.0020498305194463864,-0.006053715940248663,0.01592127859975911,342.81
26.94,-0.006112417309670916,0.0012547716117366407,-0.004871938021432278,0.016091278599759114,342.81
26.944,-0.005252417309670944,0.00046101990736824067,-0.003669457105052766,0.016351278599759097,342.81
26.948,-0.004482417309670951,-0.0002818706141295078,-0.002467037971937503,0.016351278599759097,342.81
26.952,-0.003792417309670927,-0.0009243459732272977,-0.0012854454029138642,0.016351278599759097,342.81
26.956,-0.0029324173096708997,-0.0014343459732273083,-0.00014544417880922513,0.01643127859975912,342.81
26.96,-0.0022524173096709413,-0.0017743459732273152,0.0009322009195490377,0.0165212785997591,342.81
26.964,-0.0015624173096709171,-0.002124345973227332,0.001926725111333549,0.01643127859975912,342.81
26.968,-0.0009624173096709277,-0.002464345973227339,0.0028173636157169356,0.01643127859975912,342.81
26.972,-0.0003624173096709383,-0.0029743459732273496,0.003570476222074898,0.01643127859975912,342.81
26.976,0.00048758269032907913,-0.003574345973227339,0.004144453787033356,0.0165212785997591,342.81
26.98,0.0010875826903290686,-0.0044343459732273105,0.004489504410679582,0.01643127859975912,342.81
26.984,0.001347582690329051,-0.005374345973227307,0.00464320722201172,0.01643127859975912,342.81
26.988,0.001687582690329058,-0.005974345973227296,0.004592836851641349,0.01643127859975912,342.81
26.992,0.0021175826903290992,-0.006744345973227345,0.004466910925715419,0.01643127859975912,342.81
26.996,0.002637582690329064,-0.007434345973227313,0.004303207222011713,0.016261278599759118,342.81
27.0,0.003317582690329078,-0.008124345973227337,0.004139503518308006,0.016001278599759135,342.81
27.004,0.0039175826903290675,-0.00889434597322733,0.004013577592382077,0.01592127859975911,342.81
27.008,0.004517582690329057,-0.009574345973227344,0.003963207222011706,0.01566127859975913,342.81
27.012,0.004947582690329098,-0.010264345973227312,0.004473207222011716,0.015571278599759094,342.81
27.016,0.005547582690329088,-0.010694345973227298,0.004993207222011737,0.015151278599759118,342.81
27.02,0.006147582690329077,-0.011204345973227309,0.005243207222011709,0.014721278599759132,342.81
27.024,0.006577582690329063,-0.012064345973227336,0.0056732072220117506,0.01429127859975909,342.81
27.028,0.007007582690329049,-0.012834345973227329,0.006363207222011719,0.01395127859975914,342.81
27.032,0.00751758269032906,-0.013264345973227315,0.006873207222011729,0.013861278599759105,342.81
27.036,0.007947582690329101,-0.013604345973227322,0.007223207222011746,0.013521278599759098,342.81
27.04,0.008377582690329087,-0.014034345973227308,0.007733207222011757,0.013171278599759136,342.81
27.044,0.008977582690329076,-0.01446434597322735,0.008413207222011715,0.01283127859975913,342.81
27.048,0.009487582690329087,-0.014894345973227335,0.008933207222011736,0.012401278599759088,342.81
27.052,0.009917582690329073,-0.015314345973227311,0.009273207222011743,0.011891278599759133,342.81
27.056,0.010427582690329083,-0.015744345973227297,0.00961320722201175,0.011461278599759091,342.81
27.06,0.01085758269032907,-0.01617434597322734,0.010043207222011736,0.010951278599759137,342.81
27.064,0.011117582690329052,-0.016604345973227325,0.010563207222011756,0.010351278599759092,342.81
27.068,0.011457582690329059,-0.01703434597322731,0.010993207222011742,0.009831278599759127,342.81
27.072,0.011717582690329097,-0.01729434597322735,0.011243207222011714,0.009231278599759137,342.81
27.076,0.012057582690329048,-0.017714345973227325,0.011763207222011735,0.008631278599759092,342.81
27.08,0.012317582690329086,-0.017974345973227307,0.01219320722201172,0.008031278599759103,342.81
27.084,0.012827582690329097,-0.018234345973227345,0.012443207222011749,0.007431278599759113,342.81
27.088,0.013177582690329058,-0.018314345973227314,0.012613207222011752,0.0070012785997591274,342.81
27.092,0.013347582690329061,-0.018574345973227296,0.012963207222011714,0.006491278599759117,342.81
27.096,0.013687582690329068,-0.01866434597322733,0.013393207222011755,0.005891278599759128,342.81
27.1,0.014027582690329075,-0.018914345973227303,0.013643207222011728,0.005291278599759138,342.81
27.104,0.014377582690329092,-0.019094345973227317,0.01390320722201171,0.004601278599759114,342.81
27.108,0.014547582690329096,-0.019094345973227317,0.014243207222011717,0.004001278599759125,342.81
27.112,0.014807582690329078,-0.019004345973227338,0.014503207222011755,0.003321278599759111,342.81
27.116,0.014977582690329082,-0.019004345973227338,0.014763207222011738,0.0027212785997591214,342.81
27.12,0.015317582690329089,-0.019004345973227338,0.01501320722201171,0.0020312785997590975,342.81
27.124,0.015577582690329071,-0.019004345973227338,0.015103207222011744,0.0014312785997591078,342.81
27.128,0.015657582690329096,-0.019004345973227338,0.015363207222011727,0.0008312785997591184,342.81
27.132,0.015747582690329075,-0.019094345973227317,0.01553320722201173,0.000321278599759108,342.81
27.136,0.016007582690329057,-0.019004345973227338,0.01579320722201171,-0.00027872140024088146,342.81
27.14,0.016007582690329057,-0.0187443459732273,0.01579320722201171,-0.0008787214002408709,342.81
27.144,0.016007582690329057,-0.018574345973227296,0.01579320722201171,-0.0016487214002408638,342.81
27.148,0.016007582690329057,-0.018314345973227314,0.015873207222011736,-0.002168721400240884,342.81
27.152,0.016007582690329057,-0.01806434597322734,0.01604320722201174,-0.0027687214002408735,342.81
27.156,0.016007582690329057,-0.017714345973227325,0.016213207222011743,-0.003368721400240863,342.81
27.16,0.016007582690329057,-0.017464345973227297,0.01630320722201172,-0.00421872140024088,342.81
27.164,0.016007582690329057,-0.01729434597322735,0.01630320722201172,-0.004908721400240904,342.81
27.168,0.01608758269032908,-0.01694434597322733,0.01630320722201172,-0.005508721400240894,342.81
27.172,0.016257582690329085,-0.016514345973227346,0.016213207222011743,-0.006188721400240908,342.81
27.176,0.016517582690329068,-0.016094345973227314,0.016213207222011743,-0.006878721400240876,342.81
27.18,0.016517582690329068,-0.015744345973227297,0.01630320722201172,-0.007478721400240865,342.81
27.184,0.016517582690329068,-0.015234345973227342,0.016213207222011743,-0.00807872140024091,342.81
27.188,0.016517582690329068,-0.0148043459732273,0.01604320722201174,-0.0086787214002409,342.81
27.192,0.016347582690329064,-0.014114345973227332,0.015873207222011736,-0.00927872140024089,342.81
27.196,0.01608758269032908,-0.01334434597322734,0.015873207222011736,-0.009878721400240879,342.81
27.2,0.01608758269032908,-0.012834345973227329,0.015703207222011732,-0.010568721400240903,342.81
27.204,0.01608758269032908,-0.01223434597322734,0.01553320722201173,-0.010988721400240879,342.81
27.208,0.0158275826903291,-0.011506011098118399,0.015703207222011732,-0.011508721400240899,342.81
27.212,0.015747582690329075,-0.01068705694576733,0.01553320722201173,-0.012188721400240913,342.81
27.216,0.015657582690329096,-0.009817575119424583,0.015443207222011751,-0.012788721400240902,342.81
27.22,0.015317582690329089,-0.008907338713252251,0.015193207222011723,-0.01347872140024087,342.81
27.224,0.01505758269032905,-0.007966120821412409,0.014933207222011741,-0.013908721400240912,342.81
27.228,0.014807582690329078,-0.007003694538067142,0.014673207222011703,-0.014338721400240898,342.81
27.232,0.014457582690329061,-0.006029832957378532,0.014593207222011734,-0.014678721400240905,342.81
27.236,0.014207582690329089,-0.005054309173508661,0.014243207222011717,-0.014848721400240909,342.81
27.24,0.014027582690329075,-0.004086896280619612,0.013993207222011745,-0.01518872140024086,342.81
27.244,0.0136075826903291,-0.003137367372873469,0.013733207222011707,-0.015618721400240902,342.81
27.248,0.013177582690329058,-0.0022154955444323127,0.013393207222011755,-0.01630872140024087,342.81
27.252,0.012827582690329097,-0.0013240154581102624,0.013043207222011738,-0.01681872140024088,342.81
27.256,0.012577582690329069,-0.0004509936630613312,0.012533207222011728,-0.017158721400240887,342.81
27.26,0.012407582690329065,0.00040006458410336073,0.012103207222011742,-0.017508721400240904,342.81
27.264,0.012057582690329048,0.0012256540267726874,0.011763207222011735,-0.017758721400240877,342.81
27.268,0.011627582690329062,0.0019956540267726803,0.011333207222011749,-0.018108721400240894,342.81
27.272,0.011207582690329086,0.0020756540267726493,0.010903207222011707,-0.018358721400240866,342.81
27.276,0.01085758269032907,0.001395654026772691,0.010563207222011756,-0.0184487214002409,342.81
27.28,0.010607582690329097,0.00044565402677268463,0.010213207222011739,-0.018708721400240883,342.81
27.284,0.01025758269032908,0.0007956540267727016,0.009793207222011708,-0.018878721400240887,342.81
27.288,0.009917582690329073,0.0009656540267726496,0.009273207222011743,-0.01895872140024091,342.81
27.292,0.00965758269032909,0.0012256540267726874,0.008673207222011753,-0.019218721400240894,342.81
27.296,0.009407582690329062,0.0018256540267726769,0.008073207222011708,-0.019218721400240894,342.81
27.3,0.009057582690329101,0.0024256540267726663,0.007643207222011722,-0.019218721400240894,342.81
27.304,0.00862758269032906,0.0030256540267726557,0.007223207222011746,-0.019218721400240894,342.81
27.308,0.008117582690329049,0.0036256540267727007,0.006793207222011705,-0.019218721400240894,342.81
27.312,0.00751758269032906,0.0043056540267726595,0.00627320722201174,-0.019218721400240894,342.81
27.316,0.007087582690329074,0.00482565402677268,0.0056732072220117506,-0.01913872140024087,342.81
27.32,0.006747582690329067,0.005245654026772656,0.005243207222011709,-0.01895872140024091,342.81
27.324,0.006147582690329077,0.005845654026772701,0.004823207222011733,-0.018788721400240908,342.81
27.328,0.005547582690329088,0.006275654026772687,0.004303207222011713,-0.01853872140024088,342.81
27.332,0.004857582690329064,0.006535654026772669,0.0037032072220117233,-0.018358721400240866,342.81
27.336,0.0039175826903290675,0.006965654026772655,0.003193207222011713,-0.01801872140024086,342.81
27.34,0.0032375826903290536,0.0075656540267727,0.002673207222011748,-0.017758721400240877,342.81
27.344,0.002287582690329047,0.008075654026772655,0.0021632072220117374,-0.017588721400240873,342.81
27.348,0.001687582690329058,0.008505654026772697,0.001563207222011748,-0.0173387214002409,342.81
27.352,0.001257582690329072,0.008845654026772704,0.000963207222011703,-0.016988721400240884,342.81
27.356,0.0010075826903290996,0.00927565402677269,0.00044320722201173803,-0.016388721400240894,342.81
27.36,0.0011775826903290475,0.009705654026772675,0.00027320722201173455,-0.016048721400240887,342.81
27.364,0.0007475826903290616,0.010135654026772661,0.00027320722201173455,-0.015618721400240902,342.81
27.368,-0.0001124173096709103,0.0103956540267727,0.00010320722201173106,-0.015108721400240891,342.81
27.372,-0.0009869995013078493,0.010565654026772703,-0.0004067927779882794,-0.01458872140024087,342.81
27.376,-0.0018803330724209055,0.010905654026772654,-0.0010067927779882687,-0.013908721400240912,342.81
27.38,-0.0027729798309119105,0.011335654026772696,-0.001956792777988275,-0.013218721400240888,342.81
27.384,-0.003645501584682697,0.011765654026772682,-0.002726792777988268,-0.012788721400240902,342.81
27.388,-0.004478460141635098,0.012105654026772689,-0.0032367927779882785,-0.012368721400240871,342.81
27.392,-0.005252417309670944,0.012275654026772692,-0.00409679277798825,-0.011938721400240885,342.81
27.396,-0.005932417309670902,0.012615654026772699,-0.004776792777988264,-0.011508721400240899,342.81
27.4,-0.00679241730967093,0.013045654026772685,-0.005376792777988254,-0.011078721400240913,342.81
27.404,-0.007392417309670919,0.013305654026772668,-0.006146792777988247,-0.010648721400240872,342.81
27.408,-0.008082417309670943,0.013475654026772671,-0.007096792777988253,-0.010218721400240886,342.81
27.412,-0.008762417309670902,0.013735654026772653,-0.0076067927779882635,-0.0097887214002409,342.81
27.416,-0.009452417309670925,0.013995654026772691,-0.008206792777988253,-0.009368721400240868,342.81
27.42,-0.010392417309670922,0.014335654026772698,-0.008806792777988298,-0.008938721400240882,342.81
27.424,-0.011082417309670946,0.01459565402677268,-0.00957679277798829,-0.008508721400240896,342.81
27.428,-0.011762417309670904,0.01467565402677265,-0.01017679277798828,-0.00807872140024091,342.81
27.432,-0.012192417309670946,0.014935654026772688,-0.010696792777988245,-0.007648721400240869,342.81
27.436,-0.01271241730967091,0.015105654026772691,-0.011126792777988287,-0.007218721400240883,342.81
27.44,-0.013302417309670946,0.015365654026772674,-0.011726792777988276,-0.006788721400240897,342.81
27.444,-0.01382241730967091,0.015615654026772702,-0.012326792777988265,-0.0063687214002408656,342.81
27.448,-0.014332417309670921,0.015875654026772684,-0.012836792777988276,-0.00593872140024088,342.81
27.452,-0.014852417309670941,0.015875654026772684,-0.013346792777988286,-0.005508721400240894,342.81
27.456,-0.01545241730967093,0.015875654026772684,-0.013776792777988272,-0.005078721400240908,342.81
27.46,-0.015882417309670917,0.015965654026772663,-0.01411679277798828,-0.004648721400240866,342.81
27.464,-0.016392417309670927,0.01621565402677269,-0.014466792777988296,-0.00421872140024088,342.81
27.468,-0.016822417309670913,0.01630565402677267,-0.014806792777988248,-0.0037887214002408943,342.81
27.472,-0.01708241730967095,0.01630565402677267,-0.015236792777988289,-0.003368721400240863,342.81
27.476,-0.017332417309670924,0.01630565402677267,-0.015746792777988246,-0.002755021571062082,342.81
27.48,-0.01768241730967094,0.01630565402677267,-0.016176792777988287,-0.0019750385838559975,342.81
27.484,-0.018022417309670948,0.01621565402677269,-0.01643679277798827,-0.0010701036086477468,342.81
27.488,-0.01828241730967093,0.01621565402677269,-0.016696792777988252,-8.154781546246812e-05,342.81
27.492,-0.018452417309670933,0.01621565402677269,-0.01703679277798826,0.0009492976256747027,342.81
27.496,-0.01879241730967094,0.015965654026772663,-0.017206792777988263,0.001981101544738628,342.81
27.5,-0.019132417309670947,0.015965654026772663,-0.017466792777988245,0.002972532771704171,342.81
27.504,-0.01939241730967093,0.015875654026772684,-0.017806792777988252,0.0038822601365461956,342.81
27.508,-0.01948241730967091,0.015875654026772684,-0.01806679277798829,0.0046689524692395635,342.81
27.512,-0.019822417309670916,0.01579565402677266,-0.01814679277798826,0.005291278599759138,342.81
27.516,-0.01990241730967094,0.015535654026772677,-0.018236792777988294,0.005721278599759124,342.81
27.52,-0.01999241730967092,0.015535654026772677,-0.018496792777988276,0.006061278599759131,342.81
27.524,-0.0200824173096709,0.015445654026772698,-0.018496792777988276,0.006401278599759138,342.81
27.528,-0.01990241730967094,0.01519565402677267,-0.018496792777988276,0.0066612785997591205,342.81
27.532,-0.019732417309670937,0.014935654026772688,-0.01866679277798828,0.0070012785997591274,342.81
27.536,-0.019732417309670937,0.01467565402677265,-0.018836792777988283,0.007431278599759113,342.81
27.54,-0.019562417309670933,0.01459565402677268,-0.01866679277798828,0.007691278599759096,342.81
27.544,-0.01930241730967095,0.014245654026772664,-0.01866679277798828,0.0078612785997591,342.81
27.548,-0.019052417309670923,0.013905654026772657,-0.01866679277798828,0.008201278599759106,342.81
27.552,-0.01888241730967092,0.013645654026772674,-0.01866679277798828,0.008631278599759092,342.81
27.556,-0.01879241730967094,0.013645654026772674,-0.018576792777988245,0.0089712785997591,342.81
27.56,-0.018452417309670933,0.013395654026772702,-0.018316792777988262,0.009231278599759137,342.81
27.564,-0.018022417309670948,0.013045654026772685,-0.01814679277798826,0.00949127859975912,342.81
27.568,-0.01768241730967094,0.012615654026772699,-0.017716792777988273,0.009921278599759106,342.81
27.572,-0.017502417309670927,0.012195654026772668,-0.017376792777988266,0.010351278599759092,342.81
27.576,-0.01716241730967092,0.011765654026772682,-0.017206792777988263,0.01060127859975912,342.81
27.58,-0.016732417309670934,0.011415654026772665,-0.01694679277798828,0.010951278599759137,342.81
27.584,-0.016302417309670948,0.010995654026772689,-0.016516792777988294,0.011201278599759109,342.81
27.588,-0.015792417309670938,0.010565654026772703,-0.016096792777988263,0.011551278599759126,342.81
27.592,-0.015192417309670948,0.010045654026772682,-0.01583679277798828,0.011891278599759133,342.81
27.596,-0.014682417309670938,0.009445654026772693,-0.015316792777988258,0.012321278599759119,342.81
27.6,-0.014252417309670952,0.008935654026772683,-0.014896792777988282,0.012661278599759126,342.81
27.604,-0.01382241730967091,0.008415654026772662,-0.014466792777988296,0.01283127859975913,342.81
27.608,-0.013392417309670925,0.007815654026772673,-0.014036792777988255,0.013171278599759136,342.81
27.612,-0.012792417309670935,0.007305654026772662,-0.013606792777988269,0.013521278599759098,342.81
27.616,-0.012192417309670946,0.006705654026772673,-0.01300679277798828,0.013861278599759105,342.81
27.62,-0.011512417309670932,0.006025654026772659,-0.012496792777988269,0.014031278599759108,342.81
27.624,-0.010912417309670942,0.005595654026772673,-0.011806792777988245,0.014371278599759115,342.81
27.628,-0.010222417309670918,0.005245654026772656,-0.011126792777988287,0.014801278599759101,342.81
27.632,-0.00953241730967095,0.00482565402677268,-0.01077679277798827,0.015061278599759139,342.81
27.636,-0.008932417309670905,0.0042256540267726905,-0.010241620366925854,0.015321278599759122,342.81
27.64,-0.008162417309670912,0.0036256540267727007,-0.009536469413181568,0.01566127859975913,342.81
27.644,-0.007562417309670923,0.0030256540267726557,-0.00871647267672869,0.015831278599759132,342.81
27.648,-0.006882417309670909,0.0024256540267726663,-0.007798768202932706,0.016001278599759135,342.81
27.652,-0.006282417309670919,0.0017356540267726979,-0.006800494037159104,0.016261278599759118,342.81
27.656,-0.00568241730967093,0.0007956540267727016,-0.005738788224773366,0.01643127859975912,342.81
27.66,-0.004992417309670906,2.5654026772653168e-05,-0.004630788811140977,0.0165212785997591,342.81
27.664,-0.004222417309670913,-0.0006643459732273152,-0.0034936338416274243,0.0165212785997591,342.81
27.668,-0.003362417309670941,-0.0012643459732273048,-0.0023444613615981923,0.01643127859975912,342.81
27.672,-0.0025924173096709482,-0.0016043459732273118,-0.0012004094164187662,0.01643127859975912,342.81
27.676,-0.001912417309670934,-0.0020343459732272977,-7.861605145463243e-05,0.0165212785997591,342.81
27.68,-0.0011424173096709412,-0.002204345973227301,0.001003780687928725,0.01677127859975913,342.81
27.684,-0.0003624173096709383,-0.002554345973227318,0.002029642756365823,0.016861278599759107,342.81
27.688,5.7582690329093184e-05,-0.003234345973227332,0.0029818321084911703,0.01677127859975913,342.81
27.692,0.0007475826903290616,-0.0040943459732273035,0.003843210698939289,0.01677127859975913,342.81
27.696,0.001257582690329072,-0.0047743459732273175,0.004574904631508002,0.0165212785997591,342.81
27.7,0.001687582690329058,-0.005724345973227324,0.00516320722201174,0.0165212785997591,342.81
27.704,0.001947582690329096,-0.006324345973227313,0.005503207222011747,0.01643127859975912,342.81
27.708,0.0022075826903290782,-0.007094345973227306,0.005503207222011747,0.016261278599759118,342.81
27.712,0.002887582690329092,-0.007864345973227299,0.005333207222011744,0.016091278599759114,342.81
27.716,0.003407582690329057,-0.008724345973227327,0.00516320722201174,0.01592127859975911,342.81
27.72,0.004087582690329071,-0.009574345973227344,0.004993207222011737,0.01566127859975913,342.81
27.724,0.0046075826903290915,-0.01000434597322733,0.004903207222011702,0.015491278599759125,342.81
27.728,0.00528758269032905,-0.01052434597322735,0.004993207222011737,0.015151278599759118,342.81
27.732,0.005977582690329074,-0.01112434597322734,0.005423207222011723,0.014801278599759101,342.81
27.736,0.006317582690329081,-0.011544345973227316,0.0056732072220117506,0.01429127859975909,342.81
27.74,0.006837582690329101,-0.012144345973227305,0.0061932072220117155,0.01395127859975914,342.81
27.744,0.007257582690329077,-0.013004345973227333,0.006793207222011705,0.013861278599759105,342.81
27.748,0.00802758269032907,-0.013604345973227322,0.007223207222011746,0.013521278599759098,342.81
27.752,0.008377582690329087,-0.014114345973227332,0.007643207222011722,0.013091278599759112,342.81
27.756,0.008717582690329094,-0.01446434597322735,0.008243207222011712,0.012571278599759091,342.81
27.76,0.009057582690329101,-0.014894345973227335,0.008843207222011757,0.01223127859975914,342.81
27.764,0.009487582690329087,-0.015314345973227311,0.009273207222011743,0.011891278599759133,342.81
27.768,0.009917582690329073,-0.015744345973227297,0.009703207222011729,0.011551278599759126,342.81
27.772,0.010427582690329083,-0.01617434597322734,0.010213207222011739,0.01112127859975914,342.81
27.776,0.01085758269032907,-0.016604345973227325,0.010643207222011725,0.01060127859975912,342.81
27.78,0.011117582690329052,-0.01694434597322733,0.010993207222011742,0.01000127859975913,342.81
27.784,0.011627582690329062,-0.01703434597322731,0.011413207222011718,0.009571278599759089,342.81
27.788,0.012057582690329048,-0.017374345973227318,0.011843207222011704,0.009061278599759134,342.81
27.792,0.012227582690329052,-0.017714345973227325,0.012103207222011742,0.00829127859975914,342.81
27.796,0.012407582690329065,-0.01806434597322734,0.012273207222011745,0.007691278599759096,342.81
27.8,0.012827582690329097,-0.018314345973227314,0.012613207222011752,0.007091278599759106,342.81
27.804,0.013257582690329082,-0.018494345973227327,0.012873207222011735,0.0066612785997591205,342.81
27.808,0.013517582690329065,-0.018494345973227327,0.013133207222011717,0.00615127859975911,342.81
27.812,0.013687582690329068,-0.01866434597322733,0.013473207222011724,0.005381278599759117,342.81
27.816,0.014027582690329075,-0.018914345973227303,0.01390320722201171,0.004781278599759128,342.81
27.82,0.014287582690329058,-0.018914345973227303,0.014163207222011748,0.004181278599759138,342.81
27.824,0.014547582690329096,-0.019004345973227338,0.014333207222011752,0.003661278599759118,342.81
27.828,0.014977582690329082,-0.019094345973227317,0.014593207222011734,0.0031512785997591074,342.81
27.832,0.015147582690329085,-0.019094345973227317,0.014763207222011738,0.002551278599759118,342.81
27.836,0.015317582690329089,-0.019004345973227338,0.01501320722201171,0.0020312785997590975,342.81
27.84,0.015577582690329071,-0.019004345973227338,0.015193207222011723,0.0015212785997590868,342.81
27.844,0.015747582690329075,-0.019004345973227338,0.015363207222011727,0.0008312785997591184,342.81
27.848,0.016007582690329057,-0.018914345973227303,0.015443207222011751,0.000231278599759129,342.81
27.852,0.016007582690329057,-0.01866434597322733,0.01553320722201173,-0.00036872140024086044,342.81
27.856,0.01608758269032908,-0.018574345973227296,0.015613207222011755,-0.0009687214002409054,342.81
27.86,0.01617758269032906,-0.018314345973227314,0.01579320722201171,-0.0015687214002408948,342.81
27.864,0.016257582690329085,-0.01806434597322734,0.015873207222011736,-0.002078721400240905,342.81
27.868,0.016347582690329064,-0.017804345973227304,0.015873207222011736,-0.002848721400240898,342.81
27.872,0.01642758269032909,-0.0176343459732273,0.015873207222011736,-0.0035387214002408664,342.81
27.876,0.016517582690329068,-0.01729434597322735,0.015873207222011736,-0.004308721400240859,342.81
27.88,0.01642758269032909,-0.01694434597322733,0.015873207222011736,-0.004738721400240901,342.81
27.884,0.01617758269032906,-0.016604345973227325,0.015873207222011736,-0.005418721400240859,342.81
27.888,0.01608758269032908,-0.01617434597322734,0.015873207222011736,-0.006108721400240883,342.81
27.892,0.01617758269032906,-0.015664345973227328,0.015963207222011715,-0.0066187214002408935,342.81
27.896,0.01642758269032909,-0.015234345973227342,0.015873207222011736,-0.007218721400240883,342.81
27.9,0.016517582690329068,-0.0148043459732273,0.015873207222011736,-0.007818721400240872,342.81
27.904,0.016347582690329064,-0.014294345973227346,0.015873207222011736,-0.008508721400240896,342.81
27.908,0.01608758269032908,-0.01360555274728536,0.015703207222011732,-0.009108721400240886,342.81
27.912,0.01608758269032908,-0.012795270813918923,0.015443207222011751,-0.0097887214002409,342.81
27.916,0.01608758269032908,-0.01188050900402556,0.015363207222011727,-0.010388721400240889,342.81
27.92,0.0158275826903291,-0.010878276148502805,0.015443207222011751,-0.010988721400240879,342.81
27.924,0.015747582690329075,-0.009805581078248176,0.015443207222011751,-0.011588721400240868,342.81
27.928,0.015657582690329096,-0.008679432624159204,0.015363207222011727,-0.012188721400240913,342.81
27.932,0.015407582690329068,-0.00751683961713342,0.015193207222011723,-0.012618721400240899,342.81
27.936,0.015227582690329054,-0.006334810888068346,0.014933207222011741,-0.013138721400240864,342.81
27.94,0.014807582690329078,-0.005150355267861511,0.014673207222011703,-0.013558721400240895,342.81
27.944,0.014457582690329061,-0.0039804815874104425,0.014593207222011734,-0.013908721400240912,342.81
27.948,0.014377582690329092,-0.0028421986776126697,0.014243207222011717,-0.014248721400240864,342.81
27.952,0.014117582690329054,-0.001752515369365716,0.01390320722201171,-0.014678721400240905,342.81
27.956,0.0136075826903291,-0.0007284404935671106,0.013563207222011703,-0.01518872140024086,342.81
27.96,0.013257582690329082,0.00021301711888561568,0.013393207222011755,-0.01570872140024088,342.81
27.964,0.013177582690329058,0.0010447214743544739,0.013043207222011738,-0.01630872140024087,342.81
27.968,0.012747582690329072,0.001715201419303518,0.012533207222011728,-0.01681872140024088,342.81
27.972,0.012407582690329065,0.0021736989625899257,0.012103207222011742,-0.0173387214002409,342.81
27.976,0.012317582690329086,0.0023356540267726873,0.011673207222011756,-0.017588721400240873,342.81
27.98,0.011977582690329079,0.0022215799526986144,0.011243207222011714,-0.017758721400240877,342.81
27.984,0.011627582690329062,0.0019363947675134319,0.010903207222011707,-0.018108721400240894,342.81
27.988,0.011207582690329086,0.0015656540267726944,0.010563207222011756,-0.018358721400240866,342.81
27.992,0.010687582690329066,0.001194913286031957,0.010213207222011739,-0.018618721400240904,342.81
27.996,0.010347582690329059,0.0009097281008467745,0.009793207222011708,-0.018878721400240887,342.81
28.0,0.010177582690329055,0.0007956540267727016,0.009273207222011743,-0.01895872140024091,342.81
28.004,0.009827582690329094,0.001395654026772691,0.008843207222011757,-0.019218721400240894,342.81
28.008,0.009407582690329062,0.0018256540267726769,0.00850320722201175,-0.019308721400240873,342.81
28.012,0.008717582690329094,0.002165654026772684,0.00799320722201174,-0.019308721400240873,342.81
28.016,0.008207582690329084,0.0028456540267726978,0.007223207222011746,-0.019388721400240897,342.81
28.02,0.007857582690329067,0.0032756540267726837,0.006793207222011705,-0.0195587214002409,342.81
28.024,0.00751758269032906,0.003875654026772673,0.0064432072220117435,-0.0195587214002409,342.81
28.028,0.007087582690329074,0.004395654026772694,0.0061032072220117365,-0.019388721400240897,342.81
28.032,0.006487582690329084,0.0049956540267726834,0.005593207222011726,-0.019218721400240894,342.81
28.036,0.005887582690329095,0.005595654026772673,0.004823207222011733,-0.01895872140024091,342.81
28.04,0.00528758269032905,0.006025654026772659,0.004393207222011747,-0.018708721400240883,342.81
28.044,0.004517582690329057,0.006365654026772666,0.003963207222011706,-0.01853872140024088,342.81
28.048,0.0038375826903290985,0.006795654026772652,0.0033632072220117163,-0.0184487214002409,342.81
28.052,0.0032375826903290536,0.007305654026772662,0.002763207222011727,-0.018188721400240863,342.81
28.056,0.002637582690329064,0.007735654026772704,0.002333207222011741,-0.01793872140024089,342.81
28.06,0.0020375826903290747,0.008075654026772655,0.001993207222011734,-0.017588721400240873,342.81
28.064,0.0015175826903290545,0.008415654026772662,0.0014732072220117135,-0.0173387214002409,342.81
28.068,0.0011775826903290475,0.008845654026772704,0.000793207222011755,-0.01681872140024088,342.81
28.072,0.0006575826903290826,0.00927565402677269,0.00019320722201171005,-0.016388721400240894,342.81
28.076,0.00040758269032905464,0.009705654026772675,-0.0003267927779882549,-0.01595872140024091,342.81
28.08,-0.0001124173096709103,0.010135654026772661,-0.0002367927779882759,-0.015448721400240898,342.81
28.084,-0.0008824173096709032,0.010565654026772703,-0.0003267927779882549,-0.014848721400240909,342.81
28.088,-0.0016303468725602152,0.010995654026772689,-0.0007567927779882963,-0.014338721400240898,342.81
28.092,-0.002356860003806427,0.011165654026772692,-0.0014367927779882547,-0.013908721400240912,342.81
28.096,-0.0030806401582750727,0.011335654026772696,-0.002036792777988244,-0.013218721400240888,342.81
28.1,-0.0038203707908316857,0.011765654026772682,-0.002636792777988289,-0.012368721400240871,342.81
28.104,-0.0045947353563418,0.012195654026772668,-0.003406792777988282,-0.011639033520467565,342.81
28.108,-0.005422417309670947,0.012445654026772696,-0.00409679277798825,-0.010912828248777784,342.81
28.112,-0.006362417309670944,0.012705654026772678,-0.004946792777988268,-0.010190858221101795,342.81
28.116,-0.006962417309670933,0.013045654026772685,-0.005546792777988257,-0.009473876073369854,342.81
28.12,-0.007562417309670923,0.013305654026772668,-0.00632679277798826,-0.008762634441512231,342.81
28.124,-0.008082417309670943,0.013475654026772671,-0.007006792777988274,-0.008057885961459182,342.81
28.128,-0.008932417309670905,0.013815654026772678,-0.007866792777988246,-0.00736038326914097,342.81
28.132,-0.009792417309670932,0.014165654026772695,-0.008296792777988287,-0.006670879000487861,342.81
28.136,-0.010562417309670925,0.014335654026772698,-0.008806792777988298,-0.005990125791430113,342.81
28.14,-0.011422417309670953,0.01459565402677268,-0.009406792777988287,-0.005318876277897991,342.81
28.144,-0.011852417309670939,0.01467565402677265,-0.009926792777988252,-0.0046578830958217575,342.81
28.148,-0.012282417309670925,0.014935654026772688,-0.010526792777988297,-0.004007898881131674,342.81
28.152,-0.012882417309670914,0.01519565402677267,-0.01129679277798829,-0.0033696762697580027,342.81
28.156,-0.013392417309670925,0.015445654026772698,-0.011976792777988248,-0.002743967897631005,342.81
28.16,-0.013992417309670914,0.015445654026772698,-0.01240679277798829,-0.002131526400680945,342.81
28.164,-0.014592417309670903,0.015615654026772702,-0.012746792777988297,-0.0015331044148380842,342.81
28.168,-0.015102417309670914,0.015875654026772684,-0.013176792777988283,-0.0009494545760326851,342.81
28.172,-0.01545241730967093,0.015965654026772663,-0.013696792777988248,-0.00038132952019501024,342.81
28.176,-0.015882417309670917,0.015875654026772684,-0.01411679277798828,0.00017051811674467896,342.81
28.18,-0.016222417309670924,0.015875654026772684,-0.014466792777988296,0.0007053356988561193,342.81
28.184,-0.01656241730967093,0.015875654026772684,-0.014896792777988282,0.0012223705902090468,342.81
28.188,-0.01708241730967095,0.015875654026772684,-0.015236792777988289,0.0017208701548732045,342.81
28.192,-0.017332417309670924,0.015875654026772684,-0.015406792777988293,0.0022000817569183236,342.81
28.196,-0.01768241730967094,0.015875654026772684,-0.015746792777988246,0.002659252760414144,342.81
28.2,-0.018022417309670948,0.015875654026772684,-0.016096792777988263,0.003097630529430408,342.81
28.204,-0.0183624173096709,0.015965654026772663,-0.01643679277798827,0.003514462428036846,342.81
28.208,-0.018622417309670937,0.015875654026772684,-0.016606792777988273,0.003908995820303203,342.81
28.212,-0.018962417309670944,0.015875654026772684,-0.01694679277798828,0.004280478070299208,342.81
28.216,-0.01948241730967091,0.015875654026772684,-0.017296792777988297,0.004628156542094608,342.81
28.22,-0.01948241730967091,0.015965654026772663,-0.017466792777988245,0.004951278599759131,342.81
28.224,-0.01948241730967091,0.01570565402677268,-0.017716792777988273,0.005201278599759104,342.81
28.228,-0.019822417309670916,0.015445654026772698,-0.017806792777988252,0.005381278599759117,342.81
28.232,-0.0200824173096709,0.015445654026772698,-0.01806679277798829,0.005721278599759124,342.81
28.236,-0.0200824173096709,0.015365654026772674,-0.018316792777988262,0.00615127859975911,342.81
28.24,-0.01990241730967094,0.01519565402677267,-0.018576792777988245,0.006491278599759117,342.81
28.244,-0.019652417309670912,0.015105654026772691,-0.018576792777988245,0.0066612785997591205,342.81
28.248,-0.019652417309670912,0.014845654026772653,-0.018576792777988245,0.0070012785997591274,342.81
28.252,-0.019732417309670937,0.01459565402677268,-0.018576792777988245,0.007351278599759089,342.81
28.256,-0.019562417309670933,0.014335654026772698,-0.018576792777988245,0.00778127859975913,342.81
28.26,-0.01930241730967095,0.01407565402677266,-0.018576792777988245,0.008031278599759103,342.81
28.264,-0.019052417309670923,0.013815654026772678,-0.018576792777988245,0.00829127859975914,342.81
28.268,-0.018702417309670906,0.013645654026772674,-0.018406792777988297,0.008631278599759092,342.81
28.272,-0.018452417309670933,0.013135654026772664,-0.018236792777988294,0.009061278599759134,342.81
28.276,-0.01828241730967093,0.012705654026772678,-0.01814679277798826,0.00949127859975912,342.81
28.28,-0.017932417309670913,0.012535654026772675,-0.017896792777988287,0.009831278599759127,342.81
28.284,-0.01768241730967094,0.012195654026772668,-0.017716792777988273,0.010091278599759109,342.81
28.288,-0.01716241730967092,0.011765654026772682,-0.017466792777988245,0.010261278599759113,342.81
28.292,-0.016732417309670934,0.011335654026772696,-0.017296792777988297,0.01060127859975912,342.81
28.296,-0.016302417309670948,0.010905654026772654,-0.01694679277798828,0.011031278599759105,342.81
28.3,-0.015882417309670917,0.010475654026772668,-0.016606792777988273,0.011461278599759091,342.81
28.304,-0.0155324173096709,0.010045654026772682,-0.016176792777988287,0.011891278599759133,342.81
28.308,-0.015102417309670914,0.009705654026772675,-0.015746792777988246,0.012151278599759115,342.81
28.312,-0.014592417309670903,0.00927565402677269,-0.015316792777988258,0.012401278599759088,342.81
28.316,-0.013992417309670914,0.008765654026772679,-0.014896792777988282,0.012751278599759105,342.81
28.32,-0.013482417309670904,0.00816565402677269,-0.014546792777988265,0.013171278599759136,342.81
28.324,-0.013052417309670918,0.007645654026772669,-0.01411679277798828,0.013601278599759122,342.81
28.328,-0.012452417309670928,0.007225654026772693,-0.01351679277798829,0.013861278599759105,342.81
28.332,-0.0115924173096709,0.006625654026772704,-0.012926792777988255,0.01395127859975914,342.81
28.336,-0.010992417309670911,0.006025654026772659,-0.012496792777988269,0.014371278599759115,342.81
28.34,-0.010312417309670953,0.005425654026772669,-0.012066792777988283,0.014801278599759101,342.81
28.344,-0.009712417309670908,0.005165654026772687,-0.011376792777988259,0.015061278599759139,342.81
28.348,-0.00902241730967094,0.004735654026772701,-0.010526792777988297,0.015231278599759087,342.81
28.352,-0.008512417309670929,0.004135654026772656,-0.009836792777988273,0.015491278599759125,342.81
28.356,-0.008082417309670943,0.003535654026772666,-0.009236792777988284,0.01566127859975913,342.81
28.36,-0.007392417309670919,0.0026756540267726943,-0.00854679277798826,0.016001278599759135,342.81
28.364,-0.006622417309670926,0.0019056540267727014,-0.0076067927779882635,0.016351278599759097,342.81
28.368,-0.006022417309670937,0.0012256540267726874,-0.0069267927779882495,0.016601278599759125,342.81
28.372,-0.0051624173096709094,0.00036565402677266013,-0.00632679277798826,0.01677127859975913,342.81
28.376,-0.0043924173096709165,-0.0002343459732273293,-0.00572005400223191,0.016691278599759104,342.81
28.38,-0.0036224173096709236,-0.0008343459732273187,-0.005106780614378514,0.0165212785997591,342.81
28.384,-0.0029324173096708997,-0.0013543459732273393,-0.004488082475530204,0.016601278599759125,342.81
28.388,-0.0023424173096709203,-0.0016943459732273462,-0.0038650694467891123,0.016861278599759107,342.81
28.392,-0.0014824173096709482,-0.0018643459732273497,-0.0032388513892573677,0.016861278599759107,342.81
28.396,-0.0006224173096709207,-0.0022253785042928164,-0.0026105381640371046,0.01677127859975913,342.81
28.4,5.7582690329093184e-05,-0.002793340931542503,-0.0019812396322304534,0.016861278599759107,342.81
28.404,0.0009175826903290651,-0.003510226073518602,-0.0013520656549395466,0.016861278599759107,342.81
28.408,0.001687582690329058,-0.004318026748763306,-0.0007241260932665145,0.01677127859975913,342.81
28.412,0.0020375826903290747,-0.005158735775818806,-9.853080831348949e-05,0.01677127859975913,342.81
28.416,0.0020375826903290747,-0.005974345973227296,0.0005236103388173969,0.01677127859975913,342.81
28.42,0.0023775826903290817,-0.006834345973227324,0.0011411874870240139,0.016601278599759125,342.81
28.424,0.002887582690329092,-0.007604345973227317,0.0017530907752042277,0.0165212785997591,342.81
28.428,0.0032375826903290536,-0.008124345973227337,0.0023582103422559093,0.016351278599759097,342.81
28.432,0.0038375826903290985,-0.00889434597322733,0.002955436327076925,0.016091278599759114,342.81
28.436,0.0042575826903290745,-0.009574345973227344,0.0035436588685651455,0.016001278599759135,342.81
28.44,0.004857582690329064,-0.010344345973227337,0.004121768105618437,0.01566127859975913,342.81
28.444,0.005377582690329084,-0.010944345973227326,0.0046886541771346685,0.015231278599759087,342.81
28.448,0.005717582690329091,-0.01163434597322735,0.005243207222011709,0.014971278599759105,342.81
28.452,0.006237582690329056,-0.012324345973227319,0.0057632072220117295,0.014891278599759136,342.81
28.456,0.007007582690329049,-0.012834345973227329,0.006363207222011719,0.014631278599759098,342.81
28.46,0.00751758269032906,-0.013264345973227315,0.006793207222011705,0.014121278599759087,342.81
28.464,0.007947582690329101,-0.013604345973227322,0.007223207222011746,0.01395127859975914,342.81
28.468,0.008287582690329053,-0.014034345973227308,0.007733207222011757,0.013601278599759122,342.81
28.472,0.008717582690329094,-0.014634345973227297,0.008333207222011746,0.013091278599759112,342.81
28.476,0.00914758269032908,-0.015144345973227308,0.008843207222011757,0.012491278599759122,342.81
28.48,0.009487582690329087,-0.015494345973227325,0.009273207222011743,0.011971278599759102,342.81
28.484,0.009917582690329073,-0.0159143459732273,0.009703207222011729,0.011461278599759091,342.81
28.488,0.010347582690329059,-0.01617434597322734,0.010133207222011715,0.01112127859975914,342.81
28.492,0.0107775826903291,-0.016514345973227346,0.010473207222011722,0.01060127859975912,342.81
28.496,0.011207582690329086,-0.01694434597322733,0.010903207222011707,0.009921278599759106,342.81
28.5,0.011547582690329093,-0.017374345973227318,0.011333207222011749,0.00940127859975914,342.81
28.504,0.011807582690329076,-0.0176343459732273,0.011593207222011731,0.00889127859975913,342.81
28.508,0.011977582690329079,-0.017894345973227338,0.011763207222011735,0.00829127859975914,342.81
28.512,0.012317582690329086,-0.01814434597322731,0.012103207222011742,0.007691278599759096,342.81
28.516,0.012827582690329097,-0.018234345973227345,0.012613207222011752,0.0070012785997591274,342.81
28.52,0.013257582690329082,-0.018494345973227327,0.013043207222011738,0.006401278599759138,342.81
28.524,0.013517582690329065,-0.01866434597322733,0.01330320722201172,0.005801278599759093,342.81
28.528,0.013687582690329068,-0.018914345973227303,0.013563207222011703,0.005201278599759104,342.81
28.532,0.014027582690329075,-0.018914345973227303,0.01390320722201171,0.00452127859975909,342.81
28.536,0.014377582690329092,-0.018914345973227303,0.014163207222011748,0.0039212785997591,342.81
28.54,0.014457582690329061,-0.018914345973227303,0.014243207222011717,0.003321278599759111,342.81
28.544,0.0147175826903291,-0.019004345973227338,0.014503207222011755,0.002891278599759125,342.81
28.548,0.014977582690329082,-0.019094345973227317,0.014673207222011703,0.0023812785997591145,342.81
28.552,0.015227582690329054,-0.019094345973227317,0.014933207222011741,0.0016912785997590903,342.81
28.556,0.015407582690329068,-0.019004345973227338,0.015193207222011723,0.0010912785997591009,342.81
28.56,0.015577582690329071,-0.019004345973227338,0.015443207222011751,0.0004912785997591115,342.81
28.564,0.015747582690329075,-0.018914345973227303,0.015443207222011751,-0.00010872140024087797,342.81
28.568,0.016007582690329057,-0.01866434597322733,0.015443207222011751,-0.0007087214002408674,342.81
28.572,0.01608758269032908,-0.018574345973227296,0.015443207222011751,-0.0013087214002409123,342.81
28.576,0.01617758269032906,-0.018314345973227314,0.01553320722201173,-0.0019987214002408805,342.81
28.58,0.016257582690329085,-0.01806434597322734,0.01579320722201171,-0.00258872140024086,342.81
28.584,0.016257582690329085,-0.017714345973227325,0.015873207222011736,-0.003368721400240863,342.81
28.588,0.01608758269032908,-0.017464345973227297,0.015963207222011715,-0.004048721400240877,342.81
28.592,0.01608758269032908,-0.01729434597322735,0.015963207222011715,-0.004648721400240866,342.81
28.596,0.01608758269032908,-0.01694434597322733,0.015873207222011736,-0.005248721400240911,342.81
28.6,0.01617758269032906,-0.016604345973227325,0.015963207222011715,-0.005848721400240901,342.81
28.604,0.01642758269032909,-0.01617434597322734,0.015963207222011715,-0.0066187214002408935,342.81
28.608,0.016517582690329068,-0.015744345973227297,0.015873207222011736,-0.007308721400240862,342.81
28.612,0.016517582690329068,-0.015314345973227311,0.015873207222011736,-0.007908721400240907,342.81
28.616,0.016347582690329064,-0.014714345973227322,0.01579320722201171,-0.008588721400240865,342.81
28.62,0.01608758269032908,-0.014114345973227332,0.01553320722201173,-0.009108721400240886,342.81
28.624,0.01608758269032908,-0.013514345973227343,0.01553320722201173,-0.009618721400240896,342.81
28.628,0.01608758269032908,-0.012924345973227308,0.01553320722201173,-0.010138721400240861,342.81
28.632,0.01608758269032908,-0.012404345973227343,0.015443207222011751,-0.010738721400240906,342.81
28.636,0.0158275826903291,-0.01163434597322735,0.015273207222011748,-0.011338721400240896,342.81
28.64,0.015657582690329096,-0.010864345973227302,0.015273207222011748,-0.011938721400240885,342.81
28.644,0.015407582690329068,-0.010174345973227333,0.01501320722201171,-0.012618721400240899,342.81
28.648,0.015317582690329089,-0.009234345973227337,0.014933207222011741,-0.013138721400240864,342.81
28.652,0.015147582690329085,-0.008724345973227327,0.014763207222011738,-0.01347872140024087,342.81
28.656,0.014807582690329078,-0.008124345973227337,0.014673207222011703,-0.013738721400240909,342.81
28.66,0.014547582690329096,-0.007524345973227348,0.014243207222011717,-0.014248721400240864,342.81
28.664,0.014457582690329061,-0.006924345973227303,0.01390320722201171,-0.014758721400240874,342.81
28.668,0.014117582690329054,-0.006324345973227313,0.013813207222011731,-0.01518872140024086,342.81
28.672,0.0136075826903291,-0.005724345973227324,0.013473207222011724,-0.015618721400240902,342.81
28.676,0.013177582690329058,-0.005124345973227334,0.013043207222011738,-0.016048721400240887,342.81
28.68,0.012747582690329072,-0.004524345973227345,0.012703207222011731,-0.016478721400240873,342.81
28.684,0.012317582690329086,-0.0039243459732273,0.012533207222011728,-0.01681872140024088,342.81
28.688,0.012057582690329048,-0.003324345973227311,0.01219320722201172,-0.017158721400240887,342.81
28.692,0.012057582690329048,-0.0027243459732273216,0.011763207222011735,-0.017508721400240904,342.81
28.696,0.0118875826903291,-0.002124345973227332,0.011243207222011714,-0.017758721400240877,342.81
28.7,0.011547582690329093,-0.0015243459732273428,0.010903207222011707,-0.018108721400240894,342.81
28.704,0.011287582690329055,-0.0009243459732272977,0.010563207222011756,-0.018358721400240866,342.81
28.708,0.010947582690329048,-6.434597322732582e-05,0.010133207222011715,-0.0184487214002409,342.81
28.712,0.010347582690329059,0.0007956540267727016,0.009703207222011729,-0.018708721400240883,342.81
28.716,0.009917582690329073,0.001135654026772653,0.009363207222011722,-0.018878721400240887,342.81
28.72,0.009577582690329066,0.00147565402677266,0.008933207222011736,-0.01895872140024091,342.81
28.724,0.00914758269032908,0.0020756540267726493,0.008333207222011746,-0.019218721400240894,342.81
28.728,0.00862758269032906,0.0026756540267726943,0.007733207222011757,-0.019308721400240873,342.81
28.732,0.008287582690329053,0.0031056540267726802,0.007303207222011715,-0.019388721400240897,342.81
28.736,0.008207582690329084,0.0037056540267726697,0.006873207222011729,-0.019388721400240897,342.81
28.74,0.007687582690329063,0.004475654026772663,0.0064432072220117435,-0.0195587214002409,342.81
28.744,0.007087582690329074,0.004735654026772701,0.006023207222011712,-0.019218721400240894,342.81
28.748,0.006657582690329088,0.005165654026772687,0.005503207222011747,-0.018878721400240887,342.81
28.752,0.006147582690329077,0.005595654026772673,0.004903207222011702,-0.018878721400240887,342.81
28.756,0.005547582690329088,0.006195654026772662,0.004393207222011747,-0.018788721400240908,342.81
28.76,0.004830418425627492,0.006795654026772652,0.0038732072220117267,-0.0184487214002409,342.81
28.764,0.004020271912081258,0.007135654026772659,0.0033632072220117163,-0.018188721400240863,342.81
28.768,0.003175029115734344,0.007225654026772693,0.002763207222011727,-0.01801872140024086,342.81
28.772,0.0023525760026307076,0.007645654026772669,0.002333207222011741,-0.017678721400240908,342.81
28.776,0.0016107985388143068,0.008075654026772655,0.001903207222011755,-0.0173387214002409,342.81
28.78,0.0010075826903290996,0.008505654026772697,0.0013932072220117445,-0.017158721400240887,342.81
28.784,0.0005775826903290581,0.008935654026772683,0.000873207222011724,-0.01681872140024088,342.81
28.788,0.00023758269032905116,0.00927565402677269,0.0010432072220117276,-0.016388721400240894,342.81
28.792,-0.0002824173096709138,0.009705654026772675,0.0017332072220117515,-0.015788721400240905,342.81
28.796,-0.0005424173096709518,0.010045654026772682,0.0022432072220117064,-0.015278721400240895,342.81
28.8,-0.001022084546063455,0.010475654026772668,0.0020853747465419204,-0.014758721400240874,342.81
28.804,-0.0017156128892117301,0.010905654026772654,0.0017314308412655038,-0.014248721400240864,342.81
28.808,-0.0025412063381311948,0.011245654026772661,0.001182529948236242,-0.013648721400240874,342.81
28.812,-0.003417068891837266,0.0115056540267727,0.00047574984579637746,-0.013048721400240885,342.81
28.816,-0.004261404549345364,0.01184565402677265,-0.00033768814251078155,-0.012278721400240892,342.81
28.82,-0.004992417309670906,0.012105654026772689,-0.0012371333236668816,-0.011768721400240881,342.81
28.824,-0.005592417309670951,0.012445654026772696,-0.00220193500465357,-0.011168721400240892,342.81
28.828,-0.006282417309670919,0.012705654026772678,-0.0032114424924524917,-0.010568721400240903,342.81
28.832,-0.007222417309670916,0.013045654026772685,-0.0042450050940452955,-0.0097887214002409,342.81
28.836,-0.00791241730967094,0.013305654026772668,-0.005281972116413626,-0.009108721400240886,342.81
28.84,-0.008592417309670954,0.013475654026772671,-0.006301692866539132,-0.008418721400240862,342.81
28.844,-0.009192417309670943,0.013735654026772653,-0.007283516651403459,-0.007738721400240903,342.81
28.848,-0.009882417309670911,0.013905654026772657,-0.008206792777988253,-0.0070487214002408795,342.81
28.852,-0.010822417309670908,0.014245654026772664,-0.00906679277798828,-0.0063687214002408656,342.81
28.856,-0.011332417309670918,0.014505654026772702,-0.00966679277798827,-0.005678721400240897,342.81
28.86,-0.011932417309670908,0.01459565402677268,-0.010346792777988284,-0.004988721400240873,342.81
28.864,-0.012532417309670953,0.01467565402677265,-0.010946792777988273,-0.004308721400240859,342.81
28.868,-0.012962417309670939,0.014935654026772688,-0.011636792777988297,-0.003618721400240891,342.81
28.872,-0.013562417309670928,0.015105654026772691,-0.012066792777988283,-0.002938721400240877,342.81
28.876,-0.014162417309670917,0.015365654026772674,-0.01240679277798829,-0.0022487214002409085,342.81
28.88,-0.014682417309670938,0.015535654026772677,-0.012836792777988276,-0.0015687214002408948,342.81
28.884,-0.015102417309670914,0.01579565402677266,-0.013266792777988262,-0.0008787214002408709,342.81
28.888,-0.01545241730967093,0.015875654026772684,-0.013606792777988269,-0.00019872140024091247,342.81
28.892,-0.015882417309670917,0.015965654026772663,-0.013946792777988276,0.0004912785997591115,342.81
28.896,-0.016222417309670924,0.015965654026772663,-0.014376792777988262,0.0011812785997591354,342.81
28.9,-0.016392417309670927,0.015875654026772684,-0.014976792777988251,0.0018612785997590938,342.81
28.904,-0.016902417309670938,0.015875654026772684,-0.015316792777988258,0.002551278599759118,342.81
28.908,-0.017502417309670927,0.015875654026772684,-0.015666792777988277,0.003231278599759132,342.81
28.912,-0.01776241730967091,0.015965654026772663,-0.016096792777988263,0.0038312785997591213,342.81
28.916,-0.018102417309670917,0.015875654026772684,-0.016516792777988294,0.004001278599759125,342.81
28.92,-0.0183624173096709,0.015875654026772684,-0.016776792777988277,0.004091278599759104,342.81
28.924,-0.018532417309670902,0.015875654026772684,-0.01703679277798826,0.004181278599759138,342.81
28.928,-0.01879241730967094,0.015965654026772663,-0.017466792777988245,0.004261278599759107,342.81
28.932,-0.018962417309670944,0.01621565402677269,-0.017896792777988287,0.004351278599759086,342.81
28.936,-0.01948241730967091,0.016135654026772667,-0.01814679277798826,0.00452127859975909,342.81
28.94,-0.019562417309670933,0.015615654026772702,-0.018316792777988262,0.004951278599759131,342.81
28.944,-0.019652417309670912,0.015535654026772677,-0.018496792777988276,0.005381278599759117,342.81
28.948,-0.019732417309670937,0.015365654026772674,-0.01866679277798828,0.005721278599759124,342.81
28.952,-0.019652417309670912,0.015105654026772691,-0.019006792777988286,0.00615127859975911,342.81
28.956,-0.019652417309670912,0.014935654026772688,-0.019006792777988286,0.006581278599759096,342.81
28.96,-0.019652417309670912,0.01467565402677265,-0.019006792777988286,0.006831278599759124,342.81
28.964,-0.019652417309670912,0.01459565402677268,-0.019096792777988265,0.006921278599759103,342.81
28.968,-0.01939241730967093,0.014335654026772698,-0.01917679277798829,0.007091278599759106,342.81
28.972,-0.019132417309670947,0.014245654026772664,-0.01926679277798827,0.007431278599759113,342.81
28.976,-0.01888241730967092,0.013905654026772657,-0.019006792777988286,0.0078612785997591,342.81
28.98,-0.018702417309670906,0.013475654026772671,-0.019006792777988286,0.00829127859975914,342.81
28.984,-0.018452417309670933,0.013135654026772664,-0.019096792777988265,0.008631278599759092,342.81
28.988,-0.01828241730967093,0.013045654026772685,-0.018916792777988252,0.0089712785997591,342.81
28.992,-0.017932417309670913,0.01296565402677266,-0.01866679277798828,0.00940127859975914,342.81
28.996,-0.01768241730967094,0.012615654026772699,-0.018576792777988245,0.009751278599759102,342.81
29.0,-0.01716241730967092,0.012275654026772692,-0.018236792777988294,0.009921278599759106,342.81
29.004,-0.016732417309670934,0.01184565402677265,-0.017976792777988256,0.010261278599759113,342.81
29.008,-0.016482417309670906,0.011335654026772696,-0.017716792777988273,0.010691278599759099,342.81
29.012,-0.016132417309670945,0.010905654026772654,-0.017376792777988266,0.01112127859975914,342.81
29.016,-0.0155324173096709,0.010565654026772703,-0.01694679277798828,0.011551278599759126,342.81
29.02,-0.015102417309670914,0.010045654026772682,-0.016516792777988294,0.011801278599759098,342.81
29.024,-0.014682417309670938,0.009445654026772693,-0.016096792777988263,0.011971278599759102,342.81
29.028,-0.014252417309670952,0.008935654026772683,-0.015746792777988246,0.012321278599759119,342.81
29.032,-0.01382241730967091,0.008505654026772697,-0.015236792777988289,0.012751278599759105,342.81
29.036,-0.013222417309670921,0.007995654026772686,-0.014636792777988244,0.013091278599759112,342.81
29.04,-0.012452417309670928,0.007475654026772666,-0.01411679277798828,0.013521278599759098,342.81
29.044,-0.012192417309670946,0.00704565402677268,-0.01351679277798829,0.013861278599759105,342.81
29.048,-0.0115924173096709,0.006275654026772687,-0.012746792777988297,0.014031278599759108,342.81
29.052,-0.010822417309670908,0.00593565402677268,-0.012066792777988283,0.014371278599759115,342.81
29.056,-0.01013241730967094,0.005505654026772694,-0.011466792777988294,0.014721278599759132,342.81
29.06,-0.009452417309670925,0.00482565402677268,-0.010866792777988249,0.015061278599759139,342.81
29.064,-0.008932417309670905,0.0042256540267726905,-0.01026679277798826,0.015321278599759122,342.81
29.068,-0.008332417309670916,0.0036256540267727007,-0.00966679277798827,0.01566127859975913,342.81
29.072,-0.007732417309670926,0.0030256540267726557,-0.008926007946934326,0.01592127859975911,342.81
29.076,-0.00731241730967095,0.0024256540267726663,-0.008096448507860189,0.016091278599759114,342.81
29.08,-0.006532417309670947,0.0017356540267726979,-0.00719198770427385,0.016351278599759097,342.81
29.084,-0.005762417309670899,0.0007956540267727016,-0.006226498779683298,0.0165212785997591,342.81
29.088,-0.0050824173096709405,0.00019565402677265665,-0.0052138549775965284,0.01677127859975913,342.81
29.092,-0.004222417309670913,-0.0005743459732273363,-0.0041679295415215254,0.01677127859975913,342.81
29.096,-0.0036224173096709236,-0.0012643459732273048,-0.003102595714966281,0.016861278599759107,342.81
29.1,-0.0027624173096709517,-0.0017743459732273152,-0.0020317267414387873,0.016861278599759107,342.81
29.104,-0.002082417309670938,-0.002124345973227332,-0.0009691958644470327,0.016861278599759107,342.81
29.108,-0.0015624173096709171,-0.0022943459732273357,7.112367250099161e-05,0.01677127859975913,342.81
29.112,-0.0007124173096708997,-0.002554345973227318,0.001075358625897296,0.01677127859975913,342.81
29.116,0.00014758269032907217,-0.003324345973227311,0.002029635752233888,0.01677127859975913,342.81
29.12,0.0005775826903290581,-0.0040043459732273246,0.0029200818080027825,0.016861278599759107,342.81
29.124,0.0010875826903290686,-0.0047743459732273175,0.003732823549695981,0.016951278599759086,342.81
29.128,0.001347582690329051,-0.005294345973227338,0.004426927468123219,0.01712127859975909,342.81
29.132,0.001687582690329058,-0.0061443459732273,0.0049560464960387825,0.016951278599759086,342.81
29.136,0.0021175826903290992,-0.006924345973227303,0.005301897110428064,0.01677127859975913,342.81
29.14,0.002547582690329085,-0.00777434597322732,0.005423207222011723,0.0165212785997591,342.81
29.144,0.0032375826903290536,-0.00837434597322731,0.005423207222011723,0.016261278599759118,342.81
29.148,0.003747582690329064,-0.009234345973227337,0.005333207222011744,0.01592127859975911,342.81
29.152,0.0042575826903290745,-0.009924345973227305,0.005243207222011709,0.015751278599759107,342.81
29.156,0.004947582690329098,-0.010344345973227337,0.00516320722201174,0.015491278599759125,342.81
29.16,0.005377582690329084,-0.010944345973227326,0.005243207222011709,0.015231278599759087,342.81
29.164,0.005887582690329095,-0.011894345973227333,0.0056732072220117506,0.015061278599759139,342.81
29.168,0.006657582690329088,-0.012404345973227343,0.005933207222011733,0.014801278599759101,342.81
29.172,0.007257582690329077,-0.012924345973227308,0.0065332072220117225,0.014631278599759098,342.81
29.176,0.00751758269032906,-0.013264345973227315,0.007133207222011712,0.014031278599759108,342.81
29.18,0.007947582690329101,-0.013694345973227301,0.007563207222011753,0.013521278599759098,342.81
29.184,0.008207582690329084,-0.014294345973227346,0.00799320722201174,0.013171278599759136,342.81
29.188,0.008717582690329094,-0.0148043459732273,0.008413207222011715,0.012751278599759105,342.81
29.192,0.00914758269032908,-0.015314345973227311,0.008843207222011757,0.012321278599759119,342.81
29.196,0.009577582690329066,-0.01557434597322735,0.009363207222011722,0.011801278599759098,342.81
29.2,0.010007582690329052,-0.01583434597322733,0.009793207222011708,0.01112127859975914,342.81
29.204,0.01025758269032908,-0.01617434597322734,0.010043207222011736,0.01060127859975912,342.81
29.208,0.0107775826903291,-0.016514345973227346,0.010563207222011756,0.010171278599759134,342.81
29.212,0.011207582690329086,-0.01694434597322733,0.010993207222011742,0.009571278599759089,342.81
29.216,0.011547582690329093,-0.01729434597322735,0.011243207222011714,0.009151278599759113,342.81
29.22,0.0118875826903291,-0.017464345973227297,0.011763207222011735,0.008461278599759089,342.81
29.224,0.012317582690329086,-0.017804345973227304,0.01219320722201172,0.0078612785997591,342.81
29.228,0.012657582690329093,-0.01806434597322734,0.012443207222011749,0.007351278599759089,342.81
29.232,0.012917582690329076,-0.018234345973227345,0.012613207222011752,0.0066612785997591205,342.81
29.236,0.013257582690329082,-0.01840434597322735,0.012963207222011714,0.006061278599759131,342.81
29.24,0.0136075826903291,-0.01866434597322733,0.01330320722201172,0.005381278599759117,342.81
29.244,0.013857582690329072,-0.019004345973227338,0.013473207222011724,0.004951278599759131,342.81
29.248,0.014117582690329054,-0.019004345973227338,0.013813207222011731,0.004431278599759111,342.81
29.252,0.014457582690329061,-0.019004345973227338,0.014073207222011714,0.003751278599759097,342.81
29.256,0.0147175826903291,-0.01917434597322734,0.014243207222011717,0.0031512785997591074,342.81
29.26,0.014887582690329047,-0.019434345973227324,0.014503207222011755,0.002461278599759139,342.81
29.264,0.015147582690329085,-0.019344345973227345,0.014763207222011738,0.0019512785997591283,342.81
29.268,0.015317582690329089,-0.01917434597322734,0.015103207222011744,0.0013512785997591389,342.81
29.272,0.015407582690329068,-0.019094345973227317,0.015363207222011727,0.0009212785997590974,342.81
29.276,0.015577582690329071,-0.019094345973227317,0.015443207222011751,0.000321278599759108,342.81
29.28,0.015747582690329075,-0.018914345973227303,0.01553320722201173,-0.00027872140024088146,342.81
29.284,0.016007582690329057,-0.01866434597322733,0.01553320722201173,-0.0008787214002408709,342.81
29.288,0.01617758269032906,-0.018494345973227327,0.015613207222011755,-0.0016487214002408638,342.81
29.292,0.01617758269032906,-0.018234345973227345,0.01579320722201171,-0.002168721400240884,342.81
29.296,0.01608758269032908,-0.01814434597322731,0.015963207222011715,-0.002840800298888376,342.81
29.3,0.01608758269032908,-0.017804345973227304,0.015963207222011715,-0.0036413236967013677,342.81
29.304,0.01608758269032908,-0.01754434597322732,0.015963207222011715,-0.004486334549711487,342.81
29.308,0.01608758269032908,-0.01729434597322735,0.015963207222011715,-0.005291875813950362,342.81
29.312,0.01617758269032906,-0.01694434597322733,0.016213207222011743,-0.005973990445449619,342.81
29.316,0.016347582690329064,-0.016514345973227346,0.01630320722201172,-0.00644872140024089,342.81
29.32,0.01642758269032909,-0.016094345973227314,0.016133207222011718,-0.0067087214002408725,342.81
29.324,0.016517582690329068,-0.015744345973227297,0.015873207222011736,-0.007218721400240883,342.81
29.328,0.01642758269032909,-0.015314345973227311,0.015873207222011736,-0.007738721400240903,342.81
29.332,0.01617758269032906,-0.0148043459732273,0.015963207222011715,-0.008508721400240896,342.81
29.336,0.01608758269032908,-0.014114345973227332,0.015873207222011736,-0.009108721400240886,342.81
29.34,0.01608758269032908,-0.01334434597322734,0.01579320722201171,-0.0097887214002409,342.81
29.344,0.01608758269032908,-0.012834345973227329,0.015613207222011755,-0.010388721400240889,342.81
29.348,0.0158275826903291,-0.012169856338834566,0.015703207222011732,-0.010988721400240879,342.81
29.352,0.015747582690329075,-0.01138357626492783,0.01553320722201173,-0.011418721400240864,342.81
29.356,0.015657582690329096,-0.010519816133150735,0.01553320722201173,-0.01201872140024091,342.81
29.36,0.015407582690329068,-0.009591800046273514,0.015363207222011727,-0.012618721400240899,342.81
29.364,0.015147582690329085,-0.008612752107066397,0.015103207222011744,-0.013138721400240864,342.81
29.368,0.014887582690329047,-0.007595896418299625,0.01501320722201171,-0.013738721400240909,342.81
29.372,0.014807582690329078,-0.0065544570827434255,0.014673207222011703,-0.014248721400240864,342.81
29.376,0.014457582690329061,-0.0055016582031680375,0.014333207222011752,-0.014508721400240902,342.81
29.38,0.014117582690329054,-0.004450723882343693,0.014243207222011717,-0.015018721400240912,342.81
29.384,0.013777582690329047,-0.003414878223040627,0.01390320722201171,-0.015278721400240895,342.81
29.388,0.0136075826903291,-0.0024073453280290718,0.013563207222011703,-0.01570872140024088,342.81
29.392,0.013257582690329082,-0.0014413493000792633,0.01330320722201172,-0.01630872140024087,342.81
29.396,0.012827582690329097,-0.0005301142419614329,0.012963207222011714,-0.01673872140024091,342.81
29.4,0.01248758269032909,0.0003131357435541814,0.012613207222011752,-0.017248721400240866,342.81
29.404,0.012147582690329083,0.001075176553697346,0.01219320722201172,-0.017588721400240873,342.81
29.408,0.0118875826903291,0.0017077146812274238,0.011673207222011756,-0.017678721400240908,342.81
29.412,0.011547582690329093,0.002223994153341386,0.011243207222011714,-0.018108721400240894,342.81
29.416,0.011207582690329086,0.0026100523089978424,0.010993207222011742,-0.0184487214002409,342.81
29.42,0.0107775826903291,0.0028519264871554035,0.010473207222011722,-0.01853872140024088,342.81
29.424,0.010517582690329062,0.0029356540267726767,0.010043207222011736,-0.018788721400240908,342.81
29.428,0.010347582690329059,0.0013056540267726564,0.009703207222011729,-0.01895872140024091,342.81
29.432,0.010007582690329052,0.001395654026772691,0.009273207222011743,-0.019218721400240894,342.81
29.436,0.009577582690329066,0.0019056540267727014,0.008673207222011753,-0.019218721400240894,342.81
29.44,0.00914758269032908,0.002165654026772684,0.008163207222011743,-0.019218721400240894,342.81
29.444,0.00854758269032909,0.0025956540267726698,0.007643207222011722,-0.019388721400240897,342.81
29.448,0.007947582690329101,0.0033656540267726627,0.007303207222011715,-0.01964872140024088,342.81
29.452,0.00751758269032906,0.004045654026772677,0.006793207222011705,-0.01964872140024088,342.81
29.456,0.007347582690329056,0.0046456540267726665,0.006023207222011712,-0.01964872140024088,342.81
29.46,0.007087582690329074,0.00482565402677268,0.005593207222011726,-0.019388721400240897,342.81
29.464,0.006577582690329063,0.00533565402677269,0.005243207222011709,-0.019308721400240873,342.81
29.468,0.005887582690329095,0.00593565402677268,0.004823207222011733,-0.019218721400240894,342.81
29.472,0.005037582690329077,0.00644565402677269,0.004223207222011744,-0.018878721400240887,342.81
29.476,0.00417758269032905,0.006795654026772652,0.0036232072220117543,-0.0184487214002409,342.81
29.48,0.0034875826903290816,0.006875654026772676,0.003193207222011713,-0.018188721400240863,342.81
29.484,0.002637582690329064,0.007225654026772693,0.002673207222011748,-0.01793872140024089,342.81
29.488,0.0020375826903290747,0.007645654026772669,0.001993207222011734,-0.017588721400240873,342.81
29.492,0.001347582690329051,0.008075654026772655,0.0014732072220117135,-0.0173387214002409,342.81
29.496,0.0009175826903290651,0.008595654026772676,0.000963207222011703,-0.017158721400240887,342.81
29.5,0.0005775826903290581,0.009105654026772686,0.00044320722201173803,-0.01681872140024088,342.81
29.504,0.00014758269032907217,0.009365654026772668,0.0006232072220117515,-0.016388721400240894,342.81
29.508,5.7582690329093184e-05,0.009705654026772675,0.0010432072220117276,-0.01570872140024088,342.81
29.512,-0.0002665578966691729,0.010135654026772661,0.0008291078300635554,-0.01518872140024086,342.81
29.516,-0.0008276443194612363,0.010475654026772668,0.0003782391681893635,-0.014758721400240874,342.81
29.52,-0.0016098280552217833,0.010905654026772654,-0.00026150000802476,-0.01407872140024086,342.81
29.524,-0.002528253163036921,0.011335654026772696,-0.001050957314301991,-0.013138721400240864,342.81
29.528,-0.0034980637019927556,0.011675654026772703,-0.0019378698170758202,-0.012448721400240895,342.81
29.532,-0.0044344037311753945,0.011935654026772685,-0.00286997458277974,-0.011768721400240881,342.81
29.536,-0.005252417309670944,0.012275654026772692,-0.003795008677847241,-0.011078721400240913,342.81
29.54,-0.005932417309670902,0.012535654026772675,-0.004660709168711814,-0.010308721400240865,342.81
29.544,-0.006882417309670909,0.012615654026772699,-0.005466792777988288,-0.009538721400240872,342.81
29.548,-0.007652417309670902,0.01296565402677266,-0.006146792777988247,-0.008768721400240879,342.81
29.552,-0.008252417309670947,0.013305654026772668,-0.0068367927779882706,-0.007988721400240876,342.81
29.556,-0.008852417309670936,0.013475654026772671,-0.007696792777988298,-0.007218721400240883,342.81
29.56,-0.009452417309670925,0.013815654026772678,-0.008296792777988287,-0.00644872140024089,342.81
29.564,-0.010222417309670918,0.014165654026772695,-0.008896792777988277,-0.005678721400240897,342.81
29.568,-0.011082417309670946,0.014335654026772698,-0.00957679277798829,-0.004908721400240904,342.81
29.572,-0.011762417309670904,0.01459565402677268,-0.01026679277798826,-0.004138721400240911,342.81
29.576,-0.012192417309670946,0.01467565402677265,-0.010866792777988249,-0.003368721400240863,342.81
29.58,-0.01271241730967091,0.014935654026772688,-0.011466792777988294,-0.00258872140024086,342.81
29.584,-0.013392417309670925,0.015105654026772691,-0.011976792777988248,-0.0018187214002408673,342.81
29.588,-0.013902417309670935,0.01519565402677267,-0.012496792777988269,-0.0010487214002408744,342.81
29.592,-0.014252417309670952,0.015365654026772674,-0.012926792777988255,-0.00027872140024088146,342.81
29.596,-0.014762417309670907,0.015535654026772677,-0.013266792777988262,0.0004912785997591115,342.81
29.6,-0.015362417309670952,0.01579565402677266,-0.013696792777988248,0.0012612785997591044,342.81
29.604,-0.015882417309670917,0.01579565402677266,-0.01411679277798828,0.0020312785997590975,342.81
29.608,-0.016302417309670948,0.01579565402677266,-0.014466792777988296,0.0028012785997590904,342.81
29.612,-0.01665241730967091,0.015875654026772684,-0.014896792777988282,0.0035812785997590933,342.81
29.616,-0.01708241730967095,0.015965654026772663,-0.015316792777988258,0.004351278599759086,342.81
29.62,-0.01768241730967094,0.015875654026772684,-0.015666792777988277,0.005121278599759135,342.81
29.624,-0.017932417309670913,0.015875654026772684,-0.016006792777988284,0.005891278599759128,342.81
29.628,-0.018102417309670917,0.015875654026772684,-0.016266792777988266,0.006581278599759096,342.81
29.632,-0.0183624173096709,0.015875654026772684,-0.016606792777988273,0.0067512785997590995,342.81
29.636,-0.018452417309670933,0.016045654026772688,-0.01694679277798828,0.0059812785997591066,342.81
29.64,-0.018702417309670906,0.016135654026772667,-0.017296792777988297,0.004951278599759131,342.81
29.644,-0.019052417309670923,0.01579565402677266,-0.017466792777988245,0.004781278599759128,342.81
29.648,-0.019562417309670933,0.015535654026772677,-0.017806792777988252,0.004861278599759097,342.81
29.652,-0.019652417309670912,0.01579565402677266,-0.01806679277798829,0.004951278599759131,342.81
29.656,-0.01948241730967091,0.01570565402677268,-0.018236792777988294,0.005291278599759138,342.81
29.66,-0.019822417309670916,0.015445654026772698,-0.018496792777988276,0.005801278599759093,342.81
29.664,-0.01999241730967092,0.01519565402677267,-0.018576792777988245,0.0062312785997591345,342.81
29.668,-0.01990241730967094,0.015015654026772657,-0.01874679277798825,0.006401278599759138,342.81
29.672,-0.019652417309670912,0.014765654026772684,-0.019006792777988286,0.006491278599759117,342.81
29.676,-0.019652417309670912,0.01459565402677268,-0.019006792777988286,0.0066612785997591205,342.81
29.68,-0.019652417309670912,0.014335654026772698,-0.019096792777988265,0.0070012785997591274,342.81
29.684,-0.01948241730967091,0.014165654026772695,-0.019006792777988286,0.007431278599759113,342.81
29.688,-0.019222417309670926,0.013905654026772657,-0.019006792777988286,0.00778127859975913,342.81
29.692,-0.019052417309670923,0.013815654026772678,-0.018916792777988252,0.008201278599759106,342.81
29.696,-0.01888241730967092,0.013735654026772653,-0.01866679277798828,0.008631278599759092,342.81
29.7,-0.01879241730967094,0.013215654026772689,-0.01866679277798828,0.00889127859975913,342.81
29.704,-0.0183624173096709,0.012875654026772682,-0.018576792777988245,0.009061278599759134,342.81
29.708,-0.017932417309670913,0.012535654026772675,-0.018316792777988262,0.00940127859975914,342.81
29.712,-0.017502417309670927,0.012195654026772668,-0.01814679277798826,0.009831278599759127,342.81
29.716,-0.01716241730967092,0.011935654026772685,-0.017716792777988273,0.010261278599759113,342.81
29.72,-0.01708241730967095,0.011675654026772703,-0.017376792777988266,0.010691278599759099,342.81
29.724,-0.016732417309670934,0.010995654026772689,-0.017206792777988263,0.010951278599759137,342.81
29.728,-0.016302417309670948,0.010565654026772703,-0.01694679277798828,0.011201278599759109,342.81
29.732,-0.015702417309670903,0.010135654026772661,-0.016516792777988294,0.011551278599759126,342.81
29.736,-0.015192417309670948,0.009705654026772675,-0.016096792777988263,0.011801278599759098,342.81
29.74,-0.014682417309670938,0.009365654026772668,-0.015746792777988246,0.01223127859975914,342.81
29.744,-0.014252417309670952,0.008845654026772704,-0.015406792777988293,0.012661278599759126,342.81
29.748,-0.013652417309670907,0.008245654026772659,-0.014976792777988251,0.013001278599759133,342.81
29.752,-0.013052417309670918,0.007735654026772704,-0.014466792777988296,0.013261278599759115,342.81
29.756,-0.01271241730967091,0.00704565402677268,-0.013866792777988251,0.013601278599759122,342.81
29.76,-0.012022417309670942,0.00644565402677269,-0.013266792777988262,0.01395127859975914,342.81
29.764,-0.011162417309670915,0.006195654026772662,-0.012746792777988297,0.014201278599759112,342.81
29.768,-0.010652417309670904,0.005845654026772701,-0.01189679277798828,0.014461278599759094,342.81
29.772,-0.010052417309670915,0.005245654026772656,-0.011206792777988256,0.014891278599759136,342.81
29.776,-0.009362417309670946,0.0046456540267726665,-0.01077679277798827,0.015231278599759087,342.81
29.78,-0.008762417309670902,0.004045654026772677,-0.010096792777988256,0.015321278599759122,342.81
29.784,-0.008162417309670912,0.003535654026772666,-0.009496792777988266,0.015571278599759094,342.81
29.788,-0.007652417309670902,0.0030256540267726557,-0.008806792777988298,0.01592127859975911,342.81
29.792,-0.006882417309670909,0.0024256540267726663,-0.008126792777988284,0.016001278599759135,342.81
29.796,-0.006112417309670916,0.0017356540267726979,-0.0071767927779882775,0.016261278599759118,342.81
29.8,-0.005512417309670926,0.0007956540267727016,-0.006406792777988285,0.016351278599759097,342.81
29.804,-0.0048224173096709025,0.00019565402677265665,-0.005806792777988295,0.0165212785997591,342.81
29.808,-0.00405241730967091,-0.0006643459732273152,-0.004946792777988268,0.016691278599759104,342.81
29.812,-0.0032824173096709167,-0.0013543459732273393,-0.004176792777988275,0.016601278599759125,342.81
29.816,-0.0025124173096709237,-0.0017743459732273152,-0.003926792777988247,0.01677127859975913,342.81
29.82,-0.001912417309670934,-0.0020343459732272977,-0.0035767927779882854,0.016861278599759107,342.81
29.824,-0.0011424173096709412,-0.0023743459732273047,-0.0032367927779882785,0.016861278599759107,342.81
29.828,-0.0002824173096709138,-0.0029743459732273496,-0.0028067927779882925,0.016861278599759107,342.81
29.832,0.00031758269032907565,-0.0034943459732273145,-0.0024667927779882855,0.016861278599759107,342.81
29.836,0.0010875826903290686,-0.0043443459732273315,-0.0021267927779882786,0.016861278599759107,342.81
29.84,0.0014375826903290855,-0.0050343459732273,-0.0017767927779882616,0.016861278599759107,342.81
29.844,0.0018575826903290615,-0.005634345973227345,-0.0014367927779882547,0.01677127859975913,342.81
29.848,0.0020375826903290747,-0.006404345973227338,-0.0008655980207604299,0.0165212785997591,342.81
29.852,0.0023775826903290817,-0.007344345973227334,-8.33100168121392e-05,0.01643127859975912,342.81
29.856,0.002977582690329071,-0.008034345973227303,0.0008383647650906383,0.016261278599759118,342.81
29.86,0.0035775826903290606,-0.008634345973227348,0.0018277198561819229,0.016091278599759114,342.81
29.864,0.00417758269032905,-0.009234345973227337,0.0028130487876957344,0.016001278599759135,342.81
29.868,0.0046075826903290915,-0.009834345973227326,0.0037226450908660947,0.01566127859975913,342.81
29.872,0.005117582690329046,-0.010434345973227316,0.004563207222011751,0.015321278599759122,342.81
29.876,0.005717582690329091,-0.01112434597322734,0.00516320722201174,0.015151278599759118,342.81
29.88,0.006147582690329077,-0.01172434597322733,0.005593207222011726,0.014891278599759136,342.81
29.884,0.006577582690329063,-0.012404345973227343,0.0061932072220117155,0.014631278599759098,342.81
29.888,0.007087582690329074,-0.013004345973227333,0.006793207222011705,0.014121278599759087,342.81
29.892,0.007857582690329067,-0.013604345973227322,0.007133207222011712,0.013861278599759105,342.81
29.896,0.008287582690329053,-0.014114345973227332,0.007643207222011722,0.013521278599759098,342.81
29.9,0.008717582690329094,-0.01446434597322735,0.008243207222011712,0.013001278599759133,342.81
29.904,0.00914758269032908,-0.0148043459732273,0.008843207222011757,0.012401278599759088,342.81
29.908,0.009577582690329066,-0.015234345973227342,0.009273207222011743,0.011891278599759133,342.81
29.912,0.010007582690329052,-0.015744345973227297,0.009703207222011729,0.011461278599759091,342.81
29.916,0.010347582690329059,-0.01617434597322734,0.010133207222011715,0.01112127859975914,342.81
29.92,0.0107775826903291,-0.016514345973227346,0.010563207222011756,0.01060127859975912,342.81
29.924,0.011207582690329086,-0.016864345973227307,0.010993207222011742,0.009921278599759106,342.81
29.928,0.011547582690329093,-0.017204345973227314,0.011333207222011749,0.00940127859975914,342.81
29.932,0.011807582690329076,-0.017464345973227297,0.011763207222011735,0.0089712785997591,342.81
29.936,0.011977582690329079,-0.017894345973227338,0.012103207222011742,0.00837127859975911,342.81
29.94,0.012317582690329086,-0.01814434597322731,0.012273207222011745,0.00778127859975913,342.81
29.944,0.012827582690329097,-0.018314345973227314,0.012613207222011752,0.007091278599759106,342.81
29.948,0.013177582690329058,-0.018574345973227296,0.012963207222011714,0.006491278599759117,342.81
29.952,0.013347582690329061,-0.01866434597322733,0.01330320722201172,0.005891278599759128,342.81
29.956,0.013687582690329068,-0.018914345973227303,0.013473207222011724,0.005381278599759117,342.81
29.96,0.013947582690329051,-0.019094345973227317,0.013813207222011731,0.004781278599759128,342.81
29.964,0.014027582690329075,-0.019344345973227345,0.014073207222011714,0.004181278599759138,342.81
29.968,0.014457582690329061,-0.019434345973227324,0.014333207222011752,0.0035812785997590933,342.81
29.972,0.014807582690329078,-0.019434345973227324,0.014593207222011734,0.002891278599759125,342.81
29.976,0.014977582690329082,-0.019434345973227324,0.014673207222011703,0.0022912785997591355,342.81
29.98,0.015227582690329054,-0.019344345973227345,0.01501320722201171,0.0016912785997590903,342.81
29.984,0.015407582690329068,-0.019434345973227324,0.015363207222011727,0.0011812785997591354,342.81
29.988,0.015487582690329092,-0.019434345973227324,0.015443207222011751,0.0007512785997590939,342.81
29.992,0.015657582690329096,-0.019344345973227345,0.01553320722201173,6.127859975912551e-05,342.81
29.996,0.015917582690329078,-0.01917434597322734,0.01579320722201171,-0.0006187214002408884,342.81
30.0,0.01608758269032908,-0.019004345973227338,0.015873207222011736,-0.0012187214002408779,342.81
30.004,0.01617758269032906,-0.0187443459732273,0.015873207222011736,-0.0017387214002408983,342.81
30.008,0.016257582690329085,-0.018494345973227327,0.015963207222011715,-0.002418721400240912,342.81
30.012,0.016347582690329064,-0.01814434597322731,0.015963207222011715,-0.0031087214002408804,342.81
30.016,0.016347582690329064,-0.017894345973227338,0.015873207222011736,-0.0037887214002408943,342.81
30.02,0.016347582690329064,-0.017804345973227304,0.015873207222011736,-0.004388721400240884,342.81
30.024,0.01642758269032909,-0.017374345973227318,0.015873207222011736,-0.004988721400240873,342.81
30.028,0.016517582690329068,-0.01694434597322733,0.015873207222011736,-0.005848721400240901,342.81
30.032,0.016517582690329068,-0.016514345973227346,0.015873207222011736,-0.006538721400240869,342.81
30.036,0.016517582690329068,-0.016094345973227314,0.015873207222011736,-0.0070487214002408795,342.81
30.04,0.016517582690329068,-0.015664345973227328,0.015963207222011715,-0.007648721400240869,342.81
30.044,0.016347582690329064,-0.015144345973227308,0.015963207222011715,-0.008248721400240914,342.81
30.048,0.01608758269032908,-0.014544345973227318,0.01579320722201171,-0.008938721400240882,342.81
30.052,0.01608758269032908,-0.014034345973227308,0.01553320722201173,-0.009538721400240872,342.81
30.056,0.016007582690329057,-0.01334434597322734,0.01553320722201173,-0.010218721400240886,342.81
30.06,0.015747582690329075,-0.012834345973227329,0.015363207222011727,-0.010738721400240906,342.81
30.064,0.015747582690329075,-0.012262153791044679,0.015193207222011723,-0.011338721400240896,342.81
30.068,0.015747582690329075,-0.011653323318647931,0.015273207222011748,-0.011848721400240906,342.81
30.072,0.015657582690329096,-0.011012173824249728,0.015103207222011744,-0.012368721400240871,342.81
30.076,0.015317582690329089,-0.010343024576062714,0.01501320722201171,-0.012958721400240906,342.81
30.08,0.014977582690329082,-0.009650194842299543,0.014763207222011738,-0.01347872140024087,342.81
30.084,0.014807582690329078,-0.008938003891172858,0.014593207222011734,-0.013818721400240878,342.81
30.088,0.014457582690329061,-0.008210770990895302,0.014243207222011717,-0.014158721400240885,342.81
30.092,0.014207582690329089,-0.007472815409679524,0.013993207222011745,-0.014758721400240874,342.81
30.096,0.014027582690329075,-0.006728456415738172,0.013733207222011707,-0.015278721400240895,342.81
30.1,0.0136075826903291,-0.005982013277283892,0.013393207222011755,-0.016048721400240887,342.81
30.104,0.013177582690329058,-0.005237805262529327,0.013043207222011738,-0.016478721400240873,342.81
30.108,0.012747582690329072,-0.004500151639687126,0.01279320722201171,-0.01673872140024091,342.81
30.112,0.012407582690329065,-0.0037733716769699356,0.012533207222011728,-0.01681872140024088,342.81
30.116,0.012407582690329065,-0.0030617846425904007,0.01219320722201172,-0.017158721400240887,342.81
30.12,0.012317582690329086,-0.0023697098047611677,0.011763207222011735,-0.017588721400240873,342.81
30.124,0.012057582690329048,-0.0017014664316948847,0.011413207222011718,-0.01793872140024089,342.81
30.128,0.011717582690329097,-0.0010613737916041971,0.010993207222011742,-0.018108721400240894,342.81
30.132,0.011457582690329059,-0.0004537511527017505,0.010563207222011756,-0.0184487214002409,342.81
30.136,0.011117582690329052,0.00011708221679980967,0.010133207222011715,-0.018708721400240883,342.81
30.14,0.010607582690329097,0.0006468070486878339,0.009703207222011729,-0.018878721400240887,342.81
30.144,0.010007582690329052,0.0011311040747496773,0.009273207222011743,-0.01913872140024087,342.81
30.148,0.00965758269032909,0.0015656540267726944,0.008673207222011753,-0.019308721400240873,342.81
30.152,0.009407582690329062,0.0019056540267727014,0.008163207222011743,-0.0195587214002409,342.81
30.156,0.009057582690329101,0.0025956540267726698,0.007643207222011722,-0.01964872140024088,342.81
30.16,0.008717582690329094,0.0030256540267726557,0.007223207222011746,-0.01973872140024086,342.81
30.164,0.008287582690329053,0.0033656540267726627,0.006793207222011705,-0.01973872140024086,342.81
30.168,0.007777582690329098,0.004045654026772677,0.00627320722201174,-0.0195587214002409,342.81
30.172,0.007257582690329077,0.0046456540267726665,0.0056732072220117506,-0.019388721400240897,342.81
30.176,0.006657582690329088,0.004905654026772649,0.005243207222011709,-0.019388721400240897,342.81
30.18,0.006237582690329056,0.005505654026772694,0.004903207222011702,-0.019218721400240894,342.81
30.184,0.005637582690329067,0.006025654026772659,0.004473207222011716,-0.01895872140024091,342.81
30.188,0.004857582690329064,0.006535654026772669,0.0038732072220117267,-0.018788721400240908,342.81
30.192,0.004087582690329071,0.007135654026772659,0.0032732072220117373,-0.01853872140024088,342.81
30.196,0.003407582690329057,0.007475654026772666,0.002763207222011727,-0.0184487214002409,342.81
30.2,0.0028075826903290677,0.007645654026772669,0.0022432072220117064,-0.01801872140024086,342.81
30.204,0.0021175826903290992,0.008075654026772655,0.0017332072220117515,-0.017588721400240873,342.81
30.208,0.001347582690329051,0.008505654026772697,0.0011332072220117066,-0.017248721400240866,342.81
30.212,0.0010075826903290996,0.008845654026772704,0.0006232072220117515,-0.016988721400240884,342.81
30.216,0.0008375826903290961,0.00927565402677269,0.00036320722201171353,-0.016648721400240877,342.81
30.22,0.0005775826903290581,0.009705654026772675,0.000793207222011755,-0.016048721400240887,342.81
30.224,9.736129930200052e-05,0.010135654026772661,0.0006953529506549708,-0.015538721400240877,342.81
30.228,-0.0005691543212432587,0.010475654026772668,0.00041861425718763343,-0.01518872140024086,342.81
30.232,-0.0013809761896618627,0.01073565402677265,-1.177267748573446e-05,-0.01458872140024087,342.81
30.236,-0.002285252929544279,0.010995654026772689,-0.0005705716724606101,-0.013558721400240895,342.81
30.24,-0.003229133164480975,0.011335654026772696,-0.0012325465468324705,-0.012788721400240902,342.81
30.244,-0.004159765518062417,0.011765654026772682,-0.001972461119696793,-0.01201872140024091,342.81
30.248,-0.0050242986138790725,0.012105654026772689,-0.002765079210149055,-0.011248721400240861,342.81
30.252,-0.005815495585449624,0.012275654026772692,-0.0035851646372847337,-0.010388721400240889,342.81
30.256,-0.006532417309670947,0.012615654026772699,-0.004407481220199306,-0.009538721400240872,342.81
30.26,-0.007132417309670937,0.012875654026772682,-0.00520679277798825,-0.0086787214002409,342.81
30.264,-0.007732417309670926,0.013045654026772685,-0.006146792777988247,-0.007818721400240872,342.81
30.268,-0.008512417309670929,0.013395654026772702,-0.0069267927779882495,-0.0069687214002409105,342.81
30.272,-0.009192417309670943,0.013645654026772674,-0.007696792777988298,-0.006108721400240883,342.81
30.276,-0.009882417309670911,0.013905654026772657,-0.008296792777988287,-0.005248721400240911,342.81
30.28,-0.010912417309670942,0.014165654026772695,-0.008896792777988277,-0.004388721400240884,342.81
30.284,-0.011512417309670932,0.014245654026772664,-0.00957679277798829,-0.0037887214002408943,342.81
30.288,-0.011932417309670908,0.014505654026772702,-0.010096792777988256,-0.0034487214002408874,342.81
30.292,-0.012532417309670953,0.014765654026772684,-0.010696792777988245,-0.003278721400240884,342.81
30.296,-0.012962417309670939,0.015015654026772657,-0.011206792777988256,-0.0031087214002408804,342.81
30.3,-0.013562417309670928,0.01519565402677267,-0.011976792777988248,-0.0030187214002409014,342.81
30.304,-0.014162417309670917,0.015445654026772698,-0.012496792777988269,-0.0030187214002409014,342.81
30.308,-0.014592417309670903,0.015445654026772698,-0.012926792777988255,-0.0030187214002409014,342.81
30.312,-0.015022417309670945,0.015445654026772698,-0.013346792777988286,-0.0030187214002409014,342.81
30.316,-0.0155324173096709,0.01570565402677268,-0.013776792777988272,-0.0030187214002409014,342.81
30.32,-0.016132417309670945,0.01579565402677266,-0.014036792777988255,-0.0030187214002409014,342.81
30.324,-0.01665241730967091,0.01579565402677266,-0.014466792777988296,-0.0030187214002409014,342.81
30.328,-0.01708241730967095,0.01579565402677266,-0.014806792777988248,-0.00283422261943675,342.81
30.332,-0.017592417309670906,0.015875654026772684,-0.015236792777988289,-0.0023794107909849774,342.81
30.336,-0.017932417309670913,0.015965654026772663,-0.015576792777988296,-0.0016112057474559746,342.81
30.34,-0.018022417309670948,0.015965654026772663,-0.015746792777988246,-0.0006294702167433468,342.81
30.344,-0.018102417309670917,0.015875654026772684,-0.016096792777988263,0.0004659330732593014,342.81
30.348,-0.018452417309670933,0.015875654026772684,-0.016606792777988273,0.0015751413946583643,342.81
30.352,-0.018702417309670906,0.015875654026772684,-0.01703679277798826,0.0025982920195602374,342.81
30.356,-0.019052417309670923,0.016045654026772688,-0.017296792777988297,0.003572550148973702,342.81
30.36,-0.01939241730967093,0.016135654026772667,-0.017376792777988266,0.004380167626996478,342.81
30.364,-0.01948241730967091,0.01579565402677266,-0.017716792777988273,0.004951278599759131,342.81
30.368,-0.019822417309670916,0.015535654026772677,-0.01806679277798829,0.005291278599759138,342.81
30.372,-0.01999241730967092,0.015535654026772677,-0.018316792777988262,0.00563127859975909,342.81
30.376,-0.0200824173096709,0.015445654026772698,-0.018576792777988245,0.005801278599759093,342.81
30.38,-0.0200824173096709,0.01519565402677267,-0.018576792777988245,0.006061278599759131,342.81
30.384,-0.01999241730967092,0.01519565402677267,-0.01874679277798825,0.0062312785997591345,342.81
30.388,-0.01999241730967092,0.015015654026772657,-0.019006792777988286,0.006581278599759096,342.81
30.392,-0.01999241730967092,0.014765654026772684,-0.019006792777988286,0.006921278599759103,342.81
30.396,-0.019732417309670937,0.01459565402677268,-0.019006792777988286,0.007351278599759089,342.81
30.4,-0.01948241730967091,0.014245654026772664,-0.019006792777988286,0.0078612785997591,342.81
30.404,-0.019222417309670926,0.013905654026772657,-0.019096792777988265,0.008201278599759106,342.81
30.408,-0.019052417309670923,0.013815654026772678,-0.019096792777988265,0.00837127859975911,342.81
30.412,-0.018702417309670906,0.013395654026772702,-0.019006792777988286,0.008721278599759127,342.81
30.416,-0.018452417309670933,0.01296565402677266,-0.01874679277798825,0.009061278599759134,342.81
30.42,-0.01828241730967093,0.012705654026772678,-0.01866679277798828,0.00949127859975912,342.81
30.424,-0.017932417309670913,0.012535654026772675,-0.018576792777988245,0.009751278599759102,342.81
30.428,-0.01768241730967094,0.012195654026772668,-0.018236792777988294,0.009921278599759106,342.81
30.432,-0.01716241730967092,0.011765654026772682,-0.017896792777988287,0.010261278599759113,342.81
30.436,-0.016732417309670934,0.011415654026772665,-0.017716792777988273,0.01060127859975912,342.81
30.44,-0.016302417309670948,0.011165654026772692,-0.017376792777988266,0.010951278599759137,342.81
30.444,-0.015882417309670917,0.010815654026772675,-0.01694679277798828,0.011201278599759109,342.81
30.448,-0.0155324173096709,0.010135654026772661,-0.016606792777988273,0.011551278599759126,342.81
30.452,-0.015102417309670914,0.009705654026772675,-0.016266792777988266,0.011891278599759133,342.81
30.456,-0.014502417309670924,0.009365654026772668,-0.01583679277798828,0.012321278599759119,342.81
30.46,-0.013902417309670935,0.008845654026772704,-0.015316792777988258,0.012661278599759126,342.81
30.464,-0.013482417309670904,0.008245654026772659,-0.014896792777988282,0.012751278599759105,342.81
30.468,-0.013052417309670918,0.007735654026772704,-0.014376792777988262,0.013171278599759136,342.81
30.472,-0.012452417309670928,0.007135654026772659,-0.013776792777988272,0.013521278599759098,342.81
30.476,-0.011852417309670939,0.006535654026772669,-0.013266792777988262,0.013691278599759101,342.81
30.48,-0.01125241730967095,0.006025654026772659,-0.012666792777988272,0.014031278599759108,342.81
30.484,-0.010392417309670922,0.005595654026772673,-0.01189679277798828,0.014371278599759115,342.81
30.488,-0.009712417309670908,0.005245654026772656,-0.01129679277798829,0.014631278599759098,342.81
30.492,-0.008932417309670905,0.004735654026772701,-0.010696792777988245,0.014891278599759136,342.81
30.496,-0.008512417309670929,0.0039656540267726526,-0.010096792777988256,0.015151278599759118,342.81
30.5,-0.008082417309670943,0.003445654026772687,-0.009496792777988266,0.015231278599759087,342.81
30.504,-0.007392417309670919,0.0028456540267726978,-0.008726792777988273,0.015571278599759094,342.81
30.508,-0.006622417309670926,0.002165654026772684,-0.008016527952514022,0.01592127859975911,342.81
30.512,-0.006022417309670937,0.0012256540267726874,-0.007318059155058886,0.01617127859975914,342.81
30.516,-0.0050824173096709405,0.0005356540267726636,-0.006630698466874743,0.01643127859975912,342.81
30.52,-0.0043124173096709476,-0.0001543459732273048,-0.005953757969213467,0.01643127859975912,342.81
30.524,-0.003792417309670927,-0.0009243459732272977,-0.005286549743326935,0.016351278599759097,342.81
30.528,-0.0029324173096708997,-0.0015243459732273428,-0.004628385870467022,0.01617127859975914,342.81
30.532,-0.0023424173096709203,-0.0020343459732272977,-0.0039785784318856,0.016351278599759097,342.81
30.536,-0.0014824173096709482,-0.002204345973227301,-0.0033364395088345492,0.016351278599759097,342.81
30.54,-0.0005424173096709518,-0.0023743459732273047,-0.002701281182565741,0.016351278599759097,342.81
30.544,0.00014758269032907217,-0.002804345973227346,-0.002072415534331053,0.01643127859975912,342.81
30.548,0.0010075826903290996,-0.003574345973227339,-0.0014491546453823602,0.0165212785997591,342.81
30.552,0.001607582690329089,-0.0044343459732273105,-0.0008308105969715374,0.0165212785997591,342.81
30.556,0.001607582690329089,-0.005124345973227334,-0.00021669547035045914,0.01643127859975912,342.81
30.56,0.0017775826903290925,-0.005974345973227296,0.0003938786532289981,0.016351278599759097,342.81
30.564,0.0021175826903290992,-0.00666434597322732,0.0010015996925149592,0.01617127859975914,342.81
30.568,0.002547582690329085,-0.007344345973227334,0.0016071555662555493,0.016091278599759114,342.81
30.572,0.0031475826903290746,-0.008204345973227306,0.0022112341931988925,0.015831278599759132,342.81
30.576,0.003747582690329064,-0.008804345973227351,0.002814523492093114,0.015571278599759094,342.81
30.58,0.0042575826903290745,-0.009664345973227323,0.003417711381686338,0.015491278599759125,342.81
30.584,0.004947582690329098,-0.010344345973227337,0.004021485780726689,0.015231278599759087,342.81
30.588,0.005377582690329084,-0.010864345973227302,0.004626534607962293,0.015061278599759139,342.81
30.592,0.005717582690329091,-0.011374345973227312,0.005233545782141272,0.014721278599759132,342.81
30.596,0.006237582690329056,-0.012144345973227305,0.005843207222011754,0.014371278599759115,342.81
30.6,0.00691758269032907,-0.012834345973227329,0.0064432072220117435,0.014121278599759087,342.81
30.604,0.007437582690329091,-0.013174345973227336,0.006873207222011729,0.013861278599759105,342.81
30.608,0.007857582690329067,-0.013604345973227322,0.00739320722201175,0.013521278599759098,342.81
30.612,0.008207582690329084,-0.014114345973227332,0.00799320722201174,0.013091278599759112,342.81
30.616,0.008717582690329094,-0.014714345973227322,0.00850320722201175,0.012661278599759126,342.81
30.62,0.00914758269032908,-0.015234345973227342,0.008933207222011736,0.012321278599759119,342.81
30.624,0.009407582690329062,-0.015744345973227297,0.009273207222011743,0.011971278599759102,342.81
30.628,0.009917582690329073,-0.016094345973227314,0.009703207222011729,0.011551278599759126,342.81
30.632,0.010347582690329059,-0.016264345973227318,0.010133207222011715,0.010951278599759137,342.81
30.636,0.0107775826903291,-0.016604345973227325,0.010563207222011756,0.010351278599759092,342.81
30.64,0.011207582690329086,-0.01703434597322731,0.010993207222011742,0.009921278599759106,342.81
30.644,0.011547582690329093,-0.017374345973227318,0.011413207222011718,0.00940127859975914,342.81
30.648,0.0118875826903291,-0.0176343459732273,0.011843207222011704,0.008631278599759092,342.81
30.652,0.012227582690329052,-0.017804345973227304,0.012103207222011742,0.008201278599759106,342.81
30.656,0.01248758269032909,-0.01814434597322731,0.01219320722201172,0.007691278599759096,342.81
30.66,0.012827582690329097,-0.018494345973227327,0.012613207222011752,0.0070012785997591274,342.81
30.664,0.013257582690329082,-0.01866434597322733,0.012963207222011714,0.006401278599759138,342.81
30.668,0.013517582690329065,-0.018914345973227303,0.013043207222011738,0.005801278599759093,342.81
30.672,0.013687582690329068,-0.018914345973227303,0.013393207222011755,0.005381278599759117,342.81
30.676,0.014027582690329075,-0.019004345973227338,0.013813207222011731,0.004781278599759128,342.81
30.68,0.014287582690329058,-0.01926434597322732,0.014163207222011748,0.004091278599759104,342.81
30.684,0.014457582690329061,-0.019434345973227324,0.014243207222011717,0.0034912785997591143,342.81
30.688,0.0147175826903291,-0.019434345973227324,0.014333207222011752,0.002891278599759125,342.81
30.692,0.014977582690329082,-0.019434345973227324,0.014673207222011703,0.002551278599759118,342.81
30.696,0.015227582690329054,-0.019434345973227324,0.01501320722201171,0.0020312785997590975,342.81
30.7,0.015407582690329068,-0.019344345973227345,0.015193207222011723,0.0012612785997591044,342.81
30.704,0.015577582690329071,-0.019094345973227317,0.015273207222011748,0.0006612785997591149,342.81
30.708,0.015657582690329096,-0.019004345973227338,0.015363207222011727,6.127859975912551e-05,342.81
30.712,0.016007582690329057,-0.018914345973227303,0.015443207222011751,-0.0005387214002408639,342.81
30.716,0.01617758269032906,-0.01866434597322733,0.015443207222011751,-0.0011387214002409089,342.81
30.72,0.01617758269032906,-0.018494345973227327,0.015443207222011751,-0.0017387214002408983,342.81
30.724,0.01617758269032906,-0.018234345973227345,0.015443207222011751,-0.0023387214002408875,342.81
30.728,0.01617758269032906,-0.01814434597322731,0.01553320722201173,-0.002938721400240877,342.81
30.732,0.01642758269032909,-0.017714345973227325,0.01579320722201171,-0.00370872140024087,342.81
30.736,0.01642758269032909,-0.01729434597322735,0.01579320722201171,-0.00421872140024088,342.81
30.74,0.016517582690329068,-0.01703434597322731,0.01579320722201171,-0.00481872140024087,342.81
30.744,0.016517582690329068,-0.016604345973227325,0.01579320722201171,-0.005418721400240859,342.81
30.748,0.016517582690329068,-0.01617434597322734,0.015873207222011736,-0.006188721400240908,342.81
30.752,0.016517582690329068,-0.015744345973227297,0.015963207222011715,-0.006878721400240876,342.81
30.756,0.01642758269032909,-0.015314345973227311,0.015873207222011736,-0.007478721400240865,342.81
30.76,0.01617758269032906,-0.014714345973227322,0.015613207222011755,-0.00816872140024089,342.81
30.764,0.01608758269032908,-0.014114345973227332,0.01553320722201173,-0.0086787214002409,342.81
30.768,0.01608758269032908,-0.013694345973227301,0.015443207222011751,-0.00927872140024089,342.81
30.772,0.01608758269032908,-0.013264345973227315,0.015273207222011748,-0.009878721400240879,342.81
30.776,0.0158275826903291,-0.012574345973227347,0.015193207222011723,-0.010568721400240903,342.81
30.78,0.015747582690329075,-0.01172434597322733,0.015363207222011727,-0.010988721400240879,342.81
30.784,0.015657582690329096,-0.01098162925188578,0.015193207222011723,-0.011508721400240899,342.81
30.788,0.015407582690329068,-0.010246941914614179,0.01501320722201171,-0.012188721400240913,342.81
30.792,0.015147582690329085,-0.009521007974496523,0.014763207222011738,-0.012708721400240878,342.81
30.796,0.014807582690329078,-0.008804551444616811,0.014593207222011734,-0.013218721400240888,342.81
30.8,0.014547582690329096,-0.00809829633805904,0.014333207222011752,-0.013818721400240878,342.81
30.804,0.014457582690329061,-0.007402966667907207,0.014163207222011748,-0.014158721400240885,342.81
30.808,0.014117582690329054,-0.006719286447245311,0.013733207222011707,-0.014418721400240867,342.81
30.812,0.013777582690329047,-0.006047979689157347,0.013393207222011755,-0.014758721400240874,342.81
30.816,0.013517582690329065,-0.0053897704067273145,0.01330320722201172,-0.015278721400240895,342.81
30.82,0.013177582690329058,-0.004745382613039209,0.013043207222011738,-0.01595872140024091,342.81
30.824,0.012827582690329097,-0.0041155403211770285,0.012703207222011731,-0.016478721400240873,342.81
30.828,0.012577582690329069,-0.0035009675442247696,0.012533207222011728,-0.01681872140024088,342.81
30.832,0.012317582690329086,-0.002902388295266432,0.01219320722201172,-0.017248721400240866,342.81
30.836,0.011977582690329079,-0.0023205265873860108,0.011673207222011756,-0.017678721400240908,342.81
30.84,0.011627582690329062,-0.0017561064336675046,0.011243207222011714,-0.01793872140024089,342.81
30.844,0.011207582690329086,-0.0012098518471949093,0.010903207222011707,-0.018188721400240863,342.81
30.848,0.0107775826903291,-0.0006824868410522238,0.010563207222011756,-0.01853872140024088,342.81
30.852,0.010517582690329062,-0.0001747354283234445,0.010213207222011739,-0.018788721400240908,342.81
30.856,0.010347582690329059,0.000312678377907431,0.009703207222011729,-0.01904872140024089,342.81
30.86,0.010007582690329052,0.0007790305645564054,0.008933207222011736,-0.019308721400240873,342.81
30.864,0.009487582690329087,0.0012235971185394815,0.00850320722201175,-0.019388721400240897,342.81
30.868,0.00914758269032908,0.0016456540267726634,0.008163207222011743,-0.01964872140024088,342.81
30.872,0.008977582690329076,0.0019956540267726803,0.007733207222011757,-0.01973872140024086,342.81
30.876,0.00854758269032909,0.0025956540267726698,0.007133207222011712,-0.01964872140024088,342.81
30.88,0.007947582690329101,0.003195654026772659,0.006793207222011705,-0.01973872140024086,342.81
30.884,0.007437582690329091,0.0037956540267726486,0.006363207222011719,-0.01964872140024088,342.81
30.888,0.007007582690329049,0.004395654026772694,0.0057632072220117295,-0.019388721400240897,342.81
30.892,0.006577582690329063,0.005165654026772687,0.005243207222011709,-0.019308721400240873,342.81
30.896,0.005977582690329074,0.005595654026772673,0.004733207222011754,-0.019308721400240873,342.81
30.9,0.005457582690329053,0.00593565402677268,0.004393207222011747,-0.019218721400240894,342.81
30.904,0.004777582690329095,0.00644565402677269,0.0038732072220117267,-0.018878721400240887,342.81
30.908,0.0039175826903290675,0.006965654026772655,0.003103207222011734,-0.01853872140024088,342.81
30.912,0.0032375826903290536,0.007475654026772666,0.002673207222011748,-0.0184487214002409,342.81
30.916,0.0023775826903290817,0.007815654026772673,0.002333207222011741,-0.018108721400240894,342.81
30.92,0.001687582690329058,0.00816565402677269,0.0018232072220117305,-0.01784872140024091,342.81
30.924,0.0010075826903290996,0.008505654026772697,0.0011332072220117066,-0.017588721400240873,342.81
30.928,0.0009175826903290651,0.008845654026772704,0.0007032072220117205,-0.017158721400240887,342.81
30.932,0.0006575826903290826,0.00927565402677269,0.0006232072220117515,-0.01673872140024091,342.81
30.936,0.00014758269032907217,0.009705654026772675,0.0011332072220117066,-0.016388721400240894,342.81
30.94,-0.0002824173096709138,0.010135654026772661,0.0014732072220117135,-0.01570872140024088,342.81
30.944,-0.0009147904840160154,0.010565654026772703,0.00044320722201173803,-0.01518872140024086,342.81
30.948,-0.0017145345043950674,0.010905654026772654,-0.0002367927779882759,-0.014561017607723058,342.81
30.952,-0.0026149092839790776,0.011075654026772658,-0.0009267927779882443,-0.013864124358370665,342.81
30.956,-0.003549174735939055,0.011335654026772696,-0.0016067927779882581,-0.013114885617281838,342.81
30.96,-0.004450590773446008,0.011765654026772682,-0.0023718435247047894,-0.012330145349554766,342.81
30.964,-0.005252417309670944,0.012195654026772668,-0.003192352825293196,-0.01152674752028762,342.81
30.968,-0.005932417309670902,0.012445654026772696,-0.0040457115403346134,-0.010721536094578574,342.81
30.972,-0.006882417309670909,0.012705654026772678,-0.0049093105304101785,-0.00988220184536622,342.81
30.976,-0.007562417309670923,0.013045654026772685,-0.005760540656101025,-0.009043461189818055,342.81
30.98,-0.008162417309670912,0.013305654026772668,-0.006576792777988288,-0.008207752028330068,342.81
30.984,-0.008852417309670936,0.013475654026772671,-0.007346792777988281,-0.007377512261298246,342.81
30.988,-0.009452417309670925,0.013735654026772653,-0.00794679277798827,-0.006555179789118581,342.81
30.992,-0.010222417309670918,0.013905654026772657,-0.008636792777988294,-0.005743192512187054,342.81
30.996,-0.011082417309670946,0.014165654026772695,-0.00906679277798828,-0.004943988330899661,342.81
31.0,-0.011762417309670904,0.014335654026772698,-0.009496792777988266,-0.004160005145652384,342.81
31.004,-0.012192417309670946,0.01467565402677265,-0.010006792777988277,-0.003393680856841214,342.81
31.008,-0.01271241730967091,0.014935654026772688,-0.01077679277798827,-0.002647453364862139,342.81
31.012,-0.013392417309670925,0.014935654026772688,-0.011466792777988294,-0.0019237605701111478,342.81
31.016,-0.013902417309670935,0.015105654026772691,-0.011976792777988248,-0.0012250403729842268,342.81
31.02,-0.014252417309670952,0.015365654026772674,-0.012496792777988269,-0.0005537306738773646,342.81
31.024,-0.014762417309670907,0.015615654026772702,-0.012926792777988255,8.773062681345016e-05,342.81
31.028,-0.015362417309670952,0.015875654026772684,-0.013266792777988262,0.0006969056286922294,342.81
31.032,-0.015882417309670917,0.015875654026772684,-0.013606792777988269,0.0012713564313629833,342.81
31.036,-0.016302417309670948,0.015875654026772684,-0.014036792777988255,0.0018086451344297273,342.81
31.04,-0.016732417309670934,0.015875654026772684,-0.014546792777988265,0.002306333837496473,342.81
31.044,-0.0172524173096709,0.015875654026772684,-0.014976792777988251,0.002761984640167227,342.81
31.048,-0.01768241730967094,0.015875654026772684,-0.015316792777988258,0.003173159642046005,342.81
31.052,-0.017932417309670913,0.015965654026772663,-0.015576792777988296,0.0035374209427368204,342.81
31.056,-0.018102417309670917,0.015875654026772684,-0.015746792777988246,0.0038523306418436817,342.81
31.06,-0.0183624173096709,0.015965654026772663,-0.016096792777988263,0.0041154508389706045,342.81
31.064,-0.018452417309670933,0.015875654026772684,-0.016516792777988294,0.004324343633721596,342.81
31.068,-0.01879241730967094,0.015965654026772663,-0.016866792777988256,0.004476571125700669,342.81
31.072,-0.019132417309670947,0.016135654026772667,-0.017116792777988284,0.00456969541451184,342.81
31.076,-0.019222417309670926,0.015965654026772663,-0.017376792777988266,0.004601278599759114,342.81
31.08,-0.01939241730967093,0.015875654026772684,-0.017716792777988273,0.004601278599759114,342.81
31.084,-0.019822417309670916,0.015535654026772677,-0.017976792777988256,0.004951278599759131,342.81
31.088,-0.0200824173096709,0.015445654026772698,-0.018236792777988294,0.005381278599759117,342.81
31.092,-0.0200824173096709,0.015365654026772674,-0.018496792777988276,0.005721278599759124,342.81
31.096,-0.01999241730967092,0.015105654026772691,-0.018576792777988245,0.0059812785997591066,342.81
31.1,-0.01999241730967092,0.015015654026772657,-0.01866679277798828,0.0062312785997591345,342.81
31.104,-0.01999241730967092,0.01467565402677265,-0.018916792777988252,0.006581278599759096,342.81
31.108,-0.019732417309670937,0.014505654026772702,-0.019006792777988286,0.0070012785997591274,342.81
31.112,-0.019652417309670912,0.014245654026772664,-0.019096792777988265,0.007351278599759089,342.81
31.116,-0.01948241730967091,0.013905654026772657,-0.019096792777988265,0.007431278599759113,342.81
31.12,-0.019222417309670926,0.013735654026772653,-0.019006792777988286,0.007691278599759096,342.81
31.124,-0.019132417309670947,0.013395654026772702,-0.018916792777988252,0.008201278599759106,342.81
31.128,-0.01879241730967094,0.013045654026772685,-0.01866679277798828,0.008631278599759092,342.81
31.132,-0.0183624173096709,0.012705654026772678,-0.01866679277798828,0.0089712785997591,342.81
31.136,-0.018022417309670948,0.012615654026772699,-0.018496792777988276,0.009231278599759137,342.81
31.14,-0.017932417309670913,0.012535654026772675,-0.018236792777988294,0.00949127859975912,342.81
31.144,-0.01768241730967094,0.012105654026772689,-0.01806679277798829,0.009831278599759127,342.81
31.148,-0.01716241730967092,0.011765654026772682,-0.017716792777988273,0.010171278599759134,342.81
31.152,-0.016732417309670934,0.011335654026772696,-0.017376792777988266,0.01060127859975912,342.81
31.156,-0.016392417309670927,0.010905654026772654,-0.01694679277798828,0.010951278599759137,342.81
31.16,-0.01596241730967094,0.010475654026772668,-0.016696792777988252,0.011201278599759109,342.81
31.164,-0.0155324173096709,0.009795654026772654,-0.016516792777988294,0.011551278599759126,342.81
31.168,-0.015022417309670945,0.009195654026772665,-0.016176792777988287,0.011891278599759133,342.81
31.172,-0.014332417309670921,0.008845654026772704,-0.015576792777988296,0.012321278599759119,342.81
31.176,-0.01382241730967091,0.008335654026772693,-0.014896792777988282,0.012661278599759126,342.81
31.18,-0.013482417309670904,0.007735654026772704,-0.014466792777988296,0.01283127859975913,342.81
31.184,-0.012962417309670939,0.007225654026772693,-0.01411679277798828,0.013171278599759136,342.81
31.188,-0.012192417309670946,0.006705654026772673,-0.013696792777988248,0.013521278599759098,342.81
31.192,-0.011422417309670953,0.006105654026772683,-0.013096792777988258,0.013861278599759105,342.81
31.196,-0.010732417309670929,0.005595654026772673,-0.012236792777988286,0.014121278599759087,342.81
31.2,-0.010222417309670918,0.005075654026772652,-0.011726792777988276,0.014461278599759094,342.81
31.204,-0.009712417309670908,0.0045656540267726975,-0.011126792777988287,0.014721278599759132,342.81
31.208,-0.008932417309670905,0.0042256540267726905,-0.010504252890082617,0.014801278599759101,342.81
31.212,-0.00842241730967095,0.0036256540267727007,-0.009862439213442811,0.015231278599759087,342.81
31.216,-0.007822417309670905,0.0027656540267726733,-0.009203620985924301,0.015571278599759094,342.81
31.22,-0.007222417309670916,0.0019056540267727014,-0.008530067445382535,0.01566127859975913,342.81
31.224,-0.006532417309670947,0.0013056540267726564,-0.007844047829672946,0.01592127859975911,342.81
31.228,-0.005762417309670899,0.0007056540267726671,-0.007147831376650976,0.016091278599759114,342.81
31.232,-0.0051624173096709094,0.00010565402677267766,-0.006443687324172065,0.016351278599759097,342.81
31.236,-0.0043124173096709476,-0.0004943459732273118,-0.005733884910091651,0.016351278599759097,342.81
31.24,-0.003362417309670941,-0.0010943459732273013,-0.005020693372265174,0.016351278599759097,342.81
31.244,-0.0027624173096709517,-0.0016043459732273118,-0.004306381948548074,0.016351278599759097,342.81
31.248,-0.002082417309670938,-0.0017743459732273152,-0.0035932198767957895,0.016351278599759097,342.81
31.252,-0.0013124173096709447,-0.0019543459732273287,-0.002883476394863761,0.01643127859975912,342.81
31.256,-0.0005424173096709518,-0.0022943459732273357,-0.0021794207406074274,0.0165212785997591,342.81
31.26,0.00014758269032907217,-0.002894345973227325,-0.0014833221518822277,0.0165212785997591,342.81
31.264,0.0010875826903290686,-0.003574345973227339,-0.0007974498665436011,0.01643127859975912,342.81
31.268,0.0017775826903290925,-0.004524345973227345,-0.00012407312244698922,0.01643127859975912,342.81
31.272,0.0018575826903290615,-0.005294345973227338,0.0005345388425521696,0.01643127859975912,342.81
31.276,0.0023775826903290817,-0.005974345973227296,0.001176116790598438,0.0165212785997591,342.81
31.28,0.002637582690329064,-0.006744345973227345,0.0017983914838363745,0.016351278599759097,342.81
31.284,0.002977582690329071,-0.007434345973227313,0.0023990936844105384,0.016091278599759114,342.81
31.288,0.003317582690329078,-0.008124345973227337,0.0029759541544654915,0.01592127859975911,342.81
31.292,0.0038375826903290985,-0.009064345973227333,0.0035267036561457974,0.01566127859975913,342.81
31.296,0.004517582690329057,-0.009924345973227305,0.004049072951596011,0.015491278599759125,342.81
31.3,0.004947582690329098,-0.010344345973227337,0.004540792802960697,0.015231278599759087,342.81
31.304,0.005377582690329084,-0.010864345973227302,0.004999593972384413,0.015151278599759118,342.81
31.308,0.006057582690329098,-0.01163434597322735,0.005423207222011723,0.014801278599759101,342.81
31.312,0.006577582690329063,-0.012324345973227319,0.0057632072220117295,0.014551278599759129,342.81
31.316,0.007087582690329074,-0.012834345973227329,0.0064432072220117435,0.01429127859975909,342.81
31.32,0.00751758269032906,-0.01334434597322734,0.006793207222011705,0.01395127859975914,342.81
31.324,0.007947582690329101,-0.013944345973227329,0.007303207222011715,0.013601278599759122,342.81
31.328,0.008207582690329084,-0.01446434597322735,0.007813207222011726,0.013091278599759112,342.81
31.332,0.008717582690329094,-0.014974345973227304,0.008413207222011715,0.012661278599759126,342.81
31.336,0.00914758269032908,-0.015314345973227311,0.008933207222011736,0.012321278599759119,342.81
31.34,0.009407582690329062,-0.015664345973227328,0.009363207222011722,0.011971278599759102,342.81
31.344,0.009917582690329073,-0.016094345973227314,0.009793207222011708,0.011551278599759126,342.81
31.348,0.010347582690329059,-0.01643434597322732,0.010043207222011736,0.011031278599759105,342.81
31.352,0.0107775826903291,-0.016694345973227304,0.010563207222011756,0.010521278599759095,342.81
31.356,0.011207582690329086,-0.01703434597322731,0.010993207222011742,0.009921278599759106,342.81
31.36,0.011547582690329093,-0.017374345973227318,0.011333207222011749,0.009571278599759089,342.81
31.364,0.011977582690329079,-0.017714345973227325,0.011593207222011731,0.009061278599759134,342.81
31.368,0.012317582690329086,-0.017974345973227307,0.011763207222011735,0.00829127859975914,342.81
31.372,0.01248758269032909,-0.018234345973227345,0.012103207222011742,0.00778127859975913,342.81
31.376,0.012827582690329097,-0.018494345973227327,0.012613207222011752,0.00726127859975911,342.81
31.38,0.013177582690329058,-0.0187443459732273,0.012963207222011714,0.0066612785997591205,342.81
31.384,0.013517582690329065,-0.019004345973227338,0.013043207222011738,0.006061278599759131,342.81
31.388,0.013687582690329068,-0.019004345973227338,0.013473207222011724,0.005381278599759117,342.81
31.392,0.014027582690329075,-0.019094345973227317,0.01390320722201171,0.004781278599759128,342.81
31.396,0.014377582690329092,-0.019094345973227317,0.014163207222011748,0.004181278599759138,342.81
31.4,0.014547582690329096,-0.019344345973227345,0.014243207222011717,0.003661278599759118,342.81
31.404,0.014807582690329078,-0.019344345973227345,0.014503207222011755,0.0030612785997591284,342.81
31.408,0.014977582690329082,-0.019434345973227324,0.014763207222011738,0.002461278599759139,342.81
31.412,0.015227582690329054,-0.01926434597322732,0.01501320722201171,0.0018612785997590938,342.81
31.416,0.015317582690329089,-0.019004345973227338,0.015193207222011723,0.0012612785997591044,342.81
31.42,0.015577582690329071,-0.019004345973227338,0.015443207222011751,0.0006612785997591149,342.81
31.424,0.015657582690329096,-0.019004345973227338,0.015443207222011751,6.127859975912551e-05,342.81
31.428,0.0158275826903291,-0.018914345973227303,0.015443207222011751,-0.0005387214002408639,342.81
31.432,0.01608758269032908,-0.01866434597322733,0.015443207222011751,-0.0011387214002409089,342.81
31.436,0.01608758269032908,-0.018574345973227296,0.01553320722201173,-0.0017387214002408983,342.81
31.44,0.01608758269032908,-0.018234345973227345,0.01579320722201171,-0.002508721400240891,342.81
31.444,0.01608758269032908,-0.017894345973227338,0.01579320722201171,-0.003188721400240905,342.81
31.448,0.01608758269032908,-0.017714345973227325,0.01579320722201171,-0.0037887214002408943,342.81
31.452,0.01608758269032908,-0.017374345973227318,0.01579320722201171,-0.004478721400240863,342.81
31.456,0.01608758269032908,-0.01694434597322733,0.015873207222011736,-0.005168721400240887,342.81
31.46,0.01608758269032908,-0.016604345973227325,0.015963207222011715,-0.005768721400240876,342.81
31.464,0.01608758269032908,-0.01617434597322734,0.015963207222011715,-0.00644872140024089,342.81
31.468,0.01617758269032906,-0.015744345973227297,0.015873207222011736,-0.0070487214002408795,342.81
31.472,0.01608758269032908,-0.015314345973227311,0.015873207222011736,-0.007818721400240872,342.81
31.476,0.01608758269032908,-0.014714345973227322,0.015703207222011732,-0.008508721400240896,342.81
31.48,0.01608758269032908,-0.014114345973227332,0.015443207222011751,-0.009108721400240886,342.81
31.484,0.01608758269032908,-0.013604345973227322,0.015443207222011751,-0.009708721400240875,342.81
31.488,0.0158275826903291,-0.013094345973227312,0.015363207222011727,-0.010308721400240865,342.81
31.492,0.015747582690329075,-0.012404345973227343,0.015193207222011723,-0.010988721400240879,342.81
31.496,0.015657582690329096,-0.01172434597322733,0.015273207222011748,-0.011588721400240868,342.81
31.5,0.015407582690329068,-0.01112434597322734,0.015273207222011748,-0.012278721400240892,342.81
31.504,0.015147582690329085,-0.010434345973227316,0.01501320722201171,-0.012708721400240878,342.81
31.508,0.014887582690329047,-0.009924345973227305,0.014933207222011741,-0.013218721400240888,342.81
31.512,0.014807582690329078,-0.00940434597322734,0.014593207222011734,-0.013818721400240878,342.81
31.516,0.014547582690329096,-0.00889434597322733,0.014243207222011717,-0.014338721400240898,342.81
31.52,0.014457582690329061,-0.00829434597322734,0.014073207222011714,-0.014678721400240905,342.81
31.524,0.014117582690329054,-0.007694345973227351,0.013733207222011707,-0.014848721400240909,342.81
31.528,0.0136075826903291,-0.007094345973227306,0.013473207222011724,-0.015618721400240902,342.81
31.532,0.013257582690329082,-0.006494345973227317,0.01330320722201172,-0.016388721400240894,342.81
31.536,0.013177582690329058,-0.005894345973227327,0.012963207222011714,-0.01673872140024091,342.81
31.54,0.012747582690329072,-0.005294345973227338,0.012613207222011752,-0.01690872140024086,342.81
31.544,0.012317582690329086,-0.0046943459732273485,0.012273207222011745,-0.017248721400240866,342.81
31.548,0.012057582690329048,-0.0040943459732273035,0.012013207222011707,-0.017678721400240908,342.81
31.552,0.011977582690329079,-0.0034943459732273145,0.011673207222011756,-0.018108721400240894,342.81
31.556,0.011547582690329093,-0.0027468975595220228,0.011333207222011749,-0.0184487214002409,342.81
31.56,0.011117582690329052,-0.0018771252660715436,0.010903207222011707,-0.01853872140024088,342.81
31.564,0.0107775826903291,-0.0009650065267963543,0.010473207222011722,-0.01895872140024091,342.81
31.568,0.010517582690329062,-9.051877561693433e-05,0.009873207222011732,-0.019308721400240873,342.81
31.572,0.010347582690329059,0.0006663605535462389,0.009363207222011722,-0.019388721400240897,342.81
31.576,0.010007582690329052,0.0012256540267726874,0.008933207222011736,-0.0195587214002409,342.81
31.58,0.009487582690329087,0.0015656540267726944,0.008413207222011715,-0.01964872140024088,342.81
31.584,0.00914758269032908,0.002245654026772653,0.00799320722201174,-0.019818721400240883,342.81
31.588,0.008807582690329073,0.0026756540267726943,0.007643207222011722,-0.020078721400240866,342.81
31.592,0.00802758269032907,0.0030256540267726557,0.007133207222011712,-0.020078721400240866,342.81
31.596,0.007777582690329098,0.0037056540267726697,0.0065332072220117225,-0.020078721400240866,342.81
31.6,0.007437582690329091,0.004135654026772656,0.006023207222011712,-0.019908721400240862,342.81
31.604,0.007007582690329049,0.0046456540267726665,0.005593207222011726,-0.019818721400240883,342.81
31.608,0.006577582690329063,0.005165654026772687,0.005243207222011709,-0.01973872140024086,342.81
31.612,0.005977582690329074,0.005675654026772697,0.004733207222011754,-0.0195587214002409,342.81
31.616,0.005377582690329084,0.006275654026772687,0.003963207222011706,-0.019308721400240873,342.81
31.62,0.004517582690329057,0.006795654026772652,0.003443207222011741,-0.019218721400240894,342.81
31.624,0.003747582690329064,0.007135654026772659,0.0030232072220117093,-0.018878721400240887,342.81
31.628,0.002977582690329071,0.007305654026772662,0.0025932072220117234,-0.0184487214002409,342.81
31.632,0.0021175826903290992,0.007645654026772669,0.001993207222011734,-0.01801872140024086,342.81
31.636,0.001347582690329051,0.00816565402677269,0.001563207222011748,-0.017588721400240873,342.81
31.64,0.0009175826903290651,0.008845654026772704,0.000963207222011703,-0.017248721400240866,342.81
31.644,0.0006575826903290826,0.00927565402677269,0.00044320722201173803,-0.01681872140024088,342.81
31.648,0.00023758269032905116,0.009535654026772672,0.00027320722201173455,-0.016478721400240873,342.81
31.652,-2.2417309670931312e-05,0.009705654026772675,4.97329453601371e-05,-0.016388721400240894,342.81
31.656,-0.0003624173096709383,0.010045654026772682,-0.0002080098282587309,-0.01621890842746605,342.81
31.66,-0.0012224173096709102,0.010565654026772703,-0.0005057774431239387,-0.015967373570996025,342.81
31.664,-0.0019924173096709033,0.010995654026772689,-0.0008493262435145559,-0.015639248785681653,342.81
31.668,-0.002807684002375712,0.011415654026772665,-0.0012444125737096508,-0.015239666026373756,342.81
31.672,-0.003656746183865159,0.011765654026772682,-0.0016967927779882926,-0.014773757247923156,342.81
31.676,-0.004518177229739323,0.01184565402677265,-0.002376792777988251,-0.014246654405180687,342.81
31.68,-0.005370550515598287,0.012195654026772668,-0.0033267927779882574,-0.013663489452997163,342.81
31.684,-0.00619243941704213,0.012615654026772699,-0.00409679277798825,-0.01302939434622342,342.81
31.688,-0.006962417309670933,0.01296565402677266,-0.004866792777988243,-0.012349501039710277,342.81
31.692,-0.007652417309670902,0.013135654026772664,-0.005726792777988271,-0.011628941488308557,342.81
31.696,-0.008162417309670912,0.013395654026772702,-0.00632679277798826,-0.010872847646869093,342.81
31.7,-0.008852417309670936,0.01356565402677265,-0.007096792777988253,-0.010086351470242706,342.81
31.704,-0.009622417309670929,0.013815654026772678,-0.007866792777988246,-0.009274584913280218,342.81
31.708,-0.010222417309670918,0.013905654026772657,-0.00854679277798826,-0.008442679930832458,342.81
31.712,-0.011082417309670946,0.014245654026772664,-0.00906679277798828,-0.0075957684777502536,342.81
31.716,-0.011762417309670904,0.014505654026772702,-0.00966679277798827,-0.006738982508884422,342.81
31.72,-0.012282417309670925,0.014765654026772684,-0.010436792777988263,-0.005877453979085798,342.81
31.724,-0.012882417309670914,0.015105654026772691,-0.011126792777988287,-0.0050163148432052,342.81
31.728,-0.013392417309670925,0.015275654026772695,-0.011546792777988263,-0.0041606970560934585,342.81
31.732,-0.013902417309670935,0.015365654026772674,-0.011976792777988248,-0.0033157325726013943,342.81
31.736,-0.014332417309670921,0.015445654026772698,-0.01240679277798829,-0.002486553347579832,342.81
31.74,-0.01493241730967091,0.015535654026772677,-0.012836792777988276,-0.0016782913358796023,342.81
31.744,-0.01545241730967093,0.01570565402677268,-0.013266792777988262,-0.0008960784923515242,342.81
31.748,-0.01596241730967094,0.015535654026772677,-0.013606792777988269,-0.00014504677184642837,342.81
31.752,-0.016392417309670927,0.015535654026772677,-0.014036792777988255,0.0005696718707848632,342.81
31.756,-0.016822417309670913,0.015615654026772702,-0.014546792777988265,0.0012429454806915268,342.81
31.76,-0.0172524173096709,0.01579565402677266,-0.014976792777988251,0.0018696421030227337,342.81
31.764,-0.017592417309670906,0.01579565402677266,-0.015406792777988293,0.0024446297829276535,342.81
31.768,-0.01776241730967091,0.015875654026772684,-0.01583679277798828,0.0029627765655554743,342.81
31.772,-0.018102417309670917,0.015965654026772663,-0.016176792777988287,0.0034189504960553604,342.81
31.776,-0.0183624173096709,0.015875654026772684,-0.01643679277798827,0.00380801961957649,342.81
31.78,-0.018532417309670902,0.015875654026772684,-0.016606792777988273,0.004124851981268041,342.81
31.784,-0.01888241730967092,0.015965654026772663,-0.01694679277798828,0.004364315626279178,342.81
31.788,-0.019132417309670947,0.015965654026772663,-0.017376792777988266,0.00452127859975909,342.81
31.792,-0.019222417309670926,0.015615654026772702,-0.01763679277798825,0.004601278599759114,342.81
31.796,-0.01939241730967093,0.015535654026772677,-0.017896792777988287,0.004951278599759131,342.81
31.8,-0.019822417309670916,0.015535654026772677,-0.01814679277798826,0.005291278599759138,342.81
31.804,-0.01999241730967092,0.015365654026772674,-0.018316792777988262,0.00563127859975909,342.81
31.808,-0.01999241730967092,0.015105654026772691,-0.018576792777988245,0.005801278599759093,342.81
31.812,-0.01999241730967092,0.014935654026772688,-0.01866679277798828,0.006061278599759131,342.81
31.816,-0.01999241730967092,0.01467565402677265,-0.018916792777988252,0.0062312785997591345,342.81
31.82,-0.019732417309670937,0.01459565402677268,-0.019006792777988286,0.006491278599759117,342.81
31.824,-0.019732417309670937,0.014335654026772698,-0.019096792777988265,0.0070012785997591274,342.81
31.828,-0.01948241730967091,0.014245654026772664,-0.019006792777988286,0.007431278599759113,342.81
31.832,-0.019222417309670926,0.013905654026772657,-0.019006792777988286,0.007601278599759117,342.81
31.836,-0.019052417309670923,0.013475654026772671,-0.019096792777988265,0.0078612785997591,342.81
31.84,-0.01888241730967092,0.013215654026772689,-0.019096792777988265,0.008201278599759106,342.81
31.844,-0.018702417309670906,0.012875654026772682,-0.018916792777988252,0.008631278599759092,342.81
31.848,-0.0183624173096709,0.012535654026772675,-0.01866679277798828,0.00889127859975913,342.81
31.852,-0.018022417309670948,0.012195654026772668,-0.018576792777988245,0.009061278599759134,342.81
31.856,-0.01768241730967094,0.011935654026772685,-0.018316792777988262,0.00940127859975914,342.81
31.86,-0.01716241730967092,0.011675654026772703,-0.01806679277798829,0.009831278599759127,342.81
31.864,-0.016822417309670913,0.011335654026772696,-0.017896792777988287,0.010261278599759113,342.81
31.868,-0.01656241730967093,0.010905654026772654,-0.017716792777988273,0.01060127859975912,342.81
31.872,-0.01605241730967092,0.010565654026772703,-0.017296792777988297,0.010771278599759123,342.81
31.876,-0.0155324173096709,0.010215654026772686,-0.01703679277798826,0.01112127859975914,342.81
31.88,-0.015102417309670914,0.009795654026772654,-0.016516792777988294,0.011461278599759091,342.81
31.884,-0.014682417309670938,0.00927565402677269,-0.016096792777988263,0.011801278599759098,342.81
31.888,-0.014252417309670952,0.0086756540267727,-0.015746792777988246,0.011891278599759133,342.81
31.892,-0.013732417309670931,0.008075654026772655,-0.015316792777988258,0.012321278599759119,342.81
31.896,-0.013132417309670942,0.007645654026772669,-0.014716792777988269,0.012751278599759105,342.81
31.9,-0.012532417309670953,0.007135654026772659,-0.01411679277798828,0.013171278599759136,342.81
31.904,-0.011762417309670904,0.006535654026772669,-0.013776792777988272,0.013521278599759098,342.81
31.908,-0.01125241730967095,0.006105654026772683,-0.013176792777988283,0.013601278599759122,342.81
31.912,-0.010912417309670942,0.005595654026772673,-0.01240679277798829,0.01395127859975914,342.81
31.916,-0.01013241730967094,0.00482565402677268,-0.011806792777988245,0.01429127859975909,342.81
31.92,-0.009362417309670946,0.0042256540267726905,-0.011376792777988259,0.014631278599759098,342.81
31.924,-0.008762417309670902,0.0036256540267727007,-0.010526792777988297,0.014891278599759136,342.81
31.928,-0.008162417309670912,0.003195654026772659,-0.009926792777988252,0.015231278599759087,342.81
31.932,-0.007562417309670923,0.0026756540267726943,-0.009236792777988284,0.015491278599759125,342.81
31.936,-0.006882417309670909,0.0019956540267726803,-0.008636792777988294,0.01566127859975913,342.81
31.94,-0.006112417309670916,0.001395654026772691,-0.008017507023608067,0.01592127859975911,342.81
31.944,-0.005512417309670926,0.0007056540267726671,-0.007386698704478162,0.016001278599759135,342.81
31.948,-0.004912417309670937,0.00010565402677267766,-0.006745813274529443,0.016261278599759118,342.81
31.952,-0.0043124173096709476,-0.0005743459732273363,-0.006096296187692789,0.016261278599759118,342.81
31.956,-0.003362417309670941,-0.0012643459732273048,-0.005439592897899063,0.016261278599759118,342.81
31.96,-0.0027624173096709517,-0.0017743459732273152,-0.004777148859079142,0.01643127859975912,342.81
31.964,-0.002082417309670938,-0.0020343459732272977,-0.004110409525163896,0.01643127859975912,342.81
31.968,-0.0013124173096709447,-0.002204345973227301,-0.0034408203500841924,0.01643127859975912,342.81
31.972,-0.0006224173096709207,-0.0027243459732273216,-0.002769826787770906,0.01643127859975912,342.81
31.976,0.00040758269032905464,-0.003574345973227339,-0.002098874292154906,0.01643127859975912,342.81
31.98,0.0011775826903290475,-0.0040943459732273035,-0.0014294083171670635,0.01643127859975912,342.81
31.984,0.001607582690329089,-0.004944345973227321,-0.0007628743167382483,0.01643127859975912,342.81
31.988,0.001947582690329096,-0.00554434597322731,-0.00010071774479933446,0.01643127859975912,342.81
31.992,0.0020375826903290747,-0.006404345973227338,0.0005556159447188107,0.0165212785997591,342.81
31.996,0.002287582690329047,-0.007004345973227327,0.001204681297885313,0.016351278599759097,342.81
32.0,0.002887582690329092,-0.007694345973227351,0.0018450328607693047,0.016091278599759114,342.81
32.004,0.003317582690329078,-0.008634345973227348,0.0024752251794399136,0.016091278599759114,342.81
32.008,0.0038375826903290985,-0.00940434597322734,0.0030938127999662664,0.01592127859975911,342.81
32.012,0.004517582690329057,-0.01000434597322733,0.0036993502684174967,0.01566127859975913,342.81
32.016,0.004947582690329098,-0.010434345973227316,0.004290392130862728,0.015571278599759094,342.81
32.02,0.005457582690329053,-0.01112434597322734,0.0048654929333710965,0.015151278599759118,342.81
32.024,0.006147582690329077,-0.01172434597322733,0.005423207222011723,0.014721278599759132,342.81
32.028,0.006657582690329088,-0.012144345973227305,0.005933207222011733,0.014551278599759129,342.81
32.032,0.007087582690329074,-0.012834345973227329,0.0064432072220117435,0.014371278599759115,342.81
32.036,0.007437582690329091,-0.013514345973227343,0.006873207222011729,0.013861278599759105,342.81
32.04,0.007777582690329098,-0.014034345973227308,0.007223207222011746,0.013521278599759098,342.81
32.044,0.008207582690329084,-0.014544345973227318,0.007903207222011705,0.013171278599759136,342.81
32.048,0.008717582690329094,-0.014974345973227304,0.008413207222011715,0.012751278599759105,342.81
32.052,0.009317582690329083,-0.015314345973227311,0.008933207222011736,0.012321278599759119,342.81
32.056,0.009827582690329094,-0.015744345973227297,0.009363207222011722,0.011891278599759133,342.81
32.06,0.010007582690329052,-0.01617434597322734,0.009793207222011708,0.011461278599759091,342.81
32.064,0.010347582690329059,-0.016514345973227346,0.010043207222011736,0.010951278599759137,342.81
32.068,0.0107775826903291,-0.016774345973227328,0.010563207222011756,0.010351278599759092,342.81
32.072,0.011207582690329086,-0.01703434597322731,0.010993207222011742,0.009831278599759127,342.81
32.076,0.011457582690329059,-0.017374345973227318,0.011333207222011749,0.009321278599759116,342.81
32.08,0.011977582690329079,-0.0176343459732273,0.011763207222011735,0.008721278599759127,342.81
32.084,0.012407582690329065,-0.017804345973227304,0.01219320722201172,0.008201278599759106,342.81
32.088,0.012747582690329072,-0.01814434597322731,0.012533207222011728,0.007521278599759092,342.81
32.092,0.012917582690329076,-0.018494345973227327,0.012703207222011731,0.006921278599759103,342.81
32.096,0.013177582690329058,-0.018574345973227296,0.012963207222011714,0.0062312785997591345,342.81
32.1,0.013517582690329065,-0.0187443459732273,0.01330320722201172,0.00563127859975909,342.81
32.104,0.013687582690329068,-0.019004345973227338,0.013473207222011724,0.004951278599759131,342.81
32.108,0.014027582690329075,-0.019004345973227338,0.013813207222011731,0.004351278599759086,342.81
32.112,0.014287582690329058,-0.019004345973227338,0.014163207222011748,0.003751278599759097,342.81
32.116,0.014547582690329096,-0.019004345973227338,0.014333207222011752,0.003231278599759132,342.81
32.12,0.014807582690329078,-0.019004345973227338,0.014593207222011734,0.002551278599759118,342.81
32.124,0.014887582690329047,-0.019094345973227317,0.014763207222011738,0.0019512785997591283,342.81
32.128,0.015147582690329085,-0.019094345973227317,0.01501320722201171,0.0012612785997591044,342.81
32.132,0.015227582690329054,-0.019004345973227338,0.015103207222011744,0.0006612785997591149,342.81
32.136,0.015487582690329092,-0.019094345973227317,0.015273207222011748,6.127859975912551e-05,342.81
32.14,0.015747582690329075,-0.018914345973227303,0.015363207222011727,-0.0005387214002408639,342.81
32.144,0.01608758269032908,-0.01866434597322733,0.015613207222011755,-0.0012187214002408779,342.81
32.148,0.01617758269032906,-0.018494345973227327,0.01553320722201173,-0.0018187214002408673,342.81
32.152,0.01608758269032908,-0.018234345973227345,0.01553320722201173,-0.002418721400240912,342.81
32.156,0.01617758269032906,-0.01814434597322731,0.015613207222011755,-0.002938721400240877,342.81
32.16,0.01617758269032906,-0.017804345973227304,0.015873207222011736,-0.0037887214002408943,342.81
32.164,0.016347582690329064,-0.01754434597322732,0.015873207222011736,-0.004478721400240863,342.81
32.168,0.01642758269032909,-0.01729434597322735,0.015963207222011715,-0.005078721400240908,342.81
32.172,0.016517582690329068,-0.016864345973227307,0.015963207222011715,-0.005848721400240901,342.81
32.176,0.016517582690329068,-0.01643434597322732,0.015873207222011736,-0.0066187214002408935,342.81
32.18,0.016517582690329068,-0.01617434597322734,0.015873207222011736,-0.007138721400240914,342.81
32.184,0.016347582690329064,-0.01583434597322733,0.015873207222011736,-0.007738721400240903,342.81
32.188,0.01608758269032908,-0.015234345973227342,0.01579320722201171,-0.008248721400240914,342.81
32.192,0.01608758269032908,-0.014634345973227297,0.01553320722201173,-0.009018721400240907,342.81
32.196,0.01608758269032908,-0.014034345973227308,0.01553320722201173,-0.0097887214002409,342.81
32.2,0.01617758269032906,-0.013264345973227315,0.01553320722201173,-0.010308721400240865,342.81
32.204,0.01608758269032908,-0.01274434597322735,0.015443207222011751,-0.010738721400240906,342.81
32.208,0.0158275826903291,-0.012064345973227336,0.015273207222011748,-0.011338721400240896,342.81
32.212,0.015657582690329096,-0.011318795363320434,0.015273207222011748,-0.011848721400240906,342.81
32.216,0.015407582690329068,-0.010529743265532628,0.015103207222011744,-0.012448721400240895,342.81
32.22,0.015147582690329085,-0.009717484024712068,0.01501320722201171,-0.013048721400240885,342.81
32.224,0.014887582690329047,-0.008902311985706905,0.014763207222011738,-0.013558721400240895,342.81
32.228,0.014807582690329078,-0.008104521493365283,0.014593207222011734,-0.013908721400240912,342.81
32.232,0.014547582690329096,-0.007344406892535354,0.014333207222011752,-0.014418721400240867,342.81
32.236,0.014377582690329092,-0.006638682667535298,0.014243207222011717,-0.015018721400240912,342.81
32.24,0.014027582690329075,-0.005962336612270843,0.01390320722201171,-0.015538721400240877,342.81
32.244,0.013687582690329068,-0.005312718988014167,0.013393207222011755,-0.01595872140024091,342.81
32.248,0.013347582690329061,-0.004687180056037452,0.013043207222011738,-0.01630872140024087,342.81
32.252,0.012917582690329076,-0.004083070077612876,0.012963207222011714,-0.01673872140024091,342.81
32.256,0.012577582690329069,-0.0034977393140126207,0.012533207222011728,-0.017078721400240863,342.81
32.26,0.012747582690329072,-0.002928538026508866,0.012103207222011742,-0.017248721400240866,342.81
32.264,0.012407582690329065,-0.0023728164763737905,0.011843207222011704,-0.017588721400240873,342.81
32.268,0.012057582690329048,-0.0018279249248795773,0.011413207222011718,-0.018108721400240894,342.81
32.272,0.011547582690329093,-0.0012912136332984031,0.010993207222011742,-0.0184487214002409,342.81
32.276,0.011117582690329052,-0.0007600328629024509,0.010473207222011722,-0.01853872140024088,342.81
32.28,0.01085758269032907,-0.00023173287496389779,0.010043207222011736,-0.018788721400240908,342.81
32.284,0.010687582690329066,0.000296336069245073,0.009703207222011729,-0.018878721400240887,342.81
32.288,0.010347582690329059,0.000826823708452283,0.009273207222011743,-0.01913872140024087,342.81
32.292,0.009827582690329094,0.0013623797813855534,0.008843207222011757,-0.019308721400240873,342.81
32.296,0.00914758269032908,0.0019056540267727014,0.00850320722201175,-0.0195587214002409,342.81
32.3,0.008807582690329073,0.0024256540267726663,0.008163207222011743,-0.01964872140024088,342.81
32.304,0.00854758269032909,0.0031056540267726802,0.007643207222011722,-0.01973872140024086,342.81
32.308,0.008207582690329084,0.003445654026772687,0.006963207222011708,-0.01973872140024086,342.81
32.312,0.007947582690329101,0.0037056540267726697,0.0064432072220117435,-0.01973872140024086,342.81
32.316,0.007347582690329056,0.0043056540267726595,0.005933207222011733,-0.01973872140024086,342.81
32.32,0.006747582690329067,0.004735654026772701,0.005593207222011726,-0.0195587214002409,342.81
32.324,0.006317582690329081,0.00533565402677269,0.005243207222011709,-0.019218721400240894,342.81
32.328,0.00580758269032907,0.00593565402677268,0.004733207222011754,-0.01895872140024091,342.81
32.332,0.004947582690329098,0.006275654026772687,0.00404320722201173,-0.018788721400240908,342.81
32.336,0.00417758269032905,0.00644565402677269,0.00353320722201172,-0.01853872140024088,342.81
32.34,0.003317582690329078,0.006795654026772652,0.003193207222011713,-0.0184487214002409,342.81
32.344,0.002547582690329085,0.007305654026772662,0.002673207222011748,-0.018358721400240866,342.81
32.348,0.0018575826903290615,0.007905654026772652,0.001903207222011755,-0.01784872140024091,342.81
32.352,0.001257582690329072,0.008415654026772662,0.0014732072220117135,-0.017508721400240904,342.81
32.356,0.0006575826903290826,0.008845654026772704,0.000963207222011703,-0.017158721400240887,342.81
32.36,0.00048758269032907913,0.009365654026772668,0.00044320722201173803,-0.01681872140024088,342.81
32.364,0.00048758269032907913,0.009795654026772654,0.00036320722201171353,-0.01630872140024087,342.81
32.368,0.00014758269032907217,0.009965654026772658,0.0007032072220117205,-0.01570872140024088,342.81
32.372,-0.0007124173096708997,0.010215654026772686,0.000590235887761375,-0.01518872140024086,342.81
32.376,-0.0015624173096709171,0.010565654026772703,0.0002725980335660474,-0.014678721400240905,342.81
32.38,-0.0022524173096709413,0.010995654026772689,-0.00021779211774069845,-0.01407872140024086,342.81
32.384,-0.003022417309670934,0.011335654026772696,-0.0008490203433252995,-0.013218721400240888,342.81
32.388,-0.00405241730967091,0.011675654026772703,-0.0015891724203541914,-0.012538721400240874,342.81
32.392,-0.0047324173096709235,0.011935654026772685,-0.0024063341259938104,-0.011848721400240906,342.81
32.396,-0.005422417309670947,0.012275654026772692,-0.003268591237410595,-0.010988721400240879,342.81
32.4,-0.006362417309670944,0.012615654026772699,-0.004144029531770979,-0.010138721400240861,342.81
32.404,-0.007132417309670937,0.012875654026772682,-0.005000734786241402,-0.00927872140024089,342.81
32.408,-0.007822417309670905,0.013045654026772685,-0.005806792777988295,-0.008418721400240862,342.81
32.412,-0.008512417309670929,0.013395654026772702,-0.006666792777988267,-0.0075687214002409,342.81
32.416,-0.009282417309670922,0.013735654026772653,-0.007346792777988281,-0.0067087214002408725,342.81
32.42,-0.009882417309670911,0.013995654026772691,-0.008206792777988253,-0.005848721400240901,342.81
32.424,-0.010652417309670904,0.014165654026772695,-0.008806792777988298,-0.004988721400240873,342.81
32.428,-0.01125241730967095,0.014245654026772664,-0.009496792777988266,-0.004138721400240911,342.81
32.432,-0.011852417309670939,0.014505654026772702,-0.010096792777988256,-0.003278721400240884,342.81
32.436,-0.012532417309670953,0.014765654026772684,-0.010696792777988245,-0.002418721400240912,342.81
32.44,-0.013052417309670918,0.015015654026772657,-0.011206792777988256,-0.0015687214002408948,342.81
32.444,-0.013562417309670928,0.015105654026772691,-0.011546792777988263,-0.0007087214002408674,342.81
32.448,-0.014162417309670917,0.01519565402677267,-0.012066792777988283,0.0001512785997591045,342.81
32.452,-0.014682417309670938,0.015365654026772674,-0.012836792777988276,0.001001278599759122,342.81
32.456,-0.015102417309670914,0.015445654026772698,-0.013266792777988262,0.0018612785997590938,342.81
32.46,-0.015622417309670934,0.015445654026772698,-0.013696792777988248,0.0027212785997591214,342.81
32.464,-0.016222417309670924,0.015445654026772698,-0.01411679277798828,0.0035812785997590933,342.81
32.468,-0.016732417309670934,0.015445654026772698,-0.014466792777988296,0.004431278599759111,342.81
32.472,-0.01716241730967092,0.015445654026772698,-0.014806792777988248,0.005291278599759138,342.81
32.476,-0.017502417309670927,0.015445654026772698,-0.015236792777988289,0.00615127859975911,342.81
32.48,-0.01768241730967094,0.015535654026772677,-0.015576792777988296,0.005986093414573924,342.81
32.484,-0.017932417309670913,0.01579565402677266,-0.015746792777988246,0.005573130451610959,342.81
32.488,-0.01828241730967093,0.015875654026772684,-0.016096792777988263,0.005036278599759104,342.81
32.492,-0.018532417309670902,0.015965654026772663,-0.016606792777988273,0.004499426747907251,342.81
32.496,-0.01888241730967092,0.01570565402677268,-0.01694679277798828,0.004086463784944286,342.81
32.5,-0.019132417309670947,0.015535654026772677,-0.017116792777988284,0.0039212785997591,342.81
32.504,-0.01930241730967095,0.01570565402677268,-0.017466792777988245,0.004091278599759104,342.81
32.508,-0.019562417309670933,0.015535654026772677,-0.017806792777988252,0.004181278599759138,342.81
32.512,-0.019652417309670912,0.015445654026772698,-0.01806679277798829,0.00452127859975909,342.81
32.516,-0.01990241730967094,0.01519565402677267,-0.018236792777988294,0.004951278599759131,342.81
32.52,-0.01999241730967092,0.01519565402677267,-0.018496792777988276,0.005381278599759117,342.81
32.524,-0.01999241730967092,0.015015654026772657,-0.018576792777988245,0.00563127859975909,342.81
32.528,-0.01999241730967092,0.014765654026772684,-0.01874679277798825,0.005801278599759093,342.81
32.532,-0.0200824173096709,0.01459565402677268,-0.019006792777988286,0.00615127859975911,342.81
32.536,-0.0200824173096709,0.014335654026772698,-0.019006792777988286,0.006491278599759117,342.81
32.54,-0.01990241730967094,0.014165654026772695,-0.019006792777988286,0.006921278599759103,342.81
32.544,-0.019652417309670912,0.013815654026772678,-0.019006792777988286,0.007351278599759089,342.81
32.548,-0.019562417309670933,0.013475654026772671,-0.019006792777988286,0.0078612785997591,342.81
32.552,-0.01930241730967095,0.013305654026772668,-0.019006792777988286,0.008201278599759106,342.81
32.556,-0.019132417309670947,0.013045654026772685,-0.019006792777988286,0.00837127859975911,342.81
32.56,-0.01879241730967094,0.012615654026772699,-0.018916792777988252,0.008631278599759092,342.81
32.564,-0.018532417309670902,0.012365654026772671,-0.01866679277798828,0.0089712785997591,342.81
32.568,-0.01828241730967093,0.012105654026772689,-0.018576792777988245,0.00940127859975914,342.81
32.572,-0.017932417309670913,0.01184565402677265,-0.018316792777988262,0.009831278599759127,342.81
32.576,-0.017592417309670906,0.011765654026772682,-0.01806679277798829,0.010091278599759109,342.81
32.58,-0.01716241730967092,0.011335654026772696,-0.017716792777988273,0.010261278599759113,342.81
32.584,-0.016732417309670934,0.010905654026772654,-0.017376792777988266,0.01060127859975912,342.81
32.588,-0.016392417309670927,0.010565654026772703,-0.01703679277798826,0.011031278599759105,342.81
32.592,-0.01596241730967094,0.010045654026772682,-0.016866792777988256,0.011371278599759112,342.81
32.596,-0.015362417309670952,0.009445654026772693,-0.016516792777988294,0.011801278599759098,342.81
32.6,-0.014762417309670907,0.009015654026772651,-0.016176792777988287,0.012151278599759115,342.81
32.604,-0.014332417309670921,0.008595654026772676,-0.015576792777988296,0.012401278599759088,342.81
32.608,-0.013902417309670935,0.007905654026772652,-0.014896792777988282,0.012751278599759105,342.81
32.612,-0.013222417309670921,0.007305654026772662,-0.014466792777988296,0.013091278599759112,342.81
32.616,-0.01236241730967095,0.006795654026772652,-0.01411679277798828,0.013521278599759098,342.81
32.62,-0.011932417309670908,0.006365654026772666,-0.01351679277798829,0.013861278599759105,342.81
32.624,-0.011422417309670953,0.005765654026772676,-0.012746792777988297,0.014031278599759108,342.81
32.628,-0.010652417309670904,0.005245654026772656,-0.012066792777988283,0.014371278599759115,342.81
32.632,-0.010052417309670915,0.0046456540267726665,-0.011546792777988263,0.014721278599759132,342.81
32.636,-0.009362417309670946,0.004045654026772677,-0.010946792777988273,0.015061278599759139,342.81
32.64,-0.008762417309670902,0.0037056540267726697,-0.010346792777988284,0.015321278599759122,342.81
32.644,-0.008162417309670912,0.003195654026772659,-0.00966679277798827,0.015571278599759094,342.81
32.648,-0.007652417309670902,0.0026756540267726943,-0.00906679277798828,0.01566127859975913,342.81
32.652,-0.006882417309670909,0.0019056540267727014,-0.008296792777988287,0.01592127859975911,342.81
32.656,-0.006112417309670916,0.0012256540267726874,-0.007481048508700619,0.01617127859975914,342.81
32.66,-0.005512417309670926,0.0006256540267726981,-0.006626572707502724,0.01643127859975912,342.81
32.664,-0.0048224173096709025,-0.0001543459732273048,-0.005745034372002801,0.0165212785997591,342.81
32.668,-0.003962417309670931,-0.0007543459732273497,-0.004849898638069232,0.01643127859975912,342.81
32.672,-0.0031924173096709377,-0.0013543459732273393,-0.0039439019644336585,0.01643127859975912,342.81
32.676,-0.0025924173096709482,-0.0016943459732273462,-0.0030297808098277176,0.01643127859975912,342.81
32.68,-0.001912417309670934,-0.0019543459732273287,-0.002110271632983055,0.0165212785997591,342.81
32.684,-0.0008824173096709032,-0.0023743459732273047,-0.0011881108926313105,0.016691278599759104,342.81
32.688,-0.0001924173096709348,-0.0030643459732273286,-0.0002660350475041244,0.016691278599759104,342.81
32.692,0.00048758269032907913,-0.003664345973227318,0.0006532194436668615,0.016691278599759104,342.81
32.696,0.001257582690329072,-0.0040943459732273035,0.0015669161221500047,0.01677127859975913,342.81
32.7,0.0017775826903290925,-0.0050343459732273,0.002472318529213666,0.016601278599759125,342.81
32.704,0.001947582690329096,-0.005804345973227348,0.003367296183014872,0.01643127859975912,342.81
32.708,0.0021175826903290992,-0.006404345973227338,0.004246776334595239,0.016351278599759097,342.81
32.712,0.0023775826903290817,-0.007094345973227306,0.00510756240248458,0.01617127859975914,342.81
32.716,0.002977582690329071,-0.00777434597322732,0.005933207222011733,0.016001278599759135,342.81
32.72,0.0034875826903290816,-0.008634345973227348,0.006703207222011726,0.015831278599759132,342.81
32.724,0.004087582690329071,-0.00940434597322734,0.006623207222011757,0.015571278599759094,342.81
32.728,0.0046075826903290915,-0.009924345973227305,0.005503207222011747,0.015491278599759125,342.81
32.732,0.005207582690329081,-0.010434345973227316,0.004993207222011737,0.015151278599759118,342.81
32.736,0.005717582690329091,-0.011034345973227305,0.004993207222011737,0.014721278599759132,342.81
32.74,0.006237582690329056,-0.01163434597322735,0.005503207222011747,0.014461278599759094,342.81
32.744,0.006747582690329067,-0.012324345973227319,0.006023207222011712,0.01429127859975909,342.81
32.748,0.007347582690329056,-0.012924345973227308,0.0064432072220117435,0.01395127859975914,342.81
32.752,0.007777582690329098,-0.013514345973227343,0.007043207222011733,0.013521278599759098,342.81
32.756,0.008207582690329084,-0.014034345973227308,0.007563207222011753,0.013091278599759112,342.81
32.76,0.008717582690329094,-0.01446434597322735,0.008073207222011708,0.012661278599759126,342.81
32.764,0.00914758269032908,-0.0148043459732273,0.00850320722201175,0.012321278599759119,342.81
32.768,0.009577582690329066,-0.015234345973227342,0.008933207222011736,0.011971278599759102,342.81
32.772,0.010007582690329052,-0.015744345973227297,0.009443207222011746,0.011551278599759126,342.81
32.776,0.010347582690329059,-0.01617434597322734,0.010043207222011736,0.010951278599759137,342.81
32.78,0.0107775826903291,-0.016514345973227346,0.010393207222011753,0.010351278599759092,342.81
32.784,0.011207582690329086,-0.016774345973227328,0.010563207222011756,0.009921278599759106,342.81
32.788,0.011547582690329093,-0.01694434597322733,0.010903207222011707,0.00940127859975914,342.81
32.792,0.011977582690329079,-0.01729434597322735,0.011413207222011718,0.008721278599759127,342.81
32.796,0.012317582690329086,-0.0176343459732273,0.011843207222011704,0.008201278599759106,342.81
32.8,0.01248758269032909,-0.017894345973227338,0.01219320722201172,0.007691278599759096,342.81
32.804,0.012827582690329097,-0.018234345973227345,0.012613207222011752,0.007091278599759106,342.81
32.808,0.013177582690329058,-0.018494345973227327,0.012963207222011714,0.006491278599759117,342.81
32.812,0.013517582690329065,-0.01866434597322733,0.013133207222011717,0.005801278599759093,342.81
32.816,0.013687582690329068,-0.018834345973227334,0.013473207222011724,0.005291278599759138,342.81
32.82,0.014027582690329075,-0.018914345973227303,0.013733207222011707,0.004861278599759097,342.81
32.824,0.014287582690329058,-0.019004345973227338,0.01390320722201171,0.004261278599759107,342.81
32.828,0.014457582690329061,-0.01917434597322734,0.014243207222011717,0.003661278599759118,342.81
32.832,0.0147175826903291,-0.019434345973227324,0.014593207222011734,0.002981278599759104,342.81
32.836,0.014977582690329082,-0.019434345973227324,0.014763207222011738,0.0023812785997591145,342.81
32.84,0.015227582690329054,-0.019434345973227324,0.014933207222011741,0.0017812785997591248,342.81
32.844,0.015317582690329089,-0.01926434597322732,0.015193207222011723,0.0011812785997591354,342.81
32.848,0.015577582690329071,-0.019094345973227317,0.015443207222011751,0.00040127859975913247,342.81
32.852,0.015657582690329096,-0.019004345973227338,0.01553320722201173,-0.00010872140024087797,342.81
32.856,0.0158275826903291,-0.019094345973227317,0.01579320722201171,-0.0007087214002408674,342.81
32.86,0.01608758269032908,-0.018914345973227303,0.015703207222011732,-0.0013087214002409123,342.81
32.864,0.01608758269032908,-0.01866434597322733,0.015703207222011732,-0.0019087214002409018,342.81
32.868,0.01608758269032908,-0.018494345973227327,0.015873207222011736,-0.002508721400240891,342.81
32.872,0.016257582690329085,-0.01814434597322731,0.015873207222011736,-0.003188721400240905,342.81
32.876,0.016347582690329064,-0.017974345973227307,0.015873207222011736,-0.0037887214002408943,342.81
32.88,0.01642758269032909,-0.017714345973227325,0.015873207222011736,-0.004568721400240897,342.81
32.884,0.016517582690329068,-0.017374345973227318,0.015873207222011736,-0.005418721400240859,342.81
32.888,0.016517582690329068,-0.01694434597322733,0.015873207222011736,-0.006108721400240883,342.81
32.892,0.016517582690329068,-0.016514345973227346,0.015873207222011736,-0.006538721400240869,342.81
32.896,0.016517582690329068,-0.016094345973227314,0.015873207222011736,-0.0069687214002409105,342.81
32.9,0.016347582690329064,-0.01557434597322735,0.015963207222011715,-0.007648721400240869,342.81
32.904,0.01608758269032908,-0.014974345973227304,0.015873207222011736,-0.008338721400240893,342.81
32.908,0.01608758269032908,-0.01446434597322735,0.015613207222011755,-0.008938721400240882,342.81
32.912,0.01617758269032906,-0.014034345973227308,0.01553320722201173,-0.009448721400240893,342.81
32.916,0.01608758269032908,-0.013434345973227318,0.015363207222011727,-0.010138721400240861,342.81
32.92,0.0158275826903291,-0.012574345973227347,0.015103207222011744,-0.010738721400240906,342.81
32.924,0.015747582690329075,-0.012064345973227336,0.015103207222011744,-0.011418721400240864,342.81
32.928,0.015577582690329071,-0.011464345973227347,0.015273207222011748,-0.011848721400240906,342.81
32.932,0.015317582690329089,-0.01052434597322735,0.015103207222011744,-0.012188721400240913,342.81
32.936,0.015147582690329085,-0.009834345973227326,0.014933207222011741,-0.012708721400240878,342.81
32.94,0.014977582690329082,-0.009064345973227333,0.014593207222011734,-0.01347872140024087,342.81
32.944,0.014887582690329047,-0.008237409239550143,0.014333207222011752,-0.013908721400240912,342.81
32.948,0.014547582690329096,-0.00737633115797845,0.014243207222011717,-0.014338721400240898,342.81
32.952,0.014117582690329054,-0.006493298759536286,0.01390320722201171,-0.014848721400240909,342.81
32.956,0.013687582690329068,-0.0056004990752476875,0.013563207222011703,-0.015278721400240895,342.81
32.96,0.013517582690329065,-0.0047101191361366875,0.013393207222011755,-0.015618721400240902,342.81
32.964,0.013257582690329082,-0.0038343459732273215,0.012963207222011714,-0.01595872140024091,342.81
32.968,0.012827582690329097,-0.0029743459732273496,0.012533207222011728,-0.016388721400240894,342.81
32.972,0.012317582690329086,-0.002124345973227332,0.01219320722201172,-0.01690872140024086,342.81
32.976,0.012057582690329048,-0.0012643459732273048,0.011763207222011735,-0.0173387214002409,342.81
32.98,0.011977582690329079,-0.0004043459732273328,0.011503207222011752,-0.017588721400240873,342.81
32.984,0.011547582690329093,0.00044565402677268463,0.011243207222011714,-0.017758721400240877,342.81
32.988,0.011117582690329052,0.0013056540267726564,0.010813207222011728,-0.018108721400240894,342.81
32.992,0.0107775826903291,0.0019956540267726803,0.010213207222011739,-0.018358721400240866,342.81
32.996,0.010517582690329062,0.0023356540267726873,0.009703207222011729,-0.01853872140024088,342.81
33.0,0.010347582690329059,0.0023356540267726873,0.009273207222011743,-0.018878721400240887,342.81
33.004,0.010007582690329052,0.0016456540267726634,0.008843207222011757,-0.01913872140024087,342.81
33.008,0.009487582690329087,0.001395654026772691,0.008593207222011729,-0.019308721400240873,342.81
33.012,0.009057582690329101,0.0018256540267726769,0.008163207222011743,-0.019478721400240876,342.81
33.016,0.008807582690329073,0.002165654026772684,0.007643207222011722,-0.01973872140024086,342.81
33.02,0.00862758269032906,0.002505654026772691,0.006963207222011708,-0.01973872140024086,342.81
33.024,0.00802758269032907,0.0032756540267726837,0.0064432072220117435,-0.01964872140024088,342.81
33.028,0.007257582690329077,0.004135654026772656,0.005933207222011733,-0.01964872140024088,342.81
33.032,0.00691758269032907,0.004475654026772663,0.005503207222011747,-0.01973872140024086,342.81
33.036,0.006577582690329063,0.00482565402677268,0.005073207222011706,-0.0195587214002409,342.81
33.04,0.005977582690329074,0.00533565402677269,0.00464320722201172,-0.019218721400240894,342.81
33.044,0.005207582690329081,0.005845654026772701,0.00404320722201173,-0.018878721400240887,342.81
33.048,0.0044293191380474104,0.006105654026772683,0.0036232072220117543,-0.018788721400240908,342.81
33.052,0.003619243712114327,0.00644565402677269,0.003103207222011734,-0.01853872140024088,342.81
33.056,0.0028201943834528895,0.006965654026772655,0.002673207222011748,-0.018188721400240863,342.81
33.06,0.00207500912298616,0.0075656540267727,0.0021632072220117374,-0.018108721400240894,342.81
33.064,0.0014265259016371986,0.008075654026772655,0.001563207222011748,-0.01801872140024086,342.81
33.068,0.0009175826903290651,0.008415654026772662,0.0010432072220117276,-0.017678721400240908,342.81
33.072,0.0005775826903290581,0.008845654026772704,0.000533207222011717,-0.017078721400240863,342.81
33.076,0.00031758269032907565,0.00927565402677269,2.320722201170657e-05,-0.016478721400240873,342.81
33.08,-2.2417309670931312e-05,0.009705654026772675,0.00010320722201173106,-0.016048721400240887,342.81
33.084,-0.00045241730967091726,0.010135654026772661,2.2154590432785053e-05,-0.015618721400240902,342.81
33.088,-0.0010340395059348138,0.0103956540267727,-0.00020749453237422924,-0.01518872140024086,342.81
33.092,-0.0017268374468195587,0.010565654026772703,-0.0005654769885145755,-0.01458872140024087,342.81
33.096,-0.0025044426649803468,0.010905654026772654,-0.001031529620093518,-0.013738721400240909,342.81
33.1,-0.003306815429832833,0.011415654026772665,-0.0015853892692163207,-0.013048721400240885,342.81
33.104,-0.004125566875507612,0.01184565402677265,-0.0022067927779882476,-0.012368721400240871,342.81
33.108,-0.004952099894166747,0.012105654026772689,-0.0033267927779882574,-0.011508721400240899,342.81
33.112,-0.005777817377972301,0.012275654026772692,-0.003926792777988247,-0.010648721400240872,342.81
33.116,-0.006594122219086337,0.012535654026772675,-0.004606792777988261,-0.0097887214002409,342.81
33.12,-0.007392417309670919,0.01296565402677266,-0.005466792777988288,-0.008938721400240882,342.81
33.124,-0.008162417309670912,0.013305654026772668,-0.006236792777988281,-0.00807872140024091,342.81
33.128,-0.008932417309670905,0.01356565402677265,-0.0069267927779882495,-0.007218721400240883,342.81
33.132,-0.00953241730967095,0.013815654026772678,-0.007776792777988267,-0.0063687214002408656,342.81
33.136,-0.010222417309670918,0.013995654026772691,-0.008296792777988287,-0.005508721400240894,342.81
33.14,-0.010912417309670942,0.014165654026772695,-0.008896792777988277,-0.004648721400240866,342.81
33.144,-0.011512417309670932,0.014335654026772698,-0.009496792777988266,-0.0037887214002408943,342.81
33.148,-0.012112417309670921,0.01467565402677265,-0.010096792777988256,-0.002938721400240877,342.81
33.152,-0.012622417309670932,0.014765654026772684,-0.010696792777988245,-0.002078721400240905,342.81
33.156,-0.013132417309670942,0.015015654026772657,-0.011126792777988287,-0.0012187214002408779,342.81
33.16,-0.013732417309670931,0.015105654026772691,-0.011546792777988263,-0.00036872140024086044,342.81
33.164,-0.014252417309670952,0.015365654026772674,-0.011976792777988248,0.0004912785997591115,342.81
33.168,-0.014762417309670907,0.015445654026772698,-0.012496792777988269,0.0013512785997591389,342.81
33.172,-0.015282417309670927,0.015445654026772698,-0.012926792777988255,0.002201278599759101,342.81
33.176,-0.015882417309670917,0.015445654026772698,-0.013266792777988262,0.0030612785997591284,342.81
33.18,-0.016302417309670948,0.015445654026772698,-0.013606792777988269,0.0039212785997591,342.81
33.184,-0.016732417309670934,0.015445654026772698,-0.01411679277798828,0.004781278599759128,342.81
33.188,-0.01716241730967092,0.015535654026772677,-0.014636792777988244,0.00563127859975909,342.81
33.192,-0.017422417309670903,0.01579565402677266,-0.014896792777988282,0.006491278599759117,342.81
33.196,-0.01768241730967094,0.01579565402677266,-0.015316792777988258,0.006313500821981338,342.81
33.2,-0.018022417309670948,0.01579565402677266,-0.015666792777988277,0.005869056377536891,342.81
33.204,-0.01828241730967093,0.01579565402677266,-0.016096792777988263,0.00529127859975911,342.81
33.208,-0.018532417309670902,0.01579565402677266,-0.016606792777988273,0.004713500821981329,342.81
33.212,-0.01888241730967092,0.015875654026772684,-0.01703679277798826,0.004269056377536882,342.81
33.216,-0.019132417309670947,0.015875654026772684,-0.017296792777988297,0.004091278599759104,342.81
33.22,-0.01930241730967095,0.015535654026772677,-0.017376792777988266,0.004431278599759111,342.81
33.224,-0.019562417309670933,0.015535654026772677,-0.017806792777988252,0.00452127859975909,342.81
33.228,-0.019562417309670933,0.01570565402677268,-0.01814679277798826,0.00452127859975909,342.81
33.232,-0.019562417309670933,0.015445654026772698,-0.018236792777988294,0.004781278599759128,342.81
33.236,-0.019652417309670912,0.01519565402677267,-0.018496792777988276,0.0050312785997591,342.81
33.24,-0.01990241730967094,0.015015654026772657,-0.01874679277798825,0.005461278599759086,342.81
33.244,-0.0200824173096709,0.01467565402677265,-0.019006792777988286,0.005721278599759124,342.81
33.248,-0.0200824173096709,0.014505654026772702,-0.019096792777988265,0.00615127859975911,342.81
33.252,-0.01999241730967092,0.014245654026772664,-0.019006792777988286,0.006581278599759096,342.81
33.256,-0.019732417309670937,0.014165654026772695,-0.019006792777988286,0.0070012785997591274,342.81
33.26,-0.019652417309670912,0.013815654026772678,-0.019006792777988286,0.007431278599759113,342.81
33.264,-0.019562417309670933,0.01356565402677265,-0.019006792777988286,0.00778127859975913,342.81
33.268,-0.019222417309670926,0.013395654026772702,-0.019006792777988286,0.008031278599759103,342.81
33.272,-0.018962417309670944,0.013045654026772685,-0.019006792777988286,0.00829127859975914,342.81
33.276,-0.018702417309670906,0.012615654026772699,-0.019006792777988286,0.008721278599759127,342.81
33.28,-0.0183624173096709,0.012105654026772689,-0.01874679277798825,0.009151278599759113,342.81
33.284,-0.017932417309670913,0.01184565402677265,-0.018496792777988276,0.00940127859975914,342.81
33.288,-0.017592417309670906,0.011765654026772682,-0.018236792777988294,0.009751278599759102,342.81
33.292,-0.01716241730967092,0.011595654026772678,-0.01806679277798829,0.009921278599759106,342.81
33.296,-0.016822417309670913,0.011075654026772658,-0.017716792777988273,0.010261278599759113,342.81
33.3,-0.01656241730967093,0.010645654026772672,-0.017296792777988297,0.01060127859975912,342.81
33.304,-0.01596241730967094,0.010305654026772665,-0.01703679277798826,0.011031278599759105,342.81
33.308,-0.01545241730967093,0.009705654026772675,-0.01694679277798828,0.011461278599759091,342.81
33.312,-0.015022417309670945,0.009365654026772668,-0.016606792777988273,0.011801278599759098,342.81
33.316,-0.014682417309670938,0.008935654026772683,-0.016096792777988263,0.011971278599759102,342.81
33.32,-0.014162417309670917,0.008415654026772662,-0.015406792777988293,0.012321278599759119,342.81
33.324,-0.013392417309670925,0.007815654026772673,-0.014896792777988282,0.012661278599759126,342.81
33.328,-0.012792417309670935,0.007225654026772693,-0.014466792777988296,0.013171278599759136,342.81
33.332,-0.01236241730967095,0.006875654026772676,-0.013946792777988276,0.013521278599759098,342.81
33.336,-0.0115924173096709,0.006275654026772687,-0.013266792777988262,0.013601278599759122,342.81
33.34,-0.011082417309670946,0.005675654026772697,-0.012836792777988276,0.01395127859975914,342.81
33.344,-0.0104824173096709,0.005245654026772656,-0.012236792777988286,0.014371278599759115,342.81
33.348,-0.009792417309670932,0.004735654026772701,-0.011466792777988294,0.014721278599759132,342.81
33.352,-0.009282417309670922,0.004135654026772656,-0.010946792777988273,0.014801278599759101,342.81
33.356,-0.008682417309670933,0.0036256540267727007,-0.010096792777988256,0.015231278599759087,342.81
33.36,-0.008082417309670943,0.0028456540267726978,-0.00957679277798829,0.015571278599759094,342.81
33.364,-0.007222417309670916,0.002505654026772691,-0.008909825473707325,0.015751278599759107,342.81
33.368,-0.006532417309670947,0.0019056540267727014,-0.008125933917423896,0.016001278599759135,342.81
33.372,-0.006112417309670916,0.001045654026772674,-0.007274196847454293,0.016091278599759114,342.81
33.376,-0.005422417309670947,0.00036565402677266013,-0.006365102064337557,0.016351278599759097,342.81
33.38,-0.004645067493306649,-0.0002343459732273293,-0.005409137368612739,0.016261278599759118,342.81
33.384,-0.003814821322359242,-0.0007543459732273497,-0.0044167905608188795,0.01617127859975914,342.81
33.388,-0.002946955348213553,-0.0010043459732273223,-0.003398549441495027,0.016351278599759097,342.81
33.392,-0.0020567461222544096,-0.0014343459732273083,-0.0023649018111802232,0.016351278599759097,342.81
33.396,-0.0011594701958666392,-0.0016943459732273462,-0.001326335470413515,0.016351278599759097,342.81
33.4,-0.00027040412043506786,-0.0019543459732273287,-0.0002933382197339475,0.01643127859975912,342.81
33.404,0.0006230394120583209,-0.002447069830255045,0.0007236021403194359,0.0165212785997591,342.81
33.408,0.001431416496291275,-0.0031700730684042187,0.0017139978092075873,0.01643127859975912,342.81
33.412,0.0021175826903290992,-0.004033828994725442,0.0026673609863914656,0.0165212785997591,342.81
33.416,0.002637582690329064,-0.004948810916269308,0.0035732038713320244,0.01643127859975912,342.81
33.42,0.0027175826903290887,-0.00582549214008641,0.004421038663490216,0.016351278599759097,342.81
33.424,0.002547582690329085,-0.006574345973227341,0.005176464603279399,0.01617127859975914,342.81
33.428,0.002887582690329092,-0.007174345973227331,0.005843207222011754,0.01617127859975914,342.81
33.432,0.003407582690329057,-0.00777434597322732,0.006363207222011719,0.016091278599759114,342.81
33.436,0.0038375826903290985,-0.00837434597322731,0.0064432072220117435,0.016001278599759135,342.81
33.44,0.0042575826903290745,-0.009234345973227337,0.00627320722201174,0.01566127859975913,342.81
33.444,0.004857582690329064,-0.01000434597322733,0.006023207222011712,0.015321278599759122,342.81
33.448,0.00528758269032905,-0.010694345973227298,0.0057632072220117295,0.015151278599759118,342.81
33.452,0.005887582690329095,-0.011294345973227343,0.0056732072220117506,0.014891278599759136,342.81
33.456,0.006577582690329063,-0.011974345973227302,0.0057632072220117295,0.014801278599759101,342.81
33.46,0.007087582690329074,-0.012664345973227326,0.0061032072220117365,0.014461278599759094,342.81
33.464,0.007437582690329091,-0.013174345973227336,0.006703207222011726,0.01395127859975914,342.81
33.468,0.007857582690329067,-0.013694345973227301,0.007223207222011746,0.013521278599759098,342.81
33.472,0.008287582690329053,-0.014114345973227332,0.007733207222011757,0.013171278599759136,342.81
33.476,0.00862758269032906,-0.01446434597322735,0.008163207222011743,0.012751278599759105,342.81
33.48,0.008977582690329076,-0.014894345973227335,0.008763207222011732,0.012321278599759119,342.81
33.484,0.009407582690329062,-0.015314345973227311,0.009273207222011743,0.011891278599759133,342.81
33.488,0.009917582690329073,-0.015744345973227297,0.00961320722201175,0.011371278599759112,342.81
33.492,0.010347582690329059,-0.01617434597322734,0.010043207222011736,0.010771278599759123,342.81
33.496,0.010687582690329066,-0.016514345973227346,0.010473207222011722,0.010261278599759113,342.81
33.5,0.011117582690329052,-0.01694434597322733,0.010903207222011707,0.009751278599759102,342.81
33.504,0.011547582690329093,-0.017374345973227318,0.011413207222011718,0.009151278599759113,342.81
33.508,0.011977582690329079,-0.0176343459732273,0.011763207222011735,0.008631278599759092,342.81
33.512,0.012317582690329086,-0.017804345973227304,0.011933207222011738,0.008031278599759103,342.81
33.516,0.01248758269032909,-0.01814434597322731,0.01219320722201172,0.007431278599759113,342.81
33.52,0.012827582690329097,-0.018494345973227327,0.012613207222011752,0.0070012785997591274,342.81
33.524,0.013177582690329058,-0.01866434597322733,0.012963207222011714,0.006491278599759117,342.81
33.528,0.013517582690329065,-0.018914345973227303,0.013043207222011738,0.005801278599759093,342.81
33.532,0.013687582690329068,-0.019094345973227317,0.01330320722201172,0.005201278599759104,342.81
33.536,0.014027582690329075,-0.019344345973227345,0.013563207222011703,0.00452127859975909,342.81
33.54,0.014287582690329058,-0.019344345973227345,0.01390320722201171,0.0039212785997591,342.81
33.544,0.014547582690329096,-0.019434345973227324,0.014163207222011748,0.003321278599759111,342.81
33.548,0.014807582690329078,-0.019434345973227324,0.014243207222011717,0.002891278599759125,342.81
33.552,0.014887582690329047,-0.019434345973227324,0.014503207222011755,0.0022912785997591355,342.81
33.556,0.015147582690329085,-0.019434345973227324,0.014673207222011703,0.0016912785997590903,342.81
33.56,0.015407582690329068,-0.019344345973227345,0.014933207222011741,0.0011812785997591354,342.81
33.564,0.015657582690329096,-0.019344345973227345,0.015103207222011744,0.0004912785997591115,342.81
33.568,0.0158275826903291,-0.019434345973227324,0.015363207222011727,-0.00010872140024087797,342.81
33.572,0.01608758269032908,-0.019344345973227345,0.015443207222011751,-0.0007987214002409019,342.81
33.576,0.01617758269032906,-0.01917434597322734,0.015443207222011751,-0.0013987214002408913,342.81
33.58,0.01608758269032908,-0.019004345973227338,0.015443207222011751,-0.0019987214002408805,342.81
33.584,0.01608758269032908,-0.0187443459732273,0.015443207222011751,-0.00258872140024086,342.81
33.588,0.01608758269032908,-0.018494345973227327,0.015443207222011751,-0.003278721400240884,342.81
33.592,0.01617758269032906,-0.01814434597322731,0.015443207222011751,-0.0038787214002408733,342.81
33.596,0.016347582690329064,-0.017804345973227304,0.015363207222011727,-0.004478721400240863,342.81
33.6,0.016517582690329068,-0.01754434597322732,0.015363207222011727,-0.004988721400240873,342.81
33.604,0.016517582690329068,-0.01729434597322735,0.015363207222011727,-0.005678721400240897,342.81
33.608,0.01642758269032909,-0.01694434597322733,0.015443207222011751,-0.006278721400240887,342.81
33.612,0.01617758269032906,-0.016514345973227346,0.015443207222011751,-0.0069687214002409105,342.81
33.616,0.01608758269032908,-0.016004345973227335,0.015443207222011751,-0.007648721400240869,342.81
33.62,0.01608758269032908,-0.015314345973227311,0.015443207222011751,-0.008248721400240914,342.81
33.624,0.01617758269032906,-0.014634345973227297,0.015363207222011727,-0.008938721400240882,342.81
33.628,0.01608758269032908,-0.014114345973227332,0.015193207222011723,-0.009538721400240872,342.81
33.632,0.0158275826903291,-0.013514345973227343,0.01501320722201171,-0.010138721400240861,342.81
33.636,0.015747582690329075,-0.012834345973227329,0.014933207222011741,-0.010648721400240872,342.81
33.64,0.015657582690329096,-0.012064345973227336,0.014843207222011707,-0.011078721400240913,342.81
33.644,0.015407582690329068,-0.01112434597322734,0.014933207222011741,-0.011678721400240902,342.81
33.648,0.015147582690329085,-0.010434345973227316,0.014673207222011703,-0.012278721400240892,342.81
33.652,0.014887582690329047,-0.009834345973227326,0.014593207222011734,-0.012788721400240902,342.81
33.656,0.014807582690329078,-0.009144345973227302,0.014333207222011752,-0.013308721400240867,342.81
33.66,0.014457582690329061,-0.00837434597322731,0.014163207222011748,-0.013908721400240912,342.81
33.664,0.014207582690329089,-0.007604345973227317,0.01390320722201171,-0.014338721400240898,342.81
33.668,0.013947582690329051,-0.006834345973227324,0.013733207222011707,-0.014758721400240874,342.81
33.672,0.0136075826903291,-0.006064345973227331,0.013393207222011755,-0.01518872140024086,342.81
33.676,0.013257582690329082,-0.005294345973227338,0.013043207222011738,-0.015618721400240902,342.81
33.68,0.012917582690329076,-0.004524345973227345,0.01279320722201171,-0.01595872140024091,342.81
33.684,0.012917582690329076,-0.0037443459732273425,0.012533207222011728,-0.016388721400240894,342.81
33.688,0.012747582690329072,-0.0029743459732273496,0.01219320722201172,-0.01681872140024088,342.81
33.692,0.012407582690329065,-0.002204345973227301,0.011843207222011704,-0.017078721400240863,342.81
33.696,0.011977582690329079,-0.0014343459732273083,0.011333207222011749,-0.0173387214002409,342.81
33.7,0.011547582690329093,-0.0006643459732273152,0.010903207222011707,-0.017678721400240908,342.81
33.704,0.011117582690329052,0.00010565402677267766,0.010563207222011756,-0.01793872140024089,342.81
33.708,0.01085758269032907,0.0008756540267726706,0.010213207222011739,-0.018108721400240894,342.81
33.712,0.010687582690329066,0.0013056540267726564,0.009793207222011708,-0.0184487214002409,342.81
33.716,0.010347582690329059,0.001045654026772674,0.009193207222011718,-0.018788721400240908,342.81
33.72,0.010007582690329052,0.001135654026772653,0.008843207222011757,-0.018878721400240887,342.81
33.724,0.009407582690329062,0.0019056540267727014,0.00850320722201175,-0.01895872140024091,342.81
33.728,0.008807582690329073,0.0020756540267726493,0.008073207222011708,-0.019218721400240894,342.81
33.732,0.008377582690329087,0.002505654026772691,0.007563207222011753,-0.019218721400240894,342.81
33.736,0.008207582690329084,0.0028456540267726978,0.006963207222011708,-0.019308721400240873,342.81
33.74,0.007947582690329101,0.003445654026772687,0.0064432072220117435,-0.0195587214002409,342.81
33.744,0.00751758269032906,0.004045654026772677,0.005933207222011733,-0.01964872140024088,342.81
33.748,0.007007582690329049,0.004735654026772701,0.005503207222011747,-0.01973872140024086,342.81
33.752,0.006317582690329081,0.005165654026772687,0.005073207222011706,-0.0195587214002409,342.81
33.756,0.00580758269032907,0.005505654026772694,0.004733207222011754,-0.01904872140024089,342.81
33.76,0.005164881600355111,0.006025654026772659,0.004303207222011713,-0.018878721400240887,342.81
33.764,0.004424188023389588,0.006705654026772673,0.0036232072220117543,-0.018708721400240883,342.81
33.768,0.003628806651668361,0.007135654026772659,0.003103207222011734,-0.0184487214002409,342.81
33.772,0.0028220421774272884,0.007395654026772697,0.002763207222011727,-0.018188721400240863,342.81
33.776,0.0020471992929022315,0.007735654026772704,0.0022432072220117064,-0.01793872140024089,342.81
33.78,0.001347582690329051,0.00816565402677269,0.001643207222011717,-0.017678721400240908,342.81
33.784,0.0007475826903290616,0.008765654026772679,0.0010432072220117276,-0.017508721400240904,342.81
33.788,0.00023758269032905116,0.00927565402677269,0.0006232072220117515,-0.017158721400240887,342.81
33.792,-2.2417309670931312e-05,0.009705654026772675,0.00036320722201171353,-0.01681872140024088,342.81
33.796,-0.0001924173096709348,0.010045654026772682,0.00036320722201171353,-0.01630872140024087,342.81
33.8,-0.0007924173096709242,0.010215654026772686,0.0006232072220117515,-0.01570872140024088,342.81
33.804,-0.0014855789258243453,0.010565654026772703,0.000533207222011717,-0.015278721400240895,342.81
33.808,-0.002235920264660709,0.010995654026772689,-0.0005767927779882829,-0.014758721400240874,342.81
33.812,-0.0030286080493217822,0.011335654026772696,-0.0012667927779882512,-0.01407872140024086,342.81
33.816,-0.0038488090029493317,0.011765654026772682,-0.0017767927779882616,-0.013218721400240888,342.81
33.82,-0.004681689848685123,0.012105654026772689,-0.0025567927779882645,-0.012478807059409458,342.81
33.824,-0.005512417309670926,0.012275654026772692,-0.003146792777988244,-0.011732000083507048,342.81
33.828,-0.006362417309670944,0.012615654026772699,-0.0038408655397619146,-0.01098024276969642,342.81
33.832,-0.007132417309670937,0.01296565402677266,-0.004609602097759455,-0.01022547741514034,342.81
33.836,-0.007822417309670905,0.013135654026772664,-0.005416282776280866,-0.009469646317001573,342.81
33.84,-0.008512417309670929,0.013475654026772671,-0.0062241878996261435,-0.008714691772442877,342.81
33.844,-0.009112417309670919,0.013735654026772653,-0.00699659779209529,-0.007962556078627017,342.81
33.848,-0.009712417309670908,0.013905654026772657,-0.007696792777988298,-0.007215181532716759,342.81
33.852,-0.010392417309670922,0.014165654026772695,-0.008296792777988287,-0.006474510431874862,342.81
33.856,-0.01125241730967095,0.014335654026772698,-0.008806792777988298,-0.005742485073264094,342.81
33.86,-0.011762417309670904,0.01459565402677268,-0.00957679277798829,-0.005021047754047214,342.81
33.864,-0.01236241730967095,0.01467565402677265,-0.010346792777988284,-0.004312140771386991,342.81
33.868,-0.012962417309670939,0.014935654026772688,-0.010866792777988249,-0.003617706422446183,342.81
33.872,-0.013392417309670925,0.015015654026772657,-0.011206792777988256,-0.0029396870043875544,342.81
33.876,-0.013732417309670931,0.01519565402677267,-0.011546792777988263,-0.00228002481437387,342.81
33.88,-0.014252417309670952,0.015445654026772698,-0.011976792777988248,-0.0016406621495678932,342.81
33.884,-0.01493241730967091,0.015445654026772698,-0.012576792777988293,-0.0010235413071323868,342.81
33.888,-0.01545241730967093,0.015445654026772698,-0.013176792777988283,-0.000430604584230112,342.81
33.892,-0.01596241730967094,0.015445654026772698,-0.013606792777988269,0.00013620572197616562,342.81
33.896,-0.016302417309670948,0.015365654026772674,-0.014036792777988255,0.0006749473143236818,342.81
33.9,-0.016732417309670934,0.015445654026772698,-0.014376792777988262,0.0011836778956496742,342.81
33.904,-0.01708241730967095,0.015615654026772702,-0.014716792777988269,0.001660455168791383,342.81
33.908,-0.0172524173096709,0.015875654026772684,-0.015316792777988258,0.002103336836586038,342.81
33.912,-0.017592417309670906,0.016045654026772688,-0.015666792777988277,0.00251038060187088,342.81
33.916,-0.017932417309670913,0.01621565402677269,-0.01591679277798825,0.0028796441674831443,342.81
33.92,-0.018452417309670933,0.01621565402677269,-0.016266792777988266,0.0032091852362600695,342.81
33.924,-0.01879241730967094,0.015965654026772663,-0.016606792777988273,0.0034970615110388927,342.81
33.928,-0.01888241730967092,0.015875654026772684,-0.01694679277798828,0.003741330694656847,342.81
33.932,-0.019132417309670947,0.01579565402677266,-0.017206792777988263,0.003940050489951172,342.81
33.936,-0.01930241730967095,0.015535654026772677,-0.017466792777988245,0.004091278599759104,342.81
33.94,-0.019652417309670912,0.015535654026772677,-0.017806792777988252,0.004181278599759138,342.81
33.944,-0.019732417309670937,0.015365654026772674,-0.01806679277798829,0.004691278599759093,342.81
33.948,-0.01990241730967094,0.015105654026772691,-0.018236792777988294,0.005201278599759104,342.81
33.952,-0.01990241730967094,0.014935654026772688,-0.018496792777988276,0.005381278599759117,342.81
33.956,-0.01999241730967092,0.01467565402677265,-0.018576792777988245,0.00563127859975909,342.81
33.96,-0.0200824173096709,0.01459565402677268,-0.01866679277798828,0.005891278599759128,342.81
33.964,-0.0200824173096709,0.014335654026772698,-0.018916792777988252,0.0062312785997591345,342.81
33.968,-0.01999241730967092,0.014245654026772664,-0.019006792777988286,0.006491278599759117,342.81
33.972,-0.019732417309670937,0.013995654026772691,-0.019096792777988265,0.0070012785997591274,342.81
33.976,-0.019562417309670933,0.013735654026772653,-0.019006792777988286,0.007431278599759113,342.81
33.98,-0.01930241730967095,0.013395654026772702,-0.019006792777988286,0.00778127859975913,342.81
33.984,-0.019132417309670947,0.01296565402677266,-0.019096792777988265,0.008201278599759106,342.81
33.988,-0.01879241730967094,0.012615654026772699,-0.019006792777988286,0.008631278599759092,342.81
33.992,-0.018532417309670902,0.012275654026772692,-0.01866679277798828,0.00889127859975913,342.81
33.996,-0.0183624173096709,0.012195654026772668,-0.018406792777988297,0.009151278599759113,342.81
34.0,-0.018022417309670948,0.012105654026772689,-0.01814679277798826,0.00949127859975912,342.81
34.004,-0.017502417309670927,0.011765654026772682,-0.01806679277798829,0.009831278599759127,342.81
34.008,-0.01708241730967095,0.011415654026772665,-0.017806792777988252,0.010261278599759113,342.81
34.012,-0.016732417309670934,0.010995654026772689,-0.01763679277798825,0.01060127859975912,342.81
34.016,-0.016392417309670927,0.010565654026772703,-0.017296792777988297,0.010861278599759102,342.81
34.02,-0.01596241730967094,0.010045654026772682,-0.01703679277798826,0.011201278599759109,342.81
34.024,-0.01545241730967093,0.009365654026772668,-0.016606792777988273,0.011461278599759091,342.81
34.028,-0.01493241730967091,0.008845654026772704,-0.016176792777988287,0.011891278599759133,342.81
34.032,-0.014332417309670921,0.008415654026772662,-0.015666792777988277,0.012321278599759119,342.81
34.036,-0.013902417309670935,0.007905654026772652,-0.015236792777988289,0.012661278599759126,342.81
34.04,-0.013482417309670904,0.007305654026772662,-0.014716792777988269,0.012751278599759105,342.81
34.044,-0.012962417309670939,0.006875654026772676,-0.01411679277798828,0.013091278599759112,342.81
34.048,-0.01236241730967095,0.00644565402677269,-0.013696792777988248,0.013521278599759098,342.81
34.052,-0.011762417309670904,0.00593565402677268,-0.013346792777988286,0.013861278599759105,342.81
34.056,-0.010992417309670911,0.005425654026772669,-0.012746792777988297,0.014031278599759108,342.81
34.06,-0.010222417309670918,0.005075654026772652,-0.011806792777988245,0.014371278599759115,342.81
34.064,-0.009622417309670929,0.004475654026772663,-0.011126792777988287,0.014631278599759098,342.81
34.068,-0.00902241730967094,0.004045654026772677,-0.010346792777988284,0.014891278599759136,342.81
34.072,-0.008512417309670929,0.003535654026772666,-0.009836792777988273,0.015231278599759087,342.81
34.076,-0.007732417309670926,0.0028456540267726978,-0.009236792777988284,0.015571278599759094,342.81
34.08,-0.007132417309670937,0.002245654026772653,-0.008636792777988294,0.01566127859975913,342.81
34.084,-0.006362417309670944,0.00147565402677266,-0.007902292308321415,0.01592127859975911,342.81
34.088,-0.00568241730967093,0.0006256540267726981,-0.007060631639377278,0.016001278599759135,342.81
34.092,-0.005252417309670944,-6.434597322732582e-05,-0.006177031061513887,0.01617127859975914,342.81
34.096,-0.00456241730967092,-0.0006643459732273152,-0.005316710865089248,0.016261278599759118,342.81
34.1,-0.003882417309670906,-0.0011743459732273258,-0.004544891340461365,0.01617127859975914,342.81
34.104,-0.0029324173096708997,-0.0013543459732273393,-0.003926792777988247,0.016351278599759097,342.81
34.108,-0.002082417309670938,-0.0015243459732273428,-0.003496792777988261,0.01643127859975912,342.81
34.112,-0.0013924173096709137,-0.0017743459732273152,-0.003066792777988275,0.01643127859975912,342.81
34.116,-0.0003624173096709383,-0.002212354624079977,-0.002636792777988289,0.01643127859975912,342.81
34.12,0.00031758269032907565,-0.002827865547847764,-0.0022067927779882476,0.01643127859975912,342.81
34.124,0.0007475826903290616,-0.003566349444588533,-0.0017767927779882616,0.01643127859975912,342.81
34.128,0.0010875826903290686,-0.00437327701436014,-0.0013567927779882857,0.01643127859975912,342.81
34.132,0.001687582690329058,-0.005194118957220443,-0.0009267927779882443,0.01643127859975912,342.81
34.136,0.0024575826903290507,-0.005974345973227296,-0.0004967927779882584,0.01643127859975912,342.81
34.14,0.0028075826903290677,-0.006744345973227345,-6.679277798827242e-05,0.016351278599759097,342.81
34.144,0.0030575826903290956,-0.007524345973227348,0.00036320722201171353,0.016091278599759114,342.81
34.148,0.003407582690329057,-0.008204345973227306,0.000793207222011755,0.01592127859975911,342.81
34.152,0.003747582690329064,-0.00889434597322733,0.0014349221413022628,0.01566127859975913,342.81
34.156,0.0042575826903290745,-0.009744345973227347,0.0022563382664160304,0.015571278599759094,342.81
34.16,0.004857582690329064,-0.010344345973227337,0.0031741652171984602,0.015231278599759087,342.81
34.164,0.00528758269032905,-0.010864345973227302,0.004105112613494955,0.014971278599759105,342.81
34.168,0.005887582690329095,-0.01163434597322735,0.004965890075150917,0.014721278599759132,342.81
34.172,0.006577582690329063,-0.012324345973227319,0.0056732072220117506,0.014461278599759094,342.81
34.176,0.007087582690329074,-0.012834345973227329,0.0061932072220117155,0.014371278599759115,342.81
34.18,0.007437582690329091,-0.013264345973227315,0.006793207222011705,0.01395127859975914,342.81
34.184,0.007857582690329067,-0.013694345973227301,0.007223207222011746,0.013521278599759098,342.81
34.188,0.008287582690329053,-0.014204345973227311,0.007563207222011753,0.013171278599759136,342.81
34.192,0.008717582690329094,-0.014714345973227322,0.00799320722201174,0.012751278599759105,342.81
34.196,0.00914758269032908,-0.014894345973227335,0.00850320722201175,0.012321278599759119,342.81
34.2,0.009487582690329087,-0.015314345973227311,0.008933207222011736,0.011891278599759133,342.81
34.204,0.009917582690329073,-0.016004345973227335,0.009273207222011743,0.011291278599759088,342.81
34.208,0.010347582690329059,-0.016344345973227342,0.009793207222011708,0.010691278599759099,342.81
34.212,0.010687582690329066,-0.016514345973227346,0.010133207222011715,0.010261278599759113,342.81
34.216,0.011027582690329073,-0.01694434597322733,0.010563207222011756,0.009751278599759102,342.81
34.22,0.011457582690329059,-0.017374345973227318,0.010993207222011742,0.009151278599759113,342.81
34.224,0.0118875826903291,-0.0176343459732273,0.011333207222011749,0.008631278599759092,342.81
34.228,0.012147582690329083,-0.017804345973227304,0.011763207222011735,0.008121278599759137,342.81
34.232,0.01248758269032909,-0.01814434597322731,0.012273207222011745,0.007521278599759092,342.81
34.236,0.012827582690329097,-0.018494345973227327,0.012703207222011731,0.0070012785997591274,342.81
34.24,0.013177582690329058,-0.01866434597322733,0.012963207222011714,0.006401278599759138,342.81
34.244,0.013347582690329061,-0.018914345973227303,0.013043207222011738,0.005801278599759093,342.81
34.248,0.0136075826903291,-0.019004345973227338,0.01330320722201172,0.005291278599759138,342.81
34.252,0.013857582690329072,-0.01926434597322732,0.013563207222011703,0.004691278599759093,342.81
34.256,0.014117582690329054,-0.019344345973227345,0.01390320722201171,0.004181278599759138,342.81
34.26,0.014457582690329061,-0.019434345973227324,0.014073207222011714,0.0035812785997590933,342.81
34.264,0.0147175826903291,-0.019434345973227324,0.014243207222011717,0.002981278599759104,342.81
34.268,0.014887582690329047,-0.019344345973227345,0.014503207222011755,0.0023812785997591145,342.81
34.272,0.015147582690329085,-0.019434345973227324,0.014673207222011703,0.0016912785997590903,342.81
34.276,0.015317582690329089,-0.019434345973227324,0.014933207222011741,0.0010912785997591009,342.81
34.28,0.015577582690329071,-0.019344345973227345,0.01501320722201171,0.0004912785997591115,342.81
34.284,0.015657582690329096,-0.019094345973227317,0.015103207222011744,-1.872140024089899e-05,342.81
34.288,0.015747582690329075,-0.019004345973227338,0.015103207222011744,-0.0005387214002408639,342.81
34.292,0.016007582690329057,-0.019004345973227338,0.015103207222011744,-0.0012187214002408779,342.81
34.296,0.01608758269032908,-0.01866434597322733,0.015363207222011727,-0.0018187214002408673,342.81
34.3,0.01617758269032906,-0.018314345973227314,0.015443207222011751,-0.002508721400240891,342.81
34.304,0.01608758269032908,-0.01806434597322734,0.015443207222011751,-0.003188721400240905,342.81
34.308,0.01608758269032908,-0.017714345973227325,0.015443207222011751,-0.0037887214002408943,342.81
34.312,0.01608758269032908,-0.017374345973227318,0.015703207222011732,-0.004478721400240863,342.81
34.316,0.01617758269032906,-0.017204345973227314,0.015873207222011736,-0.005078721400240908,342.81
34.32,0.01617758269032906,-0.01694434597322733,0.015963207222011715,-0.005678721400240897,342.81
34.324,0.01608758269032908,-0.016604345973227325,0.015963207222011715,-0.006188721400240908,342.81
34.328,0.01608758269032908,-0.016094345973227314,0.01579320722201171,-0.0069687214002409105,342.81
34.332,0.01608758269032908,-0.015404345973227346,0.01553320722201173,-0.007648721400240869,342.81
34.336,0.01608758269032908,-0.014894345973227335,0.015443207222011751,-0.00816872140024089,342.81
34.34,0.016007582690329057,-0.01446434597322735,0.015363207222011727,-0.0086787214002409,342.81
34.344,0.015657582690329096,-0.013864345973227304,0.015273207222011748,-0.009448721400240893,342.81
34.348,0.015657582690329096,-0.013264345973227315,0.015103207222011744,-0.010218721400240886,342.81
34.352,0.015577582690329071,-0.012404345973227343,0.015103207222011744,-0.010738721400240906,342.81
34.356,0.015407582690329068,-0.011524329489249004,0.015103207222011744,-0.011338721400240896,342.81
34.36,0.015227582690329054,-0.010636113148732577,0.01501320722201171,-0.011848721400240906,342.81
34.364,0.015147582690329085,-0.009740776936379994,0.01501320722201171,-0.012368721400240871,342.81
34.368,0.014887582690329047,-0.008839400836893177,0.014763207222011738,-0.012878721400240881,342.81
34.372,0.014807582690329078,-0.007933064834974054,0.014503207222011755,-0.01347872140024087,342.81
34.376,0.014457582690329061,-0.007022848915324557,0.014163207222011748,-0.013908721400240912,342.81
34.38,0.014027582690329075,-0.006109833062646613,0.01390320722201171,-0.014338721400240898,342.81
34.384,0.013777582690329047,-0.005195097261642148,0.013733207222011707,-0.014758721400240874,342.81
34.388,0.0136075826903291,-0.004279721497013091,0.013393207222011755,-0.015108721400240891,342.81
34.392,0.013257582690329082,-0.003364785753461372,0.013133207222011717,-0.015448721400240898,342.81
34.396,0.012827582690329097,-0.0024513700156889176,0.012873207222011735,-0.015878721400240884,342.81
34.4,0.012407582690329065,-0.001540554268397653,0.012533207222011728,-0.016478721400240873,342.81
34.404,0.012057582690329048,-0.0006334184962895087,0.01219320722201172,-0.01681872140024088,342.81
34.408,0.011977582690329079,0.00026895731593358594,0.011763207222011735,-0.017248721400240866,342.81
34.412,0.011977582690329079,0.0011655329953363163,0.011333207222011749,-0.017678721400240908,342.81
34.416,0.011627582690329062,0.0020523377149156627,0.010903207222011707,-0.01793872140024089,342.81
34.42,0.011457582690329059,0.0029356540267726767,0.010643207222011725,-0.018108721400240894,342.81
34.424,0.011117582690329052,0.0037956540267726486,0.010133207222011715,-0.0184487214002409,342.81
34.428,0.010517582690329062,0.0043056540267726595,0.009703207222011729,-0.018788721400240908,342.81
34.432,0.010007582690329052,0.003875654026772673,0.009363207222011722,-0.018878721400240887,342.81
34.436,0.009577582690329066,0.002505654026772691,0.008933207222011736,-0.01913872140024087,342.81
34.44,0.00914758269032908,0.0023356540267726873,0.008413207222011715,-0.019218721400240894,342.81
34.444,0.00862758269032906,0.002505654026772691,0.007903207222011705,-0.019308721400240873,342.81
34.448,0.008207582690329084,0.0029356540267726767,0.007303207222011715,-0.0195587214002409,342.81
34.452,0.00802758269032907,0.003535654026772666,0.006963207222011708,-0.01973872140024086,342.81
34.456,0.007607582690329094,0.003875654026772673,0.0065332072220117225,-0.01973872140024086,342.81
34.46,0.006837582690329101,0.0043056540267726595,0.005933207222011733,-0.01973872140024086,342.81
34.464,0.006577582690329063,0.004735654026772701,0.005593207222011726,-0.01973872140024086,342.81
34.468,0.006237582690329056,0.005165654026772687,0.005073207222011706,-0.0195587214002409,342.81
34.472,0.005717582690329091,0.005675654026772697,0.004393207222011747,-0.019308721400240873,342.81
34.476,0.005037582690329077,0.006365654026772666,0.0038732072220117267,-0.019218721400240894,342.81
34.48,0.00417758269032905,0.006795654026772652,0.00353320722201172,-0.018878721400240887,342.81
34.484,0.003317582690329078,0.007135654026772659,0.003103207222011734,-0.01853872140024088,342.81
34.488,0.0024575826903290507,0.007305654026772662,0.0025932072220117234,-0.018358721400240866,342.81
34.492,0.0017775826903290925,0.007645654026772669,0.001993207222011734,-0.01801872140024086,342.81
34.496,0.0011775826903290475,0.008075654026772655,0.0014732072220117135,-0.017678721400240908,342.81
34.5,0.00048758269032907913,0.008415654026772662,0.000963207222011703,-0.017248721400240866,342.81
34.504,5.7582690329093184e-05,0.008845654026772704,0.00036320722201171353,-0.016988721400240884,342.81
34.508,-0.0001124173096709103,0.00927565402677269,-0.0001567927779882514,-0.01681872140024088,342.81
34.512,-0.00045241730967091726,0.009615654026772696,-0.0004067927779882794,-0.016478721400240873,342.81
34.516,-0.0008824173096709032,0.010045654026772682,-0.0001567927779882514,-0.01595872140024091,342.81
34.52,-0.0015061489370530561,0.010565654026772703,-0.00031236891261452306,-0.015278721400240895,342.81
34.524,-0.002288001819968512,0.010995654026772689,-0.0007250808532367647,-0.014338721400240898,342.81
34.528,-0.0031662655285526475,0.011415654026772665,-0.0013139039049701183,-0.013648721400240874,342.81
34.532,-0.004079229632940839,0.011765654026772682,-0.001997813372929724,-0.012958721400240906,342.81
34.536,-0.004965183703268464,0.01184565402677265,-0.0026957845622307235,-0.012278721400240892,342.81
34.54,-0.005762417309670899,0.012195654026772668,-0.0033267927779882574,-0.011508721400240899,342.81
34.544,-0.006452417309670923,0.012445654026772696,-0.003926792777988247,-0.010738721400240906,342.81
34.548,-0.007132417309670937,0.012705654026772678,-0.004606792777988261,-0.009968721400240913,342.81
34.552,-0.007732417309670926,0.013045654026772685,-0.005296792777988285,-0.00918872140024091,342.81
34.556,-0.008512417309670929,0.013215654026772689,-0.006146792777988247,-0.008418721400240862,342.81
34.56,-0.009362417309670946,0.013475654026772671,-0.0069267927779882495,-0.007648721400240869,342.81
34.564,-0.010052417309670915,0.013735654026772653,-0.007776792777988267,-0.006878721400240876,342.81
34.568,-0.010912417309670942,0.013905654026772657,-0.008376792777988256,-0.006108721400240883,342.81
34.572,-0.011332417309670918,0.014165654026772695,-0.008976792777988246,-0.00533872140024089,342.81
34.576,-0.011852417309670939,0.014335654026772698,-0.009496792777988266,-0.004568721400240897,342.81
34.58,-0.012532417309670953,0.01459565402677268,-0.010096792777988256,-0.0037887214002408943,342.81
34.584,-0.013052417309670918,0.01467565402677265,-0.01077679277798827,-0.0030187214002409014,342.81
34.588,-0.013652417309670907,0.014935654026772688,-0.011376792777988259,-0.0022487214002409085,342.81
34.592,-0.014252417309670952,0.015105654026772691,-0.011976792777988248,-0.0014787214002408603,342.81
34.596,-0.014592417309670903,0.015365654026772674,-0.01240679277798829,-0.0007087214002408674,342.81
34.6,-0.015022417309670945,0.015445654026772698,-0.012746792777988297,6.127859975912551e-05,342.81
34.604,-0.01545241730967093,0.015445654026772698,-0.013176792777988283,0.0008312785997591184,342.81
34.608,-0.01596241730967094,0.015445654026772698,-0.013696792777988248,0.0016012785997591113,342.81
34.612,-0.01665241730967091,0.015445654026772698,-0.01411679277798828,0.0023812785997591145,342.81
34.616,-0.01716241730967092,0.015445654026772698,-0.014466792777988296,0.0031512785997591074,342.81
34.62,-0.017422417309670903,0.015445654026772698,-0.014896792777988282,0.0039212785997591,342.81
34.624,-0.017502417309670927,0.015445654026772698,-0.015406792777988293,0.004691278599759093,342.81
34.628,-0.017592417309670906,0.015445654026772698,-0.015746792777988246,0.005381278599759117,342.81
34.632,-0.017932417309670913,0.015445654026772698,-0.01583679277798828,0.00563127859975909,342.81
34.636,-0.018452417309670933,0.015365654026772674,-0.016176792777988287,0.005121278599759135,342.81
34.64,-0.01879241730967094,0.015365654026772674,-0.016516792777988294,0.004261278599759107,342.81
34.644,-0.018962417309670944,0.015445654026772698,-0.016866792777988256,0.004001278599759125,342.81
34.648,-0.019132417309670947,0.015445654026772698,-0.017116792777988284,0.004091278599759104,342.81
34.652,-0.019222417309670926,0.015365654026772674,-0.017466792777988245,0.004181278599759138,342.81
34.656,-0.01948241730967091,0.01519565402677267,-0.017716792777988273,0.004431278599759111,342.81
34.66,-0.019562417309670933,0.015105654026772691,-0.017976792777988256,0.004861278599759097,342.81
34.664,-0.019562417309670933,0.015015654026772657,-0.018316792777988262,0.005291278599759138,342.81
34.668,-0.019732417309670937,0.014935654026772688,-0.018576792777988245,0.00563127859975909,342.81
34.672,-0.01999241730967092,0.01467565402677265,-0.018576792777988245,0.005801278599759093,342.81
34.676,-0.0200824173096709,0.01459565402677268,-0.01874679277798825,0.00615127859975911,342.81
34.68,-0.01999241730967092,0.014335654026772698,-0.019006792777988286,0.006581278599759096,342.81
34.684,-0.019732417309670937,0.014165654026772695,-0.019006792777988286,0.006921278599759103,342.81
34.688,-0.019652417309670912,0.013815654026772678,-0.019006792777988286,0.007181278599759141,342.81
34.692,-0.019562417309670933,0.013475654026772671,-0.019006792777988286,0.007431278599759113,342.81
34.696,-0.01930241730967095,0.013305654026772668,-0.019096792777988265,0.00778127859975913,342.81
34.7,-0.019132417309670947,0.013045654026772685,-0.019096792777988265,0.008201278599759106,342.81
34.704,-0.018702417309670906,0.012615654026772699,-0.018916792777988252,0.008631278599759092,342.81
34.708,-0.01828241730967093,0.012365654026772671,-0.01866679277798828,0.0089712785997591,342.81
34.712,-0.018102417309670917,0.012195654026772668,-0.018576792777988245,0.009321278599759116,342.81
34.716,-0.017932417309670913,0.011935654026772685,-0.018496792777988276,0.009571278599759089,342.81
34.72,-0.017502417309670927,0.011675654026772703,-0.01814679277798826,0.009921278599759106,342.81
34.724,-0.01708241730967095,0.011335654026772696,-0.017896792777988287,0.010261278599759113,342.81
34.728,-0.016822417309670913,0.010905654026772654,-0.017806792777988252,0.01060127859975912,342.81
34.732,-0.016392417309670927,0.010565654026772703,-0.017376792777988266,0.01112127859975914,342.81
34.736,-0.01596241730967094,0.010135654026772661,-0.01694679277798828,0.011461278599759091,342.81
34.74,-0.015362417309670952,0.009535654026772672,-0.016516792777988294,0.011551278599759126,342.81
34.744,-0.014762417309670907,0.008935654026772683,-0.016096792777988263,0.011891278599759133,342.81
34.748,-0.014252417309670952,0.008505654026772697,-0.015666792777988277,0.012321278599759119,342.81
34.752,-0.01382241730967091,0.008075654026772655,-0.015236792777988289,0.012751278599759105,342.81
34.756,-0.013392417309670925,0.0075656540267727,-0.014896792777988282,0.013001278599759133,342.81
34.76,-0.012792417309670935,0.006965654026772655,-0.014466792777988296,0.013171278599759136,342.81
34.764,-0.012282417309670925,0.00644565402677269,-0.013866792777988251,0.013521278599759098,342.81
34.768,-0.0115924173096709,0.006105654026772683,-0.013346792777988286,0.01395127859975914,342.81
34.772,-0.010732417309670929,0.005595654026772673,-0.012746792777988297,0.014201278599759112,342.81
34.776,-0.01013241730967094,0.004905654026772649,-0.01189679277798828,0.014371278599759115,342.81
34.78,-0.009452417309670925,0.004475654026772663,-0.01129679277798829,0.014721278599759132,342.81
34.784,-0.008852417309670936,0.0037056540267726697,-0.010946792777988273,0.015061278599759139,342.81
34.788,-0.008162417309670912,0.003445654026772687,-0.010096792777988256,0.015321278599759122,342.81
34.792,-0.007562417309670923,0.0028456540267726978,-0.009496792777988266,0.015571278599759094,342.81
34.796,-0.006962417309670933,0.0019956540267726803,-0.008726792777988273,0.01566127859975913,342.81
34.8,-0.006362417309670944,0.001395654026772691,-0.007866792777988246,0.01592127859975911,342.81
34.804,-0.00568241730967093,0.0007056540267726671,-0.007096792777988253,0.016001278599759135,342.81
34.808,-0.004912417309670937,0.00019565402677265665,-0.006279224659699674,0.016091278599759114,342.81
34.812,-0.0043124173096709476,-0.0003243459732273083,-0.005437185734963344,0.016091278599759114,342.81
34.816,-0.0036224173096709236,-0.0006643459732273152,-0.004574440743232764,0.016091278599759114,342.81
34.82,-0.0028524173096709307,-0.0009243459732272977,-0.0036908579274961325,0.016351278599759097,342.81
34.824,-0.002082417309670938,-0.0012643459732273048,-0.002795760299158382,0.016351278599759097,342.81
34.828,-0.0013924173096709137,-0.0015243459732273428,-0.0018928352149980062,0.016351278599759097,342.81
34.832,-0.0003624173096709383,-0.002017069830255092,-0.0009857700317934936,0.016351278599759097,342.81
34.836,0.00040758269032905464,-0.0027400730684042553,-7.825210632333556e-05,0.016351278599759097,342.81
34.84,0.0009175826903290651,-0.0036038289947254456,0.0008260312046339777,0.016351278599759097,342.81
34.844,0.001347582690329051,-0.004518810916269274,0.0017283059606263097,0.01643127859975912,342.81
34.848,0.0018575826903290615,-0.005395492140086354,0.0026211688679848924,0.0165212785997591,342.81
34.852,0.002287582690329047,-0.0061443459732273,0.0035008551872562233,0.016351278599759097,342.81
34.856,0.002547582690329085,-0.006744345973227345,0.004363600178986802,0.016091278599759114,342.81
34.86,0.002887582690329092,-0.007344345973227334,0.005205639103723132,0.016001278599759135,342.81
34.864,0.003407582690329057,-0.007944345973227324,0.006023207222011712,0.01592127859975911,342.81
34.868,0.0039175826903290675,-0.008724345973227327,0.006793207222011705,0.01566127859975913,342.81
34.872,0.004517582690329057,-0.009574345973227344,0.006963207222011708,0.015491278599759125,342.81
34.876,0.004947582690329098,-0.010344345973227337,0.00627320722201174,0.015151278599759118,342.81
34.88,0.005547582690329088,-0.010944345973227326,0.005423207222011723,0.014801278599759101,342.81
34.884,0.006147582690329077,-0.011544345973227316,0.005593207222011726,0.014551278599759129,342.81
34.888,0.006657582690329088,-0.012144345973227305,0.0056732072220117506,0.014371278599759115,342.81
34.892,0.007087582690329074,-0.012834345973227329,0.0061932072220117155,0.01429127859975909,342.81
34.896,0.007437582690329091,-0.013264345973227315,0.006793207222011705,0.01395127859975914,342.81
34.9,0.007857582690329067,-0.013604345973227322,0.007223207222011746,0.013601278599759122,342.81
34.904,0.008377582690329087,-0.014034345973227308,0.007643207222011722,0.013091278599759112,342.81
34.908,0.008807582690329073,-0.014544345973227318,0.008163207222011743,0.012571278599759091,342.81
34.912,0.009057582690329101,-0.014974345973227304,0.008763207222011732,0.011971278599759102,342.81
34.916,0.009577582690329066,-0.015314345973227311,0.009273207222011743,0.011551278599759126,342.81
34.92,0.010007582690329052,-0.015664345973227328,0.009703207222011729,0.011031278599759105,342.81
34.924,0.010347582690329059,-0.016094345973227314,0.010133207222011715,0.01060127859975912,342.81
34.928,0.0107775826903291,-0.016604345973227325,0.010473207222011722,0.010091278599759109,342.81
34.932,0.011207582690329086,-0.01703434597322731,0.010903207222011707,0.00949127859975912,342.81
34.936,0.011627582690329062,-0.017374345973227318,0.011243207222011714,0.009061278599759134,342.81
34.94,0.011977582690329079,-0.0176343459732273,0.011413207222011718,0.008551278599759123,342.81
34.944,0.012147582690329083,-0.017804345973227304,0.011763207222011735,0.0078612785997591,342.81
34.948,0.012407582690329065,-0.01814434597322731,0.01219320722201172,0.007351278599759089,342.81
34.952,0.012827582690329097,-0.018494345973227327,0.012613207222011752,0.006831278599759124,342.81
34.956,0.013177582690329058,-0.01866434597322733,0.012873207222011735,0.0062312785997591345,342.81
34.96,0.013347582690329061,-0.018914345973227303,0.013133207222011717,0.00563127859975909,342.81
34.964,0.0136075826903291,-0.019004345973227338,0.013473207222011724,0.004951278599759131,342.81
34.968,0.013857582690329072,-0.019094345973227317,0.013813207222011731,0.004351278599759086,342.81
34.972,0.014117582690329054,-0.019344345973227345,0.014073207222011714,0.003751278599759097,342.81
34.976,0.014457582690329061,-0.019344345973227345,0.014333207222011752,0.003321278599759111,342.81
34.98,0.0147175826903291,-0.019434345973227324,0.014593207222011734,0.0027212785997591214,342.81
34.984,0.014977582690329082,-0.019434345973227324,0.014673207222011703,0.002121278599759132,342.81
34.988,0.015227582690329054,-0.019434345973227324,0.014933207222011741,0.0016012785997591113,342.81
34.992,0.015407582690329068,-0.019434345973227324,0.015193207222011723,0.0009212785997590974,342.81
34.996,0.015657582690329096,-0.019344345973227345,0.015443207222011751,0.000231278599759129,342.81
35.0,0.015657582690329096,-0.019094345973227317,0.015443207222011751,-0.00036872140024086044,342.81
35.004,0.015747582690329075,-0.019004345973227338,0.015443207222011751,-0.0009687214002409054,342.81
35.008,0.016007582690329057,-0.018914345973227303,0.015443207222011751,-0.0015687214002408948,342.81
35.012,0.016007582690329057,-0.01866434597322733,0.01553320722201173,-0.002168721400240884,342.81
35.016,0.016007582690329057,-0.018574345973227296,0.01579320722201171,-0.002848721400240898,342.81
35.02,0.016007582690329057,-0.018234345973227345,0.015873207222011736,-0.0034487214002408874,342.81
35.024,0.016007582690329057,-0.017894345973227338,0.015873207222011736,-0.004048721400240877,342.81
35.028,0.016007582690329057,-0.017714345973227325,0.015963207222011715,-0.004738721400240901,342.81
35.032,0.01608758269032908,-0.017374345973227318,0.015963207222011715,-0.005678721400240897,342.81
35.036,0.01617758269032906,-0.01694434597322733,0.015873207222011736,-0.006188721400240908,342.81
35.04,0.01608758269032908,-0.01643434597322732,0.015873207222011736,-0.0066187214002408935,342.81
35.044,0.01608758269032908,-0.01583434597322733,0.015873207222011736,-0.007308721400240862,342.81
35.048,0.01608758269032908,-0.015314345973227311,0.015703207222011732,-0.007988721400240876,342.81
35.052,0.01608758269032908,-0.014894345973227335,0.015443207222011751,-0.008588721400240865,342.81
35.056,0.01608758269032908,-0.01446434597322735,0.015443207222011751,-0.009108721400240886,342.81
35.06,0.0158275826903291,-0.013944345973227329,0.015363207222011727,-0.009708721400240875,342.81
35.064,0.015747582690329075,-0.013379589664078343,0.015193207222011723,-0.010308721400240865,342.81
35.068,0.015657582690329096,-0.012799044512593359,0.015193207222011723,-0.010988721400240879,342.81
35.072,0.015487582690329092,-0.012203977583832477,0.015193207222011723,-0.011508721400240899,342.81
35.076,0.015227582690329054,-0.011595655942855792,0.014933207222011741,-0.011848721400240906,342.81
35.08,0.015147582690329085,-0.010975346654723404,0.014933207222011741,-0.012368721400240871,342.81
35.084,0.014807582690329078,-0.010344316784495412,0.014673207222011703,-0.013048721400240885,342.81
35.088,0.014547582690329096,-0.009703833397231916,0.014593207222011734,-0.013558721400240895,342.81
35.092,0.014377582690329092,-0.00905516355799301,0.014243207222011717,-0.013908721400240912,342.81
35.096,0.014027582690329075,-0.008399574331838792,0.013993207222011745,-0.014418721400240867,342.81
35.1,0.013777582690329047,-0.0077383327838293665,0.013733207222011707,-0.015108721400240891,342.81
35.104,0.013517582690329065,-0.007072705979024828,0.013133207222011717,-0.015618721400240902,342.81
35.108,0.013177582690329058,-0.006403960982485271,0.012963207222011714,-0.01595872140024091,342.81
35.112,0.012827582690329097,-0.0057333648592708,0.012703207222011731,-0.01621872140024089,342.81
35.116,0.012577582690329069,-0.00506218467444151,0.012533207222011728,-0.016478721400240873,342.81
35.12,0.012407582690329065,-0.004391687493057501,0.01219320722201172,-0.01681872140024088,342.81
35.124,0.011977582690329079,-0.0037231403801788695,0.011763207222011735,-0.017158721400240887,342.81
35.128,0.011457582690329059,-0.0030578104008657145,0.011413207222011718,-0.017588721400240873,342.81
35.132,0.011207582690329086,-0.0023969646201781355,0.010993207222011742,-0.01793872140024089,342.81
35.136,0.010947582690329048,-0.0017418701031762297,0.010473207222011722,-0.018108721400240894,342.81
35.14,0.010607582690329097,-0.0010937939149200937,0.010043207222011736,-0.018358721400240866,342.81
35.144,0.010347582690329059,-0.0004540031204698273,0.009703207222011729,-0.018618721400240904,342.81
35.148,0.010087582690329076,0.00017623521511446916,0.009193207222011718,-0.018878721400240887,342.81
35.152,0.009827582690329094,0.0007956540267727016,0.008593207222011729,-0.01904872140024089,342.81
35.156,0.009487582690329087,0.001395654026772691,0.008073207222011708,-0.019308721400240873,342.81
35.16,0.00914758269032908,0.0019956540267726803,0.007643207222011722,-0.019388721400240897,342.81
35.164,0.008807582690329073,0.0025956540267726698,0.007303207222011715,-0.019388721400240897,342.81
35.168,0.008207582690329084,0.0028456540267726978,0.006873207222011729,-0.01964872140024088,342.81
35.172,0.007607582690329094,0.003535654026772666,0.006363207222011719,-0.01964872140024088,342.81
35.176,0.007087582690329074,0.004045654026772677,0.0057632072220117295,-0.01973872140024086,342.81
35.18,0.006577582690329063,0.004735654026772701,0.005243207222011709,-0.01973872140024086,342.81
35.184,0.005977582690329074,0.005245654026772656,0.004733207222011754,-0.0195587214002409,342.81
35.188,0.005377582690329084,0.005765654026772676,0.004393207222011747,-0.019218721400240894,342.81
35.192,0.004857582690329064,0.006365654026772666,0.003963207222011706,-0.01895872140024091,342.81
35.196,0.0040075826903290465,0.006705654026772673,0.003443207222011741,-0.018708721400240883,342.81
35.2,0.0032375826903290536,0.00704565402677268,0.0028432072220117514,-0.018358721400240866,342.81
35.204,0.002287582690329047,0.007305654026772662,0.002333207222011741,-0.018108721400240894,342.81
35.208,0.001607582690329089,0.007645654026772669,0.001903207222011755,-0.018108721400240894,342.81
35.212,0.0009175826903290651,0.008075654026772655,0.001563207222011748,-0.01793872140024089,342.81
35.216,0.0005775826903290581,0.008505654026772697,0.000963207222011703,-0.017508721400240904,342.81
35.22,0.00023758269032905116,0.008935654026772683,0.00036320722201171353,-0.017158721400240887,342.81
35.224,-0.0002824173096709138,0.00927565402677269,2.320722201170657e-05,-0.01681872140024088,342.81
35.228,-0.0005424173096709518,0.009705654026772675,0.00010320722201173106,-0.01630872140024087,342.81
35.232,-0.001025861510822943,0.010135654026772661,-3.596084052316488e-05,-0.01570872140024088,342.81
35.236,-0.0017022891219625133,0.010565654026772703,-0.0004087972447666025,-0.01518872140024086,342.81
35.24,-0.002534278116440864,0.010995654026772689,-0.0009483003156767073,-0.014678721400240905,342.81
35.244,-0.003452056963354438,0.011245654026772661,-0.0015874683782116038,-0.013988721400240881,342.81
35.248,-0.0043858541317996795,0.011595654026772678,-0.002259299757329417,-0.013308721400240867,342.81
35.252,-0.005265898090873032,0.011765654026772682,-0.0028967927779882715,-0.012708721400240878,342.81
35.256,-0.006022417309670937,0.012105654026772689,-0.0035767927779882854,-0.012108721400240888,342.81
35.26,-0.006622417309670926,0.012445654026772696,-0.004176792777988275,-0.011418721400240864,342.81
35.264,-0.00731241730967095,0.012615654026772699,-0.004866792777988243,-0.010738721400240906,342.81
35.268,-0.007992417309670909,0.01296565402677266,-0.005636792777988292,-0.010048721400240882,342.81
35.272,-0.008592417309670954,0.013305654026772668,-0.006406792777988285,-0.009368721400240868,342.81
35.276,-0.009452417309670925,0.013475654026772671,-0.0072667927779882565,-0.0086787214002409,342.81
35.28,-0.010222417309670918,0.013735654026772653,-0.007866792777988246,-0.007988721400240876,342.81
35.284,-0.010912417309670942,0.013815654026772678,-0.008636792777988294,-0.007308721400240862,342.81
35.288,-0.011512417309670932,0.01407565402677266,-0.00914679277798825,-0.0066187214002408935,342.81
35.292,-0.012192417309670946,0.014335654026772698,-0.009496792777988266,-0.00593872140024088,342.81
35.296,-0.01271241730967091,0.01459565402677268,-0.010006792777988277,-0.005248721400240911,342.81
35.3,-0.013132417309670942,0.01467565402677265,-0.010866792777988249,-0.004568721400240897,342.81
35.304,-0.013732417309670931,0.014935654026772688,-0.011636792777988297,-0.0038787214002408733,342.81
35.308,-0.014162417309670917,0.015105654026772691,-0.012066792777988283,-0.003188721400240905,342.81
35.312,-0.014682417309670938,0.015365654026772674,-0.01240679277798829,-0.002508721400240891,342.81
35.316,-0.015192417309670948,0.015445654026772698,-0.012746792777988297,-0.0018187214002408673,342.81
35.32,-0.015792417309670938,0.015445654026772698,-0.013176792777988283,-0.0011387214002409089,342.81
35.324,-0.016302417309670948,0.015445654026772698,-0.013696792777988248,-0.00044872140024088494,342.81
35.328,-0.016822417309670913,0.015445654026772698,-0.01411679277798828,0.000231278599759129,342.81
35.332,-0.01716241730967092,0.015365654026772674,-0.014466792777988296,0.0009212785997590974,342.81
35.336,-0.017592417309670906,0.015445654026772698,-0.014976792777988251,0.0016012785997591113,342.81
35.34,-0.017932417309670913,0.015445654026772698,-0.015746792777988246,0.0022912785997591355,342.81
35.344,-0.018022417309670948,0.015445654026772698,-0.01583679277798828,0.002981278599759104,342.81
35.348,-0.01828241730967093,0.015445654026772698,-0.016096792777988263,0.003661278599759118,342.81
35.352,-0.018452417309670933,0.015445654026772698,-0.01643679277798827,0.004001278599759125,342.81
35.356,-0.01879241730967094,0.015445654026772698,-0.016696792777988252,0.0038312785997591213,342.81
35.36,-0.019132417309670947,0.015365654026772674,-0.01703679277798826,0.004001278599759125,342.81
35.364,-0.01930241730967095,0.015445654026772698,-0.017466792777988245,0.004001278599759125,342.81
35.368,-0.019562417309670933,0.015445654026772698,-0.017806792777988252,0.004181278599759138,342.81
35.372,-0.019562417309670933,0.015365654026772674,-0.017976792777988256,0.00452127859975909,342.81
35.376,-0.019652417309670912,0.01519565402677267,-0.018236792777988294,0.004861278599759097,342.81
35.38,-0.01990241730967094,0.015105654026772691,-0.018316792777988262,0.005291278599759138,342.81
35.384,-0.0200824173096709,0.014935654026772688,-0.018576792777988245,0.005721278599759124,342.81
35.388,-0.0200824173096709,0.01467565402677265,-0.01874679277798825,0.006061278599759131,342.81
35.392,-0.0200824173096709,0.01459565402677268,-0.019006792777988286,0.0062312785997591345,342.81
35.396,-0.01999241730967092,0.014335654026772698,-0.019006792777988286,0.006491278599759117,342.81
35.4,-0.01990241730967094,0.014165654026772695,-0.019006792777988286,0.006921278599759103,342.81
35.404,-0.019652417309670912,0.013905654026772657,-0.019096792777988265,0.007351278599759089,342.81
35.408,-0.019562417309670933,0.01356565402677265,-0.019096792777988265,0.00778127859975913,342.81
35.412,-0.01930241730967095,0.013395654026772702,-0.019096792777988265,0.008031278599759103,342.81
35.416,-0.019222417309670926,0.013045654026772685,-0.019006792777988286,0.00829127859975914,342.81
35.42,-0.01888241730967092,0.012615654026772699,-0.019016792777988296,0.008621278599759138,342.81
35.424,-0.018452417309670933,0.012365654026772671,-0.019006792777988286,0.0089712785997591,342.81
35.428,-0.018112417309670927,0.012185654026772658,-0.01875679277798826,0.00940127859975914,342.81
35.432,-0.017852417309670944,0.011935654026772685,-0.018576792777988245,0.009831278599759127,342.81
35.436,-0.017512417309670937,0.011755654026772672,-0.018246792777988248,0.010171278599759134,342.81
35.44,-0.01716241730967092,0.011335654026772696,-0.017976792777988256,0.010431278599759116,342.81
35.444,-0.016742417309670944,0.0108956540267727,-0.017816792777988262,0.010771278599759123,342.81
35.448,-0.016302417309670948,0.010565654026772703,-0.017376792777988266,0.01112127859975914,342.81
35.452,-0.015712417309670913,0.010045654026772682,-0.01695679277798829,0.011451278599759137,342.81
35.456,-0.015102417309670914,0.009445654026772693,-0.016606792777988273,0.011801278599759098,342.81
35.46,-0.014682417309670938,0.008925654026772673,-0.016186792777988297,0.012051278599759126,342.81
35.464,-0.014252417309670952,0.008505654026772697,-0.015746792777988246,0.012401278599759088,342.81
35.468,-0.013742417309670941,0.0080656540267727,-0.015416792777988247,0.012651278599759116,342.81
35.472,-0.013132417309670942,0.007475654026772666,-0.014976792777988251,0.013171278599759136,342.81
35.476,-0.01271241730967091,0.006865654026772666,-0.014386792777988272,0.013511278599759088,342.81
35.48,-0.012022417309670942,0.00644565402677269,-0.013776792777988272,0.013691278599759101,342.81
35.484,-0.011432417309670907,0.00592565402677267,-0.013186792777988293,0.01394127859975913,342.81
35.488,-0.010822417309670908,0.005245654026772656,-0.012326792777988265,0.014201278599759112,342.81
35.492,-0.01014241730967095,0.00481565402677267,-0.011726792777988276,0.01445127859975914,342.81
35.496,-0.009452417309670925,0.004395654026772694,-0.011126792777988287,0.014801278599759101,342.81
35.5,-0.008862417309670946,0.0036956540267726596,-0.010446792777988273,0.015051278599759129,342.81
35.504,-0.008162417309670912,0.003445654026772687,-0.009836792777988273,0.015231278599759087,342.81
35.508,-0.007572417309670933,0.0029256540267726667,-0.009246792777988294,0.015481278599759115,342.81
35.512,-0.006882417309670909,0.0020756540267726493,-0.008498658851621519,0.015751278599759107,342.81
35.516,-0.00620241730967095,0.00147565402677266,-0.007634586152318441,0.0159112785997591,342.81
35.52,-0.005592417309670951,0.0007956540267727016,-0.006702780291305583,0.016001278599759135,342.81
35.524,-0.005002417309670916,0.00018565402677270216,-0.005751446879809466,0.016251278599759108,342.81
35.528,-0.0043924173096709165,-0.0004043459732273328,-0.004828791529056613,0.016351278599759097,342.81
35.532,-0.003542417309670899,-0.0006743459732273252,-0.003983019850273546,0.016341278599759087,342.81
35.536,-0.0025924173096709482,-0.0009243459732272977,-0.0032367927779882785,0.016351278599759097,342.81
35.54,-0.001912417309670934,-0.0011843459732273358,-0.002726792777988268,0.016341278599759087,342.81
35.544,-0.0012224173096709102,-0.0013543459732273393,-0.0022067927779882476,0.016351278599759097,342.81
35.548,-0.0005424173096709518,-0.0015243459732273428,-0.0017067927779882471,0.01642127859975911,342.81
35.552,0.00031758269032907565,-0.0019573204390124343,-0.0010967927779882477,0.0165212785997591,342.81
35.556,0.0009975826903290896,-0.0026979340576714916,-0.0005867927779882929,0.01642127859975911,342.81
35.56,0.0015175826903290545,-0.0036430651248135133,-6.679277798827242e-05,0.01643127859975912,342.81
35.564,0.0021075826903290892,-0.004689591936047495,0.00044320722201173803,0.016341278599759087,342.81
35.568,0.002637582690329064,-0.005734392786982434,0.000963207222011703,0.016091278599759114,342.81
35.572,0.002967582690329061,-0.00667434597322733,0.0014732072220117135,0.015991278599759125,342.81
35.576,0.0032375826903290536,-0.007524345973227348,0.001993207222011734,0.015831278599759132,342.81
35.58,0.003397582690329047,-0.00829434597322734,0.0024932072220117344,0.015571278599759094,342.81
35.584,0.0038375826903290985,-0.008974345973227299,0.0030232072220117093,0.015491278599759125,342.81
35.588,0.004427582690329078,-0.009754345973227302,0.0036132072220117443,0.015141278599759108,342.81
35.592,0.004947582690329098,-0.010344345973227337,0.004473207222011716,0.014891278599759136,342.81
35.596,0.005537582690329078,-0.010874345973227312,0.005323207222011734,0.014621278599759088,342.81
35.6,0.006317582690329081,-0.011544345973227316,0.005593207222011726,0.014371278599759115,342.81
35.604,0.006997582690329095,-0.012074345973227346,0.0057532072220117195,0.014281278599759136,342.81
35.608,0.007347582690329056,-0.012574345973227347,0.006363207222011719,0.01395127859975914,342.81
35.612,0.00750758269032905,-0.013274345973227325,0.00678320722201175,0.013511278599759088,342.81
35.616,0.007857582690329067,-0.013944345973227329,0.00739320722201175,0.013171278599759136,342.81
35.62,0.008197582690329074,-0.014474345973227304,0.00798320722201173,0.012741278599759095,342.81
35.624,0.00862758269032906,-0.014974345973227304,0.008413207222011715,0.012321278599759119,342.81
35.628,0.009057582690329101,-0.015324345973227321,0.008843207222011757,0.011881278599759123,342.81
35.632,0.009487582690329087,-0.015664345973227328,0.009363207222011722,0.011371278599759112,342.81
35.636,0.009827582690329094,-0.016094345973227314,0.009783207222011753,0.010771278599759123,342.81
35.64,0.01025758269032908,-0.016514345973227346,0.010133207222011715,0.010261278599759113,342.81
35.644,0.01076758269032909,-0.016784345973227338,0.010553207222011746,0.009821278599759117,342.81
35.648,0.011207582690329086,-0.01703434597322731,0.010993207222011742,0.009231278599759137,342.81
35.652,0.011627582690329062,-0.017464345973227297,0.011413207222011718,0.008621278599759138,342.81
35.656,0.012057582690329048,-0.017894345973227338,0.011843207222011704,0.008201278599759106,342.81
35.66,0.012307582690329076,-0.01815434597322732,0.01218320722201171,0.007681278599759141,342.81
35.664,0.012407582690329065,-0.018314345973227314,0.012443207222011749,0.007091278599759106,342.81
35.668,0.012827582690329097,-0.01866434597322733,0.012693207222011721,0.006481278599759107,342.81
35.672,0.013257582690329082,-0.018914345973227303,0.013043207222011738,0.005891278599759128,342.81
35.676,0.013427582690329086,-0.019094345973227317,0.013383207222011745,0.005371278599759107,342.81
35.68,0.013687582690329068,-0.01926434597322732,0.013643207222011728,0.004781278599759128,342.81
35.684,0.014027582690329075,-0.019444345973227334,0.013813207222011731,0.004171278599759128,342.81
35.688,0.014377582690329092,-0.019434345973227324,0.014073207222011714,0.0035812785997590933,342.81
35.692,0.014537582690329086,-0.019444345973227334,0.014233207222011707,0.002971278599759094,342.81
35.696,0.014807582690329078,-0.019434345973227324,0.014593207222011734,0.002551278599759118,342.81
35.7,0.014877582690329093,-0.019614345973227337,0.014753207222011728,0.0020312785997590975,342.81
35.704,0.015147582690329085,-0.01951434597322735,0.01501320722201171,0.0012612785997591044,342.81
35.708,0.015317582690329089,-0.019434345973227324,0.015193207222011723,0.0006612785997591149,342.81
35.712,0.015577582690329071,-0.019344345973227345,0.015363207222011727,6.127859975912551e-05,342.81
35.716,0.015747582690329075,-0.019434345973227324,0.015363207222011727,-0.00044872140024088494,342.81
35.72,0.016007582690329057,-0.019344345973227345,0.015363207222011727,-0.0009687214002409054,342.81
35.724,0.01608758269032908,-0.019094345973227317,0.015363207222011727,-0.0015687214002408948,342.81
35.728,0.01608758269032908,-0.018914345973227303,0.01553320722201173,-0.002168721400240884,342.81
35.732,0.01608758269032908,-0.018574345973227296,0.01579320722201171,-0.0027687214002408735,342.81
35.736,0.01608758269032908,-0.018314345973227314,0.015963207222011715,-0.003368721400240863,342.81
35.74,0.01608758269032908,-0.01814434597322731,0.015963207222011715,-0.004138721400240911,342.81
35.744,0.01617758269032906,-0.017714345973227325,0.015873207222011736,-0.004908721400240904,342.81
35.748,0.01617758269032906,-0.01729434597322735,0.015873207222011736,-0.005678721400240897,342.81
35.752,0.01608758269032908,-0.01694434597322733,0.015873207222011736,-0.006188721400240908,342.81
35.756,0.01608758269032908,-0.016514345973227346,0.015873207222011736,-0.006788721400240897,342.81
35.76,0.01608758269032908,-0.016004345973227335,0.015873207222011736,-0.0073887214002408864,342.81
35.764,0.01617758269032906,-0.015404345973227346,0.01579320722201171,-0.007908721400240907,342.81
35.768,0.01617758269032906,-0.014974345973227304,0.01553320722201173,-0.008508721400240896,342.81
35.772,0.01608758269032908,-0.014544345973227318,0.01553320722201173,-0.009108721400240886,342.81
35.776,0.0158275826903291,-0.014114345973227332,0.015363207222011727,-0.009708721400240875,342.81
35.78,0.015747582690329075,-0.013434345973227318,0.015103207222011744,-0.010218721400240886,342.81
35.784,0.015577582690329071,-0.01270722694481805,0.015103207222011744,-0.010738721400240906,342.81
35.788,0.015317582690329089,-0.011940636195913098,0.01501320722201171,-0.011338721400240896,342.81
35.792,0.015147582690329085,-0.011163813225407007,0.014843207222011707,-0.011848721400240906,342.81
35.796,0.014887582690329047,-0.010405997532194322,0.014763207222011738,-0.012278721400240892,342.81
35.8,0.014807582690329078,-0.009696428615169584,0.01441320722201172,-0.012788721400240902,342.81
35.804,0.014457582690329061,-0.009064345973227333,0.014333207222011752,-0.013388721400240892,342.81
35.808,0.014117582690329054,-0.008544345973227313,0.014073207222011714,-0.013908721400240912,342.81
35.812,0.013947582690329051,-0.007944345973227324,0.013643207222011728,-0.014338721400240898,342.81
35.816,0.0136075826903291,-0.007434345973227313,0.013643207222011728,-0.014678721400240905,342.81
35.82,0.013177582690329058,-0.006924345973227303,0.013393207222011755,-0.014938721400240888,342.81
35.824,0.012917582690329076,-0.006404345973227338,0.013043207222011738,-0.015448721400240898,342.81
35.828,0.012577582690329069,-0.005894345973227327,0.012533207222011728,-0.01595872140024091,342.81
35.832,0.01248758269032909,-0.005374345973227307,0.012103207222011742,-0.016478721400240873,342.81
35.836,0.012317582690329086,-0.0048643459732272964,0.011843207222011704,-0.01681872140024088,342.81
35.84,0.0118875826903291,-0.0043443459732273315,0.011763207222011735,-0.017078721400240863,342.81
35.844,0.011547582690329093,-0.0038343459732273215,0.011333207222011749,-0.0173387214002409,342.81
35.848,0.011457582690329059,-0.0031341988421490045,0.010733207222011704,-0.017678721400240908,342.81
35.852,0.011117582690329052,-0.002284346104205784,0.010133207222011715,-0.01793872140024089,342.81
35.856,0.0107775826903291,-0.001348163588388001,0.00961320722201175,-0.018108721400240894,342.81
35.86,0.010427582690329083,-0.00038902712368599766,0.009193207222011718,-0.0184487214002409,342.81
35.864,0.01025758269032908,0.0005296874609098848,0.008843207222011757,-0.018788721400240908,342.81
35.868,0.010007582690329052,0.001344604336409305,0.00850320722201175,-0.018878721400240887,342.81
35.872,0.009407582690329062,0.0020274602571822052,0.008163207222011743,-0.01895872140024091,342.81
35.876,0.008887582690329097,0.002505654026772691,0.007643207222011722,-0.019218721400240894,342.81
35.88,0.00854758269032909,0.0026756540267726943,0.006963207222011708,-0.019218721400240894,342.81
35.884,0.007947582690329101,0.003445654026772687,0.0064432072220117435,-0.019388721400240897,342.81
35.888,0.007347582690329056,0.004045654026772677,0.006023207222011712,-0.01964872140024088,342.81
35.892,0.006747582690329067,0.004735654026772701,0.005503207222011747,-0.01964872140024088,342.81
35.896,0.006237582690329056,0.005075654026772652,0.005073207222011706,-0.01964872140024088,342.81
35.9,0.00580758269032907,0.005425654026772669,0.00464320722201172,-0.019388721400240897,342.81
35.904,0.00528758269032905,0.006025654026772659,0.00404320722201173,-0.01904872140024089,342.81
35.908,0.004517582690329057,0.00644565402677269,0.0036232072220117543,-0.018878721400240887,342.81
35.912,0.003747582690329064,0.006875654026772676,0.003103207222011734,-0.018708721400240883,342.81
35.916,0.002977582690329071,0.007225654026772693,0.002673207222011748,-0.0184487214002409,342.81
35.92,0.0020375826903290747,0.007735654026772704,0.0021632072220117374,-0.018188721400240863,342.81
35.924,0.0014375826903290855,0.008245654026772659,0.0014732072220117135,-0.01801872140024086,342.81
35.928,0.0008375826903290961,0.008505654026772697,0.000963207222011703,-0.017758721400240877,342.81
35.932,5.7582690329093184e-05,0.008935654026772683,0.0006232072220117515,-0.017508721400240904,342.81
35.936,-0.0003624173096709383,0.009365654026772668,0.00019320722201171005,-0.017158721400240887,342.81
35.94,-0.0007124173096708997,0.009795654026772654,-0.0002367927779882759,-0.01681872140024088,342.81
35.944,-0.0012224173096709102,0.010135654026772661,0.00010320722201173106,-0.016478721400240873,342.81
35.948,-0.001912417309670934,0.0103956540267727,0.00036320722201171353,-0.015878721400240884,342.81
35.952,-0.0025124173096709237,0.010565654026772703,-0.0002367927779882759,-0.015263980891239575,342.81
35.956,-0.0032824173096709167,0.010905654026772654,-0.0006667927779882618,-0.014627894304988492,342.81
35.96,-0.003962417309670931,0.011335654026772696,-0.0012667927779882512,-0.013972489770940028,342.81
35.964,-0.004652417309670899,0.011765654026772682,-0.0018667927779882961,-0.013299795418546591,342.81
35.968,-0.005592417309670951,0.012105654026772689,-0.0028067927779882925,-0.012611839377260577,342.81
35.972,-0.006362417309670944,0.012275654026772692,-0.0036667927779882644,-0.011910649776534391,342.81
35.976,-0.006962417309670933,0.012615654026772699,-0.004266792777988254,-0.011198254745820436,342.81
35.98,-0.007652417309670902,0.012875654026772682,-0.005126792777988281,-0.01047668241457111,342.81
35.984,-0.00842241730967095,0.013135654026772664,-0.005976792777988243,-0.009747960912238812,342.81
35.988,-0.009112417309670919,0.013475654026772671,-0.006666792777988267,-0.009014118368275951,342.81
35.992,-0.009882417309670911,0.013815654026772678,-0.007346792777988281,-0.008277182912134922,342.81
35.996,-0.010392417309670922,0.013995654026772691,-0.008206792777988253,-0.007539182673268131,342.81
36.0,-0.01125241730967095,0.014165654026772695,-0.008806792777988298,-0.0068021457811279756,342.81
36.004,-0.011762417309670904,0.014335654026772698,-0.009406792777988287,-0.00606810036516686,342.81
36.008,-0.01236241730967095,0.01459565402677268,-0.01026679277798826,-0.005339074554837184,342.81
36.012,-0.012962417309670939,0.014765654026772684,-0.01077679277798827,-0.0046170964795913495,342.81
36.016,-0.013392417309670925,0.015015654026772657,-0.011126792777988287,-0.0039041942688817577,342.81
36.02,-0.013902417309670935,0.01519565402677267,-0.011546792777988263,-0.003202396052160812,342.81
36.024,-0.014502417309670924,0.015365654026772674,-0.011976792777988248,-0.0025137299588809106,342.81
36.028,-0.015022417309670945,0.015445654026772698,-0.012496792777988269,-0.001840224118494458,342.81
36.032,-0.01545241730967093,0.015445654026772698,-0.012926792777988255,-0.0011839066604538535,342.81
36.036,-0.015882417309670917,0.015445654026772698,-0.013266792777988262,-0.0005468057142115005,342.81
36.04,-0.016392417309670927,0.015445654026772698,-0.013606792777988269,6.905059078020337e-05,342.81
36.044,-0.016822417309670913,0.015445654026772698,-0.014036792777988255,0.0006616341250688521,342.81
36.048,-0.01708241730967095,0.015445654026772698,-0.014466792777988296,0.0012289167592020465,342.81
36.052,-0.017422417309670903,0.015445654026772698,-0.014806792777988248,0.0017688703637273827,342.81
36.056,-0.017592417309670906,0.01570565402677268,-0.015316792777988258,0.0022794668091924647,342.81
36.06,-0.017932417309670913,0.01579565402677266,-0.016006792777988284,0.0027586779661448874,342.81
36.064,-0.0183624173096709,0.015965654026772663,-0.01643679277798827,0.0032044757051322495,342.81
36.068,-0.018622417309670937,0.016135654026772667,-0.016696792777988252,0.003614831896702147,342.81
36.072,-0.01888241730967092,0.015875654026772684,-0.01703679277798826,0.003987718411402183,342.81
36.076,-0.019132417309670947,0.015615654026772702,-0.01703679277798826,0.004321107119779954,342.81
36.08,-0.01939241730967093,0.015445654026772698,-0.017296792777988297,0.0046129698923830596,342.81
36.084,-0.019652417309670912,0.015365654026772674,-0.01763679277798825,0.004861278599759097,342.81
36.088,-0.019652417309670912,0.015365654026772674,-0.017806792777988252,0.0050312785997591,342.81
36.092,-0.019652417309670912,0.015105654026772691,-0.01806679277798829,0.005381278599759117,342.81
36.096,-0.019732417309670937,0.015105654026772691,-0.018236792777988294,0.005721278599759124,342.81
36.1,-0.01999241730967092,0.015015654026772657,-0.018496792777988276,0.0059812785997591066,342.81
36.104,-0.0200824173096709,0.014845654026772653,-0.01866679277798828,0.0062312785997591345,342.81
36.108,-0.0200824173096709,0.01459565402677268,-0.018916792777988252,0.006581278599759096,342.81
36.112,-0.01990241730967094,0.014245654026772664,-0.019006792777988286,0.006831278599759124,342.81
36.116,-0.019652417309670912,0.014165654026772695,-0.019096792777988265,0.0070012785997591274,342.81
36.12,-0.019562417309670933,0.013815654026772678,-0.019006792777988286,0.007351278599759089,342.81
36.124,-0.01930241730967095,0.01356565402677265,-0.019006792777988286,0.00778127859975913,342.81
36.128,-0.019132417309670947,0.013305654026772668,-0.019006792777988286,0.008201278599759106,342.81
36.132,-0.01888241730967092,0.01296565402677266,-0.019006792777988286,0.008721278599759127,342.81
36.136,-0.01879241730967094,0.012705654026772678,-0.019006792777988286,0.009061278599759134,342.81
36.14,-0.018452417309670933,0.012445654026772696,-0.01874679277798825,0.009151278599759113,342.81
36.144,-0.018022417309670948,0.012105654026772689,-0.018576792777988245,0.00940127859975914,342.81
36.148,-0.017502417309670927,0.011765654026772682,-0.018316792777988262,0.009921278599759106,342.81
36.152,-0.01708241730967095,0.011415654026772665,-0.01814679277798826,0.010351278599759092,342.81
36.156,-0.016822417309670913,0.010995654026772689,-0.017716792777988273,0.010521278599759095,342.81
36.16,-0.016392417309670927,0.010475654026772668,-0.017296792777988297,0.010771278599759123,342.81
36.164,-0.01596241730967094,0.010045654026772682,-0.01694679277798828,0.01112127859975914,342.81
36.168,-0.01545241730967093,0.009705654026772675,-0.016696792777988252,0.011461278599759091,342.81
36.172,-0.015022417309670945,0.009365654026772668,-0.01643679277798827,0.011801278599759098,342.81
36.176,-0.014682417309670938,0.008935654026772683,-0.016006792777988284,0.012061278599759136,342.81
36.18,-0.013992417309670914,0.008415654026772662,-0.015406792777988293,0.012401278599759088,342.81
36.184,-0.013482417309670904,0.007815654026772673,-0.014976792777988251,0.012661278599759126,342.81
36.188,-0.012962417309670939,0.007305654026772662,-0.014466792777988296,0.013091278599759112,342.81
36.192,-0.01236241730967095,0.006705654026772673,-0.014036792777988255,0.013351278599759094,342.81
36.196,-0.011852417309670939,0.006105654026772683,-0.01351679277798829,0.013601278599759122,342.81
36.2,-0.01125241730967095,0.005595654026772673,-0.012926792777988255,0.014031278599759108,342.81
36.204,-0.0104824173096709,0.005075654026772652,-0.012496792777988269,0.014461278599759094,342.81
36.208,-0.009712417309670908,0.004475654026772663,-0.011976792777988248,0.014721278599759132,342.81
36.212,-0.009112417309670919,0.004045654026772677,-0.011206792777988256,0.014801278599759101,342.81
36.216,-0.008512417309670929,0.0037056540267726697,-0.010436792777988263,0.015061278599759139,342.81
36.22,-0.007822417309670905,0.003195654026772659,-0.009746792777988294,0.015231278599759087,342.81
36.224,-0.00731241730967095,0.0025956540267726698,-0.00914679277798825,0.015491278599759125,342.81
36.228,-0.006532417309670947,0.0019056540267727014,-0.008376792777988256,0.01566127859975913,342.81
36.232,-0.005932417309670902,0.0012256540267726874,-0.007560921744257867,0.01592127859975911,342.81
36.236,-0.005252417309670944,0.0006256540267726981,-0.006723988873523932,0.016001278599759135,342.81
36.24,-0.004652417309670899,-0.0001543459732273048,-0.005869197411598449,0.016091278599759114,342.81
36.244,-0.003915932791487837,-0.0010043459732273223,-0.004999750604293418,0.016261278599759118,342.81
36.248,-0.0030842022157285473,-0.0015243459732273428,-0.004118851697420836,0.016091278599759114,342.81
36.252,-0.0021931207277068173,-0.0019543459732273287,-0.0032297039367926985,0.016001278599759135,342.81
36.256,-0.0012785834727364334,-0.002464345973227339,-0.0023355105682210065,0.016091278599759114,342.81
36.26,-0.0003764855961311828,-0.0029743459732273496,-0.0014394748375177562,0.01643127859975912,342.81
36.264,0.0004772777567951472,-0.0034943459732273145,-0.0005447999904949456,0.01643127859975912,342.81
36.268,0.0012735207158282402,-0.0040043459732273246,0.0003453107270354275,0.01643127859975912,342.81
36.272,0.001947582690329096,-0.0043443459732273315,0.0012406063000007404,0.01643127859975912,342.81
36.276,0.0024575826903290507,-0.004604345973227314,0.002126424213117321,0.016091278599759114,342.81
36.28,0.0027175826903290887,-0.005374345973227307,0.0030013318475578107,0.016001278599759135,342.81
36.284,0.0030575826903290956,-0.006064345973227331,0.003863896584494852,0.016001278599759135,342.81
36.288,0.003317582690329078,-0.007094345973227306,0.004712685805101089,0.01592127859975911,342.81
36.292,0.0034875826903290816,-0.007864345973227299,0.005546266890549163,0.015751278599759107,342.81
36.296,0.0038375826903290985,-0.008464345973227344,0.006363207222011719,0.015491278599759125,342.81
36.3,0.004087582690329071,-0.009234345973227337,0.007133207222011712,0.015231278599759087,342.81
36.304,0.0046875826903290604,-0.01000434597322733,0.007733207222011757,0.015151278599759118,342.81
36.308,0.005377582690329084,-0.010694345973227298,0.00799320722201174,0.014801278599759101,342.81
36.312,0.005977582690329074,-0.011204345973227309,0.008073207222011708,0.014461278599759094,342.81
36.316,0.006487582690329084,-0.011804345973227298,0.007563207222011753,0.014371278599759115,342.81
36.32,0.006747582690329067,-0.012664345973227326,0.006703207222011726,0.01429127859975909,342.81
36.324,0.007177582690329053,-0.013264345973227315,0.0065332072220117225,0.01395127859975914,342.81
36.328,0.007857582690329067,-0.013694345973227301,0.006963207222011708,0.013601278599759122,342.81
36.332,0.00862758269032906,-0.014114345973227332,0.007643207222011722,0.013091278599759112,342.81
36.336,0.00914758269032908,-0.01446434597322735,0.008073207222011708,0.012661278599759126,342.81
36.34,0.009487582690329087,-0.014894345973227335,0.00850320722201175,0.012321278599759119,342.81
36.344,0.00974758269032907,-0.015404345973227346,0.008933207222011736,0.011971278599759102,342.81
36.348,0.010007582690329052,-0.01583434597322733,0.009273207222011743,0.011461278599759091,342.81
36.352,0.01025758269032908,-0.016094345973227314,0.00961320722201175,0.010691278599759099,342.81
36.356,0.010347582690329059,-0.016514345973227346,0.010043207222011736,0.010261278599759113,342.81
36.36,0.0107775826903291,-0.01694434597322733,0.010563207222011756,0.009921278599759106,342.81
36.364,0.011207582690329086,-0.017374345973227318,0.010993207222011742,0.00940127859975914,342.81
36.368,0.011627582690329062,-0.0176343459732273,0.011333207222011749,0.008631278599759092,342.81
36.372,0.012057582690329048,-0.017894345973227338,0.011763207222011735,0.008201278599759106,342.81
36.376,0.012227582690329052,-0.018234345973227345,0.01219320722201172,0.00778127859975913,342.81
36.38,0.01248758269032909,-0.018494345973227327,0.012443207222011749,0.007181278599759141,342.81
36.384,0.012827582690329097,-0.01866434597322733,0.012613207222011752,0.006581278599759096,342.81
36.388,0.013257582690329082,-0.018914345973227303,0.012963207222011714,0.005801278599759093,342.81
36.392,0.013427582690329086,-0.019094345973227317,0.013393207222011755,0.005291278599759138,342.81
36.396,0.0136075826903291,-0.019344345973227345,0.013643207222011728,0.004861278599759097,342.81
36.4,0.013947582690329051,-0.019344345973227345,0.013813207222011731,0.004181278599759138,342.81
36.404,0.014207582690329089,-0.019434345973227324,0.014073207222011714,0.0034912785997591143,342.81
36.408,0.014547582690329096,-0.019434345973227324,0.014333207222011752,0.002891278599759125,342.81
36.412,0.014807582690329078,-0.019434345973227324,0.014593207222011734,0.002551278599759118,342.81
36.416,0.014977582690329082,-0.019434345973227324,0.014673207222011703,0.0020312785997590975,342.81
36.42,0.015227582690329054,-0.019344345973227345,0.014933207222011741,0.0013512785997591389,342.81
36.424,0.015317582690329089,-0.019344345973227345,0.015193207222011723,0.0007512785997590939,342.81
36.428,0.015407582690329068,-0.019434345973227324,0.015443207222011751,6.127859975912551e-05,342.81
36.432,0.015657582690329096,-0.019344345973227345,0.015443207222011751,-0.0005387214002408639,342.81
36.436,0.015657582690329096,-0.019094345973227317,0.015443207222011751,-0.0012187214002408779,342.81
36.44,0.015747582690329075,-0.018914345973227303,0.015443207222011751,-0.0017387214002408983,342.81
36.444,0.016007582690329057,-0.01866434597322733,0.015613207222011755,-0.0022487214002409085,342.81
36.448,0.016007582690329057,-0.018574345973227296,0.015873207222011736,-0.002848721400240898,342.81
36.452,0.01608758269032908,-0.018234345973227345,0.015963207222011715,-0.0034487214002408874,342.81
36.456,0.01617758269032906,-0.017894345973227338,0.015873207222011736,-0.00421872140024088,342.81
36.46,0.01617758269032906,-0.017804345973227304,0.015873207222011736,-0.004908721400240904,342.81
36.464,0.01617758269032906,-0.017374345973227318,0.015873207222011736,-0.005508721400240894,342.81
36.468,0.01608758269032908,-0.01694434597322733,0.015963207222011715,-0.006108721400240883,342.81
36.472,0.01608758269032908,-0.01643434597322732,0.015873207222011736,-0.0067087214002408725,342.81
36.476,0.01608758269032908,-0.0159143459732273,0.01579320722201171,-0.007308721400240862,342.81
36.48,0.015917582690329078,-0.015664345973227328,0.01553320722201173,-0.007908721400240907,342.81
36.484,0.015657582690329096,-0.015226127942965021,0.015443207222011751,-0.008508721400240896,342.81
36.488,0.015657582690329096,-0.01459078942520137,0.015363207222011727,-0.009018721400240907,342.81
36.492,0.015577582690329071,-0.013798490990633848,0.015363207222011727,-0.009618721400240896,342.81
36.496,0.015407582690329068,-0.01286969519676444,0.015193207222011723,-0.010138721400240861,342.81
36.5,0.015227582690329054,-0.011824864601095135,0.015103207222011744,-0.010738721400240906,342.81
36.504,0.015147582690329085,-0.010684461761127917,0.014843207222011707,-0.011338721400240896,342.81
36.508,0.014887582690329047,-0.009468949234364775,0.014763207222011738,-0.011848721400240906,342.81
36.512,0.014807582690329078,-0.008198789578307698,0.014673207222011703,-0.012368721400240871,342.81
36.516,0.014547582690329096,-0.0068944453504586715,0.014593207222011734,-0.013138721400240864,342.81
36.52,0.014377582690329092,-0.0055763791083196824,0.014333207222011752,-0.013558721400240895,342.81
36.524,0.014027582690329075,-0.004265053409392719,0.014073207222011714,-0.013908721400240912,342.81
36.528,0.0136075826903291,-0.002980930811179766,0.013733207222011707,-0.014338721400240898,342.81
36.532,0.013257582690329082,-0.0017444738711828128,0.013393207222011755,-0.014758721400240874,342.81
36.536,0.013177582690329058,-0.0005761451469038454,0.013043207222011738,-0.015108721400240891,342.81
36.54,0.013007582690329055,0.0005035928041551508,0.012873207222011735,-0.015538721400240877,342.81
36.544,0.012747582690329072,0.0014742774244921818,0.012533207222011728,-0.016048721400240887,342.81
36.548,0.012407582690329065,0.0023154461566052688,0.01219320722201172,-0.016478721400240873,342.81
36.552,0.012057582690329048,0.00300663644299242,0.011843207222011704,-0.01681872140024088,342.81
36.556,0.011717582690329097,0.0035273857261516463,0.011333207222011749,-0.017078721400240863,342.81
36.56,0.011457582690329059,0.0038526282841115536,0.010903207222011707,-0.017248721400240866,342.81
36.564,0.011117582690329052,0.0039656540267726526,0.010563207222011756,-0.017588721400240873,342.81
36.568,0.0107775826903291,0.0030256540267726557,0.010133207222011715,-0.01793872140024089,342.81
36.572,0.010607582690329097,0.0023356540267726873,0.00961320722201175,-0.018108721400240894,342.81
36.576,0.010517582690329062,0.0017356540267726979,0.009193207222011718,-0.018358721400240866,342.81
36.58,0.009917582690329073,0.00147565402677266,0.008843207222011757,-0.0184487214002409,342.81
36.584,0.009577582690329066,0.00147565402677266,0.00850320722201175,-0.018708721400240883,342.81
36.588,0.00914758269032908,0.0020756540267726493,0.00799320722201174,-0.01895872140024091,342.81
36.592,0.008717582690329094,0.0024256540267726663,0.007303207222011715,-0.019218721400240894,342.81
36.596,0.008287582690329053,0.0029356540267726767,0.006793207222011705,-0.019218721400240894,342.81
36.6,0.007777582690329098,0.003195654026772659,0.006363207222011719,-0.019388721400240897,342.81
36.604,0.007177582690329053,0.003875654026772673,0.005933207222011733,-0.01964872140024088,342.81
36.608,0.006657582690329088,0.00482565402677268,0.005593207222011726,-0.01964872140024088,342.81
36.612,0.006147582690329077,0.00533565402677269,0.005073207222011706,-0.01964872140024088,342.81
36.616,0.005547582690329088,0.005595654026772673,0.004473207222011716,-0.019308721400240873,342.81
36.62,0.0046875826903290604,0.00593565402677268,0.003963207222011706,-0.01904872140024089,342.81
36.624,0.004087582690329071,0.006365654026772666,0.00353320722201172,-0.018788721400240908,342.81
36.628,0.003317582690329078,0.006875654026772676,0.003193207222011713,-0.01853872140024088,342.81
36.632,0.0024575826903290507,0.0075656540267727,0.002763207222011727,-0.018358721400240866,342.81
36.636,0.0017775826903290925,0.007735654026772704,0.0021632072220117374,-0.01801872140024086,342.81
36.64,0.0011775826903290475,0.007995654026772686,0.001563207222011748,-0.017758721400240877,342.81
36.644,0.00048758269032907913,0.008415654026772662,0.0010432072220117276,-0.017588721400240873,342.81
36.648,-0.0001124173096709103,0.008845654026772704,0.0006232072220117515,-0.017248721400240866,342.81
36.652,-0.0007124173096708997,0.00927565402677269,0.00019320722201171005,-0.016988721400240884,342.81
36.656,-0.0007924173096709242,0.009705654026772675,-0.0002367927779882759,-0.016648721400240877,342.81
36.66,-0.0012224173096709102,0.010135654026772661,-0.0006267607904226485,-0.016048721400240887,342.81
36.664,-0.0019924173096709033,0.010565654026772703,-0.0009863877056172999,-0.015618721400240902,342.81
36.668,-0.0028524173096709307,0.010995654026772689,-0.0013374389427717086,-0.015018721400240912,342.81
36.672,-0.0035324173096709446,0.011245654026772661,-0.0017016799210853536,-0.014418721400240867,342.81
36.676,-0.004222417309670913,0.011415654026772665,-0.0021008760597577125,-0.013988721400240881,342.81
36.68,-0.0051624173096709094,0.011765654026772682,-0.0025567927779882645,-0.013558721400240895,342.81
36.684,-0.005932417309670902,0.012195654026772668,-0.003146792777988244,-0.013138721400240864,342.81
36.688,-0.006622417309670926,0.012535654026772675,-0.003836792777988268,-0.012708721400240878,342.81
36.692,-0.00731241730967095,0.012795654026772657,-0.00453160710002803,-0.012278721400240892,342.81
36.696,-0.008082417309670943,0.013135654026772664,-0.005234083068365285,-0.011848721400240906,342.81
36.7,-0.008682417309670933,0.013395654026772702,-0.005935530151664985,-0.011418721400240864,342.81
36.704,-0.009362417309670946,0.013475654026772671,-0.006627257818592081,-0.010988721400240879,342.81
36.708,-0.009962417309670936,0.013735654026772653,-0.007300575537811525,-0.010568721400240903,342.81
36.712,-0.010822417309670908,0.013905654026772657,-0.00794679277798827,-0.010138721400240861,342.81
36.716,-0.011422417309670953,0.014165654026772695,-0.00854679277798826,-0.009708721400240875,342.81
36.72,-0.012192417309670946,0.014335654026772698,-0.00906679277798828,-0.00927872140024089,342.81
36.724,-0.01271241730967091,0.01467565402677265,-0.00966679277798827,-0.008848721400240903,342.81
36.728,-0.013132417309670942,0.014935654026772688,-0.010436792777988263,-0.008418721400240862,342.81
36.732,-0.013732417309670931,0.015015654026772657,-0.011126792777988287,-0.007988721400240876,342.81
36.736,-0.014252417309670952,0.01519565402677267,-0.011636792777988297,-0.0075687214002409,342.81
36.74,-0.014682417309670938,0.015445654026772698,-0.012066792777988283,-0.007138721400240914,342.81
36.744,-0.015192417309670948,0.015445654026772698,-0.01240679277798829,-0.0067087214002408725,342.81
36.748,-0.015792417309670938,0.015445654026772698,-0.012746792777988297,-0.006085455855255188,342.81
36.752,-0.016302417309670948,0.015445654026772698,-0.013176792777988283,-0.005308465625836284,342.81
36.756,-0.016822417309670913,0.015445654026772698,-0.013696792777988248,-0.00440872599508207,342.81
36.76,-0.01716241730967092,0.015445654026772698,-0.01411679277798828,-0.00341721224609046,342.81
36.764,-0.017502417309670927,0.015445654026772698,-0.014466792777988296,-0.0023648996619593608,342.81
36.768,-0.01776241730967091,0.015535654026772677,-0.014976792777988251,-0.001282763525786687,342.81
36.772,-0.018022417309670948,0.01579565402677266,-0.015496792777988272,-0.0002017791206703483,342.81
36.776,-0.01828241730967093,0.01579565402677266,-0.015746792777988246,0.0008470782702917443,342.81
36.78,-0.018452417309670933,0.01579565402677266,-0.016176792777988287,0.0018328333640016791,342.81
36.784,-0.01879241730967094,0.01579565402677266,-0.01643679277798827,0.0027245108773615483,342.81
36.788,-0.019132417309670947,0.01570565402677268,-0.016606792777988273,0.0035071442645217893,342.81
36.792,-0.01939241730967093,0.015535654026772677,-0.01694679277798828,0.0040952784972021344,342.81
36.796,-0.019652417309670912,0.015445654026772698,-0.017296792777988297,0.004431278599759111,342.81
36.8,-0.019652417309670912,0.015445654026772698,-0.017376792777988266,0.00452127859975909,342.81
36.804,-0.019652417309670912,0.015275654026772695,-0.017806792777988252,0.004861278599759097,342.81
36.808,-0.019652417309670912,0.015015654026772657,-0.01814679277798826,0.005121278599759135,342.81
36.812,-0.019732417309670937,0.014935654026772688,-0.018316792777988262,0.005291278599759138,342.81
36.816,-0.01990241730967094,0.01467565402677265,-0.018576792777988245,0.00563127859975909,342.81
36.82,-0.01999241730967092,0.01459565402677268,-0.018576792777988245,0.006061278599759131,342.81
36.824,-0.01999241730967092,0.014335654026772698,-0.018576792777988245,0.006491278599759117,342.81
36.828,-0.01990241730967094,0.014165654026772695,-0.018836792777988283,0.0070012785997591274,342.81
36.832,-0.019652417309670912,0.013905654026772657,-0.018916792777988252,0.007351278599759089,342.81
36.836,-0.019562417309670933,0.013735654026772653,-0.018916792777988252,0.007521278599759092,342.81
36.84,-0.01930241730967095,0.013395654026772702,-0.019006792777988286,0.00778127859975913,342.81
36.844,-0.019222417309670926,0.01296565402677266,-0.019096792777988265,0.008201278599759106,342.81
36.848,-0.01888241730967092,0.012705654026772678,-0.019006792777988286,0.008721278599759127,342.81
36.852,-0.018452417309670933,0.012615654026772699,-0.01874679277798825,0.009151278599759113,342.81
36.856,-0.018022417309670948,0.012445654026772696,-0.018496792777988276,0.009321278599759116,342.81
36.86,-0.01768241730967094,0.012105654026772689,-0.018236792777988294,0.00949127859975912,342.81
36.864,-0.017502417309670927,0.011765654026772682,-0.01814679277798826,0.009921278599759106,342.81
36.868,-0.01716241730967092,0.011415654026772665,-0.017896792777988287,0.010351278599759092,342.81
36.872,-0.016822417309670913,0.011075654026772658,-0.017716792777988273,0.010521278599759095,342.81
36.876,-0.016222417309670924,0.010645654026772672,-0.017376792777988266,0.010771278599759123,342.81
36.88,-0.0155324173096709,0.010045654026772682,-0.01703679277798826,0.01112127859975914,342.81
36.884,-0.015102417309670914,0.009445654026772693,-0.016516792777988294,0.011461278599759091,342.81
36.888,-0.014762417309670907,0.008935654026772683,-0.016096792777988263,0.011891278599759133,342.81
36.892,-0.014332417309670921,0.008505654026772697,-0.015666792777988277,0.012151278599759115,342.81
36.896,-0.01382241730967091,0.008075654026772655,-0.015236792777988289,0.012401278599759088,342.81
36.9,-0.013132417309670942,0.0075656540267727,-0.014896792777988282,0.012751278599759105,342.81
36.904,-0.01271241730967091,0.006965654026772655,-0.014466792777988296,0.013171278599759136,342.81
36.908,-0.011932417309670908,0.006535654026772669,-0.014036792777988255,0.013521278599759098,342.81
36.912,-0.011162417309670915,0.00593565402677268,-0.013606792777988269,0.013601278599759122,342.81
36.916,-0.010562417309670925,0.00533565402677269,-0.01300679277798828,0.01395127859975914,342.81
36.92,-0.01013241730967094,0.00482565402677268,-0.012496792777988269,0.014201278599759112,342.81
36.924,-0.00953241730967095,0.004395654026772694,-0.01189679277798828,0.014371278599759115,342.81
36.928,-0.008932417309670905,0.0039656540267726526,-0.010946792777988273,0.014721278599759132,342.81
36.932,-0.008162417309670912,0.003535654026772666,-0.010346792777988284,0.015061278599759139,342.81
36.936,-0.007562417309670923,0.0030256540267726557,-0.00957679277798829,0.015321278599759122,342.81
36.94,-0.006962417309670933,0.0024256540267726663,-0.008976792777988246,0.015571278599759094,342.81
36.944,-0.006452417309670923,0.0017356540267726979,-0.008376792777988256,0.015751278599759107,342.81
36.948,-0.005762417309670899,0.0008756540267726706,-0.007866792777988246,0.016001278599759135,342.81
36.952,-0.0051624173096709094,0.00019565402677265665,-0.007006792777988274,0.016001278599759135,342.81
36.956,-0.004482417309670951,-0.0004943459732273118,-0.006195662693300751,0.016091278599759114,342.81
36.96,-0.0036224173096709236,-0.0010043459732273223,-0.0053932520082939864,0.01617127859975914,342.81
36.964,-0.0029324173096708997,-0.0014343459732273083,-0.004613860198613667,0.016001278599759135,342.81
36.968,-0.0023424173096709203,-0.0017743459732273152,-0.0038717867399054827,0.016091278599759114,342.81
36.972,-0.0016001925529341417,-0.002204345973227301,-0.0031813311078151183,0.016351278599759097,342.81
36.976,-0.0007318828834348462,-0.0026343459732273426,-0.0025567927779882645,0.016351278599759097,342.81
36.98,0.00018128058723404516,-0.0030643459732273286,-0.002036792777988244,0.016351278599759097,342.81
36.984,0.001058066747479611,-0.0034943459732273145,-0.0014367927779882547,0.016351278599759097,342.81
36.988,0.0018172444857089303,-0.0040943459732273035,-0.0008367927779882653,0.016351278599759097,342.81
36.992,0.0023775826903290817,-0.004802110731142839,-0.0002367927779882759,0.016261278599759118,342.81
36.996,0.0027175826903290887,-0.005591578329759737,0.00036320722201171353,0.016091278599759114,342.81
37.0,0.0030575826903290956,-0.006416142211177319,0.000963207222011703,0.016091278599759114,342.81
37.004,0.003317582690329078,-0.007229195817494902,0.001563207222011748,0.01592127859975911,342.81
37.008,0.003407582690329057,-0.007984132590811804,0.0021632072220117374,0.01566127859975913,342.81
37.012,0.003747582690329064,-0.008634345973227348,0.002763207222011727,0.015571278599759094,342.81
37.016,0.00417758269032905,-0.009144345973227302,0.0033632072220117163,0.015321278599759122,342.81
37.02,0.0046875826903290604,-0.009744345973227347,0.003963207222011706,0.015151278599759118,342.81
37.024,0.005377582690329084,-0.01060434597322732,0.004733207222011754,0.014801278599759101,342.81
37.028,0.005887582690329095,-0.011204345973227309,0.005333207222011744,0.014551278599759129,342.81
37.032,0.006237582690329056,-0.011804345973227298,0.005503207222011747,0.014631278599759098,342.81
37.036,0.006657582690329088,-0.012664345973227326,0.0057632072220117295,0.01429127859975909,342.81
37.04,0.007177582690329053,-0.013264345973227315,0.006363207222011719,0.01395127859975914,342.81
37.044,0.007687582690329063,-0.013694345973227301,0.006873207222011729,0.013601278599759122,342.81
37.048,0.007947582690329101,-0.014114345973227332,0.00739320722201175,0.013091278599759112,342.81
37.052,0.008287582690329053,-0.01446434597322735,0.00799320722201174,0.012661278599759126,342.81
37.056,0.008717582690329094,-0.0148043459732273,0.008413207222011715,0.012321278599759119,342.81
37.06,0.00914758269032908,-0.015234345973227342,0.008843207222011757,0.011801278599759098,342.81
37.064,0.009487582690329087,-0.015744345973227297,0.009273207222011743,0.01112127859975914,342.81
37.068,0.009827582690329094,-0.01617434597322734,0.009703207222011729,0.01060127859975912,342.81
37.072,0.01025758269032908,-0.016604345973227325,0.010133207222011715,0.010171278599759134,342.81
37.076,0.0107775826903291,-0.01703434597322731,0.010473207222011722,0.009661278599759123,342.81
37.08,0.011207582690329086,-0.01729434597322735,0.010993207222011742,0.009061278599759134,342.81
37.084,0.011457582690329059,-0.017464345973227297,0.011413207222011718,0.008721278599759127,342.81
37.088,0.011627582690329062,-0.017804345973227304,0.011843207222011704,0.008201278599759106,342.81
37.092,0.011977582690329079,-0.01806434597322734,0.01219320722201172,0.007431278599759113,342.81
37.096,0.012317582690329086,-0.018234345973227345,0.012443207222011749,0.006831278599759124,342.81
37.1,0.012657582690329093,-0.018574345973227296,0.012613207222011752,0.0062312785997591345,342.81
37.104,0.012747582690329072,-0.018834345973227334,0.012963207222011714,0.005721278599759124,342.81
37.108,0.013177582690329058,-0.018914345973227303,0.013473207222011724,0.005201278599759104,342.81
37.112,0.013517582690329065,-0.019094345973227317,0.013813207222011731,0.004601278599759114,342.81
37.116,0.013777582690329047,-0.019344345973227345,0.01390320722201171,0.004001278599759125,342.81
37.12,0.014117582690329054,-0.019434345973227324,0.014163207222011748,0.0034012785997591354,342.81
37.124,0.014287582690329058,-0.019434345973227324,0.014333207222011752,0.002891278599759125,342.81
37.128,0.014457582690329061,-0.019434345973227324,0.014593207222011734,0.0022912785997591355,342.81
37.132,0.014807582690329078,-0.019434345973227324,0.014763207222011738,0.0016912785997590903,342.81
37.136,0.01505758269032905,-0.019434345973227324,0.01501320722201171,0.0010912785997591009,342.81
37.14,0.015227582690329054,-0.019344345973227345,0.015103207222011744,0.0004912785997591115,342.81
37.144,0.015317582690329089,-0.01926434597322732,0.015363207222011727,-1.872140024089899e-05,342.81
37.148,0.015577582690329071,-0.019094345973227317,0.015443207222011751,-0.0005387214002408639,342.81
37.152,0.015657582690329096,-0.019004345973227338,0.015443207222011751,-0.0011387214002409089,342.81
37.156,0.015657582690329096,-0.0187443459732273,0.015443207222011751,-0.0017387214002408983,342.81
37.16,0.015657582690329096,-0.018494345973227327,0.01553320722201173,-0.002418721400240912,342.81
37.164,0.015917582690329078,-0.018234345973227345,0.01579320722201171,-0.0030187214002409014,342.81
37.168,0.01608758269032908,-0.01806434597322734,0.01579320722201171,-0.00370872140024087,342.81
37.172,0.01617758269032906,-0.017714345973227325,0.015873207222011736,-0.004388721400240884,342.81
37.176,0.01617758269032906,-0.017374345973227318,0.015963207222011715,-0.004988721400240873,342.81
37.18,0.01608758269032908,-0.01703434597322731,0.015963207222011715,-0.005768721400240876,342.81
37.184,0.01608758269032908,-0.016604345973227325,0.015873207222011736,-0.006278721400240887,342.81
37.188,0.01608758269032908,-0.01617434597322734,0.015963207222011715,-0.006878721400240876,342.81
37.192,0.01617758269032906,-0.01557434597322735,0.015873207222011736,-0.0073887214002408864,342.81
37.196,0.01608758269032908,-0.014974345973227304,0.015873207222011736,-0.00807872140024091,342.81
37.2,0.0158275826903291,-0.014544345973227318,0.01553320722201173,-0.008588721400240865,342.81
37.204,0.015747582690329075,-0.014114345973227332,0.015443207222011751,-0.009108721400240886,342.81
37.208,0.015747582690329075,-0.013694345973227301,0.015363207222011727,-0.009708721400240875,342.81
37.212,0.015577582690329071,-0.013094345973227312,0.015193207222011723,-0.010308721400240865,342.81
37.216,0.015317582690329089,-0.012472264484236231,0.014933207222011741,-0.010988721400240879,342.81
37.22,0.015147582690329085,-0.01184457878944492,0.014843207222011707,-0.011508721400240899,342.81
37.224,0.014887582690329047,-0.011211607307228486,0.014933207222011741,-0.01201872140024091,342.81
37.228,0.014807582690329078,-0.010573668455962021,0.014673207222011703,-0.012618721400240899,342.81
37.232,0.014547582690329096,-0.009931080654020633,0.014503207222011755,-0.013138721400240864,342.81
37.236,0.014287582690329058,-0.009284162319779424,0.014243207222011717,-0.013558721400240895,342.81
37.24,0.013947582690329051,-0.008633231871613493,0.014163207222011748,-0.013908721400240912,342.81
37.244,0.013687582690329068,-0.007978607727897947,0.013733207222011707,-0.014338721400240898,342.81
37.248,0.013517582690329065,-0.0073206083070078785,0.013133207222011717,-0.014848721400240909,342.81
37.252,0.013177582690329058,-0.006659552027318399,0.013043207222011738,-0.015278721400240895,342.81
37.256,0.012917582690329076,-0.0059957573072046055,0.012963207222011714,-0.015618721400240902,342.81
37.26,0.012747582690329072,-0.005329542565041599,0.012613207222011752,-0.01595872140024091,342.81
37.264,0.012407582690329065,-0.004661226219204484,0.01219320722201172,-0.01630872140024087,342.81
37.268,0.011977582690329079,-0.003991126688068362,0.011763207222011735,-0.01673872140024091,342.81
37.272,0.011717582690329097,-0.003319562390008333,0.011413207222011718,-0.017248721400240866,342.81
37.276,0.011457582690329059,-0.0026468517433994995,0.010993207222011742,-0.017588721400240873,342.81
37.28,0.011117582690329052,-0.0019733131666169637,0.010393207222011753,-0.017678721400240908,342.81
37.284,0.0107775826903291,-0.0012992650780358265,0.010043207222011736,-0.01801872140024086,342.81
37.288,0.010347582690329059,-0.0006250258960311923,0.009703207222011729,-0.018358721400240866,342.81
37.292,0.010007582690329052,4.90859610218407e-05,0.009363207222011722,-0.018618721400240904,342.81
37.296,0.009827582690329094,0.0007227520747481689,0.008933207222011736,-0.018788721400240908,342.81
37.3,0.009487582690329087,0.001395654026772691,0.00850320722201175,-0.01895872140024091,342.81
37.304,0.009057582690329101,0.0020756540267726493,0.00799320722201174,-0.019308721400240873,342.81
37.308,0.008717582690329094,0.0024256540267726663,0.007303207222011715,-0.019308721400240873,342.81
37.312,0.008207582690329084,0.0030256540267726557,0.006793207222011705,-0.019388721400240897,342.81
37.316,0.007607582690329094,0.0036256540267727007,0.0064432072220117435,-0.01964872140024088,342.81
37.32,0.007087582690329074,0.004135654026772656,0.006023207222011712,-0.01964872140024088,342.81
37.324,0.006487582690329084,0.0046456540267726665,0.005593207222011726,-0.01964872140024088,342.81
37.328,0.005887582690329095,0.005425654026772669,0.005073207222011706,-0.01964872140024088,342.81
37.332,0.005457582690329053,0.005595654026772673,0.004393207222011747,-0.019308721400240873,342.81
37.336,0.004863181043861303,0.00593565402677268,0.0038732072220117267,-0.01904872140024089,342.81
37.34,0.004143494734445295,0.006365654026772666,0.00353320722201172,-0.018878721400240887,342.81
37.344,0.0033353077532325493,0.006795654026772652,0.003103207222011734,-0.018618721400240904,342.81
37.348,0.0024754040913745837,0.007225654026772693,0.0025032072220117444,-0.018358721400240866,342.81
37.352,0.0016005677400229151,0.007645654026772669,0.001903207222011755,-0.01801872140024086,342.81
37.356,0.0007475826903290616,0.008075654026772655,0.0014732072220117135,-0.017588721400240873,342.81
37.36,-0.0001124173096709103,0.008415654026772662,0.0011332072220117066,-0.0173387214002409,342.81
37.364,-0.0003624173096709383,0.008845654026772704,0.0006232072220117515,-0.017158721400240887,342.81
37.368,-0.0007124173096708997,0.00927565402677269,-0.0001567927779882514,-0.01681872140024088,342.81
37.372,-0.0012224173096709102,0.009705654026772675,-0.0004967927779882584,-0.01630872140024087,342.81
37.376,-0.0018495558798717838,0.010135654026772661,-0.0008123148967766233,-0.015878721400240884,342.81
37.38,-0.0025560119133365197,0.010475654026772668,-0.0011029625378921352,-0.015618721400240902,342.81
37.384,-0.0033171557415569604,0.010905654026772654,-0.0013912349239529258,-0.015108721400240891,342.81
37.388,-0.004108357696024948,0.011245654026772661,-0.0016996312775771271,-0.014338721400240898,342.81
37.392,-0.004904988108232323,0.011415654026772665,-0.002050650821382869,-0.01347872140024087,342.81
37.396,-0.00568241730967093,0.011765654026772682,-0.0024667927779882855,-0.012788721400240902,342.81
37.4,-0.006452417309670923,0.012195654026772668,-0.003066792777988275,-0.012108721400240888,342.81
37.404,-0.007222417309670916,0.012445654026772696,-0.003746792777988289,-0.011248721400240861,342.81
37.408,-0.007822417309670905,0.012705654026772678,-0.004436792777988257,-0.010388721400240889,342.81
37.412,-0.00842241730967095,0.013045654026772685,-0.005376792777988254,-0.009538721400240872,342.81
37.416,-0.00902241730967094,0.013305654026772668,-0.005976792777988243,-0.0086787214002409,342.81
37.42,-0.009712417309670908,0.013475654026772671,-0.0067467927779882916,-0.007818721400240872,342.81
37.424,-0.010392417309670922,0.013815654026772678,-0.0075267927779882945,-0.0069687214002409105,342.81
37.428,-0.01125241730967095,0.014165654026772695,-0.008206792777988253,-0.006108721400240883,342.81
37.432,-0.011852417309670939,0.014335654026772698,-0.008726792777988273,-0.005248721400240911,342.81
37.436,-0.012622417309670932,0.01459565402677268,-0.009406792777988287,-0.004388721400240884,342.81
37.44,-0.013052417309670918,0.01467565402677265,-0.01026679277798826,-0.0035387214002408664,342.81
37.444,-0.013562417309670928,0.014935654026772688,-0.01077679277798827,-0.0026787214002408945,342.81
37.448,-0.014162417309670917,0.015105654026772691,-0.01129679277798829,-0.0018187214002408673,342.81
37.452,-0.014682417309670938,0.015365654026772674,-0.011726792777988276,-0.0009687214002409054,342.81
37.456,-0.015102417309670914,0.015445654026772698,-0.012066792777988283,-0.00010872140024087797,342.81
37.46,-0.01545241730967093,0.015445654026772698,-0.01240679277798829,0.0007512785997590939,342.81
37.464,-0.015882417309670917,0.015445654026772698,-0.012746792777988297,0.0016012785997591113,342.81
37.468,-0.016392417309670927,0.015445654026772698,-0.013176792777988283,0.002461278599759139,342.81
37.472,-0.016822417309670913,0.015445654026772698,-0.013606792777988269,0.003321278599759111,342.81
37.476,-0.01716241730967092,0.015445654026772698,-0.014036792777988255,0.004181278599759138,342.81
37.48,-0.017422417309670903,0.015445654026772698,-0.014546792777988265,0.0050312785997591,342.81
37.484,-0.017592417309670906,0.015615654026772702,-0.014976792777988251,0.005891278599759128,342.81
37.488,-0.017932417309670913,0.015875654026772684,-0.015406792777988293,0.0057386860071665345,342.81
37.492,-0.0183624173096709,0.015875654026772684,-0.016006792777988284,0.005357204525685052,342.81
37.496,-0.018622417309670937,0.01579565402677266,-0.01634679277798829,0.0048612785997591244,342.81
37.5,-0.01888241730967092,0.015535654026772677,-0.016516792777988294,0.004365352673833197,342.81
37.504,-0.019132417309670947,0.015535654026772677,-0.01703679277798826,0.003983871192351714,342.81
37.508,-0.01930241730967095,0.015535654026772677,-0.01703679277798826,0.0038312785997591213,342.81
37.512,-0.019562417309670933,0.015535654026772677,-0.017296792777988297,0.004261278599759107,342.81
37.516,-0.019562417309670933,0.015445654026772698,-0.017716792777988273,0.004601278599759114,342.81
37.52,-0.019652417309670912,0.01519565402677267,-0.017976792777988256,0.0050312785997591,342.81
37.524,-0.01990241730967094,0.015105654026772691,-0.018236792777988294,0.005291278599759138,342.81
37.528,-0.0200824173096709,0.014935654026772688,-0.018316792777988262,0.005721278599759124,342.81
37.532,-0.0200824173096709,0.01467565402677265,-0.018496792777988276,0.0059812785997591066,342.81
37.536,-0.01999241730967092,0.01459565402677268,-0.01866679277798828,0.0062312785997591345,342.81
37.54,-0.01990241730967094,0.014335654026772698,-0.019006792777988286,0.006581278599759096,342.81
37.544,-0.019652417309670912,0.014245654026772664,-0.019006792777988286,0.0070012785997591274,342.81
37.548,-0.019562417309670933,0.013905654026772657,-0.019006792777988286,0.007351278599759089,342.81
37.552,-0.01930241730967095,0.013395654026772702,-0.019096792777988265,0.007431278599759113,342.81
37.556,-0.019222417309670926,0.013045654026772685,-0.019096792777988265,0.00778127859975913,342.81
37.56,-0.01888241730967092,0.01296565402677266,-0.019006792777988286,0.008201278599759106,342.81
37.564,-0.018532417309670902,0.012615654026772699,-0.018916792777988252,0.008631278599759092,342.81
37.568,-0.01828241730967093,0.012365654026772671,-0.01866679277798828,0.0089712785997591,342.81
37.572,-0.017932417309670913,0.012105654026772689,-0.01866679277798828,0.00940127859975914,342.81
37.576,-0.017592417309670906,0.011765654026772682,-0.018496792777988276,0.009751278599759102,342.81
37.58,-0.0172524173096709,0.011335654026772696,-0.018236792777988294,0.009831278599759127,342.81
37.584,-0.016822417309670913,0.010905654026772654,-0.01806679277798829,0.010261278599759113,342.81
37.588,-0.016302417309670948,0.010565654026772703,-0.017716792777988273,0.010691278599759099,342.81
37.592,-0.015882417309670917,0.010135654026772661,-0.017376792777988266,0.01112127859975914,342.81
37.596,-0.01545241730967093,0.009705654026772675,-0.016866792777988256,0.011461278599759091,342.81
37.6,-0.015022417309670945,0.009365654026772668,-0.01643679277798827,0.011551278599759126,342.81
37.604,-0.014762417309670907,0.008935654026772683,-0.016176792777988287,0.011891278599759133,342.81
37.608,-0.014162417309670917,0.008335654026772693,-0.015666792777988277,0.012321278599759119,342.81
37.612,-0.013562417309670928,0.007735654026772704,-0.015236792777988289,0.012751278599759105,342.81
37.616,-0.013052417309670918,0.007305654026772662,-0.014896792777988282,0.013001278599759133,342.81
37.62,-0.012532417309670953,0.006795654026772652,-0.014466792777988296,0.013261278599759115,342.81
37.624,-0.011762417309670904,0.006105654026772683,-0.014036792777988255,0.013601278599759122,342.81
37.628,-0.011082417309670946,0.005595654026772673,-0.013606792777988269,0.013861278599759105,342.81
37.632,-0.010652417309670904,0.005165654026772687,-0.01300679277798828,0.014201278599759112,342.81
37.636,-0.009882417309670911,0.0046456540267726665,-0.01240679277798829,0.014461278599759094,342.81
37.64,-0.009362417309670946,0.004135654026772656,-0.011546792777988263,0.014801278599759101,342.81
37.644,-0.008852417309670936,0.003875654026772673,-0.010946792777988273,0.015061278599759139,342.81
37.648,-0.008252417309670947,0.003445654026772687,-0.010526792777988297,0.015231278599759087,342.81
37.652,-0.007652417309670902,0.0027656540267726733,-0.00966679277798827,0.015491278599759125,342.81
37.656,-0.006882417309670909,0.0019956540267726803,-0.00906679277798828,0.01566127859975913,342.81
37.66,-0.00619241730967094,0.001395654026772691,-0.008376792777988256,0.01592127859975911,342.81
37.664,-0.005592417309670951,0.0007056540267726671,-0.007595003220245674,0.016001278599759135,342.81
37.668,-0.004992417309670906,0.00010565402677267766,-0.006755117983355326,0.01617127859975914,342.81
37.672,-0.0043924173096709165,-0.0004943459732273118,-0.005877490813138866,0.016091278599759114,342.81
37.676,-0.003792417309670927,-0.0010043459732273223,-0.004982475455417951,0.01617127859975914,342.81
37.68,-0.003112417309670913,-0.0014343459732273083,-0.004090425656014232,0.016351278599759097,342.81
37.684,-0.002432807582133263,-0.0017743459732273152,-0.0032216951607493645,0.016351278599759097,342.81
37.688,-0.0017231145480213676,-0.002204345973227301,-0.002376792777988251,0.016351278599759097,342.81
37.692,-0.0009990869245953729,-0.0026343459732273426,-0.0016967927779882926,0.016351278599759097,342.81
37.696,-0.0002764734291154248,-0.0029743459732273496,-0.0010984243283669154,0.016351278599759097,342.81
37.7,0.0004289772211583296,-0.0034943459732273145,-0.0005227422237291732,0.01643127859975912,342.81
37.704,0.0011015163089657443,-0.004264345973227307,3.2729446867706146e-05,0.0165212785997591,342.81
37.708,0.0017253951170466725,-0.0050343459732273,0.0005704665943664936,0.01643127859975912,342.81
37.712,0.002284864928140968,-0.005634345973227345,0.0010929451297099606,0.016351278599759097,342.81
37.716,0.002764177024988484,-0.006404345973227338,0.0016026409638408784,0.01617127859975914,342.81
37.72,0.0031475826903290746,-0.00726434597322731,0.0021020300077020187,0.016091278599759114,342.81
37.724,0.003407582690329057,-0.007864345973227299,0.0025935881722361524,0.015831278599759132,342.81
37.728,0.003747582690329064,-0.008724345973227327,0.003079791368386052,0.015491278599759125,342.81
37.732,0.004087582690329071,-0.00949434597322732,0.0035631155070944874,0.015231278599759087,342.81
37.736,0.0046875826903290604,-0.010094345973227309,0.00404603649930423,0.015061278599759139,342.81
37.74,0.005377582690329084,-0.010774345973227323,0.0045310302559580535,0.014721278599759132,342.81
37.744,0.00580758269032907,-0.011374345973227312,0.0050205726879987275,0.014371278599759115,342.81
37.748,0.006147582690329077,-0.011974345973227302,0.005517139706369023,0.014121278599759087,342.81
37.752,0.006747582690329067,-0.012574345973227347,0.006023207222011712,0.01395127859975914,342.81
37.756,0.007437582690329091,-0.013264345973227315,0.0065332072220117225,0.013771278599759126,342.81
37.76,0.00802758269032907,-0.013694345973227301,0.007133207222011712,0.013521278599759098,342.81
37.764,0.00862758269032906,-0.014034345973227308,0.007643207222011722,0.013001278599759133,342.81
37.768,0.009057582690329101,-0.01446434597322735,0.008073207222011708,0.012401278599759088,342.81
37.772,0.009407582690329062,-0.014894345973227335,0.008413207222011715,0.011971278599759102,342.81
37.776,0.00965758269032909,-0.015314345973227311,0.008843207222011757,0.011551278599759126,342.81
37.78,0.010007582690329052,-0.015664345973227328,0.009363207222011722,0.01112127859975914,342.81
37.784,0.010177582690329055,-0.016094345973227314,0.009873207222011732,0.010691278599759099,342.81
37.788,0.010347582690329059,-0.016604345973227325,0.010473207222011722,0.010171278599759134,342.81
37.792,0.0107775826903291,-0.01703434597322731,0.010813207222011728,0.009571278599759089,342.81
37.796,0.011207582690329086,-0.01729434597322735,0.011073207222011711,0.009061278599759134,342.81
37.8,0.011547582690329093,-0.017464345973227297,0.011413207222011718,0.008461278599759089,342.81
37.804,0.011977582690329079,-0.017804345973227304,0.011763207222011735,0.0078612785997591,342.81
37.808,0.012317582690329086,-0.01814434597322731,0.012103207222011742,0.007431278599759113,342.81
37.812,0.01248758269032909,-0.01840434597322735,0.012613207222011752,0.006831278599759124,342.81
37.816,0.012827582690329097,-0.01866434597322733,0.013043207222011738,0.0062312785997591345,342.81
37.82,0.013177582690329058,-0.019004345973227338,0.01330320722201172,0.00563127859975909,342.81
37.824,0.013517582690329065,-0.019004345973227338,0.013473207222011724,0.0050312785997591,342.81
37.828,0.013687582690329068,-0.019094345973227317,0.013813207222011731,0.004601278599759114,342.81
37.832,0.014027582690329075,-0.01926434597322732,0.014073207222011714,0.004091278599759104,342.81
37.836,0.014377582690329092,-0.019434345973227324,0.014333207222011752,0.003321278599759111,342.81
37.84,0.014457582690329061,-0.019434345973227324,0.014593207222011734,0.0027212785997591214,342.81
37.844,0.0147175826903291,-0.019434345973227324,0.014673207222011703,0.002121278599759132,342.81
37.848,0.014887582690329047,-0.019434345973227324,0.014933207222011741,0.0016012785997591113,342.81
37.852,0.015147582690329085,-0.019434345973227324,0.015193207222011723,0.0010912785997591009,342.81
37.856,0.015407582690329068,-0.019344345973227345,0.015443207222011751,0.0004912785997591115,342.81
37.86,0.015657582690329096,-0.019094345973227317,0.01553320722201173,-1.872140024089899e-05,342.81
37.864,0.015657582690329096,-0.019004345973227338,0.01553320722201173,-0.0007987214002409019,342.81
37.868,0.015747582690329075,-0.019004345973227338,0.015613207222011755,-0.0013987214002408913,342.81
37.872,0.016007582690329057,-0.0187443459732273,0.01579320722201171,-0.0019987214002408805,342.81
37.876,0.016007582690329057,-0.018574345973227296,0.01579320722201171,-0.002418721400240912,342.81
37.88,0.01608758269032908,-0.018314345973227314,0.015873207222011736,-0.002938721400240877,342.81
37.884,0.01617758269032906,-0.01806434597322734,0.015963207222011715,-0.00370872140024087,342.81
37.888,0.01617758269032906,-0.017714345973227325,0.015963207222011715,-0.004478721400240863,342.81
37.892,0.01608758269032908,-0.01729434597322735,0.015963207222011715,-0.005078721400240908,342.81
37.896,0.01608758269032908,-0.01703434597322731,0.015873207222011736,-0.005678721400240897,342.81
37.9,0.01608758269032908,-0.016604345973227325,0.015963207222011715,-0.006278721400240887,342.81
37.904,0.01608758269032908,-0.01617434597322734,0.015963207222011715,-0.0069687214002409105,342.81
37.908,0.01617758269032906,-0.015744345973227297,0.015873207222011736,-0.007478721400240865,342.81
37.912,0.01608758269032908,-0.015234345973227342,0.015873207222011736,-0.00807872140024091,342.81
37.916,0.016007582690329057,-0.014544345973227318,0.01579320722201171,-0.008588721400240865,342.81
37.92,0.015747582690329075,-0.014114345973227332,0.01553320722201173,-0.009368721400240868,342.81
37.924,0.015657582690329096,-0.013508440047010814,0.015363207222011727,-0.0097887214002409,342.81
37.928,0.015487582690329092,-0.01274845289361212,0.015103207222011744,-0.010308721400240865,342.81
37.932,0.015317582690329089,-0.011889712909331893,0.015103207222011744,-0.01090872140024091,342.81
37.936,0.015227582690329054,-0.010947484468855498,0.015103207222011744,-0.011418721400240864,342.81
37.94,0.014977582690329082,-0.009937031946868296,0.014933207222011741,-0.01201872140024091,342.81
37.944,0.0147175826903291,-0.008873619718055654,0.014673207222011703,-0.012618721400240899,342.81
37.948,0.014377582690329092,-0.007772512157102935,0.014593207222011734,-0.013048721400240885,342.81
37.952,0.014117582690329054,-0.006648973638695506,0.014243207222011717,-0.01347872140024087,342.81
37.956,0.013947582690329051,-0.005518268537518726,0.013993207222011745,-0.013988721400240881,342.81
37.96,0.0136075826903291,-0.004395661228257964,0.013813207222011731,-0.014418721400240867,342.81
37.964,0.013257582690329082,-0.0032964160855985824,0.013473207222011724,-0.014758721400240874,342.81
37.968,0.012917582690329076,-0.0022357974842259452,0.013043207222011738,-0.015108721400240891,342.81
37.972,0.012747582690329072,-0.001229069798825417,0.012703207222011731,-0.015538721400240877,342.81
37.976,0.01248758269032909,-0.0002914974040823607,0.012533207222011728,-0.016048721400240887,342.81
37.98,0.012317582690329086,0.0005616553253178551,0.01219320722201172,-0.016478721400240873,342.81
37.984,0.012057582690329048,0.0012880893584521782,0.011763207222011735,-0.01681872140024088,342.81
37.988,0.0118875826903291,0.001851602882701395,0.011333207222011749,-0.017158721400240887,342.81
37.992,0.011547582690329093,0.002210024528994875,0.010903207222011707,-0.01741872140024087,342.81
37.996,0.011207582690329086,0.0023356540267726873,0.010563207222011756,-0.017758721400240877,342.81
38.0,0.010687582690329066,0.002291209582328244,0.010213207222011739,-0.01801872140024086,342.81
38.004,0.010177582690329055,0.002180098471217135,0.009703207222011729,-0.018108721400240894,342.81
38.008,0.010087582690329076,0.0020356540267726926,0.008933207222011736,-0.0184487214002409,342.81
38.012,0.009577582690329066,0.0018912095823282508,0.00850320722201175,-0.018788721400240908,342.81
38.016,0.009057582690329101,0.0017800984712171416,0.008073207222011708,-0.01895872140024091,342.81
38.02,0.008717582690329094,0.0017356540267726979,0.007643207222011722,-0.019218721400240894,342.81
38.024,0.008287582690329053,0.002165654026772684,0.007303207222011715,-0.019218721400240894,342.81
38.028,0.007777582690329098,0.0030256540267726557,0.006793207222011705,-0.019218721400240894,342.81
38.032,0.007177582690329053,0.003445654026772687,0.0061932072220117155,-0.019388721400240897,342.81
38.036,0.006657582690329088,0.003875654026772673,0.0056732072220117506,-0.01964872140024088,342.81
38.04,0.006057582690329098,0.004475654026772663,0.00516320722201174,-0.01964872140024088,342.81
38.044,0.005457582690329053,0.005075654026772652,0.004733207222011754,-0.01973872140024086,342.81
38.048,0.0047839981803167635,0.005595654026772673,0.004393207222011747,-0.0195587214002409,342.81
38.052,0.004066004673497821,0.006025654026772659,0.0038732072220117267,-0.01904872140024089,342.81
38.056,0.003316484270480904,0.006535654026772669,0.003193207222011713,-0.018788721400240908,342.81
38.06,0.0025483190718746914,0.00704565402677268,0.002673207222011748,-0.01853872140024088,342.81
38.064,0.0017743911782878638,0.007305654026772662,0.002333207222011741,-0.018358721400240866,342.81
38.068,0.0010075826903290996,0.007645654026772669,0.001903207222011755,-0.01801872140024086,342.81
38.072,0.00023758269032905116,0.008075654026772655,0.0013932072220117445,-0.017678721400240908,342.81
38.076,-0.0006224173096709207,0.008505654026772697,0.000793207222011755,-0.017508721400240904,342.81
38.08,-0.0009624173096709277,0.008935654026772683,0.00027320722201173455,-0.0173387214002409,342.81
38.084,-0.0014824173096709482,0.00927565402677269,-0.0002367927779882759,-0.017158721400240887,342.81
38.088,-0.0017424173096709306,0.009705654026772675,-0.0004067927779882794,-0.01673872140024091,342.81
38.092,-0.0023424173096709203,0.010135654026772661,-0.0001567927779882514,-0.016048721400240887,342.81
38.096,-0.003022417309670934,0.010565654026772703,-0.0001567927779882514,-0.015448721400240898,342.81
38.1,-0.003792417309670927,0.010995654026772689,-0.0008367927779882653,-0.014848721400240909,342.81
38.104,-0.004652417309670899,0.011415654026772665,-0.0014367927779882547,-0.014418721400240867,342.81
38.108,-0.005252417309670944,0.011765654026772682,-0.0022067927779882476,-0.013988721400240881,342.81
38.112,-0.006112417309670916,0.01184565402677265,-0.0028967927779882715,-0.013648721400240874,342.81
38.116,-0.006882417309670909,0.012105654026772689,-0.003406792777988282,-0.013308721400240867,342.81
38.12,-0.007562417309670923,0.012535654026772675,-0.00409679277798825,-0.012878721400240881,342.81
38.124,-0.008162417309670912,0.012875654026772682,-0.004946792777988268,-0.012448721400240895,342.81
38.128,-0.008762417309670902,0.013135654026772664,-0.005636792777988292,-0.01201872140024091,342.81
38.132,-0.009362417309670946,0.013305654026772668,-0.006236792777988281,-0.011588721400240868,342.81
38.136,-0.010052417309670915,0.013395654026772702,-0.0069267927779882495,-0.011168721400240892,342.81
38.14,-0.010732417309670929,0.013815654026772678,-0.007696792777988298,-0.010738721400240906,342.81
38.144,-0.0115924173096709,0.014165654026772695,-0.008376792777988256,-0.010308721400240865,342.81
38.148,-0.012282417309670925,0.014245654026772664,-0.00914679277798825,-0.009878721400240879,342.81
38.152,-0.012962417309670939,0.014335654026772698,-0.009836792777988273,-0.009448721400240893,342.81
38.156,-0.013392417309670925,0.01467565402677265,-0.010346792777988284,-0.009018721400240907,342.81
38.16,-0.013732417309670931,0.015015654026772657,-0.010866792777988249,-0.008588721400240865,342.81
38.164,-0.014252417309670952,0.01519565402677267,-0.011206792777988256,-0.00816872140024089,342.81
38.168,-0.015022417309670945,0.015445654026772698,-0.011546792777988263,-0.007738721400240903,342.81
38.172,-0.01545241730967093,0.015445654026772698,-0.011976792777988248,-0.007308721400240862,342.81
38.176,-0.015882417309670917,0.015445654026772698,-0.012496792777988269,-0.006878721400240876,342.81
38.18,-0.016392417309670927,0.015445654026772698,-0.012926792777988255,-0.00644872140024089,342.81
38.184,-0.016822417309670913,0.015365654026772674,-0.013176792777988283,-0.005817101254947265,342.81
38.188,-0.01716241730967092,0.015365654026772674,-0.013696792777988248,-0.00502062837564914,342.81
38.192,-0.017502417309670927,0.015365654026772674,-0.014296792777988293,-0.004094046300454695,342.81
38.196,-0.01776241730967091,0.015445654026772698,-0.014806792777988248,-0.0030720985674721098,342.81
38.2,-0.018022417309670948,0.015445654026772698,-0.015066792777988286,-0.0019895287148095657,342.81
38.204,-0.01828241730967093,0.015445654026772698,-0.015406792777988293,-0.0008810802805752432,342.81
38.208,-0.018532417309670902,0.015445654026772698,-0.015746792777988246,0.00021850319712267787,342.81
38.212,-0.01888241730967092,0.015445654026772698,-0.016096792777988263,0.0012744781801760174,342.81
38.216,-0.019132417309670947,0.015445654026772698,-0.016516792777988294,0.0022521011304765933,342.81
38.22,-0.01939241730967093,0.015365654026772674,-0.016776792777988277,0.003116628509916227,342.81
38.224,-0.019652417309670912,0.015365654026772674,-0.01703679277798826,0.0038434917813431127,342.81
38.228,-0.019652417309670912,0.015445654026772698,-0.017376792777988266,0.004351278599759086,342.81
38.232,-0.019652417309670912,0.015365654026772674,-0.01763679277798825,0.004601278599759114,342.81
38.236,-0.019732417309670937,0.01519565402677267,-0.017806792777988252,0.004951278599759131,342.81
38.24,-0.01999241730967092,0.015015654026772657,-0.01814679277798826,0.005291278599759138,342.81
38.244,-0.01999241730967092,0.014765654026772684,-0.018496792777988276,0.005381278599759117,342.81
38.248,-0.01999241730967092,0.01459565402677268,-0.018576792777988245,0.005721278599759124,342.81
38.252,-0.01999241730967092,0.014335654026772698,-0.01866679277798828,0.00615127859975911,342.81
38.256,-0.01990241730967094,0.014245654026772664,-0.018916792777988252,0.006581278599759096,342.81
38.26,-0.019652417309670912,0.013995654026772691,-0.019096792777988265,0.0070012785997591274,342.81
38.264,-0.01948241730967091,0.013815654026772678,-0.019096792777988265,0.007431278599759113,342.81
38.268,-0.019222417309670926,0.013305654026772668,-0.019006792777988286,0.00778127859975913,342.81
38.272,-0.019132417309670947,0.01296565402677266,-0.019006792777988286,0.008121278599759137,342.81
38.276,-0.018962417309670944,0.012705654026772678,-0.019096792777988265,0.00829127859975914,342.81
38.28,-0.018702417309670906,0.012615654026772699,-0.018916792777988252,0.008551278599759123,342.81
38.284,-0.0183624173096709,0.012535654026772675,-0.01866679277798828,0.0089712785997591,342.81
38.288,-0.017932417309670913,0.012195654026772668,-0.01866679277798828,0.00940127859975914,342.81
38.292,-0.017592417309670906,0.01184565402677265,-0.018576792777988245,0.009921278599759106,342.81
38.296,-0.01716241730967092,0.011335654026772696,-0.018236792777988294,0.010261278599759113,342.81
38.3,-0.016732417309670934,0.010905654026772654,-0.017896792777988287,0.010351278599759092,342.81
38.304,-0.016302417309670948,0.010565654026772703,-0.01763679277798825,0.01060127859975912,342.81
38.308,-0.015882417309670917,0.010135654026772661,-0.017296792777988297,0.01112127859975914,342.81
38.312,-0.0155324173096709,0.009705654026772675,-0.01694679277798828,0.011551278599759126,342.81
38.316,-0.015102417309670914,0.00927565402677269,-0.016516792777988294,0.01172127859975913,342.81
38.32,-0.014502417309670924,0.0086756540267727,-0.016096792777988263,0.011971278599759102,342.81
38.324,-0.013902417309670935,0.00816565402677269,-0.015746792777988246,0.012321278599759119,342.81
38.328,-0.013482417309670904,0.007645654026772669,-0.015406792777988293,0.012751278599759105,342.81
38.332,-0.012962417309670939,0.007135654026772659,-0.014976792777988251,0.013001278599759133,342.81
38.336,-0.01236241730967095,0.006535654026772669,-0.014466792777988296,0.013171278599759136,342.81
38.34,-0.011852417309670939,0.006105654026772683,-0.014036792777988255,0.013521278599759098,342.81
38.344,-0.011162417309670915,0.005675654026772697,-0.013606792777988269,0.01395127859975914,342.81
38.348,-0.010312417309670953,0.005165654026772687,-0.01300679277798828,0.01429127859975909,342.81
38.352,-0.009712417309670908,0.0046456540267726665,-0.012496792777988269,0.014461278599759094,342.81
38.356,-0.00902241730967094,0.0043056540267726595,-0.011806792777988245,0.014721278599759132,342.81
38.36,-0.00842241730967095,0.0037956540267726486,-0.010946792777988273,0.015061278599759139,342.81
38.364,-0.007732417309670926,0.003195654026772659,-0.010346792777988284,0.015231278599759087,342.81
38.368,-0.007222417309670916,0.0026756540267726943,-0.00966679277798827,0.015491278599759125,342.81
38.372,-0.006622417309670926,0.0019056540267727014,-0.00906679277798828,0.01566127859975913,342.81
38.376,-0.006022417309670937,0.001135654026772653,-0.008323962710844181,0.01592127859975911,342.81
38.38,-0.005282873896312082,0.0005356540267726636,-0.007470449565184096,0.016001278599759135,342.81
38.384,-0.0044486997519021096,-6.434597322732582e-05,-0.006567614670038243,0.016001278599759135,342.81
38.388,-0.0035490612353160185,-0.0006643459732273152,-0.005676819354436843,0.016001278599759135,342.81
38.392,-0.0026131247054288088,-0.0012643459732273048,-0.004859424947410114,0.016001278599759135,342.81
38.396,-0.00167005652111548,-0.0017743459732273152,-0.004176792777988275,0.016091278599759114,342.81
38.4,-0.0007490230412510325,-0.0022943459732273357,-0.0036667927779882644,0.016351278599759097,342.81
38.404,0.00016496270573662067,-0.002894345973227325,-0.0028067927779882925,0.01643127859975912,342.81
38.408,0.001021407077010657,-0.0034943459732273145,-0.0022067927779882476,0.0165212785997591,342.81
38.412,0.0017949727671515766,-0.0040943459732273035,-0.0016067927779882581,0.01643127859975912,342.81
38.416,0.0024603224707398785,-0.004604345973227314,-0.0009267927779882443,0.01643127859975912,342.81
38.42,0.002977582690329071,-0.0048643459732272964,-0.0002367927779882759,0.01643127859975912,342.81
38.424,0.003317582690329078,-0.005204345973227303,0.000533207222011717,0.016351278599759097,342.81
38.428,0.002977582690329071,-0.005894345973227327,0.001223207222011741,0.016091278599759114,342.81
38.432,0.0030575826903290956,-0.006574345973227341,0.001903207222011755,0.016091278599759114,342.81
38.436,0.0032375826903290536,-0.007434345973227313,0.0025932072220117234,0.016001278599759135,342.81
38.44,0.0034875826903290816,-0.008204345973227306,0.00329142458523776,0.015751278599759107,342.81
38.444,0.004087582690329071,-0.00889434597322733,0.004050969891385492,0.015491278599759125,342.81
38.448,0.0046075826903290915,-0.009744345973227347,0.0047878819742958375,0.015151278599759118,342.81
38.452,0.005207582690329081,-0.010434345973227316,0.005418199667809712,0.014801278599759101,342.81
38.456,0.00580758269032907,-0.011034345973227305,0.005857961805768032,0.014721278599759132,342.81
38.46,0.006147582690329077,-0.011544345973227316,0.006023207222011712,0.01429127859975909,342.81
38.464,0.006657582690329088,-0.012064345973227336,0.006023207222011712,0.01395127859975914,342.81
38.468,0.007177582690329053,-0.012664345973227326,0.0061032072220117365,0.013861278599759105,342.81
38.472,0.007777582690329098,-0.013514345973227343,0.006703207222011726,0.013521278599759098,342.81
38.476,0.008377582690329087,-0.014034345973227308,0.007223207222011746,0.013091278599759112,342.81
38.48,0.009057582690329101,-0.01446434597322735,0.007733207222011757,0.012661278599759126,342.81
38.484,0.009577582690329066,-0.0148043459732273,0.008163207222011743,0.012321278599759119,342.81
38.488,0.009917582690329073,-0.015234345973227342,0.008763207222011732,0.011971278599759102,342.81
38.492,0.010087582690329076,-0.015664345973227328,0.009273207222011743,0.011551278599759126,342.81
38.496,0.01025758269032908,-0.016094345973227314,0.009703207222011729,0.011031278599759105,342.81
38.5,0.010427582690329083,-0.016514345973227346,0.010043207222011736,0.010521278599759095,342.81
38.504,0.0107775826903291,-0.016864345973227307,0.010563207222011756,0.009921278599759106,342.81
38.508,0.011207582690329086,-0.017114345973227335,0.010993207222011742,0.00949127859975912,342.81
38.512,0.011547582690329093,-0.017464345973227297,0.011243207222011714,0.00889127859975913,342.81
38.516,0.011977582690329079,-0.017804345973227304,0.011673207222011756,0.008201278599759106,342.81
38.52,0.012317582690329086,-0.018234345973227345,0.012103207222011742,0.007691278599759096,342.81
38.524,0.01248758269032909,-0.018494345973227327,0.012443207222011749,0.00726127859975911,342.81
38.528,0.012827582690329097,-0.01866434597322733,0.012703207222011731,0.0066612785997591205,342.81
38.532,0.013257582690329082,-0.018914345973227303,0.013043207222011738,0.00615127859975911,342.81
38.536,0.013427582690329086,-0.01917434597322734,0.013393207222011755,0.005381278599759117,342.81
38.54,0.013687582690329068,-0.019434345973227324,0.013813207222011731,0.004951278599759131,342.81
38.544,0.014117582690329054,-0.019434345973227324,0.014163207222011748,0.004431278599759111,342.81
38.548,0.014377582690329092,-0.019434345973227324,0.014243207222011717,0.0038312785997591213,342.81
38.552,0.014457582690329061,-0.01951434597322735,0.014503207222011755,0.003231278599759132,342.81
38.556,0.0147175826903291,-0.01977434597322733,0.014763207222011738,0.002461278599759139,342.81
38.56,0.014887582690329047,-0.019694345973227306,0.01501320722201171,0.0020312785997590975,342.81
38.564,0.015147582690329085,-0.01951434597322735,0.015193207222011723,0.0015212785997590868,342.81
38.568,0.015407582690329068,-0.01951434597322735,0.015443207222011751,0.0008312785997591184,342.81
38.572,0.015657582690329096,-0.01951434597322735,0.01553320722201173,0.000231278599759129,342.81
38.576,0.015657582690329096,-0.019344345973227345,0.01579320722201171,-0.00044872140024088494,342.81
38.58,0.015747582690329075,-0.019094345973227317,0.01579320722201171,-0.0007987214002409019,342.81
38.584,0.016007582690329057,-0.019004345973227338,0.01579320722201171,-0.0013087214002409123,342.81
38.588,0.016007582690329057,-0.019004345973227338,0.01579320722201171,-0.0019087214002409018,342.81
38.592,0.016007582690329057,-0.01866434597322733,0.015873207222011736,-0.002508721400240891,342.81
38.596,0.015917582690329078,-0.01840434597322735,0.015963207222011715,-0.003188721400240905,342.81
38.6,0.015747582690329075,-0.01814434597322731,0.015963207222011715,-0.0037887214002408943,342.81
38.604,0.0158275826903291,-0.017804345973227304,0.015873207222011736,-0.004568721400240897,342.81
38.608,0.016007582690329057,-0.017374345973227318,0.015873207222011736,-0.005418721400240859,342.81
38.612,0.016007582690329057,-0.016864345973227307,0.015873207222011736,-0.006108721400240883,342.81
38.616,0.016007582690329057,-0.016264345973227318,0.015873207222011736,-0.006538721400240869,342.81
38.62,0.01608758269032908,-0.015744345973227297,0.015873207222011736,-0.0070487214002408795,342.81
38.624,0.01617758269032906,-0.015314345973227311,0.015873207222011736,-0.007738721400240903,342.81
38.628,0.016007582690329057,-0.014894345973227335,0.015873207222011736,-0.008338721400240893,342.81
38.632,0.015747582690329075,-0.01446434597322735,0.015613207222011755,-0.008938721400240882,342.81
38.636,0.015747582690329075,-0.014034345973227308,0.01553320722201173,-0.009368721400240868,342.81
38.64,0.015577582690329071,-0.013434345973227318,0.015443207222011751,-0.009968721400240913,342.81
38.644,0.015317582690329089,-0.012574345973227347,0.015193207222011723,-0.010568721400240903,342.81
38.648,0.015147582690329085,-0.011894345973227333,0.01501320722201171,-0.011078721400240913,342.81
38.652,0.014887582690329047,-0.010944345973227326,0.014843207222011707,-0.011508721400240899,342.81
38.656,0.014807582690329078,-0.010434345973227316,0.014843207222011707,-0.011938721400240885,342.81
38.66,0.014547582690329096,-0.009834345973227326,0.014593207222011734,-0.012618721400240899,342.81
38.664,0.014377582690329092,-0.009234345973227337,0.014333207222011752,-0.013218721400240888,342.81
38.668,0.014027582690329075,-0.008634345973227348,0.014073207222011714,-0.013558721400240895,342.81
38.672,0.0136075826903291,-0.008034345973227303,0.013733207222011707,-0.013908721400240912,342.81
38.676,0.013177582690329058,-0.007434345973227313,0.013393207222011755,-0.014338721400240898,342.81
38.68,0.013007582690329055,-0.006834345973227324,0.013133207222011717,-0.014758721400240874,342.81
38.684,0.012827582690329097,-0.006234345973227334,0.012873207222011735,-0.015108721400240891,342.81
38.688,0.012747582690329072,-0.005634345973227345,0.012533207222011728,-0.015538721400240877,342.81
38.692,0.012407582690329065,-0.0050343459732273,0.01219320722201172,-0.01595872140024091,342.81
38.696,0.012057582690329048,-0.0044343459732273105,0.011843207222011704,-0.016388721400240894,342.81
38.7,0.0118875826903291,-0.0038343459732273215,0.011413207222011718,-0.01681872140024088,342.81
38.704,0.011547582690329093,-0.0031347591533271864,0.010993207222011742,-0.017248721400240866,342.81
38.708,0.011207582690329086,-0.002356120407201098,0.010563207222011756,-0.017588721400240873,342.81
38.712,0.01085758269032907,-0.0015490947254885633,0.010213207222011739,-0.017678721400240908,342.81
38.716,0.010607582690329097,-0.0007643470988290875,0.009793207222011708,-0.01793872140024089,342.81
38.72,0.01025758269032908,-5.254251786217625e-05,0.009193207222011718,-0.018108721400240894,342.81
38.724,0.009917582690329073,0.0005356540267726636,0.008843207222011757,-0.0184487214002409,342.81
38.728,0.009407582690329062,0.0009656540267726496,0.008413207222011715,-0.018788721400240908,342.81
38.732,0.008717582690329094,0.0013056540267726564,0.007813207222011726,-0.018788721400240908,342.81
38.736,0.008207582690329084,0.0017356540267726979,0.007303207222011715,-0.01895872140024091,342.81
38.74,0.007857582690329067,0.0025956540267726698,0.006793207222011705,-0.019218721400240894,342.81
38.744,0.007347582690329056,0.0031056540267726802,0.0064432072220117435,-0.019308721400240873,342.81
38.748,0.006657582690329088,0.003535654026772666,0.0061032072220117365,-0.019388721400240897,342.81
38.752,0.006147582690329077,0.004045654026772677,0.0056732072220117506,-0.019388721400240897,342.81
38.756,0.005717582690329091,0.0046456540267726665,0.004903207222011702,-0.019308721400240873,342.81
38.76,0.005117582690329046,0.005245654026772656,0.004393207222011747,-0.019218721400240894,342.81
38.764,0.004383683139425987,0.00593565402677268,0.003963207222011706,-0.01895872140024091,342.81
38.768,0.0035466479870884223,0.006365654026772666,0.003443207222011741,-0.018878721400240887,342.81
38.772,0.002663998799663151,0.006795654026772652,0.0030232072220117093,-0.018788721400240908,342.81
38.776,0.0017932571434969707,0.007225654026772693,0.0025932072220117234,-0.01853872140024088,342.81
38.78,0.0009919445849366796,0.007645654026772669,0.001993207222011734,-0.018188721400240863,342.81
38.784,0.00031758269032907565,0.008075654026772655,0.001563207222011748,-0.01801872140024086,342.81
38.788,-0.0001924173096709348,0.008505654026772697,0.0010432072220117276,-0.017678721400240908,342.81
38.792,-0.0007924173096709242,0.008935654026772683,0.0006232072220117515,-0.017248721400240866,342.81
38.796,-0.0011424173096709412,0.009365654026772668,0.00010320722201173106,-0.016988721400240884,342.81
38.8,-0.0013124173096709447,0.009795654026772654,-0.0004967927779882584,-0.01681872140024088,342.81
38.804,-0.0019924173096709033,0.010135654026772661,-0.0007567927779882963,-0.016478721400240873,342.81
38.808,-0.0026824173096709272,0.010475654026772668,-0.0005767927779882829,-0.01595872140024091,342.81
38.812,-0.003362417309670941,0.01073565402677265,-0.0006667927779882618,-0.015448721400240898,342.81
38.816,-0.0043924173096709165,0.010995654026772689,-0.0012667927779882512,-0.014678721400240905,342.81
38.82,-0.0051624173096709094,0.011335654026772696,-0.0018667927779882961,-0.013988721400240881,342.81
38.824,-0.005762417309670899,0.011675654026772703,-0.0025567927779882645,-0.013648721400240874,342.81
38.828,-0.006532417309670947,0.012105654026772689,-0.003146792777988244,-0.013218721400240888,342.81
38.832,-0.007132417309670937,0.012445654026772696,-0.003836792777988268,-0.012878721400240881,342.81
38.836,-0.007732417309670926,0.012615654026772699,-0.004436792777988257,-0.012448721400240895,342.81
38.84,-0.00842241730967095,0.012875654026772682,-0.004946792777988268,-0.012108721400240888,342.81
38.844,-0.00902241730967094,0.013045654026772685,-0.005806792777988295,-0.011768721400240881,342.81
38.848,-0.009712417309670908,0.013475654026772671,-0.006496792777988264,-0.011418721400240864,342.81
38.852,-0.010392417309670922,0.013815654026772678,-0.007346792777988281,-0.011078721400240913,342.81
38.856,-0.01125241730967095,0.013905654026772657,-0.00803679277798825,-0.010738721400240906,342.81
38.86,-0.011852417309670939,0.01407565402677266,-0.008636792777988294,-0.010388721400240889,342.81
38.864,-0.012622417309670932,0.014335654026772698,-0.00914679277798825,-0.010048721400240882,342.81
38.868,-0.013052417309670918,0.01459565402677268,-0.00966679277798827,-0.009708721400240875,342.81
38.872,-0.013482417309670904,0.014765654026772684,-0.010096792777988256,-0.009368721400240868,342.81
38.876,-0.014082417309670948,0.015015654026772657,-0.01077679277798827,-0.009018721400240907,342.81
38.88,-0.014592417309670903,0.015105654026772691,-0.011466792777988294,-0.0086787214002409,342.81
38.884,-0.015102417309670914,0.015365654026772674,-0.011976792777988248,-0.008338721400240893,342.81
38.888,-0.01545241730967093,0.015445654026772698,-0.012496792777988269,-0.007988721400240876,342.81
38.892,-0.015882417309670917,0.015445654026772698,-0.012926792777988255,-0.007648721400240869,342.81
38.896,-0.016392417309670927,0.015445654026772698,-0.013266792777988262,-0.007093883964034651,342.81
38.9,-0.016822417309670913,0.015445654026772698,-0.013696792777988248,-0.006346897375564732,342.81
38.904,-0.01716241730967092,0.015445654026772698,-0.01411679277798828,-0.005443195850107548,342.81
38.908,-0.017502417309670927,0.015445654026772698,-0.014466792777988296,-0.004418213602939537,342.81
38.912,-0.01776241730967091,0.015365654026772674,-0.014806792777988248,-0.0033073848493371336,342.81
38.916,-0.018022417309670948,0.015445654026772698,-0.015236792777988289,-0.002146143804576773,342.81
38.92,-0.0183624173096709,0.015445654026772698,-0.015576792777988296,-0.0009699246839348942,342.81
38.924,-0.018622417309670937,0.015445654026772698,-0.015746792777988246,0.00018583829731206908,342.81
38.928,-0.01888241730967092,0.015445654026772698,-0.016096792777988263,0.0012857109238876778,342.81
38.932,-0.01930241730967095,0.015445654026772698,-0.016606792777988273,0.0022942589805155,342.81
38.936,-0.019652417309670912,0.015445654026772698,-0.01703679277798826,0.0032222804740757796,342.81
38.94,-0.019652417309670912,0.015365654026772674,-0.017296792777988297,0.003964892392862556,342.81
38.944,-0.019652417309670912,0.015365654026772674,-0.017466792777988245,0.004431278599759111,342.81
38.948,-0.019652417309670912,0.015105654026772691,-0.017806792777988252,0.004601278599759114,342.81
38.952,-0.019732417309670937,0.015105654026772691,-0.01806679277798829,0.004861278599759097,342.81
38.956,-0.019822417309670916,0.015015654026772657,-0.018236792777988294,0.005121278599759135,342.81
38.96,-0.01990241730967094,0.014765654026772684,-0.018496792777988276,0.00563127859975909,342.81
38.964,-0.01990241730967094,0.014505654026772702,-0.018576792777988245,0.005891278599759128,342.81
38.968,-0.01990241730967094,0.014165654026772695,-0.01874679277798825,0.0062312785997591345,342.81
38.972,-0.019822417309670916,0.013905654026772657,-0.019006792777988286,0.006491278599759117,342.81
38.976,-0.019652417309670912,0.013735654026772653,-0.019096792777988265,0.0070012785997591274,342.81
38.98,-0.019562417309670933,0.013475654026772671,-0.019006792777988286,0.007431278599759113,342.81
38.984,-0.01930241730967095,0.013395654026772702,-0.019006792777988286,0.00778127859975913,342.81
38.988,-0.019132417309670947,0.013045654026772685,-0.019006792777988286,0.008201278599759106,342.81
38.992,-0.01879241730967094,0.012535654026772675,-0.019096792777988265,0.008631278599759092,342.81
38.996,-0.0183624173096709,0.012105654026772689,-0.018916792777988252,0.00889127859975913,342.81
39.0,-0.018022417309670948,0.011765654026772682,-0.01866679277798828,0.009061278599759134,342.81
39.004,-0.017852417309670944,0.0115056540267727,-0.018576792777988245,0.00940127859975914,342.81
39.008,-0.017502417309670927,0.011335654026772696,-0.018316792777988262,0.009831278599759127,342.81
39.012,-0.01716241730967092,0.010995654026772689,-0.01814679277798826,0.010261278599759113,342.81
39.016,-0.016732417309670934,0.010475654026772668,-0.017896792777988287,0.01060127859975912,342.81
39.02,-0.016302417309670948,0.010045654026772682,-0.01763679277798825,0.010771278599759123,342.81
39.024,-0.015702417309670903,0.009705654026772675,-0.017296792777988297,0.01112127859975914,342.81
39.028,-0.015102417309670914,0.00927565402677269,-0.01703679277798826,0.011461278599759091,342.81
39.032,-0.014682417309670938,0.008845654026772704,-0.016516792777988294,0.011801278599759098,342.81
39.036,-0.014252417309670952,0.008335654026772693,-0.016096792777988263,0.011971278599759102,342.81
39.04,-0.013732417309670931,0.007645654026772669,-0.01583679277798828,0.012321278599759119,342.81
39.044,-0.013132417309670942,0.007135654026772659,-0.015316792777988258,0.012661278599759126,342.81
39.048,-0.01271241730967091,0.006795654026772652,-0.014716792777988269,0.013001278599759133,342.81
39.052,-0.012112417309670921,0.006275654026772687,-0.01411679277798828,0.013171278599759136,342.81
39.056,-0.011422417309670953,0.005675654026772697,-0.013696792777988248,0.013521278599759098,342.81
39.06,-0.010822417309670908,0.00533565402677269,-0.013266792777988262,0.01395127859975914,342.81
39.064,-0.01013241730967094,0.004905654026772649,-0.012576792777988293,0.014201278599759112,342.81
39.068,-0.00953241730967095,0.004135654026772656,-0.011726792777988276,0.014371278599759115,342.81
39.072,-0.00902241730967094,0.0036256540267727007,-0.01129679277798829,0.014631278599759098,342.81
39.076,-0.008162417309670912,0.0032756540267726837,-0.01077679277798827,0.014891278599759136,342.81
39.08,-0.007562417309670923,0.0026756540267726943,-0.010096792777988256,0.015231278599759087,342.81
39.084,-0.006962417309670933,0.0023356540267726873,-0.009319510813641742,0.015491278599759125,342.81
39.088,-0.006452417309670923,0.0017356540267726979,-0.008473627612243871,0.015571278599759094,342.81
39.092,-0.005759091115208896,0.0008756540267726706,-0.007594470087296738,0.015751278599759107,342.81
39.096,-0.004923445585414062,0.00019565402677265665,-0.006686821555107087,0.016001278599759135,342.81
39.1,-0.003978645792009667,-0.0004943459732273118,-0.0057554653319816535,0.016001278599759135,342.81
39.104,-0.002957856806718958,-0.0010943459732273013,-0.004805184734227177,0.016001278599759135,342.81
39.108,-0.0018942437012651806,-0.0015243459732273428,-0.0038407630781503973,0.016001278599759135,342.81
39.112,-0.0008209715473715799,-0.0018643459732273497,-0.0028669836800580537,0.016001278599759135,342.81
39.116,0.00022879458323859787,-0.0022943459732273357,-0.0018886298562568854,0.016001278599759135,342.81
39.12,0.0012218896188421053,-0.0027243459732273216,-0.0009104849230536311,0.016001278599759135,342.81
39.124,0.002125148487715697,-0.0031443459732272976,6.266780324497008e-05,0.016001278599759135,342.81
39.128,0.0029054061181361286,-0.0037443459732273425,0.0010260450063321793,0.016001278599759135,342.81
39.132,0.003526592069637017,-0.004392291007030828,0.0019748633699012584,0.016001278599759135,342.81
39.136,0.003910568793975903,-0.005065060249264162,0.002904339577645466,0.016001278599759135,342.81
39.14,0.004087582690329071,-0.005759652033463912,0.0038096903132580633,0.016001278599759135,342.81
39.144,0.0039175826903290675,-0.0064730646931666445,0.004677835209823532,0.01592127859975911,342.81
39.148,0.0038375826903290985,-0.007202296561908926,0.005481084363287489,0.015751278599759107,342.81
39.152,0.0039175826903290675,-0.007944345973227324,0.006167385267698834,0.01566127859975913,342.81
39.156,0.00417758269032905,-0.008724345973227327,0.006686061492209907,0.015491278599759125,342.81
39.16,0.0046075826903290915,-0.00940434597322734,0.00703675012895025,0.015231278599759087,342.81
39.164,0.005037582690329077,-0.010264345973227312,0.007223207222011746,0.015061278599759139,342.81
39.168,0.005547582690329088,-0.010774345973227323,0.007043207222011733,0.014721278599759132,342.81
39.172,0.006147582690329077,-0.011294345973227343,0.005933207222011733,0.014371278599759115,342.81
39.176,0.006657582690329088,-0.011894345973227333,0.0057632072220117295,0.014121278599759087,342.81
39.18,0.007177582690329053,-0.012494345973227322,0.0061032072220117365,0.014031278599759108,342.81
39.184,0.007687582690329063,-0.013174345973227336,0.0064432072220117435,0.013861278599759105,342.81
39.188,0.007947582690329101,-0.013694345973227301,0.006793207222011705,0.013521278599759098,342.81
39.192,0.008287582690329053,-0.014114345973227332,0.00739320722201175,0.013171278599759136,342.81
39.196,0.008717582690329094,-0.01446434597322735,0.00799320722201174,0.012751278599759105,342.81
39.2,0.00914758269032908,-0.014894345973227335,0.00850320722201175,0.01223127859975914,342.81
39.204,0.009487582690329087,-0.015494345973227325,0.008933207222011736,0.011631278599759095,342.81
39.208,0.009827582690329094,-0.016094345973227314,0.009273207222011743,0.01112127859975914,342.81
39.212,0.01025758269032908,-0.01643434597322732,0.009703207222011729,0.010691278599759099,342.81
39.216,0.010687582690329066,-0.016604345973227325,0.010133207222011715,0.010351278599759092,342.81
39.22,0.011117582690329052,-0.01694434597322733,0.010563207222011756,0.009751278599759102,342.81
39.224,0.011627582690329062,-0.017464345973227297,0.010993207222011742,0.009151278599759113,342.81
39.228,0.011977582690329079,-0.017894345973227338,0.011243207222011714,0.008631278599759092,342.81
39.232,0.012057582690329048,-0.01814434597322731,0.011763207222011735,0.008121278599759137,342.81
39.236,0.012317582690329086,-0.018314345973227314,0.01219320722201172,0.007521278599759092,342.81
39.24,0.012747582690329072,-0.01866434597322733,0.012533207222011728,0.0070012785997591274,342.81
39.244,0.013007582690329055,-0.018914345973227303,0.01279320722201171,0.006401278599759138,342.81
39.248,0.013257582690329082,-0.019094345973227317,0.013043207222011738,0.005801278599759093,342.81
39.252,0.013687582690329068,-0.019344345973227345,0.013473207222011724,0.005381278599759117,342.81
39.256,0.014027582690329075,-0.019434345973227324,0.013813207222011731,0.004781278599759128,342.81
39.26,0.014207582690329089,-0.019434345973227324,0.01390320722201171,0.004181278599759138,342.81
39.264,0.014457582690329061,-0.01951434597322735,0.014073207222011714,0.003661278599759118,342.81
39.268,0.0147175826903291,-0.01977434597322733,0.014333207222011752,0.0031512785997591074,342.81
39.272,0.014977582690329082,-0.01977434597322733,0.014593207222011734,0.002551278599759118,342.81
39.276,0.015227582690329054,-0.01977434597322733,0.014673207222011703,0.0019512785997591283,342.81
39.28,0.015407582690329068,-0.019694345973227306,0.01501320722201171,0.0012612785997591044,342.81
39.284,0.015657582690329096,-0.019344345973227345,0.015363207222011727,0.0008312785997591184,342.81
39.288,0.015657582690329096,-0.019344345973227345,0.015443207222011751,0.000321278599759108,342.81
39.292,0.015657582690329096,-0.019344345973227345,0.015443207222011751,-0.00036872140024086044,342.81
39.296,0.015747582690329075,-0.019094345973227317,0.015703207222011732,-0.0009687214002409054,342.81
39.3,0.016007582690329057,-0.018914345973227303,0.015703207222011732,-0.0016487214002408638,342.81
39.304,0.016007582690329057,-0.01866434597322733,0.015703207222011732,-0.002078721400240905,342.81
39.308,0.015917582690329078,-0.01840434597322735,0.015873207222011736,-0.00258872140024086,342.81
39.312,0.015917582690329078,-0.018234345973227345,0.015873207222011736,-0.003368721400240863,342.81
39.316,0.01608758269032908,-0.01814434597322731,0.015873207222011736,-0.004048721400240877,342.81
39.32,0.01608758269032908,-0.017804345973227304,0.015873207222011736,-0.004648721400240866,342.81
39.324,0.01608758269032908,-0.017374345973227318,0.015873207222011736,-0.005248721400240911,342.81
39.328,0.01608758269032908,-0.01694434597322733,0.015873207222011736,-0.005848721400240901,342.81
39.332,0.01617758269032906,-0.016514345973227346,0.015873207222011736,-0.00644872140024089,342.81
39.336,0.01617758269032906,-0.016004345973227335,0.01579320722201171,-0.0070487214002408795,342.81
39.34,0.01608758269032908,-0.015404345973227346,0.01553320722201173,-0.007648721400240869,342.81
39.344,0.0158275826903291,-0.014974345973227304,0.01553320722201173,-0.008248721400240914,342.81
39.348,0.015747582690329075,-0.01446434597322735,0.015443207222011751,-0.008938721400240882,342.81
39.352,0.015577582690329071,-0.013901578261082332,0.015193207222011723,-0.009448721400240893,342.81
39.356,0.015317582690329089,-0.013320731426336416,0.015103207222011744,-0.009878721400240879,342.81
39.36,0.015227582690329054,-0.012723100728743861,0.014933207222011741,-0.010478721400240868,342.81
39.364,0.015147582690329085,-0.01210998142805892,0.014763207222011738,-0.010988721400240879,342.81
39.368,0.014807582690329078,-0.011482668784035845,0.014763207222011738,-0.011588721400240868,342.81
39.372,0.014547582690329096,-0.01084245805642889,0.014333207222011752,-0.012188721400240913,342.81
39.376,0.014287582690329058,-0.010190644504992314,0.014073207222011714,-0.012708721400240878,342.81
39.38,0.013947582690329051,-0.009528523389480369,0.013993207222011745,-0.013138721400240864,342.81
39.384,0.0136075826903291,-0.008857389969647305,0.013733207222011707,-0.013558721400240895,342.81
39.388,0.013257582690329082,-0.008178539505247386,0.013473207222011724,-0.013988721400240881,342.81
39.392,0.013177582690329058,-0.007493267256034856,0.01330320722201172,-0.014508721400240902,342.81
39.396,0.012917582690329076,-0.0068028684817639795,0.012963207222011714,-0.015108721400240891,342.81
39.4,0.012747582690329072,-0.006108638442189004,0.012613207222011752,-0.015448721400240898,342.81
39.404,0.012407582690329065,-0.005411872397064187,0.012273207222011745,-0.01570872140024088,342.81
39.408,0.012147582690329083,-0.00471386560614378,0.011843207222011704,-0.016048721400240887,342.81
39.412,0.011977582690329079,-0.004015913329182042,0.011503207222011752,-0.016388721400240894,342.81
39.416,0.011547582690329093,-0.0033193108259332257,0.011333207222011749,-0.01673872140024091,342.81
39.42,0.011207582690329086,-0.002625353356151583,0.010993207222011742,-0.017248721400240866,342.81
39.424,0.011117582690329052,-0.001935336179591371,0.010393207222011753,-0.017678721400240908,342.81
39.428,0.0107775826903291,-0.0012505545560068448,0.009793207222011708,-0.017678721400240908,342.81
39.432,0.01025758269032908,-0.000572303745152255,0.009363207222011722,-0.01801872140024086,342.81
39.436,0.009917582690329073,9.812099321813994e-05,0.008933207222011736,-0.018358721400240866,342.81
39.44,0.009577582690329066,0.0007594243993500864,0.00850320722201175,-0.01853872140024088,342.81
39.444,0.00914758269032908,0.0014103112134893313,0.008073207222011708,-0.018788721400240908,342.81
39.448,0.008287582690329053,0.0020494861758816184,0.007643207222011722,-0.018878721400240887,342.81
39.452,0.007857582690329067,0.0026756540267726943,0.007133207222011712,-0.01913872140024087,342.81
39.456,0.007607582690329094,0.0032756540267726837,0.0065332072220117225,-0.019308721400240873,342.81
39.46,0.007437582690329091,0.0037956540267726486,0.006023207222011712,-0.019478721400240876,342.81
39.464,0.006837582690329101,0.0042256540267726905,0.005593207222011726,-0.0195587214002409,342.81
39.468,0.005977582690329074,0.004905654026772649,0.005243207222011709,-0.0195587214002409,342.81
39.472,0.005457582690329053,0.005165654026772687,0.004903207222011702,-0.01964872140024088,342.81
39.476,0.004809539309945888,0.005595654026772673,0.004473207222011716,-0.01964872140024088,342.81
39.48,0.004074833315033565,0.006025654026772659,0.0038732072220117267,-0.019218721400240894,342.81
39.484,0.0032773746806039027,0.006705654026772673,0.0032732072220117373,-0.018878721400240887,342.81
39.488,0.0024410733816687185,0.007135654026772659,0.002763207222011727,-0.018788721400240908,342.81
39.492,0.001589839393239832,0.007475654026772666,0.0022432072220117064,-0.018618721400240904,342.81
39.496,0.0007475826903290616,0.007905654026772652,0.0018232072220117305,-0.018358721400240866,342.81
39.5,-0.0001124173096709103,0.008075654026772655,0.0013932072220117445,-0.01801872140024086,342.81
39.504,-0.0005424173096709518,0.008415654026772662,0.000793207222011755,-0.017588721400240873,342.81
39.508,-0.0011424173096709412,0.008845654026772704,0.00036320722201171353,-0.017248721400240866,342.81
39.512,-0.0014824173096709482,0.00927565402677269,-6.679277798827242e-05,-0.01690872140024086,342.81
39.516,-0.0018224173096708996,0.009615654026772696,-0.0004967927779882584,-0.016558721400240898,342.81
39.52,-0.0025124173096709237,0.010045654026772682,-0.0006667927779882618,-0.01630872140024087,342.81
39.524,-0.0032281976198696646,0.010565654026772703,-0.0002367927779882759,-0.01595872140024091,342.81
39.528,-0.003961201884006222,0.010995654026772689,-0.0004967927779882584,-0.015448721400240898,342.81
39.532,-0.00470227804356761,0.011335654026772696,-0.0014367927779882547,-0.0147743123830699,342.81
39.536,-0.005442274040040844,0.011595654026772678,-0.0021267927779882786,-0.0139579583190142,342.81
39.54,-0.0061720378149129375,0.01184565402677265,-0.002636792777988289,-0.013066129919236415,342.81
39.544,-0.006882417309670909,0.012195654026772668,-0.003066792777988275,-0.012107279697841289,342.81
39.548,-0.007562417309670923,0.012535654026772675,-0.003836792777988268,-0.011089860168933558,342.81
39.552,-0.008162417309670912,0.012795654026772657,-0.004606792777988261,-0.01002232384661797,342.81
39.556,-0.008932417309670905,0.013045654026772685,-0.005296792777988285,-0.008913123244999268,342.81
39.56,-0.009622417309670929,0.013305654026772668,-0.006236792777988281,-0.00777071087818219,342.81
39.564,-0.010392417309670922,0.013475654026772671,-0.007006792777988274,-0.00660353926027148,342.81
39.568,-0.010992417309670911,0.013735654026772653,-0.0076067927779882635,-0.005420060905371882,342.81
39.572,-0.011682417309670935,0.013995654026772691,-0.008206792777988253,-0.004228728327588136,342.81
39.576,-0.012282417309670925,0.014165654026772695,-0.008726792777988273,-0.003037994041024987,342.81
39.58,-0.012962417309670939,0.014245654026772664,-0.009326792777988263,-0.0018563105597871746,342.81
39.584,-0.013482417309670904,0.01459565402677268,-0.010096792777988256,-0.0006921303979794422,342.81
39.588,-0.013902417309670935,0.014845654026772653,-0.010696792777988245,0.00044609393029346645,342.81
39.592,-0.014252417309670952,0.015015654026772657,-0.011126792777988287,0.0015499099109268116,342.81
39.596,-0.01493241730967091,0.01519565402677267,-0.011636792777988297,0.00261086502981585,342.81
39.6,-0.01545241730967093,0.015445654026772698,-0.012066792777988283,0.00362050677285584,342.81
39.604,-0.015882417309670917,0.015445654026772698,-0.01240679277798829,0.0045703826259420365,342.81
39.608,-0.016392417309670927,0.015445654026772698,-0.012836792777988276,0.005420223269561158,342.81
39.612,-0.016822417309670913,0.015445654026772698,-0.013346792777988286,0.006170576115320552,342.81
39.616,-0.01716241730967092,0.015445654026772698,-0.013776792777988272,0.0068100484553212885,342.81
39.62,-0.017502417309670927,0.015445654026772698,-0.01411679277798828,0.007327247581664441,342.81
39.624,-0.01776241730967091,0.015445654026772698,-0.014466792777988296,0.007710780786451078,342.81
39.628,-0.018022417309670948,0.015445654026772698,-0.014896792777988282,0.00794925536178228,342.81
39.632,-0.0183624173096709,0.015365654026772674,-0.015316792777988258,0.008031278599759103,342.81
39.636,-0.018622417309670937,0.015445654026772698,-0.015666792777988277,0.007764611933092437,342.81
39.64,-0.01888241730967092,0.015445654026772698,-0.016096792777988263,0.007097945266425772,342.81
39.644,-0.019132417309670947,0.015445654026772698,-0.016516792777988294,0.006231278599759107,342.81
39.648,-0.01939241730967093,0.015445654026772698,-0.016866792777988256,0.005364611933092442,342.81
39.652,-0.019652417309670912,0.015365654026772674,-0.017116792777988284,0.0046979452664257775,342.81
39.656,-0.019652417309670912,0.01519565402677267,-0.017296792777988297,0.004431278599759111,342.81
39.66,-0.019732417309670937,0.015105654026772691,-0.017376792777988266,0.004691278599759093,342.81
39.664,-0.01990241730967094,0.014935654026772688,-0.01763679277798825,0.004781278599759128,342.81
39.668,-0.01990241730967094,0.01467565402677265,-0.017896792777988287,0.005291278599759138,342.81
39.672,-0.01990241730967094,0.01467565402677265,-0.018236792777988294,0.00563127859975909,342.81
39.676,-0.01990241730967094,0.01459565402677268,-0.018496792777988276,0.0059812785997591066,342.81
39.68,-0.01990241730967094,0.014245654026772664,-0.018496792777988276,0.0062312785997591345,342.81
39.684,-0.01999241730967092,0.013905654026772657,-0.01866679277798828,0.006581278599759096,342.81
39.688,-0.01999241730967092,0.013815654026772678,-0.018916792777988252,0.006831278599759124,342.81
39.692,-0.019732417309670937,0.01356565402677265,-0.018916792777988252,0.007091278599759106,342.81
39.696,-0.019562417309670933,0.013305654026772668,-0.019006792777988286,0.007431278599759113,342.81
39.7,-0.019222417309670926,0.01296565402677266,-0.019096792777988265,0.00778127859975913,342.81
39.704,-0.018962417309670944,0.012615654026772699,-0.019006792777988286,0.008201278599759106,342.81
39.708,-0.018702417309670906,0.012275654026772692,-0.018916792777988252,0.008631278599759092,342.81
39.712,-0.0183624173096709,0.012015654026772654,-0.01866679277798828,0.0089712785997591,342.81
39.716,-0.017932417309670913,0.011765654026772682,-0.01866679277798828,0.009321278599759116,342.81
39.72,-0.017592417309670906,0.011675654026772703,-0.018576792777988245,0.009571278599759089,342.81
39.724,-0.0172524173096709,0.011335654026772696,-0.018236792777988294,0.009921278599759106,342.81
39.728,-0.016822417309670913,0.010995654026772689,-0.017896792777988287,0.010261278599759113,342.81
39.732,-0.016392417309670927,0.010475654026772668,-0.017716792777988273,0.010691278599759099,342.81
39.736,-0.01596241730967094,0.010045654026772682,-0.017376792777988266,0.010951278599759137,342.81
39.74,-0.0155324173096709,0.009535654026772672,-0.01703679277798826,0.01112127859975914,342.81
39.744,-0.015102417309670914,0.008935654026772683,-0.016696792777988252,0.011461278599759091,342.81
39.748,-0.014502417309670924,0.008505654026772697,-0.016516792777988294,0.011891278599759133,342.81
39.752,-0.013902417309670935,0.008075654026772655,-0.016096792777988263,0.012151278599759115,342.81
39.756,-0.013562417309670928,0.007645654026772669,-0.015406792777988293,0.012321278599759119,342.81
39.76,-0.012962417309670939,0.007135654026772659,-0.014896792777988282,0.012751278599759105,342.81
39.764,-0.012282417309670925,0.006535654026772669,-0.014466792777988296,0.013171278599759136,342.81
39.768,-0.011762417309670904,0.006025654026772659,-0.014036792777988255,0.013431278599759119,342.81
39.772,-0.011332417309670918,0.005505654026772694,-0.01351679277798829,0.013601278599759122,342.81
39.776,-0.010732417309670929,0.0049956540267726834,-0.012926792777988255,0.01395127859975914,342.81
39.78,-0.010052417309670915,0.0046456540267726665,-0.012496792777988269,0.014201278599759112,342.81
39.784,-0.009112417309670919,0.004045654026772677,-0.01189679277798828,0.014461278599759094,342.81
39.788,-0.00842241730967095,0.0036256540267727007,-0.010946792777988273,0.014801278599759101,342.81
39.792,-0.007732417309670926,0.0031056540267726802,-0.010346792777988284,0.015061278599759139,342.81
39.796,-0.007222417309670916,0.0024256540267726663,-0.00957679277798829,0.015231278599759087,342.81
39.8,-0.006622417309670926,0.0015656540267726944,-0.008976792777988246,0.015491278599759125,342.81
39.804,-0.006022417309670937,0.001135654026772653,-0.008376792777988256,0.015571278599759094,342.81
39.808,-0.005252417309670944,0.0006256540267726981,-0.007776792777988267,0.015751278599759107,342.81
39.812,-0.004652417309670899,2.5654026772653168e-05,-0.007006792777988274,0.01592127859975911,342.81
39.816,-0.003962417309670931,-0.0005743459732273363,-0.006146792777988247,0.016001278599759135,342.81
39.82,-0.003161150563033549,-0.0014343459732273083,-0.005546792777988257,0.01617127859975914,342.81
39.824,-0.002282383871993296,-0.0020343459732272977,-0.004696792777988295,0.016091278599759114,342.81
39.828,-0.001362003645300036,-0.0026343459732273426,-0.003836792777988268,0.016091278599759114,342.81
39.832,-0.0004358962917036331,-0.0034043459732273356,-0.002976792777988296,0.016091278599759114,342.81
39.836,0.00046005178004604865,-0.004174345973227328,-0.0022067927779882476,0.016091278599759114,342.81
39.84,0.0012899541611991455,-0.004944345973227321,-0.0015267927779882891,0.016091278599759114,342.81
39.844,0.0020279331177409203,-0.005374345973227307,-0.0008367927779882653,0.016091278599759114,342.81
39.848,0.002637582690329064,-0.005806806751167179,2.320722201170657e-05,0.016001278599759135,342.81
39.852,0.002977582690329071,-0.006227809682361344,0.000873207222011724,0.01592127859975911,342.81
39.856,0.0031475826903290746,-0.0066577099184871175,0.0017332072220117515,0.016001278599759135,342.81
39.86,0.003317582690329078,-0.007116862611221822,0.0025932072220117234,0.01592127859975911,342.81
39.864,0.0034875826903290816,-0.007625622912242778,0.003443207222011741,0.015751278599759107,342.81
39.868,0.0039175826903290675,-0.008204345973227306,0.004303207222011713,0.015571278599759094,342.81
39.872,0.0042575826903290745,-0.008974345973227299,0.00516320722201174,0.015491278599759125,342.81
39.876,0.0046875826903290604,-0.009834345973227326,0.0057632072220117295,0.015151278599759118,342.81
39.88,0.005377582690329084,-0.010434345973227316,0.0056732072220117506,0.014891278599759136,342.81
39.884,0.00580758269032907,-0.01112434597322734,0.005333207222011744,0.014721278599759132,342.81
39.888,0.006147582690329077,-0.011544345973227316,0.005333207222011744,0.014371278599759115,342.81
39.892,0.006657582690329088,-0.011974345973227302,0.005593207222011726,0.014121278599759087,342.81
39.896,0.007177582690329053,-0.012664345973227326,0.0061032072220117365,0.01395127859975914,342.81
39.9,0.007857582690329067,-0.013514345973227343,0.006623207222011757,0.013691278599759101,342.81
39.904,0.00854758269032909,-0.014114345973227332,0.007223207222011746,0.013351278599759094,342.81
39.908,0.008887582690329097,-0.01446434597322735,0.007643207222011722,0.01283127859975913,342.81
39.912,0.009227582690329049,-0.014894345973227335,0.008073207222011708,0.012571278599759091,342.81
39.916,0.009827582690329094,-0.015314345973227311,0.008413207222011715,0.011971278599759102,342.81
39.92,0.010007582690329052,-0.015664345973227328,0.008933207222011736,0.011551278599759126,342.81
39.924,0.010177582690329055,-0.016094345973227314,0.00961320722201175,0.011031278599759105,342.81
39.928,0.010347582690329059,-0.016514345973227346,0.010133207222011715,0.01060127859975912,342.81
39.932,0.0107775826903291,-0.016864345973227307,0.010563207222011756,0.010091278599759109,342.81
39.936,0.011207582690329086,-0.017114345973227335,0.010993207222011742,0.00949127859975912,342.81
39.94,0.011547582690329093,-0.017464345973227297,0.011333207222011749,0.009061278599759134,342.81
39.944,0.011977582690329079,-0.017804345973227304,0.011673207222011756,0.008631278599759092,342.81
39.948,0.012317582690329086,-0.01814434597322731,0.011843207222011704,0.008121278599759137,342.81
39.952,0.01248758269032909,-0.018494345973227327,0.012103207222011742,0.007521278599759092,342.81
39.956,0.012827582690329097,-0.01866434597322733,0.012533207222011728,0.0070012785997591274,342.81
39.96,0.013177582690329058,-0.018914345973227303,0.012963207222011714,0.006491278599759117,342.81
39.964,0.013517582690329065,-0.019094345973227317,0.01330320722201172,0.005721278599759124,342.81
39.968,0.013777582690329047,-0.019344345973227345,0.013473207222011724,0.005201278599759104,342.81
39.972,0.014027582690329075,-0.019344345973227345,0.013813207222011731,0.004601278599759114,342.81
39.976,0.014207582690329089,-0.019434345973227324,0.014163207222011748,0.004181278599759138,342.81
39.98,0.014457582690329061,-0.019434345973227324,0.014333207222011752,0.0034912785997591143,342.81
39.984,0.0147175826903291,-0.019434345973227324,0.014593207222011734,0.002891278599759125,342.81
39.988,0.014977582690329082,-0.019604345973227327,0.014763207222011738,0.002461278599759139,342.81
39.992,0.015227582690329054,-0.01951434597322735,0.01501320722201171,0.0019512785997591283,342.81
39.996,0.015407582690329068,-0.019434345973227324,0.015193207222011723,0.0013512785997591389,342.81
40.0,0.015657582690329096,-0.019344345973227345,0.015273207222011748,0.0007512785997590939,342.81
40.004,0.015657582690329096,-0.01926434597322732,0.015363207222011727,6.127859975912551e-05,342.81
40.008,0.015657582690329096,-0.019094345973227317,0.015443207222011751,-0.00036872140024086044,342.81
40.012,0.015657582690329096,-0.019004345973227338,0.015443207222011751,-0.0008787214002408709,342.81
40.016,0.015917582690329078,-0.018914345973227303,0.015443207222011751,-0.0015687214002408948,342.81
40.02,0.01608758269032908,-0.018574345973227296,0.01553320722201173,-0.002168721400240884,342.81
40.024,0.01617758269032906,-0.018234345973227345,0.01579320722201171,-0.0027687214002408735,342.81
40.028,0.01617758269032906,-0.01806434597322734,0.01579320722201171,-0.003368721400240863,342.81
40.032,0.01617758269032906,-0.017804345973227304,0.01579320722201171,-0.004138721400240911,342.81
40.036,0.01608758269032908,-0.017374345973227318,0.01579320722201171,-0.004908721400240904,342.81
40.04,0.01608758269032908,-0.01703434597322731,0.01579320722201171,-0.005508721400240894,342.81
40.044,0.01608758269032908,-0.01643434597322732,0.015873207222011736,-0.006108721400240883,342.81
40.048,0.01608758269032908,-0.015744345973227297,0.015873207222011736,-0.0067087214002408725,342.81
40.052,0.0158275826903291,-0.015234345973227342,0.015613207222011755,-0.007308721400240862,342.81
40.056,0.015747582690329075,-0.014894345973227335,0.01553320722201173,-0.007908721400240907,342.81
40.06,0.015747582690329075,-0.014544345973227318,0.01553320722201173,-0.008508721400240896,342.81
40.064,0.015577582690329071,-0.014034345973227308,0.015363207222011727,-0.008938721400240882,342.81
40.068,0.015317582690329089,-0.013264345973227315,0.015103207222011744,-0.009448721400240893,342.81
40.072,0.015227582690329054,-0.012494345973227322,0.014933207222011741,-0.010138721400240861,342.81
40.076,0.015147582690329085,-0.011804345973227298,0.014673207222011703,-0.010738721400240906,342.81
40.08,0.014807582690329078,-0.010944345973227326,0.014593207222011734,-0.011338721400240896,342.81
40.084,0.014547582690329096,-0.010434345973227316,0.01441320722201172,-0.011848721400240906,342.81
40.088,0.014287582690329058,-0.009924345973227305,0.01441320722201172,-0.012368721400240871,342.81
40.092,0.013947582690329051,-0.00940434597322734,0.014073207222011714,-0.012878721400240881,342.81
40.096,0.013687582690329068,-0.008804345973227351,0.013813207222011731,-0.01347872140024087,342.81
40.1,0.0136075826903291,-0.00829434597322734,0.013643207222011728,-0.013908721400240912,342.81
40.104,0.013257582690329082,-0.00777434597322732,0.01330320722201172,-0.014338721400240898,342.81
40.108,0.012917582690329076,-0.00726434597322731,0.012963207222011714,-0.014758721400240874,342.81
40.112,0.012747582690329072,-0.006744345973227345,0.012703207222011731,-0.01518872140024086,342.81
40.116,0.012407582690329065,-0.006234345973227334,0.012533207222011728,-0.015618721400240902,342.81
40.12,0.012057582690329048,-0.005724345973227324,0.01219320722201172,-0.01595872140024091,342.81
40.124,0.011807582690329076,-0.005204345973227303,0.011763207222011735,-0.016388721400240894,342.81
40.128,0.011547582690329093,-0.0046943459732273485,0.011413207222011718,-0.01681872140024088,342.81
40.132,0.011547582690329093,-0.004174345973227328,0.010993207222011742,-0.017158721400240887,342.81
40.136,0.01137758269032909,-0.0034863553535145323,0.010473207222011722,-0.01741872140024087,342.81
40.14,0.0107775826903291,-0.0026732353011505584,0.010043207222011736,-0.017678721400240908,342.81
40.144,0.01025758269032908,-0.0017799554449565752,0.009703207222011729,-0.01801872140024086,342.81
40.148,0.009917582690329073,-0.0008514854137537498,0.009363207222011722,-0.018278721400240897,342.81
40.152,0.009577582690329066,6.720516363674877e-05,0.009013207222011705,-0.0184487214002409,342.81
40.156,0.009227582690329049,0.0009311466583937522,0.00850320722201175,-0.018788721400240908,342.81
40.16,0.008887582690329097,0.0017356540267726979,0.007733207222011757,-0.01913872140024087,342.81
40.164,0.008207582690329084,0.0024256540267726663,0.007303207222011715,-0.019218721400240894,342.81
40.168,0.007607582690329094,0.003195654026772659,0.006873207222011729,-0.019308721400240873,342.81
40.172,0.007087582690329074,0.003445654026772687,0.006363207222011719,-0.0195587214002409,342.81
40.176,0.006577582690329063,0.0037956540267726486,0.005843207222011754,-0.01964872140024088,342.81
40.18,0.006057582690329098,0.0045656540267726975,0.005243207222011709,-0.01973872140024086,342.81
40.184,0.005457582690329053,0.005075654026772652,0.004823207222011733,-0.01973872140024086,342.81
40.188,0.0047839981803167635,0.005245654026772656,0.004393207222011747,-0.01964872140024088,342.81
40.192,0.004066004673497821,0.005675654026772697,0.003963207222011706,-0.01964872140024088,342.81
40.196,0.003316484270480904,0.006275654026772687,0.0036232072220117543,-0.019478721400240876,342.81
40.2,0.0025483190718746914,0.006795654026772652,0.003193207222011713,-0.019218721400240894,342.81
40.204,0.0017743911782878638,0.007225654026772693,0.00242320722201172,-0.01895872140024091,342.81
40.208,0.0010075826903290996,0.007645654026772669,0.0018232072220117305,-0.018788721400240908,342.81
40.212,0.00023758269032905116,0.008075654026772655,0.0014732072220117135,-0.0184487214002409,342.81
40.216,-0.0006224173096709207,0.008505654026772697,0.0011332072220117066,-0.018108721400240894,342.81
40.22,-0.0009624173096709277,0.008935654026772683,0.0006232072220117515,-0.017678721400240908,342.81
40.224,-0.0013924173096709137,0.009195654026772665,-6.679277798827242e-05,-0.017248721400240866,342.81
40.228,-0.0018224173096708996,0.009705654026772675,-0.0005767927779882829,-0.016988721400240884,342.81
40.232,-0.002162417309670907,0.010135654026772661,-0.0008367927779882653,-0.01673872140024091,342.81
40.236,-0.0028524173096709307,0.0103956540267727,-0.0011012291889816108,-0.016388721400240894,342.81
40.24,-0.0037124173096709026,0.010645654026772672,-0.0013536208721143558,-0.015878721400240884,342.81
40.244,-0.004482417309670951,0.010995654026772689,-0.0016181704499839476,-0.015278721400240895,342.81
40.248,-0.005252417309670944,0.011335654026772696,-0.001919080545187832,-0.014652600894702203,342.81
40.252,-0.006022417309670937,0.011765654026772682,-0.0022805537803234563,-0.01399972895970407,342.81
40.256,-0.006622417309670926,0.012105654026772689,-0.002726792777988268,-0.01332280618487282,342.81
40.26,-0.00731241730967095,0.012275654026772692,-0.003496792777988261,-0.012624533159834781,342.81
40.264,-0.008082417309670943,0.012615654026772699,-0.00409679277798825,-0.01190761047421628,342.81
40.268,-0.008682417309670933,0.012875654026772682,-0.004776792777988264,-0.011174738717643644,342.81
40.272,-0.009452417309670925,0.013045654026772685,-0.005806792777988295,-0.0104286184797432,342.81
40.276,-0.010222417309670918,0.013475654026772671,-0.006496792777988264,-0.009671950350141277,342.81
40.28,-0.010912417309670942,0.013815654026772678,-0.007096792777988253,-0.0089074349184642,342.81
40.284,-0.011332417309670918,0.013905654026772657,-0.007696792777988298,-0.008137772774338298,342.81
40.288,-0.011852417309670939,0.014165654026772695,-0.00854679277798826,-0.007365664507389895,342.81
40.292,-0.012622417309670932,0.014335654026772698,-0.00906679277798828,-0.006593810707245322,342.81
40.296,-0.013052417309670918,0.01459565402677268,-0.00966679277798827,-0.005824911963530904,342.81
40.3,-0.013562417309670928,0.01467565402677265,-0.01026679277798826,-0.005061668865872969,342.81
40.304,-0.014162417309670917,0.014935654026772688,-0.010866792777988249,-0.0043067820038978424,342.81
40.308,-0.014682417309670938,0.014935654026772688,-0.011466792777988294,-0.0035629519672318536,342.81
40.312,-0.015102417309670914,0.015105654026772691,-0.011976792777988248,-0.002832879345501329,342.81
40.316,-0.01545241730967093,0.015365654026772674,-0.01240679277798829,-0.002119264728332594,342.81
40.32,-0.015882417309670917,0.015445654026772698,-0.012746792777988297,-0.0014248087053519785,342.81
40.324,-0.016392417309670927,0.015365654026772674,-0.013176792777988283,-0.0007522118661858087,342.81
40.328,-0.016822417309670913,0.015365654026772674,-0.013696792777988248,-0.00010417480046041026,342.81
40.332,-0.01716241730967092,0.015445654026772698,-0.01411679277798828,0.0005166019021978876,342.81
40.336,-0.017592417309670906,0.015445654026772698,-0.014466792777988296,0.0011074176521627596,342.81
40.34,-0.017932417309670913,0.015445654026772698,-0.014896792777988282,0.0016655718598078786,342.81
40.344,-0.018022417309670948,0.015445654026772698,-0.015316792777988258,0.0021883639355069155,342.81
40.348,-0.0183624173096709,0.015445654026772698,-0.015576792777988296,0.0026730932896335442,342.81
40.352,-0.018622417309670937,0.015445654026772698,-0.01583679277798828,0.003117059332561435,342.81
40.356,-0.01879241730967094,0.015365654026772674,-0.016266792777988266,0.003517561474664265,342.81
40.36,-0.019052417309670923,0.015445654026772698,-0.016516792777988294,0.0038718991263157043,342.81
40.364,-0.01930241730967095,0.015445654026772698,-0.016866792777988256,0.0041773716978894294,342.81
40.368,-0.019562417309670933,0.015365654026772674,-0.017116792777988284,0.004431278599759111,342.81
40.372,-0.019652417309670912,0.01519565402677267,-0.017376792777988266,0.004601278599759114,342.81
40.376,-0.019822417309670916,0.01519565402677267,-0.01763679277798825,0.004951278599759131,342.81
40.38,-0.019822417309670916,0.015015654026772657,-0.017806792777988252,0.0050312785997591,342.81
40.384,-0.0200824173096709,0.014765654026772684,-0.01814679277798826,0.005381278599759117,342.81
40.388,-0.0200824173096709,0.01459565402677268,-0.018496792777988276,0.005801278599759093,342.81
40.392,-0.01999241730967092,0.014335654026772698,-0.018576792777988245,0.00615127859975911,342.81
40.396,-0.01990241730967094,0.014165654026772695,-0.01874679277798825,0.0062312785997591345,342.81
40.4,-0.019652417309670912,0.013905654026772657,-0.018916792777988252,0.006491278599759117,342.81
40.404,-0.019652417309670912,0.013645654026772674,-0.018916792777988252,0.0070012785997591274,342.81
40.408,-0.019562417309670933,0.013305654026772668,-0.018916792777988252,0.007431278599759113,342.81
40.412,-0.019222417309670926,0.013135654026772664,-0.019006792777988286,0.007691278599759096,342.81
40.416,-0.018962417309670944,0.01296565402677266,-0.019096792777988265,0.0078612785997591,342.81
40.42,-0.01879241730967094,0.012795654026772657,-0.019006792777988286,0.008201278599759106,342.81
40.424,-0.0183624173096709,0.012275654026772692,-0.019096792777988265,0.008631278599759092,342.81
40.428,-0.017932417309670913,0.012015654026772654,-0.019006792777988286,0.0089712785997591,342.81
40.432,-0.01768241730967094,0.011765654026772682,-0.01874679277798825,0.00940127859975914,342.81
40.436,-0.017502417309670927,0.011335654026772696,-0.018496792777988276,0.009751278599759102,342.81
40.44,-0.01716241730967092,0.010905654026772654,-0.018236792777988294,0.01000127859975913,342.81
40.444,-0.016732417309670934,0.010565654026772703,-0.01814679277798826,0.010351278599759092,342.81
40.448,-0.016222417309670924,0.010135654026772661,-0.017806792777988252,0.01060127859975912,342.81
40.452,-0.015622417309670934,0.009705654026772675,-0.017376792777988266,0.011031278599759105,342.81
40.456,-0.015192417309670948,0.009365654026772668,-0.01694679277798828,0.011371278599759112,342.81
40.46,-0.014762417309670907,0.008935654026772683,-0.016606792777988273,0.011631278599759095,342.81
40.464,-0.014252417309670952,0.008335654026772693,-0.016176792777988287,0.011971278599759102,342.81
40.468,-0.013732417309670931,0.007735654026772704,-0.015666792777988277,0.012321278599759119,342.81
40.472,-0.013132417309670942,0.007225654026772693,-0.015236792777988289,0.012661278599759126,342.81
40.476,-0.01271241730967091,0.006795654026772652,-0.014896792777988282,0.01283127859975913,342.81
40.48,-0.012112417309670921,0.006275654026772687,-0.014466792777988296,0.013171278599759136,342.81
40.484,-0.011422417309670953,0.005595654026772673,-0.013946792777988276,0.013521278599759098,342.81
40.488,-0.010732417309670929,0.005075654026772652,-0.013346792777988286,0.013771278599759126,342.81
40.492,-0.009962417309670936,0.0046456540267726665,-0.012926792777988255,0.014031278599759108,342.81
40.496,-0.009362417309670946,0.004045654026772677,-0.012326792777988265,0.014371278599759115,342.81
40.5,-0.008852417309670936,0.0036256540267727007,-0.011636792777988297,0.014721278599759132,342.81
40.504,-0.008162417309670912,0.0033656540267726627,-0.010946792777988273,0.014891278599759136,342.81
40.508,-0.007562417309670923,0.0028456540267726978,-0.010096792777988256,0.015151278599759118,342.81
40.512,-0.006962417309670933,0.0023356540267726873,-0.009496792777988266,0.015321278599759122,342.81
40.516,-0.006362417309670944,0.0016456540267726634,-0.008896792777988277,0.015571278599759094,342.81
40.52,-0.00568241730967093,0.0007956540267727016,-0.008296792777988287,0.015751278599759107,342.81
40.524,-0.004992417309670906,0.00019565402677265665,-0.007561095095509809,0.016001278599759135,342.81
40.528,-0.0043924173096709165,-0.0004043459732273328,-0.006738673939780244,0.016001278599759135,342.81
40.532,-0.003647291674762721,-0.0007543459732273497,-0.005843529586856588,0.016001278599759135,342.81
40.536,-0.002799444283040571,-0.0007543459732273497,-0.0048896623127958425,0.016001278599759135,342.81
40.54,-0.0018881722787168229,-0.0008343459732273187,-0.003891072393655,0.016001278599759135,342.81
40.544,-0.0009527728060038361,-0.0010043459732273223,-0.0028617601054910604,0.016091278599759114,342.81
40.548,-3.2543009113967505e-05,-0.0010943459732273013,-0.0018157257243610189,0.016351278599759097,342.81
40.552,0.0008332199677404254,-0.001449913532955236,-0.0007669695263218729,0.01643127859975912,342.81
40.556,0.0016329351897070646,-0.0021661191397251314,0.0002705082125693813,0.0165212785997591,342.81
40.56,0.0023111365537093476,-0.003127313990337137,0.001282707216255746,0.01643127859975912,342.81
40.564,0.0027175826903290887,-0.004217849281591403,0.0022556272086802246,0.016351278599759097,342.81
40.568,0.002887582690329092,-0.005322076210288079,0.003175267913785821,0.016091278599759114,342.81
40.572,0.002977582690329071,-0.006324345973227313,0.004027629055515537,0.016001278599759135,342.81
40.576,0.0030575826903290956,-0.00726434597322731,0.004798710357812377,0.015831278599759132,342.81
40.58,0.003317582690329078,-0.007864345973227299,0.0054446244640237685,0.015571278599759094,342.81
40.584,0.003747582690329064,-0.008724345973227327,0.00597292049038704,0.015571278599759094,342.81
40.588,0.0042575826903290745,-0.00940434597322734,0.0063687091500645495,0.015491278599759125,342.81
40.592,0.004857582690329064,-0.01000434597322733,0.0066171011562186615,0.015151278599759118,342.81
40.596,0.005377582690329084,-0.010694345973227298,0.006703207222011726,0.014801278599759101,342.81
40.6,0.00580758269032907,-0.011294345973227343,0.005843207222011754,0.014721278599759132,342.81
40.604,0.006317582690329081,-0.012064345973227336,0.0056732072220117506,0.014461278599759094,342.81
40.608,0.007087582690329074,-0.012664345973227326,0.005843207222011754,0.014201278599759112,342.81
40.612,0.007687582690329063,-0.013174345973227336,0.006363207222011719,0.013861278599759105,342.81
40.616,0.008117582690329049,-0.013604345973227322,0.006793207222011705,0.013521278599759098,342.81
40.62,0.00862758269032906,-0.014034345973227308,0.00739320722201175,0.013171278599759136,342.81
40.624,0.008887582690329097,-0.014544345973227318,0.00799320722201174,0.012751278599759105,342.81
40.628,0.009407582690329062,-0.014974345973227304,0.00850320722201175,0.012321278599759119,342.81
40.632,0.009577582690329066,-0.015494345973227325,0.008933207222011736,0.011891278599759133,342.81
40.636,0.009917582690329073,-0.016004345973227335,0.009363207222011722,0.011461278599759091,342.81
40.64,0.010347582690329059,-0.01617434597322734,0.009793207222011708,0.01112127859975914,342.81
40.644,0.0107775826903291,-0.016604345973227325,0.010133207222011715,0.01060127859975912,342.81
40.648,0.011117582690329052,-0.01703434597322731,0.010473207222011722,0.009921278599759106,342.81
40.652,0.011287582690329055,-0.017374345973227318,0.010903207222011707,0.00940127859975914,342.81
40.656,0.011627582690329062,-0.017804345973227304,0.011333207222011749,0.0089712785997591,342.81
40.66,0.011977582690329079,-0.01814434597322731,0.011673207222011756,0.00837127859975911,342.81
40.664,0.012407582690329065,-0.018234345973227345,0.012103207222011742,0.0078612785997591,342.81
40.668,0.012657582690329093,-0.01866434597322733,0.012613207222011752,0.00726127859975911,342.81
40.672,0.012827582690329097,-0.019004345973227338,0.012963207222011714,0.0066612785997591205,342.81
40.676,0.013177582690329058,-0.01917434597322734,0.013133207222011717,0.00615127859975911,342.81
40.68,0.013687582690329068,-0.019434345973227324,0.013473207222011724,0.00563127859975909,342.81
40.684,0.014027582690329075,-0.019434345973227324,0.013733207222011707,0.0050312785997591,342.81
40.688,0.014207582690329089,-0.019434345973227324,0.013993207222011745,0.004431278599759111,342.81
40.692,0.014377582690329092,-0.019434345973227324,0.014333207222011752,0.003751278599759097,342.81
40.696,0.014547582690329096,-0.01977434597322733,0.014593207222011734,0.003231278599759132,342.81
40.7,0.0147175826903291,-0.01986434597322731,0.014763207222011738,0.0027212785997591214,342.81
40.704,0.014887582690329047,-0.01977434597322733,0.01501320722201171,0.002121278599759132,342.81
40.708,0.015227582690329054,-0.01951434597322735,0.015193207222011723,0.0015212785997590868,342.81
40.712,0.015317582690329089,-0.01951434597322735,0.015363207222011727,0.0009212785997590974,342.81
40.716,0.015577582690329071,-0.01951434597322735,0.015363207222011727,0.00040127859975913247,342.81
40.72,0.015657582690329096,-0.019344345973227345,0.015443207222011751,-0.00019872140024091247,342.81
40.724,0.015747582690329075,-0.019094345973227317,0.015443207222011751,-0.0007987214002409019,342.81
40.728,0.016007582690329057,-0.018914345973227303,0.015443207222011751,-0.0013987214002408913,342.81
40.732,0.016007582690329057,-0.01866434597322733,0.015443207222011751,-0.002078721400240905,342.81
40.736,0.016007582690329057,-0.018574345973227296,0.015703207222011732,-0.0026787214002408945,342.81
40.74,0.016007582690329057,-0.018234345973227345,0.01579320722201171,-0.003278721400240884,342.81
40.744,0.016007582690329057,-0.017894345973227338,0.015873207222011736,-0.0037887214002408943,342.81
40.748,0.016007582690329057,-0.017714345973227325,0.015963207222011715,-0.004388721400240884,342.81
40.752,0.016007582690329057,-0.017374345973227318,0.015873207222011736,-0.004988721400240873,342.81
40.756,0.016007582690329057,-0.01694434597322733,0.015963207222011715,-0.005768721400240876,342.81
40.76,0.01608758269032908,-0.01643434597322732,0.015963207222011715,-0.006278721400240887,342.81
40.764,0.01617758269032906,-0.01583434597322733,0.015873207222011736,-0.0069687214002409105,342.81
40.768,0.016007582690329057,-0.015314345973227311,0.01579320722201171,-0.007648721400240869,342.81
40.772,0.015747582690329075,-0.014894345973227335,0.01553320722201173,-0.008248721400240914,342.81
40.776,0.015747582690329075,-0.01446434597322735,0.015443207222011751,-0.008938721400240882,342.81
40.78,0.015577582690329071,-0.013896099021552307,0.015273207222011748,-0.009538721400240872,342.81
40.784,0.015317582690329089,-0.013220078906977765,0.015103207222011744,-0.010138721400240861,342.81
40.788,0.015147582690329085,-0.012425036974868495,0.014933207222011741,-0.010648721400240872,342.81
40.792,0.014887582690329047,-0.01155872633647688,0.014673207222011703,-0.011078721400240913,342.81
40.796,0.014807582690329078,-0.010632600404891479,0.014673207222011703,-0.011588721400240868,342.81
40.8,0.014547582690329096,-0.009658112593200855,0.014673207222011703,-0.012188721400240913,342.81
40.804,0.014287582690329058,-0.008646716314493564,0.014593207222011734,-0.012708721400240878,342.81
40.808,0.013947582690329051,-0.00760986498185817,0.014243207222011717,-0.013218721400240888,342.81
40.812,0.0136075826903291,-0.006559012008383231,0.01390320722201171,-0.013818721400240878,342.81
40.816,0.013257582690329082,-0.005505610807157306,0.013813207222011731,-0.014338721400240898,342.81
40.82,0.013007582690329055,-0.004461114791268957,0.013473207222011724,-0.014758721400240874,342.81
40.824,0.013007582690329055,-0.0034369773738067446,0.013043207222011738,-0.01518872140024086,342.81
40.828,0.012747582690329072,-0.0024446519678592263,0.012613207222011752,-0.015618721400240902,342.81
40.832,0.012407582690329065,-0.0014955919865149623,0.012273207222011745,-0.016048721400240887,342.81
40.836,0.012057582690329048,-0.0006012508428625147,0.012013207222011707,-0.016478721400240873,342.81
40.84,0.011807582690329076,0.00022691805000955823,0.011673207222011756,-0.01681872140024088,342.81
40.844,0.011457582690329059,0.0009480784470400745,0.011333207222011749,-0.017078721400240863,342.81
40.848,0.011117582690329052,0.0015674843854985537,0.010903207222011707,-0.0173387214002409,342.81
40.852,0.01085758269032907,0.0020720403890430237,0.010563207222011756,-0.017678721400240908,342.81
40.856,0.010607582690329097,0.0024486509813315157,0.010043207222011736,-0.01793872140024089,342.81
40.86,0.01025758269032908,0.0026842206860220523,0.009443207222011746,-0.018188721400240863,342.81
40.864,0.009917582690329073,0.0027656540267726733,0.008933207222011736,-0.01853872140024088,342.81
40.868,0.009407582690329062,0.0018256540267726769,0.00850320722201175,-0.018788721400240908,342.81
40.872,0.008717582690329094,0.0024256540267726663,0.008073207222011708,-0.01895872140024091,342.81
40.876,0.008207582690329084,0.0027656540267726733,0.007563207222011753,-0.019218721400240894,342.81
40.88,0.007857582690329067,0.0025956540267726698,0.007043207222011733,-0.019308721400240873,342.81
40.884,0.007347582690329056,0.0031056540267726802,0.0064432072220117435,-0.019388721400240897,342.81
40.888,0.006657582690329088,0.003875654026772673,0.0061032072220117365,-0.01964872140024088,342.81
40.892,0.006237582690329056,0.004475654026772663,0.005843207222011754,-0.01964872140024088,342.81
40.896,0.005977582690329074,0.0049956540267726834,0.005593207222011726,-0.01964872140024088,342.81
40.9,0.005377582690329084,0.005245654026772656,0.004993207222011737,-0.01973872140024086,342.81
40.904,0.0046875826903290604,0.005675654026772697,0.004133207222011709,-0.01973872140024086,342.81
40.908,0.0040075826903290465,0.006195654026772662,0.0037932072220117023,-0.0195587214002409,342.81
40.912,0.0030575826903290956,0.006795654026772652,0.0033632072220117163,-0.019218721400240894,342.81
40.916,0.0022075826903290782,0.007135654026772659,0.002763207222011727,-0.018878721400240887,342.81
40.92,0.0014375826903290855,0.0075656540267727,0.002333207222011741,-0.018788721400240908,342.81
40.924,0.0007475826903290616,0.007905654026772652,0.0018232072220117305,-0.01853872140024088,342.81
40.928,-0.0001124173096709103,0.00816565402677269,0.001223207222011741,-0.018188721400240863,342.81
40.932,-0.0005424173096709518,0.008595654026772676,0.0007032072220117205,-0.01801872140024086,342.81
40.936,-0.0011424173096709412,0.009195654026772665,0.00027320722201173455,-0.017678721400240908,342.81
40.94,-0.0015624173096709171,0.009535654026772672,-0.0002367927779882759,-0.017248721400240866,342.81
40.944,-0.0019924173096709033,0.009795654026772654,-0.0008367927779882653,-0.01681872140024088,342.81
40.948,-0.0025124173096709237,0.010135654026772661,-0.0009267927779882443,-0.01630872140024087,342.81
40.952,-0.0031924173096709377,0.010565654026772703,-0.0006667927779882618,-0.015788721400240905,342.81
40.956,-0.00405241730967091,0.010995654026772689,-0.0007567927779882963,-0.015538721400240877,342.81
40.96,-0.0048224173096709025,0.011335654026772696,-0.0011767927779882722,-0.01518872140024086,342.81
40.964,-0.005512417309670926,0.011765654026772682,-0.0021267927779882786,-0.01458872140024087,342.81
40.968,-0.006112417309670916,0.012105654026772689,-0.0028067927779882925,-0.013648721400240874,342.81
40.972,-0.006882417309670909,0.012195654026772668,-0.0032367927779882785,-0.013048721400240885,342.81
40.976,-0.007562417309670923,0.012615654026772699,-0.00409679277798825,-0.01201872140024091,342.81
40.98,-0.008162417309670912,0.01296565402677266,-0.004866792777988243,-0.011338721400240896,342.81
40.984,-0.008932417309670905,0.013045654026772685,-0.005726792777988271,-0.010568721400240903,342.81
40.988,-0.009622417309670929,0.013305654026772668,-0.006236792777988281,-0.009741784666563716,342.81
40.992,-0.010392417309670922,0.013475654026772671,-0.0068367927779882706,-0.008880706584992033,342.81
40.996,-0.010992417309670911,0.013815654026772678,-0.0075267927779882945,-0.007997674186549883,342.81
41.0,-0.011682417309670935,0.014165654026772695,-0.008126792777988284,-0.007104874502261289,342.81
41.004,-0.012192417309670946,0.014335654026772698,-0.008726792777988273,-0.006214494563150281,342.81
41.008,-0.01271241730967091,0.01459565402677268,-0.009406792777988287,-0.00533872140024089,342.81
41.012,-0.013302417309670946,0.014765654026772684,-0.010006792777988277,-0.004478721400240863,342.81
41.016,-0.013732417309670931,0.015105654026772691,-0.01077679277798827,-0.003618721400240891,342.81
41.02,-0.014162417309670917,0.015105654026772691,-0.01129679277798829,-0.0027687214002408735,342.81
41.024,-0.014762417309670907,0.015105654026772691,-0.011726792777988276,-0.0019087214002409018,342.81
41.028,-0.015362417309670952,0.015365654026772674,-0.012066792777988283,-0.0010487214002408744,342.81
41.032,-0.015882417309670917,0.015445654026772698,-0.01240679277798829,-0.00019872140024091247,342.81
41.036,-0.016392417309670927,0.015445654026772698,-0.012836792777988276,0.0006612785997591149,342.81
41.04,-0.016822417309670913,0.015445654026772698,-0.013266792777988262,0.0015212785997590868,342.81
41.044,-0.01716241730967092,0.015445654026772698,-0.013606792777988269,0.0023812785997591145,342.81
41.048,-0.017502417309670927,0.015365654026772674,-0.014036792777988255,0.003231278599759132,342.81
41.052,-0.017932417309670913,0.015445654026772698,-0.014546792777988265,0.004091278599759104,342.81
41.056,-0.0183624173096709,0.015445654026772698,-0.015066792777988286,0.004951278599759131,342.81
41.06,-0.018702417309670906,0.015445654026772698,-0.015666792777988277,0.005801278599759093,342.81
41.064,-0.01879241730967094,0.015445654026772698,-0.016096792777988263,0.0066612785997591205,342.81
41.068,-0.01888241730967092,0.015445654026772698,-0.01643679277798827,0.007521278599759092,342.81
41.072,-0.019132417309670947,0.015445654026772698,-0.016696792777988252,0.007343500821981318,342.81
41.076,-0.019222417309670926,0.015365654026772674,-0.016696792777988252,0.006899056377536882,342.81
41.08,-0.01948241730967091,0.015445654026772698,-0.01694679277798828,0.0063212785997591135,342.81
41.084,-0.019562417309670933,0.015365654026772674,-0.017466792777988245,0.005743500821981346,342.81
41.088,-0.019732417309670937,0.01519565402677267,-0.017806792777988252,0.00529905637753691,342.81
41.092,-0.01999241730967092,0.01519565402677267,-0.017896792777988287,0.005121278599759135,342.81
41.096,-0.0200824173096709,0.015015654026772657,-0.01806679277798829,0.005461278599759086,342.81
41.1,-0.0200824173096709,0.01467565402677265,-0.018236792777988294,0.005461278599759086,342.81
41.104,-0.01999241730967092,0.014505654026772702,-0.018496792777988276,0.005801278599759093,342.81
41.108,-0.01999241730967092,0.014245654026772664,-0.01866679277798828,0.00615127859975911,342.81
41.112,-0.01999241730967092,0.014165654026772695,-0.018916792777988252,0.006581278599759096,342.81
41.116,-0.01999241730967092,0.013815654026772678,-0.019006792777988286,0.006831278599759124,342.81
41.12,-0.019732417309670937,0.013645654026772674,-0.019096792777988265,0.0070012785997591274,342.81
41.124,-0.019562417309670933,0.013645654026772674,-0.019006792777988286,0.007351278599759089,342.81
41.128,-0.01930241730967095,0.013045654026772685,-0.019006792777988286,0.00778127859975913,342.81
41.132,-0.019132417309670947,0.012615654026772699,-0.019006792777988286,0.008121278599759137,342.81
41.136,-0.01879241730967094,0.012365654026772671,-0.019096792777988265,0.008461278599759089,342.81
41.14,-0.0183624173096709,0.012105654026772689,-0.018916792777988252,0.008721278599759127,342.81
41.144,-0.017932417309670913,0.011765654026772682,-0.01866679277798828,0.009061278599759134,342.81
41.148,-0.017592417309670906,0.011415654026772665,-0.018496792777988276,0.00940127859975914,342.81
41.152,-0.01716241730967092,0.010995654026772689,-0.018236792777988294,0.009831278599759127,342.81
41.156,-0.016732417309670934,0.010475654026772668,-0.01814679277798826,0.010091278599759109,342.81
41.16,-0.016302417309670948,0.010045654026772682,-0.017806792777988252,0.010351278599759092,342.81
41.164,-0.015882417309670917,0.009705654026772675,-0.017466792777988245,0.010691278599759099,342.81
41.168,-0.0155324173096709,0.009365654026772668,-0.017296792777988297,0.011031278599759105,342.81
41.172,-0.015102417309670914,0.008935654026772683,-0.01703679277798826,0.011291278599759088,342.81
41.176,-0.014502417309670924,0.008505654026772697,-0.016516792777988294,0.011551278599759126,342.81
41.18,-0.013902417309670935,0.007995654026772686,-0.016096792777988263,0.011971278599759102,342.81
41.184,-0.013562417309670928,0.007305654026772662,-0.015746792777988246,0.012401278599759088,342.81
41.188,-0.012962417309670939,0.006795654026772652,-0.015236792777988289,0.012661278599759126,342.81
41.192,-0.012282417309670925,0.00644565402677269,-0.014546792777988265,0.012751278599759105,342.81
41.196,-0.011762417309670904,0.00593565402677268,-0.01411679277798828,0.013171278599759136,342.81
41.2,-0.011332417309670918,0.005245654026772656,-0.013696792777988248,0.013601278599759122,342.81
41.204,-0.010732417309670929,0.004735654026772701,-0.013096792777988258,0.013861278599759105,342.81
41.208,-0.010052417309670915,0.004395654026772694,-0.012496792777988269,0.014031278599759108,342.81
41.212,-0.009192417309670943,0.0039656540267726526,-0.011976792777988248,0.014371278599759115,342.81
41.216,-0.008592417309670954,0.0033656540267726627,-0.011206792777988256,0.014721278599759132,342.81
41.22,-0.007822417309670905,0.0027656540267726733,-0.010696792777988245,0.014891278599759136,342.81
41.224,-0.007222417309670916,0.002165654026772684,-0.010006792777988277,0.015151278599759118,342.81
41.228,-0.006622417309670926,0.0015656540267726944,-0.00914679277798825,0.015321278599759122,342.81
41.232,-0.006022417309670937,0.0009656540267726496,-0.008466792777988291,0.015571278599759094,342.81
41.236,-0.005332417309670913,0.00027565402677268115,-0.007866792777988246,0.015571278599759094,342.81
41.24,-0.004912417309670937,-0.0003243459732273083,-0.007096792777988253,0.015571278599759094,342.81
41.244,-0.004132417309670934,-0.0008343459732273187,-0.006369650271256623,0.015571278599759094,342.81
41.248,-0.003362417309670941,-0.0010043459732273223,-0.0056309478959152654,0.01566127859975913,342.81
41.252,-0.0026824173096709272,-0.0011743459732273258,-0.00488362556416999,0.01592127859975911,342.81
41.256,-0.0019620153082598795,-0.0014343459732273083,-0.0041306231882266,0.016001278599759135,342.81
41.26,-0.001219309875747388,-0.0016043459732273118,-0.0033748806802909046,0.01592127859975911,342.81
41.264,-0.00046014918588285054,-0.0017743459732273152,-0.0026193379525687116,0.016001278599759135,342.81
41.268,0.0003096185875843356,-0.0022264110756881447,-0.0018669349172658256,0.016001278599759135,342.81
41.272,0.0010841452709047723,-0.003011664883386265,-0.001120611486588055,0.016001278599759135,342.81
41.276,0.0018575826903290615,-0.004010596336655459,-0.0003833075727412064,0.016001278599759135,342.81
41.28,0.002637582690329064,-0.005103694375829509,0.0003420369120689129,0.016001278599759135,342.81
41.284,0.0031475826903290746,-0.006171447941242197,0.0010524820556364954,0.01592127859975911,342.81
41.288,0.003317582690329078,-0.007094345973227306,0.0017450879457557348,0.015751278599759107,342.81
41.292,0.003317582690329078,-0.007864345973227299,0.002416914670220826,0.015751278599759107,342.81
41.296,0.003407582690329057,-0.008544345973227313,0.0030650223168259584,0.015571278599759094,342.81
41.3,0.0040075826903290465,-0.00940434597322734,0.0036864709733653287,0.015321278599759122,342.81
41.304,0.004517582690329057,-0.01000434597322733,0.004278320727633126,0.015151278599759118,342.81
41.308,0.005117582690329046,-0.01060434597322732,0.0048376316674235455,0.014891278599759136,342.81
41.312,0.00580758269032907,-0.011204345973227309,0.005361463880530782,0.014631278599759098,342.81
41.316,0.006237582690329056,-0.011894345973227333,0.005846877454749025,0.01429127859975909,342.81
41.32,0.006747582690329067,-0.012494345973227322,0.00629093247787247,0.014031278599759108,342.81
41.324,0.007347582690329056,-0.013174345973227336,0.006690689037695308,0.01395127859975914,342.81
41.328,0.007777582690329098,-0.013604345973227322,0.007043207222011733,0.013601278599759122,342.81
41.332,0.008207582690329084,-0.014034345973227308,0.007303207222011715,0.013091278599759112,342.81
41.336,0.008717582690329094,-0.014544345973227318,0.007643207222011722,0.012661278599759126,342.81
41.34,0.009317582690329083,-0.014974345973227304,0.008073207222011708,0.012321278599759119,342.81
41.344,0.009827582690329094,-0.015404345973227346,0.008763207222011732,0.011971278599759102,342.81
41.348,0.010007582690329052,-0.01583434597322733,0.009273207222011743,0.011551278599759126,342.81
41.352,0.010177582690329055,-0.01617434597322734,0.009793207222011708,0.01112127859975914,342.81
41.356,0.010427582690329083,-0.016514345973227346,0.010133207222011715,0.010691278599759099,342.81
41.36,0.0107775826903291,-0.016864345973227307,0.010563207222011756,0.010171278599759134,342.81
41.364,0.011207582690329086,-0.01729434597322735,0.010993207222011742,0.009571278599759089,342.81
41.368,0.011547582690329093,-0.017804345973227304,0.011333207222011749,0.009061278599759134,342.81
41.372,0.0118875826903291,-0.01814434597322731,0.011673207222011756,0.008461278599759089,342.81
41.376,0.012227582690329052,-0.018314345973227314,0.012013207222011707,0.0078612785997591,342.81
41.38,0.01248758269032909,-0.01866434597322733,0.012273207222011745,0.007431278599759113,342.81
41.384,0.012827582690329097,-0.018914345973227303,0.012613207222011752,0.006831278599759124,342.81
41.388,0.013177582690329058,-0.019094345973227317,0.013043207222011738,0.0062312785997591345,342.81
41.392,0.013517582690329065,-0.019344345973227345,0.01330320722201172,0.005801278599759093,342.81
41.396,0.013777582690329047,-0.019434345973227324,0.013563207222011703,0.005291278599759138,342.81
41.4,0.014117582690329054,-0.01951434597322735,0.01390320722201171,0.004601278599759114,342.81
41.404,0.014287582690329058,-0.01977434597322733,0.014163207222011748,0.004001278599759125,342.81
41.408,0.014457582690329061,-0.01977434597322733,0.014243207222011717,0.003321278599759111,342.81
41.412,0.0147175826903291,-0.01977434597322733,0.014503207222011755,0.002891278599759125,342.81
41.416,0.014977582690329082,-0.01977434597322733,0.014673207222011703,0.0023812785997591145,342.81
41.42,0.015227582690329054,-0.01986434597322731,0.014933207222011741,0.0017812785997591248,342.81
41.424,0.015407582690329068,-0.019944345973227334,0.015193207222011723,0.0011812785997591354,342.81
41.428,0.015657582690329096,-0.01977434597322733,0.015443207222011751,0.00040127859975913247,342.81
41.432,0.015747582690329075,-0.01951434597322735,0.015443207222011751,-0.00010872140024087797,342.81
41.436,0.016007582690329057,-0.019344345973227345,0.01553320722201173,-0.0007087214002408674,342.81
41.44,0.016007582690329057,-0.019094345973227317,0.01579320722201171,-0.0011387214002409089,342.81
41.444,0.016007582690329057,-0.019004345973227338,0.015703207222011732,-0.0017387214002408983,342.81
41.448,0.01608758269032908,-0.0187443459732273,0.015703207222011732,-0.0023387214002408875,342.81
41.452,0.01617758269032906,-0.018494345973227327,0.015963207222011715,-0.002938721400240877,342.81
41.456,0.01617758269032906,-0.01814434597322731,0.015963207222011715,-0.0035387214002408664,342.81
41.46,0.01608758269032908,-0.017894345973227338,0.015963207222011715,-0.004138721400240911,342.81
41.464,0.01608758269032908,-0.017714345973227325,0.015873207222011736,-0.004988721400240873,342.81
41.468,0.01608758269032908,-0.017374345973227318,0.015873207222011736,-0.005678721400240897,342.81
41.472,0.01608758269032908,-0.01694434597322733,0.015963207222011715,-0.006278721400240887,342.81
41.476,0.01617758269032906,-0.016514345973227346,0.015703207222011732,-0.006878721400240876,342.81
41.48,0.01608758269032908,-0.016004345973227335,0.015443207222011751,-0.007478721400240865,342.81
41.484,0.016007582690329057,-0.015314345973227311,0.015443207222011751,-0.00807872140024091,342.81
41.488,0.015747582690329075,-0.014634345973227297,0.015363207222011727,-0.0086787214002409,342.81
41.492,0.015577582690329071,-0.014114345973227332,0.015103207222011744,-0.00927872140024089,342.81
41.496,0.015317582690329089,-0.013694345973227301,0.01501320722201171,-0.0097887214002409,342.81
41.5,0.015317582690329089,-0.01308904463557771,0.01501320722201171,-0.010308721400240865,342.81
41.504,0.015227582690329054,-0.012343216985958857,0.014843207222011707,-0.01090872140024091,342.81
41.508,0.014977582690329082,-0.011477134010380696,0.014843207222011707,-0.011418721400240864,342.81
41.512,0.0147175826903291,-0.01051106669485318,0.014593207222011734,-0.01201872140024091,342.81
41.516,0.014377582690329092,-0.009465286025386268,0.014333207222011752,-0.012618721400240899,342.81
41.52,0.014027582690329075,-0.008360062987989908,0.014243207222011717,-0.013048721400240885,342.81
41.524,0.013687582690329068,-0.007215668568674057,0.013993207222011745,-0.01347872140024087,342.81
41.528,0.013427582690329086,-0.006052373753448672,0.013733207222011707,-0.013908721400240912,342.81
41.532,0.013177582690329058,-0.004890449528323706,0.013393207222011755,-0.014338721400240898,342.81
41.536,0.013007582690329055,-0.0037501668793091096,0.013043207222011738,-0.014938721400240888,342.81
41.54,0.012747582690329072,-0.002651796792414843,0.012533207222011728,-0.015448721400240898,342.81
41.544,0.012407582690329065,-0.001615610253650855,0.01219320722201172,-0.015618721400240902,342.81
41.548,0.012057582690329048,-0.0006618782490271025,0.012103207222011742,-0.016048721400240887,342.81
41.552,0.011627582690329062,0.0001891282354464617,0.011673207222011756,-0.016478721400240873,342.81
41.556,0.01137758269032909,0.0009030561269824886,0.011243207222011714,-0.01681872140024088,342.81
41.56,0.011207582690329086,0.0014426071786369393,0.010903207222011707,-0.017158721400240887,342.81
41.564,0.011117582690329052,0.001785530369348177,0.010563207222011756,-0.017508721400240904,342.81
41.568,0.010687582690329066,0.0019056540267727014,0.010213207222011739,-0.017758721400240877,342.81
41.572,0.01025758269032908,0.00147565402677266,0.009703207222011729,-0.01801872140024086,342.81
41.576,0.009917582690329073,0.0012256540267726874,0.008933207222011736,-0.018108721400240894,342.81
41.58,0.009407582690329062,0.0015656540267726944,0.008413207222011715,-0.0184487214002409,342.81
41.584,0.008977582690329076,0.0016456540267726634,0.00799320722201174,-0.018788721400240908,342.81
41.588,0.008807582690329073,0.002165654026772684,0.007563207222011753,-0.018878721400240887,342.81
41.592,0.008207582690329084,0.002505654026772691,0.007223207222011746,-0.01895872140024091,342.81
41.596,0.007687582690329063,0.0031056540267726802,0.006963207222011708,-0.019218721400240894,342.81
41.6,0.007257582690329077,0.0036256540267727007,0.0061932072220117155,-0.019218721400240894,342.81
41.604,0.006487582690329084,0.0043056540267726595,0.0056732072220117506,-0.019218721400240894,342.81
41.608,0.006057582690329098,0.004735654026772701,0.00516320722201174,-0.019218721400240894,342.81
41.612,0.005377582690329084,0.0049956540267726834,0.004823207222011733,-0.019218721400240894,342.81
41.616,0.0046571806889180375,0.005505654026772694,0.00464320722201172,-0.019218721400240894,342.81
41.62,0.003914475256405546,0.006025654026772659,0.003963207222011706,-0.01913872140024087,342.81
41.624,0.003155314566541008,0.006535654026772669,0.0032732072220117373,-0.01895872140024091,342.81
41.628,0.0023855467930738216,0.007225654026772693,0.002763207222011727,-0.018788721400240908,342.81
41.632,0.0016110201097533853,0.007645654026772669,0.002333207222011741,-0.01853872140024088,342.81
41.636,0.0008375826903290961,0.007905654026772652,0.001993207222011734,-0.018358721400240866,342.81
41.64,5.7582690329093184e-05,0.00816565402677269,0.001563207222011748,-0.01801872140024086,342.81
41.644,-0.0005424173096709518,0.008505654026772697,0.000963207222011703,-0.017678721400240908,342.81
41.648,-0.0011424173096709412,0.008935654026772683,0.00027320722201173455,-0.0173387214002409,342.81
41.652,-0.0015624173096709171,0.009365654026772668,-0.0002367927779882759,-0.017078721400240863,342.81
41.656,-0.001912417309670934,0.009795654026772654,-0.0006667927779882618,-0.01673872140024091,342.81
41.66,-0.0024224173096709448,0.010135654026772661,-0.0010067927779882687,-0.016388721400240894,342.81
41.664,-0.0032824173096709167,0.010475654026772668,-0.0008367927779882653,-0.01570872140024088,342.81
41.668,-0.003962417309670931,0.010905654026772654,-0.0005767927779882829,-0.01518872140024086,342.81
41.672,-0.004652417309670899,0.011335654026772696,-0.0012667927779882512,-0.014848721400240909,342.81
41.676,-0.005422417309670947,0.011595654026772678,-0.0016967927779882926,-0.014418721400240867,342.81
41.68,-0.006112417309670916,0.01184565402677265,-0.0021267927779882786,-0.013648721400240874,342.81
41.684,-0.006882417309670909,0.012195654026772668,-0.002976792777988296,-0.012958721400240906,342.81
41.688,-0.007562417309670923,0.012535654026772675,-0.003746792777988289,-0.01201872140024091,342.81
41.692,-0.008162417309670912,0.012795654026772657,-0.004436792777988257,-0.011247465987253857,342.81
41.696,-0.00902241730967094,0.013045654026772685,-0.00520679277798825,-0.01047985179803204,342.81
41.7,-0.009792417309670932,0.013395654026772702,-0.005896792777988274,-0.009716924086282787,342.81
41.704,-0.010392417309670922,0.013735654026772653,-0.006666792777988267,-0.008959728105713416,342.81
41.708,-0.010992417309670911,0.013905654026772657,-0.007346792777988281,-0.008209309110031256,342.81
41.712,-0.011682417309670935,0.01407565402677266,-0.00794679277798827,-0.007466712352943628,342.81
41.716,-0.012282417309670925,0.014245654026772664,-0.008726792777988273,-0.006732983088157852,342.81
41.72,-0.012962417309670939,0.014505654026772702,-0.00914679277798825,-0.006009166569381257,342.81
41.724,-0.013392417309670925,0.01467565402677265,-0.00966679277798827,-0.005296308050321163,342.81
41.728,-0.01382241730967091,0.014935654026772688,-0.010436792777988263,-0.004595452784684894,342.81
41.732,-0.014332417309670921,0.015105654026772691,-0.011126792777988287,-0.003907646026179775,342.81
41.736,-0.01493241730967091,0.01519565402677267,-0.011546792777988263,-0.0032339330285131272,342.81
41.74,-0.01545241730967093,0.015445654026772698,-0.01189679277798828,-0.0025753590453922743,342.81
41.744,-0.015882417309670917,0.015445654026772698,-0.012326792777988265,-0.0019329693305245412,342.81
41.748,-0.016392417309670927,0.015445654026772698,-0.012926792777988255,-0.001307809137617249,342.81
41.752,-0.016822417309670913,0.015445654026772698,-0.013266792777988262,-0.0007009237203777238,342.81
41.756,-0.01716241730967092,0.015445654026772698,-0.013696792777988248,-0.00011335833251328777,342.81
41.76,-0.017502417309670927,0.015445654026772698,-0.01411679277798828,0.00045384177226873753,342.81
41.764,-0.017932417309670913,0.015445654026772698,-0.014466792777988296,0.0009996313402610253,342.81
41.768,-0.0183624173096709,0.015365654026772674,-0.014976792777988251,0.0015229651177562553,342.81
41.772,-0.018622417309670937,0.015365654026772674,-0.015496792777988272,0.0020227978510471006,342.81
41.776,-0.01879241730967094,0.015365654026772674,-0.015746792777988246,0.0024980842864262406,342.81
41.78,-0.01888241730967092,0.015445654026772698,-0.016096792777988263,0.0029477791701863505,342.81
41.784,-0.019132417309670947,0.015535654026772677,-0.016516792777988294,0.003370837248620108,342.81
41.788,-0.019222417309670926,0.01570565402677268,-0.016776792777988277,0.003766213268020193,342.81
41.792,-0.01948241730967091,0.015535654026772677,-0.01703679277798826,0.004132861974679274,342.81
41.796,-0.019562417309670933,0.015365654026772674,-0.017296792777988297,0.0044697381148900315,342.81
41.8,-0.019822417309670916,0.015105654026772691,-0.017466792777988245,0.004775796434945144,342.81
41.804,-0.020252417309670902,0.015015654026772657,-0.017716792777988273,0.005049991681137286,342.81
41.808,-0.020252417309670902,0.014935654026772688,-0.017806792777988252,0.005291278599759138,342.81
41.812,-0.020252417309670902,0.01467565402677265,-0.01814679277798826,0.005461278599759086,342.81
41.816,-0.01999241730967092,0.014505654026772702,-0.018496792777988276,0.005801278599759093,342.81
41.82,-0.01999241730967092,0.014245654026772664,-0.018576792777988245,0.0062312785997591345,342.81
41.824,-0.01999241730967092,0.014165654026772695,-0.01874679277798825,0.006581278599759096,342.81
41.828,-0.01999241730967092,0.013815654026772678,-0.019006792777988286,0.006921278599759103,342.81
41.832,-0.019732417309670937,0.013645654026772674,-0.019096792777988265,0.00726127859975911,342.81
41.836,-0.019562417309670933,0.013645654026772674,-0.019096792777988265,0.007351278599759089,342.81
41.84,-0.01930241730967095,0.013395654026772702,-0.019006792777988286,0.007431278599759113,342.81
41.844,-0.019222417309670926,0.013045654026772685,-0.019006792777988286,0.00778127859975913,342.81
41.848,-0.01888241730967092,0.012535654026772675,-0.019006792777988286,0.008121278599759137,342.81
41.852,-0.0183624173096709,0.012195654026772668,-0.018916792777988252,0.008461278599759089,342.81
41.856,-0.017932417309670913,0.012105654026772689,-0.01866679277798828,0.008801278599759096,342.81
41.86,-0.017592417309670906,0.011765654026772682,-0.018576792777988245,0.009061278599759134,342.81
41.864,-0.017332417309670924,0.011415654026772665,-0.018316792777988262,0.00940127859975914,342.81
41.868,-0.01708241730967095,0.010995654026772689,-0.01806679277798829,0.009921278599759106,342.81
41.872,-0.01665241730967091,0.010475654026772668,-0.017806792777988252,0.010351278599759092,342.81
41.876,-0.01605241730967092,0.010045654026772682,-0.017716792777988273,0.010521278599759095,342.81
41.88,-0.0155324173096709,0.009615654026772696,-0.017376792777988266,0.010771278599759123,342.81
41.884,-0.015102417309670914,0.009015654026772651,-0.01694679277798828,0.01112127859975914,342.81
41.888,-0.014682417309670938,0.008505654026772697,-0.016516792777988294,0.011551278599759126,342.81
41.892,-0.014252417309670952,0.008075654026772655,-0.016096792777988263,0.011801278599759098,342.81
41.896,-0.013652417309670907,0.007475654026772666,-0.015746792777988246,0.011971278599759102,342.81
41.9,-0.013132417309670942,0.006875654026772676,-0.015316792777988258,0.012321278599759119,342.81
41.904,-0.012532417309670953,0.00644565402677269,-0.014806792777988248,0.012751278599759105,342.81
41.908,-0.011932417309670908,0.006025654026772659,-0.014206792777988258,0.013091278599759112,342.81
41.912,-0.011422417309670953,0.005505654026772694,-0.013696792777988248,0.013261278599759115,342.81
41.916,-0.010822417309670908,0.004905654026772649,-0.013096792777988258,0.013521278599759098,342.81
41.92,-0.010222417309670918,0.004395654026772694,-0.012496792777988269,0.013861278599759105,342.81
41.924,-0.009622417309670929,0.003875654026772673,-0.011976792777988248,0.014121278599759087,342.81
41.928,-0.008762417309670902,0.003195654026772659,-0.011376792777988259,0.014461278599759094,342.81
41.932,-0.008332417309670916,0.0026756540267726943,-0.010606792777988266,0.014631278599759098,342.81
41.936,-0.007482417309670954,0.002165654026772684,-0.01017679277798828,0.014891278599759136,342.81
41.94,-0.006882417309670909,0.0015656540267726944,-0.009326792777988263,0.015151278599759118,342.81
41.944,-0.00619241730967094,0.001135654026772653,-0.008636792777988294,0.015231278599759087,342.81
41.948,-0.005592417309670951,0.0006256540267726981,-0.007866792777988246,0.015491278599759125,342.81
41.952,-0.004992417309670906,0.00012170434371344978,-0.007046905151845977,0.015491278599759125,342.81
41.956,-0.004264592641406585,-0.0003701649034078912,-0.0061988897370590604,0.015571278599759094,342.81
41.96,-0.003443919052185362,-0.0008554047378131036,-0.005330726946368864,0.01566127859975913,342.81
41.964,-0.0025613523282126474,-0.001339466182723965,-0.004450397192516752,0.015751278599759107,342.81
41.968,-0.0016439440537743346,-0.001827800261362254,-0.0035658808882440924,0.01592127859975911,342.81
41.972,-0.0007187458131563147,-0.002325857996949748,-0.002685158446292249,0.016001278599759135,342.81
41.976,0.0001871908093555206,-0.0028390904127082264,-0.001801080839597791,0.016001278599759135,342.81
41.98,0.00104681422947528,-0.0033729485318594664,-0.0009351718726462287,0.016001278599759135,342.81
41.984,0.0018423087995976502,-0.003932883377625247,-8.539257812203137e-05,0.016001278599759135,342.81
41.988,0.002488037530627496,-0.004524345973227345,0.0007502960112903317,0.016001278599759135,342.81
41.992,0.0028075826903290677,-0.005204345973227303,0.0015739328629063905,0.016001278599759135,342.81
41.996,0.002887582690329092,-0.0061443459732273,0.0023875569440416733,0.016001278599759135,342.81
42.0,0.002977582690329071,-0.006834345973227324,0.003193207222011713,0.015831278599759132,342.81
42.004,0.0030575826903290956,-0.007524345973227348,0.003963207222011706,0.015751278599759107,342.81
42.008,0.003407582690329057,-0.00837434597322731,0.004473207222011716,0.015751278599759107,342.81
42.012,0.0038375826903290985,-0.009064345973227333,0.004823207222011733,0.015571278599759094,342.81
42.016,0.004517582690329057,-0.009664345973227323,0.005073207222011706,0.015321278599759122,342.81
42.02,0.005037582690329077,-0.010264345973227312,0.005333207222011744,0.015061278599759139,342.81
42.024,0.005377582690329084,-0.010864345973227302,0.0056732072220117506,0.014721278599759132,342.81
42.028,0.005887582690329095,-0.011544345973227316,0.006023207222011712,0.014461278599759094,342.81
42.032,0.006577582690329063,-0.01223434597322734,0.006363207222011719,0.01429127859975909,342.81
42.036,0.007087582690329074,-0.01274434597322735,0.006623207222011757,0.014031278599759108,342.81
42.04,0.007437582690329091,-0.013174345973227336,0.006873207222011729,0.013861278599759105,342.81
42.044,0.007857582690329067,-0.013774345973227325,0.006963207222011708,0.013521278599759098,342.81
42.048,0.008287582690329053,-0.014374345973227315,0.007303207222011715,0.013171278599759136,342.81
42.052,0.008717582690329094,-0.0148043459732273,0.007903207222011705,0.01283127859975913,342.81
42.056,0.00914758269032908,-0.015234345973227342,0.008413207222011715,0.012401278599759088,342.81
42.06,0.009487582690329087,-0.015744345973227297,0.008933207222011736,0.011891278599759133,342.81
42.064,0.009917582690329073,-0.01617434597322734,0.009273207222011743,0.011371278599759112,342.81
42.068,0.010347582690329059,-0.016604345973227325,0.009703207222011729,0.010771278599759123,342.81
42.072,0.0107775826903291,-0.01694434597322733,0.010133207222011715,0.010261278599759113,342.81
42.076,0.011207582690329086,-0.01703434597322731,0.010563207222011756,0.009921278599759106,342.81
42.08,0.011547582690329093,-0.017374345973227318,0.010993207222011742,0.00940127859975914,342.81
42.084,0.011807582690329076,-0.017714345973227325,0.011243207222011714,0.008721278599759127,342.81
42.088,0.012057582690329048,-0.01814434597322731,0.011763207222011735,0.008201278599759106,342.81
42.092,0.012407582690329065,-0.018494345973227327,0.01219320722201172,0.007601278599759117,342.81
42.096,0.012747582690329072,-0.01866434597322733,0.012443207222011749,0.0070012785997591274,342.81
42.1,0.013007582690329055,-0.018914345973227303,0.012613207222011752,0.006401278599759138,342.81
42.104,0.013257582690329082,-0.019004345973227338,0.012963207222011714,0.005801278599759093,342.81
42.108,0.013687582690329068,-0.01926434597322732,0.01330320722201172,0.005381278599759117,342.81
42.112,0.014027582690329075,-0.01951434597322735,0.013473207222011724,0.004781278599759128,342.81
42.116,0.014207582690329089,-0.01977434597322733,0.013813207222011731,0.004181278599759138,342.81
42.12,0.014457582690329061,-0.01977434597322733,0.014073207222011714,0.003751278599759097,342.81
42.124,0.0147175826903291,-0.01977434597322733,0.014333207222011752,0.003231278599759132,342.81
42.128,0.014977582690329082,-0.01977434597322733,0.014593207222011734,0.002461278599759139,342.81
42.132,0.015227582690329054,-0.01977434597322733,0.014673207222011703,0.0019512785997591283,342.81
42.136,0.015407582690329068,-0.01977434597322733,0.014933207222011741,0.0013512785997591389,342.81
42.14,0.015657582690329096,-0.019694345973227306,0.015193207222011723,0.0008312785997591184,342.81
42.144,0.015657582690329096,-0.01951434597322735,0.015443207222011751,0.000231278599759129,342.81
42.148,0.015747582690329075,-0.01951434597322735,0.015443207222011751,-0.00036872140024086044,342.81
42.152,0.016007582690329057,-0.019344345973227345,0.015363207222011727,-0.0009687214002409054,342.81
42.156,0.016007582690329057,-0.019094345973227317,0.015363207222011727,-0.0015687214002408948,342.81
42.16,0.016007582690329057,-0.018914345973227303,0.015443207222011751,-0.002078721400240905,342.81
42.164,0.015917582690329078,-0.018574345973227296,0.015443207222011751,-0.0027687214002408735,342.81
42.168,0.015917582690329078,-0.018234345973227345,0.015443207222011751,-0.003368721400240863,342.81
42.172,0.01608758269032908,-0.01814434597322731,0.01579320722201171,-0.004138721400240911,342.81
42.176,0.01608758269032908,-0.017894345973227338,0.015963207222011715,-0.004908721400240904,342.81
42.18,0.01608758269032908,-0.017374345973227318,0.015963207222011715,-0.005678721400240897,342.81
42.184,0.01608758269032908,-0.01694434597322733,0.015873207222011736,-0.006278721400240887,342.81
42.188,0.01608758269032908,-0.016514345973227346,0.01579320722201171,-0.006788721400240897,342.81
42.192,0.016007582690329057,-0.016004345973227335,0.01553320722201173,-0.007138721400240914,342.81
42.196,0.015747582690329075,-0.015404345973227346,0.01553320722201173,-0.007738721400240903,342.81
42.2,0.015747582690329075,-0.014894345973227335,0.015363207222011727,-0.008338721400240893,342.81
42.204,0.015657582690329096,-0.01446434597322735,0.015103207222011744,-0.008938721400240882,342.81
42.208,0.015487582690329092,-0.013774345973227325,0.01501320722201171,-0.009538721400240872,342.81
42.212,0.015227582690329054,-0.012924345973227308,0.01501320722201171,-0.010138721400240861,342.81
42.216,0.015147582690329085,-0.012144345973227305,0.014843207222011707,-0.010568721400240903,342.81
42.22,0.014887582690329047,-0.011204345973227309,0.014843207222011707,-0.011168721400240892,342.81
42.224,0.014807582690329078,-0.010415616785475859,0.014673207222011703,-0.011768721400240881,342.81
42.228,0.014457582690329061,-0.009654457284720372,0.014593207222011734,-0.012278721400240892,342.81
42.232,0.014117582690329054,-0.00891898659072348,0.014333207222011752,-0.012708721400240878,342.81
42.236,0.013947582690329051,-0.008207323823247833,0.014073207222011714,-0.013218721400240888,342.81
42.24,0.0136075826903291,-0.007517588102056062,0.013733207222011707,-0.013818721400240878,342.81
42.244,0.013257582690329082,-0.0068478985469108125,0.013393207222011755,-0.014248721400240864,342.81
42.248,0.012827582690329097,-0.006196374277574721,0.013043207222011738,-0.014678721400240905,342.81
42.252,0.012577582690329069,-0.0055611344138104275,0.012703207222011731,-0.01518872140024086,342.81
42.256,0.01248758269032909,-0.004940298075380572,0.012533207222011728,-0.015618721400240902,342.81
42.26,0.012317582690329086,-0.004331984382047793,0.01219320722201172,-0.01595872140024091,342.81
42.264,0.012057582690329048,-0.003734312453574733,0.011843207222011704,-0.01630872140024087,342.81
42.268,0.011807582690329076,-0.0031454014097240263,0.011333207222011749,-0.016558721400240898,342.81
42.272,0.011287582690329055,-0.002563370370258318,0.010903207222011707,-0.01681872140024088,342.81
42.276,0.010947582690329048,-0.0019863384549402455,0.010563207222011756,-0.017248721400240866,342.81
42.28,0.010607582690329097,-0.0014124247835324484,0.010133207222011715,-0.017588721400240873,342.81
42.284,0.010177582690329055,-0.0008397484757975659,0.009703207222011729,-0.017678721400240908,342.81
42.288,0.009827582690329094,-0.0002664286514982387,0.009273207222011743,-0.018108721400240894,342.81
42.292,0.009487582690329087,0.00030941556960289464,0.008763207222011732,-0.0184487214002409,342.81
42.296,0.00914758269032908,0.000889665067743194,0.008163207222011743,-0.01853872140024088,342.81
42.3,0.008807582690329073,0.0014762007231600197,0.007643207222011722,-0.018788721400240908,342.81
42.304,0.008457582690329056,0.002070903416090734,0.007223207222011746,-0.018788721400240908,342.81
42.308,0.007857582690329067,0.0026756540267726943,0.006793207222011705,-0.01895872140024091,342.81
42.312,0.00751758269032906,0.0032756540267726837,0.006363207222011719,-0.019218721400240894,342.81
42.316,0.007087582690329074,0.0037956540267726486,0.0057632072220117295,-0.019218721400240894,342.81
42.32,0.00640758269032906,0.004135654026772656,0.005243207222011709,-0.019308721400240873,342.81
42.324,0.005457582690329053,0.004735654026772701,0.004903207222011702,-0.019388721400240897,342.81
42.328,0.005117582690329046,0.00533565402677269,0.00464320722201172,-0.019308721400240873,342.81
42.332,0.004568014402334593,0.006105654026772683,0.003963207222011706,-0.019308721400240873,342.81
42.336,0.0038324947941497725,0.00644565402677269,0.003443207222011741,-0.01913872140024087,342.81
42.34,0.0029798578423156953,0.006875654026772676,0.0028432072220117514,-0.018878721400240887,342.81
42.344,0.002078937523373475,0.007395654026772697,0.002333207222011741,-0.018788721400240908,342.81
42.348,0.001198567813864224,0.007905654026772652,0.001993207222011734,-0.018618721400240904,342.81
42.352,0.00040758269032905464,0.00816565402677269,0.001563207222011748,-0.018358721400240866,342.81
42.356,-0.0002824173096709138,0.008505654026772697,0.0011332072220117066,-0.01801872140024086,342.81
42.36,-0.0007924173096709242,0.008845654026772704,0.0006232072220117515,-0.017588721400240873,342.81
42.364,-0.0012224173096709102,0.00927565402677269,2.320722201170657e-05,-0.017248721400240866,342.81
42.368,-0.0015624173096709171,0.009705654026772675,-0.0004967927779882584,-0.01681872140024088,342.81
42.372,-0.002082417309670938,0.010135654026772661,-0.0010967927779882477,-0.016388721400240894,342.81
42.376,-0.0028524173096709307,0.010475654026772668,-0.0014367927779882547,-0.016048721400240887,342.81
42.38,-0.0035324173096709446,0.010905654026772654,-0.001816627163468582,-0.015788721400240905,342.81
42.384,-0.004222417309670913,0.011245654026772661,-0.0022173892051620433,-0.015538721400240877,342.81
42.388,-0.0051624173096709094,0.011415654026772665,-0.002637932845264691,-0.014938721400240888,342.81
42.392,-0.00568241730967093,0.011765654026772682,-0.0030771120259725773,-0.014158721400240885,342.81
42.396,-0.006532417309670947,0.012195654026772668,-0.003533780689481753,-0.013459155486381784,342.81
42.4,-0.007132417309670937,0.012445654026772696,-0.004006792777988271,-0.012762706299827658,342.81
42.404,-0.007732417309670926,0.012615654026772699,-0.004526792777988292,-0.012069720892225083,342.81
42.408,-0.008512417309670929,0.01296565402677266,-0.00520679277798825,-0.011380546315220634,342.81
42.412,-0.009112417309670919,0.013305654026772668,-0.005806792777988295,-0.010695529620460893,342.81
42.416,-0.009712417309670908,0.013475654026772671,-0.006496792777988264,-0.010015017859592436,342.81
42.42,-0.010392417309670922,0.013815654026772678,-0.007346792777988281,-0.009339358084261836,342.81
42.424,-0.01125241730967095,0.014165654026772695,-0.00803679277798825,-0.008668897346115678,342.81
42.428,-0.011762417309670904,0.014415654026772667,-0.008726792777988273,-0.008003982696800534,342.81
42.432,-0.01236241730967095,0.01467565402677265,-0.009236792777988284,-0.007344961187962981,342.81
42.436,-0.012962417309670939,0.014765654026772684,-0.009836792777988273,-0.0066921798712496015,342.81
42.44,-0.013392417309670925,0.014935654026772688,-0.010346792777988284,-0.006045985798306969,342.81
42.444,-0.01382241730967091,0.015015654026772657,-0.010696792777988245,-0.005406726020781661,342.81
42.448,-0.0144224173096709,0.015105654026772691,-0.011126792777988287,-0.004774747590320255,342.81
42.452,-0.015022417309670945,0.015365654026772674,-0.011726792777988276,-0.004150397558569331,342.81
42.456,-0.01545241730967093,0.015445654026772698,-0.01240679277798829,-0.0035340229771754625,342.81
42.46,-0.015882417309670917,0.015445654026772698,-0.012746792777988297,-0.002925970897785228,342.81
42.464,-0.016392417309670927,0.015615654026772702,-0.012926792777988255,-0.002326588372045209,342.81
42.468,-0.016822417309670913,0.015535654026772677,-0.013346792777988286,-0.0017362224516019769,342.81
42.472,-0.01716241730967092,0.015535654026772677,-0.013776792777988272,-0.0011552201881021124,342.81
42.476,-0.017502417309670927,0.015535654026772677,-0.01411679277798828,-0.0005839286331921934,342.81
42.48,-0.017932417309670913,0.015535654026772677,-0.014466792777988296,-2.2694838518795167e-05,342.81
42.484,-0.01819241730967095,0.015535654026772677,-0.014806792777988248,0.0005281341442715022,342.81
42.488,-0.01828241730967093,0.015445654026772698,-0.015316792777988258,0.0010682112635321246,342.81
42.492,-0.018622417309670937,0.015365654026772674,-0.016096792777988263,0.001597189467616493,342.81
42.496,-0.01879241730967094,0.015445654026772698,-0.01643679277798827,0.0021147217048780296,342.81
42.5,-0.018962417309670944,0.015445654026772698,-0.016696792777988252,0.0026204609236701575,342.81
42.504,-0.019132417309670947,0.015445654026772698,-0.01694679277798828,0.003114060072346299,342.81
42.508,-0.01930241730967095,0.015365654026772674,-0.017116792777988284,0.0035951720992598727,342.81
42.512,-0.019562417309670933,0.01519565402677267,-0.017296792777988297,0.004063449952764309,342.81
42.516,-0.019732417309670937,0.015015654026772657,-0.017376792777988266,0.004518546581213027,342.81
42.52,-0.01999241730967092,0.014935654026772688,-0.01763679277798825,0.004960114932959449,342.81
42.524,-0.0200824173096709,0.01467565402677265,-0.017896792777988287,0.005387807956356997,342.81
42.528,-0.01999241730967092,0.01459565402677268,-0.01814679277798826,0.005801278599759093,342.81
42.532,-0.01999241730967092,0.014335654026772698,-0.018236792777988294,0.00615127859975911,342.81
42.536,-0.01990241730967094,0.014165654026772695,-0.018496792777988276,0.006581278599759096,342.81
42.54,-0.019652417309670912,0.013905654026772657,-0.018576792777988245,0.0070012785997591274,342.81
42.544,-0.019652417309670912,0.013735654026772653,-0.018576792777988245,0.007431278599759113,342.81
42.548,-0.019562417309670933,0.013395654026772702,-0.018576792777988245,0.007601278599759117,342.81
42.552,-0.01930241730967095,0.013045654026772685,-0.018576792777988245,0.007691278599759096,342.81
42.556,-0.019222417309670926,0.01296565402677266,-0.018496792777988276,0.0078612785997591,342.81
42.56,-0.01888241730967092,0.012705654026772678,-0.018576792777988245,0.00829127859975914,342.81
42.564,-0.0183624173096709,0.012615654026772699,-0.018576792777988245,0.008631278599759092,342.81
42.568,-0.018022417309670948,0.012195654026772668,-0.018576792777988245,0.009061278599759134,342.81
42.572,-0.017852417309670944,0.011765654026772682,-0.018496792777988276,0.00940127859975914,342.81
42.576,-0.017502417309670927,0.011335654026772696,-0.018316792777988262,0.009571278599759089,342.81
42.58,-0.01716241730967092,0.010905654026772654,-0.01806679277798829,0.009831278599759127,342.81
42.584,-0.01665241730967091,0.010565654026772703,-0.017716792777988273,0.010261278599759113,342.81
42.588,-0.016222417309670924,0.010135654026772661,-0.017376792777988266,0.01060127859975912,342.81
42.592,-0.015882417309670917,0.009705654026772675,-0.017206792777988263,0.010861278599759102,342.81
42.596,-0.015362417309670952,0.009195654026772665,-0.01694679277798828,0.011201278599759109,342.81
42.6,-0.014762417309670907,0.008505654026772697,-0.016516792777988294,0.011461278599759091,342.81
42.604,-0.014252417309670952,0.007995654026772686,-0.016096792777988263,0.011801278599759098,342.81
42.608,-0.01382241730967091,0.007645654026772669,-0.01583679277798828,0.011971278599759102,342.81
42.612,-0.013392417309670925,0.007135654026772659,-0.015316792777988258,0.012321278599759119,342.81
42.616,-0.01271241730967091,0.006535654026772669,-0.014896792777988282,0.012661278599759126,342.81
42.62,-0.012192417309670946,0.006025654026772659,-0.014546792777988265,0.013001278599759133,342.81
42.624,-0.011512417309670932,0.005595654026772673,-0.014036792777988255,0.013261278599759115,342.81
42.628,-0.010822417309670908,0.005075654026772652,-0.013346792777988286,0.013601278599759122,342.81
42.632,-0.0104824173096709,0.004475654026772663,-0.012836792777988276,0.013861278599759105,342.81
42.636,-0.009882417309670911,0.004135654026772656,-0.012326792777988265,0.014031278599759108,342.81
42.64,-0.009362417309670946,0.0037956540267726486,-0.011726792777988276,0.014371278599759115,342.81
42.644,-0.008852417309670936,0.003195654026772659,-0.011126792777988287,0.014721278599759132,342.81
42.648,-0.007992417309670909,0.0027656540267726733,-0.010436792777988263,0.014891278599759136,342.81
42.652,-0.00731241730967095,0.0020756540267726493,-0.009836792777988273,0.015151278599759118,342.81
42.656,-0.006622417309670926,0.0012256540267726874,-0.00906679277798828,0.015231278599759087,342.81
42.66,-0.006022417309670937,0.0006256540267726981,-0.008296792777988287,0.015491278599759125,342.81
42.664,-0.005332417309670913,0.00010565402677267766,-0.0076067927779882635,0.01566127859975913,342.81
42.668,-0.0047324173096709235,-0.0004943459732273118,-0.007006792777988274,0.015751278599759107,342.81
42.672,-0.00405241730967091,-0.0007543459732273497,-0.006146792777988247,0.01592127859975911,342.81
42.676,-0.003362417309670941,-0.0006643459732273152,-0.005296792777988285,0.015831278599759132,342.81
42.68,-0.0027624173096709517,-0.000790020884469921,-0.004696792777988295,0.016001278599759135,342.81
42.684,-0.002082417309670938,-0.0011408789909788026,-0.003836792777988268,0.016001278599759135,342.81
42.688,-0.0013924173096709137,-0.001677670351925556,-0.002976792777988296,0.016001278599759135,342.81
42.692,-0.00045241730967091726,-0.002361145026481778,-0.0022067927779882476,0.016001278599759135,342.81
42.696,0.00031758269032907565,-0.0031520530738190643,-0.0015267927779882891,0.016001278599759135,342.81
42.7,0.0009175826903290651,-0.004011144553109011,-0.0008367927779882653,0.016001278599759135,342.81
42.704,0.001687582690329058,-0.004899169523523215,2.320722201170657e-05,0.01592127859975911,342.81
42.708,0.0021175826903290992,-0.005776878044233273,0.000873207222011724,0.016001278599759135,342.81
42.712,0.002547582690329085,-0.006605020174410781,0.0017332072220117515,0.01592127859975911,342.81
42.716,0.002887582690329092,-0.007344345973227334,0.0025932072220117234,0.01566127859975913,342.81
42.72,0.0030575826903290956,-0.008034345973227303,0.003443207222011741,0.015571278599759094,342.81
42.724,0.003657582690329085,-0.008974345973227299,0.004303207222011713,0.015491278599759125,342.81
42.728,0.004087582690329071,-0.00949434597322732,0.00516320722201174,0.015231278599759087,342.81
42.732,0.0046875826903290604,-0.010094345973227309,0.006023207222011712,0.015151278599759118,342.81
42.736,0.005377582690329084,-0.010774345973227323,0.006703207222011726,0.014801278599759101,342.81
42.74,0.005887582690329095,-0.011204345973227309,0.0065332072220117225,0.014551278599759129,342.81
42.744,0.006237582690329056,-0.011804345973227298,0.0056732072220117506,0.01429127859975909,342.81
42.748,0.006657582690329088,-0.012664345973227326,0.005843207222011754,0.014031278599759108,342.81
42.752,0.007087582690329074,-0.013264345973227315,0.0061032072220117365,0.01395127859975914,342.81
42.756,0.007437582690329091,-0.013694345973227301,0.006623207222011757,0.013601278599759122,342.81
42.76,0.008117582690329049,-0.014034345973227308,0.007223207222011746,0.013171278599759136,342.81
42.764,0.00862758269032906,-0.01446434597322735,0.007643207222011722,0.012751278599759105,342.81
42.768,0.00914758269032908,-0.014894345973227335,0.008073207222011708,0.012321278599759119,342.81
42.772,0.009487582690329087,-0.015314345973227311,0.00850320722201175,0.011971278599759102,342.81
42.776,0.009827582690329094,-0.015664345973227328,0.009013207222011705,0.011551278599759126,342.81
42.78,0.010087582690329076,-0.016094345973227314,0.00961320722201175,0.010951278599759137,342.81
42.784,0.010347582690329059,-0.016604345973227325,0.010043207222011736,0.010351278599759092,342.81
42.788,0.0107775826903291,-0.01703434597322731,0.010473207222011722,0.009921278599759106,342.81
42.792,0.011207582690329086,-0.017374345973227318,0.010813207222011728,0.00949127859975912,342.81
42.796,0.011547582690329093,-0.017714345973227325,0.011243207222011714,0.00889127859975913,342.81
42.8,0.011977582690329079,-0.017974345973227307,0.011763207222011735,0.00829127859975914,342.81
42.804,0.012317582690329086,-0.018234345973227345,0.012103207222011742,0.0078612785997591,342.81
42.808,0.01248758269032909,-0.018574345973227296,0.012273207222011745,0.007351278599759089,342.81
42.812,0.012827582690329097,-0.018914345973227303,0.012613207222011752,0.006581278599759096,342.81
42.816,0.013177582690329058,-0.01917434597322734,0.012963207222011714,0.006061278599759131,342.81
42.82,0.013517582690329065,-0.019434345973227324,0.013393207222011755,0.005461278599759086,342.81
42.824,0.013777582690329047,-0.019434345973227324,0.013643207222011728,0.004951278599759131,342.81
42.828,0.014117582690329054,-0.019434345973227324,0.01390320722201171,0.004431278599759111,342.81
42.832,0.014287582690329058,-0.019694345973227306,0.014163207222011748,0.003751278599759097,342.81
42.836,0.014457582690329061,-0.01977434597322733,0.014333207222011752,0.0031512785997591074,342.81
42.84,0.0147175826903291,-0.01977434597322733,0.014593207222011734,0.002461278599759139,342.81
42.844,0.014887582690329047,-0.01977434597322733,0.014673207222011703,0.002121278599759132,342.81
42.848,0.015227582690329054,-0.01977434597322733,0.014933207222011741,0.0015212785997590868,342.81
42.852,0.015317582690329089,-0.01977434597322733,0.015193207222011723,0.0009212785997590974,342.81
42.856,0.015577582690329071,-0.019694345973227306,0.015363207222011727,0.000321278599759108,342.81
42.86,0.015657582690329096,-0.019434345973227324,0.015443207222011751,-0.00027872140024088146,342.81
42.864,0.015747582690329075,-0.019344345973227345,0.015613207222011755,-0.0007987214002409019,342.81
42.868,0.016007582690329057,-0.019344345973227345,0.01553320722201173,-0.0013987214002408913,342.81
42.872,0.015917582690329078,-0.019004345973227338,0.015613207222011755,-0.0019987214002408805,342.81
42.876,0.015747582690329075,-0.0187443459732273,0.01579320722201171,-0.00258872140024086,342.81
42.88,0.015747582690329075,-0.018494345973227327,0.01579320722201171,-0.003278721400240884,342.81
42.884,0.015747582690329075,-0.01814434597322731,0.01579320722201171,-0.0038787214002408733,342.81
42.888,0.0158275826903291,-0.017894345973227338,0.01579320722201171,-0.004478721400240863,342.81
42.892,0.016007582690329057,-0.017714345973227325,0.01579320722201171,-0.005168721400240887,342.81
42.896,0.01608758269032908,-0.017374345973227318,0.01579320722201171,-0.005848721400240901,342.81
42.9,0.01617758269032906,-0.01694434597322733,0.01579320722201171,-0.0063687214002408656,342.81
42.904,0.01608758269032908,-0.01643434597322732,0.015873207222011736,-0.007218721400240883,342.81
42.908,0.016007582690329057,-0.015744345973227297,0.015873207222011736,-0.007738721400240903,342.81
42.912,0.015747582690329075,-0.015234345973227342,0.015613207222011755,-0.00816872140024089,342.81
42.916,0.015747582690329075,-0.0148043459732273,0.01553320722201173,-0.0086787214002409,342.81
42.92,0.015577582690329071,-0.014197134782006193,0.015443207222011751,-0.00927872140024089,342.81
42.924,0.015317582690329089,-0.013434007524242559,0.015193207222011723,-0.009878721400240879,342.81
42.928,0.015147582690329085,-0.012572469929295756,0.014933207222011741,-0.010568721400240903,342.81
42.932,0.014887582690329047,-0.0116273063104173,0.014763207222011738,-0.011078721400240913,342.81
42.936,0.0147175826903291,-0.010613300980858711,0.014843207222011707,-0.011508721400240899,342.81
42.94,0.014457582690329061,-0.009545238253871506,0.014763207222011738,-0.01201872140024091,342.81
42.944,0.014117582690329054,-0.008437902442707207,0.014503207222011755,-0.012618721400240899,342.81
42.948,0.013947582690329051,-0.007306077860617325,0.014163207222011748,-0.013048721400240885,342.81
42.952,0.0136075826903291,-0.006164548820853386,0.01390320722201171,-0.01347872140024087,342.81
42.956,0.013177582690329058,-0.005028099636666904,0.013733207222011707,-0.01407872140024086,342.81
42.96,0.012917582690329076,-0.003911514621309398,0.01330320722201172,-0.014678721400240905,342.81
42.964,0.012577582690329069,-0.0028295780880323884,0.012963207222011714,-0.015108721400240891,342.81
42.968,0.012317582690329086,-0.0017970743500873893,0.012613207222011752,-0.015538721400240877,342.81
42.972,0.012057582690329048,-0.0008287877207259229,0.012273207222011745,-0.01595872140024091,342.81
42.976,0.0118875826903291,6.0497486800495056e-05,0.012013207222011707,-0.01621872140024089,342.81
42.98,0.011547582690329093,0.0008327474775162484,0.011763207222011735,-0.016478721400240873,342.81
42.984,0.011547582690329093,0.0014833471777327685,0.011413207222011718,-0.01681872140024088,342.81
42.988,0.011287582690329055,0.0019956540267726803,0.010903207222011707,-0.017248721400240866,342.81
42.992,0.010607582690329097,0.0023356540267726873,0.010213207222011739,-0.017588721400240873,342.81
42.996,0.010347582690329059,0.0018256540267726769,0.009703207222011729,-0.017758721400240877,342.81
43.0,0.009917582690329073,0.0008756540267726706,0.009273207222011743,-0.018108721400240894,342.81
43.004,0.00965758269032909,0.0008756540267726706,0.008933207222011736,-0.018358721400240866,342.81
43.008,0.009317582690329083,0.0013056540267726564,0.008593207222011729,-0.01853872140024088,342.81
43.012,0.008807582690329073,0.001395654026772691,0.008073207222011708,-0.018788721400240908,342.81
43.016,0.008457582690329056,0.0016456540267726634,0.007563207222011753,-0.018878721400240887,342.81
43.02,0.007857582690329067,0.0024256540267726663,0.006963207222011708,-0.01895872140024091,342.81
43.024,0.00751758269032906,0.0030256540267726557,0.0064432072220117435,-0.019218721400240894,342.81
43.028,0.007087582690329074,0.0036256540267727007,0.0061032072220117365,-0.019308721400240873,342.81
43.032,0.006487582690329084,0.0042256540267726905,0.0056732072220117506,-0.019478721400240876,342.81
43.036,0.005887582690329095,0.00482565402677268,0.004993207222011737,-0.01973872140024086,342.81
43.04,0.005377582690329084,0.005425654026772669,0.00464320722201172,-0.01973872140024086,342.81
43.044,0.004777582690329095,0.00593565402677268,0.003963207222011706,-0.0195587214002409,342.81
43.048,0.0040075826903290465,0.006625654026772704,0.0036232072220117543,-0.019218721400240894,342.81
43.052,0.0031475826903290746,0.006875654026772676,0.0030232072220117093,-0.01895872140024091,342.81
43.056,0.0022075826903290782,0.007225654026772693,0.00242320722201172,-0.01895872140024091,342.81
43.06,0.001607582690329089,0.007645654026772669,0.001903207222011755,-0.018788721400240908,342.81
43.064,0.0005775826903290581,0.007995654026772686,0.0014732072220117135,-0.0184487214002409,342.81
43.068,-0.0001124173096709103,0.008335654026772693,0.0011332072220117066,-0.018188721400240863,342.81
43.072,-0.0007124173096708997,0.008935654026772683,0.0006232072220117515,-0.01793872140024089,342.81
43.076,-0.0010524173096709067,0.00927565402677269,-0.0001567927779882514,-0.017588721400240873,342.81
43.08,-0.0012224173096709102,0.009705654026772675,-0.0005767927779882829,-0.017248721400240866,342.81
43.084,-0.0016524173096709516,0.010135654026772661,-0.0010067927779882687,-0.01690872140024086,342.81
43.088,-0.002162417309670907,0.0103956540267727,-0.0015267927779882891,-0.016478721400240873,342.81
43.092,-0.0029324173096708997,0.010645654026772672,-0.0016967927779882926,-0.016048721400240887,342.81
43.096,-0.003882417309670906,0.010995654026772689,-0.0013567927779882857,-0.015618721400240902,342.81
43.1,-0.004652417309670899,0.011335654026772696,-0.0018667927779882961,-0.015108721400240891,342.81
43.104,-0.005512417309670926,0.011765654026772682,-0.0024667927779882855,-0.014678721400240905,342.81
43.108,-0.006112417309670916,0.012105654026772689,-0.003146792777988244,-0.014158721400240885,342.81
43.112,-0.006882417309670909,0.012195654026772668,-0.0035767927779882854,-0.013308721400240867,342.81
43.116,-0.007562417309670923,0.012535654026772675,-0.004346792777988278,-0.012618721400240899,342.81
43.12,-0.008162417309670912,0.01296565402677266,-0.005126792777988281,-0.011678721400240902,342.81
43.124,-0.008852417309670936,0.013305654026772668,-0.005806792777988295,-0.010988721400240879,342.81
43.128,-0.00953241730967095,0.013475654026772671,-0.006406792777988285,-0.010308721400240865,342.81
43.132,-0.010392417309670922,0.013735654026772653,-0.0071767927779882775,-0.009448721400240893,342.81
43.136,-0.010912417309670942,0.013905654026772657,-0.00794679277798827,-0.008588721400240865,342.81
43.14,-0.011512417309670932,0.014165654026772695,-0.008636792777988294,-0.007738721400240903,342.81
43.144,-0.012112417309670921,0.014335654026772698,-0.00914679277798825,-0.006878721400240876,342.81
43.148,-0.012622417309670932,0.01459565402677268,-0.009746792777988294,-0.006018721400240904,342.81
43.152,-0.013222417309670921,0.014765654026772684,-0.010346792777988284,-0.005078721400240908,342.81
43.156,-0.01382241730967091,0.015015654026772657,-0.010696792777988245,-0.004308721400240859,342.81
43.16,-0.014332417309670921,0.015105654026772691,-0.011206792777988256,-0.00370872140024087,342.81
43.164,-0.014762417309670907,0.015365654026772674,-0.01189679277798828,-0.003188721400240905,342.81
43.168,-0.015102417309670914,0.015445654026772698,-0.01240679277798829,-0.00258872140024086,342.81
43.172,-0.01545241730967093,0.015445654026772698,-0.012926792777988255,-0.0019987214002408805,342.81
43.176,-0.015882417309670917,0.015445654026772698,-0.013176792777988283,-0.0013987214002408913,342.81
43.18,-0.016392417309670927,0.015445654026772698,-0.013346792777988286,-0.0007987214002409019,342.81
43.184,-0.016822417309670913,0.015365654026772674,-0.013696792777988248,-0.00019872140024091247,342.81
43.188,-0.01716241730967092,0.015445654026772698,-0.01411679277798828,0.00040127859975913247,342.81
43.192,-0.017502417309670927,0.015445654026772698,-0.014466792777988296,0.001001278599759122,342.81
43.196,-0.017932417309670913,0.015445654026772698,-0.014896792777988282,0.0016012785997591113,342.81
43.2,-0.0183624173096709,0.015445654026772698,-0.015496792777988272,0.002201278599759101,342.81
43.204,-0.018622417309670937,0.015445654026772698,-0.016096792777988263,0.0028012785997590904,342.81
43.208,-0.018702417309670906,0.015445654026772698,-0.01643679277798827,0.0034012785997591354,342.81
43.212,-0.01879241730967094,0.015365654026772674,-0.016696792777988252,0.004001278599759125,342.81
43.216,-0.019052417309670923,0.015445654026772698,-0.01703679277798826,0.004601278599759114,342.81
43.22,-0.01930241730967095,0.015365654026772674,-0.017296792777988297,0.005121278599759135,342.81
43.224,-0.019652417309670912,0.015105654026772691,-0.017376792777988266,0.005551278599759121,342.81
43.228,-0.01990241730967094,0.015105654026772691,-0.017376792777988266,0.005551278599759121,342.81
43.232,-0.01999241730967092,0.015015654026772657,-0.01763679277798825,0.005461278599759086,342.81
43.236,-0.0200824173096709,0.014765654026772684,-0.017806792777988252,0.005801278599759093,342.81
43.24,-0.0200824173096709,0.014505654026772702,-0.01806679277798829,0.0059812785997591066,342.81
43.244,-0.0200824173096709,0.014245654026772664,-0.018236792777988294,0.005891278599759128,342.81
43.248,-0.01999241730967092,0.014165654026772695,-0.018496792777988276,0.00615127859975911,342.81
43.252,-0.01990241730967094,0.013905654026772657,-0.018576792777988245,0.006491278599759117,342.81
43.256,-0.019652417309670912,0.013905654026772657,-0.01866679277798828,0.006831278599759124,342.81
43.26,-0.019652417309670912,0.013735654026772653,-0.018916792777988252,0.0070012785997591274,342.81
43.264,-0.019562417309670933,0.013305654026772668,-0.019006792777988286,0.007351278599759089,342.81
43.268,-0.019222417309670926,0.013045654026772685,-0.019096792777988265,0.00778127859975913,342.81
43.272,-0.018962417309670944,0.012875654026772682,-0.019006792777988286,0.008201278599759106,342.81
43.276,-0.018702417309670906,0.012535654026772675,-0.018916792777988252,0.008551278599759123,342.81
43.28,-0.0183624173096709,0.012195654026772668,-0.01866679277798828,0.008721278599759127,342.81
43.284,-0.017932417309670913,0.01184565402677265,-0.01866679277798828,0.009061278599759134,342.81
43.288,-0.01768241730967094,0.011415654026772665,-0.018496792777988276,0.00940127859975914,342.81
43.292,-0.017502417309670927,0.010995654026772689,-0.018236792777988294,0.009751278599759102,342.81
43.296,-0.01716241730967092,0.010565654026772703,-0.01806679277798829,0.01000127859975913,342.81
43.3,-0.01665241730967091,0.010135654026772661,-0.017716792777988273,0.010351278599759092,342.81
43.304,-0.016132417309670945,0.009705654026772675,-0.017466792777988245,0.010691278599759099,342.81
43.308,-0.0155324173096709,0.009195654026772665,-0.017296792777988297,0.010951278599759137,342.81
43.312,-0.015102417309670914,0.008505654026772697,-0.01694679277798828,0.01112127859975914,342.81
43.316,-0.014682417309670938,0.008075654026772655,-0.016606792777988273,0.011461278599759091,342.81
43.32,-0.014332417309670921,0.007735654026772704,-0.016176792777988287,0.011801278599759098,342.81
43.324,-0.01382241730967091,0.007135654026772659,-0.015666792777988277,0.012151278599759115,342.81
43.328,-0.013132417309670942,0.006535654026772669,-0.015236792777988289,0.012401278599759088,342.81
43.332,-0.012622417309670932,0.006105654026772683,-0.014896792777988282,0.012751278599759105,342.81
43.336,-0.012112417309670921,0.005675654026772697,-0.014376792777988262,0.013091278599759112,342.81
43.34,-0.011512417309670932,0.005075654026772652,-0.013696792777988248,0.013351278599759094,342.81
43.344,-0.010912417309670942,0.004395654026772694,-0.013176792777988283,0.013601278599759122,342.81
43.348,-0.010312417309670953,0.004045654026772677,-0.012666792777988272,0.01395127859975914,342.81
43.352,-0.009712417309670908,0.0037056540267726697,-0.01189679277798828,0.014201278599759112,342.81
43.356,-0.009112417309670919,0.0028456540267726978,-0.01129679277798829,0.014461278599759094,342.81
43.36,-0.00842241730967095,0.0023356540267726873,-0.010696792777988245,0.014801278599759101,342.81
43.364,-0.007562417309670923,0.0018256540267726769,-0.010006792777988277,0.015061278599759139,342.81
43.368,-0.007052417309670912,0.0012256540267726874,-0.009496792777988266,0.015321278599759122,342.81
43.372,-0.00619241730967094,0.0007056540267726671,-0.008726792777988273,0.01566127859975913,342.81
43.376,-0.00568241730967093,0.00010565402677267766,-0.00794679277798827,0.015751278599759107,342.81
43.38,-0.004912417309670937,-0.0004943459732273118,-0.00743679277798826,0.015831278599759132,342.81
43.384,-0.004132417309670934,-0.0009243459732272977,-0.006666792777988267,0.016001278599759135,342.81
43.388,-0.0035324173096709446,-0.0012643459732273048,-0.005726792777988271,0.016001278599759135,342.81
43.392,-0.0028524173096709307,-0.0016043459732273118,-0.005036792777988247,0.016001278599759135,342.81
43.396,-0.002162417309670907,-0.0017743459732273152,-0.004176792777988275,0.016001278599759135,342.81
43.4,-0.0013924173096709137,-0.00210789998736256,-0.003496792777988261,0.016001278599759135,342.81
43.404,-0.0007124173096708997,-0.0026125565893815117,-0.002976792777988296,0.016001278599759135,342.81
43.408,0.00014758269032907217,-0.003252922634130818,-0.002376792777988251,0.01592127859975911,342.81
43.412,0.0008375826903290961,-0.0039866343328888625,-0.001956792777988275,0.016001278599759135,342.81
43.416,0.001257582690329072,-0.004787993084797877,-0.0015267927779882891,0.016001278599759135,342.81
43.42,0.0018575826903290615,-0.005620721257322045,-0.0009074840933818961,0.016001278599759135,342.81
43.424,0.0022075826903290782,-0.006448541217925554,-0.0001471376657921601,0.01592127859975911,342.81
43.428,0.002637582690329064,-0.0072351753340725855,0.0007187053625317633,0.015751278599759107,342.81
43.432,0.0031475826903290746,-0.007944345973227324,0.001636766652778089,0.015751278599759107,342.81
43.436,0.003407582690329057,-0.008544345973227313,0.002553767866135031,0.015571278599759094,342.81
43.44,0.004087582690329071,-0.00940434597322734,0.0034164306637908056,0.015321278599759122,342.81
43.444,0.0046075826903290915,-0.01000434597322733,0.004171476706933627,0.015151278599759118,342.81
43.448,0.005117582690329046,-0.010694345973227298,0.004782538605772588,0.014891278599759136,342.81
43.452,0.005717582690329091,-0.011204345973227309,0.00516320722201174,0.014801278599759101,342.81
43.456,0.006147582690329077,-0.011804345973227298,0.005243207222011709,0.014461278599759094,342.81
43.46,0.006657582690329088,-0.012664345973227326,0.005593207222011726,0.01395127859975914,342.81
43.464,0.007177582690329053,-0.013264345973227315,0.0061032072220117365,0.013601278599759122,342.81
43.468,0.007947582690329101,-0.013604345973227322,0.0065332072220117225,0.013431278599759119,342.81
43.472,0.00854758269032909,-0.014034345973227308,0.006873207222011729,0.013171278599759136,342.81
43.476,0.008717582690329094,-0.014544345973227318,0.007563207222011753,0.013091278599759112,342.81
43.48,0.009057582690329101,-0.014974345973227304,0.008073207222011708,0.012661278599759126,342.81
43.484,0.009487582690329087,-0.015314345973227311,0.008413207222011715,0.011971278599759102,342.81
43.488,0.009827582690329094,-0.015664345973227328,0.008933207222011736,0.011461278599759091,342.81
43.492,0.01025758269032908,-0.016094345973227314,0.00961320722201175,0.01112127859975914,342.81
43.496,0.010687582690329066,-0.016514345973227346,0.010133207222011715,0.010691278599759099,342.81
43.5,0.011027582690329073,-0.016864345973227307,0.010473207222011722,0.010091278599759109,342.81
43.504,0.011287582690329055,-0.01729434597322735,0.010903207222011707,0.00949127859975912,342.81
43.508,0.011627582690329062,-0.0176343459732273,0.011413207222011718,0.009061278599759134,342.81
43.512,0.011977582690329079,-0.017894345973227338,0.011763207222011735,0.008551278599759123,342.81
43.516,0.012407582690329065,-0.018234345973227345,0.011933207222011738,0.0078612785997591,342.81
43.52,0.012747582690329072,-0.018574345973227296,0.01219320722201172,0.007351278599759089,342.81
43.524,0.013007582690329055,-0.018914345973227303,0.012533207222011728,0.006831278599759124,342.81
43.528,0.013257582690329082,-0.019094345973227317,0.012963207222011714,0.0062312785997591345,342.81
43.532,0.013687582690329068,-0.01926434597322732,0.013393207222011755,0.005721278599759124,342.81
43.536,0.014027582690329075,-0.019434345973227324,0.013643207222011728,0.005201278599759104,342.81
43.54,0.014207582690329089,-0.019434345973227324,0.01390320722201171,0.004601278599759114,342.81
43.544,0.014377582690329092,-0.01951434597322735,0.014243207222011717,0.004001278599759125,342.81
43.548,0.014457582690329061,-0.01977434597322733,0.014503207222011755,0.0034012785997591354,342.81
43.552,0.014887582690329047,-0.01977434597322733,0.014673207222011703,0.002891278599759125,342.81
43.556,0.015227582690329054,-0.01986434597322731,0.014933207222011741,0.0022912785997591355,342.81
43.56,0.015407582690329068,-0.01986434597322731,0.015193207222011723,0.0016912785997590903,342.81
43.564,0.015657582690329096,-0.019604345973227327,0.015363207222011727,0.0010912785997591009,342.81
43.568,0.015657582690329096,-0.01951434597322735,0.015443207222011751,0.0004912785997591115,342.81
43.572,0.0158275826903291,-0.01951434597322735,0.015703207222011732,-1.872140024089899e-05,342.81
43.576,0.01608758269032908,-0.019344345973227345,0.015873207222011736,-0.0005387214002408639,342.81
43.58,0.01608758269032908,-0.019094345973227317,0.015963207222011715,-0.0011387214002409089,342.81
43.584,0.016007582690329057,-0.019004345973227338,0.015963207222011715,-0.0017387214002408983,342.81
43.588,0.015747582690329075,-0.018574345973227296,0.015963207222011715,-0.0023387214002408875,342.81
43.592,0.015657582690329096,-0.018234345973227345,0.015963207222011715,-0.002938721400240877,342.81
43.596,0.015657582690329096,-0.01814434597322731,0.016133207222011718,-0.003618721400240891,342.81
43.6,0.015747582690329075,-0.017714345973227325,0.016213207222011743,-0.004308721400240859,342.81
43.604,0.016007582690329057,-0.01729434597322735,0.016213207222011743,-0.005168721400240887,342.81
43.608,0.016007582690329057,-0.016864345973227307,0.016213207222011743,-0.005848721400240901,342.81
43.612,0.01608758269032908,-0.01643434597322732,0.016213207222011743,-0.006538721400240869,342.81
43.616,0.01617758269032906,-0.01617434597322734,0.01604320722201174,-0.0070487214002408795,342.81
43.62,0.016007582690329057,-0.01557434597322735,0.015963207222011715,-0.0075687214002409,342.81
43.624,0.015747582690329075,-0.014974345973227304,0.015873207222011736,-0.007908721400240907,342.81
43.628,0.015747582690329075,-0.01446434597322735,0.01579320722201171,-0.008508721400240896,342.81
43.632,0.015577582690329071,-0.014034345973227308,0.01553320722201173,-0.009108721400240886,342.81
43.636,0.015317582690329089,-0.013468719026379663,0.015273207222011748,-0.009708721400240875,342.81
43.64,0.015227582690329054,-0.012741855974157145,0.01501320722201171,-0.010218721400240886,342.81
43.644,0.014977582690329082,-0.011915621883323532,0.014933207222011741,-0.010818721400240875,342.81
43.648,0.014807582690329078,-0.011003426931474644,0.014843207222011707,-0.011418721400240864,342.81
43.652,0.014547582690329096,-0.010018681296206297,0.014933207222011741,-0.011848721400240906,342.81
43.656,0.014377582690329092,-0.008974795155114314,0.014593207222011734,-0.012188721400240913,342.81
43.66,0.014027582690329075,-0.007885178685794511,0.014243207222011717,-0.012708721400240878,342.81
43.664,0.013687582690329068,-0.006763242065842712,0.014163207222011748,-0.01347872140024087,342.81
43.668,0.013257582690329082,-0.005622395472854736,0.013733207222011707,-0.013908721400240912,342.81
43.672,0.012747582690329072,-0.004476049084426396,0.01330320722201172,-0.014338721400240898,342.81
43.676,0.012407582690329065,-0.0033376130781535202,0.013043207222011738,-0.014848721400240909,342.81
43.68,0.012407582690329065,-0.0022204976316319213,0.012873207222011735,-0.015278721400240895,342.81
43.684,0.012317582690329086,-0.0011381129224574218,0.012533207222011728,-0.015618721400240902,342.81
43.688,0.011977582690329079,-0.00010386912822584209,0.01219320722201172,-0.01595872140024091,342.81
43.692,0.011717582690329097,0.0008688235734670005,0.011763207222011735,-0.01630872140024087,342.81
43.696,0.011457582690329059,0.0017644550244816652,0.011413207222011718,-0.01673872140024091,342.81
43.7,0.011117582690329052,0.0025347870243017027,0.010993207222011742,-0.017248721400240866,342.81
43.704,0.010947582690329048,0.0031671602898175953,0.010563207222011756,-0.017508721400240904,342.81
43.708,0.010687582690329066,0.003642487455652569,0.010133207222011715,-0.017678721400240908,342.81
43.712,0.010177582690329055,0.003941681156429858,0.009533207222011725,-0.01801872140024086,342.81
43.716,0.009577582690329066,0.004045654026772677,0.008933207222011736,-0.018358721400240866,342.81
43.72,0.00914758269032908,0.003445654026772687,0.00850320722201175,-0.018618721400240904,342.81
43.724,0.00862758269032906,0.0031056540267726802,0.008073207222011708,-0.018878721400240887,342.81
43.728,0.008287582690329053,0.003195654026772659,0.007563207222011753,-0.01904872140024089,342.81
43.732,0.008117582690329049,0.003195654026772659,0.006963207222011708,-0.019308721400240873,342.81
43.736,0.007687582690329063,0.003195654026772659,0.0064432072220117435,-0.019388721400240897,342.81
43.74,0.007177582690329053,0.003875654026772673,0.005933207222011733,-0.019388721400240897,342.81
43.744,0.006657582690329088,0.004395654026772694,0.005423207222011723,-0.01964872140024088,342.81
43.748,0.006147582690329077,0.004905654026772649,0.004823207222011733,-0.01964872140024088,342.81
43.752,0.005717582690329091,0.005505654026772694,0.004473207222011716,-0.01973872140024086,342.81
43.756,0.005074375119010619,0.00593565402677268,0.003963207222011706,-0.01973872140024086,342.81
43.76,0.004251532112836338,0.006105654026772683,0.003443207222011741,-0.01964872140024088,342.81
43.764,0.003325079374815673,0.006535654026772669,0.0028432072220117514,-0.0195587214002409,342.81
43.768,0.002371042607958046,0.007135654026772659,0.002333207222011741,-0.01904872140024089,342.81
43.772,0.0014654475152728794,0.007645654026772669,0.0018232072220117305,-0.018788721400240908,342.81
43.776,0.0006843197997695965,0.007995654026772686,0.0013932072220117445,-0.01853872140024088,342.81
43.78,5.7582690329093184e-05,0.00816565402677269,0.000873207222011724,-0.018358721400240866,342.81
43.784,-0.0003624173096709383,0.008505654026772697,0.00027320722201173455,-0.01801872140024086,342.81
43.788,-0.0007924173096709242,0.008935654026772683,-6.679277798827242e-05,-0.017678721400240908,342.81
43.792,-0.0011424173096709412,0.009365654026772668,-0.0004967927779882584,-0.0173387214002409,342.81
43.796,-0.0012224173096709102,0.009795654026772654,-0.0010967927779882477,-0.01681872140024088,342.81
43.8,-0.0017424173096709306,0.010135654026772661,-0.0016967927779882926,-0.016388721400240894,342.81
43.804,-0.002420817460028422,0.010565654026772703,-0.0021267927779882786,-0.016048721400240887,342.81
43.808,-0.003217977529376973,0.010995654026772689,-0.0025759406319866185,-0.015788721400240905,342.81
43.812,-0.00408530753336604,0.011415654026772665,-0.003017976020056761,-0.015538721400240877,342.81
43.816,-0.0049742174876450836,0.01184565402677265,-0.0034590841496657913,-0.015018721400240912,342.81
43.82,-0.005836117407863559,0.012105654026772689,-0.0039054502282807957,-0.014418721400240867,342.81
43.824,-0.006622417309670926,0.012275654026772692,-0.004363259463368861,-0.013811884166234358,342.81
43.828,-0.00731241730967095,0.012705654026772678,-0.004838697062397069,-0.01319049733566059,342.81
43.832,-0.008082417309670943,0.012875654026772682,-0.0053379482328325106,-0.012555978821225196,342.81
43.836,-0.008682417309670933,0.013135654026772664,-0.005867198182142267,-0.011909746535633797,342.81
43.84,-0.009362417309670946,0.013475654026772671,-0.0064326321177934275,-0.01125321839159201,342.81
43.844,-0.009882417309670911,0.013815654026772678,-0.007040435247253076,-0.010587812301805465,342.81
43.848,-0.010562417309670925,0.013905654026772657,-0.007696792777988298,-0.009914946178979783,342.81
43.852,-0.01125241730967095,0.014165654026772695,-0.00854679277798826,-0.009236037935820588,342.81
43.856,-0.011852417309670939,0.014245654026772664,-0.00906679277798828,-0.008552505485033503,342.81
43.86,-0.012622417309670932,0.014505654026772702,-0.00966679277798827,-0.007865766739324152,342.81
43.864,-0.013052417309670918,0.014765654026772684,-0.010346792777988284,-0.007177239611398156,342.81
43.868,-0.013482417309670904,0.015015654026772657,-0.011036792777988252,-0.006488342013961144,342.81
43.872,-0.013902417309670935,0.01519565402677267,-0.011546792777988263,-0.005800491859718736,342.81
43.876,-0.0144224173096709,0.015445654026772698,-0.012066792777988283,-0.005115107061376555,342.81
43.88,-0.015022417309670945,0.015535654026772677,-0.01240679277798829,-0.004433605531640224,342.81
43.884,-0.01545241730967093,0.01579565402677266,-0.012746792777988297,-0.003757405183215369,342.81
43.888,-0.015882417309670917,0.01579565402677266,-0.013176792777988283,-0.0030879239288076118,342.81
43.892,-0.016302417309670948,0.01579565402677266,-0.013776792777988272,-0.002426579681122575,342.81
43.896,-0.016732417309670934,0.01579565402677266,-0.01411679277798828,-0.0017747903528658843,342.81
43.9,-0.01716241730967092,0.01579565402677266,-0.014466792777988296,-0.0011339738567431627,342.81
43.904,-0.017502417309670927,0.015875654026772684,-0.014716792777988269,-0.0005055481054600309,342.81
43.908,-0.017932417309670913,0.015965654026772663,-0.014976792777988251,0.00010906898827788415,342.81
43.912,-0.0183624173096709,0.015875654026772684,-0.015406792777988293,0.0007084595117649594,342.81
43.916,-0.018532417309670902,0.015875654026772684,-0.016006792777988284,0.0012912055522955755,342.81
43.92,-0.018532417309670902,0.01579565402677266,-0.01643679277798827,0.0018558891971641033,342.81
43.924,-0.01879241730967094,0.015535654026772677,-0.016696792777988252,0.002401092533664922,342.81
43.928,-0.019052417309670923,0.015535654026772677,-0.01703679277798826,0.002925397649092408,342.81
43.932,-0.019222417309670926,0.015535654026772677,-0.017376792777988266,0.003427386630740938,342.81
43.936,-0.01948241730967091,0.015365654026772674,-0.017466792777988245,0.0039056415659048903,342.81
43.94,-0.019652417309670912,0.015105654026772691,-0.017466792777988245,0.004358744541878639,342.81
43.944,-0.019822417309670916,0.015015654026772657,-0.017806792777988252,0.004785277645956558,342.81
43.948,-0.019652417309670912,0.015015654026772657,-0.01806679277798829,0.005183822965433029,342.81
43.952,-0.019732417309670937,0.014845654026772653,-0.018236792777988294,0.005552962587602427,342.81
43.956,-0.01990241730967094,0.014845654026772653,-0.018496792777988276,0.005891278599759128,342.81
43.96,-0.01990241730967094,0.014335654026772698,-0.018576792777988245,0.00615127859975911,342.81
43.964,-0.01999241730967092,0.014245654026772664,-0.01866679277798828,0.006581278599759096,342.81
43.968,-0.01999241730967092,0.014165654026772695,-0.018916792777988252,0.006921278599759103,342.81
43.972,-0.019732417309670937,0.013815654026772678,-0.018916792777988252,0.007181278599759141,342.81
43.976,-0.019652417309670912,0.01356565402677265,-0.019006792777988286,0.007431278599759113,342.81
43.98,-0.019562417309670933,0.013395654026772702,-0.019096792777988265,0.0078612785997591,342.81
43.984,-0.019222417309670926,0.013045654026772685,-0.019006792777988286,0.008201278599759106,342.81
43.988,-0.01888241730967092,0.012535654026772675,-0.019006792777988286,0.00837127859975911,342.81
43.992,-0.018702417309670906,0.012105654026772689,-0.019006792777988286,0.008631278599759092,342.81
43.996,-0.0183624173096709,0.011765654026772682,-0.01874679277798825,0.009061278599759134,342.81
44.0,-0.017932417309670913,0.011415654026772665,-0.01866679277798828,0.00949127859975912,342.81
44.004,-0.017592417309670906,0.010995654026772689,-0.018496792777988276,0.009751278599759102,342.81
44.008,-0.01716241730967092,0.010565654026772703,-0.018236792777988294,0.009921278599759106,342.81
44.012,-0.016732417309670934,0.010135654026772661,-0.01814679277798826,0.010261278599759113,342.81
44.016,-0.016302417309670948,0.009705654026772675,-0.017806792777988252,0.010691278599759099,342.81
44.02,-0.015882417309670917,0.00927565402677269,-0.017466792777988245,0.010951278599759137,342.81
44.024,-0.01545241730967093,0.008845654026772704,-0.01703679277798826,0.01112127859975914,342.81
44.028,-0.01493241730967091,0.008335654026772693,-0.016696792777988252,0.011461278599759091,342.81
44.032,-0.014332417309670921,0.007735654026772704,-0.01634679277798829,0.011971278599759102,342.81
44.036,-0.013992417309670914,0.007225654026772693,-0.015746792777988246,0.012321278599759119,342.81
44.04,-0.013482417309670904,0.006705654026772673,-0.015236792777988289,0.012491278599759122,342.81
44.044,-0.012792417309670935,0.006105654026772683,-0.014896792777988282,0.012751278599759105,342.81
44.048,-0.012282417309670925,0.005595654026772673,-0.014466792777988296,0.013171278599759136,342.81
44.052,-0.011682417309670935,0.005245654026772656,-0.014036792777988255,0.013601278599759122,342.81
44.056,-0.010992417309670911,0.004735654026772701,-0.013606792777988269,0.013771278599759126,342.81
44.06,-0.0104824173096709,0.004045654026772677,-0.01300679277798828,0.01395127859975914,342.81
44.064,-0.009792417309670932,0.003535654026772666,-0.012326792777988265,0.014201278599759112,342.81
44.068,-0.009112417309670919,0.0029356540267726767,-0.011376792777988259,0.014461278599759094,342.81
44.072,-0.008252417309670947,0.0023356540267726873,-0.010696792777988245,0.014801278599759101,342.81
44.076,-0.007562417309670923,0.0019056540267727014,-0.010006792777988277,0.015061278599759139,342.81
44.08,-0.006962417309670933,0.00147565402677266,-0.009406792777988287,0.015321278599759122,342.81
44.084,-0.006362417309670944,0.0008756540267726706,-0.008806792777988298,0.015571278599759094,342.81
44.088,-0.005762417309670899,0.00036565402677266013,-0.008206792777988253,0.015751278599759107,342.81
44.092,-0.005252417309670944,-0.0002343459732273293,-0.007474267244342624,0.016001278599759135,342.81
44.096,-0.004482417309670951,-0.0009243459732272977,-0.006664864594203162,0.016001278599759135,342.81
44.1,-0.0037124173096709026,-0.0011743459732273258,-0.0057894343102311285,0.016001278599759135,342.81
44.104,-0.003112417309670913,-0.0010043459732273223,-0.004858825875087779,0.016001278599759135,342.81
44.108,-0.0023424173096709203,-0.0011844095914048665,-0.003883888771434376,0.016001278599759135,342.81
44.112,-0.0015624173096709171,-0.0016663273291732416,-0.0028754724819321765,0.01592127859975911,342.81
44.116,-0.0008824173096709032,-0.002362689511386059,-0.0018444264892424414,0.016001278599759135,342.81
44.12,-0.0001924173096709348,-0.0031860864628969325,-0.0008016002760264288,0.016001278599759135,342.81
44.124,0.0008375826903290961,-0.004049108508559473,0.00024215667505460118,0.016001278599759135,342.81
44.128,0.0015175826903290545,-0.0048643459732272964,0.0012759948813393898,0.016001278599759135,342.81
44.132,0.001947582690329096,-0.005724345973227324,0.0022890648601666774,0.016001278599759135,342.81
44.136,0.0023775826903290817,-0.006324345973227313,0.003270517128875203,0.016091278599759114,342.81
44.14,0.002637582690329064,-0.007174345973227331,0.004209502204803712,0.016091278599759114,342.81
44.144,0.002977582690329071,-0.008034345973227303,0.005095170605290939,0.015831278599759132,342.81
44.148,0.0032375826903290536,-0.008724345973227327,0.005905957001405039,0.01566127859975913,342.81
44.152,0.0038375826903290985,-0.009324345973227316,0.006602292256880624,0.015491278599759125,342.81
44.156,0.004517582690329057,-0.009924345973227305,0.007133207222011712,0.015231278599759087,342.81
44.16,0.005037582690329077,-0.01052434597322735,0.007473207222011719,0.015151278599759118,342.81
44.164,0.005457582690329053,-0.01112434597322734,0.007303207222011715,0.014801278599759101,342.81
44.168,0.005977582690329074,-0.01172434597322733,0.0064432072220117435,0.014551278599759129,342.81
44.172,0.006577582690329063,-0.012404345973227343,0.0057632072220117295,0.01429127859975909,342.81
44.176,0.007087582690329074,-0.013004345973227333,0.005843207222011754,0.014031278599759108,342.81
44.18,0.00751758269032906,-0.013604345973227322,0.0064432072220117435,0.01395127859975914,342.81
44.184,0.007947582690329101,-0.014034345973227308,0.006793207222011705,0.013601278599759122,342.81
44.188,0.008207582690329084,-0.01446434597322735,0.00739320722201175,0.013171278599759136,342.81
44.192,0.008717582690329094,-0.014894345973227335,0.00799320722201174,0.01283127859975913,342.81
44.196,0.00914758269032908,-0.015404345973227346,0.008413207222011715,0.012401278599759088,342.81
44.2,0.009487582690329087,-0.01583434597322733,0.008843207222011757,0.011801278599759098,342.81
44.204,0.009827582690329094,-0.01617434597322734,0.009363207222011722,0.011461278599759091,342.81
44.208,0.01025758269032908,-0.016514345973227346,0.009963207222011711,0.010951278599759137,342.81
44.212,0.0107775826903291,-0.01694434597322733,0.010563207222011756,0.010351278599759092,342.81
44.216,0.011207582690329086,-0.01729434597322735,0.010993207222011742,0.009921278599759106,342.81
44.22,0.011547582690329093,-0.017374345973227318,0.011243207222011714,0.00940127859975914,342.81
44.224,0.011977582690329079,-0.017714345973227325,0.011503207222011752,0.008631278599759092,342.81
44.228,0.012317582690329086,-0.01814434597322731,0.011843207222011704,0.008201278599759106,342.81
44.232,0.01248758269032909,-0.018494345973227327,0.012103207222011742,0.007691278599759096,342.81
44.236,0.012827582690329097,-0.01866434597322733,0.012613207222011752,0.007091278599759106,342.81
44.24,0.013177582690329058,-0.019004345973227338,0.013043207222011738,0.006491278599759117,342.81
44.244,0.013427582690329086,-0.019344345973227345,0.013213207222011742,0.005801278599759093,342.81
44.248,0.013687582690329068,-0.019344345973227345,0.013473207222011724,0.005291278599759138,342.81
44.252,0.014027582690329075,-0.01951434597322735,0.013813207222011731,0.004781278599759128,342.81
44.256,0.014207582690329089,-0.01977434597322733,0.014163207222011748,0.004091278599759104,342.81
44.26,0.014457582690329061,-0.01977434597322733,0.014333207222011752,0.0034912785997591143,342.81
44.264,0.0147175826903291,-0.01977434597322733,0.014673207222011703,0.002891278599759125,342.81
44.268,0.014977582690329082,-0.01977434597322733,0.01501320722201171,0.002551278599759118,342.81
44.272,0.015227582690329054,-0.01977434597322733,0.015193207222011723,0.0020312785997590975,342.81
44.276,0.015407582690329068,-0.01977434597322733,0.015443207222011751,0.0013512785997591389,342.81
44.28,0.015657582690329096,-0.019694345973227306,0.01553320722201173,0.0007512785997590939,342.81
44.284,0.015657582690329096,-0.01951434597322735,0.01579320722201171,6.127859975912551e-05,342.81
44.288,0.015747582690329075,-0.01951434597322735,0.015703207222011732,-0.0005387214002408639,342.81
44.292,0.015747582690329075,-0.019344345973227345,0.01553320722201173,-0.0012187214002408779,342.81
44.296,0.015747582690329075,-0.019094345973227317,0.015613207222011755,-0.0017387214002408983,342.81
44.3,0.016007582690329057,-0.018914345973227303,0.01579320722201171,-0.0022487214002409085,342.81
44.304,0.01608758269032908,-0.01866434597322733,0.01579320722201171,-0.002848721400240898,342.81
44.308,0.01617758269032906,-0.018314345973227314,0.015963207222011715,-0.003368721400240863,342.81
44.312,0.01617758269032906,-0.01814434597322731,0.016213207222011743,-0.003968721400240908,342.81
44.316,0.01608758269032908,-0.017804345973227304,0.016133207222011718,-0.004648721400240866,342.81
44.32,0.01608758269032908,-0.017374345973227318,0.016133207222011718,-0.005588721400240863,342.81
44.324,0.01608758269032908,-0.01694434597322733,0.016213207222011743,-0.006278721400240887,342.81
44.328,0.01608758269032908,-0.016604345973227325,0.01604320722201174,-0.0069687214002409105,342.81
44.332,0.01617758269032906,-0.016094345973227314,0.015873207222011736,-0.0073887214002408864,342.81
44.336,0.016007582690329057,-0.015404345973227346,0.015873207222011736,-0.007818721400240872,342.81
44.34,0.015747582690329075,-0.014894345973227335,0.01579320722201171,-0.008418721400240862,342.81
44.344,0.015747582690329075,-0.014374345973227315,0.01553320722201173,-0.00918872140024091,342.81
44.348,0.015577582690329071,-0.013604345973227322,0.015363207222011727,-0.010048721400240882,342.81
44.352,0.015317582690329089,-0.012924345973227308,0.015193207222011723,-0.010388721400240889,342.81
44.356,0.015227582690329054,-0.01223434597322734,0.015103207222011744,-0.010818721400240875,342.81
44.36,0.014977582690329082,-0.011374345973227312,0.015103207222011744,-0.011418721400240864,342.81
44.364,0.014807582690329078,-0.010944345973227326,0.01501320722201171,-0.011848721400240906,342.81
44.368,0.014457582690329061,-0.010434345973227316,0.014763207222011738,-0.012368721400240871,342.81
44.372,0.014117582690329054,-0.009924345973227305,0.014593207222011734,-0.012788721400240902,342.81
44.376,0.013947582690329051,-0.009324345973227316,0.014243207222011717,-0.013388721400240892,342.81
44.38,0.0136075826903291,-0.008804345973227351,0.013733207222011707,-0.013908721400240912,342.81
44.384,0.013177582690329058,-0.00829434597322734,0.013393207222011755,-0.014418721400240867,342.81
44.388,0.012917582690329076,-0.00777434597322732,0.01330320722201172,-0.014758721400240874,342.81
44.392,0.012577582690329069,-0.00726434597322731,0.013043207222011738,-0.015108721400240891,342.81
44.396,0.012317582690329086,-0.006744345973227345,0.012533207222011728,-0.015538721400240877,342.81
44.4,0.011977582690329079,-0.006234345973227334,0.012103207222011742,-0.01595872140024091,342.81
44.404,0.011717582690329097,-0.005724345973227324,0.011763207222011735,-0.016388721400240894,342.81
44.408,0.011457582690329059,-0.005204345973227303,0.011413207222011718,-0.01681872140024088,342.81
44.412,0.011117582690329052,-0.0046943459732273485,0.010993207222011742,-0.017158721400240887,342.81
44.416,0.0107775826903291,-0.004174345973227328,0.010563207222011756,-0.01741872140024087,342.81
44.42,0.010517582690329062,-0.0035141873949659373,0.010133207222011715,-0.017678721400240908,342.81
44.424,0.01025758269032908,-0.002740449039333204,0.00961320722201175,-0.01801872140024086,342.81
44.428,0.009917582690329073,-0.0018927027311410626,0.009013207222011705,-0.018278721400240897,342.81
44.432,0.009577582690329066,-0.000995930595045838,0.00850320722201175,-0.01853872140024088,342.81
44.436,0.009227582690329049,-7.511475570385923e-05,0.008073207222011708,-0.018788721400240908,342.81
44.44,0.008977582690329076,0.0008447626622285479,0.007643207222011722,-0.018878721400240887,342.81
44.444,0.00854758269032909,0.001738719534095057,0.007133207222011712,-0.01895872140024091,342.81
44.448,0.008117582690329049,0.0026096652693521545,0.0064432072220117435,-0.019218721400240894,342.81
44.452,0.007947582690329101,0.0034164957429649915,0.005933207222011733,-0.019218721400240894,342.81
44.456,0.007550559481557832,0.004135654026772656,0.005503207222011747,-0.019388721400240897,342.81
44.46,0.006939142908942763,0.004735654026772701,0.004903207222011702,-0.01964872140024088,342.81
44.464,0.0061449807520255985,0.00533565402677269,0.004473207222011716,-0.01964872140024088,342.81
44.468,0.0052329750259142846,0.005845654026772701,0.00404320722201173,-0.01964872140024088,342.81
44.472,0.004268027745716763,0.006105654026772683,0.0037032072220117233,-0.0195587214002409,342.81
44.476,0.0033150409265409785,0.006795654026772652,0.003193207222011713,-0.019308721400240873,342.81
44.48,0.0024389165834948733,0.007225654026772693,0.002673207222011748,-0.01904872140024089,342.81
44.484,0.0016434740048918222,0.007645654026772669,0.001903207222011755,-0.018788721400240908,342.81
44.488,0.0009339601211237522,0.007995654026772686,0.0014732072220117135,-0.01853872140024088,342.81
44.492,0.000326994489987054,0.00816565402677269,0.0010432072220117276,-0.018358721400240866,342.81
44.496,-0.00016080333072188038,0.008505654026772697,0.000533207222011717,-0.01801872140024086,342.81
44.5,-0.0005128137832066616,0.008845654026772704,-6.679277798827242e-05,-0.017678721400240908,342.81
44.504,-0.0007124173096708997,0.00927565402677269,-0.0005767927779882829,-0.017508721400240904,342.81
44.508,-0.0007924173096709242,0.009705654026772675,-0.0009267927779882443,-0.017158721400240887,342.81
44.512,-0.0011049735870076853,0.010135654026772661,-0.0014367927779882547,-0.01681872140024088,342.81
44.516,-0.0017353267768349487,0.010475654026772668,-0.002036792777988244,-0.016478721400240873,342.81
44.52,-0.0025873623115838093,0.010905654026772654,-0.002036792777988244,-0.015878721400240884,342.81
44.524,-0.003564965623685362,0.011245654026772661,-0.001956792777988275,-0.015358721400240864,342.81
44.528,-0.0045720221455707016,0.011415654026772665,-0.002376792777988251,-0.01518872140024086,342.81
44.532,-0.005512417309670926,0.011765654026772682,-0.003146792777988244,-0.014758721400240874,342.81
44.536,-0.006452417309670923,0.012195654026772668,-0.003496792777988261,-0.01407872140024086,342.81
44.54,-0.007132417309670937,0.012445654026772696,-0.004266792777988254,-0.013218721400240888,342.81
44.544,-0.007732417309670926,0.012705654026772678,-0.005126792777988281,-0.012448721400240895,342.81
44.548,-0.00842241730967095,0.013045654026772685,-0.005896792777988274,-0.011508721400240899,342.81
44.552,-0.00902241730967094,0.013305654026772668,-0.006406792777988285,-0.010724769278217585,342.81
44.556,-0.009712417309670908,0.013475654026772671,-0.0069267927779882495,-0.009937043435284294,342.81
44.56,-0.010392417309670922,0.013815654026772678,-0.007696792777988298,-0.009147371490223427,342.81
44.564,-0.01125241730967095,0.014165654026772695,-0.008296792777988287,-0.00835758106181738,342.81
44.568,-0.011762417309670904,0.014335654026772698,-0.00906679277798828,-0.007569499768848551,342.81
44.572,-0.01236241730967095,0.01459565402677268,-0.009496792777988266,-0.006784955230099343,342.81
44.576,-0.012962417309670939,0.01467565402677265,-0.010006792777988277,-0.0060057750643521535,342.81
44.58,-0.013482417309670904,0.014935654026772688,-0.010696792777988245,-0.005233786890389379,342.81
44.584,-0.013902417309670935,0.015015654026772657,-0.011206792777988256,-0.00447081832699342,342.81
44.588,-0.014162417309670917,0.01519565402677267,-0.011726792777988276,-0.003718696992946675,342.81
44.592,-0.014762417309670907,0.015365654026772674,-0.012066792777988283,-0.0029792505070315427,342.81
44.596,-0.015362417309670952,0.015365654026772674,-0.01240679277798829,-0.002254306488030421,342.81
44.6,-0.015882417309670917,0.015365654026772674,-0.012746792777988297,-0.0015456925547257117,342.81
44.604,-0.016392417309670927,0.015365654026772674,-0.013176792777988283,-0.0008552363258998109,342.81
44.608,-0.016822417309670913,0.015365654026772674,-0.013606792777988269,-0.00018476542033511625,342.81
44.612,-0.01716241730967092,0.015445654026772698,-0.014036792777988255,0.00046389254318596933,342.81
44.616,-0.017502417309670927,0.015445654026772698,-0.014546792777988265,0.0010889099458810496,342.81
44.62,-0.017852417309670944,0.015445654026772698,-0.014976792777988251,0.001688459168967727,342.81
44.624,-0.01828241730967093,0.015445654026772698,-0.015316792777988258,0.0022607125936636,342.81
44.628,-0.018622417309670937,0.015445654026772698,-0.015666792777988277,0.00280384260118627,342.81
44.632,-0.018702417309670906,0.015445654026772698,-0.016096792777988263,0.00331602157275334,342.81
44.636,-0.01888241730967092,0.015445654026772698,-0.016516792777988294,0.0037954218895824097,342.81
44.64,-0.019132417309670947,0.015445654026772698,-0.016866792777988256,0.004240215932891085,342.81
44.644,-0.01930241730967095,0.015445654026772698,-0.01703679277798826,0.00464857608389696,342.81
44.648,-0.019562417309670933,0.015365654026772674,-0.01703679277798826,0.0050186747238176385,342.81
44.652,-0.019822417309670916,0.015105654026772691,-0.017296792777988297,0.005348684233870722,342.81
44.656,-0.020252417309670902,0.015015654026772657,-0.017466792777988245,0.005636776995273812,342.81
44.66,-0.020252417309670902,0.015015654026772657,-0.017716792777988273,0.00588112538924451,342.81
44.664,-0.020422417309670905,0.015015654026772657,-0.017806792777988252,0.006079901797000419,342.81
44.668,-0.020422417309670905,0.014845654026772653,-0.01806679277798829,0.0062312785997591345,342.81
44.672,-0.020422417309670905,0.014505654026772702,-0.018316792777988262,0.0063212785997591135,342.81
44.676,-0.020332417309670926,0.014505654026772702,-0.018576792777988245,0.006581278599759096,342.81
44.68,-0.0200824173096709,0.014165654026772695,-0.018576792777988245,0.006921278599759103,342.81
44.684,-0.0200824173096709,0.013995654026772691,-0.01874679277798825,0.007351278599759089,342.81
44.688,-0.01990241730967094,0.013735654026772653,-0.019006792777988286,0.007691278599759096,342.81
44.692,-0.019652417309670912,0.013395654026772702,-0.019006792777988286,0.00778127859975913,342.81
44.696,-0.019562417309670933,0.01296565402677266,-0.019006792777988286,0.0078612785997591,342.81
44.7,-0.019222417309670926,0.012535654026772675,-0.019006792777988286,0.008201278599759106,342.81
44.704,-0.01879241730967094,0.012105654026772689,-0.01874679277798825,0.008551278599759123,342.81
44.708,-0.018532417309670902,0.01184565402677265,-0.01866679277798828,0.0089712785997591,342.81
44.712,-0.0183624173096709,0.011675654026772703,-0.01866679277798828,0.009231278599759137,342.81
44.716,-0.018022417309670948,0.011335654026772696,-0.018496792777988276,0.00949127859975912,342.81
44.72,-0.017592417309670906,0.010995654026772689,-0.01814679277798826,0.009921278599759106,342.81
44.724,-0.01716241730967092,0.0103956540267727,-0.017896792777988287,0.010351278599759092,342.81
44.728,-0.01665241730967091,0.009795654026772654,-0.017716792777988273,0.01060127859975912,342.81
44.732,-0.016222417309670924,0.009365654026772668,-0.017376792777988266,0.010691278599759099,342.81
44.736,-0.015792417309670938,0.008935654026772683,-0.01703679277798826,0.011031278599759105,342.81
44.74,-0.015192417309670948,0.008505654026772697,-0.016606792777988273,0.011461278599759091,342.81
44.744,-0.014682417309670938,0.007995654026772686,-0.016176792777988287,0.011801278599759098,342.81
44.748,-0.014332417309670921,0.007395654026772697,-0.015666792777988277,0.011971278599759102,342.81
44.752,-0.01382241730967091,0.006875654026772676,-0.015236792777988289,0.012321278599759119,342.81
44.756,-0.013132417309670942,0.006365654026772666,-0.014976792777988251,0.012751278599759105,342.81
44.76,-0.012532417309670953,0.005845654026772701,-0.014466792777988296,0.013001278599759133,342.81
44.764,-0.011852417309670939,0.005245654026772656,-0.014036792777988255,0.013171278599759136,342.81
44.768,-0.011332417309670918,0.004735654026772701,-0.013696792777988248,0.013521278599759098,342.81
44.772,-0.010732417309670929,0.0042256540267726905,-0.012926792777988255,0.013861278599759105,342.81
44.776,-0.010222417309670918,0.0036256540267727007,-0.012146792777988252,0.014121278599759087,342.81
44.78,-0.00953241730967095,0.003195654026772659,-0.011636792777988297,0.014461278599759094,342.81
44.784,-0.008762417309670902,0.0027656540267726733,-0.011126792777988287,0.014631278599759098,342.81
44.788,-0.008082417309670943,0.002165654026772684,-0.010526792777988297,0.014801278599759101,342.81
44.792,-0.00731241730967095,0.0015656540267726944,-0.00966679277798827,0.015061278599759139,342.81
44.796,-0.006622417309670926,0.001045654026772674,-0.00906679277798828,0.015321278599759122,342.81
44.8,-0.006022417309670937,0.0005356540267726636,-0.008296792777988287,0.015571278599759094,342.81
44.804,-0.005332417309670913,-6.434597322732582e-05,-0.0076067927779882635,0.01566127859975913,342.81
44.808,-0.0048224173096709025,-0.0006643459732273152,-0.007096792777988253,0.01592127859975911,342.81
44.812,-0.004132417309670934,-0.0010943459732273013,-0.006236792777988281,0.016001278599759135,342.81
44.816,-0.0035324173096709446,-0.0010943459732273013,-0.005546792777988257,0.016001278599759135,342.81
44.82,-0.0026824173096709272,-0.0013543459732273393,-0.004866792777988243,0.016001278599759135,342.81
44.824,-0.0018224173096708996,-0.0019543459732273287,-0.003926792777988247,0.016001278599759135,342.81
44.828,-0.0012224173096709102,-0.002554345973227318,-0.003146792777988244,0.016001278599759135,342.81
44.832,-0.0003624173096709383,-0.0032178506082601254,-0.0024667927779882855,0.016001278599759135,342.81
44.836,0.00031758269032907565,-0.0039211323617300165,-0.0016067927779882581,0.016001278599759135,342.81
44.84,0.0009175826903290651,-0.004649307004299335,-0.0009267927779882443,0.016001278599759135,342.81
44.844,0.0014375826903290855,-0.00538749030663043,-0.0002367927779882759,0.016001278599759135,342.81
44.848,0.0017775826903290925,-0.006120798039385644,0.0006232072220117515,0.016091278599759114,342.81
44.852,0.0024575826903290507,-0.006834345973227324,0.0014732072220117135,0.016091278599759114,342.81
44.856,0.002887582690329092,-0.007524345973227348,0.0022432072220117064,0.015831278599759132,342.81
44.86,0.0031475826903290746,-0.00829434597322734,0.0028432072220117514,0.01566127859975913,342.81
44.864,0.003657582690329085,-0.008974345973227299,0.0033632072220117163,0.015491278599759125,342.81
44.868,0.00417758269032905,-0.009574345973227344,0.0038732072220117267,0.015231278599759087,342.81
44.872,0.0046875826903290604,-0.010264345973227312,0.004393207222011747,0.015061278599759139,342.81
44.876,0.005377582690329084,-0.010864345973227302,0.004993207222011737,0.014721278599759132,342.81
44.88,0.005887582690329095,-0.01163434597322735,0.005423207222011723,0.014461278599759094,342.81
44.884,0.00640758269032906,-0.012324345973227319,0.005593207222011726,0.01429127859975909,342.81
44.888,0.007007582690329049,-0.012834345973227329,0.0056732072220117506,0.014031278599759108,342.81
44.892,0.007437582690329091,-0.01334434597322734,0.0061932072220117155,0.013861278599759105,342.81
44.896,0.007857582690329067,-0.013774345973227325,0.006793207222011705,0.013521278599759098,342.81
44.9,0.008287582690329053,-0.014114345973227332,0.007223207222011746,0.013171278599759136,342.81
44.904,0.008717582690329094,-0.014634345973227297,0.007733207222011757,0.012751278599759105,342.81
44.908,0.00914758269032908,-0.015234345973227342,0.008333207222011746,0.01223127859975914,342.81
44.912,0.009577582690329066,-0.015664345973227328,0.008843207222011757,0.011801278599759098,342.81
44.916,0.010007582690329052,-0.016094345973227314,0.009363207222011722,0.011371278599759112,342.81
44.92,0.01025758269032908,-0.01643434597322732,0.009793207222011708,0.010771278599759123,342.81
44.924,0.010687582690329066,-0.016694345973227304,0.010043207222011736,0.010351278599759092,342.81
44.928,0.011117582690329052,-0.01703434597322731,0.010563207222011756,0.009751278599759102,342.81
44.932,0.011627582690329062,-0.017374345973227318,0.010993207222011742,0.009151278599759113,342.81
44.936,0.012057582690329048,-0.017714345973227325,0.011333207222011749,0.008631278599759092,342.81
44.94,0.012227582690329052,-0.01814434597322731,0.011673207222011756,0.008031278599759103,342.81
44.944,0.01248758269032909,-0.018574345973227296,0.012103207222011742,0.007431278599759113,342.81
44.948,0.012827582690329097,-0.0187443459732273,0.012613207222011752,0.0070012785997591274,342.81
44.952,0.013177582690329058,-0.019004345973227338,0.012963207222011714,0.006491278599759117,342.81
44.956,0.013427582690329086,-0.019094345973227317,0.013133207222011717,0.005801278599759093,342.81
44.96,0.013687582690329068,-0.019344345973227345,0.013473207222011724,0.005201278599759104,342.81
44.964,0.014117582690329054,-0.019434345973227324,0.013813207222011731,0.00452127859975909,342.81
44.968,0.014377582690329092,-0.01977434597322733,0.01390320722201171,0.004001278599759125,342.81
44.972,0.014457582690329061,-0.01986434597322731,0.014243207222011717,0.0034012785997591354,342.81
44.976,0.0147175826903291,-0.01986434597322731,0.014503207222011755,0.002891278599759125,342.81
44.98,0.014977582690329082,-0.01986434597322731,0.014763207222011738,0.0023812785997591145,342.81
44.984,0.015227582690329054,-0.01986434597322731,0.01501320722201171,0.0016912785997590903,342.81
44.988,0.015407582690329068,-0.01986434597322731,0.015193207222011723,0.0010912785997591009,342.81
44.992,0.015577582690329071,-0.019694345973227306,0.015443207222011751,0.0004912785997591115,342.81
44.996,0.015747582690329075,-0.019434345973227324,0.01553320722201173,-1.872140024089899e-05,342.81
45.0,0.016007582690329057,-0.019344345973227345,0.015613207222011755,-0.0006187214002408884,342.81
45.004,0.01608758269032908,-0.019344345973227345,0.015613207222011755,-0.0012187214002408779,342.81
45.008,0.01608758269032908,-0.019094345973227317,0.015613207222011755,-0.0017387214002408983,342.81
45.012,0.01608758269032908,-0.018914345973227303,0.01579320722201171,-0.002418721400240912,342.81
45.016,0.01608758269032908,-0.018574345973227296,0.015873207222011736,-0.002938721400240877,342.81
45.02,0.016257582690329085,-0.018234345973227345,0.015963207222011715,-0.0034487214002408874,342.81
45.024,0.01642758269032909,-0.01814434597322731,0.015873207222011736,-0.004138721400240911,342.81
45.028,0.01642758269032909,-0.017804345973227304,0.015873207222011736,-0.004908721400240904,342.81
45.032,0.016517582690329068,-0.017374345973227318,0.015873207222011736,-0.005678721400240897,342.81
45.036,0.01642758269032909,-0.01694434597322733,0.015963207222011715,-0.006278721400240887,342.81
45.04,0.01617758269032906,-0.016604345973227325,0.015963207222011715,-0.0069687214002409105,342.81
45.044,0.01608758269032908,-0.016094345973227314,0.015873207222011736,-0.007648721400240869,342.81
45.048,0.01608758269032908,-0.015314345973227311,0.01579320722201171,-0.00807872140024091,342.81
45.052,0.016007582690329057,-0.014894345973227335,0.01553320722201173,-0.008508721400240896,342.81
45.056,0.015747582690329075,-0.014544345973227318,0.01553320722201173,-0.009018721400240907,342.81
45.06,0.015577582690329071,-0.013944345973227329,0.015363207222011727,-0.009538721400240872,342.81
45.064,0.015317582690329089,-0.013094345973227312,0.015103207222011744,-0.010138721400240861,342.81
45.068,0.015227582690329054,-0.012324345973227319,0.015103207222011744,-0.010648721400240872,342.81
45.072,0.015147582690329085,-0.011374345973227312,0.015103207222011744,-0.011418721400240864,342.81
45.076,0.014807582690329078,-0.010774345973227323,0.014933207222011741,-0.011848721400240906,342.81
45.08,0.014547582690329096,-0.010174345973227333,0.014593207222011734,-0.012278721400240892,342.81
45.084,0.014287582690329058,-0.00949434597322732,0.014333207222011752,-0.012788721400240902,342.81
45.088,0.013947582690329051,-0.008804345973227351,0.014163207222011748,-0.013308721400240867,342.81
45.092,0.0136075826903291,-0.008124345973227337,0.013813207222011731,-0.013908721400240912,342.81
45.096,0.013257582690329082,-0.007434345973227313,0.013393207222011755,-0.014338721400240898,342.81
45.1,0.012827582690329097,-0.006744345973227345,0.013043207222011738,-0.014758721400240874,342.81
45.104,0.012657582690329093,-0.006064345973227331,0.012963207222011714,-0.01518872140024086,342.81
45.108,0.012657582690329093,-0.005374345973227307,0.012533207222011728,-0.015618721400240902,342.81
45.112,0.012407582690329065,-0.0046943459732273485,0.012103207222011742,-0.01595872140024091,342.81
45.116,0.012057582690329048,-0.0040043459732273246,0.011763207222011735,-0.016388721400240894,342.81
45.12,0.0118875826903291,-0.003324345973227311,0.011413207222011718,-0.01673872140024091,342.81
45.124,0.011547582690329093,-0.0026343459732273426,0.010993207222011742,-0.01681872140024088,342.81
45.128,0.011027582690329073,-0.0019543459732273287,0.010563207222011756,-0.017248721400240866,342.81
45.132,0.010517582690329062,-0.0011743459732273258,0.010213207222011739,-0.017678721400240908,342.81
45.136,0.01025758269032908,-0.0002343459732273293,0.009703207222011729,-0.01793872140024089,342.81
45.14,0.009917582690329073,0.00036565402677266013,0.009013207222011705,-0.018188721400240863,342.81
45.144,0.00965758269032909,0.00044565402677268463,0.00850320722201175,-0.0184487214002409,342.81
45.148,0.009317582690329083,0.0012256540267726874,0.00799320722201174,-0.01853872140024088,342.81
45.152,0.008807582690329073,0.0019056540267727014,0.007643207222011722,-0.018788721400240908,342.81
45.156,0.008717582690329094,0.0019956540267726803,0.007223207222011746,-0.01895872140024091,342.81
45.16,0.00862758269032906,0.0024256540267726663,0.0065332072220117225,-0.019218721400240894,342.81
45.164,0.008117582690329049,0.0031056540267726802,0.005933207222011733,-0.019218721400240894,342.81
45.168,0.007520346258160656,0.0037956540267726486,0.005593207222011726,-0.019218721400240894,342.81
45.172,0.006870631898348929,0.004395654026772694,0.005073207222011706,-0.019218721400240894,342.81
45.176,0.006178270281088379,0.005165654026772687,0.004393207222011747,-0.019308721400240873,342.81
45.18,0.0054530920765735085,0.005675654026772697,0.0038732072220117267,-0.019388721400240897,342.81
45.184,0.004704927954998823,0.006105654026772683,0.0036232072220117543,-0.019308721400240873,342.81
45.188,0.003943608586558831,0.006625654026772704,0.0032732072220117373,-0.019308721400240873,342.81
45.192,0.0031293165090675347,0.006875654026772676,0.0025932072220117234,-0.019218721400240894,342.81
45.196,0.002306249973332214,0.007225654026772693,0.001993207222011734,-0.018878721400240887,342.81
45.2,0.0014590345172768207,0.007645654026772669,0.0014732072220117135,-0.018618721400240904,342.81
45.204,0.0005775826903290581,0.008075654026772655,0.0011332072220117066,-0.018358721400240866,342.81
45.208,-0.0001124173096709103,0.008505654026772697,0.0007032072220117205,-0.01801872140024086,342.81
45.212,-0.0006224173096709207,0.008935654026772683,0.00010320722201173106,-0.017678721400240908,342.81
45.216,-0.0007124173096708997,0.00927565402677269,-0.0004967927779882584,-0.017588721400240873,342.81
45.22,-0.0007124173096708997,0.009705654026772675,-0.0009267927779882443,-0.017248721400240866,342.81
45.224,-0.0009624173096709277,0.010135654026772661,-0.0013567927779882857,-0.01681872140024088,342.81
45.228,-0.0017424173096709306,0.0103956540267727,-0.001956792777988275,-0.016388721400240894,342.81
45.232,-0.0026824173096709272,0.010645654026772672,-0.0021267927779882786,-0.015878721400240884,342.81
45.236,-0.00345241730967092,0.010995654026772689,-0.0016967927779882926,-0.015358721400240864,342.81
45.24,-0.0043924173096709165,0.011335654026772696,-0.0021267927779882786,-0.015108721400240891,342.81
45.244,-0.0051624173096709094,0.011675654026772703,-0.002636792777988289,-0.014678721400240905,342.81
45.248,-0.005852417309670933,0.012015654026772654,-0.0035767927779882854,-0.01407872140024086,342.81
45.252,-0.006712417309670905,0.012275654026772692,-0.004436792777988257,-0.01347872140024087,342.81
45.256,-0.00731241730967095,0.012615654026772699,-0.004866792777988243,-0.012708721400240878,342.81
45.26,-0.008082417309670943,0.01296565402677266,-0.005636792777988292,-0.011848721400240906,342.81
45.264,-0.008682417309670933,0.013135654026772664,-0.00632679277798826,-0.011078721400240913,342.81
45.268,-0.009362417309670946,0.013395654026772702,-0.0069267927779882495,-0.010388721400240889,342.81
45.272,-0.01013241730967094,0.013645654026772674,-0.007696792777988298,-0.009708721400240875,342.81
45.276,-0.010822417309670908,0.013905654026772657,-0.008296792777988287,-0.008848721400240903,342.81
45.28,-0.011422417309670953,0.014245654026772664,-0.008896792777988277,-0.007988721400240876,342.81
45.284,-0.012192417309670946,0.01459565402677268,-0.009496792777988266,-0.007138721400240914,342.81
45.288,-0.01271241730967091,0.014845654026772653,-0.010006792777988277,-0.006278721400240887,342.81
45.292,-0.013052417309670918,0.015105654026772691,-0.010696792777988245,-0.005418721400240859,342.81
45.296,-0.013562417309670928,0.015105654026772691,-0.011206792777988256,-0.004568721400240897,342.81
45.3,-0.014162417309670917,0.015105654026772691,-0.011546792777988263,-0.00370872140024087,342.81
45.304,-0.014682417309670938,0.015365654026772674,-0.01189679277798828,-0.002848721400240898,342.81
45.308,-0.015102417309670914,0.015445654026772698,-0.012326792777988265,-0.0019987214002408805,342.81
45.312,-0.01545241730967093,0.015535654026772677,-0.012836792777988276,-0.0011387214002409089,342.81
45.316,-0.015882417309670917,0.015615654026772702,-0.013266792777988262,-0.00027872140024088146,342.81
45.32,-0.016392417309670927,0.015445654026772698,-0.013606792777988269,0.0005812785997590904,342.81
45.324,-0.016822417309670913,0.015445654026772698,-0.014036792777988255,0.0014312785997591078,342.81
45.328,-0.01716241730967092,0.015445654026772698,-0.014546792777988265,0.0022912785997591355,342.81
45.332,-0.017502417309670927,0.015535654026772677,-0.014976792777988251,0.0031512785997591074,342.81
45.336,-0.017932417309670913,0.01570565402677268,-0.015236792777988289,0.004001278599759125,342.81
45.34,-0.01828241730967093,0.01579565402677266,-0.015496792777988272,0.004861278599759097,342.81
45.344,-0.018452417309670933,0.01579565402677266,-0.016096792777988263,0.005721278599759124,342.81
45.348,-0.018702417309670906,0.015445654026772698,-0.01643679277798827,0.006581278599759096,342.81
45.352,-0.018962417309670944,0.015445654026772698,-0.016606792777988273,0.007431278599759113,342.81
45.356,-0.019222417309670926,0.015445654026772698,-0.01694679277798828,0.00829127859975914,342.81
45.36,-0.01930241730967095,0.015445654026772698,-0.017206792777988263,0.008138686007166548,342.81
45.364,-0.019652417309670912,0.015365654026772674,-0.017376792777988266,0.007757204525685065,342.81
45.368,-0.019822417309670916,0.01519565402677267,-0.017466792777988245,0.007261278599759138,342.81
45.372,-0.019822417309670916,0.01519565402677267,-0.017716792777988273,0.00676535267383321,342.81
45.376,-0.01999241730967092,0.015105654026772691,-0.017896792777988287,0.006383871192351728,342.81
45.38,-0.01999241730967092,0.014935654026772688,-0.01814679277798826,0.0062312785997591345,342.81
45.384,-0.01999241730967092,0.01467565402677265,-0.018316792777988262,0.006491278599759117,342.81
45.388,-0.01999241730967092,0.01459565402677268,-0.018576792777988245,0.0066612785997591205,342.81
45.392,-0.01999241730967092,0.014335654026772698,-0.018576792777988245,0.0070012785997591274,342.81
45.396,-0.01999241730967092,0.014165654026772695,-0.018576792777988245,0.00726127859975911,342.81
45.4,-0.019732417309670937,0.013815654026772678,-0.018576792777988245,0.00726127859975911,342.81
45.404,-0.019562417309670933,0.013395654026772702,-0.018576792777988245,0.007431278599759113,342.81
45.408,-0.01930241730967095,0.013045654026772685,-0.018576792777988245,0.00778127859975913,342.81
45.412,-0.019132417309670947,0.012875654026772682,-0.018576792777988245,0.008121278599759137,342.81
45.416,-0.01879241730967094,0.012535654026772675,-0.018496792777988276,0.008551278599759123,342.81
45.42,-0.018542417309670912,0.012185654026772658,-0.018586792777988255,0.0089712785997591,342.81
45.424,-0.01828241730967093,0.01184565402677265,-0.018496792777988276,0.009321278599759116,342.81
45.428,-0.017942417309670923,0.011325654026772686,-0.018246792777988248,0.009571278599759089,342.81
45.432,-0.017592417309670906,0.010905654026772654,-0.01814679277798826,0.009921278599759106,342.81
45.436,-0.01717241730967093,0.010555654026772693,-0.017896792777988287,0.010251278599759103,342.81
45.44,-0.01665241730967091,0.010135654026772661,-0.01763679277798825,0.01060127859975912,342.81
45.444,-0.016232417309670934,0.009615654026772696,-0.017296792777988297,0.010771278599759123,342.81
45.448,-0.015882417309670917,0.009015654026772651,-0.01703679277798826,0.011201278599759109,342.81
45.452,-0.015372417309670906,0.008585654026772666,-0.016696792777988252,0.011451278599759137,342.81
45.456,-0.014762417309670907,0.007995654026772686,-0.01643679277798827,0.011801278599759098,342.81
45.46,-0.014342417309670931,0.007645654026772669,-0.016096792777988263,0.011971278599759102,342.81
45.464,-0.01382241730967091,0.007135654026772659,-0.015746792777988246,0.012321278599759119,342.81
45.468,-0.013142417309670952,0.006525654026772659,-0.015246792777988244,0.012571278599759091,342.81
45.472,-0.012622417309670932,0.006105654026772683,-0.014546792777988265,0.012751278599759105,342.81
45.476,-0.012112417309670921,0.005585654026772663,-0.014046792777988265,0.013081278599759102,342.81
45.48,-0.011422417309670953,0.00482565402677268,-0.013606792777988269,0.013521278599759098,342.81
45.484,-0.010832417309670918,0.004385654026772684,-0.013096792777988258,0.013851278599759095,342.81
45.488,-0.010222417309670918,0.0039656540267726526,-0.012496792777988269,0.014031278599759108,342.81
45.492,-0.009712417309670908,0.003445654026772687,-0.011816792777988255,0.014371278599759115,342.81
45.496,-0.00902241730967094,0.0028456540267726978,-0.011036792777988252,0.014721278599759132,342.81
45.5,-0.008432417309670905,0.0023256540267726773,-0.010696792777988245,0.014881278599759126,342.81
45.504,-0.007652417309670902,0.0018256540267726769,-0.010006792777988277,0.015151278599759118,342.81
45.508,-0.006882417309670909,0.0011256540267726984,-0.009326792777988263,0.015221278599759133,342.81
45.512,-0.00619241730967094,0.0006256540267726981,-0.008726792777988273,0.015491278599759125,342.81
45.516,-0.00569241730967094,9.565402677266766e-05,-0.00795679277798828,0.015741278599759097,342.81
45.52,-0.0050824173096709405,-0.0004943459732273118,-0.0071767927779882775,0.016001278599759135,342.81
45.524,-0.0044924173096709055,-0.0009243459732272977,-0.006335215935411906,0.0159112785997591,342.81
45.528,-0.0037124173096709026,-0.0012643459732273048,-0.0054540812450407745,0.015831278599759132,342.81
45.532,-0.003112417309670913,-0.0014443459732273183,-0.004543738989550065,0.015991278599759125,342.81
45.536,-0.0023424173096709203,-0.0016943459732273462,-0.003614539451614959,0.016001278599759135,342.81
45.54,-0.0017424173096709306,-0.0023843459732273147,-0.0026768329139106417,0.015991278599759125,342.81
45.544,-0.0010524173096709067,-0.0029743459732273496,-0.0017409696591122975,0.016001278599759135,342.81
45.548,-0.0001124173096709103,-0.003584345973227349,-0.0008172999698951078,0.015991278599759125,342.81
45.552,0.00048758269032907913,-0.004604345973227314,8.382587106574389e-05,0.016001278599759135,342.81
45.556,0.0010875826903290686,-0.005384345973227317,0.0009520575810950742,0.0159112785997591,342.81
45.56,0.001347582690329051,-0.005974345973227296,0.0017770448775176972,0.01592127859975911,342.81
45.564,0.001937582690329086,-0.006754345973227299,0.002531021865399694,0.015741278599759097,342.81
45.568,0.0022075826903290782,-0.007434345973227313,0.0031766754148920564,0.015751278599759107,342.81
45.572,0.002627582690329054,-0.008044345973227313,0.0036932072220117133,0.015741278599759097,342.81
45.576,0.0032375826903290536,-0.008724345973227327,0.00404320722201173,0.015491278599759125,342.81
45.58,0.0038275826903290885,-0.00941434597322735,0.004293207222011703,0.015221278599759133,342.81
45.584,0.004517582690329057,-0.01000434597322733,0.004563207222011751,0.015151278599759118,342.81
45.588,0.005027582690329067,-0.010694345973227298,0.004893207222011748,0.014791278599759091,342.81
45.592,0.005547582690329088,-0.011294345973227343,0.00516320722201174,0.01429127859975909,342.81
45.596,0.006137582690329067,-0.011984345973227312,0.005323207222011734,0.01394127859975913,342.81
45.6,0.006657582690329088,-0.012494345973227322,0.0056732072220117506,0.01395127859975914,342.81
45.604,0.007077582690329064,-0.013094345973227312,0.005923207222011723,0.013851278599759095,342.81
45.608,0.007437582690329091,-0.013604345973227322,0.0065332072220117225,0.013601278599759122,342.81
45.612,0.007857582690329067,-0.014044345973227318,0.007123207222011757,0.013081278599759102,342.81
45.616,0.008287582690329053,-0.01446434597322735,0.007563207222011753,0.012661278599759126,342.81
45.62,0.008707582690329084,-0.014894345973227335,0.00798320722201173,0.012311278599759109,342.81
45.624,0.00914758269032908,-0.015314345973227311,0.00850320722201175,0.011971278599759102,342.81
45.628,0.009477582690329077,-0.015664345973227328,0.00909320722201173,0.011451278599759137,342.81
45.632,0.009827582690329094,-0.016094345973227314,0.009703207222011729,0.010691278599759099,342.81
45.636,0.01025758269032908,-0.0165243459732273,0.010123207222011705,0.010251278599759103,342.81
45.64,0.0107775826903291,-0.01694434597322733,0.010563207222011756,0.009751278599759102,342.81
45.644,0.011197582690329076,-0.017384345973227328,0.010983207222011732,0.009051278599759124,342.81
45.648,0.011547582690329093,-0.0176343459732273,0.011243207222011714,0.008551278599759123,342.81
45.652,0.011967582690329069,-0.017814345973227314,0.011663207222011746,0.008021278599759093,342.81
45.656,0.012407582690329065,-0.01814434597322731,0.012013207222011707,0.007431278599759113,342.81
45.66,0.012647582690329083,-0.01866434597322733,0.012263207222011735,0.0070012785997591274,342.81
45.664,0.012827582690329097,-0.019004345973227338,0.012703207222011731,0.006491278599759117,342.81
45.668,0.013167582690329048,-0.019094345973227317,0.013033207222011728,0.005801278599759093,342.81
45.672,0.013517582690329065,-0.01926434597322732,0.013473207222011724,0.005201278599759104,342.81
45.676,0.013937582690329096,-0.019444345973227334,0.013813207222011731,0.004601278599759114,342.81
45.68,0.014207582690329089,-0.01951434597322735,0.013993207222011745,0.004091278599759104,342.81
45.684,0.014367582690329082,-0.01978434597322734,0.014153207222011738,0.003571278599759139,342.81
45.688,0.014457582690329061,-0.01977434597322733,0.014333207222011752,0.002891278599759125,342.81
45.692,0.014797582690329068,-0.01978434597322734,0.014663207222011749,0.0022812785997591255,342.81
45.696,0.015147582690329085,-0.01977434597322733,0.014933207222011741,0.0016912785997590903,342.81
45.7,0.015397582690329058,-0.01978434597322734,0.015183207222011713,0.0011712785997591254,342.81
45.704,0.015657582690329096,-0.019694345973227306,0.015443207222011751,0.0006612785997591149,342.81
45.708,0.015657582690329096,-0.01951434597322735,0.015443207222011751,6.127859975912551e-05,342.81
45.712,0.0158275826903291,-0.019434345973227324,0.01553320722201173,-0.00044872140024088494,342.81
45.716,0.01608758269032908,-0.01926434597322732,0.01579320722201171,-0.0010487214002408744,342.81
45.72,0.01608758269032908,-0.019094345973227317,0.01579320722201171,-0.0015687214002408948,342.81
45.724,0.016007582690329057,-0.019004345973227338,0.01579320722201171,-0.002168721400240884,342.81
45.728,0.0158275826903291,-0.01866434597322733,0.015873207222011736,-0.002848721400240898,342.81
45.732,0.016007582690329057,-0.01840434597322735,0.015963207222011715,-0.0034487214002408874,342.81
45.736,0.016257582690329085,-0.01814434597322731,0.015963207222011715,-0.004048721400240877,342.81
45.74,0.01642758269032909,-0.017804345973227304,0.015873207222011736,-0.004738721400240901,342.81
45.744,0.016347582690329064,-0.017464345973227297,0.015963207222011715,-0.005588721400240863,342.81
45.748,0.01608758269032908,-0.01703434597322731,0.015873207222011736,-0.006278721400240887,342.81
45.752,0.01608758269032908,-0.016604345973227325,0.015873207222011736,-0.006878721400240876,342.81
45.756,0.01608758269032908,-0.016094345973227314,0.015873207222011736,-0.007478721400240865,342.81
45.76,0.01617758269032906,-0.015404345973227346,0.015703207222011732,-0.00807872140024091,342.81
45.764,0.016007582690329057,-0.014894345973227335,0.015443207222011751,-0.008338721400240893,342.81
45.768,0.015747582690329075,-0.01446434597322735,0.015363207222011727,-0.008938721400240882,342.81
45.772,0.015577582690329071,-0.014034345973227308,0.015363207222011727,-0.009368721400240868,342.81
45.776,0.015317582690329089,-0.013418263531964385,0.015193207222011723,-0.009968721400240913,342.81
45.78,0.015227582690329054,-0.012660352751740728,0.01501320722201171,-0.010738721400240906,342.81
45.784,0.014977582690329082,-0.011781735928719676,0.014843207222011707,-0.011338721400240896,342.81
45.788,0.014977582690329082,-0.010803535359064559,0.014843207222011707,-0.011588721400240868,342.81
45.792,0.014887582690329047,-0.009746873338938717,0.014673207222011703,-0.012188721400240913,342.81
45.796,0.014457582690329061,-0.008632872164505487,0.014503207222011755,-0.012708721400240878,342.81
45.8,0.014027582690329075,-0.007482654131928203,0.014163207222011748,-0.013138721400240864,342.81
45.804,0.013687582690329068,-0.006317341537370201,0.01390320722201171,-0.013648721400240874,342.81
45.808,0.013427582690329086,-0.005158056676994817,0.013733207222011707,-0.01407872140024086,342.81
45.812,0.013257582690329082,-0.0040259218469653885,0.013393207222011755,-0.014508721400240902,342.81
45.816,0.013007582690329055,-0.0029420593434452496,0.013043207222011738,-0.015108721400240891,342.81
45.82,0.012747582690329072,-0.0019275914625977411,0.012613207222011752,-0.015448721400240898,342.81
45.824,0.012407582690329065,-0.0010036405005861937,0.01219320722201172,-0.015788721400240905,342.81
45.828,0.012057582690329048,-0.00019132875357394418,0.011763207222011735,-0.016048721400240887,342.81
45.832,0.011717582690329097,0.0004698285911967148,0.011333207222011749,-0.016388721400240894,342.81
45.836,0.011457582690329059,0.0009694437791251499,0.010903207222011707,-0.01681872140024088,342.81
45.84,0.011117582690329052,0.001285418395790695,0.010563207222011756,-0.017158721400240887,342.81
45.844,0.010607582690329097,0.001395654026772691,0.010213207222011739,-0.01741872140024087,342.81
45.848,0.010087582690329076,0.001135654026772653,0.009793207222011708,-0.017678721400240908,342.81
45.852,0.009827582690329094,0.0005356540267726636,0.009273207222011743,-0.01793872140024089,342.81
45.856,0.009487582690329087,0.0006256540267726981,0.008763207222011732,-0.018108721400240894,342.81
45.86,0.00914758269032908,0.0009656540267726496,0.008163207222011743,-0.018358721400240866,342.81
45.864,0.008807582690329073,0.00147565402677266,0.007643207222011722,-0.01853872140024088,342.81
45.868,0.00854758269032909,0.0019056540267727014,0.007133207222011712,-0.018788721400240908,342.81
45.872,0.00802758269032907,0.0024256540267726663,0.006703207222011726,-0.018878721400240887,342.81
45.876,0.007947582690329101,0.0030256540267726557,0.0061032072220117365,-0.01904872140024089,342.81
45.88,0.007607582690329094,0.003445654026772687,0.0056732072220117506,-0.019308721400240873,342.81
45.884,0.006837582690329101,0.0039656540267726526,0.00516320722201174,-0.019388721400240897,342.81
45.888,0.00691758269032907,0.0046456540267726665,0.004563207222011751,-0.019308721400240873,342.81
45.892,0.006770809435996379,0.005245654026772656,0.003963207222011706,-0.019308721400240873,342.81
45.896,0.006363366674923944,0.005845654026772701,0.003443207222011741,-0.019308721400240873,342.81
45.9,0.005746186124072541,0.006105654026772683,0.0030232072220117093,-0.019308721400240873,342.81
45.904,0.004953169090618974,0.00644565402677269,0.002673207222011748,-0.019218721400240894,342.81
45.908,0.004043494699459516,0.006795654026772652,0.0022432072220117064,-0.018878721400240887,342.81
45.912,0.0030763420754904456,0.007395654026772697,0.001563207222011748,-0.01853872140024088,342.81
45.916,0.002110890343608035,0.007905654026772652,0.0011332072220117066,-0.018358721400240866,342.81
45.92,0.0012063186287085599,0.008075654026772655,0.0007032072220117205,-0.01801872140024086,342.81
45.924,0.00035502340133483656,0.008505654026772697,0.00027320722201173455,-0.017758721400240877,342.81
45.928,-0.0003624173096709383,0.008935654026772683,-0.0002367927779882759,-0.017588721400240873,342.81
45.932,-0.0009648557490299508,0.009365654026772668,-0.0009267927779882443,-0.017248721400240866,342.81
45.936,-0.001521009268696689,0.009795654026772654,-0.0014367927779882547,-0.01690872140024086,342.81
45.94,-0.0020563600266326554,0.010045654026772682,-0.001956792777988275,-0.016388721400240894,342.81
45.944,-0.002596390180799349,0.010475654026772668,-0.0024667927779882855,-0.01570872140024088,342.81
45.948,-0.003166581889158273,0.010905654026772654,-0.002842707341244901,-0.015358721400240864,342.81
45.952,-0.003792417309670927,0.011245654026772661,-0.0031416227922098556,-0.014848721400240909,342.81
45.956,-0.004510259344442811,0.011415654026772665,-0.003411514096124911,-0.01458872140024087,342.81
45.96,-0.0053115322708387055,0.011765654026772682,-0.0037003562182318286,-0.014158721400240885,342.81
45.964,-0.006154310309709039,0.012105654026772689,-0.004056124123772369,-0.013308721400240867,342.81
45.968,-0.006996667681904236,0.012445654026772696,-0.004526792777988292,-0.012788721400240902,342.81
45.972,-0.007796678608274725,0.012615654026772699,-0.005376792777988254,-0.012188721400240913,342.81
45.976,-0.008512417309670929,0.01296565402677266,-0.005976792777988243,-0.011550118315370107,342.81
45.98,-0.009112417309670919,0.013305654026772668,-0.006666792777988267,-0.01086954574572439,342.81
45.984,-0.009792417309670932,0.01356565402677265,-0.007346792777988281,-0.010151268987421965,342.81
45.988,-0.010392417309670922,0.013905654026772657,-0.008206792777988253,-0.00939955333658104,342.81
45.992,-0.010992417309670911,0.01407565402677266,-0.008806792777988298,-0.008618664089319815,342.81
45.996,-0.011682417309670935,0.014335654026772698,-0.009236792777988284,-0.007812866541756497,342.81
46.0,-0.012192417309670946,0.01459565402677268,-0.010006792777988277,-0.006986425990009291,342.81
46.004,-0.012622417309670932,0.014765654026772684,-0.01077679277798827,-0.006143607730196399,342.81
46.008,-0.013222417309670921,0.015015654026772657,-0.011206792777988256,-0.005288677058436025,342.81
46.012,-0.01382241730967091,0.01519565402677267,-0.011546792777988263,-0.004425899270846377,342.81
46.016,-0.014252417309670952,0.015445654026772698,-0.011976792777988248,-0.0035595396635456564,342.81
46.02,-0.014592417309670903,0.015445654026772698,-0.012496792777988269,-0.0026938635326520686,342.81
46.024,-0.015022417309670945,0.015535654026772677,-0.012926792777988255,-0.0018331361742838167,342.81
46.028,-0.0155324173096709,0.01570565402677268,-0.013266792777988262,-0.0009816228845591073,342.81
46.032,-0.01596241730967094,0.015535654026772677,-0.013606792777988269,-0.0001435889595961424,342.81
46.036,-0.016302417309670948,0.015535654026772677,-0.013946792777988276,0.0006767003044868723,342.81
46.04,-0.016732417309670934,0.015445654026772698,-0.014206792777988258,0.0014749796115717322,342.81
46.044,-0.01716241730967092,0.015445654026772698,-0.014546792777988265,0.002246983665540234,342.81
46.048,-0.017502417309670927,0.01570565402677268,-0.014896792777988282,0.0029884471702741723,342.81
46.052,-0.017932417309670913,0.01579565402677266,-0.015316792777988258,0.003695104829655344,342.81
46.056,-0.0183624173096709,0.01570565402677268,-0.01591679277798825,0.004362691347565545,342.81
46.06,-0.01879241730967094,0.015535654026772677,-0.016266792777988266,0.004986941427886567,342.81
46.064,-0.019052417309670923,0.015535654026772677,-0.016606792777988273,0.005563589774500211,342.81
46.068,-0.018962417309670944,0.015535654026772677,-0.016776792777988277,0.006088371091288269,342.81
46.072,-0.019132417309670947,0.015365654026772674,-0.016866792777988256,0.006557020082132537,342.81
46.076,-0.01930241730967095,0.015105654026772691,-0.017296792777988297,0.0069652714509148145,342.81
46.08,-0.019562417309670933,0.015105654026772691,-0.017376792777988266,0.007308859901516893,342.81
46.084,-0.019732417309670937,0.01519565402677267,-0.017376792777988266,0.007583520137820566,342.81
46.088,-0.01990241730967094,0.014845654026772653,-0.01763679277798825,0.007784986863707634,342.81
46.092,-0.019652417309670912,0.014765654026772684,-0.017896792777988287,0.007908994783059894,342.81
46.096,-0.019732417309670937,0.01467565402677265,-0.018236792777988294,0.007951278599759134,342.81
46.1,-0.01999241730967092,0.01459565402677268,-0.018316792777988262,0.007181278599759141,342.81
46.104,-0.01999241730967092,0.014335654026772698,-0.018316792777988262,0.0070012785997591274,342.81
46.108,-0.01990241730967094,0.014165654026772695,-0.018576792777988245,0.007091278599759106,342.81
46.112,-0.019652417309670912,0.013815654026772678,-0.018576792777988245,0.007431278599759113,342.81
46.116,-0.019652417309670912,0.013475654026772671,-0.018576792777988245,0.007691278599759096,342.81
46.12,-0.019562417309670933,0.013135654026772664,-0.018496792777988276,0.00778127859975913,342.81
46.124,-0.019222417309670926,0.012875654026772682,-0.018576792777988245,0.008201278599759106,342.81
46.128,-0.018962417309670944,0.012535654026772675,-0.018576792777988245,0.008551278599759123,342.81
46.132,-0.018702417309670906,0.012105654026772689,-0.018496792777988276,0.008721278599759127,342.81
46.136,-0.0183624173096709,0.011765654026772682,-0.018236792777988294,0.009061278599759134,342.81
46.14,-0.017932417309670913,0.011415654026772665,-0.018236792777988294,0.00940127859975914,342.81
46.144,-0.017592417309670906,0.010995654026772689,-0.01806679277798829,0.009751278599759102,342.81
46.148,-0.01716241730967092,0.010475654026772668,-0.017896792777988287,0.009921278599759106,342.81
46.152,-0.01665241730967091,0.010045654026772682,-0.017716792777988273,0.010261278599759113,342.81
46.156,-0.016222417309670924,0.009705654026772675,-0.017296792777988297,0.010691278599759099,342.81
46.16,-0.015882417309670917,0.009365654026772668,-0.01694679277798828,0.010951278599759137,342.81
46.164,-0.0155324173096709,0.008845654026772704,-0.016516792777988294,0.011201278599759109,342.81
46.168,-0.015102417309670914,0.00816565402677269,-0.016176792777988287,0.011551278599759126,342.81
46.172,-0.014502417309670924,0.007645654026772669,-0.016006792777988284,0.011891278599759133,342.81
46.176,-0.013902417309670935,0.007135654026772659,-0.015576792777988296,0.012151278599759115,342.81
46.18,-0.013482417309670904,0.006625654026772704,-0.015066792777988286,0.012401278599759088,342.81
46.184,-0.012962417309670939,0.006025654026772659,-0.014546792777988265,0.012751278599759105,342.81
46.188,-0.012282417309670925,0.005595654026772673,-0.014036792777988255,0.013091278599759112,342.81
46.192,-0.011762417309670904,0.005245654026772656,-0.013696792777988248,0.013351278599759094,342.81
46.196,-0.011332417309670918,0.004735654026772701,-0.013176792777988283,0.013601278599759122,342.81
46.2,-0.010732417309670929,0.004045654026772677,-0.012496792777988269,0.01395127859975914,342.81
46.204,-0.01013241730967094,0.003535654026772666,-0.011976792777988248,0.014201278599759112,342.81
46.208,-0.009452417309670925,0.0030256540267726557,-0.011376792777988259,0.014461278599759094,342.81
46.212,-0.008852417309670936,0.0024256540267726663,-0.010606792777988266,0.014721278599759132,342.81
46.216,-0.007992417309670909,0.0019056540267727014,-0.01017679277798828,0.014891278599759136,342.81
46.22,-0.007392417309670919,0.0013056540267726564,-0.009326792777988263,0.015151278599759118,342.81
46.224,-0.00679241730967093,0.0007056540267726671,-0.008636792777988294,0.015231278599759087,342.81
46.228,-0.006022417309670937,0.00027565402677268115,-0.00794679277798827,0.015491278599759125,342.81
46.232,-0.005252417309670944,-0.0003243459732273083,-0.007346792777988281,0.015491278599759125,342.81
46.236,-0.004652417309670899,-0.0008343459732273187,-0.006666792777988267,0.015491278599759125,342.81
46.24,-0.00405241730967091,-0.0010043459732273223,-0.005896792777988274,0.015571278599759094,342.81
46.244,-0.0032824173096709167,-0.0011743459732273258,-0.00520679277798825,0.015751278599759107,342.81
46.248,-0.0026824173096709272,-0.0014343459732273083,-0.004526792777988292,0.016001278599759135,342.81
46.252,-0.0019924173096709033,-0.0020343459732272977,-0.0037350626102264067,0.016001278599759135,342.81
46.256,-0.0012224173096709102,-0.002894345973227325,-0.0028634086437787747,0.016001278599759135,342.81
46.26,-0.0003624173096709383,-0.003664345973227318,-0.0019517927779882697,0.01592127859975911,342.81
46.264,0.00031758269032907565,-0.004524345973227345,-0.001040176912197765,0.01592127859975911,342.81
46.268,0.0009175826903290651,-0.005124345973227334,-0.00016852294575013386,0.01592127859975911,342.81
46.272,0.0014375826903290855,-0.005804345973227348,0.0006232072220117515,0.015831278599759132,342.81
46.276,0.0017775826903290925,-0.006404345973227338,0.00130320722201171,0.015831278599759132,342.81
46.28,0.002287582690329047,-0.007004345973227327,0.001903207222011755,0.015751278599759107,342.81
46.284,0.002547582690329085,-0.007694345973227351,0.00242320722201172,0.01566127859975913,342.81
46.288,0.002977582690329071,-0.008544345973227313,0.0029332072220117304,0.015491278599759125,342.81
46.292,0.0035775826903290606,-0.009234345973227337,0.003443207222011741,0.015231278599759087,342.81
46.296,0.00417758269032905,-0.009924345973227305,0.003963207222011706,0.015061278599759139,342.81
46.3,0.004857582690329064,-0.010344345973227337,0.004563207222011751,0.014721278599759132,342.81
46.304,0.005377582690329084,-0.010944345973227326,0.005073207222011706,0.014371278599759115,342.81
46.308,0.005887582690329095,-0.011804345973227298,0.005243207222011709,0.014121278599759087,342.81
46.312,0.00640758269032906,-0.012404345973227343,0.005593207222011726,0.01395127859975914,342.81
46.316,0.007007582690329049,-0.012924345973227308,0.005933207222011733,0.013691278599759101,342.81
46.32,0.007437582690329091,-0.013264345973227315,0.0064432072220117435,0.013431278599759119,342.81
46.324,0.007777582690329098,-0.013604345973227322,0.007043207222011733,0.013091278599759112,342.81
46.328,0.008207582690329084,-0.014114345973227332,0.007643207222011722,0.012751278599759105,342.81
46.332,0.008717582690329094,-0.0148043459732273,0.008073207222011708,0.012401278599759088,342.81
46.336,0.00914758269032908,-0.015314345973227311,0.00850320722201175,0.011801278599759098,342.81
46.34,0.009487582690329087,-0.015744345973227297,0.008933207222011736,0.011201278599759109,342.81
46.344,0.009917582690329073,-0.01617434597322734,0.009273207222011743,0.010691278599759099,342.81
46.348,0.010347582690329059,-0.01643434597322732,0.009703207222011729,0.010261278599759113,342.81
46.352,0.0107775826903291,-0.016604345973227325,0.010133207222011715,0.009831278599759127,342.81
46.356,0.011207582690329086,-0.01694434597322733,0.010473207222011722,0.009321278599759116,342.81
46.36,0.011627582690329062,-0.01729434597322735,0.010813207222011728,0.008721278599759127,342.81
46.364,0.012057582690329048,-0.017804345973227304,0.011243207222011714,0.008121278599759137,342.81
46.368,0.012317582690329086,-0.018234345973227345,0.011763207222011735,0.007521278599759092,342.81
46.372,0.01248758269032909,-0.018494345973227327,0.012273207222011745,0.0070012785997591274,342.81
46.376,0.012827582690329097,-0.01866434597322733,0.012703207222011731,0.006401278599759138,342.81
46.38,0.013177582690329058,-0.018914345973227303,0.012963207222011714,0.005801278599759093,342.81
46.384,0.013427582690329086,-0.019094345973227317,0.01330320722201172,0.005201278599759104,342.81
46.388,0.013687582690329068,-0.019344345973227345,0.013473207222011724,0.00452127859975909,342.81
46.392,0.014117582690329054,-0.019344345973227345,0.013733207222011707,0.004091278599759104,342.81
46.396,0.014377582690329092,-0.019434345973227324,0.01390320722201171,0.0035812785997590933,342.81
46.4,0.014457582690329061,-0.01951434597322735,0.014243207222011717,0.002891278599759125,342.81
46.404,0.014807582690329078,-0.01977434597322733,0.014503207222011755,0.0022912785997591355,342.81
46.408,0.015147582690329085,-0.019694345973227306,0.014763207222011738,0.0016912785997590903,342.81
46.412,0.015407582690329068,-0.01951434597322735,0.01501320722201171,0.0012612785997591044,342.81
46.416,0.015577582690329071,-0.01951434597322735,0.015103207222011744,0.0006612785997591149,342.81
46.42,0.015657582690329096,-0.01951434597322735,0.015363207222011727,6.127859975912551e-05,342.81
46.424,0.016007582690329057,-0.01951434597322735,0.015443207222011751,-0.0005387214002408639,342.81
46.428,0.01617758269032906,-0.019344345973227345,0.01553320722201173,-0.0011387214002409089,342.81
46.432,0.01617758269032906,-0.019094345973227317,0.015613207222011755,-0.0016487214002408638,342.81
46.436,0.01608758269032908,-0.018914345973227303,0.01579320722201171,-0.002168721400240884,342.81
46.44,0.01608758269032908,-0.018574345973227296,0.015963207222011715,-0.0027687214002408735,342.81
46.444,0.01608758269032908,-0.018314345973227314,0.015963207222011715,-0.003368721400240863,342.81
46.448,0.01608758269032908,-0.01814434597322731,0.015873207222011736,-0.004048721400240877,342.81
46.452,0.01608758269032908,-0.017804345973227304,0.015963207222011715,-0.004738721400240901,342.81
46.456,0.01608758269032908,-0.017374345973227318,0.015963207222011715,-0.005588721400240863,342.81
46.46,0.01617758269032906,-0.01703434597322731,0.015873207222011736,-0.006278721400240887,342.81
46.464,0.016347582690329064,-0.016864345973227307,0.015873207222011736,-0.006878721400240876,342.81
46.468,0.01608758269032908,-0.016514345973227346,0.015873207222011736,-0.0073887214002408864,342.81
46.472,0.01608758269032908,-0.016094345973227314,0.015873207222011736,-0.007908721400240907,342.81
46.476,0.01608758269032908,-0.015314345973227311,0.015873207222011736,-0.008418721400240862,342.81
46.48,0.01608758269032908,-0.014544345973227318,0.015613207222011755,-0.00927872140024089,342.81
46.484,0.0158275826903291,-0.013944345973227329,0.015443207222011751,-0.0097887214002409,342.81
46.488,0.015577582690329071,-0.013263796997283332,0.015193207222011723,-0.010138721400240861,342.81
46.492,0.015317582690329089,-0.012530481665414584,0.015103207222011744,-0.010568721400240903,342.81
46.496,0.015147582690329085,-0.011765639437347842,0.01501320722201171,-0.011168721400240892,342.81
46.5,0.014977582690329082,-0.010990509772809876,0.01501320722201171,-0.011768721400240881,342.81
46.504,0.014887582690329047,-0.010226332131527446,0.014763207222011738,-0.012278721400240892,342.81
46.508,0.014547582690329096,-0.00949434597322732,0.014673207222011703,-0.012708721400240878,342.81
46.512,0.014287582690329058,-0.008804345973227351,0.01441320722201172,-0.013138721400240864,342.81
46.516,0.013947582690329051,-0.008124345973227337,0.014243207222011717,-0.013558721400240895,342.81
46.52,0.0136075826903291,-0.007434345973227313,0.01390320722201171,-0.01407872140024086,342.81
46.524,0.013177582690329058,-0.006744345973227345,0.013393207222011755,-0.014758721400240874,342.81
46.528,0.012827582690329097,-0.006064345973227331,0.012963207222011714,-0.015278721400240895,342.81
46.532,0.012577582690329069,-0.005374345973227307,0.012703207222011731,-0.015618721400240902,342.81
46.536,0.012407582690329065,-0.0046943459732273485,0.012533207222011728,-0.01595872140024091,342.81
46.54,0.011977582690329079,-0.0040043459732273246,0.01219320722201172,-0.01621872140024089,342.81
46.544,0.011457582690329059,-0.003324345973227311,0.011763207222011735,-0.016388721400240894,342.81
46.548,0.011207582690329086,-0.0026343459732273426,0.011243207222011714,-0.01673872140024091,342.81
46.552,0.011027582690329073,-0.0019543459732273287,0.010903207222011707,-0.017248721400240866,342.81
46.556,0.010687582690329066,-0.0012643459732273048,0.010473207222011722,-0.017588721400240873,342.81
46.56,0.010347582690329059,-0.0004943459732273118,0.009873207222011732,-0.017758721400240877,342.81
46.564,0.010007582690329052,0.00027565402677268115,0.009363207222011722,-0.01793872140024089,342.81
46.568,0.009827582690329094,0.0008756540267726706,0.008843207222011757,-0.01801872140024086,342.81
46.572,0.009407582690329062,0.001395654026772691,0.008413207222011715,-0.018278721400240897,342.81
46.576,0.008807582690329073,0.0019956540267726803,0.007903207222011705,-0.0184487214002409,342.81
46.58,0.008287582690329053,0.002165654026772684,0.007303207222011715,-0.018708721400240883,342.81
46.584,0.007947582690329101,0.0031056540267726802,0.006793207222011705,-0.018878721400240887,342.81
46.588,0.007687582690329063,0.0037956540267726486,0.0064432072220117435,-0.019218721400240894,342.81
46.592,0.007257582690329077,0.004135654026772656,0.005933207222011733,-0.019218721400240894,342.81
46.596,0.007257582690329077,0.0043056540267726595,0.005243207222011709,-0.019218721400240894,342.81
46.6,0.007007582690329049,0.0049956540267726834,0.004733207222011754,-0.019218721400240894,342.81
46.604,0.005977582690329074,0.005245654026772656,0.004393207222011747,-0.019218721400240894,342.81
46.608,0.00528758269032905,0.005675654026772697,0.0038732072220117267,-0.019218721400240894,342.81
46.612,0.004517582690329057,0.006195654026772662,0.0032732072220117373,-0.019218721400240894,342.81
46.616,0.0037129314543146623,0.00644565402677269,0.002763207222011727,-0.01913872140024087,342.81
46.62,0.0028722269966167495,0.006795654026772652,0.002333207222011741,-0.018878721400240887,342.81
46.624,0.002028404604302276,0.007225654026772693,0.0018232072220117305,-0.018618721400240904,342.81
46.628,0.0012143995644381981,0.007735654026772704,0.0011332072220117066,-0.018358721400240866,342.81
46.632,0.0004631471640914751,0.008245654026772659,0.0006232072220117515,-0.018108721400240894,342.81
46.636,-0.0001924173096709348,0.008505654026772697,0.00027320722201173455,-0.01793872140024089,342.81
46.64,-0.0007124173096708997,0.008845654026772704,-0.0002367927779882759,-0.017588721400240873,342.81
46.644,-0.0007124173096708997,0.00927565402677269,-0.0009267927779882443,-0.017248721400240866,342.81
46.648,-0.0006224173096709207,0.009705654026772675,-0.0014367927779882547,-0.01681872140024088,342.81
46.652,-0.0007124173096708997,0.010135654026772661,-0.0017767927779882616,-0.01630872140024087,342.81
46.656,-0.0009949738043431666,0.010475654026772668,-0.0021267927779882786,-0.015878721400240884,342.81
46.66,-0.0014705488283376317,0.01073565402677265,-0.0021267927779882786,-0.015538721400240877,342.81
46.664,-0.002095171857911601,0.010995654026772689,-0.0018667927779882961,-0.015018721400240912,342.81
46.668,-0.002838846044156567,0.011335654026772696,-0.002726792777988268,-0.014418721400240867,342.81
46.672,-0.0036664736404638174,0.011765654026772682,-0.003496792777988261,-0.01407872140024086,342.81
46.676,-0.004556576314637574,0.012195654026772668,-0.004266792777988254,-0.013648721400240874,342.81
46.68,-0.005487675734482063,0.012445654026772696,-0.005126792777988281,-0.012878721400240881,342.81
46.684,-0.00643829356780151,0.012705654026772678,-0.005636792777988292,-0.012108721400240888,342.81
46.688,-0.007386951482400135,0.013045654026772685,-0.006236792777988281,-0.011168721400240892,342.81
46.692,-0.008312171146082167,0.013305654026772668,-0.0067467927779882916,-0.010384124920191964,342.81
46.696,-0.009192474226651827,0.013475654026772671,-0.0075267927779882945,-0.009594927133966905,342.81
46.7,-0.010006382391913338,0.013735654026772653,-0.008206792777988253,-0.008803046628410067,342.81
46.704,-0.010732417309670929,0.013905654026772657,-0.008806792777988298,-0.008010401990365814,342.81
46.708,-0.011332417309670918,0.014165654026772695,-0.009496792777988266,-0.007218911806678491,342.81
46.712,-0.011932417309670908,0.014505654026772702,-0.010006792777988277,-0.006430494664192462,342.81
46.716,-0.012622417309670932,0.01467565402677265,-0.010436792777988263,-0.00564706914975208,342.81
46.72,-0.013052417309670918,0.014935654026772688,-0.011036792777988252,-0.004870553850201703,342.81
46.724,-0.013392417309670925,0.01519565402677267,-0.011546792777988263,-0.0041028673523856845,342.81
46.728,-0.013902417309670935,0.015445654026772698,-0.011976792777988248,-0.003345928243148383,342.81
46.732,-0.014592417309670903,0.015445654026772698,-0.012496792777988269,-0.0026016551093341524,342.81
46.736,-0.015102417309670914,0.015445654026772698,-0.012926792777988255,-0.0018719665377873488,342.81
46.74,-0.01545241730967093,0.015445654026772698,-0.013266792777988262,-0.001158781115352331,342.81
46.744,-0.015882417309670917,0.015445654026772698,-0.013696792777988248,-0.000464017428873451,342.81
46.748,-0.016302417309670948,0.015445654026772698,-0.01411679277798828,0.00021040593480493104,342.81
46.752,-0.016732417309670934,0.015445654026772698,-0.014466792777988296,0.0008625703888384632,342.81
46.756,-0.01716241730967092,0.015535654026772677,-0.014806792777988248,0.0014905573463827875,342.81
46.76,-0.017502417309670927,0.01579565402677266,-0.015066792777988286,0.0020924482205935463,342.81
46.764,-0.017932417309670913,0.01579565402677266,-0.015406792777988293,0.0026663244246263864,342.81
46.768,-0.0183624173096709,0.015615654026772702,-0.016096792777988263,0.0032102673716369497,342.81
46.772,-0.018532417309670902,0.015535654026772677,-0.01643679277798827,0.003722358474780884,342.81
46.776,-0.018622417309670937,0.015535654026772677,-0.016696792777988252,0.004200679147213827,342.81
46.78,-0.019132417309670947,0.015535654026772677,-0.01703679277798826,0.0046433108020914274,342.81
46.784,-0.019222417309670926,0.015535654026772677,-0.017296792777988297,0.00504833485256933,342.81
46.788,-0.01939241730967093,0.015365654026772674,-0.017376792777988266,0.005413832711803173,342.81
46.792,-0.019822417309670916,0.015105654026772691,-0.017466792777988245,0.005737885792948604,342.81
46.796,-0.019822417309670916,0.015015654026772657,-0.017716792777988273,0.006018575509161268,342.81
46.8,-0.019652417309670912,0.015015654026772657,-0.017716792777988273,0.00625398327359681,342.81
46.804,-0.019732417309670937,0.014935654026772688,-0.017806792777988252,0.00644219049941087,342.81
46.808,-0.01999241730967092,0.01467565402677265,-0.01806679277798829,0.006581278599759096,342.81
46.812,-0.0200824173096709,0.01459565402677268,-0.018236792777988294,0.0066612785997591205,342.81
46.816,-0.01999241730967092,0.014335654026772698,-0.018496792777988276,0.0070012785997591274,342.81
46.82,-0.01999241730967092,0.01407565402677266,-0.018576792777988245,0.007431278599759113,342.81
46.824,-0.01999241730967092,0.013735654026772653,-0.018576792777988245,0.00778127859975913,342.81
46.828,-0.019732417309670937,0.013475654026772671,-0.018496792777988276,0.008031278599759103,342.81
46.832,-0.019562417309670933,0.013395654026772702,-0.018576792777988245,0.008201278599759106,342.81
46.836,-0.01930241730967095,0.013045654026772685,-0.018576792777988245,0.00837127859975911,342.81
46.84,-0.019132417309670947,0.012535654026772675,-0.018576792777988245,0.008631278599759092,342.81
46.844,-0.01879241730967094,0.012105654026772689,-0.018576792777988245,0.0089712785997591,342.81
46.848,-0.018532417309670902,0.011765654026772682,-0.018496792777988276,0.00940127859975914,342.81
46.852,-0.0183624173096709,0.011415654026772665,-0.018316792777988262,0.009831278599759127,342.81
46.856,-0.018022417309670948,0.010995654026772689,-0.018236792777988294,0.01000127859975913,342.81
46.86,-0.017592417309670906,0.010565654026772703,-0.01814679277798826,0.010261278599759113,342.81
46.864,-0.01716241730967092,0.010215654026772686,-0.017716792777988273,0.010691278599759099,342.81
46.868,-0.016732417309670934,0.009795654026772654,-0.017376792777988266,0.010951278599759137,342.81
46.872,-0.016302417309670948,0.00927565402677269,-0.017296792777988297,0.011201278599759109,342.81
46.876,-0.015882417309670917,0.008765654026772679,-0.01694679277798828,0.011551278599759126,342.81
46.88,-0.015362417309670952,0.00816565402677269,-0.016606792777988273,0.011801278599759098,342.81
46.884,-0.014762417309670907,0.007645654026772669,-0.016266792777988266,0.011971278599759102,342.81
46.888,-0.014332417309670921,0.007305654026772662,-0.01583679277798828,0.012321278599759119,342.81
46.892,-0.013992417309670914,0.006875654026772676,-0.015316792777988258,0.012751278599759105,342.81
46.896,-0.013482417309670904,0.006365654026772666,-0.014806792777988248,0.013001278599759133,342.81
46.9,-0.01271241730967091,0.005765654026772676,-0.014296792777988293,0.013261278599759115,342.81
46.904,-0.012112417309670921,0.005245654026772656,-0.013696792777988248,0.013601278599759122,342.81
46.908,-0.011512417309670932,0.004735654026772701,-0.013176792777988283,0.013771278599759126,342.81
46.912,-0.010912417309670942,0.004135654026772656,-0.012666792777988272,0.014031278599759108,342.81
46.916,-0.010222417309670918,0.0036256540267727007,-0.011976792777988248,0.014371278599759115,342.81
46.92,-0.009622417309670929,0.003195654026772659,-0.011376792777988259,0.014721278599759132,342.81
46.924,-0.00902241730967094,0.0026756540267726943,-0.01077679277798827,0.014891278599759136,342.81
46.928,-0.008512417309670929,0.0019056540267727014,-0.010096792777988256,0.015151278599759118,342.81
46.932,-0.007652417309670902,0.00147565402677266,-0.009496792777988266,0.015231278599759087,342.81
46.936,-0.006882417309670909,0.0009656540267726496,-0.008806792777988298,0.015491278599759125,342.81
46.94,-0.00619241730967094,0.00036565402677266013,-0.008206792777988253,0.01566127859975913,342.81
46.944,-0.005592417309670951,-0.0001543459732273048,-0.007452559796221329,0.015751278599759107,342.81
46.948,-0.004992417309670906,-0.0006643459732273152,-0.0065972523447008925,0.016001278599759135,342.81
46.952,-0.0043924173096709165,-0.0010943459732273013,-0.005660568894511915,0.016001278599759135,342.81
46.956,-0.0037124173096709026,-0.0010043459732273223,-0.004662207916739372,0.016001278599759135,342.81
46.96,-0.003112417309670913,-0.0012643459732273048,-0.003621867882468232,0.016001278599759135,342.81
46.964,-0.0023424173096709203,-0.002124345973227332,-0.0025592472627834657,0.016001278599759135,342.81
46.968,-0.0016524173096709516,-0.002894345973227325,-0.0014940445287700485,0.016001278599759135,342.81
46.972,-0.0009624173096709277,-0.0034943459732273145,-0.0004459581515129494,0.016001278599759135,342.81
46.976,-0.0001124173096709103,-0.0040943459732273035,0.000565313397902859,0.016001278599759135,342.81
46.98,0.00048758269032907913,-0.004524345973227345,0.0015200716483924049,0.016001278599759135,342.81
46.984,0.0011775826903290475,-0.00554434597322731,0.0024123553356477567,0.015831278599759132,342.81
46.988,0.0018575826903290615,-0.006324345973227313,0.0032105242354737093,0.015751278599759107,342.81
46.992,0.0022075826903290782,-0.006834345973227324,0.0038947043217121263,0.015751278599759107,342.81
46.996,0.002547582690329085,-0.007434345973227313,0.004445021568204872,0.01566127859975913,342.81
47.0,0.002977582690329071,-0.008034345973227303,0.004823207222011733,0.015491278599759125,342.81
47.004,0.003407582690329057,-0.00889434597322733,0.004993207222011737,0.015231278599759087,342.81
47.008,0.0040075826903290465,-0.009574345973227344,0.005073207222011706,0.015151278599759118,342.81
47.012,0.004517582690329057,-0.010264345973227312,0.00516320722201174,0.014801278599759101,342.81
47.016,0.005117582690329046,-0.010694345973227298,0.00516320722201174,0.014551278599759129,342.81
47.02,0.00580758269032907,-0.011294345973227343,0.00516320722201174,0.01429127859975909,342.81
47.024,0.006147582690329077,-0.012324345973227319,0.005423207222011723,0.01395127859975914,342.81
47.028,0.006657582690329088,-0.012924345973227308,0.0057632072220117295,0.013691278599759101,342.81
47.032,0.007177582690329053,-0.013264345973227315,0.006363207222011719,0.013431278599759119,342.81
47.036,0.007777582690329098,-0.013604345973227322,0.006873207222011729,0.013091278599759112,342.81
47.04,0.008207582690329084,-0.014034345973227308,0.00739320722201175,0.012751278599759105,342.81
47.044,0.00862758269032906,-0.01446434597322735,0.00799320722201174,0.012321278599759119,342.81
47.048,0.009057582690329101,-0.014974345973227304,0.00850320722201175,0.011971278599759102,342.81
47.052,0.009577582690329066,-0.015494345973227325,0.008933207222011736,0.011461278599759091,342.81
47.056,0.010007582690329052,-0.015744345973227297,0.009273207222011743,0.010771278599759123,342.81
47.06,0.01025758269032908,-0.01617434597322734,0.009703207222011729,0.010261278599759113,342.81
47.064,0.0107775826903291,-0.016514345973227346,0.010133207222011715,0.009921278599759106,342.81
47.068,0.011207582690329086,-0.01694434597322733,0.010473207222011722,0.00940127859975914,342.81
47.072,0.011627582690329062,-0.017374345973227318,0.010903207222011707,0.008631278599759092,342.81
47.076,0.011977582690329079,-0.017804345973227304,0.011413207222011718,0.008201278599759106,342.81
47.08,0.012057582690329048,-0.01814434597322731,0.011843207222011704,0.007691278599759096,342.81
47.084,0.012407582690329065,-0.018234345973227345,0.01219320722201172,0.007091278599759106,342.81
47.088,0.012747582690329072,-0.018574345973227296,0.012613207222011752,0.006491278599759117,342.81
47.092,0.013007582690329055,-0.018834345973227334,0.013043207222011738,0.005721278599759124,342.81
47.096,0.013257582690329082,-0.019004345973227338,0.01330320722201172,0.005201278599759104,342.81
47.1,0.013687582690329068,-0.01926434597322732,0.013473207222011724,0.004601278599759114,342.81
47.104,0.014117582690329054,-0.019434345973227324,0.013813207222011731,0.004091278599759104,342.81
47.108,0.014377582690329092,-0.019604345973227327,0.014073207222011714,0.0035812785997590933,342.81
47.112,0.014547582690329096,-0.01986434597322731,0.014333207222011752,0.002891278599759125,342.81
47.116,0.014807582690329078,-0.01986434597322731,0.014593207222011734,0.0022912785997591355,342.81
47.12,0.014977582690329082,-0.01986434597322731,0.014673207222011703,0.0016912785997590903,342.81
47.124,0.015317582690329089,-0.01986434597322731,0.01501320722201171,0.0012612785997591044,342.81
47.128,0.015577582690329071,-0.019694345973227306,0.015363207222011727,0.0006612785997591149,342.81
47.132,0.015747582690329075,-0.019434345973227324,0.015443207222011751,6.127859975912551e-05,342.81
47.136,0.016007582690329057,-0.019434345973227324,0.015443207222011751,-0.00036872140024086044,342.81
47.14,0.01617758269032906,-0.019344345973227345,0.015703207222011732,-0.0008787214002408709,342.81
47.144,0.01617758269032906,-0.019094345973227317,0.015873207222011736,-0.0016487214002408638,342.81
47.148,0.01617758269032906,-0.018914345973227303,0.015963207222011715,-0.0022487214002409085,342.81
47.152,0.01617758269032906,-0.01866434597322733,0.01604320722201174,-0.002848721400240898,342.81
47.156,0.016347582690329064,-0.018574345973227296,0.01604320722201174,-0.0034487214002408874,342.81
47.16,0.016257582690329085,-0.018234345973227345,0.01604320722201174,-0.004048721400240877,342.81
47.164,0.01617758269032906,-0.017894345973227338,0.01630320722201172,-0.004648721400240866,342.81
47.168,0.01608758269032908,-0.017714345973227325,0.01630320722201172,-0.005418721400240859,342.81
47.172,0.016007582690329057,-0.017374345973227318,0.016213207222011743,-0.006188721400240908,342.81
47.176,0.015917582690329078,-0.01694434597322733,0.016133207222011718,-0.006788721400240897,342.81
47.18,0.016007582690329057,-0.016514345973227346,0.015963207222011715,-0.007308721400240862,342.81
47.184,0.01608758269032908,-0.016004345973227335,0.015963207222011715,-0.007738721400240903,342.81
47.188,0.01617758269032906,-0.015404345973227346,0.015963207222011715,-0.00816872140024089,342.81
47.192,0.01608758269032908,-0.014974345973227304,0.01579320722201171,-0.0086787214002409,342.81
47.196,0.01608758269032908,-0.014346628290977163,0.01553320722201173,-0.00927872140024089,342.81
47.2,0.015747582690329075,-0.013571162448250343,0.015363207222011727,-0.009968721400240913,342.81
47.204,0.015487582690329092,-0.012667361271972379,0.015193207222011723,-0.010818721400240875,342.81
47.208,0.015317582690329089,-0.011654637589068807,0.015193207222011723,-0.011248721400240861,342.81
47.212,0.015227582690329054,-0.010552404226465166,0.015103207222011744,-0.011588721400240868,342.81
47.216,0.01505758269032905,-0.00938007401108699,0.01501320722201171,-0.012188721400240913,342.81
47.22,0.014887582690329047,-0.008157059769859814,0.014763207222011738,-0.012708721400240878,342.81
47.224,0.014377582690329092,-0.006902774329709179,0.014503207222011755,-0.013138721400240864,342.81
47.228,0.014027582690329075,-0.005636630517560618,0.014163207222011748,-0.013558721400240895,342.81
47.232,0.013777582690329047,-0.004378041160339666,0.013813207222011731,-0.013988721400240881,342.81
47.236,0.013517582690329065,-0.0031464190849718643,0.013393207222011755,-0.014508721400240902,342.81
47.24,0.013177582690329058,-0.001961177118382744,0.013043207222011738,-0.015108721400240891,342.81
47.244,0.012917582690329076,-0.0008417280874978443,0.012873207222011735,-0.015618721400240902,342.81
47.248,0.012577582690329069,0.00019251518075730104,0.012533207222011728,-0.01595872140024091,342.81
47.252,0.012317582690329086,0.0011307720502821985,0.01219320722201172,-0.01630872140024087,342.81
47.256,0.011977582690329079,0.0019432445839828063,0.011843207222011704,-0.016558721400240898,342.81
47.26,0.011547582690329093,0.0026099509151706435,0.011413207222011718,-0.01690872140024086,342.81
47.264,0.011207582690329086,0.0031109091771572227,0.010993207222011742,-0.017248721400240866,342.81
47.268,0.011117582690329052,0.0034261375032540553,0.010473207222011722,-0.017588721400240873,342.81
47.272,0.0107775826903291,0.003535654026772666,0.010043207222011736,-0.017758721400240877,342.81
47.276,0.010177582690329055,0.0034660243971430366,0.009533207222011725,-0.01801872140024086,342.81
47.28,0.009827582690329094,0.0032919503230689636,0.008933207222011736,-0.018108721400240894,342.81
47.284,0.009487582690329087,0.003065654026772668,0.008593207222011729,-0.018358721400240866,342.81
47.288,0.00914758269032908,0.0028393577304763724,0.008163207222011743,-0.01853872140024088,342.81
47.292,0.008807582690329073,0.0026652836564022993,0.007643207222011722,-0.018788721400240908,342.81
47.296,0.008457582690329056,0.0025956540267726698,0.006873207222011729,-0.01895872140024091,342.81
47.3,0.007777582690329098,0.0032756540267726837,0.0064432072220117435,-0.019218721400240894,342.81
47.304,0.007177582690329053,0.003195654026772659,0.005933207222011733,-0.019308721400240873,342.81
47.308,0.007007582690329049,0.0033892269104304255,0.00516320722201174,-0.019388721400240897,342.81
47.312,0.006487582690329084,0.003893087254477511,0.004733207222011754,-0.019308721400240873,342.81
47.316,0.005977582690329074,0.004591947598524598,0.004393207222011747,-0.019308721400240873,342.81
47.32,0.005637582690329067,0.005370520482182365,0.0038732072220117267,-0.019308721400240873,342.81
47.324,0.005117582690329046,0.006113518445061497,0.003193207222011713,-0.019308721400240873,342.81
47.328,0.00441836555338655,0.006705654026772673,0.002673207222011748,-0.019388721400240897,342.81
47.332,0.0035757345487530236,0.007135654026772659,0.002333207222011741,-0.01904872140024089,342.81
47.336,0.002662340510677152,0.007305654026772662,0.0018232072220117305,-0.01853872140024088,342.81
47.34,0.001750834273407623,0.007645654026772669,0.0011332072220117066,-0.018358721400240866,342.81
47.344,0.0009138666711931208,0.007995654026772686,0.0006232072220117515,-0.018108721400240894,342.81
47.348,0.0002240885382823307,0.00816565402677269,0.00027320722201173455,-0.01801872140024086,342.81
47.352,-0.0002824173096709138,0.008505654026772697,-0.0002367927779882759,-0.017678721400240908,342.81
47.356,-0.0005424173096709518,0.008845654026772704,-0.0010067927779882687,-0.017248721400240866,342.81
47.36,-0.0009063315498518073,0.00927565402677269,-0.0014367927779882547,-0.01690872140024086,342.81
47.364,-0.0013468610624671128,0.009705654026772675,-0.0018667927779882961,-0.016478721400240873,342.81
47.368,-0.0018598701211367727,0.010135654026772661,-0.0024667927779882855,-0.016048721400240887,342.81
47.372,-0.0024412229994806916,0.010475654026772668,-0.0028067927779882925,-0.01570872140024088,342.81
47.376,-0.0030867839711187757,0.010905654026772654,-0.0028967927779882715,-0.015278721400240895,342.81
47.38,-0.003792417309670927,0.011335654026772696,-0.0033267927779882574,-0.014678721400240905,342.81
47.384,-0.0047324173096709235,0.011765654026772682,-0.003836792777988268,-0.014418721400240867,342.81
47.388,-0.005512417309670926,0.012105654026772689,-0.004436792777988257,-0.013738721400240909,342.81
47.392,-0.00619241730967094,0.012275654026772692,-0.005036792777988247,-0.012878721400240881,342.81
47.396,-0.007052417309670912,0.012615654026772699,-0.005636792777988292,-0.012188721400240913,342.81
47.4,-0.007732417309670926,0.01296565402677266,-0.006236792777988281,-0.011508721400240899,342.81
47.404,-0.008512417309670929,0.013045654026772685,-0.0067467927779882916,-0.010838415600915025,342.81
47.408,-0.009112417309670919,0.013475654026772671,-0.0075267927779882945,-0.010137286621526836,342.81
47.412,-0.009792417309670932,0.013815654026772678,-0.008296792777988287,-0.00940909240722581,342.81
47.416,-0.010562417309670925,0.013905654026772657,-0.008896792777988277,-0.008657590903161429,342.81
47.42,-0.01125241730967095,0.014165654026772695,-0.009496792777988266,-0.007886540054483172,342.81
47.424,-0.011762417309670904,0.014335654026772698,-0.009926792777988252,-0.007099697806340514,342.81
47.428,-0.012192417309670946,0.01467565402677265,-0.010526792777988297,-0.006300822103882934,342.81
47.432,-0.01271241730967091,0.015105654026772691,-0.011126792777988287,-0.005493670892259911,342.81
47.436,-0.013392417309670925,0.01519565402677267,-0.011546792777988263,-0.004682002116620925,342.81
47.44,-0.013902417309670935,0.01519565402677267,-0.011976792777988248,-0.003869573722115453,342.81
47.444,-0.014252417309670952,0.015445654026772698,-0.012496792777988269,-0.0030601436538929723,342.81
47.448,-0.014592417309670903,0.015445654026772698,-0.012926792777988255,-0.002257469857102965,342.81
47.452,-0.015022417309670945,0.015535654026772677,-0.013346792777988286,-0.0014653102768949074,342.81
47.456,-0.0155324173096709,0.01570565402677268,-0.013776792777988272,-0.0006874228584182762,342.81
47.46,-0.01605241730967092,0.015535654026772677,-0.01411679277798828,7.243445317744687e-05,342.81
47.464,-0.01665241730967091,0.015535654026772677,-0.014466792777988296,0.000810503712742784,342.81
47.468,-0.01716241730967092,0.015535654026772677,-0.014806792777988248,0.0015230269751282572,342.81
47.472,-0.017502417309670927,0.015535654026772677,-0.015146792777988255,0.0022062462951843893,342.81
47.476,-0.017852417309670944,0.015615654026772702,-0.015496792777988272,0.002856403727761701,342.81
47.48,-0.018102417309670917,0.015875654026772684,-0.016096792777988263,0.003469741327710713,342.81
47.484,-0.0183624173096709,0.015875654026772684,-0.01643679277798827,0.004042501149881946,342.81
47.488,-0.018452417309670933,0.01579565402677266,-0.016696792777988252,0.004570925249125926,342.81
47.492,-0.01879241730967094,0.015535654026772677,-0.01694679277798828,0.0050512556802931674,342.81
47.496,-0.019132417309670947,0.015535654026772677,-0.01703679277798826,0.005479734498234197,342.81
47.5,-0.01930241730967095,0.015445654026772698,-0.01703679277798826,0.005852603757799536,342.81
47.504,-0.019562417309670933,0.01519565402677267,-0.017206792777988263,0.0061661055138397,342.81
47.508,-0.019652417309670912,0.015105654026772691,-0.017376792777988266,0.006416481821205222,342.81
47.512,-0.01990241730967094,0.014935654026772688,-0.01763679277798825,0.006599974734746614,342.81
47.516,-0.0200824173096709,0.01467565402677265,-0.017806792777988252,0.006712826309314397,342.81
47.52,-0.020162417309670923,0.01459565402677268,-0.01806679277798829,0.0067512785997590995,342.81
47.524,-0.020252417309670902,0.014415654026772667,-0.018236792777988294,0.0067512785997590995,342.81
47.528,-0.0200824173096709,0.014505654026772702,-0.018316792777988262,0.0070012785997591274,342.81
47.532,-0.0200824173096709,0.014245654026772664,-0.018576792777988245,0.007431278599759113,342.81
47.536,-0.0200824173096709,0.013905654026772657,-0.018576792777988245,0.00778127859975913,342.81
47.54,-0.01999241730967092,0.01356565402677265,-0.018576792777988245,0.008121278599759137,342.81
47.544,-0.019732417309670937,0.013135654026772664,-0.018496792777988276,0.00829127859975914,342.81
47.548,-0.019562417309670933,0.01296565402677266,-0.018576792777988245,0.008461278599759089,342.81
47.552,-0.019222417309670926,0.012705654026772678,-0.018576792777988245,0.008721278599759127,342.81
47.556,-0.019132417309670947,0.012535654026772675,-0.018496792777988276,0.009061278599759134,342.81
47.56,-0.01879241730967094,0.012195654026772668,-0.018316792777988262,0.00940127859975914,342.81
47.564,-0.0183624173096709,0.011675654026772703,-0.018236792777988294,0.009751278599759102,342.81
47.568,-0.017932417309670913,0.011245654026772661,-0.01806679277798829,0.010091278599759109,342.81
47.572,-0.01776241730967091,0.010905654026772654,-0.017806792777988252,0.010351278599759092,342.81
47.576,-0.017502417309670927,0.010565654026772703,-0.017716792777988273,0.010691278599759099,342.81
47.58,-0.01716241730967092,0.010045654026772682,-0.017376792777988266,0.010951278599759137,342.81
47.584,-0.01656241730967093,0.009365654026772668,-0.01703679277798826,0.011201278599759109,342.81
47.588,-0.01596241730967094,0.008845654026772704,-0.016866792777988256,0.011551278599759126,342.81
47.592,-0.01545241730967093,0.008415654026772662,-0.016516792777988294,0.011801278599759098,342.81
47.596,-0.015022417309670945,0.007995654026772686,-0.016176792777988287,0.012151278599759115,342.81
47.6,-0.014682417309670938,0.007475654026772666,-0.015746792777988246,0.012401278599759088,342.81
47.604,-0.014162417309670917,0.006875654026772676,-0.015406792777988293,0.012751278599759105,342.81
47.608,-0.013562417309670928,0.00644565402677269,-0.014976792777988251,0.013001278599759133,342.81
47.612,-0.013052417309670918,0.006025654026772659,-0.014296792777988293,0.013261278599759115,342.81
47.616,-0.012452417309670928,0.005425654026772669,-0.013696792777988248,0.013601278599759122,342.81
47.62,-0.011852417309670939,0.00482565402677268,-0.013176792777988283,0.013861278599759105,342.81
47.624,-0.011332417309670918,0.0043056540267726595,-0.012836792777988276,0.014031278599759108,342.81
47.628,-0.010732417309670929,0.003875654026772673,-0.012236792777988286,0.01429127859975909,342.81
47.632,-0.01013241730967094,0.003445654026772687,-0.011376792777988259,0.014371278599759115,342.81
47.636,-0.009362417309670946,0.0028456540267726978,-0.010696792777988245,0.014721278599759132,342.81
47.64,-0.008762417309670902,0.0023356540267726873,-0.010006792777988277,0.015061278599759139,342.81
47.644,-0.008162417309670912,0.0018256540267726769,-0.009496792777988266,0.015321278599759122,342.81
47.648,-0.007652417309670902,0.001135654026772653,-0.008817887112345843,0.01566127859975913,342.81
47.652,-0.006882417309670909,0.0006256540267726981,-0.008017741389934534,0.01592127859975911,342.81
47.656,-0.006112417309670916,0.00010565402677267766,-0.007115916699645405,0.016091278599759114,342.81
47.66,-0.005422417309670947,-0.0004943459732273118,-0.006131974130369513,0.016091278599759114,342.81
47.664,-0.0048224173096709025,-0.0009243459732272977,-0.005085474770997921,0.016001278599759135,342.81
47.668,-0.003962417309670931,-0.0010943459732273013,-0.003995979710421691,0.015831278599759132,342.81
47.672,-0.0032824173096709167,-0.0012643459732273048,-0.0028830500375318833,0.016001278599759135,342.81
47.676,-0.0026824173096709272,-0.0016943459732273462,-0.0017662468412195588,0.016001278599759135,342.81
47.68,-0.0019924173096709033,-0.002464345973227339,-0.0006651312103757792,0.016001278599759135,342.81
47.684,-0.0012224173096709102,-0.002804345973227346,0.0004007357661083942,0.016001278599759135,342.81
47.688,-0.0003624173096709383,-0.003574345973227339,0.0014117929993418977,0.016001278599759135,342.81
47.692,0.00040758269032905464,-0.004524345973227345,0.0023484794004336755,0.016001278599759135,342.81
47.696,0.0010075826903290996,-0.005294345973227338,0.003191233880492662,0.01592127859975911,342.81
47.7,0.001607582690329089,-0.005974345973227296,0.003920495350627797,0.015751278599759107,342.81
47.704,0.0018575826903290615,-0.00666434597322732,0.00449053968224573,0.015751278599759107,342.81
47.708,0.0023775826903290817,-0.007344345973227334,0.004874732119682838,0.01566127859975913,342.81
47.712,0.002547582690329085,-0.008204345973227306,0.005073207222011706,0.015491278599759125,342.81
47.716,0.002977582690329071,-0.008804345973227351,0.004993207222011737,0.015231278599759087,342.81
47.72,0.003657582690329085,-0.00949434597322732,0.004903207222011702,0.015061278599759139,342.81
47.724,0.0042575826903290745,-0.010094345973227309,0.004903207222011702,0.014721278599759132,342.81
47.728,0.004947582690329098,-0.010864345973227302,0.004823207222011733,0.014461278599759094,342.81
47.732,0.005377582690329084,-0.011544345973227316,0.004903207222011702,0.01429127859975909,342.81
47.736,0.005887582690329095,-0.012064345973227336,0.005243207222011709,0.01395127859975914,342.81
47.74,0.006577582690329063,-0.012404345973227343,0.005593207222011726,0.013601278599759122,342.81
47.744,0.007087582690329074,-0.012924345973227308,0.0061032072220117365,0.013261278599759115,342.81
47.748,0.007437582690329091,-0.013604345973227322,0.006703207222011726,0.013091278599759112,342.81
47.752,0.007857582690329067,-0.014034345973227308,0.007223207222011746,0.012751278599759105,342.81
47.756,0.008287582690329053,-0.01446434597322735,0.007733207222011757,0.012321278599759119,342.81
47.76,0.008717582690329094,-0.014974345973227304,0.008163207222011743,0.011801278599759098,342.81
47.764,0.00914758269032908,-0.015314345973227311,0.008763207222011732,0.011371278599759112,342.81
47.768,0.009487582690329087,-0.015664345973227328,0.009273207222011743,0.010771278599759123,342.81
47.772,0.009917582690329073,-0.016094345973227314,0.009703207222011729,0.010261278599759113,342.81
47.776,0.010347582690329059,-0.016604345973227325,0.010133207222011715,0.009831278599759127,342.81
47.78,0.0107775826903291,-0.01703434597322731,0.010473207222011722,0.009231278599759137,342.81
47.784,0.011207582690329086,-0.017374345973227318,0.010903207222011707,0.008631278599759092,342.81
47.788,0.011547582690329093,-0.017714345973227325,0.011413207222011718,0.008201278599759106,342.81
47.792,0.011977582690329079,-0.01814434597322731,0.011843207222011704,0.007691278599759096,342.81
47.796,0.012407582690329065,-0.018494345973227327,0.01219320722201172,0.0070012785997591274,342.81
47.8,0.012657582690329093,-0.01866434597322733,0.012443207222011749,0.006401278599759138,342.81
47.804,0.012827582690329097,-0.018914345973227303,0.012703207222011731,0.005801278599759093,342.81
47.808,0.013177582690329058,-0.01917434597322734,0.013043207222011738,0.005291278599759138,342.81
47.812,0.0136075826903291,-0.019434345973227324,0.01330320722201172,0.004781278599759128,342.81
47.816,0.013947582690329051,-0.01951434597322735,0.013813207222011731,0.004181278599759138,342.81
47.82,0.014207582690329089,-0.01977434597322733,0.014163207222011748,0.0035812785997590933,342.81
47.824,0.014547582690329096,-0.01977434597322733,0.014333207222011752,0.002981278599759104,342.81
47.828,0.014807582690329078,-0.01986434597322731,0.014593207222011734,0.002551278599759118,342.81
47.832,0.014977582690329082,-0.019944345973227334,0.014673207222011703,0.0020312785997590975,342.81
47.836,0.015227582690329054,-0.01986434597322731,0.01501320722201171,0.0012612785997591044,342.81
47.84,0.015407582690329068,-0.01986434597322731,0.015363207222011727,0.0007512785997590939,342.81
47.844,0.015657582690329096,-0.01986434597322731,0.015443207222011751,0.0001512785997591045,342.81
47.848,0.0158275826903291,-0.019694345973227306,0.015703207222011732,-0.00036872140024086044,342.81
47.852,0.01608758269032908,-0.019434345973227324,0.01579320722201171,-0.0008787214002408709,342.81
47.856,0.01608758269032908,-0.01926434597322732,0.015873207222011736,-0.0016487214002408638,342.81
47.86,0.01608758269032908,-0.019094345973227317,0.015963207222011715,-0.002078721400240905,342.81
47.864,0.01608758269032908,-0.019004345973227338,0.015963207222011715,-0.00258872140024086,342.81
47.868,0.01608758269032908,-0.0187443459732273,0.015963207222011715,-0.003368721400240863,342.81
47.872,0.01608758269032908,-0.018494345973227327,0.016213207222011743,-0.00421872140024088,342.81
47.876,0.016257582690329085,-0.01814434597322731,0.01630320722201172,-0.004908721400240904,342.81
47.88,0.016347582690329064,-0.017804345973227304,0.016213207222011743,-0.005508721400240894,342.81
47.884,0.01617758269032906,-0.017374345973227318,0.016213207222011743,-0.006278721400240887,342.81
47.888,0.016347582690329064,-0.01694434597322733,0.01630320722201172,-0.0069687214002409105,342.81
47.892,0.01642758269032909,-0.016694345973227304,0.016213207222011743,-0.0073887214002408864,342.81
47.896,0.016347582690329064,-0.016264345973227318,0.01604320722201174,-0.007738721400240903,342.81
47.9,0.016007582690329057,-0.015494345973227325,0.015873207222011736,-0.00816872140024089,342.81
47.904,0.015747582690329075,-0.014894345973227335,0.01579320722201171,-0.008768721400240879,342.81
47.908,0.015657582690329096,-0.014544345973227318,0.01553320722201173,-0.009368721400240868,342.81
47.912,0.015657582690329096,-0.014114345973227332,0.015363207222011727,-0.009968721400240913,342.81
47.916,0.015487582690329092,-0.013501802326796469,0.015193207222011723,-0.010648721400240872,342.81
47.92,0.015227582690329054,-0.012752379631882556,0.015273207222011748,-0.011168721400240892,342.81
47.924,0.015147582690329085,-0.011886077372867504,0.015103207222011744,-0.011508721400240899,342.81
47.928,0.014887582690329047,-0.010922895034133231,0.01501320722201171,-0.012188721400240913,342.81
47.932,0.014807582690329078,-0.009882832100061648,0.014763207222011738,-0.012708721400240878,342.81
47.936,0.014547582690329096,-0.008785888055034672,0.014593207222011734,-0.013138721400240864,342.81
47.94,0.014287582690329058,-0.007652062383434211,0.014243207222011717,-0.013558721400240895,342.81
47.944,0.013947582690329051,-0.006501354569642181,0.013993207222011745,-0.013908721400240912,342.81
47.948,0.0136075826903291,-0.005353764098040497,0.013733207222011707,-0.014418721400240867,342.81
47.952,0.013177582690329058,-0.00422929045301107,0.013393207222011755,-0.015018721400240912,342.81
47.956,0.012827582690329097,-0.003147933118935814,0.012963207222011714,-0.015538721400240877,342.81
47.96,0.012577582690329069,-0.0021296915801966468,0.012613207222011752,-0.01595872140024091,342.81
47.964,0.012407582690329065,-0.0011945653211754745,0.01219320722201172,-0.01621872140024089,342.81
47.968,0.012147582690329083,-0.0003625538262542154,0.011763207222011735,-0.016478721400240873,342.81
47.972,0.011807582690329076,0.00033012067509260795,0.011413207222011718,-0.01690872140024086,342.81
47.976,0.011287582690329055,0.0008552470090131275,0.010993207222011742,-0.0173387214002409,342.81
47.98,0.011117582690329052,0.001188843112524009,0.010473207222011722,-0.017588721400240873,342.81
47.984,0.0107775826903291,0.0013056540267726564,0.010043207222011736,-0.017758721400240877,342.81
47.988,0.010427582690329083,0.001045654026772674,0.009703207222011729,-0.01801872140024086,342.81
47.992,0.010087582690329076,0.0005356540267726636,0.009273207222011743,-0.018188721400240863,342.81
47.996,0.009827582690329094,0.0005356540267726636,0.008673207222011753,-0.0184487214002409,342.81
48.0,0.009487582690329087,0.0007956540267727016,0.008163207222011743,-0.018618721400240904,342.81
48.004,0.008977582690329076,0.001395654026772691,0.007643207222011722,-0.018878721400240887,342.81
48.008,0.008287582690329053,0.0019056540267727014,0.007133207222011712,-0.018878721400240887,342.81
48.012,0.007857582690329067,0.0025956540267726698,0.0064432072220117435,-0.018878721400240887,342.81
48.016,0.007607582690329094,0.0037056540267726697,0.005933207222011733,-0.01913872140024087,342.81
48.02,0.007437582690329091,0.0043056540267726595,0.005503207222011747,-0.019218721400240894,342.81
48.024,0.007087582690329074,0.0046456540267726665,0.004903207222011702,-0.019218721400240894,342.81
48.028,0.006487582690329084,0.004905654026772649,0.004473207222011716,-0.019308721400240873,342.81
48.032,0.005852295228856849,0.00533565402677269,0.003963207222011706,-0.019388721400240897,342.81
48.036,0.0052060795538551394,0.006025654026772659,0.0033632072220117163,-0.019308721400240873,342.81
48.04,0.004539075356107222,0.006625654026772704,0.002763207222011727,-0.019218721400240894,342.81
48.044,0.0038414223263963636,0.006965654026772655,0.002333207222011741,-0.018878721400240887,342.81
48.048,0.003103260155505832,0.0075656540267727,0.001903207222011755,-0.01853872140024088,342.81
48.052,0.002314728534218896,0.007815654026772673,0.0013932072220117445,-0.0184487214002409,342.81
48.056,0.0013992857410787987,0.008075654026772655,0.000793207222011755,-0.01801872140024086,342.81
48.06,0.0005765749238274444,0.008335654026772693,0.00027320722201173455,-0.017678721400240908,342.81
48.064,-0.0001124173096709103,0.008595654026772676,-6.679277798827242e-05,-0.017508721400240904,342.81
48.068,-0.0006224173096709207,0.008935654026772683,-0.0004967927779882584,-0.017158721400240887,342.81
48.072,-0.0006224173096709207,0.00927565402677269,-0.0010967927779882477,-0.01681872140024088,342.81
48.076,-0.0007444256572109688,0.009705654026772675,-0.0016967927779882926,-0.016388721400240894,342.81
48.08,-0.0010863085178398869,0.010135654026772661,-0.0022067927779882476,-0.01595872140024091,342.81
48.084,-0.0016118526185708367,0.010565654026772703,-0.002636792777988289,-0.015448721400240898,342.81
48.088,-0.002284844686416979,0.010995654026772689,-0.002726792777988268,-0.014848721400240909,342.81
48.092,-0.0030690714483914763,0.011415654026772665,-0.002636792777988289,-0.014418721400240867,342.81
48.096,-0.00392831963150749,0.011765654026772682,-0.003406792777988282,-0.01407872140024086,342.81
48.1,-0.004826375962778179,0.011935654026772685,-0.00409679277798825,-0.01347872140024087,342.81
48.104,-0.005727027169216709,0.012195654026772668,-0.004696792777988295,-0.012958721400240906,342.81
48.108,-0.006594059977836238,0.012535654026772675,-0.005466792777988288,-0.012278721400240892,342.81
48.112,-0.00739126111564993,0.012795654026772657,-0.005896792777988274,-0.011588721400240868,342.81
48.116,-0.008082417309670943,0.013045654026772685,-0.006406792777988285,-0.011078721400240913,342.81
48.12,-0.008682417309670933,0.013395654026772702,-0.0071767927779882775,-0.010648721400240872,342.81
48.124,-0.009362417309670946,0.013645654026772674,-0.00794679277798827,-0.010138721400240861,342.81
48.128,-0.009962417309670936,0.013905654026772657,-0.00854679277798826,-0.009618721400240896,342.81
48.132,-0.010732417309670929,0.014165654026772695,-0.00906679277798828,-0.009108721400240886,342.81
48.136,-0.011332417309670918,0.014245654026772664,-0.00966679277798827,-0.008588721400240865,342.81
48.14,-0.011932417309670908,0.014505654026772702,-0.01017679277798828,-0.00807872140024091,342.81
48.144,-0.012532417309670953,0.014765654026772684,-0.010946792777988273,-0.0075687214002409,342.81
48.148,-0.013052417309670918,0.015105654026772691,-0.011546792777988263,-0.0070487214002408795,342.81
48.152,-0.013482417309670904,0.015365654026772674,-0.012066792777988283,-0.006538721400240869,342.81
48.156,-0.01382241730967091,0.015445654026772698,-0.01240679277798829,-0.006018721400240904,342.81
48.16,-0.014252417309670952,0.015445654026772698,-0.012836792777988276,-0.005508721400240894,342.81
48.164,-0.014762417309670907,0.015445654026772698,-0.013176792777988283,-0.004988721400240873,342.81
48.168,-0.01545241730967093,0.015445654026772698,-0.013346792777988286,-0.004478721400240863,342.81
48.172,-0.01596241730967094,0.015445654026772698,-0.013696792777988248,-0.003968721400240908,342.81
48.176,-0.016302417309670948,0.015615654026772702,-0.01411679277798828,-0.0034487214002408874,342.81
48.18,-0.016732417309670934,0.015875654026772684,-0.014466792777988296,-0.002938721400240877,342.81
48.184,-0.01716241730967092,0.016045654026772688,-0.014896792777988282,-0.002418721400240912,342.81
48.188,-0.017502417309670927,0.016045654026772688,-0.015236792777988289,-0.0019087214002409018,342.81
48.192,-0.017932417309670913,0.015875654026772684,-0.015496792777988272,-0.0013987214002408913,342.81
48.196,-0.0183624173096709,0.01570565402677268,-0.016006792777988284,-0.0008787214002408709,342.81
48.2,-0.018532417309670902,0.015535654026772677,-0.01634679277798829,-0.00017649929786187155,342.81
48.204,-0.018532417309670902,0.015535654026772677,-0.01643679277798827,0.0006613446576910558,342.81
48.208,-0.01879241730967094,0.015535654026772677,-0.016776792777988277,0.0015947355266318429,342.81
48.212,-0.018962417309670944,0.015535654026772677,-0.016866792777988256,0.0025835983691744214,342.81
48.216,-0.019132417309670947,0.015445654026772698,-0.01694679277798828,0.003587858245532723,342.81
48.22,-0.019222417309670926,0.01519565402677267,-0.017116792777988284,0.00456744021592068,342.81
48.224,-0.019652417309670912,0.015105654026772691,-0.017376792777988266,0.005552162438142921,342.81
48.228,-0.01990241730967094,0.015015654026772657,-0.017466792777988245,0.00615127859975911,342.81
48.232,-0.019732417309670937,0.015105654026772691,-0.017716792777988273,0.006401278599759138,342.81
48.236,-0.019732417309670937,0.014935654026772688,-0.017976792777988256,0.006581278599759096,342.81
48.24,-0.01990241730967094,0.01467565402677265,-0.018236792777988294,0.0070012785997591274,342.81
48.244,-0.01990241730967094,0.01459565402677268,-0.018316792777988262,0.007431278599759113,342.81
48.248,-0.01999241730967092,0.014245654026772664,-0.018316792777988262,0.007691278599759096,342.81
48.252,-0.01999241730967092,0.013905654026772657,-0.018316792777988262,0.008031278599759103,342.81
48.256,-0.019732417309670937,0.013475654026772671,-0.018576792777988245,0.00829127859975914,342.81
48.26,-0.019562417309670933,0.013215654026772689,-0.018576792777988245,0.008551278599759123,342.81
48.264,-0.01930241730967095,0.012875654026772682,-0.018576792777988245,0.008631278599759092,342.81
48.268,-0.019132417309670947,0.012535654026772675,-0.018496792777988276,0.0089712785997591,342.81
48.272,-0.01879241730967094,0.012195654026772668,-0.018316792777988262,0.00940127859975914,342.81
48.276,-0.018532417309670902,0.011765654026772682,-0.018236792777988294,0.009751278599759102,342.81
48.28,-0.0183624173096709,0.011415654026772665,-0.01806679277798829,0.009921278599759106,342.81
48.284,-0.018022417309670948,0.010995654026772689,-0.017806792777988252,0.010261278599759113,342.81
48.288,-0.017592417309670906,0.010565654026772703,-0.017716792777988273,0.01060127859975912,342.81
48.292,-0.01716241730967092,0.010135654026772661,-0.017466792777988245,0.010951278599759137,342.81
48.296,-0.016732417309670934,0.009705654026772675,-0.017206792777988263,0.011201278599759109,342.81
48.3,-0.016392417309670927,0.009365654026772668,-0.016866792777988256,0.011551278599759126,342.81
48.304,-0.01596241730967094,0.008845654026772704,-0.016516792777988294,0.01172127859975913,342.81
48.308,-0.015362417309670952,0.00816565402677269,-0.016176792777988287,0.011971278599759102,342.81
48.312,-0.014762417309670907,0.007645654026772669,-0.01583679277798828,0.012321278599759119,342.81
48.316,-0.014332417309670921,0.007225654026772693,-0.015496792777988272,0.012661278599759126,342.81
48.32,-0.013902417309670935,0.006795654026772652,-0.014896792777988282,0.01283127859975913,342.81
48.324,-0.013302417309670946,0.006275654026772687,-0.014466792777988296,0.013171278599759136,342.81
48.328,-0.01271241730967091,0.005675654026772697,-0.014036792777988255,0.013431278599759119,342.81
48.332,-0.012112417309670921,0.005245654026772656,-0.013696792777988248,0.013601278599759122,342.81
48.336,-0.011512417309670932,0.004735654026772701,-0.013176792777988283,0.01395127859975914,342.81
48.34,-0.011082417309670946,0.0039656540267726526,-0.01240679277798829,0.014201278599759112,342.81
48.344,-0.010562417309670925,0.003535654026772666,-0.011636792777988297,0.014461278599759094,342.81
48.348,-0.009882417309670911,0.003195654026772659,-0.011036792777988252,0.014801278599759101,342.81
48.352,-0.009282417309670922,0.0026756540267726943,-0.010436792777988263,0.015061278599759139,342.81
48.356,-0.008512417309670929,0.0019956540267726803,-0.009926792777988252,0.015231278599759087,342.81
48.36,-0.007822417309670905,0.00147565402677266,-0.009406792777988287,0.015491278599759125,342.81
48.364,-0.007052417309670912,0.0009656540267726496,-0.008636792777988294,0.015491278599759125,342.81
48.368,-0.006362417309670944,0.00027565402677268115,-0.00794679277798827,0.01566127859975913,342.81
48.372,-0.00568241730967093,-0.0003243459732273083,-0.0075267927779882945,0.01592127859975911,342.81
48.376,-0.004992417309670906,-0.0008343459732273187,-0.0067467927779882916,0.016001278599759135,342.81
48.38,-0.0043924173096709165,-0.0010043459732273223,-0.005896792777988274,0.016001278599759135,342.81
48.384,-0.0037124173096709026,-0.0011743459732273258,-0.005023465379368633,0.016001278599759135,342.81
48.388,-0.003112417309670913,-0.001551005162870758,-0.004135239960596253,0.016001278599759135,342.81
48.392,-0.0023424173096709203,-0.002152401687086946,-0.0032394226348710226,0.016001278599759135,342.81
48.396,-0.0017424173096709306,-0.0028984847880532912,-0.002343319515392823,0.016001278599759135,342.81
48.4,-0.0010524173096709067,-0.0037092037079471973,-0.0014542367153615424,0.016001278599759135,342.81
48.404,-0.0001124173096709103,-0.0045045076889460665,-0.0005794803479770662,0.016001278599759135,342.81
48.408,0.00048758269032907913,-0.005204345973227303,0.00027320722201173455,0.016091278599759114,342.81
48.412,0.0010875826903290686,-0.005804345973227348,0.0010432072220117276,0.016091278599759114,342.81
48.416,0.0014375826903290855,-0.006404345973227338,0.001643207222011717,0.015831278599759132,342.81
48.42,0.001947582690329096,-0.007344345973227334,0.001993207222011734,0.015751278599759107,342.81
48.424,0.0022075826903290782,-0.008204345973227306,0.002333207222011741,0.015751278599759107,342.81
48.428,0.002637582690329064,-0.008804345973227351,0.002673207222011748,0.015571278599759094,342.81
48.432,0.0032375826903290536,-0.00940434597322734,0.0030232072220117093,0.015321278599759122,342.81
48.436,0.0038375826903290985,-0.009924345973227305,0.003443207222011741,0.015151278599759118,342.81
48.44,0.004517582690329057,-0.010434345973227316,0.0037932072220117023,0.014801278599759101,342.81
48.444,0.005037582690329077,-0.011204345973227309,0.004223207222011744,0.01429127859975909,342.81
48.448,0.005457582690329053,-0.011974345973227302,0.004823207222011733,0.013861278599759105,342.81
48.452,0.006057582690329098,-0.012404345973227343,0.005333207222011744,0.013601278599759122,342.81
48.456,0.006577582690329063,-0.012924345973227308,0.005933207222011733,0.013431278599759119,342.81
48.46,0.007007582690329049,-0.013514345973227343,0.0064432072220117435,0.013091278599759112,342.81
48.464,0.007347582690329056,-0.014034345973227308,0.006963207222011708,0.012661278599759126,342.81
48.468,0.007857582690329067,-0.014544345973227318,0.007563207222011753,0.012321278599759119,342.81
48.472,0.008287582690329053,-0.014974345973227304,0.00799320722201174,0.011971278599759102,342.81
48.476,0.008717582690329094,-0.015314345973227311,0.008593207222011729,0.011551278599759126,342.81
48.48,0.00914758269032908,-0.015664345973227328,0.009193207222011718,0.011031278599759105,342.81
48.484,0.009487582690329087,-0.016094345973227314,0.009703207222011729,0.010521278599759095,342.81
48.488,0.009917582690329073,-0.016514345973227346,0.010133207222011715,0.009921278599759106,342.81
48.492,0.010347582690329059,-0.016864345973227307,0.010473207222011722,0.00940127859975914,342.81
48.496,0.0107775826903291,-0.01729434597322735,0.010903207222011707,0.0089712785997591,342.81
48.5,0.011207582690329086,-0.017804345973227304,0.011413207222011718,0.00829127859975914,342.81
48.504,0.011547582690329093,-0.01814434597322731,0.011843207222011704,0.007691278599759096,342.81
48.508,0.011977582690329079,-0.018314345973227314,0.012103207222011742,0.00726127859975911,342.81
48.512,0.012407582690329065,-0.01866434597322733,0.012533207222011728,0.0066612785997591205,342.81
48.516,0.012657582690329093,-0.018914345973227303,0.012873207222011735,0.00615127859975911,342.81
48.52,0.012827582690329097,-0.019094345973227317,0.013213207222011742,0.005381278599759117,342.81
48.524,0.013177582690329058,-0.019344345973227345,0.013473207222011724,0.004951278599759131,342.81
48.528,0.013687582690329068,-0.019434345973227324,0.013813207222011731,0.004431278599759111,342.81
48.532,0.014027582690329075,-0.01951434597322735,0.014163207222011748,0.003751278599759097,342.81
48.536,0.014207582690329089,-0.01977434597322733,0.014333207222011752,0.0031512785997591074,342.81
48.54,0.014457582690329061,-0.01977434597322733,0.014673207222011703,0.002551278599759118,342.81
48.544,0.0147175826903291,-0.01977434597322733,0.014933207222011741,0.0020312785997590975,342.81
48.548,0.014977582690329082,-0.01986434597322731,0.015193207222011723,0.0015212785997590868,342.81
48.552,0.015227582690329054,-0.019944345973227334,0.015363207222011727,0.0008312785997591184,342.81
48.556,0.015407582690329068,-0.01986434597322731,0.015443207222011751,0.000231278599759129,342.81
48.56,0.015657582690329096,-0.019604345973227327,0.015703207222011732,-0.00036872140024086044,342.81
48.564,0.015747582690329075,-0.01951434597322735,0.01579320722201171,-0.0008787214002408709,342.81
48.568,0.016007582690329057,-0.019344345973227345,0.015873207222011736,-0.0013987214002408913,342.81
48.572,0.016007582690329057,-0.019094345973227317,0.01604320722201174,-0.0019987214002408805,342.81
48.576,0.016007582690329057,-0.018914345973227303,0.016213207222011743,-0.002508721400240891,342.81
48.58,0.01617758269032906,-0.01866434597322733,0.01630320722201172,-0.0030187214002409014,342.81
48.584,0.016347582690329064,-0.018574345973227296,0.01630320722201172,-0.003618721400240891,342.81
48.588,0.016257582690329085,-0.018234345973227345,0.016213207222011743,-0.00421872140024088,342.81
48.592,0.01617758269032906,-0.017714345973227325,0.01630320722201172,-0.005168721400240887,342.81
48.596,0.01617758269032906,-0.017374345973227318,0.01630320722201172,-0.005768721400240876,342.81
48.6,0.016347582690329064,-0.01729434597322735,0.01630320722201172,-0.00644872140024089,342.81
48.604,0.01642758269032909,-0.01703434597322731,0.01630320722201172,-0.0070487214002408795,342.81
48.608,0.016347582690329064,-0.016604345973227325,0.01630320722201172,-0.0075687214002409,342.81
48.612,0.01608758269032908,-0.016094345973227314,0.016213207222011743,-0.007908721400240907,342.81
48.616,0.01608758269032908,-0.015314345973227311,0.016213207222011743,-0.008508721400240896,342.81
48.62,0.01608758269032908,-0.014544345973227318,0.015963207222011715,-0.009108721400240886,342.81
48.624,0.016007582690329057,-0.014034345973227308,0.01579320722201171,-0.0097887214002409,342.81
48.628,0.015747582690329075,-0.013604345973227322,0.01553320722201173,-0.010308721400240865,342.81
48.632,0.015487582690329092,-0.013102159349315426,0.01553320722201173,-0.01090872140024091,342.81
48.636,0.015227582690329054,-0.012575963269407723,0.01553320722201173,-0.011768721400240881,342.81
48.64,0.015147582690329085,-0.012027072207569862,0.015363207222011727,-0.012108721400240888,342.81
48.644,0.014887582690329047,-0.011456800637867484,0.015103207222011744,-0.012448721400240895,342.81
48.648,0.0147175826903291,-0.010866463034366237,0.014933207222011741,-0.013048721400240885,342.81
48.652,0.014377582690329092,-0.010257373871131759,0.014593207222011734,-0.01347872140024087,342.81
48.656,0.014117582690329054,-0.009630847622229701,0.014163207222011748,-0.013908721400240912,342.81
48.66,0.013857582690329072,-0.008988198761725708,0.01390320722201171,-0.014248721400240864,342.81
48.664,0.013517582690329065,-0.00833074176368542,0.013733207222011707,-0.014678721400240905,342.81
48.668,0.013177582690329058,-0.007659791102174485,0.013393207222011755,-0.01518872140024086,342.81
48.672,0.012827582690329097,-0.006976661251258546,0.013043207222011738,-0.015618721400240902,342.81
48.676,0.012577582690329069,-0.0062826666850032496,0.012533207222011728,-0.01595872140024091,342.81
48.68,0.012317582690329086,-0.005579121877474238,0.012103207222011742,-0.016388721400240894,342.81
48.684,0.0118875826903291,-0.004867341302737157,0.011763207222011735,-0.01681872140024088,342.81
48.688,0.011457582690329059,-0.004148639434857651,0.011333207222011749,-0.017078721400240863,342.81
48.692,0.011287582690329055,-0.0034243307479013643,0.010903207222011707,-0.017248721400240866,342.81
48.696,0.011117582690329052,-0.002695729715933942,0.010563207222011756,-0.017588721400240873,342.81
48.7,0.010687582690329066,-0.001964150813021028,0.010213207222011739,-0.01793872140024089,342.81
48.704,0.010087582690329076,-0.0012309085132282674,0.009703207222011729,-0.018108721400240894,342.81
48.708,0.00965758269032909,-0.0004973172906213048,0.009013207222011705,-0.018358721400240866,342.81
48.712,0.009487582690329087,0.00023530838073421644,0.00850320722201175,-0.0184487214002409,342.81
48.716,0.00914758269032908,0.0009656540267726496,0.008163207222011743,-0.018708721400240883,342.81
48.72,0.00862758269032906,0.0017356540267726979,0.007643207222011722,-0.018878721400240887,342.81
48.724,0.008287582690329053,0.002165654026772684,0.006873207222011729,-0.018878721400240887,342.81
48.728,0.008207582690329084,0.0029356540267726767,0.0064432072220117435,-0.018878721400240887,342.81
48.732,0.007947582690329101,0.003195654026772659,0.005933207222011733,-0.01913872140024087,342.81
48.736,0.007347582690329056,0.003445654026772687,0.005333207222011744,-0.019308721400240873,342.81
48.74,0.006657582690329088,0.0039656540267726526,0.004823207222011733,-0.019388721400240897,342.81
48.744,0.006147582690329077,0.004735654026772701,0.004303207222011713,-0.019308721400240873,342.81
48.748,0.00580758269032907,0.005595654026772673,0.0037932072220117023,-0.019308721400240873,342.81
48.752,0.005284471919072772,0.006275654026772687,0.003193207222011713,-0.019218721400240894,342.81
48.756,0.0046064670250708754,0.006705654026772673,0.002763207222011727,-0.01895872140024091,342.81
48.76,0.0038191718317594683,0.006965654026772655,0.0021632072220117374,-0.018788721400240908,342.81
48.764,0.0029681901625746394,0.007305654026772662,0.001563207222011748,-0.0184487214002409,342.81
48.768,0.002099125840952478,0.007645654026772669,0.0011332072220117066,-0.018108721400240894,342.81
48.772,0.001257582690329072,0.008075654026772655,0.0007032072220117205,-0.01784872140024091,342.81
48.776,0.00040758269032905464,0.008505654026772697,0.00010320722201173106,-0.017588721400240873,342.81
48.78,-0.0001924173096709348,0.008935654026772683,-0.0004967927779882584,-0.017158721400240887,342.81
48.784,-0.0002824173096709138,0.009365654026772668,-0.0009267927779882443,-0.01673872140024091,342.81
48.788,-0.0005219726320146616,0.009795654026772654,-0.0013567927779882857,-0.016478721400240873,342.81
48.792,-0.0009453522730775126,0.010135654026772661,-0.001956792777988275,-0.016048721400240887,342.81
48.796,-0.0015053213971170166,0.0103956540267727,-0.0025567927779882645,-0.015618721400240902,342.81
48.8,-0.0021546451683907234,0.010565654026772703,-0.0028967927779882715,-0.015018721400240912,342.81
48.804,-0.0028460887511561825,0.010905654026772654,-0.0028967927779882715,-0.014508721400240902,342.81
48.808,-0.0035324173096709446,0.011415654026772665,-0.002976792777988296,-0.014338721400240898,342.81
48.812,-0.0043124173096709476,0.01184565402677265,-0.003746792777988289,-0.013818721400240878,342.81
48.816,-0.005252417309670944,0.012105654026772689,-0.004436792777988257,-0.013138721400240864,342.81
48.82,-0.006022417309670937,0.012275654026772692,-0.005036792777988247,-0.01245524769283287,342.81
48.824,-0.006712417309670905,0.012705654026772678,-0.005546792777988257,-0.01173780954037071,342.81
48.828,-0.007482417309670954,0.01296565402677266,-0.00632679277798826,-0.010990229223584048,342.81
48.832,-0.008162417309670912,0.013305654026772668,-0.007006792777988274,-0.010216329023202545,342.81
48.836,-0.008852417309670936,0.01356565402677265,-0.007866792777988246,-0.009419931219955865,342.81
48.84,-0.00953241730967095,0.013905654026772657,-0.008296792777988287,-0.008604858094573668,342.81
48.844,-0.010312417309670953,0.01407565402677266,-0.008806792777988298,-0.007774931927785623,342.81
48.848,-0.010652417309670904,0.014245654026772664,-0.009406792777988287,-0.006933975000321389,342.81
48.852,-0.01125241730967095,0.014505654026772702,-0.010006792777988277,-0.006085809592910631,342.81
48.856,-0.011852417309670939,0.014765654026772684,-0.010606792777988266,-0.00523425798628301,342.81
48.86,-0.012532417309670953,0.015015654026772657,-0.011126792777988287,-0.004383142461168187,342.81
48.864,-0.013052417309670918,0.01519565402677267,-0.011726792777988276,-0.00353628529829583,342.81
48.868,-0.013562417309670928,0.015365654026772674,-0.012066792777988283,-0.0026975087783956,342.81
48.872,-0.013902417309670935,0.015535654026772677,-0.012496792777988269,-0.0018706351821971585,342.81
48.876,-0.014252417309670952,0.015875654026772684,-0.012926792777988255,-0.0010594867904301704,342.81
48.88,-0.014762417309670907,0.015875654026772684,-0.013176792777988283,-0.00026788588382429764,342.81
48.884,-0.01545241730967093,0.01579565402677266,-0.013606792777988269,0.0005003452568907972,342.81
48.888,-0.01596241730967094,0.01570565402677268,-0.014036792777988255,0.00124138435098545,342.81
48.892,-0.016302417309670948,0.015875654026772684,-0.014546792777988265,,342.81
48.896,-0.01665241730967091,0.015875654026772684,-0.014896792777988282,,342.81
48.9,-0.01708241730967095,0.015875654026772684,-0.015146792777988255,,342.81
48.904,-0.017592417309670906,0.015965654026772663,-0.015666792777988277,,342.81
48.908,-0.018022417309670948,0.016135654026772667,-0.01583679277798828,,342.81
48.912,-0.01828241730967093,0.01630565402677267,-0.01591679277798825,,342.81
48.916,-0.0183624173096709,0.01621565402677269,-0.01634679277798829,,342.81
48.92,-0.018452417309670933,0.015965654026772663,-0.016516792777988294,,342.81
48.924,-0.018702417309670906,0.015615654026772702,-0.016606792777988273,,342.81
48.928,-0.018962417309670944,0.015615654026772702,-0.016866792777988256,,342.81
48.932,-0.019132417309670947,0.015535654026772677,-0.017116792777988284,,342.81
48.936,-0.019222417309670926,0.015105654026772691,-0.017376792777988266,,342.81
48.94,-0.019562417309670933,0.015105654026772691,-0.01754679277798827,,342.81
48.944,-0.019732417309670937,0.015275654026772695,-0.017806792777988252,,342.81
48.948,-0.01990241730967094,0.015105654026772691,-0.017896792777988287,,342.81
48.952,-0.01990241730967094,0.014935654026772688,-0.018236792777988294,,342.81
48.956,-0.01990241730967094,0.01467565402677265,-0.018406792777988297,,342.81
48.96,-0.01999241730967092,0.014335654026772698,-0.018496792777988276,,342.81
48.964,-0.01999241730967092,0.014165654026772695,-0.018576792777988245,,342.81
48.968,-0.019732417309670937,0.013815654026772678,-0.018576792777988245,,342.81
48.972,-0.019562417309670933,0.01356565402677265,-0.018576792777988245,,342.81
48.976,-0.01930241730967095,0.013305654026772668,-0.018576792777988245,,342.81
48.98,-0.019132417309670947,0.01296565402677266,-0.018576792777988245,,342.81
48.984,-0.01888241730967092,0.012615654026772699,-0.018496792777988276,,342.81
48.988,-0.018702417309670906,0.012195654026772668,-0.018316792777988262,,342.81
48.992,-0.0183624173096709,0.011765654026772682,-0.01814679277798826,,342.81
48.996,-0.017932417309670913,0.011415654026772665,-0.01806679277798829,,342.81
49.0,-0.017592417309670906,0.010995654026772689,-0.017806792777988252,,342.81
49.004,-0.01716241730967092,0.010475654026772668,-0.017716792777988273,,342.81
49.008,-0.01665241730967091,0.010045654026772682,-0.017466792777988245,,342.81
49.012,-0.016222417309670924,0.009615654026772696,-0.017376792777988266,,342.81
49.016,-0.015882417309670917,0.009015654026772651,-0.01703679277798826,,342.81
49.02,-0.01545241730967093,0.008505654026772697,-0.016516792777988294,,342.81
49.024,-0.015022417309670945,0.008075654026772655,-0.016096792777988263,,342.81
49.028,-0.014682417309670938,0.0075656540267727,-0.015746792777988246,,342.81
49.032,-0.014252417309670952,0.006965654026772655,-0.015316792777988258,,342.81
49.036,-0.013652417309670907,0.00644565402677269,-0.014896792777988282,,342.81
49.04,-0.013132417309670942,0.00593565402677268,-0.014466792777988296,,342.81
49.044,-0.012532417309670953,0.005505654026772694,-0.013946792777988276,,342.81
49.048,-0.011852417309670939,0.004905654026772649,-0.013266792777988262,,342.81
49.052,-0.011332417309670918,0.004395654026772694,-0.012576792777988293,,342.81
49.056,-0.010732417309670929,0.0039656540267726526,-0.012066792777988283,,342.81
49.06,-0.010222417309670918,0.0033656540267726627,-0.011466792777988294,,342.81
49.064,-0.009622417309670929,0.0027656540267726733,-0.010866792777988249,,342.81
49.068,-0.00902241730967094,0.0023356540267726873,-0.01026679277798826,,342.81
49.072,-0.008512417309670929,0.0018256540267726769,-0.00966679277798827,,342.81
49.076,-0.007822417309670905,0.0012256540267726874,-0.00906679277798828,,342.81
49.08,-0.007132417309670937,0.0007956540267727016,-0.008466792777988291,,342.81
49.084,-0.006282417309670919,0.00027565402677268115,-0.007866792777988246,,342.81
49.088,-0.00568241730967093,-0.0004943459732273118,-0.007117473549866706,,342.81
49.092,-0.0048224173096709025,-0.0010043459732273223,-0.0062580946520567155,,342.81
49.096,-0.004132417309670934,-0.0013543459732273393,-0.005338554334334195,,342.81
49.1,-0.0035324173096709446,-0.0016043459732273118,-0.004408750846475068,,342.81
49.104,-0.0028292218699177453,-0.002124345973227332,-0.0035185824382552525,,342.81
49.108,-0.002034427254661706,-0.0026343459732273426,-0.0027179473594506733,,342.81
49.112,-0.001218191477455914,-0.0034943459732273145,-0.002036792777988244,,342.81
49.116,-0.00045067255185345947,-0.004264345973227307,-0.0015267927779882891,,342.81
49.12,0.0001979715085925688,-0.0048643459732272964,-0.0010067927779882687,,342.81
49.124,0.0006575826903290826,-0.005464345973227341,-0.0004067927779882794,,342.81
49.128,0.0009175826903290651,-0.006064345973227331,0.00019320722201171005,,342.81
49.132,0.001257582690329072,-0.006744345973227345,0.000793207222011755,,342.81
49.136,0.001687582690329058,-0.007524345973227348,0.0013932072220117445,,342.81
49.14,0.0022075826903290782,-0.00837434597322731,0.002073207222011703,,342.81
49.144,0.0028075826903290677,-0.009064345973227333,0.002763207222011727,,342.81
49.148,0.003407582690329057,-0.009574345973227344,0.00353320722201172,,342.81
49.152,0.004087582690329071,-0.010094345973227309,0.004133207222011709,,342.81
49.156,0.0046075826903290915,-0.010774345973227323,0.004303207222011713,,342.81
49.16,0.005117582690329046,-0.011544345973227316,0.004563207222011751,,342.81
49.164,0.005717582690329091,-0.012064345973227336,0.00516320722201174,,342.81
49.168,0.006147582690329077,-0.012664345973227326,0.0057632072220117295,,342.81
49.172,0.006577582690329063,-0.013264345973227315,0.006363207222011719,,342.81
49.176,0.00691758269032907,-0.013694345973227301,0.006963207222011708,,342.81
49.18,0.007437582690329091,-0.014114345973227332,0.007643207222011722,,342.81
49.184,0.008207582690329084,-0.01446434597322735,0.00799320722201174,,342.81
49.188,0.008717582690329094,-0.0148043459732273,0.008413207222011715,,342.81
49.192,0.00914758269032908,-0.015234345973227342,0.008843207222011757,,342.81
49.196,0.009487582690329087,-0.01583434597322733,0.009363207222011722,,342.81
49.2,0.009917582690329073,-0.01617434597322734,0.009963207222011711,,342.81
49.204,0.010347582690329059,-0.016514345973227346,0.010473207222011722,,342.81
49.208,0.0107775826903291,-0.01694434597322733,0.010993207222011742,,342.81
49.212,0.011207582690329086,-0.017374345973227318,0.011333207222011749,,342.81
49.216,0.01137758269032909,-0.017714345973227325,0.011763207222011735,,342.81
49.22,0.011627582690329062,-0.01806434597322734,0.01219320722201172,,342.81
49.224,0.011977582690329079,-0.018314345973227314,0.012443207222011749,,342.81
49.228,0.012407582690329065,-0.01866434597322733,0.012703207222011731,,342.81
49.232,0.012747582690329072,-0.018914345973227303,0.013043207222011738,,342.81
49.236,0.013177582690329058,-0.018914345973227303,0.013393207222011755,,342.81
49.24,0.013517582690329065,-0.019094345973227317,0.013813207222011731,,342.81
49.244,0.013777582690329047,-0.019344345973227345,0.014163207222011748,,342.81
49.248,0.014117582690329054,-0.019434345973227324,0.014333207222011752,,342.81
49.252,0.014377582690329092,-0.019434345973227324,0.014673207222011703,,342.81
49.256,0.014457582690329061,-0.01951434597322735,0.01501320722201171,,342.81
49.26,0.0147175826903291,-0.019694345973227306,0.015363207222011727,,342.81
49.264,0.014887582690329047,-0.01951434597322735,0.015613207222011755,,342.81
49.268,0.015227582690329054,-0.019344345973227345,0.015873207222011736,,342.81
49.272,0.015577582690329071,-0.019344345973227345,0.015963207222011715,,342.81
49.276,0.015747582690329075,-0.019434345973227324,0.016213207222011743,,342.81
49.28,0.016007582690329057,-0.019344345973227345,0.01630320722201172,,342.81
49.284,0.016007582690329057,-0.019094345973227317,0.016213207222011743,,342.81
49.288,0.016007582690329057,-0.018914345973227303,0.01630320722201172,,342.81
49.292,0.015917582690329078,-0.01866434597322733,0.016213207222011743,,342.81
49.296,0.015917582690329078,-0.018574345973227296,0.0163932072220117,,342.81
49.3,0.01617758269032906,-0.018234345973227345,0.01664320722201173,,342.81
49.304,0.01617758269032906,-0.017894345973227338,0.016733207222011708,,342.81
49.308,0.01617758269032906,-0.017714345973227325,0.016733207222011708,,342.81
49.312,0.01608758269032908,-0.017374345973227318,0.016733207222011708,,342.81
49.316,0.01608758269032908,-0.01694434597322733,0.016563207222011704,,342.81
49.32,0.01608758269032908,-0.016514345973227346,0.01630320722201172,,342.81
49.324,0.01608758269032908,-0.016004345973227335,0.016213207222011743,,342.81
49.328,0.01617758269032906,-0.015404345973227346,0.01630320722201172,,342.81
49.332,0.01608758269032908,-0.014974345973227304,0.016133207222011718,,342.81
49.336,0.01608758269032908,-0.014374345973227315,0.015873207222011736,,342.81
49.34,0.015747582690329075,-0.013774345973227325,0.01579320722201171,,342.81
49.344,0.015487582690329092,-0.013174345973227336,0.015703207222011732,,342.81
49.348,0.015317582690329089,-0.012546145292852097,0.01579320722201171,,342.81
49.352,0.015227582690329054,-0.011909394624015577,0.01553320722201173,,342.81
49.356,0.014977582690329082,-0.011264727383797529,0.015363207222011727,,342.81
49.36,0.0147175826903291,-0.01061277698927769,0.01501320722201171,,342.81
49.364,0.014457582690329061,-0.009954176857535815,0.014593207222011734,,342.81
49.368,0.014377582690329092,-0.009289560405651652,0.014243207222011717,,342.81
49.372,0.014027582690329075,-0.008619561050704942,0.014073207222011714,,342.81
49.376,0.0136075826903291,-0.007944812209775437,0.013733207222011707,,342.81
49.38,0.013177582690329058,-0.007265947299942885,0.013393207222011755,,342.81
49.384,0.012917582690329076,-0.00658359973828703,0.013133207222011717,,342.81
49.388,0.01248758269032909,-0.005898402941887623,0.01279320722201171,,342.81
49.392,0.012147582690329083,-0.005210990327824409,0.012273207222011745,,342.81
49.396,0.0118875826903291,-0.004521995313177135,0.011843207222011704,,342.81
49.4,0.011457582690329059,-0.0038320513150255516,0.011593207222011731,,342.81
49.404,0.011207582690329086,-0.0031417917504494024,0.011163207222011745,,342.81
49.408,0.010687582690329066,-0.0024518500365284363,0.010563207222011756,,342.81
49.412,0.010347582690329059,-0.0017628595903423998,0.010213207222011739,,342.81
49.416,0.01025758269032908,-0.0010754538289710412,0.009793207222011708,,342.81
49.42,0.009917582690329073,-0.00039026616949410984,0.009273207222011743,,342.81
49.424,0.00965758269032909,0.0002920699710086508,0.008763207222011732,,342.81
49.428,0.009487582690329087,0.0009709211754574918,0.008163207222011743,,342.81
49.432,0.00914758269032908,0.0016456540267726634,0.007643207222011722,,342.81
49.436,0.00854758269032909,0.002378159453929045,0.007043207222011733,,342.81
49.44,0.007947582690329101,0.003182610234932965,0.0064432072220117435,,342.81
49.444,0.00751758269032906,0.003986795726251856,0.0061032072220117365,,342.81
49.448,0.007087582690329074,0.004718505284353153,0.005593207222011726,,342.81
49.452,0.006747582690329067,0.005305528265704289,0.004903207222011702,,342.81
49.456,0.006487582690329084,0.005675654026772697,0.004393207222011747,,342.81
49.46,0.006057582690329098,0.005845654026772701,0.003963207222011706,,342.81
49.464,0.005457582690329053,0.006105654026772683,0.0033632072220117163,,342.81
49.468,0.004733942194004029,0.00644565402677269,0.002763207222011727,,342.81
49.472,0.0039194174857414,0.006875654026772676,0.002333207222011741,,342.81
49.476,0.003059346563379693,0.007305654026772662,0.001993207222011734,,342.81
49.48,0.0021990674247574374,0.007735654026772704,0.0014732072220117135,,342.81
49.484,0.001383918067713161,0.007995654026772686,0.000793207222011755,,342.81
49.488,0.0006592364900853914,0.008075654026772655,0.00027320722201173455,,342.81
49.492,5.7582690329093184e-05,0.008415654026772662,-0.0002367927779882759,,342.81
49.496,-0.0002824173096709138,0.008845654026772704,-0.0006667927779882618,,342.81
49.5,-0.0002824173096709138,0.00927565402677269,-0.0012667927779882512,,342.81
49.504,-0.0004122817041116837,0.009705654026772675,-0.0017767927779882616,,342.81
49.508,-0.0007746018232380964,0.010215654026772686,-0.0022067927779882476,,342.81
49.512,-0.0013284680707563049,0.010645654026772672,-0.002726792777988268,,342.81
49.516,-0.002032970850372463,0.010995654026772689,-0.003198312320870486,,342.81
49.52,-0.0028308220388339623,0.011335654026772696,-0.0036380034315680494,,342.81
49.524,-0.0036945895398580314,0.011595654026772678,-0.004065281571354784,,342.81
49.528,-0.0045904530854492176,0.01184565402677265,-0.004499562201504517,,342.81
49.532,-0.005484592407612066,0.012195654026772668,-0.004960260783291077,,342.81
49.536,-0.006343187238351122,0.012535654026772675,-0.005466792777988288,,342.81
49.54,-0.007132417309670937,0.012795654026772657,-0.006066792777988278,,342.81
49.544,-0.007822417309670905,0.013045654026772685,-0.0067467927779882916,,342.81
49.548,-0.008512417309670929,0.013395654026772702,-0.00743679277798826,,342.81
49.552,-0.009112417309670919,0.013645654026772674,-0.008126792777988284,,342.81
49.556,-0.009712417309670908,0.013905654026772657,-0.008636792777988294,,342.81
49.56,-0.01013241730967094,0.014245654026772664,-0.00914679277798825,,342.81
49.564,-0.010912417309670942,0.014505654026772702,-0.00966679277798827,,342.81
49.568,-0.011762417309670904,0.01467565402677265,-0.010436792777988263,,342.81
49.572,-0.012192417309670946,0.014935654026772688,-0.011126792777988287,,342.81
49.576,-0.01271241730967091,0.015105654026772691,-0.011636792777988297,,342.81
49.58,-0.013302417309670946,0.015365654026772674,-0.012066792777988283,,342.81
49.584,-0.01382241730967091,0.015445654026772698,-0.012496792777988269,,342.81
49.588,-0.014252417309670952,0.015615654026772702,-0.012926792777988255,,342.81
49.592,-0.014682417309670938,0.01579565402677266,-0.013176792777988283,,342.81
49.596,-0.015102417309670914,0.01579565402677266,-0.013346792777988286,,342.81
49.6,-0.0155324173096709,0.01579565402677266,-0.013696792777988248,,342.81
49.604,-0.01596241730967094,0.01579565402677266,-0.01411679277798828,,342.81
49.608,-0.016302417309670948,0.015875654026772684,-0.014466792777988296,,342.81
49.612,-0.016732417309670934,0.015965654026772663,-0.014896792777988282,,342.81
49.616,-0.01716241730967092,0.015875654026772684,-0.015236792777988289,,342.81
49.62,-0.017592417309670906,0.015875654026772684,-0.015406792777988293,,342.81
49.624,-0.017932417309670913,0.015875654026772684,-0.016006792777988284,,342.81
49.628,-0.01819241730967095,0.015875654026772684,-0.01643679277798827,,342.81
49.632,-0.018702417309670906,0.015965654026772663,-0.016516792777988294,,342.81
49.636,-0.018962417309670944,0.016045654026772688,-0.016516792777988294,,342.81
49.64,-0.019052417309670923,0.015615654026772702,-0.016606792777988273,,342.81
49.644,-0.019132417309670947,0.015535654026772677,-0.016866792777988256,,342.81
49.648,-0.019222417309670926,0.015445654026772698,-0.01703679277798826,,342.81
49.652,-0.01948241730967091,0.015365654026772674,-0.017296792777988297,,342.81
49.656,-0.019652417309670912,0.015445654026772698,-0.017376792777988266,,342.81
49.66,-0.019732417309670937,0.015275654026772695,-0.01763679277798825,,342.81
49.664,-0.019732417309670937,0.014765654026772684,-0.017716792777988273,,342.81
49.668,-0.01990241730967094,0.01467565402677265,-0.017806792777988252,,342.81
49.672,-0.0200824173096709,0.01459565402677268,-0.01806679277798829,,342.81
49.676,-0.0200824173096709,0.014335654026772698,-0.01814679277798826,,342.81
49.68,-0.01990241730967094,0.01407565402677266,-0.01814679277798826,,342.81
49.684,-0.019652417309670912,0.013645654026772674,-0.01814679277798826,,342.81
49.688,-0.019562417309670933,0.013215654026772689,-0.018236792777988294,,342.81
49.692,-0.01930241730967095,0.012875654026772682,-0.018236792777988294,,342.81
49.696,-0.019132417309670947,0.012535654026772675,-0.018236792777988294,,342.81
49.7,-0.01888241730967092,0.012195654026772668,-0.01814679277798826,,342.81
49.704,-0.018702417309670906,0.01184565402677265,-0.01806679277798829,,342.81
49.708,-0.0183624173096709,0.011675654026772703,-0.017806792777988252,,342.81
49.712,-0.018022417309670948,0.011335654026772696,-0.017716792777988273,,342.81
49.716,-0.017592417309670906,0.010905654026772654,-0.017466792777988245,,342.81
49.72,-0.01716241730967092,0.010305654026772665,-0.017376792777988266,,342.81
49.724,-0.016732417309670934,0.009795654026772654,-0.01703679277798826,,342.81
49.728,-0.016392417309670927,0.00927565402677269,-0.016696792777988252,,342.81
49.732,-0.01596241730967094,0.008845654026772704,-0.01643679277798827,,342.81
49.736,-0.0155324173096709,0.008335654026772693,-0.016096792777988263,,342.81
49.74,-0.015022417309670945,0.007735654026772704,-0.015746792777988246,,342.81
49.744,-0.0144224173096709,0.007305654026772662,-0.015406792777988293,,342.81
49.748,-0.013902417309670935,0.006875654026772676,-0.014976792777988251,,342.81
49.752,-0.013482417309670904,0.006275654026772687,-0.014546792777988265,,342.81
49.756,-0.012962417309670939,0.005675654026772697,-0.01411679277798828,,342.81
49.76,-0.012282417309670925,0.005165654026772687,-0.01351679277798829,,342.81
49.764,-0.011682417309670935,0.004735654026772701,-0.012746792777988297,,342.81
49.768,-0.011082417309670946,0.0042256540267726905,-0.012066792777988283,,342.81
49.772,-0.010562417309670925,0.0036256540267727007,-0.011466792777988294,,342.81
49.776,-0.009792417309670932,0.003195654026772659,-0.010866792777988249,,342.81
49.78,-0.009362417309670946,0.0026756540267726943,-0.01026679277798826,,342.81
49.784,-0.008762417309670902,0.0019056540267727014,-0.00966679277798827,,342.81
49.788,-0.00791241730967094,0.00147565402677266,-0.00906679277798828,,342.81
49.792,-0.007222417309670916,0.0009656540267726496,-0.008466792777988291,,342.81
49.796,-0.006452417309670923,0.00036565402677266013,-0.007866792777988246,,342.81
49.8,-0.005762417309670899,-0.0001543459732273048,-0.0071767927779882775,,342.81
49.804,-0.0051624173096709094,-0.0007543459732273497,-0.006576792777988288,,342.81
49.808,-0.00456241730967092,-0.0013543459732273393,-0.005896792777988274,,342.81
49.812,-0.003962417309670931,-0.0016943459732273462,-0.005036792777988247,,342.81
49.816,-0.003112417309670913,-0.0018643459732273497,-0.0041731062612097875,,342.81
49.82,-0.0024224173096709448,-0.0022943459732273357,-0.0032927582982492046,,342.81
49.824,-0.0018224173096708996,-0.002894345973227325,-0.002418850928776627,,342.81
49.828,-0.0009624173096709277,-0.0034943459732273145,-0.001574486192462191,,342.81
49.832,-0.0003624173096709383,-0.004264345973227307,-0.0007827661289760286,,342.81
49.836,0.00040758269032905464,-0.005124345973227334,-6.679277798827242e-05,,342.81
49.84,0.0009175826903290651,-0.005634345973227345,0.000533207222011717,,342.81
49.844,0.001347582690329051,-0.006234345973227334,0.0010432072220117276,,342.81
49.848,0.0017775826903290925,-0.006924345973227303,0.001563207222011748,,342.81
49.852,0.0021175826903290992,-0.00777434597322732,0.002073207222011703,,342.81
49.856,0.002547582690329085,-0.008464345973227344,0.0025932072220117234,,342.81
49.86,0.0031475826903290746,-0.008974345973227299,0.003193207222011713,,342.81
49.864,0.003657582690329085,-0.009574345973227344,0.0037032072220117233,,342.81
49.868,0.0042575826903290745,-0.010434345973227316,0.004133207222011709,,342.81
49.872,0.004947582690329098,-0.01112434597322734,0.00464320722201172,,342.81
49.876,0.005377582690329084,-0.011544345973227316,0.004993207222011737,,342.81
49.88,0.005887582690329095,-0.012064345973227336,0.005503207222011747,,342.81
49.884,0.006577582690329063,-0.01274434597322735,0.006023207222011712,,342.81
49.888,0.007007582690329049,-0.013264345973227315,0.0064432072220117435,,342.81
49.892,0.007347582690329056,-0.013694345973227301,0.007043207222011733,,342.81
49.896,0.007857582690329067,-0.014114345973227332,0.007563207222011753,,342.81
49.9,0.008287582690329053,-0.01446434597322735,0.008163207222011743,,342.81
49.904,0.008717582690329094,-0.0148043459732273,0.008843207222011757,,342.81
49.908,0.00914758269032908,-0.015234345973227342,0.009273207222011743,,342.81
49.912,0.009487582690329087,-0.015744345973227297,0.009703207222011729,,342.81
49.916,0.009917582690329073,-0.01617434597322734,0.010133207222011715,,342.81
49.92,0.010347582690329059,-0.016514345973227346,0.010563207222011756,,342.81
49.924,0.0107775826903291,-0.01694434597322733,0.010993207222011742,,342.81
49.928,0.011207582690329086,-0.017374345973227318,0.011243207222011714,,342.81
49.932,0.011547582690329093,-0.0176343459732273,0.011763207222011735,,342.81
49.936,0.011977582690329079,-0.017804345973227304,0.012273207222011745,,342.81
49.94,0.012407582690329065,-0.01814434597322731,0.012703207222011731,,342.81
49.944,0.012747582690329072,-0.018494345973227327,0.012963207222011714,,342.81
49.948,0.013007582690329055,-0.01866434597322733,0.013393207222011755,,342.81
49.952,0.013257582690329082,-0.018914345973227303,0.013733207222011707,,342.81
49.956,0.013687582690329068,-0.019004345973227338,0.01390320722201171,,342.81
49.96,0.014027582690329075,-0.01926434597322732,0.014163207222011748,,342.81
49.964,0.014207582690329089,-0.019434345973227324,0.014503207222011755,,342.81
49.968,0.014457582690329061,-0.019434345973227324,0.014763207222011738,,342.81
49.972,0.0147175826903291,-0.019344345973227345,0.015103207222011744,,342.81
49.976,0.014977582690329082,-0.019434345973227324,0.015363207222011727,,342.81
49.98,0.015317582690329089,-0.019434345973227324,0.01553320722201173,,342.81
49.984,0.015577582690329071,-0.019434345973227324,0.01579320722201171,,342.81
49.988,0.015657582690329096,-0.019344345973227345,0.015963207222011715,,342.81
49.992,0.015747582690329075,-0.01926434597322732,0.016213207222011743,,342.81
49.996,0.016007582690329057,-0.019094345973227317,0.016213207222011743,,342.81
50.0,0.016007582690329057,-0.019004345973227338,0.01630320722201172,,342.81
50.004,0.01608758269032908,-0.0187443459732273,0.01630320722201172,,342.81
50.008,0.016257582690329085,-0.018494345973227327,0.01630320722201172,,342.81
50.012,0.01617758269032906,-0.01814434597322731,0.0163932072220117,,342.81
50.016,0.01617758269032906,-0.017894345973227338,0.01664320722201173,,342.81
50.02,0.01617758269032906,-0.017804345973227304,0.01664320722201173,,342.81
50.024,0.01608758269032908,-0.017464345973227297,0.01664320722201173,,342.81
50.028,0.01608758269032908,-0.01703434597322731,0.01664320722201173,,342.81
50.032,0.01617758269032906,-0.016604345973227325,0.016563207222011704,,342.81
50.036,0.01642758269032909,-0.01617434597322734,0.0163932072220117,,342.81
50.04,0.016347582690329064,-0.01557434597322735,0.0163932072220117,,342.81
50.044,0.01617758269032906,-0.014974345973227304,0.01630320722201172,,342.81
50.048,0.01617758269032906,-0.014544345973227318,0.01604320722201174,,342.81
50.052,0.016007582690329057,-0.014114345973227332,0.015963207222011715,,342.81
50.056,0.015747582690329075,-0.013604345973227322,0.015873207222011736,,342.81
50.06,0.015577582690329071,-0.012929626868430952,0.015613207222011755,,342.81
50.064,0.015317582690329089,-0.0121253034074741,0.01553320722201173,,342.81
50.068,0.015147582690329085,-0.011255494588916035,0.015443207222011751,,342.81
50.072,0.014887582690329047,-0.010384319411316035,0.015193207222011723,,342.81
50.076,0.0147175826903291,-0.009575896873233377,0.014933207222011741,,342.81
50.08,0.014457582690329061,-0.00889434597322733,0.014593207222011734,,342.81
50.084,0.014287582690329058,-0.00837434597322731,0.014333207222011752,,342.81
50.088,0.013947582690329051,-0.007864345973227299,0.014243207222011717,,342.81
50.092,0.013517582690329065,-0.007344345973227334,0.01390320722201171,,342.81
50.096,0.013177582690329058,-0.006834345973227324,0.013393207222011755,,342.81
50.1,0.012827582690329097,-0.006324345973227313,0.012963207222011714,,342.81
50.104,0.01248758269032909,-0.005804345973227348,0.012613207222011752,,342.81
50.108,0.012147582690329083,-0.005294345973227338,0.01219320722201172,,342.81
50.112,0.0118875826903291,-0.004604813481858899,0.011673207222011756,,342.81
50.116,0.011547582690329093,-0.0037764113554514095,0.011243207222011714,,342.81
50.12,0.011207582690329086,-0.0028660000972796397,0.010903207222011707,,342.81
50.124,0.011117582690329052,-0.0019304402106183594,0.010563207222011756,,342.81
50.128,0.0107775826903291,-0.0010265921987423383,0.010133207222011715,,342.81
50.132,0.010347582690329059,-0.0002113165649263478,0.009533207222011725,,342.81
50.136,0.009917582690329073,0.0004921082065781507,0.008933207222011736,,342.81
50.14,0.00965758269032909,0.0009656540267726496,0.008413207222011715,,342.81
50.144,0.009317582690329083,0.001135654026772653,0.00799320722201174,,342.81
50.148,0.008717582690329094,0.001395654026772691,0.007563207222011753,,342.81
50.152,0.008207582690329084,0.0017356540267726979,0.006873207222011729,,342.81
50.156,0.007947582690329101,0.0020756540267726493,0.0064432072220117435,,342.81
50.16,0.007607582690329094,0.0025946434492087255,0.005933207222011733,,342.81
50.164,0.006837582690329101,0.003266693536069903,0.005243207222011709,,342.81
50.168,0.006577582690329063,0.0040273119623065335,0.004733207222011754,,342.81
50.172,0.006237582690329056,0.004812006402868969,0.004223207222011744,,342.81
50.176,0.00580758269032907,0.005556284532707562,0.00353320722201172,,342.81
50.18,0.00528758269032905,0.006195654026772662,0.0030232072220117093,,342.81
50.184,0.004623854832035965,0.006705654026772673,0.002673207222011748,,342.81
50.188,0.0038569868771245316,0.006875654026772676,0.0022432072220117064,,342.81
50.192,0.0030234522555464393,0.007225654026772693,0.001643207222011717,,342.81
50.196,0.0021597243972533743,0.007475654026772666,0.0011332072220117066,,342.81
50.2,0.0013022767321970252,0.007735654026772704,0.0006232072220117515,,342.81
50.204,0.00048758269032907913,0.008245654026772659,0.00010320722201173106,,342.81
50.208,-0.0002824173096709138,0.008845654026772704,-0.0005767927779882829,,342.81
50.212,-0.0005424173096709518,0.009195654026772665,-0.0010967927779882477,,342.81
50.216,-0.0001924173096709348,0.009705654026772675,-0.0015267927779882891,,342.81
50.22,-0.00038313485534794637,0.010135654026772661,-0.0021267927779882786,,342.81
50.224,-0.0008139489559093808,0.0103956540267727,-0.0025567927779882645,,342.81
50.228,-0.0015110700987515993,0.010565654026772703,-0.0024667927779882855,,342.81
50.232,-0.002388987894711733,0.010905654026772654,-0.0021267927779882786,,342.81
50.236,-0.0033621919546269145,0.011335654026772696,-0.0032367927779882785,,342.81
50.24,-0.004345171889334274,0.011675654026772703,-0.003926792777988247,,342.81
50.244,-0.005252417309670944,0.012105654026772689,-0.004696792777988295,,342.81
50.248,-0.006112417309670916,0.012445654026772696,-0.005296792777988285,,342.81
50.252,-0.006882417309670909,0.012705654026772678,-0.005896792777988274,,342.81
50.256,-0.007562417309670923,0.013045654026772685,-0.006496792777988264,,342.81
50.26,-0.008162417309670912,0.013305654026772668,-0.007346792777988281,,342.81
50.264,-0.008852417309670936,0.013395654026772702,-0.007866792777988246,,342.81
50.268,-0.009362417309670946,0.013815654026772678,-0.008376792777988256,,342.81
50.272,-0.010052417309670915,0.014165654026772695,-0.008976792777988246,,342.81
50.276,-0.010822417309670908,0.014335654026772698,-0.009496792777988266,,342.81
50.28,-0.011332417309670918,0.01467565402677265,-0.010096792777988256,,342.81
50.284,-0.011852417309670939,0.015015654026772657,-0.01077679277798827,,342.81
50.288,-0.012532417309670953,0.01519565402677267,-0.011206792777988256,,342.81
50.292,-0.013052417309670918,0.015445654026772698,-0.011546792777988263,,342.81
50.296,-0.013562417309670928,0.015535654026772677,-0.01189679277798828,,342.81
50.3,-0.013902417309670935,0.01579565402677266,-0.012326792777988265,,342.81
50.304,-0.014252417309670952,0.01579565402677266,-0.012836792777988276,,342.81
50.308,-0.014762417309670907,0.01570565402677268,-0.013266792777988262,,342.81
50.312,-0.01545241730967093,0.015615654026772702,-0.013696792777988248,,342.81
50.316,-0.01596241730967094,0.01579565402677266,-0.01411679277798828,,342.81
50.32,-0.016302417309670948,0.015965654026772663,-0.014376792777988262,,342.81
50.324,-0.01665241730967091,0.016045654026772688,-0.014546792777988265,,342.81
50.328,-0.01708241730967095,0.016045654026772688,-0.014896792777988282,,342.81
50.332,-0.017592417309670906,0.01630565402677267,-0.015236792777988289,,342.81
50.336,-0.018022417309670948,0.01630565402677267,-0.015666792777988277,,342.81
50.34,-0.017932417309670913,0.01621565402677269,-0.016096792777988263,,342.81
50.344,-0.01819241730967095,0.01621565402677269,-0.016516792777988294,,342.81
50.348,-0.018702417309670906,0.01630565402677267,-0.016696792777988252,,342.81
50.352,-0.01879241730967094,0.016135654026772667,-0.016696792777988252,,342.81
50.356,-0.01888241730967092,0.015615654026772702,-0.01694679277798828,,342.81
50.36,-0.019052417309670923,0.015535654026772677,-0.01703679277798826,,342.81
50.364,-0.019222417309670926,0.015445654026772698,-0.017206792777988263,,342.81
50.368,-0.019652417309670912,0.015275654026772695,-0.017376792777988266,,342.81
50.372,-0.01999241730967092,0.01519565402677267,-0.017466792777988245,,342.81
50.376,-0.0200824173096709,0.014845654026772653,-0.017716792777988273,,342.81
50.38,-0.01999241730967092,0.014845654026772653,-0.017806792777988252,,342.81
50.384,-0.0200824173096709,0.01459565402677268,-0.017976792777988256,,342.81
50.388,-0.01990241730967094,0.014335654026772698,-0.01814679277798826,,342.81
50.392,-0.019652417309670912,0.01407565402677266,-0.01814679277798826,,342.81
50.396,-0.019652417309670912,0.013645654026772674,-0.018236792777988294,,342.81
50.4,-0.019562417309670933,0.01356565402677265,-0.01814679277798826,,342.81
50.404,-0.01930241730967095,0.013135654026772664,-0.018236792777988294,,342.81
50.408,-0.019222417309670926,0.01296565402677266,-0.01814679277798826,,342.81
50.412,-0.01888241730967092,0.012615654026772699,-0.01814679277798826,,342.81
50.416,-0.018532417309670902,0.012195654026772668,-0.017976792777988256,,342.81
50.42,-0.0183624173096709,0.011765654026772682,-0.017896792777988287,,342.81
50.424,-0.018022417309670948,0.011335654026772696,-0.017716792777988273,,342.81
50.428,-0.017592417309670906,0.010905654026772654,-0.017466792777988245,,342.81
50.432,-0.01716241730967092,0.010475654026772668,-0.017206792777988263,,342.81
50.436,-0.016732417309670934,0.010045654026772682,-0.016866792777988256,,342.81
50.44,-0.016302417309670948,0.009705654026772675,-0.016606792777988273,,342.81
50.444,-0.015882417309670917,0.00927565402677269,-0.01643679277798827,,342.81
50.448,-0.01545241730967093,0.0086756540267727,-0.016096792777988263,,342.81
50.452,-0.015022417309670945,0.00816565402677269,-0.015746792777988246,,342.81
50.456,-0.014592417309670903,0.007645654026772669,-0.015316792777988258,,342.81
50.46,-0.013992417309670914,0.007225654026772693,-0.014806792777988248,,342.81
50.464,-0.013562417309670928,0.006705654026772673,-0.014376792777988262,,342.81
50.468,-0.013052417309670918,0.006105654026772683,-0.014036792777988255,,342.81
50.472,-0.012452417309670928,0.005675654026772697,-0.013436792777988265,,342.81
50.476,-0.011852417309670939,0.0049956540267726834,-0.012576792777988293,,342.81
50.48,-0.01125241730967095,0.004395654026772694,-0.011976792777988248,,342.81
50.484,-0.010652417309670904,0.003875654026772673,-0.011636792777988297,,342.81
50.488,-0.010052417309670915,0.003535654026772666,-0.011126792777988287,,342.81
50.492,-0.009452417309670925,0.0030256540267726557,-0.010436792777988263,,342.81
50.496,-0.008852417309670936,0.0024256540267726663,-0.009836792777988273,,342.81
50.5,-0.008162417309670912,0.0019956540267726803,-0.009236792777988284,,342.81
50.504,-0.007562417309670923,0.00147565402677266,-0.008726792777988273,,342.81
50.508,-0.00679241730967093,0.0007056540267726671,-0.00803679277798825,,342.81
50.512,-0.006282417309670919,0.00027565402677268115,-0.00743679277798826,,342.81
50.516,-0.005512417309670926,-0.0002343459732273293,-0.006666792777988267,,342.81
50.52,-0.0048224173096709025,-0.0007543459732273497,-0.006066792777988278,,342.81
50.524,-0.00405241730967091,-0.0010043459732273223,-0.005466792777988288,,342.81
50.528,-0.0035324173096709446,-0.0013543459732273393,-0.0047360728776491235,,342.81
50.532,-0.0028524173096709307,-0.0019543459732273287,-0.003923683259767635,,342.81
50.536,-0.002082417309670938,-0.002554345973227318,-0.003045393393450456,,342.81
50.54,-0.0013924173096709137,-0.0031443459732272976,-0.002116972747804225,,342.81
50.544,-0.0005424173096709518,-0.0037443459732273425,-0.0011541907919355738,,342.81
50.548,-2.2417309670931312e-05,-0.0043443459732273315,-0.00017281699495113787,,342.81
50.552,0.0005775826903290581,-0.005124345973227334,0.0008113791740424472,,342.81
50.556,0.0011775826903290475,-0.005894345973227327,0.0017826282459385474,,342.81
50.56,0.001607582690329089,-0.006574345973227341,0.0027251607516305277,,342.81
50.564,0.001947582690329096,-0.007344345973227334,0.0036232072220117543,,342.81
50.568,0.0024575826903290507,-0.008034345973227303,0.004473207222011716,,342.81
50.572,0.002977582690329071,-0.008634345973227348,0.004823207222011733,,342.81
50.576,0.003657582690329085,-0.009234345973227337,0.00464320722201172,,342.81
50.58,0.00417758269032905,-0.01000434597322733,0.004133207222011709,,342.81
50.584,0.004777582690329095,-0.010774345973227323,0.004223207222011744,,342.81
50.588,0.005377582690329084,-0.011204345973227309,0.004733207222011754,,342.81
50.592,0.00580758269032907,-0.01163434597322735,0.00516320722201174,,342.81
50.596,0.006237582690329056,-0.012144345973227305,0.0056732072220117506,,342.81
50.6,0.006657582690329088,-0.01274434597322735,0.00627320722201174,,342.81
50.604,0.007257582690329077,-0.013174345973227336,0.006703207222011726,,342.81
50.608,0.007777582690329098,-0.013774345973227325,0.007223207222011746,,342.81
50.612,0.008287582690329053,-0.014114345973227332,0.00799320722201174,,342.81
50.616,0.008717582690329094,-0.014544345973227318,0.00850320722201175,,342.81
50.62,0.00914758269032908,-0.014974345973227304,0.008933207222011736,,342.81
50.624,0.009487582690329087,-0.015314345973227311,0.009273207222011743,,342.81
50.628,0.009917582690329073,-0.015664345973227328,0.009793207222011708,,342.81
50.632,0.010347582690329059,-0.016094345973227314,0.010393207222011753,,342.81
50.636,0.010687582690329066,-0.016604345973227325,0.010903207222011707,,342.81
50.64,0.011117582690329052,-0.01703434597322731,0.011333207222011749,,342.81
50.644,0.011547582690329093,-0.017374345973227318,0.011763207222011735,,342.81
50.648,0.011977582690329079,-0.0176343459732273,0.012103207222011742,,342.81
50.652,0.012407582690329065,-0.017804345973227304,0.012363207222011724,,342.81
50.656,0.012657582690329093,-0.01814434597322731,0.01279320722201171,,342.81
50.66,0.012827582690329097,-0.018494345973227327,0.013133207222011717,,342.81
50.664,0.013177582690329058,-0.0187443459732273,0.013473207222011724,,342.81
50.668,0.013687582690329068,-0.019004345973227338,0.013813207222011731,,342.81
50.672,0.014027582690329075,-0.019004345973227338,0.014163207222011748,,342.81
50.676,0.014207582690329089,-0.019004345973227338,0.014503207222011755,,342.81
50.68,0.014457582690329061,-0.019094345973227317,0.014763207222011738,,342.81
50.684,0.0147175826903291,-0.01926434597322732,0.01501320722201171,,342.81
50.688,0.014977582690329082,-0.01926434597322732,0.015193207222011723,,342.81
50.692,0.015317582690329089,-0.019344345973227345,0.015443207222011751,,342.81
50.696,0.015487582690329092,-0.019344345973227345,0.01553320722201173,,342.81
50.7,0.015747582690329075,-0.019094345973227317,0.015703207222011732,,342.81
50.704,0.016007582690329057,-0.019004345973227338,0.016133207222011718,,342.81
50.708,0.01608758269032908,-0.019004345973227338,0.01630320722201172,,342.81
50.712,0.01617758269032906,-0.018914345973227303,0.01630320722201172,,342.81
50.716,0.016257582690329085,-0.01866434597322733,0.01630320722201172,,342.81
50.72,0.016257582690329085,-0.018494345973227327,0.01630320722201172,,342.81
50.724,0.01617758269032906,-0.01814434597322731,0.016213207222011743,,342.81
50.728,0.01617758269032906,-0.017894345973227338,0.0163932072220117,,342.81
50.732,0.016257582690329085,-0.017714345973227325,0.01664320722201173,,342.81
50.736,0.016257582690329085,-0.017374345973227318,0.01664320722201173,,342.81
50.74,0.016257582690329085,-0.01694434597322733,0.016563207222011704,,342.81
50.744,0.016517582690329068,-0.01643434597322732,0.0163932072220117,,342.81
50.748,0.016517582690329068,-0.016094345973227314,0.0163932072220117,,342.81
50.752,0.01642758269032909,-0.015744345973227297,0.0163932072220117,,342.81
50.756,0.01642758269032909,-0.015314345973227311,0.016213207222011743,,342.81
50.76,0.01642758269032909,-0.014714345973227322,0.015963207222011715,,342.81
50.764,0.016257582690329085,-0.014114345973227332,0.015963207222011715,,342.81
50.768,0.01608758269032908,-0.013694345973227301,0.01579320722201171,,342.81
50.772,0.0158275826903291,-0.013174345973227336,0.015443207222011751,,342.81
50.776,0.015657582690329096,-0.012515717331052703,0.015363207222011727,,342.81
50.78,0.015407582690329068,-0.0117482085543399,0.015103207222011744,,342.81
50.784,0.015227582690329054,-0.010915477001064692,0.01501320722201171,,342.81
50.788,0.014887582690329047,-0.010028182411481209,0.01501320722201171,,342.81
50.792,0.014807582690329078,-0.009096984525843588,0.014593207222011734,,342.81
50.796,0.014457582690329061,-0.008132543084405959,0.014243207222011717,,342.81
50.8,0.014117582690329054,-0.007145517827422456,0.014163207222011748,,342.81
50.804,0.013857582690329072,-0.006146568495147215,0.01390320722201171,,342.81
50.808,0.013517582690329065,-0.005146354827834369,0.013473207222011724,,342.81
50.812,0.013257582690329082,-0.004155536565738051,0.013043207222011738,,342.81
50.816,0.012827582690329097,-0.0031847734491123937,0.012613207222011752,,342.81
50.82,0.01248758269032909,-0.002244725218211529,0.01219320722201172,,342.81
50.824,0.012147582690329083,-0.001346051613289595,0.011763207222011735,,342.81
50.828,0.0118875826903291,-0.0004994123746007209,0.011413207222011718,,342.81
50.832,0.011547582690329093,0.0002845327576009583,0.010993207222011742,,342.81
50.836,0.011287582690329055,0.0009656540267726496,0.010473207222011722,,342.81
50.84,0.011027582690329073,0.00147565402677266,0.010043207222011736,,342.81
50.844,0.010427582690329083,0.0007956540267727016,0.009703207222011729,,342.81
50.848,0.009917582690329073,0.00019565402677265665,0.009193207222011718,,342.81
50.852,0.00965758269032909,0.0007956540267727016,0.00850320722201175,,342.81
50.856,0.009407582690329062,0.0017356540267726979,0.008163207222011743,,342.81
50.86,0.009057582690329101,0.0023356540267726873,0.007733207222011757,,342.81
50.864,0.008717582690329094,0.0030256540267726557,0.007133207222011712,,342.81
50.868,0.008207582690329084,0.003535654026772666,0.0065332072220117225,,342.81
50.872,0.007607582690329094,0.004135654026772656,0.006023207222011712,,342.81
50.876,0.007087582690329074,0.004735654026772701,0.005423207222011723,,342.81
50.88,0.006747582690329067,0.005245654026772656,0.004823207222011733,,342.81
50.884,0.006487582690329084,0.005845654026772701,0.004303207222011713,,342.81
50.888,0.006057582690329098,0.006275654026772687,0.0037032072220117233,,342.81
50.892,0.005423785613669223,0.006365654026772666,0.003103207222011734,,342.81
50.896,0.004619698118082826,0.006365654026772666,0.002673207222011748,,342.81
50.9,0.003719526559472012,0.00644565402677269,0.002333207222011741,,342.81
50.904,0.002797477293738881,0.006795654026772652,0.0018232072220117305,,342.81
50.908,0.0019277566767855376,0.007225654026772693,0.0011332072220117066,,342.81
50.912,0.0011845710645140845,0.007905654026772652,0.0007032072220117205,,342.81
50.916,0.0005990371474276885,0.008335654026772693,0.00027320722201173455,,342.81
50.92,0.00023758269032905116,0.008595654026772676,-0.0002367927779882759,,342.81
50.924,0.00014758269032907217,0.008935654026772683,-0.0010067927779882687,,342.81
50.928,0.00014758269032907217,0.009365654026772668,-0.0014367927779882547,,342.81
50.932,2.0422067779468644e-05,0.009795654026772654,-0.0018667927779882961,,342.81
50.936,-0.0003361439676250737,0.010045654026772682,-0.0024667927779882855,,342.81
50.94,-0.0008847416675181522,0.010475654026772668,-0.0028967927779882715,,342.81
50.944,-0.0015970077078225557,0.010905654026772654,-0.002726792777988268,,342.81
50.948,-0.002428463184824969,0.011245654026772661,-0.002636792777988289,,342.81
50.952,-0.0033376022711655243,0.011415654026772665,-0.003836792777988268,,342.81
50.956,-0.004282919139484353,0.011765654026772682,-0.004436792777988257,,342.81
50.96,-0.00522290796242159,0.012195654026772668,-0.005036792777988247,,342.81
50.964,-0.006116062912617363,0.012445654026772696,-0.005726792777988271,,342.81
50.968,-0.006962417309670933,0.012705654026772678,-0.006496792777988264,,342.81
50.972,-0.007822417309670905,0.013045654026772685,-0.007096792777988253,,342.81
50.976,-0.008512417309670929,0.013395654026772702,-0.0076067927779882635,,342.81
50.98,-0.00902241730967094,0.013645654026772674,-0.008206792777988253,,342.81
50.984,-0.009622417309670929,0.013905654026772657,-0.008726792777988273,,342.81
50.988,-0.010222417309670918,0.014165654026772695,-0.009326792777988263,,342.81
50.992,-0.011082417309670946,0.014335654026772698,-0.010096792777988256,,342.81
50.996,-0.011762417309670904,0.01467565402677265,-0.01077679277798827,,342.81
51.0,-0.012192417309670946,0.015015654026772657,-0.011206792777988256,,342.81
51.004,-0.012622417309670932,0.01519565402677267,-0.011546792777988263,,342.81
51.008,-0.013222417309670921,0.015445654026772698,-0.011976792777988248,,342.81
51.012,-0.01382241730967091,0.015445654026772698,-0.01240679277798829,,342.81
51.016,-0.014252417309670952,0.015535654026772677,-0.012746792777988297,,342.81
51.02,-0.014592417309670903,0.01570565402677268,-0.013176792777988283,,342.81
51.024,-0.015022417309670945,0.015535654026772677,-0.013696792777988248,,342.81
51.028,-0.01545241730967093,0.015615654026772702,-0.013866792777988251,,342.81
51.032,-0.015882417309670917,0.01579565402677266,-0.01411679277798828,,342.81
51.036,-0.016302417309670948,0.01579565402677266,-0.014376792777988262,,342.81
51.04,-0.01665241730967091,0.01579565402677266,-0.014716792777988269,,342.81
51.044,-0.01708241730967095,0.015965654026772663,-0.014976792777988251,,342.81
51.048,-0.017592417309670906,0.01621565402677269,-0.015316792777988258,,342.81
51.052,-0.017932417309670913,0.01630565402677267,-0.015666792777988277,,342.81
51.056,-0.018102417309670917,0.01630565402677267,-0.016006792777988284,,342.81
51.06,-0.018622417309670937,0.016135654026772667,-0.016266792777988266,,342.81
51.064,-0.01888241730967092,0.015615654026772702,-0.01643679277798827,,342.81
51.068,-0.018962417309670944,0.015445654026772698,-0.016606792777988273,,342.81
51.072,-0.019132417309670947,0.015445654026772698,-0.016866792777988256,,342.81
51.076,-0.019222417309670926,0.015365654026772674,-0.01703679277798826,,342.81
51.08,-0.01948241730967091,0.01519565402677267,-0.017296792777988297,,342.81
51.084,-0.019652417309670912,0.015105654026772691,-0.017376792777988266,,342.81
51.088,-0.01990241730967094,0.014845654026772653,-0.01754679277798827,,342.81
51.092,-0.01990241730967094,0.01459565402677268,-0.017806792777988252,,342.81
51.096,-0.01990241730967094,0.014245654026772664,-0.017806792777988252,,342.81
51.1,-0.01999241730967092,0.014165654026772695,-0.017806792777988252,,342.81
51.104,-0.01999241730967092,0.013905654026772657,-0.017806792777988252,,342.81
51.108,-0.019732417309670937,0.013815654026772678,-0.017896792777988287,,342.81
51.112,-0.019652417309670912,0.013395654026772702,-0.017806792777988252,,342.81
51.116,-0.019652417309670912,0.013045654026772685,-0.017806792777988252,,342.81
51.12,-0.01939241730967093,0.012875654026772682,-0.017806792777988252,,342.81
51.124,-0.019132417309670947,0.012535654026772675,-0.017806792777988252,,342.81
51.128,-0.01879241730967094,0.012105654026772689,-0.017806792777988252,,342.81
51.132,-0.0183624173096709,0.01184565402677265,-0.017806792777988252,,342.81
51.136,-0.018022417309670948,0.011675654026772703,-0.017466792777988245,,342.81
51.14,-0.017932417309670913,0.011335654026772696,-0.017206792777988263,,342.81
51.144,-0.017592417309670906,0.010815654026772675,-0.01703679277798826,,342.81
51.148,-0.01716241730967092,0.010135654026772661,-0.01694679277798828,,342.81
51.152,-0.016732417309670934,0.009705654026772675,-0.016696792777988252,,342.81
51.156,-0.016392417309670927,0.009365654026772668,-0.016516792777988294,,342.81
51.16,-0.015882417309670917,0.008935654026772683,-0.016176792777988287,,342.81
51.164,-0.015102417309670914,0.008505654026772697,-0.015746792777988246,,342.81
51.168,-0.014682417309670938,0.007995654026772686,-0.015316792777988258,,342.81
51.172,-0.014332417309670921,0.007305654026772662,-0.014896792777988282,,342.81
51.176,-0.01382241730967091,0.006795654026772652,-0.014466792777988296,,342.81
51.18,-0.013132417309670942,0.00644565402677269,-0.014036792777988255,,342.81
51.184,-0.012622417309670932,0.006025654026772659,-0.013696792777988248,,342.81
51.188,-0.012112417309670921,0.005505654026772694,-0.013266792777988262,,342.81
51.192,-0.011512417309670932,0.004905654026772649,-0.012576792777988293,,342.81
51.196,-0.010912417309670942,0.004395654026772694,-0.011726792777988276,,342.81
51.2,-0.010222417309670918,0.0037956540267726486,-0.011206792777988256,,342.81
51.204,-0.009622417309670929,0.003195654026772659,-0.010696792777988245,,342.81
51.208,-0.008932417309670905,0.0026756540267726943,-0.010096792777988256,,342.81
51.212,-0.008512417309670929,0.0023356540267726873,-0.009496792777988266,,342.81
51.216,-0.007732417309670926,0.0018256540267726769,-0.008806792777988298,,342.81
51.22,-0.006882417309670909,0.001045654026772674,-0.008206792777988253,,342.81
51.224,-0.00619241730967094,0.00044565402677268463,-0.0076067927779882635,,342.81
51.228,-0.005592417309670951,-0.0001543459732273048,-0.007096792777988253,,342.81
51.232,-0.004992417309670906,-0.0004943459732273118,-0.006399372450969002,,342.81
51.236,-0.0043924173096709165,-0.0006643459732273152,-0.005562041941017482,,342.81
51.24,-0.0036224173096709236,-0.0009243459732272977,-0.0046136509701830905,,342.81
51.244,-0.0028524173096709307,-0.0014343459732273083,-0.003583049260515227,,342.81
51.248,-0.0022524173096709413,-0.002204345973227301,-0.002499086534063291,,342.81
51.252,-0.0015624173096709171,-0.0029743459732273496,-0.0013906125128766815,,342.81
51.256,-0.0007124173096708997,-0.0034943459732273145,-0.0002864769190047957,,342.81
51.26,5.7582690329093184e-05,-0.004264345973227307,0.0007844705255029663,,342.81
51.264,0.0005775826903290581,-0.0048643459732272964,0.0017933800985972066,,342.81
51.268,0.0008375826903290961,-0.005464345973227341,0.0027114020782285234,,342.81
51.272,0.0014375826903290855,-0.0061443459732273,0.003518916231511367,,342.81
51.276,0.001947582690329096,-0.007094345973227306,0.0041650286689103215,,342.81
51.28,0.002287582690329047,-0.007864345973227299,0.004584039166627749,,342.81
51.284,0.0028075826903290677,-0.00829434597322734,0.004733207222011754,,342.81
51.288,0.003407582690329057,-0.008804345973227351,0.004303207222011713,,342.81
51.292,0.004087582690329071,-0.00940434597322734,0.0037932072220117023,,342.81
51.296,0.0046075826903290915,-0.01000434597322733,0.0037932072220117023,,342.81
51.3,0.005117582690329046,-0.010864345973227302,0.004303207222011713,,342.81
51.304,0.005717582690329091,-0.011464345973227347,0.004823207222011733,,342.81
51.308,0.006147582690329077,-0.011974345973227302,0.005423207222011723,,342.81
51.312,0.006657582690329088,-0.012404345973227343,0.005933207222011733,,342.81
51.316,0.007177582690329053,-0.012834345973227329,0.0065332072220117225,,342.81
51.32,0.007777582690329098,-0.01334434597322734,0.007223207222011746,,342.81
51.324,0.008207582690329084,-0.013944345973227329,0.007733207222011757,,342.81
51.328,0.008717582690329094,-0.01446434597322735,0.008163207222011743,,342.81
51.332,0.00914758269032908,-0.014974345973227304,0.008763207222011732,,342.81
51.336,0.009487582690329087,-0.015314345973227311,0.009273207222011743,,342.81
51.34,0.009917582690329073,-0.015664345973227328,0.009703207222011729,,342.81
51.344,0.010347582690329059,-0.016094345973227314,0.010133207222011715,,342.81
51.348,0.010687582690329066,-0.016514345973227346,0.010473207222011722,,342.81
51.352,0.011027582690329073,-0.01694434597322733,0.010903207222011707,,342.81
51.356,0.011457582690329059,-0.01729434597322735,0.011413207222011718,,342.81
51.36,0.011977582690329079,-0.017464345973227297,0.011843207222011704,,342.81
51.364,0.012317582690329086,-0.017804345973227304,0.01219320722201172,,342.81
51.368,0.01248758269032909,-0.01814434597322731,0.012613207222011752,,342.81
51.372,0.012827582690329097,-0.018314345973227314,0.013043207222011738,,342.81
51.376,0.013177582690329058,-0.018574345973227296,0.013393207222011755,,342.81
51.38,0.013517582690329065,-0.01866434597322733,0.013643207222011728,,342.81
51.384,0.013947582690329051,-0.018914345973227303,0.01390320722201171,,342.81
51.388,0.014207582690329089,-0.019004345973227338,0.014243207222011717,,342.81
51.392,0.014547582690329096,-0.01917434597322734,0.014503207222011755,,342.81
51.396,0.014807582690329078,-0.019434345973227324,0.014673207222011703,,342.81
51.4,0.014977582690329082,-0.019434345973227324,0.01501320722201171,,342.81
51.404,0.015227582690329054,-0.019344345973227345,0.015363207222011727,,342.81
51.408,0.015317582690329089,-0.019344345973227345,0.01553320722201173,,342.81
51.412,0.015657582690329096,-0.019094345973227317,0.01579320722201171,,342.81
51.416,0.016007582690329057,-0.019004345973227338,0.015873207222011736,,342.81
51.42,0.01608758269032908,-0.019004345973227338,0.015873207222011736,,342.81
51.424,0.01617758269032906,-0.018914345973227303,0.015963207222011715,,342.81
51.428,0.016347582690329064,-0.01866434597322733,0.016213207222011743,,342.81
51.432,0.016347582690329064,-0.018494345973227327,0.01630320722201172,,342.81
51.436,0.016257582690329085,-0.018234345973227345,0.01630320722201172,,342.81
51.44,0.016257582690329085,-0.01806434597322734,0.01630320722201172,,342.81
51.444,0.016517582690329068,-0.017804345973227304,0.01630320722201172,,342.81
51.448,0.016517582690329068,-0.017374345973227318,0.016213207222011743,,342.81
51.452,0.016517582690329068,-0.01694434597322733,0.016213207222011743,,342.81
51.456,0.01668758269032907,-0.016694345973227304,0.01630320722201172,,342.81
51.46,0.016607582690329047,-0.016514345973227346,0.01630320722201172,,342.81
51.464,0.016517582690329068,-0.01617434597322734,0.01630320722201172,,342.81
51.468,0.01642758269032909,-0.015744345973227297,0.016133207222011718,,342.81
51.472,0.016517582690329068,-0.015234345973227342,0.015873207222011736,,342.81
51.476,0.01642758269032909,-0.01446434597322735,0.015873207222011736,,342.81
51.48,0.016257582690329085,-0.013694345973227301,0.01579320722201171,,342.81
51.484,0.01608758269032908,-0.013264345973227315,0.01553320722201173,,342.81
51.488,0.016007582690329057,-0.012664345973227326,0.015363207222011727,,342.81
51.492,0.015747582690329075,-0.012052833656037786,0.015273207222011748,,342.81
51.496,0.015657582690329096,-0.011428255525029884,0.015363207222011727,,342.81
51.5,0.015317582690329089,-0.010791905741051194,0.015103207222011744,,342.81
51.504,0.014977582690329082,-0.01014507846494929,0.014763207222011738,,342.81
51.508,0.014807582690329078,-0.009489067857571748,0.014593207222011734,,342.81
51.512,0.014457582690329061,-0.008825168079766146,0.014243207222011717,,342.81
51.516,0.014117582690329054,-0.008154673292380055,0.013813207222011731,,342.81
51.52,0.013857582690329072,-0.007478877656261054,0.013473207222011724,,342.81
51.524,0.013517582690329065,-0.006799075332256717,0.013043207222011738,,342.81
51.528,0.013177582690329058,-0.0061165604812146186,0.012703207222011731,,342.81
51.532,0.012827582690329097,-0.005432627263982334,0.012533207222011728,,342.81
51.536,0.01248758269032909,-0.0047485698414074405,0.01219320722201172,,342.81
51.54,0.012227582690329052,-0.00406568237433751,0.011763207222011735,,342.81
51.544,0.0118875826903291,-0.0033852590236201218,0.011243207222011714,,342.81
51.548,0.011547582690329093,-0.0027085939501028476,0.010563207222011756,,342.81
51.552,0.011117582690329052,-0.0020369813146332654,0.010043207222011736,,342.81
51.556,0.0107775826903291,-0.0013717152780589495,0.009703207222011729,,342.81
51.56,0.010347582690329059,-0.0007140900012274734,0.009273207222011743,,342.81
51.564,0.009917582690329073,-6.539964498641535e-05,0.008843207222011757,,342.81
51.568,0.00965758269032909,0.0005730616298166516,0.008413207222011715,,342.81
51.572,0.009407582690329062,0.0011999996623341495,0.007733207222011757,,342.81
51.576,0.00914758269032908,0.0018141202917185072,0.007303207222011715,,342.81
51.58,0.008717582690329094,0.0024141293571221436,0.006793207222011705,,342.81
51.584,0.007947582690329101,0.0029987326976974884,0.006023207222011712,,342.81
51.588,0.00751758269032906,0.003566636152596966,0.005593207222011726,,342.81
51.592,0.007087582690329074,0.004116545560973,0.00516320722201174,,342.81
51.596,0.006747582690329067,0.0046471667619780105,0.004563207222011751,,342.81
51.6,0.006317582690329081,0.00515720559476443,0.003963207222011706,,342.81
51.604,0.005637582690329067,0.005645367898484681,0.00353320722201172,,342.81
51.608,0.00528758269032905,0.006110359512291185,0.0030232072220117093,,342.81
51.612,0.005037582690329077,0.006550886275336367,0.00242320722201172,,342.81
51.616,0.0043475826903290535,0.006965654026772655,0.001903207222011755,,342.81
51.62,0.003590952561745596,0.007305654026772662,0.0014732072220117135,,342.81
51.624,0.002782127052388725,0.007645654026772669,0.000963207222011703,,342.81
51.628,0.0019557417364135386,0.007905654026772652,0.00036320722201171353,,342.81
51.632,0.0011464321879751372,0.008075654026772655,-6.679277798827242e-05,,342.81
51.636,0.00038883398122861994,0.008595654026772676,-0.0004967927779882584,,342.81
51.64,-0.0002824173096709138,0.009195654026772665,-0.0010967927779882477,,342.81
51.644,-0.000839061483055956,0.009615654026772696,-0.0016967927779882926,,342.81
51.648,-0.0013100795868261487,0.009965654026772658,-0.0022067927779882476,,342.81
51.652,-0.0017466979211771176,0.010215654026772686,-0.0025567927779882645,,342.81
51.656,-0.002200142786304489,0.010565654026772703,-0.0025567927779882645,,342.81
51.66,-0.0027216404824038885,0.010905654026772654,-0.002636792777988289,,342.81
51.664,-0.003362417309670941,0.011415654026772665,-0.0035767927779882854,,342.81
51.668,-0.0043124173096709476,0.01184565402677265,-0.004346792777988278,,342.81
51.672,-0.0051624173096709094,0.012105654026772689,-0.004696792777988295,,342.81
51.676,-0.005762417309670899,0.012195654026772668,-0.00520679277798825,,342.81
51.68,-0.006622417309670926,0.012535654026772675,-0.005806792777988295,,342.81
51.684,-0.007392417309670919,0.01296565402677266,-0.006496792777988264,,342.81
51.688,-0.008082417309670943,0.013305654026772668,-0.007346792777988281,,342.81
51.692,-0.008682417309670933,0.013475654026772671,-0.007866792777988246,,342.81
51.696,-0.009282417309670922,0.013815654026772678,-0.008376792777988256,,342.81
51.7,-0.009882417309670911,0.014165654026772695,-0.008976792777988246,,342.81
51.704,-0.010732417309670929,0.014335654026772698,-0.00957679277798829,,342.81
51.708,-0.011332417309670918,0.01459565402677268,-0.01026679277798826,,342.81
51.712,-0.011852417309670939,0.01467565402677265,-0.010696792777988245,,342.81
51.716,-0.012532417309670953,0.014935654026772688,-0.011126792777988287,,342.81
51.72,-0.013052417309670918,0.01519565402677267,-0.011636792777988297,,342.81
51.724,-0.013562417309670928,0.015365654026772674,-0.012066792777988283,,342.81
51.728,-0.013902417309670935,0.015365654026772674,-0.012496792777988269,,342.81
51.732,-0.014252417309670952,0.015445654026772698,-0.012926792777988255,,342.81
51.736,-0.014762417309670907,0.015445654026772698,-0.013346792777988286,,342.81
51.74,-0.01545241730967093,0.015445654026772698,-0.013776792777988272,,342.81
51.744,-0.01596241730967094,0.015535654026772677,-0.014036792777988255,,342.81
51.748,-0.016302417309670948,0.01579565402677266,-0.01411679277798828,,342.81
51.752,-0.01665241730967091,0.015875654026772684,-0.014546792777988265,,342.81
51.756,-0.01708241730967095,0.015965654026772663,-0.014976792777988251,,342.81
51.76,-0.017592417309670906,0.016135654026772667,-0.015236792777988289,,342.81
51.764,-0.017932417309670913,0.016135654026772667,-0.015496792777988272,,342.81
51.768,-0.017932417309670913,0.01621565402677269,-0.01591679277798825,,342.81
51.772,-0.018022417309670948,0.01621565402677269,-0.01634679277798829,,342.81
51.776,-0.0183624173096709,0.015875654026772684,-0.01634679277798829,,342.81
51.78,-0.018622417309670937,0.015535654026772677,-0.016516792777988294,,342.81
51.784,-0.01879241730967094,0.015365654026772674,-0.016696792777988252,,342.81
51.788,-0.019052417309670923,0.015275654026772695,-0.01703679277798826,,342.81
51.792,-0.019222417309670926,0.015015654026772657,-0.017116792777988284,,342.81
51.796,-0.019562417309670933,0.015015654026772657,-0.017116792777988284,,342.81
51.8,-0.019732417309670937,0.015015654026772657,-0.017376792777988266,,342.81
51.804,-0.019732417309670937,0.014845654026772653,-0.017376792777988266,,342.81
51.808,-0.01999241730967092,0.014765654026772684,-0.017466792777988245,,342.81
51.812,-0.01999241730967092,0.014165654026772695,-0.017716792777988273,,342.81
51.816,-0.0200824173096709,0.013905654026772657,-0.017716792777988273,,342.81
51.82,-0.01999241730967092,0.013735654026772653,-0.017716792777988273,,342.81
51.824,-0.019732417309670937,0.013395654026772702,-0.017716792777988273,,342.81
51.828,-0.019562417309670933,0.013135654026772664,-0.017716792777988273,,342.81
51.832,-0.01930241730967095,0.013135654026772664,-0.017806792777988252,,342.81
51.836,-0.019132417309670947,0.012705654026772678,-0.017896792777988287,,342.81
51.84,-0.01888241730967092,0.012535654026772675,-0.017806792777988252,,342.81
51.844,-0.018702417309670906,0.012195654026772668,-0.017466792777988245,,342.81
51.848,-0.0183624173096709,0.011765654026772682,-0.017296792777988297,,342.81
51.852,-0.018022417309670948,0.011415654026772665,-0.017206792777988263,,342.81
51.856,-0.017592417309670906,0.010995654026772689,-0.017116792777988284,,342.81
51.86,-0.01716241730967092,0.010475654026772668,-0.01694679277798828,,342.81
51.864,-0.016732417309670934,0.010045654026772682,-0.016696792777988252,,342.81
51.868,-0.016392417309670927,0.009705654026772675,-0.016516792777988294,,342.81
51.872,-0.01596241730967094,0.00927565402677269,-0.016176792777988287,,342.81
51.876,-0.01545241730967093,0.008765654026772679,-0.01583679277798828,,342.81
51.88,-0.015022417309670945,0.00816565402677269,-0.015316792777988258,,342.81
51.884,-0.014592417309670903,0.007735654026772704,-0.014806792777988248,,342.81
51.888,-0.013992417309670914,0.007225654026772693,-0.014376792777988262,,342.81
51.892,-0.013562417309670928,0.006705654026772673,-0.013946792777988276,,342.81
51.896,-0.012962417309670939,0.006105654026772683,-0.013346792777988286,,342.81
51.9,-0.012282417309670925,0.005595654026772673,-0.013176792777988283,,342.81
51.904,-0.011762417309670904,0.005245654026772656,-0.012746792777988297,,342.81
51.908,-0.01125241730967095,0.004735654026772701,-0.011976792777988248,,342.81
51.912,-0.010652417309670904,0.004045654026772677,-0.01129679277798829,,342.81
51.916,-0.01013241730967094,0.003535654026772666,-0.01077679277798827,,342.81
51.92,-0.009452417309670925,0.0030256540267726557,-0.01017679277798828,,342.81
51.924,-0.008682417309670933,0.0024256540267726663,-0.00957679277798829,,342.81
51.928,-0.00791241730967094,0.0019956540267726803,-0.00906679277798828,,342.81
51.932,-0.007222417309670916,0.00147565402677266,-0.008376792777988256,,342.81
51.936,-0.006532417309670947,0.0007956540267727016,-0.007776792777988267,,342.81
51.94,-0.006022417309670937,0.00027565402677268115,-0.0071767927779882775,,342.81
51.944,-0.005422417309670947,-0.0002343459732273293,-0.0064283787347349875,,342.81
51.948,-0.0048224173096709025,-0.0006643459732273152,-0.00558304429873228,,342.81
51.952,-0.003962417309670931,-0.0007543459732273497,-0.004660022406215029,,342.81
51.956,-0.0032824173096709167,-0.0010470236877003127,-0.003678545993418109,,342.81
51.96,-0.0027624173096709517,-0.0015980262202462212,-0.0026578479965763944,,342.81
51.964,-0.0019924173096709033,-0.002318306642968476,-0.0016171613519247612,,342.81
51.968,-0.0011424173096709412,-0.003118818027970477,-0.0005757189956980844,,342.81
51.972,-0.0003624173096709383,-0.003910513447355622,0.0004472461358687635,,342.81
51.976,0.00031758269032907565,-0.004604345973227314,0.0014325011065409064,,342.81
51.98,0.0008375826903290961,-0.005204345973227303,0.002360812980083467,,342.81
51.984,0.001347582690329051,-0.006064345973227331,0.003223074690378789,,342.81
51.988,0.0017775826903290925,-0.006924345973227303,0.0039334192694362785,,342.81
51.992,0.0021175826903290992,-0.007434345973227313,0.004397216860349899,,342.81
51.996,0.0024575826903290507,-0.007944345973227324,0.004563207222011751,,342.81
52.0,0.002977582690329071,-0.008634345973227348,0.004473207222011716,,342.81
52.004,0.003657582690329085,-0.009234345973227337,0.0036232072220117543,,342.81
52.008,0.0042575826903290745,-0.009924345973227305,0.0037932072220117023,,342.81
52.012,0.004947582690329098,-0.01052434597322735,0.004133207222011709,,342.81
52.016,0.005377582690329084,-0.011204345973227309,0.004733207222011754,,342.81
52.02,0.00580758269032907,-0.011894345973227333,0.005073207222011706,,342.81
52.024,0.00640758269032906,-0.012404345973227343,0.0056732072220117506,,342.81
52.028,0.007007582690329049,-0.012834345973227329,0.006363207222011719,,342.81
52.032,0.007347582690329056,-0.013264345973227315,0.006873207222011729,,342.81
52.036,0.007857582690329067,-0.013774345973227325,0.007303207222011715,,342.81
52.04,0.008287582690329053,-0.014294345973227346,0.007903207222011705,,342.81
52.044,0.008717582690329094,-0.014634345973227297,0.008413207222011715,,342.81
52.048,0.009227582690329049,-0.015144345973227308,0.008843207222011757,,342.81
52.052,0.00974758269032907,-0.015404345973227346,0.009273207222011743,,342.81
52.056,0.010007582690329052,-0.015744345973227297,0.009793207222011708,,342.81
52.06,0.010347582690329059,-0.01617434597322734,0.010393207222011753,,342.81
52.064,0.0107775826903291,-0.016514345973227346,0.010903207222011707,,342.81
52.068,0.011207582690329086,-0.01694434597322733,0.011413207222011718,,342.81
52.072,0.011547582690329093,-0.017374345973227318,0.011843207222011704,,342.81
52.076,0.011977582690329079,-0.0176343459732273,0.012013207222011707,,342.81
52.08,0.012407582690329065,-0.017894345973227338,0.01219320722201172,,342.81
52.084,0.012747582690329072,-0.018234345973227345,0.012533207222011728,,342.81
52.088,0.013087582690329079,-0.018494345973227327,0.012873207222011735,,342.81
52.092,0.013347582690329061,-0.01866434597322733,0.01330320722201172,,342.81
52.096,0.013687582690329068,-0.018914345973227303,0.013813207222011731,,342.81
52.1,0.014117582690329054,-0.019004345973227338,0.014163207222011748,,342.81
52.104,0.014377582690329092,-0.019094345973227317,0.014333207222011752,,342.81
52.108,0.014457582690329061,-0.019094345973227317,0.014673207222011703,,342.81
52.112,0.014887582690329047,-0.019094345973227317,0.014933207222011741,,342.81
52.116,0.015227582690329054,-0.019004345973227338,0.015193207222011723,,342.81
52.12,0.015407582690329068,-0.019004345973227338,0.015363207222011727,,342.81
52.124,0.015577582690329071,-0.019004345973227338,0.015443207222011751,,342.81
52.128,0.015747582690329075,-0.019004345973227338,0.015703207222011732,,342.81
52.132,0.016007582690329057,-0.019094345973227317,0.015873207222011736,,342.81
52.136,0.01617758269032906,-0.019004345973227338,0.015963207222011715,,342.81
52.14,0.016347582690329064,-0.0187443459732273,0.01604320722201174,,342.81
52.144,0.016517582690329068,-0.018494345973227327,0.016213207222011743,,342.81
52.148,0.016607582690329047,-0.018234345973227345,0.01630320722201172,,342.81
52.152,0.016607582690329047,-0.01806434597322734,0.01630320722201172,,342.81
52.156,0.016607582690329047,-0.017714345973227325,0.016213207222011743,,342.81
52.16,0.016607582690329047,-0.017374345973227318,0.01630320722201172,,342.81
52.164,0.016517582690329068,-0.017114345973227335,0.01630320722201172,,342.81
52.168,0.01642758269032909,-0.016864345973227307,0.01630320722201172,,342.81
52.172,0.016347582690329064,-0.016514345973227346,0.01630320722201172,,342.81
52.176,0.016257582690329085,-0.016094345973227314,0.01630320722201172,,342.81
52.18,0.016257582690329085,-0.015744345973227297,0.016133207222011718,,342.81
52.184,0.016517582690329068,-0.015234345973227342,0.015873207222011736,,342.81
52.188,0.016517582690329068,-0.014634345973227297,0.015873207222011736,,342.81
52.192,0.01642758269032909,-0.014034345973227308,0.015703207222011732,,342.81
52.196,0.01617758269032906,-0.01334434597322734,0.015443207222011751,,342.81
52.2,0.015917582690329078,-0.01274434597322735,0.015363207222011727,,342.81
52.204,0.015657582690329096,-0.011894345973227333,0.015193207222011723,,342.81
52.208,0.015577582690329071,-0.01111328475284266,0.015103207222011744,,342.81
52.212,0.015407582690329068,-0.010308416743201107,0.014933207222011741,,342.81
52.216,0.015227582690329054,-0.009483270956602743,0.014673207222011703,,342.81
52.22,0.014977582690329082,-0.008641376405347638,0.014503207222011755,,342.81
52.224,0.014807582690329078,-0.0077862621017358614,0.014163207222011748,,342.81
52.228,0.014457582690329061,-0.006921457058067486,0.01390320722201171,,342.81
52.232,0.013947582690329051,-0.006050490286642577,0.013733207222011707,,342.81
52.236,0.013517582690329065,-0.005176890799761206,0.013393207222011755,,342.81
52.24,0.013177582690329058,-0.004304187609723443,0.012963207222011714,,342.81
52.244,0.012827582690329097,-0.0034359097288293576,0.012443207222011749,,342.81
52.248,0.012577582690329069,-0.002575586169379019,0.01219320722201172,,342.81
52.252,0.012317582690329086,-0.0017267459436724987,0.011763207222011735,,342.81
52.256,0.011977582690329079,-0.0008929180640098636,0.011333207222011749,,342.81
52.26,0.011627582690329062,-7.763154269118517e-05,0.010903207222011707,,342.81
52.264,0.011287582690329055,0.0007155846079834675,0.010563207222011756,,342.81
52.268,0.010947582690329048,0.001483201375714024,0.010213207222011739,,342.81
52.272,0.010687582690329066,0.002221689748200415,0.009703207222011729,,342.81
52.276,0.01025758269032908,0.002927520713142571,0.009013207222011705,,342.81
52.28,0.009917582690329073,0.003597165258240421,0.00850320722201175,,342.81
52.284,0.009577582690329066,0.004227094371193899,0.008073207222011708,,342.81
52.288,0.009227582690329049,0.004813779039702928,0.007473207222011719,,342.81
52.292,0.008717582690329094,0.005353690251467446,0.006873207222011729,,342.81
52.296,0.008377582690329087,0.0058432989941873785,0.006363207222011719,,342.81
52.3,0.007947582690329101,0.006279076255562656,0.005933207222011733,,342.81
52.304,0.007607582690329094,0.0066574930232932115,0.005503207222011747,,342.81
52.308,0.007177582690329053,0.006975020285078973,0.004903207222011702,,342.81
52.312,0.006317582690329081,0.007228129028619875,0.004393207222011747,,342.81
52.316,0.005887582690329095,0.007413290241615841,0.0037932072220117023,,342.81
52.32,0.005717582690329091,0.007526974911766807,0.003193207222011713,,342.81
52.324,0.0052997079007568604,0.0075656540267727,0.002763207222011727,,342.81
52.328,0.004600142315408225,0.006965654026772655,0.002333207222011741,,342.81
52.332,0.0037247635697356136,0.007135654026772659,0.0018232072220117305,,342.81
52.336,0.002779449299191455,0.007645654026772669,0.001223207222011741,,342.81
52.34,0.00187007713922818,0.008075654026772655,0.0007032072220117205,,342.81
52.344,0.001102524725298218,0.008335654026772693,0.00027320722201173455,,342.81
52.348,0.0004936966087107119,0.008595654026772676,-0.0002367927779882759,,342.81
52.352,0.00014758269032907217,0.008935654026772683,-0.0008367927779882653,,342.81
52.356,5.7582690329093184e-05,0.00927565402677269,-0.0013567927779882857,,342.81
52.36,-0.00016845071894643808,0.009705654026772675,-0.0018667927779882961,,342.81
52.364,-0.0005658710702050416,0.010215654026772686,-0.002376792777988251,,342.81
52.368,-0.0011079888094301042,0.010645654026772672,-0.0028067927779882925,,342.81
52.372,-0.0017681143826050129,0.010905654026772654,-0.0028067927779882925,,342.81
52.376,-0.0025195582357131555,0.011075654026772658,-0.0032367927779882785,,342.81
52.38,-0.003335630814737917,0.011415654026772665,-0.004006792777988271,,342.81
52.384,-0.004189642565662687,0.011765654026772682,-0.004436792777988257,,342.81
52.388,-0.00505490393447085,0.012195654026772668,-0.00520679277798825,,342.81
52.392,-0.005904725367145794,0.012445654026772696,-0.005726792777988271,,342.81
52.396,-0.006712417309670905,0.012615654026772699,-0.006576792777988288,,342.81
52.4,-0.007562417309670923,0.01296565402677266,-0.007096792777988253,,342.81
52.404,-0.008162417309670912,0.013305654026772668,-0.0076067927779882635,,342.81
52.408,-0.008932417309670905,0.01356565402677265,-0.008206792777988253,,342.81
52.412,-0.00953241730967095,0.013905654026772657,-0.008726792777988273,,342.81
52.416,-0.01013241730967094,0.014165654026772695,-0.00914679277798825,,342.81
52.42,-0.010732417309670929,0.014335654026772698,-0.009746792777988294,,342.81
52.424,-0.011422417309670953,0.01459565402677268,-0.010606792777988266,,342.81
52.428,-0.012192417309670946,0.01467565402677265,-0.011126792777988287,,342.81
52.432,-0.01271241730967091,0.014935654026772688,-0.011546792777988263,,342.81
52.436,-0.013132417309670942,0.015105654026772691,-0.011976792777988248,,342.81
52.44,-0.013562417309670928,0.015365654026772674,-0.012496792777988269,,342.81
52.444,-0.013992417309670914,0.015445654026772698,-0.012926792777988255,,342.81
52.448,-0.014592417309670903,0.015445654026772698,-0.013096792777988258,,342.81
52.452,-0.015022417309670945,0.015365654026772674,-0.013346792777988286,,342.81
52.456,-0.01545241730967093,0.015445654026772698,-0.013696792777988248,,342.81
52.46,-0.015882417309670917,0.015445654026772698,-0.014036792777988255,,342.81
52.464,-0.016302417309670948,0.015535654026772677,-0.014546792777988265,,342.81
52.468,-0.01665241730967091,0.015875654026772684,-0.014896792777988282,,342.81
52.472,-0.01708241730967095,0.01621565402677269,-0.014976792777988251,,342.81
52.476,-0.017502417309670927,0.01630565402677267,-0.015316792777988258,,342.81
52.48,-0.017932417309670913,0.016135654026772667,-0.015576792777988296,,342.81
52.484,-0.01828241730967093,0.01579565402677266,-0.01583679277798828,,342.81
52.488,-0.0183624173096709,0.015535654026772677,-0.016096792777988263,,342.81
52.492,-0.018452417309670933,0.015535654026772677,-0.016176792777988287,,342.81
52.496,-0.01879241730967094,0.015535654026772677,-0.01643679277798827,,342.81
52.5,-0.019132417309670947,0.015445654026772698,-0.016606792777988273,,342.81
52.504,-0.019222417309670926,0.01519565402677267,-0.016866792777988256,,342.81
52.508,-0.01948241730967091,0.015015654026772657,-0.01694679277798828,,342.81
52.512,-0.019562417309670933,0.014935654026772688,-0.017116792777988284,,342.81
52.516,-0.019652417309670912,0.01467565402677265,-0.017376792777988266,,342.81
52.52,-0.01990241730967094,0.01459565402677268,-0.017466792777988245,,342.81
52.524,-0.01999241730967092,0.014335654026772698,-0.017466792777988245,,342.81
52.528,-0.01999241730967092,0.014245654026772664,-0.017466792777988245,,342.81
52.532,-0.0200824173096709,0.013905654026772657,-0.017716792777988273,,342.81
52.536,-0.01990241730967094,0.013645654026772674,-0.017716792777988273,,342.81
52.54,-0.019652417309670912,0.01356565402677265,-0.01763679277798825,,342.81
52.544,-0.019562417309670933,0.013045654026772685,-0.017466792777988245,,342.81
52.548,-0.01930241730967095,0.012705654026772678,-0.017466792777988245,,342.81
52.552,-0.019132417309670947,0.012445654026772696,-0.017466792777988245,,342.81
52.556,-0.01888241730967092,0.012105654026772689,-0.017376792777988266,,342.81
52.56,-0.018702417309670906,0.011675654026772703,-0.017206792777988263,,342.81
52.564,-0.0183624173096709,0.011335654026772696,-0.01703679277798826,,342.81
52.568,-0.018022417309670948,0.011165654026772692,-0.01694679277798828,,342.81
52.572,-0.017592417309670906,0.01073565402677265,-0.016696792777988252,,342.81
52.576,-0.01716241730967092,0.010215654026772686,-0.016516792777988294,,342.81
52.58,-0.016732417309670934,0.009705654026772675,-0.016176792777988287,,342.81
52.584,-0.016392417309670927,0.009365654026772668,-0.01591679277798825,,342.81
52.588,-0.01596241730967094,0.008935654026772683,-0.015666792777988277,,342.81
52.592,-0.01545241730967093,0.008505654026772697,-0.015236792777988289,,342.81
52.596,-0.01493241730967091,0.007995654026772686,-0.014896792777988282,,342.81
52.6,-0.014332417309670921,0.007395654026772697,-0.014466792777988296,,342.81
52.604,-0.013902417309670935,0.006875654026772676,-0.014036792777988255,,342.81
52.608,-0.013392417309670925,0.006365654026772666,-0.013696792777988248,,342.81
52.612,-0.012882417309670914,0.00593565402677268,-0.013176792777988283,,342.81
52.616,-0.012282417309670925,0.005425654026772669,-0.012576792777988293,,342.81
52.62,-0.011762417309670904,0.00482565402677268,-0.011976792777988248,,342.81
52.624,-0.011162417309670915,0.004395654026772694,-0.01129679277798829,,342.81
52.628,-0.010562417309670925,0.003875654026772673,-0.01077679277798827,,342.81
52.632,-0.009792417309670932,0.0032756540267726837,-0.01026679277798826,,342.81
52.636,-0.009282417309670922,0.0027656540267726733,-0.00966679277798827,,342.81
52.64,-0.008592417309670954,0.002165654026772684,-0.00906679277798828,,342.81
52.644,-0.007732417309670926,0.0015656540267726944,-0.008466792777988291,,342.81
52.648,-0.006962417309670933,0.001045654026772674,-0.007866792777988246,,342.81
52.652,-0.006362417309670944,0.0005356540267726636,-0.0072667927779882565,,342.81
52.656,-0.005762417309670899,-6.434597322732582e-05,-0.006666792777988267,,342.81
52.66,-0.005252417309670944,-0.0004043459732273328,-0.005896792777988274,,342.81
52.664,-0.00456241730967092,-0.0004043459732273328,-0.005126792777988281,,342.81
52.668,-0.003962417309670931,-0.0004943459732273118,-0.004346792777988278,,342.81
52.672,-0.0032546525517554064,-0.0010043459732273223,-0.003406792777988282,,342.81
52.676,-0.002465184953138532,-0.0018643459732273497,-0.002636792777988289,,342.81
52.68,-0.0016406210717209771,-0.0023743459732273047,-0.0022067927779882476,,342.81
52.684,-0.000827567465403413,-0.003324345973227311,-0.0018667927779882961,,342.81
52.688,-7.263069208651089e-05,-0.0040943459732273035,-0.0016067927779882581,,342.81
52.692,0.0005775826903290581,-0.0047743459732273175,-0.0012667927779882512,,342.81
52.696,0.0010875826903290686,-0.005464345973227341,-0.0008367927779882653,,342.81
52.7,0.0014375826903290855,-0.0061443459732273,-0.00024062709209924564,,342.81
52.704,0.001947582690329096,-0.007094345973227306,0.0004870365717224949,,342.81
52.708,0.002287582690329047,-0.00777434597322732,0.0012917250242607107,,342.81
52.712,0.0028075826903290677,-0.00837434597322731,0.0021189650762991562,,342.81
52.716,0.003317582690329078,-0.008974345973227299,0.002914283538621586,,342.81
52.72,0.0038375826903290985,-0.00949434597322732,0.0036232072220117543,,342.81
52.724,0.0046075826903290915,-0.010094345973227309,0.004223207222011744,,342.81
52.728,0.005037582690329077,-0.010774345973227323,0.004563207222011751,,342.81
52.732,0.005547582690329088,-0.011464345973227347,0.005073207222011706,,342.81
52.736,0.006147582690329077,-0.011974345973227302,0.0056732072220117506,,342.81
52.74,0.006577582690329063,-0.012494345973227322,0.0061932072220117155,,342.81
52.744,0.00691758269032907,-0.012924345973227308,0.006793207222011705,,342.81
52.748,0.007437582690329091,-0.013434345973227318,0.007223207222011746,,342.81
52.752,0.008117582690329049,-0.014034345973227308,0.007733207222011757,,342.81
52.756,0.00862758269032906,-0.01446434597322735,0.008413207222011715,,342.81
52.76,0.00914758269032908,-0.014894345973227335,0.008933207222011736,,342.81
52.764,0.009487582690329087,-0.015314345973227311,0.009363207222011722,,342.81
52.768,0.009827582690329094,-0.015664345973227328,0.009793207222011708,,342.81
52.772,0.01025758269032908,-0.016094345973227314,0.010133207222011715,,342.81
52.776,0.010687582690329066,-0.016514345973227346,0.010563207222011756,,342.81
52.78,0.011027582690329073,-0.016774345973227328,0.010993207222011742,,342.81
52.784,0.011457582690329059,-0.01703434597322731,0.011333207222011749,,342.81
52.788,0.011977582690329079,-0.017374345973227318,0.011763207222011735,,342.81
52.792,0.012317582690329086,-0.017804345973227304,0.01219320722201172,,342.81
52.796,0.01248758269032909,-0.01814434597322731,0.012613207222011752,,342.81
52.8,0.012827582690329097,-0.018314345973227314,0.013043207222011738,,342.81
52.804,0.013177582690329058,-0.018574345973227296,0.013393207222011755,,342.81
52.808,0.013687582690329068,-0.01866434597322733,0.013733207222011707,,342.81
52.812,0.014027582690329075,-0.018914345973227303,0.013993207222011745,,342.81
52.816,0.014207582690329089,-0.018914345973227303,0.014333207222011752,,342.81
52.82,0.014547582690329096,-0.018914345973227303,0.014593207222011734,,342.81
52.824,0.014807582690329078,-0.019004345973227338,0.014763207222011738,,342.81
52.828,0.014887582690329047,-0.019094345973227317,0.015103207222011744,,342.81
52.832,0.015227582690329054,-0.019094345973227317,0.015363207222011727,,342.81
52.836,0.015487582690329092,-0.019094345973227317,0.015443207222011751,,342.81
52.84,0.015657582690329096,-0.019004345973227338,0.015613207222011755,,342.81
52.844,0.016007582690329057,-0.019004345973227338,0.01553320722201173,,342.81
52.848,0.01608758269032908,-0.019004345973227338,0.015703207222011732,,342.81
52.852,0.01617758269032906,-0.019004345973227338,0.015873207222011736,,342.81
52.856,0.016347582690329064,-0.018574345973227296,0.016133207222011718,,342.81
52.86,0.01642758269032909,-0.018234345973227345,0.01630320722201172,,342.81
52.864,0.016517582690329068,-0.01814434597322731,0.01630320722201172,,342.81
52.868,0.016517582690329068,-0.017894345973227338,0.016213207222011743,,342.81
52.872,0.016517582690329068,-0.017714345973227325,0.01630320722201172,,342.81
52.876,0.016517582690329068,-0.017374345973227318,0.016213207222011743,,342.81
52.88,0.01642758269032909,-0.01703434597322731,0.01630320722201172,,342.81
52.884,0.016517582690329068,-0.016694345973227304,0.01630320722201172,,342.81
52.888,0.016857582690329075,-0.01617434597322734,0.016213207222011743,,342.81
52.892,0.016857582690329075,-0.015744345973227297,0.01630320722201172,,342.81
52.896,0.01642758269032909,-0.015314345973227311,0.016213207222011743,,342.81
52.9,0.016257582690329085,-0.014714345973227322,0.015963207222011715,,342.81
52.904,0.01642758269032909,-0.014114345973227332,0.015873207222011736,,342.81
52.908,0.016257582690329085,-0.013694345973227301,0.01579320722201171,,342.81
52.912,0.01608758269032908,-0.013174345973227336,0.01553320722201173,,342.81
52.916,0.016007582690329057,-0.012494345973227322,0.015363207222011727,,342.81
52.92,0.015747582690329075,-0.011894345973227333,0.015103207222011744,,342.81
52.924,0.015657582690329096,-0.011204345973227309,0.015103207222011744,,342.81
52.928,0.015407582690329068,-0.01052434597322735,0.01501320722201171,,342.81
52.932,0.015147582690329085,-0.009834345973227326,0.014763207222011738,,342.81
52.936,0.014807582690329078,-0.008974345973227299,0.014503207222011755,,342.81
52.94,0.014547582690329096,-0.00829434597322734,0.014163207222011748,,342.81
52.944,0.014377582690329092,-0.007604345973227317,0.013813207222011731,,342.81
52.948,0.013947582690329051,-0.006744345973227345,0.013473207222011724,,342.81
52.952,0.013517582690329065,-0.005894345973227327,0.013133207222011717,,342.81
52.956,0.013177582690329058,-0.0050343459732273,0.012873207222011735,,342.81
52.96,0.012827582690329097,-0.004174345973227328,0.012533207222011728,,342.81
52.964,0.01248758269032909,-0.003324345973227311,0.01219320722201172,,342.81
52.968,0.012227582690329052,-0.002464345973227339,0.011673207222011756,,342.81
52.972,0.0118875826903291,-0.0016043459732273118,0.011163207222011745,,342.81
52.976,0.011547582690329093,-0.0007543459732273497,0.010733207222011704,,342.81
52.98,0.011287582690329055,0.00010565402677267766,0.010473207222011722,,342.81
52.984,0.011117582690329052,0.0007056540267726671,0.009873207222011732,,342.81
52.988,0.010607582690329097,0.0005356540267726636,0.009363207222011722,,342.81
52.992,0.010007582690329052,0.0007056540267726671,0.008843207222011757,,342.81
52.996,0.009487582690329087,0.0016456540267726634,0.008333207222011746,,342.81
53.0,0.00914758269032908,0.0019056540267727014,0.007643207222011722,,342.81
53.004,0.008977582690329076,0.002165654026772684,0.007133207222011712,,342.81
53.008,0.00862758269032906,0.0025956540267726698,0.006793207222011705,,342.81
53.012,0.008207582690329084,0.0030256540267726557,0.006363207222011719,,342.81
53.016,0.007607582690329094,0.003445654026772687,0.0057632072220117295,,342.81
53.02,0.007087582690329074,0.0037956540267726486,0.005243207222011709,,342.81
53.024,0.006657582690329088,0.0042256540267726905,0.00464320722201172,,342.81
53.028,0.006147582690329077,0.004735654026772701,0.00404320722201173,,342.81
53.032,0.005547582690329088,0.005505654026772694,0.0036232072220117543,,342.81
53.036,0.005037582690329077,0.006275654026772687,0.0030232072220117093,,342.81
53.04,0.0046875826903290604,0.006795654026772652,0.0025932072220117234,,342.81
53.044,0.004105413719715808,0.007395654026772697,0.001993207222011734,,342.81
53.048,0.003310563963322681,0.007815654026772673,0.001563207222011748,,342.81
53.052,0.002410194701668562,0.007905654026772652,0.0011332072220117066,,342.81
53.056,0.0015114672152723326,0.008335654026772693,0.0006232072220117515,,342.81
53.06,0.0007215427846528758,0.0086756540267727,-6.679277798827242e-05,,342.81
53.064,0.00014758269032907217,0.009015654026772651,-0.0004967927779882584,,342.81
53.068,-0.0001924173096709348,0.009365654026772668,-0.0010967927779882477,,342.81
53.072,-0.0001124173096709103,0.009705654026772675,-0.0017767927779882616,,342.81
53.076,-0.00024648888121117847,0.010135654026772661,-0.002296792777988282,,342.81
53.08,-0.0006203162307029755,0.0103956540267727,-0.0025567927779882645,,342.81
53.084,-0.001191318310452789,0.010645654026772672,-0.002636792777988289,,342.81
53.088,-0.0019199732946915506,0.010995654026772689,-0.003066792777988275,,342.81
53.092,-0.0027639807884865825,0.011335654026772696,-0.003746792777988289,,342.81
53.096,-0.003677337071553082,0.011675654026772703,-0.004436792777988257,,342.81
53.1,-0.004614038423606244,0.012015654026772654,-0.004866792777988243,,342.81
53.104,-0.005528081124361267,0.012275654026772692,-0.005636792777988292,,342.81
53.108,-0.006373461453533343,0.012615654026772699,-0.006146792777988247,,342.81
53.112,-0.007132417309670937,0.013045654026772685,-0.007006792777988274,,342.81
53.116,-0.007822417309670905,0.013305654026772668,-0.00743679277798826,,342.81
53.12,-0.00842241730967095,0.013395654026772702,-0.00794679277798827,,342.81
53.124,-0.00902241730967094,0.013815654026772678,-0.008636792777988294,,342.81
53.128,-0.009622417309670929,0.014165654026772695,-0.00914679277798825,,342.81
53.132,-0.010222417309670918,0.014245654026772664,-0.00966679277798827,,342.81
53.136,-0.011082417309670946,0.014505654026772702,-0.010436792777988263,,342.81
53.14,-0.011762417309670904,0.014765654026772684,-0.011206792777988256,,342.81
53.144,-0.012282417309670925,0.015015654026772657,-0.011636792777988297,,342.81
53.148,-0.012792417309670935,0.01519565402677267,-0.012066792777988283,,342.81
53.152,-0.013392417309670925,0.015445654026772698,-0.012496792777988269,,342.81
53.156,-0.013902417309670935,0.015445654026772698,-0.012836792777988276,,342.81
53.16,-0.014252417309670952,0.015445654026772698,-0.013176792777988283,,342.81
53.164,-0.014682417309670938,0.015445654026772698,-0.013266792777988262,,342.81
53.168,-0.015102417309670914,0.015445654026772698,-0.013696792777988248,,342.81
53.172,-0.01545241730967093,0.015365654026772674,-0.01411679277798828,,342.81
53.176,-0.015882417309670917,0.015535654026772677,-0.014546792777988265,,342.81
53.18,-0.016302417309670948,0.015875654026772684,-0.014896792777988282,,342.81
53.184,-0.01665241730967091,0.01621565402677269,-0.014976792777988251,,342.81
53.188,-0.01708241730967095,0.01630565402677267,-0.015406792777988293,,342.81
53.192,-0.017502417309670927,0.01630565402677267,-0.015746792777988246,,342.81
53.196,-0.017932417309670913,0.01621565402677269,-0.01583679277798828,,342.81
53.2,-0.018452417309670933,0.016045654026772688,-0.016006792777988284,,342.81
53.204,-0.01879241730967094,0.01579565402677266,-0.016176792777988287,,342.81
53.208,-0.01888241730967092,0.015535654026772677,-0.01643679277798827,,342.81
53.212,-0.01888241730967092,0.015535654026772677,-0.016606792777988273,,342.81
53.216,-0.019052417309670923,0.015445654026772698,-0.016866792777988256,,342.81
53.22,-0.019132417309670947,0.01519565402677267,-0.01694679277798828,,342.81
53.224,-0.01930241730967095,0.014935654026772688,-0.017116792777988284,,342.81
53.228,-0.019562417309670933,0.01467565402677265,-0.017296792777988297,,342.81
53.232,-0.019562417309670933,0.01459565402677268,-0.017296792777988297,,342.81
53.236,-0.019652417309670912,0.014335654026772698,-0.017296792777988297,,342.81
53.24,-0.01990241730967094,0.014245654026772664,-0.017296792777988297,,342.81
53.244,-0.01999241730967092,0.01407565402677266,-0.017376792777988266,,342.81
53.248,-0.01990241730967094,0.013995654026772691,-0.017376792777988266,,342.81
53.252,-0.019652417309670912,0.01356565402677265,-0.017376792777988266,,342.81
53.256,-0.019562417309670933,0.013215654026772689,-0.017376792777988266,,342.81
53.26,-0.01930241730967095,0.012795654026772657,-0.017376792777988266,,342.81
53.264,-0.019132417309670947,0.012615654026772699,-0.017376792777988266,,342.81
53.268,-0.01888241730967092,0.012535654026772675,-0.017296792777988297,,342.81
53.272,-0.018702417309670906,0.012195654026772668,-0.017206792777988263,,342.81
53.276,-0.0183624173096709,0.01184565402677265,-0.01703679277798826,,342.81
53.28,-0.018022417309670948,0.011335654026772696,-0.016866792777988256,,342.81
53.284,-0.017592417309670906,0.010905654026772654,-0.016606792777988273,,342.81
53.288,-0.01716241730967092,0.010565654026772703,-0.016516792777988294,,342.81
53.292,-0.016732417309670934,0.010215654026772686,-0.016266792777988266,,342.81
53.296,-0.016392417309670927,0.009795654026772654,-0.016006792777988284,,342.81
53.3,-0.01596241730967094,0.009195654026772665,-0.015666792777988277,,342.81
53.304,-0.0155324173096709,0.008505654026772697,-0.015236792777988289,,342.81
53.308,-0.015192417309670948,0.007995654026772686,-0.014896792777988282,,342.81
53.312,-0.014762417309670907,0.007645654026772669,-0.014466792777988296,,342.81
53.316,-0.014162417309670917,0.007305654026772662,-0.014036792777988255,,342.81
53.32,-0.013562417309670928,0.006795654026772652,-0.013696792777988248,,342.81
53.324,-0.013052417309670918,0.006195654026772662,-0.013176792777988283,,342.81
53.328,-0.012452417309670928,0.005675654026772697,-0.012576792777988293,,342.81
53.332,-0.011852417309670939,0.005165654026772687,-0.012066792777988283,,342.81
53.336,-0.011332417309670918,0.0046456540267726665,-0.011466792777988294,,342.81
53.34,-0.010732417309670929,0.004045654026772677,-0.010866792777988249,,342.81
53.344,-0.010222417309670918,0.003535654026772666,-0.010436792777988263,,342.81
53.348,-0.009712417309670908,0.0030256540267726557,-0.009926792777988252,,342.81
53.352,-0.009112417309670919,0.0024256540267726663,-0.009326792777988263,,342.81
53.356,-0.00842241730967095,0.0019956540267726803,-0.008726792777988273,,342.81
53.36,-0.007482417309670954,0.00147565402677266,-0.00803679277798825,,342.81
53.364,-0.006882417309670909,0.0007056540267726671,-0.0075267927779882945,,342.81
53.368,-0.00619241730967094,0.00027565402677268115,-0.0067467927779882916,,342.81
53.372,-0.005422417309670947,-0.0001543459732273048,-0.005896792777988274,,342.81
53.376,-0.0048224173096709025,-0.0005743459732273363,-0.005126792777988281,,342.81
53.38,-0.00405241730967091,-0.0009243459732272977,-0.004436792777988257,,342.81
53.384,-0.00345241730967092,-0.0012643459732273048,-0.003746792777988289,,342.81
53.388,-0.0027706680201073607,-0.0017743459732273152,-0.002726792777988268,,342.81
53.392,-0.0020235294152018126,-0.0026343459732273426,-0.001956792777988275,,342.81
53.396,-0.0012545682683298362,-0.0034043459732273356,-0.001164554908718858,,342.81
53.4,-0.0005073513528669913,-0.0040043459732273246,-0.0003540383712441617,,342.81
53.404,0.00017455455781116157,-0.004604345973227314,0.00046127900012304403,,342.81
53.408,0.0007475826903290616,-0.005204345973227303,0.0012679193710699904,,342.81
53.412,0.0011775826903290475,-0.005894345973227327,,,342.81
53.416,0.001687582690329058,-0.006574345973227341,,,342.81
53.42,0.001947582690329096,-0.007434345973227313,,,342.81
53.424,0.0024575826903290507,-0.008204345973227306,,,342.81
53.428,0.002887582690329092,-0.008724345973227327,,,342.81
53.432,0.0034875826903290816,-0.009324345973227316,,,342.81
53.436,0.004087582690329071,-0.010094345973227309,,,342.81
53.44,0.0046875826903290604,-0.010774345973227323,,,342.81
53.444,0.00528758269032905,-0.011294345973227343,,,342.81
53.448,0.00580758269032907,-0.011974345973227302,,,342.81
53.452,0.006237582690329056,-0.012404345973227343,,,342.81
53.456,0.006657582690329088,-0.01274434597322735,,,342.81
53.46,0.007257582690329077,-0.013174345973227336,,,342.81
53.464,0.007777582690329098,-0.013694345973227301,,,342.81
53.468,0.008287582690329053,-0.014204345973227311,,,342.81
53.472,0.008717582690329094,-0.0148043459732273,,,342.81
53.476,0.00914758269032908,-0.015314345973227311,,,342.81
53.48,0.009487582690329087,-0.015664345973227328,,,342.81
53.484,0.009917582690329073,-0.016094345973227314,,,342.81
53.488,0.010347582690329059,-0.016514345973227346,,,342.81
53.492,0.010687582690329066,-0.016694345973227304,,,342.81
53.496,0.011117582690329052,-0.01703434597322731,,,342.81
53.5,0.011717582690329097,-0.017374345973227318,,,342.81
53.504,0.012227582690329052,-0.017804345973227304,,,342.81
53.508,0.01248758269032909,-0.01814434597322731,,,342.81
53.512,0.012747582690329072,-0.018234345973227345,,,342.81
53.516,0.012827582690329097,-0.018494345973227327,,,342.81
53.52,0.013177582690329058,-0.01866434597322733,,,342.81
53.524,0.013687582690329068,-0.018914345973227303,,,342.81
53.528,0.014117582690329054,-0.019004345973227338,,,342.81
53.532,0.014377582690329092,-0.019004345973227338,,,342.81
53.536,0.014457582690329061,-0.019004345973227338,,,342.81
53.54,0.014887582690329047,-0.019004345973227338,,,342.81
53.544,0.015227582690329054,-0.019004345973227338,,,342.81
53.548,0.015407582690329068,-0.019094345973227317,,,342.81
53.552,0.015657582690329096,-0.019004345973227338,,,342.81
53.556,0.0158275826903291,-0.019004345973227338,,,342.81
53.56,0.01608758269032908,-0.018914345973227303,,,342.81
53.564,0.01617758269032906,-0.01866434597322733,,,342.81
53.568,0.01642758269032909,-0.018494345973227327,,,342.81
53.572,0.01642758269032909,-0.018234345973227345,,,342.81
53.576,0.016347582690329064,-0.01806434597322734,,,342.81
53.58,0.016347582690329064,-0.017804345973227304,,,342.81
53.584,0.01677758269032905,-0.017714345973227325,,,342.81
53.588,0.016857582690329075,-0.017374345973227318,,,342.81
53.592,0.016857582690329075,-0.01694434597322733,,,342.81
53.596,0.016857582690329075,-0.016604345973227325,,,342.81
53.6,0.016857582690329075,-0.01617434597322734,,,342.81
53.604,0.01677758269032905,-0.015744345973227297,,,342.81
53.608,0.016517582690329068,-0.015314345973227311,,,342.81
53.612,0.016517582690329068,-0.014894345973227335,,,342.81
53.616,0.016517582690329068,-0.014374345973227315,,,342.81
53.62,0.01642758269032909,-0.013774345973227325,,,342.81
53.624,0.01617758269032906,-0.013174345973227336,,,342.81
53.628,0.01608758269032908,-0.012404345973227343,,,342.81
53.632,0.016007582690329057,-0.01172434597322733,,,342.81
53.636,0.015747582690329075,-0.01112434597322734,,,342.81
53.64,0.015657582690329096,-0.010434345973227316,,,342.81
53.644,0.015317582690329089,-0.009664345973227323,,,342.81
53.648,0.014977582690329082,-0.008634345973227348,,,342.81
53.652,0.014807582690329078,-0.00829434597322734,,,342.81
53.656,0.014457582690329061,-0.007864345973227299,,,342.81
53.66,0.013947582690329051,-0.007434345973227313,,,342.81
53.664,0.013517582690329065,-0.007004345973227327,,,342.81
53.668,0.013177582690329058,-0.006574345973227341,,,342.81
53.672,0.012827582690329097,-0.0061443459732273,,,342.81
53.676,0.01248758269032909,-0.005724345973227324,,,342.81
53.68,0.012227582690329052,-0.005127671601368042,,,342.81
53.684,0.0118875826903291,-0.004374694352629914,,,342.81
53.688,0.011547582690329093,-0.0035115657317596285,,,342.81
53.692,0.011287582690329055,-0.002575542090718945,,,342.81
53.696,0.011207582690329086,-0.0016038797814696228,,,342.81
53.7,0.0107775826903291,-0.0006338351559734226,,,342.81
53.704,0.01025758269032908,0.00029733543380789545,,,342.81
53.708,0.010007582690329052,0.0011936895376604955,,,342.81
53.712,0.00974758269032907,0.001997723373506384,,,342.81
53.716,0.009317582690329083,0.0026756540267726943,,,342.81
53.72,0.008717582690329094,0.003195654026772659,,,342.81
53.724,0.008377582690329087,0.0037056540267726697,,,342.81
53.728,0.007947582690329101,0.0042256540267726905,,,342.81
53.732,0.007347582690329056,0.004735654026772701,,,342.81
53.736,0.006837582690329101,0.005245654026772656,,,342.81
53.74,0.006577582690329063,0.005765654026772676,,,342.81
53.744,0.006237582690329056,0.006365654026772666,,,342.81
53.748,0.00580758269032907,0.006965654026772655,,,342.81
53.752,0.005117582690329046,0.007225654026772693,,,342.81
53.756,0.004357921497931353,0.007305654026772662,,,342.81
53.76,0.003546464436924598,0.007815654026772673,,,342.81
53.764,0.002714456766484887,0.008245654026772659,,,342.81
53.768,0.0018931437457883234,0.00816565402677269,,,342.81
53.772,0.0011137706340110113,0.008505654026772697,,,342.81
53.776,0.00040758269032905464,0.008935654026772683,,,342.81
53.78,-0.0001924173096709348,0.00927565402677269,,,342.81
53.784,-0.0001924173096709348,0.009615654026772696,,,342.81
53.788,-0.0002824173096709138,0.009795654026772654,,,342.81
53.792,-0.0005997515009686686,0.010045654026772682,,,342.81
53.796,-0.001141655087076389,0.010475654026772668,,,342.81
53.8,-0.0018911471550664947,0.010905654026772654,,,342.81
53.804,-0.0027755985581299934,0.011335654026772696,,,342.81
53.808,-0.003722380149457894,0.011675654026772703,,,342.81
53.812,-0.004658862782241203,0.012015654026772654,,,342.81
53.816,-0.005512417309670926,0.012275654026772692,,,342.81
53.82,-0.006282417309670919,0.012615654026772699,,,342.81
53.824,-0.006962417309670933,0.012875654026772682,,,342.81
53.828,-0.007652417309670902,0.013135654026772664,,,342.81
53.832,-0.008252417309670947,0.013475654026772671,,,342.81
53.836,-0.008852417309670936,0.013815654026772678,,,342.81
53.84,-0.00953241730967095,0.013995654026772691,,,342.81
53.844,-0.010392417309670922,0.014245654026772664,,,342.81
53.848,-0.010992417309670911,0.014505654026772702,,,342.81
53.852,-0.011332417309670918,0.014765654026772684,,,342.81
53.856,-0.011852417309670939,0.015015654026772657,,,342.81
53.86,-0.012622417309670932,0.01519565402677267,,,342.81
53.864,-0.013052417309670918,0.015445654026772698,,,342.81
53.868,-0.013392417309670925,0.015445654026772698,,,342.81
53.872,-0.01382241730967091,0.015535654026772677,,,342.81
53.876,-0.014252417309670952,0.01579565402677266,,,342.81
53.88,-0.014762417309670907,0.01570565402677268,,,342.81
53.884,-0.01545241730967093,0.01570565402677268,,,342.81
53.888,-0.01596241730967094,0.015965654026772663,,,342.81
53.892,-0.016302417309670948,0.015965654026772663,,,342.81
53.896,-0.01665241730967091,0.015965654026772663,,,342.81
53.9,-0.01708241730967095,0.01621565402677269,,,342.81
53.904,-0.017422417309670903,0.01630565402677267,,,342.81
53.908,-0.017592417309670906,0.01630565402677267,,,342.81
53.912,-0.017932417309670913,0.01621565402677269,,,342.81
53.916,-0.0183624173096709,0.016045654026772688,,,342.81
53.92,-0.018532417309670902,0.015875654026772684,,,342.81
53.924,-0.018532417309670902,0.015615654026772702,,,342.81
53.928,-0.018702417309670906,0.015365654026772674,,,342.81
53.932,-0.018962417309670944,0.015105654026772691,,,342.81
53.936,-0.01939241730967093,0.015105654026772691,,,342.81
53.94,-0.01930241730967095,0.015015654026772657,,,342.81
53.944,-0.01930241730967095,0.014765654026772684,,,342.81
53.948,-0.019222417309670926,0.01459565402677268,,,342.81
53.952,-0.01930241730967095,0.014335654026772698,,,342.81
53.956,-0.019652417309670912,0.014335654026772698,,,342.81
53.96,-0.019652417309670912,0.013905654026772657,,,342.81
53.964,-0.019652417309670912,0.013815654026772678,,,342.81
53.968,-0.019562417309670933,0.013815654026772678,,,342.81
53.972,-0.01930241730967095,0.013395654026772702,,,342.81
53.976,-0.019132417309670947,0.01296565402677266,,,342.81
53.98,-0.01879241730967094,0.012535654026772675,,,342.81
53.984,-0.018532417309670902,0.012105654026772689,,,342.81
53.988,-0.0183624173096709,0.011765654026772682,,,342.81
53.992,-0.018022417309670948,0.011415654026772665,,,342.81
53.996,-0.017592417309670906,0.011075654026772658,,,342.81
54.0,-0.01716241730967092,0.01073565402677265,,,342.81
54.004,-0.016732417309670934,0.010215654026772686,,,342.81
54.008,-0.016302417309670948,0.009705654026772675,,,342.81
54.012,-0.015882417309670917,0.00927565402677269,,,342.81
54.016,-0.01545241730967093,0.008845654026772704,,,342.81
54.02,-0.015022417309670945,0.008505654026772697,,,342.81
54.024,-0.014682417309670938,0.008075654026772655,,,342.81
54.028,-0.014332417309670921,0.0075656540267727,,,342.81
54.032,-0.01382241730967091,0.006965654026772655,,,342.81
54.036,-0.013132417309670942,0.00644565402677269,,,342.81
54.04,-0.012622417309670932,0.006025654026772659,,,342.81
54.044,-0.012112417309670921,0.005505654026772694,,,342.81
54.048,-0.011512417309670932,0.004905654026772649,,,342.81
54.052,-0.010912417309670942,0.004395654026772694,,,342.81
54.056,-0.010312417309670953,0.003875654026772673,,,342.81
54.06,-0.009882417309670911,0.0033656540267726627,,,342.81
54.064,-0.009362417309670946,0.0027656540267726733,,,342.81
54.068,-0.008592417309670954,0.0023356540267726873,,,342.81
54.072,-0.00791241730967094,0.0018256540267726769,,,342.81
54.076,-0.007052417309670912,0.0012256540267726874,,,342.81
54.08,-0.006362417309670944,0.0006256540267726981,,,342.81
54.084,-0.005762417309670899,-0.0001543459732273048,,,342.81
54.088,-0.005252417309670944,-0.0004943459732273118,,,342.81
54.092,-0.004482417309670951,-0.0005743459732273363,,,342.81
54.096,-0.0037124173096709026,-0.0009243459732272977,,,342.81
54.1,-0.003112417309670913,-0.0016943459732273462,,,342.81
54.104,-0.0025124173096709237,-0.0022943459732273357,,,342.81
54.108,-0.0018224173096708996,-0.0030643459732273286,,,342.81
54.112,-0.0010524173096709067,-0.003664345973227318,,,342.81
54.116,-0.0006224173096709207,-0.0043443459732273315,,,342.81
54.12,0.00040758269032905464,-0.004944345973227321,,,342.81
54.124,0.0010875826903290686,-0.005634345973227345,,,342.81
54.128,0.001347582690329051,-0.006574345973227341,,,342.81
54.132,0.0017775826903290925,-0.007174345973227331,,,342.81
54.136,0.0021175826903290992,-0.007864345973227299,,,342.81
54.14,0.002637582690329064,-0.008464345973227344,,,342.81
54.144,0.0032375826903290536,-0.009064345973227333,,,342.81
54.148,0.003747582690329064,-0.009664345973227323,,,342.81
54.152,0.0043475826903290535,-0.010434345973227316,,,342.81
54.156,0.004947582690329098,-0.01112434597322734,,,342.81
54.16,0.005377582690329084,-0.011544345973227316,,,342.81
54.164,0.00580758269032907,-0.011974345973227302,,,342.81
54.168,0.006317582690329081,-0.012574345973227347,,,342.81
54.172,0.00691758269032907,-0.013174345973227336,,,342.81
54.176,0.007347582690329056,-0.013604345973227322,,,342.81
54.18,0.007857582690329067,-0.014034345973227308,,,342.81
54.184,0.008287582690329053,-0.014544345973227318,,,342.81
54.188,0.008717582690329094,-0.014974345973227304,,,342.81
54.192,0.00914758269032908,-0.015314345973227311,,,342.81
54.196,0.009487582690329087,-0.015744345973227297,,,342.81
54.2,0.009917582690329073,-0.01617434597322734,,,342.81
54.204,0.010427582690329083,-0.016514345973227346,,,342.81
54.208,0.01085758269032907,-0.01694434597322733,,,342.81
54.212,0.011207582690329086,-0.017374345973227318,,,342.81
54.216,0.011547582690329093,-0.0176343459732273,,,342.81
54.22,0.011977582690329079,-0.017894345973227338,,,342.81
54.224,0.012407582690329065,-0.018234345973227345,,,342.81
54.228,0.012747582690329072,-0.018494345973227327,,,342.81
54.232,0.013007582690329055,-0.018574345973227296,,,342.81
54.236,0.013257582690329082,-0.0187443459732273,,,342.81
54.24,0.013687582690329068,-0.019004345973227338,,,342.81
54.244,0.014117582690329054,-0.019094345973227317,,,342.81
54.248,0.014287582690329058,-0.019094345973227317,,,342.81
54.252,0.014457582690329061,-0.019004345973227338,,,342.81
54.256,0.014887582690329047,-0.019004345973227338,,,342.81
54.26,0.015227582690329054,-0.019004345973227338,,,342.81
54.264,0.015317582690329089,-0.019004345973227338,,,342.81
54.268,0.015487582690329092,-0.019004345973227338,,,342.81
54.272,0.015747582690329075,-0.019004345973227338,,,342.81
54.276,0.01608758269032908,-0.0187443459732273,,,342.81
54.28,0.01608758269032908,-0.01866434597322733,,,342.81
54.284,0.01617758269032906,-0.018494345973227327,,,342.81
54.288,0.016347582690329064,-0.018234345973227345,,,342.81
54.292,0.01642758269032909,-0.01814434597322731,,,342.81
54.296,0.016347582690329064,-0.017804345973227304,,,342.81
54.3,0.01642758269032909,-0.017374345973227318,,,342.81
54.304,0.016517582690329068,-0.01703434597322731,,,342.81
54.308,0.01677758269032905,-0.016864345973227307,,,342.81
54.312,0.016857582690329075,-0.016514345973227346,,,342.81
54.316,0.01677758269032905,-0.016094345973227314,,,342.81
54.32,0.016517582690329068,-0.015744345973227297,,,342.81
54.324,0.01642758269032909,-0.015234345973227342,,,342.81
54.328,0.016517582690329068,-0.014634345973227297,,,342.81
54.332,0.016517582690329068,-0.014034345973227308,,,342.81
54.336,0.01642758269032909,-0.01334434597322734,,,342.81
54.34,0.01617758269032906,-0.012834345973227329,,,342.81
54.344,0.016007582690329057,-0.012324345973227319,,,342.81
54.348,0.015747582690329075,-0.011803269934868082,,,342.81
54.352,0.015657582690329096,-0.011294170499966595,,,342.81
54.356,0.015407582690329068,-0.01079567696510782,,,342.81
54.36,0.015147582690329085,-0.010306418626876724,,,342.81
54.364,0.014807582690329078,-0.009825024781858262,,,342.81
54.368,0.014547582690329096,-0.009350124726637401,,,342.81
54.372,0.014287582690329058,-0.008880347757799101,,,342.81
54.376,0.013947582690329051,-0.00841432317192833,,,342.81
54.38,0.013517582690329065,-0.007950680265610046,,,342.81
54.384,0.013177582690329058,-0.007488048335429213,,,342.81
54.388,0.012917582690329076,-0.007025056677970793,,,342.81
54.392,0.012657582690329093,-0.00656033458981975,,,342.81
54.396,0.012317582690329086,-0.006092511367561046,,,342.81
54.4,0.011977582690329079,-0.005620216307779643,,,342.81
54.404,0.011717582690329097,-0.005142078707060503,,,342.81
54.408,0.011547582690329093,-0.00465672786198859,,,342.81
54.412,0.011207582690329086,-0.004162793069148869,,,342.81
54.416,0.0107775826903291,-0.0036589036251262965,,,342.81
54.42,0.010347582690329059,-0.0031436888265058403,,,342.81
54.424,0.010007582690329052,-0.002615777969872461,,,342.81
54.428,0.00965758269032909,-0.002073800351811121,,,342.81
54.432,0.009057582690329101,-0.0015163852689067834,,,342.81
54.436,0.008717582690329094,-0.000942162017744412,,,342.81
54.44,0.008377582690329087,-0.0003497598949089661,,,342.81
54.444,0.008117582690329049,0.0002621918030145874,,,342.81
54.448,0.007687582690329063,0.0008950637794412879,,,342.81
54.452,0.00691758269032907,0.001550226737786173,,,342.81
54.456,0.006577582690329063,0.0022290513814642817,,,342.81
54.46,0.006237582690329056,0.0029329084138906476,,,342.81
54.464,0.005637582690329067,0.0036631685384803125,,,342.81
54.468,0.004777582690329095,0.004421202458648308,,,342.81
54.472,0.003934723925235901,0.005198804815882205,,,342.81
54.476,0.003069507866800991,0.006007795093228847,,,342.81
54.48,0.0022245601145586083,0.006812574221839727,,,342.81
54.484,0.0014425062680429952,0.0075775431328663385,,,342.81
54.488,0.0007659719267883955,0.008267102757460166,,,342.81
54.492,0.00023758269032905116,0.008845654026772704,,,342.81
54.496,-0.0001124173096709103,0.00927565402677269,,,342.81
54.5,-0.0001924173096709348,0.009705654026772675,,,342.81
54.504,-0.0004426906198643067,0.010215654026772686,,,342.81
54.508,-0.000912546382576418,0.010645654026772672,,,342.81
54.512,-0.0015382157653602007,0.010905654026772654,,,342.81
54.516,-0.002255929935768588,0.011245654026772661,,,342.81
54.52,-0.003001920061354511,0.011415654026772665,,,342.81
54.524,-0.0037124173096709026,0.011765654026772682,,,342.81
54.528,-0.004455469348057937,0.012195654026772668,,,342.81
54.532,-0.005299524456243717,0.012615654026772699,,,342.81
54.536,-0.006181414720363077,0.01296565402677266,,,342.81
54.54,-0.0070379722265508475,0.013045654026772685,,,342.81
54.544,-0.007806029060941862,0.013395654026772702,,,342.81
54.548,-0.00842241730967095,0.013645654026772674,,,342.81
54.552,-0.008852417309670936,0.013905654026772657,,,342.81
54.556,-0.00953241730967095,0.014245654026772664,,,342.81
54.56,-0.0104824173096709,0.014505654026772702,,,342.81
54.564,-0.010992417309670911,0.01467565402677265,,,342.81
54.568,-0.011512417309670932,0.014935654026772688,,,342.81
54.572,-0.012192417309670946,0.015105654026772691,,,342.81
54.576,-0.012622417309670932,0.015365654026772674,,,342.81
54.58,-0.012962417309670939,0.015445654026772698,,,342.81
54.584,-0.013392417309670925,0.015535654026772677,,,342.81
54.588,-0.01382241730967091,0.01579565402677266,,,342.81
54.592,-0.0144224173096709,0.01579565402677266,,,342.81
54.596,-0.015022417309670945,0.01579565402677266,,,342.81
54.6,-0.01545241730967093,0.01579565402677266,,,342.81
54.604,-0.015882417309670917,0.015875654026772684,,,342.81
54.608,-0.016302417309670948,0.015965654026772663,,,342.81
54.612,-0.016732417309670934,0.016045654026772688,,,342.81
54.616,-0.01716241730967092,0.01621565402677269,,,342.81
54.62,-0.017422417309670903,0.01630565402677267,,,342.81
54.624,-0.01768241730967094,0.01630565402677267,,,342.81
54.628,-0.018022417309670948,0.01630565402677267,,,342.81
54.632,-0.0183624173096709,0.01621565402677269,,,342.81
54.636,-0.018532417309670902,0.015875654026772684,,,342.81
54.64,-0.018532417309670902,0.015535654026772677,,,342.81
54.644,-0.018702417309670906,0.015445654026772698,,,342.81
54.648,-0.01879241730967094,0.015365654026772674,,,342.81
54.652,-0.018962417309670944,0.015105654026772691,,,342.81
54.656,-0.019222417309670926,0.014935654026772688,,,342.81
54.66,-0.01939241730967093,0.01467565402677265,,,342.81
54.664,-0.019652417309670912,0.01459565402677268,,,342.81
54.668,-0.019652417309670912,0.014415654026772667,,,342.81
54.672,-0.019652417309670912,0.014335654026772698,,,342.81
54.676,-0.019562417309670933,0.013905654026772657,,,342.81
54.68,-0.01930241730967095,0.013735654026772653,,,342.81
54.684,-0.019132417309670947,0.013395654026772702,,,342.81
54.688,-0.01888241730967092,0.013135654026772664,,,342.81
54.692,-0.018702417309670906,0.01296565402677266,,,342.81
54.696,-0.018452417309670933,0.012535654026772675,,,342.81
54.7,-0.01828241730967093,0.012105654026772689,,,342.81
54.704,-0.017932417309670913,0.011765654026772682,,,342.81
54.708,-0.017592417309670906,0.011415654026772665,,,342.81
54.712,-0.017332417309670924,0.010995654026772689,,,342.81
54.716,-0.01708241730967095,0.010565654026772703,,,342.81
54.72,-0.01665241730967091,0.010215654026772686,,,342.81
54.724,-0.016222417309670924,0.009795654026772654,,,342.81
54.728,-0.01596241730967094,0.00927565402677269,,,342.81
54.732,-0.015362417309670952,0.008845654026772704,,,342.81
54.736,-0.014762417309670907,0.008415654026772662,,,342.81
54.74,-0.014332417309670921,0.007815654026772673,,,342.81
54.744,-0.013902417309670935,0.007305654026772662,,,342.81
54.748,-0.013302417309670946,0.006795654026772652,,,342.81
54.752,-0.01271241730967091,0.006275654026772687,,,342.81
54.756,-0.012192417309670946,0.005675654026772697,,,342.81
54.76,-0.011682417309670935,0.005245654026772656,,,342.81
54.764,-0.011082417309670946,0.004735654026772701,,,342.81
54.768,-0.010562417309670925,0.004135654026772656,,,342.81
54.772,-0.01013241730967094,0.0036256540267727007,,,342.81
54.776,-0.00953241730967095,0.0030256540267726557,,,342.81
54.78,-0.008852417309670936,0.0024256540267726663,,,342.81
54.784,-0.007992417309670909,0.0019056540267727014,,,342.81
54.788,-0.007392417309670919,0.001395654026772691,,,342.81
54.792,-0.006622417309670926,0.0007956540267727016,,,342.81
54.796,-0.006112417309670916,0.00019565402677265665,,,342.81
54.8,-0.005332417309670913,-0.0004043459732273328,,,342.81
54.804,-0.0047324173096709235,-0.0004943459732273118,,,342.81
54.808,-0.00405241730967091,-0.0006643459732273152,,,342.81
54.812,-0.00345241730967092,-0.0011743459732273258,,,342.81
54.816,-0.0028524173096709307,-0.0020343459732272977,,,342.81
54.82,-0.0022524173096709413,-0.0027243459732273216,,,342.81
54.824,-0.0013124173096709447,-0.0034043459732273356,,,342.81
54.828,-0.0005424173096709518,-0.004174345973227328,,,342.81
54.832,5.7582690329093184e-05,-0.0047743459732273175,,,342.81
54.836,0.0005775826903290581,-0.005464345973227341,,,342.81
54.84,0.0008375826903290961,-0.0061443459732273,,,342.81
54.844,0.001257582690329072,-0.007094345973227306,,,342.81
54.848,0.001607582690329089,-0.00777434597322732,,,342.81
54.852,0.0021175826903290992,-0.00837434597322731,,,342.81
54.856,0.0028075826903290677,-0.008974345973227299,,,342.81
54.86,0.003407582690329057,-0.00949434597322732,,,342.81
54.864,0.004087582690329071,-0.010174345973227333,,,342.81
54.868,0.004437582690329088,-0.011034345973227305,,,342.81
54.872,0.005037582690329077,-0.011544345973227316,,,342.81
54.876,0.005717582690329091,-0.011974345973227302,,,342.81
54.88,0.006237582690329056,-0.012574345973227347,,,342.81
54.884,0.006577582690329063,-0.013264345973227315,,,342.81
54.888,0.007007582690329049,-0.013774345973227325,,,342.81
54.892,0.007437582690329091,-0.014114345973227332,,,342.81
54.896,0.007947582690329101,-0.01446434597322735,,,342.81
54.9,0.00862758269032906,-0.0148043459732273,,,342.81
54.904,0.00914758269032908,-0.015234345973227342,,,342.81
54.908,0.009487582690329087,-0.015744345973227297,,,342.81
54.912,0.009917582690329073,-0.01617434597322734,,,342.81
54.916,0.010427582690329083,-0.016514345973227346,,,342.81
54.92,0.01085758269032907,-0.01694434597322733,,,342.81
54.924,0.011117582690329052,-0.017374345973227318,,,342.81
54.928,0.011627582690329062,-0.017714345973227325,,,342.81
54.932,0.011977582690329079,-0.017974345973227307,,,342.81
54.936,0.012057582690329048,-0.018314345973227314,,,342.81
54.94,0.012317582690329086,-0.018574345973227296,,,342.81
54.944,0.012747582690329072,-0.01866434597322733,,,342.81
54.948,0.013177582690329058,-0.018914345973227303,,,342.81
54.952,0.013687582690329068,-0.018914345973227303,,,342.81
54.956,0.014027582690329075,-0.019004345973227338,,,342.81
54.96,0.014207582690329089,-0.01926434597322732,,,342.81
54.964,0.014457582690329061,-0.019434345973227324,,,342.81
54.968,0.0147175826903291,-0.019434345973227324,,,342.81
54.972,0.014887582690329047,-0.019434345973227324,,,342.81
54.976,0.015227582690329054,-0.019434345973227324,,,342.81
54.98,0.015577582690329071,-0.019344345973227345,,,342.81
54.984,0.015747582690329075,-0.019094345973227317,,,342.81
54.988,0.016007582690329057,-0.019094345973227317,,,342.81
54.992,0.016007582690329057,-0.019004345973227338,,,342.81
54.996,0.016007582690329057,-0.0187443459732273,,,342.81
55.0,0.016007582690329057,-0.018574345973227296,,,342.81
55.004,0.016007582690329057,-0.018234345973227345,,,342.81
55.008,0.01608758269032908,-0.017894345973227338,,,342.81
55.012,0.016257582690329085,-0.017714345973227325,,,342.81
55.016,0.016517582690329068,-0.017374345973227318,,,342.81
55.02,0.016517582690329068,-0.01694434597322733,,,342.81
55.024,0.016517582690329068,-0.016514345973227346,,,342.81
55.028,0.016517582690329068,-0.016094345973227314,,,342.81
55.032,0.01642758269032909,-0.015664345973227328,,,342.81
55.036,0.016517582690329068,-0.015234345973227342,,,342.81
55.04,0.016517582690329068,-0.0148043459732273,,,342.81
55.044,0.016517582690329068,-0.014204345973227311,,,342.81
55.048,0.01642758269032909,-0.013694345973227301,,,342.81
55.052,0.01617758269032906,-0.013174345973227336,,,342.81
55.056,0.016007582690329057,-0.012494345973227322,,,342.81
55.06,0.015747582690329075,-0.011761008701219901,,,342.81
55.064,0.015577582690329071,-0.010966143629846643,,,342.81
55.068,0.015407582690329068,-0.010169897790234148,,,342.81
55.072,0.015227582690329054,-0.009432418213509024,,,342.81
55.076,0.014977582690329082,-0.008813851930797877,,,342.81
55.08,0.014807582690329078,-0.00837434597322731,,,342.81
55.084,0.014457582690329061,-0.008124345973227337,,,342.81
55.088,0.014027582690329075,-0.00777434597322732,,,342.81
55.092,0.0136075826903291,-0.007434345973227313,,,342.81
55.096,0.013257582690329082,-0.007094345973227306,,,342.81
55.1,0.013257582690329082,-0.006744345973227345,,,342.81
55.104,0.013177582690329058,-0.006404345973227338,,,342.81
55.108,0.012747582690329072,-0.005831319606709488,,,342.81
55.112,0.012317582690329086,-0.005044943047613221,,,342.81
55.116,0.0118875826903291,-0.004111650964361772,,,342.81
55.12,0.011547582690329093,-0.003097878025378374,,,342.81
55.124,0.011287582690329055,-0.0020700588990862612,,,342.81
55.128,0.0107775826903291,-0.0010946282539086695,,,342.81
55.132,0.01025758269032908,-0.000139550476335778,,,342.81
55.136,0.009917582690329073,0.0006855974193353791,,,342.81
55.14,0.009577582690329066,0.001324578353353817,,,342.81
55.144,0.009317582690329083,0.0017211552459685492,,,342.81
55.148,0.008977582690329076,0.0019056540267727014,,,342.81
55.152,0.00862758269032906,0.0019056540267727014,,,342.81
55.156,0.008207582690329084,0.0017356540267726979,,,342.81
55.16,0.00751758269032906,0.00147565402677266,,,342.81
55.164,0.007007582690329049,0.0017179858335666957,,,342.81
55.168,0.006747582690329067,0.0023593403581998735,,,342.81
55.172,0.006317582690329081,0.0032712562570487986,,,342.81
55.176,0.005547582690329088,0.004325272186490077,,,342.81
55.18,0.005037582690329077,0.0053929268029003115,,,342.81
55.184,0.004437582690329088,0.006345758762656111,,,342.81
55.188,0.0037045359098308766,0.007225654026772693,,,342.81
55.192,0.002844542824869096,0.007735654026772704,,,342.81
55.196,0.001962727197940885,0.008245654026772659,,,342.81
55.2,0.0011642127915433816,0.008505654026772697,,,342.81
55.204,0.000554123368173724,0.008845654026772704,,,342.81
55.208,0.00023758269032905116,0.009195654026772665,,,342.81
55.212,0.00014758269032907217,0.009705654026772675,,,342.81
55.216,-8.835706546920803e-05,0.010135654026772661,,,342.81
55.22,-0.0005039546257748311,0.0103956540267727,,,342.81
55.224,-0.0010566847104678046,0.010645654026772672,,,342.81
55.228,-0.0017040220394281375,0.010995654026772689,,,342.81
55.232,-0.0024034413325358375,0.011335654026772696,,,342.81
55.236,-0.003112417309670913,0.011765654026772682,,,342.81
55.24,-0.003962417309670931,0.012195654026772668,,,342.81
55.244,-0.0048224173096709025,0.012445654026772696,,,342.81
55.248,-0.00568241730967093,0.012705654026772678,,,342.81
55.252,-0.006532417309670947,0.013045654026772685,,,342.81
55.256,-0.00731241730967095,0.013305654026772668,,,342.81
55.26,-0.007822417309670905,0.013395654026772702,,,342.81
55.264,-0.00842241730967095,0.013735654026772653,,,342.81
55.268,-0.008932417309670905,0.01407565402677266,,,342.81
55.272,-0.009712417309670908,0.014335654026772698,,,342.81
55.276,-0.0104824173096709,0.01467565402677265,,,342.81
55.28,-0.011082417309670946,0.015015654026772657,,,342.81
55.284,-0.011682417309670935,0.01519565402677267,,,342.81
55.288,-0.012192417309670946,0.015365654026772674,,,342.81
55.292,-0.01271241730967091,0.015445654026772698,,,342.81
55.296,-0.013052417309670918,0.015445654026772698,,,342.81
55.3,-0.013562417309670928,0.015535654026772677,,,342.81
55.304,-0.014252417309670952,0.01579565402677266,,,342.81
55.308,-0.014762417309670907,0.01579565402677266,,,342.81
55.312,-0.015102417309670914,0.01579565402677266,,,342.81
55.316,-0.01545241730967093,0.01579565402677266,,,342.81
55.32,-0.015792417309670938,0.01579565402677266,,,342.81
55.324,-0.016222417309670924,0.01579565402677266,,,342.81
55.328,-0.016732417309670934,0.015875654026772684,,,342.81
55.332,-0.01716241730967092,0.016045654026772688,,,342.81
55.336,-0.017502417309670927,0.01621565402677269,,,342.81
55.34,-0.017852417309670944,0.016135654026772667,,,342.81
55.344,-0.018102417309670917,0.015965654026772663,,,342.81
55.348,-0.0183624173096709,0.015965654026772663,,,342.81
55.352,-0.0183624173096709,0.015615654026772702,,,342.81
55.356,-0.018452417309670933,0.015535654026772677,,,342.81
55.36,-0.018702417309670906,0.015445654026772698,,,342.81
55.364,-0.01888241730967092,0.01519565402677267,,,342.81
55.368,-0.018962417309670944,0.015105654026772691,,,342.81
55.372,-0.01930241730967095,0.015015654026772657,,,342.81
55.376,-0.019652417309670912,0.01467565402677265,,,342.81
55.38,-0.019652417309670912,0.014415654026772667,,,342.81
55.384,-0.019652417309670912,0.014165654026772695,,,342.81
55.388,-0.01948241730967091,0.013905654026772657,,,342.81
55.392,-0.019222417309670926,0.013735654026772653,,,342.81
55.396,-0.019222417309670926,0.013395654026772702,,,342.81
55.4,-0.019132417309670947,0.01296565402677266,,,342.81
55.404,-0.018962417309670944,0.012705654026772678,,,342.81
55.408,-0.018702417309670906,0.012535654026772675,,,342.81
55.412,-0.0183624173096709,0.012195654026772668,,,342.81
55.416,-0.018022417309670948,0.01184565402677265,,,342.81
55.42,-0.017942417309670923,0.011665654026772693,,,342.81
55.424,-0.017592417309670906,0.011335654026772696,,,342.81
55.428,-0.01717241730967093,0.0108956540267727,,,342.81
55.432,-0.01665241730967091,0.0103956540267727,,,342.81
55.436,-0.016232417309670934,0.009695654026772665,,,342.81
55.44,-0.01596241730967094,0.009195654026772665,,,342.81
55.444,-0.01545241730967093,0.008845654026772704,,,342.81
55.448,-0.015022417309670945,0.008415654026772662,,,342.81
55.452,-0.014682417309670938,0.007985654026772676,,,342.81
55.456,-0.014252417309670952,0.007475654026772666,,,342.81
55.46,-0.013742417309670941,0.006865654026772666,,,342.81
55.464,-0.013132417309670942,0.00644565402677269,,,342.81
55.468,-0.012632417309670942,0.00592565402677267,,,342.81
55.472,-0.012112417309670921,0.005165654026772687,,,342.81
55.476,-0.011512417309670932,0.004725654026772691,,,342.81
55.48,-0.010992417309670911,0.0042256540267726905,,,342.81
55.484,-0.0104824173096709,0.0036156540267726907,,,342.81
55.488,-0.009882417309670911,0.0031056540267726802,,,342.81
55.492,-0.009202417309670953,0.0025856540267726598,,,342.81
55.496,-0.008252417309670947,0.0019956540267726803,,,342.81
55.5,-0.007572417309670933,0.00147565402677266,,,342.81
55.504,-0.006962417309670933,0.0009656540267726496,,,342.81
55.508,-0.006372417309670898,0.00035565402677265013,,,342.81
55.512,-0.005762417309670899,-0.0002343459732273293,,,342.81
55.516,-0.0052624173096708984,-0.0008443459732273287,,,342.81
55.52,-0.004482417309670951,-0.0013543459732273393,,,342.81
55.524,-0.0036324173096709336,-0.0017043459732273007,,,342.81
55.528,-0.0029324173096708997,-0.0020343459732272977,,,342.81
55.532,-0.002092417309670948,-0.002644345973227297,,,342.81
55.536,-0.0014824173096709482,-0.0031443459732272976,,,342.81
55.54,-0.0008924173096709132,-0.0038443459732273315,,,342.81
55.544,-0.0002824173096709138,-0.004524345973227345,,,342.81
55.548,0.0005675826903290481,-0.005124345973227334,,,342.81
55.552,0.0010875826903290686,-0.005804345973227348,,,342.81
55.556,0.0013375826903290965,-0.006504345973227327,,,342.81
55.56,0.0017775826903290925,-0.007434345973227313,,,342.81
55.564,0.0020275826903290647,-0.008214345973227316,,,342.81
55.568,0.002637582690329064,-0.008804345973227351,,,342.81
55.572,0.003227582690329099,-0.00949434597322732,,,342.81
55.576,0.0038375826903290985,-0.010094345973227309,,,342.81
55.58,0.0045975826903290815,-0.010874345973227312,,,342.81
55.584,0.005037582690329077,-0.011464345973227347,,,342.81
55.588,0.005367582690329074,-0.011984345973227312,,,342.81
55.592,0.005887582690329095,-0.012494345973227322,,,342.81
55.596,0.006477582690329074,-0.013184345973227346,,,342.81
55.6,0.007007582690329049,-0.013774345973227325,,,342.81
55.604,0.007427582690329081,-0.014124345973227342,,,342.81
55.608,0.007857582690329067,-0.01446434597322735,,,342.81
55.612,0.008457582690329056,-0.014984345973227314,,,342.81
55.616,0.009057582690329101,-0.015314345973227311,,,342.81
55.62,0.009477582690329077,-0.015664345973227328,,,342.81
55.624,0.009917582690329073,-0.016094345973227314,,,342.81
55.628,0.010427582690329083,-0.016614345973227335,,,342.81
55.632,0.01085758269032907,-0.01703434597322731,,,342.81
55.636,0.011197582690329076,-0.017384345973227328,,,342.81
55.64,0.011547582690329093,-0.0176343459732273,,,342.81
55.644,0.01187758269032909,-0.017814345973227314,,,342.81
55.648,0.012147582690329083,-0.01814434597322731,,,342.81
55.652,0.01247758269032908,-0.018494345973227327,,,342.81
55.656,0.012827582690329097,-0.0187443459732273,,,342.81
55.66,0.013167582690329048,-0.019014345973227348,,,342.81
55.664,0.013687582690329068,-0.019094345973227317,,,342.81
55.668,0.014027582690329075,-0.019094345973227317,,,342.81
55.672,0.014207582690329089,-0.019344345973227345,,,342.81
55.676,0.014447582690329051,-0.0193543459732273,,,342.81
55.68,0.0147175826903291,-0.019344345973227345,,,342.81
55.684,0.014877582690329093,-0.019444345973227334,,,342.81
55.688,0.015227582690329054,-0.019434345973227324,,,342.81
55.692,0.015477582690329082,-0.019444345973227334,,,342.81
55.696,0.015657582690329096,-0.019344345973227345,,,342.81
55.7,0.015907582690329068,-0.019094345973227317,,,342.81
55.704,0.01608758269032908,-0.019004345973227338,,,342.81
55.708,0.01617758269032906,-0.018914345973227303,,,342.81
55.712,0.016257582690329085,-0.018574345973227296,,,342.81
55.716,0.016347582690329064,-0.018314345973227314,,,342.81
55.72,0.016347582690329064,-0.01814434597322731,,,342.81
55.724,0.016347582690329064,-0.017714345973227325,,,342.81
55.728,0.01642758269032909,-0.017374345973227318,,,342.81
55.732,0.01642758269032909,-0.01729434597322735,,,342.81
55.736,0.016517582690329068,-0.01703434597322731,,,342.81
55.74,0.016517582690329068,-0.016604345973227325,,,342.81
55.744,0.01642758269032909,-0.01617434597322734,,,342.81
55.748,0.01642758269032909,-0.015744345973227297,,,342.81
55.752,0.016517582690329068,-0.015234345973227342,,,342.81
55.756,0.016517582690329068,-0.014634345973227297,,,342.81
55.76,0.01642758269032909,-0.014034345973227308,,,342.81
55.764,0.016257582690329085,-0.01334434597322734,,,342.81
55.768,0.01608758269032908,-0.012924345973227308,,,342.81
55.772,0.016007582690329057,-0.01223434597322734,,,342.81
55.776,0.015747582690329075,-0.011374345973227312,,,342.81
55.78,0.015657582690329096,-0.01060434597322732,,,342.81
55.784,0.015407582690329068,-0.009574345973227344,,,342.81
55.788,0.015147582690329085,-0.008804345973227351,,,342.81
55.792,0.014807582690329078,-0.00837434597322731,,,342.81
55.796,0.014457582690329061,-0.007944345973227324,,,342.81
55.8,0.014027582690329075,-0.007524345973227348,,,342.81
55.804,0.013777582690329047,-0.007094345973227306,,,342.81
55.808,0.0136075826903291,-0.00666434597322732,,,342.81
55.812,0.013257582690329082,-0.006234345973227334,,,342.81
55.816,0.012917582690329076,-0.005804345973227348,,,342.81
55.82,0.012657582690329093,-0.005374345973227307,,,342.81
55.824,0.012317582690329086,-0.004944345973227321,,,342.81
55.828,0.011977582690329079,-0.004524345973227345,,,342.81
55.832,0.011627582690329062,-0.0040943459732273035,,,342.81
55.836,0.011207582690329086,-0.003664345973227318,,,342.81
55.84,0.01085758269032907,-0.003026843752343938,,,342.81
55.844,0.010607582690329097,-0.002219015346628394,,,342.81
55.848,0.010087582690329076,-0.001275882365865131,,,342.81
55.852,0.009577582690329066,-0.00023246641983859333,,,342.81
55.856,0.00914758269032908,0.0008762108816667742,,,342.81
55.86,0.008887582690329097,0.002015127928866527,,,342.81
55.864,0.008457582690329056,0.00314926311197622,,,342.81
55.868,0.008117582690329049,0.0042435948212114095,,,342.81
55.872,0.00751758269032906,0.005263101446787651,,,342.81
55.876,0.007007582690329049,0.006172761378920498,,,342.81
55.88,0.006657582690329088,0.006952147364179439,,,342.81
55.884,0.006147582690329077,0.007552704599763947,,,342.81
55.888,0.005457582690329053,0.007939013386889772,,,342.81
55.892,0.005037582690329077,0.008075654026772655,,,342.81
55.896,0.0046875826903290604,0.007395654026772697,,,342.81
55.9,0.004093807248848383,0.007305654026772662,,,342.81
55.904,0.003273423256546922,0.007645654026772669,,,342.81
55.908,0.0023475197589844675,0.008075654026772655,,,342.81
55.912,0.0014371858017208135,0.008505654026772697,,,342.81
55.916,0.0006635104303157511,0.008935654026772683,,,342.81
55.92,0.00014758269032907217,0.009365654026772668,,,342.81
55.924,-0.0001124173096709103,0.009795654026772654,,,342.81
55.928,-0.0002824173096709138,0.010045654026772682,,,342.81
55.932,-0.0006032360223282029,0.0103956540267727,,,342.81
55.936,-0.001075746616187925,0.010645654026772672,,,342.81
55.94,-0.0016614345665510687,0.010995654026772689,,,342.81
55.944,-0.0023217853487186206,0.011335654026772696,,,342.81
55.948,-0.0030182844379915696,0.011765654026772682,,,342.81
55.952,-0.0037124173096709026,0.012195654026772668,,,342.81
55.956,-0.004482417309670951,0.012445654026772696,,,342.81
55.96,-0.005252417309670944,0.012705654026772678,,,342.81
55.964,-0.006112417309670916,0.013045654026772685,,,342.81
55.968,-0.006882417309670909,0.013305654026772668,,,342.81
55.972,-0.007652417309670902,0.01356565402677265,,,342.81
55.976,-0.008332417309670916,0.013905654026772657,,,342.81
55.98,-0.008852417309670936,0.01407565402677266,,,342.81
55.984,-0.009452417309670925,0.014335654026772698,,,342.81
55.988,-0.010052417309670915,0.01467565402677265,,,342.81
55.992,-0.010562417309670925,0.015015654026772657,,,342.81
55.996,-0.011162417309670915,0.01519565402677267,,,342.81
56.0,-0.012022417309670942,0.015445654026772698,,,342.81
56.004,-0.012622417309670932,0.015535654026772677,,,342.81
56.008,-0.013052417309670918,0.01579565402677266,,,342.81
56.012,-0.013392417309670925,0.01579565402677266,,,342.81
56.016,-0.01382241730967091,0.01570565402677268,,,342.81
56.02,-0.0144224173096709,0.015535654026772677,,,342.81
56.024,-0.015102417309670914,0.015615654026772702,,,342.81
56.028,-0.0155324173096709,0.01579565402677266,,,342.81
56.032,-0.015882417309670917,0.01579565402677266,,,342.81
56.036,-0.016302417309670948,0.01579565402677266,,,342.81
56.04,-0.016732417309670934,0.015965654026772663,,,342.81
56.044,-0.01716241730967092,0.01621565402677269,,,342.81
56.048,-0.017422417309670903,0.01630565402677267,,,342.81
56.052,-0.017592417309670906,0.01630565402677267,,,342.81
56.056,-0.01776241730967091,0.01630565402677267,,,342.81
56.06,-0.01819241730967095,0.016135654026772667,,,342.81
56.064,-0.018532417309670902,0.01579565402677266,,,342.81
56.068,-0.018532417309670902,0.015535654026772677,,,342.81
56.072,-0.018702417309670906,0.015535654026772677,,,342.81
56.076,-0.01888241730967092,0.015445654026772698,,,342.81
56.08,-0.019132417309670947,0.01519565402677267,,,342.81
56.084,-0.019222417309670926,0.014935654026772688,,,342.81
56.088,-0.01930241730967095,0.01467565402677265,,,342.81
56.092,-0.019562417309670933,0.01459565402677268,,,342.81
56.096,-0.019562417309670933,0.014335654026772698,,,342.81
56.1,-0.019562417309670933,0.014245654026772664,,,342.81
56.104,-0.01948241730967091,0.013905654026772657,,,342.81
56.108,-0.01930241730967095,0.013395654026772702,,,342.81
56.112,-0.01930241730967095,0.013045654026772685,,,342.81
56.116,-0.019132417309670947,0.01296565402677266,,,342.81
56.12,-0.01879241730967094,0.012875654026772682,,,342.81
56.124,-0.018532417309670902,0.012535654026772675,,,342.81
56.128,-0.01828241730967093,0.012195654026772668,,,342.81
56.132,-0.017932417309670913,0.011765654026772682,,,342.81
56.136,-0.017592417309670906,0.011335654026772696,,,342.81
56.14,-0.017332417309670924,0.010905654026772654,,,342.81
56.144,-0.01716241730967092,0.010565654026772703,,,342.81
56.148,-0.016732417309670934,0.010135654026772661,,,342.81
56.152,-0.016302417309670948,0.009705654026772675,,,342.81
56.156,-0.015792417309670938,0.009195654026772665,,,342.81
56.16,-0.015102417309670914,0.008505654026772697,,,342.81
56.164,-0.014682417309670938,0.008075654026772655,,,342.81
56.168,-0.014332417309670921,0.007735654026772704,,,342.81
56.172,-0.013902417309670935,0.007135654026772659,,,342.81
56.176,-0.013302417309670946,0.006535654026772669,,,342.81
56.18,-0.01271241730967091,0.006105654026772683,,,342.81
56.184,-0.012282417309670925,0.005675654026772697,,,342.81
56.188,-0.011762417309670904,0.005075654026772652,,,342.81
56.192,-0.011082417309670946,0.004395654026772694,,,342.81
56.196,-0.010562417309670925,0.003875654026772673,,,342.81
56.2,-0.01013241730967094,0.0033656540267726627,,,342.81
56.204,-0.009452417309670925,0.0027656540267726733,,,342.81
56.208,-0.008592417309670954,0.0023356540267726873,,,342.81
56.212,-0.007822417309670905,0.0018256540267726769,,,342.81
56.216,-0.007222417309670916,0.0012256540267726874,,,342.81
56.22,-0.006532417309670947,0.0006256540267726981,,,342.81
56.224,-0.006112417309670916,-0.0001543459732273048,,,342.81
56.228,-0.005332417309670913,-0.0007543459732273497,,,342.81
56.232,-0.00456241730967092,-0.0012643459732273048,,,342.81
56.236,-0.003962417309670931,-0.0012643459732273048,,,342.81
56.24,-0.0032824173096709167,-0.0015243459732273428,,,342.81
56.244,-0.0026824173096709272,-0.0022943459732273357,,,342.81
56.248,-0.001912417309670934,-0.0030643459732273286,,,342.81
56.252,-0.0011424173096709412,-0.0037443459732273425,,,342.81
56.256,-0.0003624173096709383,-0.0043443459732273315,,,342.81
56.26,0.00031758269032907565,-0.004944345973227321,,,342.81
56.264,0.0009175826903290651,-0.00554434597322731,,,342.81
56.268,0.0015175826903290545,-0.006234345973227334,,,342.81
56.272,0.0017775826903290925,-0.006924345973227303,,,342.81
56.276,0.001947582690329096,-0.007864345973227299,,,342.81
56.28,0.0024575826903290507,-0.008634345973227348,,,342.81
56.284,0.0030575826903290956,-0.009234345973227337,,,342.81
56.288,0.003657582690329085,-0.009834345973227326,,,342.81
56.292,0.00417758269032905,-0.010344345973227337,,,342.81
56.296,0.0046875826903290604,-0.010944345973227326,,,342.81
56.3,0.00528758269032905,-0.01163434597322735,,,342.81
56.304,0.00580758269032907,-0.012324345973227319,,,342.81
56.308,0.006317582690329081,-0.012834345973227329,,,342.81
56.312,0.00691758269032907,-0.013264345973227315,,,342.81
56.316,0.007437582690329091,-0.013694345973227301,,,342.81
56.32,0.007857582690329067,-0.014114345973227332,,,342.81
56.324,0.008287582690329053,-0.014634345973227297,,,342.81
56.328,0.008717582690329094,-0.015234345973227342,,,342.81
56.332,0.00914758269032908,-0.015744345973227297,,,342.81
56.336,0.009487582690329087,-0.016094345973227314,,,342.81
56.34,0.009917582690329073,-0.01617434597322734,,,342.81
56.344,0.010427582690329083,-0.016514345973227346,,,342.81
56.348,0.01085758269032907,-0.01694434597322733,,,342.81
56.352,0.011207582690329086,-0.017374345973227318,,,342.81
56.356,0.011627582690329062,-0.017714345973227325,,,342.81
56.36,0.012057582690329048,-0.01806434597322734,,,342.81
56.364,0.012407582690329065,-0.018314345973227314,,,342.81
56.368,0.012747582690329072,-0.018574345973227296,,,342.81
56.372,0.013007582690329055,-0.0187443459732273,,,342.81
56.376,0.013257582690329082,-0.019004345973227338,,,342.81
56.38,0.013687582690329068,-0.019094345973227317,,,342.81
56.384,0.014117582690329054,-0.019004345973227338,,,342.81
56.388,0.014377582690329092,-0.01917434597322734,,,342.81
56.392,0.014457582690329061,-0.019434345973227324,,,342.81
56.396,0.014887582690329047,-0.019434345973227324,,,342.81
56.4,0.015227582690329054,-0.019344345973227345,,,342.81
56.404,0.015317582690329089,-0.01926434597322732,,,342.81
56.408,0.015487582690329092,-0.01917434597322734,,,342.81
56.412,0.015747582690329075,-0.019094345973227317,,,342.81
56.416,0.01608758269032908,-0.018914345973227303,,,342.81
56.42,0.016257582690329085,-0.01866434597322733,,,342.81
56.424,0.016257582690329085,-0.018574345973227296,,,342.81
56.428,0.016257582690329085,-0.01840434597322735,,,342.81
56.432,0.01642758269032909,-0.01806434597322734,,,342.81
56.436,0.016347582690329064,-0.017714345973227325,,,342.81
56.44,0.01642758269032909,-0.017464345973227297,,,342.81
56.444,0.01642758269032909,-0.01729434597322735,,,342.81
56.448,0.016347582690329064,-0.01694434597322733,,,342.81
56.452,0.016257582690329085,-0.016514345973227346,,,342.81
56.456,0.016257582690329085,-0.016094345973227314,,,342.81
56.46,0.016257582690329085,-0.01583434597322733,,,342.81
56.464,0.016257582690329085,-0.015404345973227346,,,342.81
56.468,0.016517582690329068,-0.014974345973227304,,,342.81
56.472,0.016517582690329068,-0.014374345973227315,,,342.81
56.476,0.01642758269032909,-0.013604345973227322,,,342.81
56.48,0.01617758269032906,-0.012924345973227308,,,342.81
56.484,0.016007582690329057,-0.01223434597322734,,,342.81
56.488,0.015747582690329075,-0.011374345973227312,,,342.81
56.492,0.015577582690329071,-0.01052970421847666,,,342.81
56.496,0.015407582690329068,-0.009667355809729633,,,342.81
56.5,0.015147582690329085,-0.00882247326390871,,,342.81
56.504,0.014807582690329078,-0.008030229097936369,,,342.81
56.508,0.014547582690329096,-0.007325795828735089,,,342.81
56.512,0.014377582690329092,-0.006744345973227345,,,342.81
56.516,0.013947582690329051,-0.006324345973227313,,,342.81
56.52,0.013517582690329065,-0.005804345973227348,,,342.81
56.524,0.013177582690329058,-0.005294345973227338,,,342.81
56.528,0.012827582690329097,-0.0047743459732273175,,,342.81
56.532,0.01248758269032909,-0.004174345973227328,,,342.81
56.536,0.012227582690329052,-0.003664345973227318,,,342.81
56.54,0.0118875826903291,-0.0031443459732272976,,,342.81
56.544,0.011547582690329093,-0.0024541368380946176,,,342.81
56.548,0.011207582690329086,-0.0016358269365161237,,,342.81
56.552,0.01085758269032907,-0.000738000998352517,,,342.81
56.556,0.010607582690329097,0.0001907562465354993,,,342.81
56.56,0.010087582690329076,0.0011018600682872227,,,342.81
56.564,0.009577582690329066,,,,342.81
56.568,0.009057582690329101,,,,342.81
56.572,0.008807582690329073,,,,342.81
56.576,0.00862758269032906,,,,342.81
56.58,0.008287582690329053,,,,342.81
56.584,0.007857582690329067,,,,342.81
56.588,0.007257582690329077,,,,342.81
56.592,0.006837582690329101,,,,342.81
56.596,0.006317582690329081,,,,342.81
56.6,0.005977582690329074,,,,342.81
56.604,0.005117582690329046,,,,342.81
56.608,0.0046875826903290604,,,,342.81
56.612,0.004053655686437183,,,,342.81
56.616,0.003244313680726041,,,,342.81
56.62,0.0023542960257276462,,,,342.81
56.624,0.0014783420739740124,,,,342.81
56.628,0.0007111911779971501,,,,342.81
56.632,0.00014758269032907217,,,,342.81
56.636,-0.0001924173096709348,,,,342.81
56.64,-0.0001924173096709348,,,,342.81
56.644,-0.0001924173096709348,,,,342.81
56.648,-0.0004100819912777841,,,,342.81
56.652,-0.0009051191969131158,,,,342.81
56.656,-0.00170256605766352,,,,342.81
56.66,-0.002682220936421751,,,,342.81
56.664,-0.0037238821960805593,,,,342.81
56.668,-0.004707348199532701,,,,342.81
56.672,-0.005512417309670926,,,,342.81
56.676,-0.006112417309670916,,,,342.81
56.68,-0.006962417309670933,,,,342.81
56.684,-0.007652417309670902,,,,342.81
56.688,-0.008162417309670912,,,,342.81
56.692,-0.008762417309670902,,,,342.81
56.696,-0.009362417309670946,,,,342.81
56.7,-0.009962417309670936,,,,342.81
56.704,-0.010562417309670925,,,,342.81
56.708,-0.011422417309670953,,,,342.81
56.712,-0.012192417309670946,,,,342.81
56.716,-0.01271241730967091,,,,342.81
56.72,-0.013052417309670918,,,,342.81
56.724,-0.013392417309670925,,,,342.81
56.728,-0.01382241730967091,,,,342.81
56.732,-0.014332417309670921,,,,342.81
56.736,-0.014762417309670907,,,,342.81
56.74,-0.015102417309670914,,,,342.81
56.744,-0.0155324173096709,,,,342.81
56.748,-0.01596241730967094,,,,342.81
56.752,-0.016222417309670924,,,,342.81
56.756,-0.01665241730967091,,,,342.81
56.76,-0.01708241730967095,,,,342.81
56.764,-0.017502417309670927,,,,342.81
56.768,-0.017932417309670913,,,,342.81
56.772,-0.01828241730967093,,,,342.81
56.776,-0.0183624173096709,,,,342.81
56.78,-0.018452417309670933,,,,342.81
56.784,-0.018702417309670906,,,,342.81
56.788,-0.01879241730967094,,,,342.81
56.792,-0.018962417309670944,,,,342.81
56.796,-0.019222417309670926,,,,342.81
56.8,-0.01930241730967095,,,,342.81
56.804,-0.019562417309670933,,,,342.81
56.808,-0.019652417309670912,,,,342.81
56.812,-0.019652417309670912,,,,342.81
56.816,-0.01948241730967091,,,,342.81
56.82,-0.019222417309670926,,,,342.81
56.824,-0.019132417309670947,,,,342.81
56.828,-0.019132417309670947,,,,342.81
56.832,-0.01888241730967092,,,,342.81
56.836,-0.018702417309670906,,,,342.81
56.84,-0.0183624173096709,,,,342.81
56.844,-0.017932417309670913,,,,342.81
56.848,-0.01768241730967094,,,,342.81
56.852,-0.017502417309670927,,,,342.81
56.856,-0.01716241730967092,,,,342.81
56.86,-0.016732417309670934,,,,342.81
56.864,-0.016482417309670906,,,,342.81
56.868,-0.01596241730967094,,,,342.81
56.872,-0.01545241730967093,,,,342.81
56.876,-0.01493241730967091,,,,342.81
56.88,-0.014332417309670921,,,,342.81
56.884,-0.013902417309670935,,,,342.81
56.888,-0.013482417309670904,,,,342.81
56.892,-0.012962417309670939,,,,342.81
56.896,-0.012282417309670925,,,,342.81
56.9,-0.011762417309670904,,,,342.81
56.904,-0.01125241730967095,,,,342.81
56.908,-0.010652417309670904,,,,342.81
56.912,-0.01013241730967094,,,,342.81
56.916,-0.00953241730967095,,,,342.81
56.92,-0.00902241730967094,,,,342.81
56.924,-0.008332417309670916,,,,342.81
56.928,-0.007482417309670954,,,,342.81
56.932,-0.006882417309670909,,,,342.81
56.936,-0.00619241730967094,,,,342.81
56.94,-0.005422417309670947,,,,342.81
56.944,-0.0048224173096709025,,,,342.81
56.948,-0.00405241730967091,,,,342.81
56.952,-0.00345241730967092,,,,342.81
56.956,-0.0028524173096709307,,,,342.81
56.96,-0.0022524173096709413,,,,342.81
56.964,-0.0012224173096709102,,,,342.81
56.968,-0.0005424173096709518,,,,342.81
56.972,5.7582690329093184e-05,,,,342.81
56.976,0.0007475826903290616,,,,342.81
56.98,0.001257582690329072,,,,342.81
56.984,0.0017775826903290925,,,,342.81
56.988,0.0020375826903290747,,,,342.81
56.992,0.002287582690329047,,,,342.81
56.996,0.002887582690329092,,,,342.81
57.0,0.003407582690329057,,,,342.81
57.004,0.004087582690329071,,,,342.81
57.008,0.0046875826903290604,,,,342.81
57.012,0.005117582690329046,,,,342.81
57.016,0.005717582690329091,,,,342.81
57.02,0.006237582690329056,,,,342.81
57.024,0.006577582690329063,,,,342.81
57.028,0.007007582690329049,,,,342.81
57.032,0.007607582690329094,,,,342.81
57.036,0.008207582690329084,,,,342.81
57.04,0.008717582690329094,,,,342.81
57.044,0.00914758269032908,,,,342.81
57.048,0.009487582690329087,,,,342.81
57.052,0.009917582690329073,,,,342.81
57.056,0.010427582690329083,,,,342.81
57.06,0.01085758269032907,,,,342.81
57.064,0.011207582690329086,,,,342.81
57.068,0.011717582690329097,,,,342.81
57.072,0.012227582690329052,,,,342.81
57.076,0.012407582690329065,,,,342.81
57.08,0.01248758269032909,,,,342.81
57.084,0.012827582690329097,,,,342.81
57.088,0.013177582690329058,,,,342.81
57.092,0.013687582690329068,,,,342.81
57.096,0.014027582690329075,,,,342.81
57.1,0.014207582690329089,,,,342.81
57.104,0.014457582690329061,,,,342.81
57.108,0.0147175826903291,,,,342.81
57.112,0.014887582690329047,,,,342.81
57.116,0.015227582690329054,,,,342.81
57.12,0.015577582690329071,,,,342.81
57.124,0.0158275826903291,,,,342.81
57.128,0.01608758269032908,,,,342.81
57.132,0.01617758269032906,,,,342.81
57.136,0.01617758269032906,,,,342.81
57.14,0.016347582690329064,,,,342.81
57.144,0.016257582690329085,,,,342.81
57.148,0.016257582690329085,,,,342.81
57.152,0.016517582690329068,,,,342.81
57.156,0.016517582690329068,,,,342.81
57.16,0.016517582690329068,,,,342.81
57.164,0.016517582690329068,,,,342.81
57.168,0.016607582690329047,,,,342.81
57.172,0.01668758269032907,,,,342.81
57.176,0.016517582690329068,,,,342.81
57.18,0.01642758269032909,,,,342.81
57.184,0.016347582690329064,,,,342.81
57.188,0.016347582690329064,,,,342.81
57.192,0.01608758269032908,,,,342.81
57.196,0.016007582690329057,,,,342.81
57.2,0.015747582690329075,,,,342.81
57.204,0.015657582690329096,,,,342.81
57.208,0.015407582690329068,,,,342.81
57.212,0.015227582690329054,,,,342.81
57.216,0.014977582690329082,,,,342.81
57.22,0.014807582690329078,,,,342.81
57.224,0.014457582690329061,,,,342.81
57.228,0.013947582690329051,,,,342.81
57.232,0.013517582690329065,,,,342.81
57.236,0.013177582690329058,,,,342.81
57.24,0.012827582690329097,,,,342.81
57.244,0.01248758269032909,,,,342.81
57.248,0.012227582690329052,,,,342.81
57.252,0.0118875826903291,,,,342.81
57.256,0.011547582690329093,,,,342.81
57.26,0.011117582690329052,,,,342.81
57.264,0.0107775826903291,,,,342.81
57.268,0.010427582690329083,,,,342.81
57.272,0.01025758269032908,,,,342.81
57.276,0.009917582690329073,,,,342.81
57.28,0.009487582690329087,,,,342.81
57.284,0.00914758269032908,,,,342.81
57.288,0.008887582690329097,,,,342.81
57.292,0.008377582690329087,,,,342.81
57.296,0.007947582690329101,,,,342.81
57.3,0.007437582690329091,,,,342.81
57.304,0.006837582690329101,,,,342.81
57.308,0.006237582690329056,,,,342.81
57.312,0.00580758269032907,,,,342.81
57.316,0.005547582690329088,,,,342.81
57.32,0.005117582690329046,,,,342.81
57.324,0.0043475826903290535,,,,342.81
57.328,0.003747582690329064,,,,342.81
57.332,0.0031475826903290746,,,,342.81
57.336,0.002287582690329047,,,,342.81
57.34,0.0015175826903290545,,,,342.81
57.344,0.0006575826903290826,,,,342.81
57.348,5.7582690329093184e-05,,,,342.81
57.352,-0.0005424173096709518,,,,342.81
57.356,-0.0003624173096709383,,,,342.81
57.36,-0.000532044760651327,,,,342.81
57.364,-0.0009872251528081817,,,,342.81
57.368,-0.001647405544965034,,,,342.81
57.372,-0.002432032995945418,,,,342.81
57.376,-0.0032605545645728656,,,,342.81
57.38,-0.00405241730967091,,,,342.81
57.384,-0.004912417309670937,,,,342.81
57.388,-0.005592417309670951,,,,342.81
57.392,-0.006282417309670919,,,,342.81
57.396,-0.007132417309670937,,,,342.81
57.4,-0.007822417309670905,,,,342.81
57.404,-0.00842241730967095,,,,342.81
57.408,-0.008932417309670905,,,,342.81
57.412,-0.009622417309670929,,,,342.81
57.416,-0.010222417309670918,,,,342.81
57.42,-0.010992417309670911,,,,342.81
57.424,-0.011682417309670935,,,,342.81
57.428,-0.012192417309670946,,,,342.81
57.432,-0.01271241730967091,,,,342.81
57.436,-0.013052417309670918,,,,342.81
57.44,-0.013392417309670925,,,,342.81
57.444,-0.01382241730967091,,,,342.81
57.448,-0.0144224173096709,,,,342.81
57.452,-0.015022417309670945,,,,342.81
57.456,-0.0155324173096709,,,,342.81
57.46,-0.01596241730967094,,,,342.81
57.464,-0.016222417309670924,,,,342.81
57.468,-0.016732417309670934,,,,342.81
57.472,-0.01716241730967092,,,,342.81
57.476,-0.017332417309670924,,,,342.81
57.48,-0.017332417309670924,,,,342.81
57.484,-0.01768241730967094,,,,342.81
57.488,-0.018022417309670948,,,,342.81
57.492,-0.01828241730967093,,,,342.81
57.496,-0.0183624173096709,,,,342.81
57.5,-0.018702417309670906,,,,342.81
57.504,-0.01888241730967092,,,,342.81
57.508,-0.019052417309670923,,,,342.81
57.512,-0.01939241730967093,,,,342.81
57.516,-0.01939241730967093,,,,342.81
57.52,-0.019562417309670933,,,,342.81
57.524,-0.019652417309670912,,,,342.81
57.528,-0.01948241730967091,,,,342.81
57.532,-0.019222417309670926,,,,342.81
57.536,-0.019222417309670926,,,,342.81
57.54,-0.019132417309670947,,,,342.81
57.544,-0.018962417309670944,,,,342.81
57.548,-0.018702417309670906,,,,342.81
57.552,-0.01828241730967093,,,,342.81
57.556,-0.018022417309670948,,,,342.81
57.56,-0.017932417309670913,,,,342.81
57.564,-0.017592417309670906,,,,342.81
57.568,-0.0172524173096709,,,,342.81
57.572,-0.016822417309670913,,,,342.81
57.576,-0.016392417309670927,,,,342.81
57.58,-0.01596241730967094,,,,342.81
57.584,-0.01545241730967093,,,,342.81
57.588,-0.015022417309670945,,,,342.81
57.592,-0.014682417309670938,,,,342.81
57.596,-0.014252417309670952,,,,342.81
57.6,-0.013652417309670907,,,,342.81
57.604,-0.013132417309670942,,,,342.81
57.608,-0.012622417309670932,,,,342.81
57.612,-0.012112417309670921,,,,342.81
57.616,-0.011512417309670932,,,,342.81
57.62,-0.010912417309670942,,,,342.81
57.624,-0.010312417309670953,,,,342.81
57.628,-0.009792417309670932,,,,342.81
57.632,-0.009192417309670943,,,,342.81
57.636,-0.008592417309670954,,,,342.81
57.64,-0.00791241730967094,,,,342.81
57.644,-0.007052417309670912,,,,342.81
57.648,-0.006362417309670944,,,,342.81
57.652,-0.00568241730967093,,,,342.81
57.656,-0.004992417309670906,,,,342.81
57.66,-0.0043924173096709165,,,,342.81
57.664,-0.0037124173096709026,,,,342.81
57.668,-0.003022417309670934,,,,342.81
57.672,-0.002162417309670907,,,,342.81
57.676,-0.0015624173096709171,,,,342.81
57.68,-0.0007924173096709242,,,,342.81
57.684,-0.0001124173096709103,,,,342.81
57.688,0.00048758269032907913,,,,342.81
57.692,0.0010875826903290686,,,,342.81
57.696,0.001347582690329051,,,,342.81
57.7,0.0017775826903290925,,,,342.81
57.704,0.0021175826903290992,,,,342.81
57.708,0.002637582690329064,,,,342.81
57.712,0.0032375826903290536,,,,342.81
57.716,0.0038375826903290985,,,,342.81
57.72,0.004517582690329057,,,,342.81
57.724,0.005037582690329077,,,,342.81
57.728,0.005377582690329084,,,,342.81
57.732,0.005887582690329095,,,,342.81
57.736,0.006487582690329084,,,,342.81
57.74,0.007007582690329049,,,,342.81
57.744,0.007437582690329091,,,,342.81
57.748,0.007857582690329067,,,,342.81
57.752,0.008287582690329053,,,,342.81
57.756,0.008807582690329073,,,,342.81
57.76,0.009407582690329062,,,,342.81
57.764,0.009917582690329073,,,,342.81
57.768,0.010347582690329059,,,,342.81
57.772,0.010687582690329066,,,,342.81
57.776,0.011117582690329052,,,,342.81
57.78,0.011457582690329059,,,,342.81
57.784,0.011717582690329097,,,,342.81
57.788,0.012057582690329048,,,,342.81
57.792,0.012407582690329065,,,,342.81
57.796,0.012827582690329097,,,,342.81
57.8,0.013257582690329082,,,,342.81
57.804,0.013687582690329068,,,,342.81
57.808,0.014027582690329075,,,,342.81
57.812,0.014207582690329089,,,,342.81
57.816,0.014457582690329061,,,,342.81
57.82,0.0147175826903291,,,,342.81
57.824,0.014977582690329082,,,,342.81
57.828,0.015317582690329089,,,,342.81
57.832,0.015577582690329071,,,,342.81
57.836,0.015747582690329075,,,,342.81
57.84,0.016007582690329057,,,,342.81
57.844,0.016257582690329085,,,,342.81
57.848,0.01642758269032909,,,,342.81
57.852,0.01642758269032909,,,,342.81
57.856,0.016517582690329068,,,,342.81
57.86,0.016517582690329068,,,,342.81
57.864,0.016517582690329068,,,,342.81
57.868,0.016517582690329068,,,,342.81
57.872,0.01642758269032909,,,,342.81
57.876,0.016517582690329068,,,,342.81
57.88,0.016517582690329068,,,,342.81
57.884,0.01642758269032909,,,,342.81
57.888,0.016517582690329068,,,,342.81
57.892,0.01668758269032907,,,,342.81
57.896,0.016607582690329047,,,,342.81
57.9,0.016607582690329047,,,,342.81
57.904,0.016517582690329068,,,,342.81
57.908,0.016347582690329064,,,,342.81
57.912,0.01608758269032908,,,,342.81
57.916,0.016007582690329057,,,,342.81
57.92,0.015747582690329075,,,,342.81
57.924,0.015577582690329071,,,,342.81
57.928,0.015317582690329089,,,,342.81
57.932,0.015227582690329054,,,,342.81
57.936,0.014807582690329078,,,,342.81
57.94,0.014377582690329092,,,,342.81
57.944,0.014027582690329075,,,,342.81
57.948,0.013687582690329068,,,,342.81
57.952,0.013257582690329082,,,,342.81
57.956,0.012827582690329097,,,,342.81
57.96,0.01248758269032909,,,,342.81
57.964,0.012227582690329052,,,,342.81
57.968,0.0118875826903291,,,,342.81
57.972,0.011547582690329093,,,,342.81
57.976,0.011117582690329052,,,,342.81
57.98,0.010607582690329097,,,,342.81
57.984,0.010347582690329059,,,,342.81
57.988,0.01025758269032908,,,,342.81
57.992,0.009827582690329094,,,,342.81
57.996,0.009487582690329087,,,,342.81
58.0,0.009317582690329083,,,,342.81
58.004,0.008717582690329094,,,,342.81
58.008,0.008377582690329087,,,,342.81
58.012,0.007947582690329101,,,,342.81
58.016,0.007437582690329091,,,,342.81
58.02,0.006837582690329101,,,,342.81
58.024,0.006237582690329056,,,,342.81
58.028,0.00580758269032907,,,,342.81
58.032,0.00528758269032905,,,,342.81
58.036,0.0046875826903290604,,,,342.81
58.04,0.004087582690329071,,,,342.81
58.044,0.003387349751630327,,,,342.81
58.048,0.0026032657300953752,,,,342.81
58.052,0.0017942888194609945,,,,342.81
58.056,0.0010193772134639636,,,,342.81
58.06,0.0003374891058410608,,,,342.81
58.064,-0.0001924173096709348,,,,342.81
58.068,-0.0005424173096709518,,,,342.81
58.072,-0.0009650786694141882,,,,342.81
58.076,-0.001429849748113939,,,,342.81
58.08,-0.001936849848629845,,,,342.81
58.084,-0.0024861982738215473,,,,342.81
58.088,-0.003078014326548686,,,,342.81
58.092,-0.0037124173096709026,,,,342.81
58.096,-0.004482417309670951,,,,342.81
58.1,-0.0051624173096709094,,,,342.81
58.104,-0.005852417309670933,,,,342.81
58.108,-0.00679241730967093,,,,342.81
58.112,-0.007562417309670923,,,,342.81
58.116,-0.008162417309670912,,,,342.81
58.12,-0.008762417309670902,,,,342.81
58.124,-0.009282417309670922,,,,342.81
58.128,-0.009882417309670911,,,,342.81
58.132,-0.010562417309670925,,,,342.81
58.136,-0.011332417309670918,,,,342.81
58.14,-0.011852417309670939,,,,342.81
58.144,-0.012282417309670925,,,,342.81
58.148,-0.012792417309670935,,,,342.81
58.152,-0.013392417309670925,,,,342.81
58.156,-0.01382241730967091,,,,342.81
58.16,-0.014332417309670921,,,,342.81
58.164,-0.014762417309670907,,,,342.81
58.168,-0.015102417309670914,,,,342.81
58.172,-0.01545241730967093,,,,342.81
58.176,-0.015792417309670938,,,,342.81
58.18,-0.016222417309670924,,,,342.81
58.184,-0.016732417309670934,,,,342.81
58.188,-0.01716241730967092,,,,342.81
58.192,-0.017592417309670906,,,,342.81
58.196,-0.017932417309670913,,,,342.81
58.2,-0.018022417309670948,,,,342.81
58.204,-0.018102417309670917,,,,342.81
58.208,-0.0183624173096709,,,,342.81
58.212,-0.018452417309670933,,,,342.81
58.216,-0.018702417309670906,,,,342.81
58.22,-0.018962417309670944,,,,342.81
58.224,-0.019222417309670926,,,,342.81
58.228,-0.01930241730967095,,,,342.81
58.232,-0.019562417309670933,,,,342.81
58.236,-0.019562417309670933,,,,342.81
58.24,-0.01948241730967091,,,,342.81
58.244,-0.019222417309670926,,,,342.81
58.248,-0.019222417309670926,,,,342.81
58.252,-0.019132417309670947,,,,342.81
58.256,-0.01888241730967092,,,,342.81
58.26,-0.018702417309670906,,,,342.81
58.264,-0.018452417309670933,,,,342.81
58.268,-0.01828241730967093,,,,342.81
58.272,-0.017932417309670913,,,,342.81
58.276,-0.017592417309670906,,,,342.81
58.28,-0.01716241730967092,,,,342.81
58.284,-0.016732417309670934,,,,342.81
58.288,-0.016392417309670927,,,,342.81
58.292,-0.01596241730967094,,,,342.81
58.296,-0.01545241730967093,,,,342.81
58.3,-0.015022417309670945,,,,342.81
58.304,-0.014682417309670938,,,,342.81
58.308,-0.014332417309670921,,,,342.81
58.312,-0.013902417309670935,,,,342.81
58.316,-0.013302417309670946,,,,342.81
58.32,-0.01271241730967091,,,,342.81
58.324,-0.012192417309670946,,,,342.81
58.328,-0.011682417309670935,,,,342.81
58.332,-0.011082417309670946,,,,342.81
58.336,-0.0104824173096709,,,,342.81
58.34,-0.009792417309670932,,,,342.81
58.344,-0.009452417309670925,,,,342.81
58.348,-0.008762417309670902,,,,342.81
58.352,-0.00791241730967094,,,,342.81
58.356,-0.007222417309670916,,,,342.81
58.36,-0.006532417309670947,,,,342.81
58.364,-0.006112417309670916,,,,342.81
58.368,-0.005422417309670947,,,,342.81
58.372,-0.0048224173096709025,,,,342.81
58.376,-0.00405241730967091,,,,342.81
58.38,-0.003362417309670941,,,,342.81
58.384,-0.0026824173096709272,,,,342.81
58.388,-0.0018224173096708996,,,,342.81
58.392,-0.0012224173096709102,,,,342.81
58.396,-0.0003624173096709383,,,,342.81
58.4,0.00040758269032905464,,,,342.81
58.404,0.0009175826903290651,,,,342.81
58.408,0.0014375826903290855,,,,342.81
58.412,0.001607582690329089,,,,342.81
58.416,0.001947582690329096,,,,342.81
58.42,0.0024575826903290507,,,,342.81
58.424,0.0030575826903290956,,,,342.81
58.428,0.003657582690329085,,,,342.81
58.432,0.004087582690329071,,,,342.81
58.436,0.004777582690329095,,,,342.81
58.44,0.005377582690329084,,,,342.81
58.444,0.00580758269032907,,,,342.81
58.448,0.006237582690329056,,,,342.81
58.452,0.006657582690329088,,,,342.81
58.456,0.007257582690329077,,,,342.81
58.46,0.007777582690329098,,,,342.81
58.464,0.008287582690329053,,,,342.81
58.468,0.008717582690329094,,,,342.81
58.472,0.00914758269032908,,,,342.81
58.476,0.009487582690329087,,,,342.81
58.48,0.009917582690329073,,,,342.81
58.484,0.010427582690329083,,,,342.81
58.488,0.01085758269032907,,,,342.81
58.492,0.011207582690329086,,,,342.81
58.496,0.011547582690329093,,,,342.81
58.5,0.011977582690329079,,,,342.81
58.504,0.012407582690329065,,,,342.81
58.508,0.012747582690329072,,,,342.81
58.512,0.013007582690329055,,,,342.81
58.516,0.013257582690329082,,,,342.81
58.52,0.013687582690329068,,,,342.81
58.524,0.014117582690329054,,,,342.81
58.528,0.014377582690329092,,,,342.81
58.532,0.014457582690329061,,,,342.81
58.536,0.014887582690329047,,,,342.81
58.54,0.015317582690329089,,,,342.81
58.544,0.015487582690329092,,,,342.81
58.548,0.015657582690329096,,,,342.81
58.552,0.015917582690329078,,,,342.81
58.556,0.01608758269032908,,,,342.81
58.56,0.016257582690329085,,,,342.81
58.564,0.01642758269032909,,,,342.81
58.568,0.016517582690329068,,,,342.81
58.572,0.016517582690329068,,,,342.81
58.576,0.016517582690329068,,,,342.81
58.58,0.016517582690329068,,,,342.81
58.584,0.016517582690329068,,,,342.81
58.588,0.01642758269032909,,,,342.81
58.592,0.016517582690329068,,,,342.81
58.596,0.016517582690329068,,,,342.81
58.6,0.016517582690329068,,,,342.81
58.604,0.01677758269032905,,,,342.81
58.608,0.016857582690329075,,,,342.81
58.612,0.01677758269032905,,,,342.81
58.616,0.016607582690329047,,,,342.81
58.62,0.016347582690329064,,,,342.81
58.624,0.01608758269032908,,,,342.81
58.628,0.01608758269032908,,,,342.81
58.632,0.01608758269032908,,,,342.81
58.636,0.015747582690329075,,,,342.81
58.64,0.015407582690329068,,,,342.81
58.644,0.015147582690329085,,,,342.81
58.648,0.014887582690329047,,,,342.81
58.652,0.0147175826903291,,,,342.81
58.656,0.014377582690329092,,,,342.81
58.66,0.014027582690329075,,,,342.81
58.664,0.013687582690329068,,,,342.81
58.668,0.013257582690329082,,,,342.81
58.672,0.012747582690329072,,,,342.81
58.676,0.012407582690329065,,,,342.81
58.68,0.012227582690329052,,,,342.81
58.684,0.0118875826903291,,,,342.81
58.688,0.011547582690329093,,,,342.81
58.692,0.011117582690329052,,,,342.81
58.696,0.01085758269032907,,,,342.81
58.7,0.010687582690329066,,,,342.81
58.704,0.01025758269032908,,,,342.81
58.708,0.009577582690329066,,,,342.81
58.712,0.009057582690329101,,,,342.81
58.716,0.008807582690329073,,,,342.81
58.72,0.00862758269032906,,,,342.81
58.724,0.008287582690329053,,,,342.81
58.728,0.007777582690329098,,,,342.81
58.732,0.007087582690329074,,,,342.81
58.736,0.006657582690329088,,,,342.81
58.74,0.006317582690329081,,,,342.81
58.744,0.00580758269032907,,,,342.81
58.748,0.005117582690329046,,,,342.81
58.752,0.0046075826903290915,,,,342.81
58.756,0.003946088600771639,,,,342.81
58.76,0.00316405042472237,,,,342.81
58.764,0.0023273244539173807,,,,342.81
58.768,0.0015017669800927703,,,,342.81
58.772,0.000753234294984635,,,,342.81
58.776,0.00014758269032907217,,,,342.81
58.78,-0.0002824173096709138,,,,342.81
58.784,-0.0005424173096709518,,,,342.81
58.788,-0.0009159678997823302,,,,342.81
58.792,-0.0013783931339971828,,,,342.81
58.796,-0.0019094718522044884,,,,342.81
58.8,-0.0024889828942932244,,,,342.81
58.804,-0.003096705100152369,,,,342.81
58.808,-0.0037124173096709026,,,,342.81
58.812,-0.0043924173096709165,,,,342.81
58.816,-0.005252417309670944,,,,342.81
58.82,-0.006112417309670916,,,,342.81
58.824,-0.00679241730967093,,,,342.81
58.828,-0.007652417309670902,,,,342.81
58.832,-0.008162417309670912,,,,342.81
58.836,-0.008762417309670902,,,,342.81
58.84,-0.00953241730967095,,,,342.81
58.844,-0.0104824173096709,,,,342.81
58.848,-0.010992417309670911,,,,342.81
58.852,-0.011422417309670953,,,,342.81
58.856,-0.012022417309670942,,,,342.81
58.86,-0.012622417309670932,,,,342.81
58.864,-0.013052417309670918,,,,342.81
58.868,-0.013392417309670925,,,,342.81
58.872,-0.01382241730967091,,,,342.81
58.876,-0.014252417309670952,,,,342.81
58.88,-0.014682417309670938,,,,342.81
58.884,-0.015192417309670948,,,,342.81
58.888,-0.015622417309670934,,,,342.81
58.892,-0.015882417309670917,,,,342.81
58.896,-0.016222417309670924,,,,342.81
58.9,-0.016732417309670934,,,,342.81
58.904,-0.01716241730967092,,,,342.81
58.908,-0.017422417309670903,,,,342.81
58.912,-0.01768241730967094,,,,342.81
58.916,-0.017932417309670913,,,,342.81
58.92,-0.018102417309670917,,,,342.81
58.924,-0.0183624173096709,,,,342.81
58.928,-0.018532417309670902,,,,342.81
58.932,-0.01879241730967094,,,,342.81
58.936,-0.01888241730967092,,,,342.81
58.94,-0.01888241730967092,,,,342.81
58.944,-0.019222417309670926,,,,342.81
58.948,-0.01948241730967091,,,,342.81
58.952,-0.01948241730967091,,,,342.81
58.956,-0.01930241730967095,,,,342.81
58.96,-0.01930241730967095,,,,342.81
58.964,-0.01930241730967095,,,,342.81
58.968,-0.019132417309670947,,,,342.81
58.972,-0.01888241730967092,,,,342.81
58.976,-0.018702417309670906,,,,342.81
58.98,-0.0183624173096709,,,,342.81
58.984,-0.018022417309670948,,,,342.81
58.988,-0.017932417309670913,,,,342.81
58.992,-0.017592417309670906,,,,342.81
58.996,-0.01716241730967092,,,,342.81
59.0,-0.01665241730967091,,,,342.81
59.004,-0.016222417309670924,,,,342.81
59.008,-0.01596241730967094,,,,342.81
59.012,-0.0155324173096709,,,,342.81
59.016,-0.015102417309670914,,,,342.81
59.02,-0.014682417309670938,,,,342.81
59.024,-0.014162417309670917,,,,342.81
59.028,-0.013562417309670928,,,,342.81
59.032,-0.013052417309670918,,,,342.81
59.036,-0.012622417309670932,,,,342.81
59.04,-0.012112417309670921,,,,342.81
59.044,-0.011512417309670932,,,,342.81
59.048,-0.010912417309670942,,,,342.81
59.052,-0.010312417309670953,,,,342.81
59.056,-0.009792417309670932,,,,342.81
59.06,-0.009192417309670943,,,,342.81
59.064,-0.008592417309670954,,,,342.81
59.068,-0.00791241730967094,,,,342.81
59.072,-0.007052417309670912,,,,342.81
59.076,-0.006452417309670923,,,,342.81
59.08,-0.005852417309670933,,,,342.81
59.084,-0.005252417309670944,,,,342.81
59.088,-0.004482417309670951,,,,342.81
59.092,-0.0036224173096709236,,,,342.81
59.096,-0.003112417309670913,,,,342.81
59.1,-0.0024224173096709448,,,,342.81
59.104,-0.0015624173096709171,,,,342.81
59.108,-0.0007124173096708997,,,,342.81
59.112,-2.2417309670931312e-05,,,,342.81
59.116,0.0006575826903290826,,,,342.81
59.12,0.001347582690329051,,,,342.81
59.124,0.0015175826903290545,,,,342.81
59.128,0.001947582690329096,,,,342.81
59.132,0.0021175826903290992,,,,342.81
59.136,0.002637582690329064,,,,342.81
59.14,0.0032375826903290536,,,,342.81
59.144,0.003747582690329064,,,,342.81
59.148,0.0043475826903290535,,,,342.81
59.152,0.004857582690329064,,,,342.81
59.156,0.005457582690329053,,,,342.81
59.16,0.006147582690329077,,,,342.81
59.164,0.006577582690329063,,,,342.81
59.168,0.00691758269032907,,,,342.81
59.172,0.007347582690329056,,,,342.81
59.176,0.007947582690329101,,,,342.81
59.18,0.00862758269032906,,,,342.81
59.184,0.00914758269032908,,,,342.81
59.188,0.009487582690329087,,,,342.81
59.192,0.009917582690329073,,,,342.81
59.196,0.010347582690329059,,,,342.81
59.2,0.0107775826903291,,,,342.81
59.204,0.011207582690329086,,,,342.81
59.208,0.011547582690329093,,,,342.81
59.212,0.011977582690329079,,,,342.81
59.216,0.012317582690329086,,,,342.81
59.22,0.01248758269032909,,,,342.81
59.224,0.012827582690329097,,,,342.81
59.228,0.013177582690329058,,,,342.81
59.232,0.013687582690329068,,,,342.81
59.236,0.014027582690329075,,,,342.81
59.24,0.014207582690329089,,,,342.81
59.244,0.014457582690329061,,,,342.81
59.248,0.014887582690329047,,,,342.81
59.252,0.015227582690329054,,,,342.81
59.256,0.015407582690329068,,,,342.81
59.26,0.015577582690329071,,,,342.81
59.264,0.0158275826903291,,,,342.81
59.268,0.01608758269032908,,,,342.81
59.272,0.016257582690329085,,,,342.81
59.276,0.016517582690329068,,,,342.81
59.28,0.016517582690329068,,,,342.81
59.284,0.016517582690329068,,,,342.81
59.288,0.01668758269032907,,,,342.81
59.292,0.016607582690329047,,,,342.81
59.296,0.016607582690329047,,,,342.81
59.3,0.016517582690329068,,,,342.81
59.304,0.01642758269032909,,,,342.81
59.308,0.016517582690329068,,,,342.81
59.312,0.016517582690329068,,,,342.81
59.316,0.01668758269032907,,,,342.81
59.32,0.01668758269032907,,,,342.81
59.324,0.01677758269032905,,,,342.81
59.328,0.016607582690329047,,,,342.81
59.332,0.016517582690329068,,,,342.81
59.336,0.016347582690329064,,,,342.81
59.34,0.01608758269032908,,,,342.81
59.344,0.016007582690329057,,,,342.81
59.348,0.015747582690329075,,,,342.81
59.352,0.015577582690329071,,,,342.81
59.356,0.015317582690329089,,,,342.81
59.36,0.015227582690329054,,,,342.81
59.364,0.014807582690329078,,,,342.81
59.368,0.014377582690329092,,,,342.81
59.372,0.014117582690329054,,,,342.81
59.376,0.013947582690329051,,,,342.81
59.38,0.0136075826903291,,,,342.81
59.384,0.013257582690329082,,,,342.81
59.388,0.012827582690329097,,,,342.81
59.392,0.01248758269032909,,,,342.81
59.396,0.012227582690329052,,,,342.81
59.4,0.0118875826903291,,,,342.81
59.404,0.011547582690329093,,,,342.81
59.408,0.011117582690329052,,,,342.81
59.412,0.010517582690329062,,,,342.81
59.416,0.010177582690329055,,,,342.81
59.42,0.009917582690329073,,,,342.81
59.424,0.009407582690329062,,,,342.81
59.428,0.009057582690329101,,,,342.81
59.432,0.00862758269032906,,,,342.81
59.436,0.00802758269032907,,,,342.81
59.44,0.007607582690329094,,,,342.81
59.444,0.007347582690329056,,,,342.81
59.448,0.00691758269032907,,,,342.81
59.452,0.006317582690329081,,,,342.81
59.456,0.00580758269032907,,,,342.81
59.46,0.005377582690329084,,,,342.81
59.464,0.004947582690329098,,,,342.81
59.468,0.0043475826903290535,,,,342.81
59.472,0.0036304184256274238,,,,342.81
59.476,0.002820271912081166,,,,342.81
59.48,0.001975029115734242,,,,342.81
59.484,0.0011525760026306112,,,,342.81
59.488,0.0004107985388142328,,,,342.81
59.492,-0.0001924173096709348,,,,342.81
59.496,-0.0006224173096709207,,,,342.81
59.5,-0.0007124173096708997,,,,342.81
59.504,-0.0009801489036911084,,,,342.81
59.508,-0.0014731447772704388,,,,342.81
59.512,-0.0021261372425334883,,,,342.81
59.516,-0.0028738586116048535,,,,342.81
59.52,-0.00365104119660913,,,,342.81
59.524,-0.0043924173096709165,,,,342.81
59.528,-0.0051624173096709094,,,,342.81
59.532,-0.005852417309670933,,,,342.81
59.536,-0.006712417309670905,,,,342.81
59.54,-0.00731241730967095,,,,342.81
59.544,-0.007992417309670909,,,,342.81
59.548,-0.008592417309670954,,,,342.81
59.552,-0.009282417309670922,,,,342.81
59.556,-0.009792417309670932,,,,342.81
59.56,-0.010392417309670922,,,,342.81
59.564,-0.01125241730967095,,,,342.81
59.568,-0.011852417309670939,,,,342.81
59.572,-0.012192417309670946,,,,342.81
59.576,-0.01271241730967091,,,,342.81
59.58,-0.013302417309670946,,,,342.81
59.584,-0.01382241730967091,,,,342.81
59.588,-0.014252417309670952,,,,342.81
59.592,-0.014682417309670938,,,,342.81
59.596,-0.015102417309670914,,,,342.81
59.6,-0.0155324173096709,,,,342.81
59.604,-0.01596241730967094,,,,342.81
59.608,-0.016222417309670924,,,,342.81
59.612,-0.016732417309670934,,,,342.81
59.616,-0.01716241730967092,,,,342.81
59.62,-0.017502417309670927,,,,342.81
59.624,-0.01768241730967094,,,,342.81
59.628,-0.017852417309670944,,,,342.81
59.632,-0.018022417309670948,,,,342.81
59.636,-0.01828241730967093,,,,342.81
59.64,-0.018452417309670933,,,,342.81
59.644,-0.018702417309670906,,,,342.81
59.648,-0.01879241730967094,,,,342.81
59.652,-0.01888241730967092,,,,342.81
59.656,-0.019132417309670947,,,,342.81
59.66,-0.019132417309670947,,,,342.81
59.664,-0.019132417309670947,,,,342.81
59.668,-0.019222417309670926,,,,342.81
59.672,-0.019132417309670947,,,,342.81
59.676,-0.019222417309670926,,,,342.81
59.68,-0.019132417309670947,,,,342.81
59.684,-0.018962417309670944,,,,342.81
59.688,-0.018702417309670906,,,,342.81
59.692,-0.018452417309670933,,,,342.81
59.696,-0.0183624173096709,,,,342.81
59.7,-0.018022417309670948,,,,342.81
59.704,-0.017592417309670906,,,,342.81
59.708,-0.01716241730967092,,,,342.81
59.712,-0.016822417309670913,,,,342.81
59.716,-0.01665241730967091,,,,342.81
59.72,-0.016222417309670924,,,,342.81
59.724,-0.015792417309670938,,,,342.81
59.728,-0.015102417309670914,,,,342.81
59.732,-0.014682417309670938,,,,342.81
59.736,-0.014332417309670921,,,,342.81
59.74,-0.013902417309670935,,,,342.81
59.744,-0.013302417309670946,,,,342.81
59.748,-0.01271241730967091,,,,342.81
59.752,-0.012282417309670925,,,,342.81
59.756,-0.011762417309670904,,,,342.81
59.76,-0.011082417309670946,,,,342.81
59.764,-0.010562417309670925,,,,342.81
59.768,-0.01013241730967094,,,,342.81
59.772,-0.00953241730967095,,,,342.81
59.776,-0.008932417309670905,,,,342.81
59.78,-0.008162417309670912,,,,342.81
59.784,-0.007482417309670954,,,,342.81
59.788,-0.006622417309670926,,,,342.81
59.792,-0.006112417309670916,,,,342.81
59.796,-0.005332417309670913,,,,342.81
59.8,-0.0047324173096709235,,,,342.81
59.804,-0.004132417309670934,,,,342.81
59.808,-0.0035324173096709446,,,,342.81
59.812,-0.0029324173096708997,,,,342.81
59.816,-0.0022524173096709413,,,,342.81
59.82,-0.0012224173096709102,,,,342.81
59.824,-0.0005424173096709518,,,,342.81
59.828,5.7582690329093184e-05,,,,342.81
59.832,0.0007475826903290616,,,,342.81
59.836,0.001257582690329072,,,,342.81
59.84,,,,,342.81
59.844,,,,,342.81
59.848,,,,,342.81
59.852,,,,,342.81
59.856,,,,,342.81
59.86,,,,,342.81
59.864,,,,,342.81
59.868,,,,,342.81
59.872,,,,,342.81
59.876,,,,,342.81
59.88,,,,,342.81
59.884,,,,,342.81
59.888,,,,,342.81
59.892,,,,,342.81
59.896,,,,,342.81
59.9,,,,,342.81
59.904,,,,,342.81
59.908,,,,,342.81
59.912,,,,,342.81
59.916,,,,,342.81
59.92,,,,,342.81
59.924,,,,,342.81
59.928,,,,,342.81
59.932,,,,,342.81
59.936,,,,,342.81
59.94,,,,,342.81
59.944,,,,,342.81
59.948,,,,,342.81
59.952,,,,,342.81
59.956,,,,,342.81
59.96,,,,,342.81
59.964,,,,,342.81
59.968,,,,,342.81
59.972,,,,,342.81
59.976,,,,,342.81
59.98,,,,,342.81
59.984,,,,,342.81
59.988,,,,,342.81
59.992,,,,,342.81
59.996,,,,,342.81
60.0,,,,,342.81
60.004,,,,,342.81
60.008,,,,,342.81
60.012,,,,,342.81
60.016,,,,,342.81
60.02,,,,,342.81
