time,P_0,P_1,P_2,P_3,sound_speed
0.0,,,,,341.81
0.004,,,,,341.81
0.008,,,,,341.81
0.012,,,,,341.81
0.016,,,,,341.81
0.02,,,,,341.81
0.024,,,,,341.81
0.028,,,,,341.81
0.032,,,,,341.81
0.036,,,,,341.81
0.04,,,,,341.81
0.044,,,,,341.81
0.048,,,,,341.81
0.052,,,,,341.81
0.056,,,,,341.81
0.06,,,,,341.81
0.064,,,,,341.81
0.068,,,,,341.81
0.072,,,,,341.81
0.076,,,,,341.81
0.08,,,,,341.81
0.084,,,,,341.81
0.088,,,,,341.81
0.092,,,,,341.81
0.096,,,,,341.81
0.1,,,,,341.81
0.104,,,,,341.81
0.108,,,,,341.81
0.112,,,,,341.81
0.116,,,,,341.81
0.12,,,,,341.81
0.124,,,,,341.81
0.128,,,,,341.81
0.132,,,,,341.81
0.136,,,,,341.81
0.14,,,,,341.81
0.144,,,,,341.81
0.148,,,,,341.81
0.152,,,,,341.81
0.156,,,,,341.81
0.16,,,,,341.81
0.164,,,,,341.81
0.168,,,,,341.81
0.172,,,,,341.81
0.176,,,,,341.81
0.18,,,,,341.81
0.184,,,,,341.81
0.188,,,,,341.81
0.192,,,,,341.81
0.196,,,,,341.81
0.2,,,,,341.81
0.204,,,,,341.81
0.208,,,,,341.81
0.212,,,,,341.81
0.216,,,,,341.81
0.22,,,,,341.81
0.224,,,,,341.81
0.228,,,,,341.81
0.232,,,,,341.81
0.236,,,,,341.81
0.24,,,,,341.81
0.244,,,,,341.81
0.248,,,,,341.81
0.252,,,,,341.81
0.256,,,,,341.81
0.26,,,,,341.81
0.264,,,,,341.81
0.268,,,,,341.81
0.272,,,,,341.81
0.276,,,,,341.81
0.28,,,,,341.81
0.284,,,,,341.81
0.288,,,,,341.81
0.292,,,,,341.81
0.296,,,,,341.81
0.3,,,,,341.81
0.304,,,,,341.81
0.308,,,,,341.81
0.312,,,,,341.81
0.316,,,,,341.81
0.32,,,,,341.81
0.324,,,,,341.81
0.328,,,,,341.81
0.332,,,,,341.81
0.336,,,,,341.81
0.34,,,,,341.81
0.344,,,,,341.81
0.348,,,,,341.81
0.352,,,,,341.81
0.356,,,,,341.81
0.36,,,,,341.81
0.364,,,,,341.81
0.368,,,,,341.81
0.372,,,,,341.81
0.376,,,,,341.81
0.38,,,,,341.81
0.384,,,,,341.81
0.388,,,,,341.81
0.392,,,,,341.81
0.396,,,,,341.81
0.4,,,,,341.81
0.404,,,,,341.81
0.408,,,,,341.81
0.412,,,,,341.81
0.416,,,,,341.81
0.42,,,,,341.81
0.424,,,,,341.81
0.428,,,,,341.81
0.432,,,,,341.81
0.436,,,,,341.81
0.44,,,,,341.81
0.444,,,,,341.81
0.448,,,,,341.81
0.452,,,,,341.81
0.456,,,,,341.81
0.46,,,,,341.81
0.464,,,,,341.81
0.468,,,,,341.81
0.472,,,,,341.81
0.476,,,,,341.81
0.48,,,,,341.81
0.484,,,,,341.81
0.488,,,,,341.81
0.492,,,,,341.81
0.496,,,,,341.81
0.5,,,,,341.81
0.504,,,,,341.82
0.508,,,,,341.82
0.512,,,,,341.82
0.516,,,,,341.82
0.52,,,,,341.82
0.524,,,,,341.82
0.528,,,,,341.82
0.532,,,,,341.82
0.536,,,,,341.82
0.54,,,,,341.82
0.544,,,,,341.82
0.548,,,,,341.82
0.552,,,,,341.82
0.556,,,,,341.82
0.56,,,,,341.82
0.564,,,,,341.82
0.568,,,,,341.82
0.572,,,,,341.82
0.576,,,,,341.82
0.58,,,,,341.82
0.584,,,,,341.82
0.588,,,,,341.82
0.592,,,,,341.82
0.596,,,,,341.82
0.6,,,,,341.82
0.604,,,,,341.82
0.608,,,,,341.82
0.612,,,,,341.82
0.616,,,,,341.82
0.62,,,,,341.82
0.624,,,,,341.82
0.628,,,,,341.82
0.632,,,,,341.82
0.636,,,,,341.82
0.64,,,,,341.82
0.644,,,,,341.82
0.648,,,,,341.82
0.652,,,,,341.82
0.656,,,,,341.82
0.66,,,,,341.82
0.664,,,,,341.82
0.668,,,,,341.82
0.672,,,,,341.82
0.676,,,,,341.82
0.68,,,,,341.82
0.684,,,,,341.82
0.688,,,,,341.82
0.692,,,,,341.82
0.696,,,,,341.82
0.7,,,,,341.82
0.704,,,,,341.82
0.708,,,,,341.82
0.712,,,,,341.82
0.716,,,,,341.82
0.72,,,,,341.82
0.724,,,,,341.82
0.728,,,,,341.82
0.732,,,,,341.82
0.736,,,,,341.82
0.74,,,,,341.82
0.744,,,,,341.82
0.748,,,,,341.82
0.752,,,,,341.82
0.756,,,,,341.82
0.76,,,,,341.82
0.764,,,,,341.82
0.768,,,,,341.82
0.772,,,,,341.82
0.776,,,,,341.82
0.78,,,,,341.82
0.784,,,,,341.82
0.788,,,,,341.82
0.792,,,,,341.82
0.796,,,,,341.82
0.8,,,,,341.82
0.804,,,,,341.82
0.808,,,,,341.82
0.812,,,,,341.82
0.816,,,,,341.82
0.82,,,,,341.82
0.824,,,,,341.82
0.828,,,,,341.82
0.832,,,,,341.82
0.836,,,,,341.82
0.84,,,,,341.82
0.844,,,,,341.82
0.848,,,,,341.82
0.852,,,,,341.82
0.856,,,,,341.82
0.86,,,,,341.82
0.864,,,,,341.82
0.868,,,,,341.82
0.872,,,,,341.82
0.876,,,,,341.82
0.88,,,,,341.82
0.884,,,,,341.82
0.888,,,,,341.82
0.892,,,,,341.82
0.896,,,,,341.82
0.9,,,,,341.82
0.904,,,,,341.82
0.908,,,,,341.82
0.912,,,,,341.82
0.916,,,,,341.82
0.92,,,,,341.82
0.924,,,,,341.82
0.928,,,,,341.82
0.932,,,,,341.82
0.936,,,,,341.82
0.94,,,,,341.82
0.944,,,,,341.82
0.948,,,,,341.82
0.952,,,,,341.82
0.956,,,,,341.82
0.96,,,,,341.82
0.964,,,,,341.82
0.968,,,,,341.82
0.972,,,,,341.82
0.976,,,,,341.82
0.98,,,,,341.82
0.984,,,,,341.82
0.988,,,,,341.82
0.992,,,,,341.82
0.996,,,,,341.82
1.0,,,,,341.82
1.004,,,,,341.82
1.008,,,,,341.82
1.012,,,,,341.82
1.016,,,,,341.82
1.02,,,,,341.82
1.024,,,,,341.82
1.028,,,,,341.82
1.032,,,,,341.82
1.036,,,,,341.82
1.04,,,,,341.82
1.044,,,,,341.82
1.048,,,,,341.82
1.052,,,,,341.82
1.056,,,,,341.82
1.06,,,,,341.82
1.064,,,,,341.82
1.068,,,,,341.82
1.072,,,,,341.82
1.076,,,,,341.82
1.08,,,,,341.82
1.084,,,,,341.82
1.088,,,,,341.82
1.092,,,,,341.82
1.096,,,,,341.82
1.1,,,,,341.82
1.104,,,,,341.82
1.108,,,,,341.82
1.112,,,,,341.82
1.116,,,,,341.82
1.12,,,,,341.82
1.124,,,,,341.82
1.128,,,,,341.82
1.132,,,,,341.82
1.136,,,,,341.82
1.14,,,,,341.82
1.144,,,,,341.82
1.148,,,,,341.82
1.152,,,,,341.82
1.156,,,,,341.82
1.16,,,,,341.82
1.164,,,,,341.82
1.168,,,,,341.82
1.172,,,,,341.82
1.176,,,,,341.82
1.18,,,,,341.82
1.184,,,,,341.82
1.188,,,,,341.82
1.192,,,,,341.82
1.196,,,,,341.82
1.2,,,,,341.82
1.204,,,,,341.82
1.208,,,,,341.82
1.212,,,,,341.82
1.216,,,,,341.82
1.22,,,,,341.82
1.224,,,,,341.82
1.228,,,,,341.82
1.232,,,,,341.82
1.236,,,,,341.82
1.24,,,,,341.82
1.244,,,,,341.82
1.248,,,,,341.82
1.252,,,,,341.82
1.256,,,,,341.82
1.26,,,,,341.82
1.264,,,,,341.82
1.268,,,,,341.82
1.272,,,,,341.82
1.276,,,,,341.82
1.28,,,,,341.82
1.284,,,,,341.82
1.288,,,,,341.82
1.292,,,,,341.82
1.296,,,,,341.82
1.3,,,,,341.82
1.304,,,,,341.82
1.308,,,,,341.82
1.312,,,,,341.82
1.316,,,,,341.82
1.32,,,,,341.82
1.324,,,,,341.82
1.328,,,,,341.82
1.332,,,,,341.82
1.336,,,,,341.82
1.34,,,,,341.82
1.344,,,,,341.82
1.348,,,,,341.82
1.352,,,,,341.82
1.356,,,,,341.82
1.36,,,,,341.82
1.364,,,,,341.82
1.368,,,,,341.82
1.372,,,,,341.82
1.376,,,,,341.82
1.38,,,,,341.82
1.384,,,,,341.82
1.388,,,,,341.82
1.392,,,,,341.82
1.396,,,,,341.82
1.4,,,,,341.82
1.404,,,,,341.82
1.408,,,,,341.82
1.412,,,,,341.82
1.416,,,,,341.82
1.42,,,,,341.82
1.424,,,,,341.82
1.428,,,,,341.82
1.432,,,,,341.82
1.436,,,,,341.82
1.44,,,,,341.82
1.444,,,,,341.82
1.448,,,,,341.82
1.452,,,,,341.82
1.456,,,,,341.82
1.46,,,,,341.82
1.464,,,,,341.82
1.468,,,,,341.82
1.472,,,,,341.82
1.476,,,,,341.82
1.48,,,,,341.82
1.484,,,,,341.82
1.488,,,,,341.82
1.492,,,,,341.82
1.496,,,,,341.82
1.5,,,,,341.82
1.504,,,,,341.84
1.508,,,,,341.84
1.512,,,,,341.84
1.516,,,,,341.84
1.52,,,,,341.84
1.524,,,,,341.84
1.528,,,,,341.84
1.532,,,,,341.84
1.536,,,,,341.84
1.54,,,,,341.84
1.544,,,,,341.84
1.548,,,,,341.84
1.552,,,,,341.84
1.556,,,,,341.84
1.56,,,,,341.84
1.564,,,,,341.84
1.568,,,,,341.84
1.572,,,,,341.84
1.576,,,,,341.84
1.58,,,,,341.84
1.584,,,,,341.84
1.588,,,,,341.84
1.592,,,,,341.84
1.596,,,,,341.84
1.6,,,,,341.84
1.604,,,,,341.84
1.608,,,,,341.84
1.612,,,,,341.84
1.616,,,,,341.84
1.62,,,,,341.84
1.624,,,,,341.84
1.628,,,,,341.84
1.632,,,,,341.84
1.636,,,,,341.84
1.64,,,,,341.84
1.644,,,,,341.84
1.648,,,,,341.84
1.652,,,,,341.84
1.656,,,,,341.84
1.66,,,,,341.84
1.664,,,,,341.84
1.668,,,,,341.84
1.672,,,,,341.84
1.676,,,,,341.84
1.68,,,,,341.84
1.684,,,,,341.84
1.688,,,,,341.84
1.692,,,,,341.84
1.696,,,,,341.84
1.7,,,,,341.84
1.704,,,,,341.84
1.708,,,,,341.84
1.712,,,,,341.84
1.716,,,,,341.84
1.72,,,,,341.84
1.724,,,,,341.84
1.728,,,,,341.84
1.732,,,,,341.84
1.736,,,,,341.84
1.74,,,,,341.84
1.744,,,,,341.84
1.748,,,,,341.84
1.752,,,,,341.84
1.756,,,,,341.84
1.76,,,,,341.84
1.764,,,,,341.84
1.768,,,,,341.84
1.772,,,,,341.84
1.776,,,,,341.84
1.78,,,,,341.84
1.784,,,,,341.84
1.788,,,,,341.84
1.792,,,,,341.84
1.796,,,,,341.84
1.8,,,,,341.84
1.804,,,,,341.84
1.808,,,,,341.84
1.812,,,,,341.84
1.816,,,,,341.84
1.82,,,,,341.84
1.824,,,,,341.84
1.828,,,,,341.84
1.832,,,,,341.84
1.836,,,,,341.84
1.84,,,,,341.84
1.844,,,,,341.84
1.848,,,,,341.84
1.852,,,,,341.84
1.856,,,,,341.84
1.86,,,,,341.84
1.864,,,,,341.84
1.868,,,,,341.84
1.872,,,,,341.84
1.876,,,,,341.84
1.88,,,,,341.84
1.884,,,,,341.84
1.888,,,,,341.84
1.892,,,,,341.84
1.896,,,,,341.84
1.9,,,,,341.84
1.904,,,,,341.84
1.908,,,,,341.84
1.912,,,,,341.84
1.916,,,,,341.84
1.92,,,,,341.84
1.924,,,,,341.84
1.928,,,,,341.84
1.932,,,,,341.84
1.936,,,,,341.84
1.94,,,,,341.84
1.944,,,,,341.84
1.948,,,,,341.84
1.952,,,,,341.84
1.956,,,,,341.84
1.96,,,,,341.84
1.964,,,,,341.84
1.968,,,,,341.84
1.972,,,,,341.84
1.976,,,,,341.84
1.98,,,,,341.84
1.984,,,,,341.84
1.988,,,,,341.84
1.992,,,,,341.84
1.996,,,,,341.84
2.0,,,,,341.84
2.004,,,,,341.84
2.008,,,,,341.84
2.012,,,,,341.84
2.016,,,,,341.84
2.02,,,,,341.84
2.024,,,,,341.84
2.028,,,,,341.84
2.032,,,,,341.84
2.036,,,,,341.84
2.04,,,,,341.84
2.044,,,,,341.84
2.048,,,,,341.84
2.052,,,,,341.84
2.056,,,,,341.84
2.06,,,,,341.84
2.064,,,,,341.84
2.068,,,,,341.84
2.072,,,,,341.84
2.076,,,,,341.84
2.08,,,,,341.84
2.084,,,,,341.84
2.088,,,,,341.84
2.092,,,,,341.84
2.096,,,,,341.84
2.1,,,,,341.84
2.104,,,,,341.84
2.108,,,,,341.84
2.112,,,,,341.84
2.116,,,,,341.84
2.12,,,,,341.84
2.124,,,,,341.84
2.128,,,,,341.84
2.132,,,,,341.84
2.136,,,,,341.84
2.14,,,,,341.84
2.144,,,,,341.84
2.148,,,,,341.84
2.152,,,,,341.84
2.156,,,,,341.84
2.16,,,,,341.84
2.164,,,,,341.84
2.168,,,,,341.84
2.172,,,,,341.84
2.176,,,,,341.84
2.18,,,,,341.84
2.184,,,,,341.84
2.188,,,,,341.84
2.192,,,,,341.84
2.196,,,,,341.84
2.2,,,,,341.84
2.204,,,,,341.84
2.208,,,,,341.84
2.212,,,,,341.84
2.216,,,,,341.84
2.22,,,,,341.84
2.224,,,,,341.84
2.228,,,,,341.84
2.232,,,,,341.84
2.236,,,,,341.84
2.24,,,,,341.84
2.244,,,,,341.84
2.248,,,,,341.84
2.252,,,,,341.84
2.256,,,,,341.84
2.26,,,,,341.84
2.264,,,,,341.84
2.268,,,,,341.84
2.272,,,,,341.84
2.276,,,,,341.84
2.28,,,,,341.84
2.284,,,,,341.84
2.288,,,,,341.84
2.292,,,,,341.84
2.296,,,,,341.84
2.3,,,,,341.84
2.304,,,,,341.84
2.308,,,,,341.84
2.312,,,,,341.84
2.316,,,,,341.84
2.32,,,,,341.84
2.324,,,,,341.84
2.328,,,,,341.84
2.332,,,,,341.84
2.336,,,,,341.84
2.34,,,,,341.84
2.344,,,,,341.84
2.348,,,,,341.84
2.352,,,,,341.84
2.356,,,,,341.84
2.36,,,,,341.84
2.364,,,,,341.84
2.368,,,,,341.84
2.372,,,,,341.84
2.376,,,,,341.84
2.38,,,,,341.84
2.384,,,,,341.84
2.388,,,,,341.84
2.392,,,,,341.84
2.396,,,,,341.84
2.4,,,,,341.84
2.404,,,,,341.84
2.408,,,,,341.84
2.412,,,,,341.84
2.416,,,,,341.84
2.42,,,,,341.84
2.424,,,,,341.84
2.428,,,,,341.84
2.432,,,,,341.84
2.436,,,,,341.84
2.44,,,,,341.84
2.444,,,,,341.84
2.448,,,,,341.84
2.452,,,,,341.84
2.456,,,,,341.84
2.46,,,,,341.84
2.464,,,,,341.84
2.468,,,,,341.84
2.472,,,,,341.84
2.476,,,,,341.84
2.48,,,,,341.84
2.484,,,,,341.84
2.488,,,,,341.84
2.492,,,,,341.84
2.496,,,,,341.84
2.5,,,,,341.84
2.504,,,,,341.85
2.508,,,,,341.85
2.512,,,,,341.85
2.516,,,,,341.85
2.52,,,,,341.85
2.524,,,,,341.85
2.528,,,,,341.85
2.532,,,,,341.85
2.536,,,,,341.85
2.54,,,,,341.85
2.544,,,,,341.85
2.548,,,,,341.85
2.552,,,,,341.85
2.556,,,,,341.85
2.56,,,,,341.85
2.564,,,,,341.85
2.568,,,,,341.85
2.572,,,,,341.85
2.576,,,,,341.85
2.58,,,,,341.85
2.584,,,,,341.85
2.588,,,,,341.85
2.592,,,,,341.85
2.596,,,,,341.85
2.6,,,,,341.85
2.604,,,,,341.85
2.608,,,,,341.85
2.612,,,,,341.85
2.616,,,,,341.85
2.62,,,,,341.85
2.624,,,,,341.85
2.628,,,,,341.85
2.632,,,,,341.85
2.636,,,,,341.85
2.64,,,,,341.85
2.644,,,,,341.85
2.648,,,,,341.85
2.652,,,,,341.85
2.656,,,,,341.85
2.66,,,,,341.85
2.664,,,,,341.85
2.668,,,,,341.85
2.672,,,,,341.85
2.676,,,,,341.85
2.68,,,,,341.85
2.684,,,,,341.85
2.688,,,,,341.85
2.692,,,,,341.85
2.696,,,,,341.85
2.7,,,,,341.85
2.704,,,,,341.85
2.708,,,,,341.85
2.712,,,,,341.85
2.716,,,,,341.85
2.72,,,,,341.85
2.724,,,,,341.85
2.728,,,,,341.85
2.732,,,,,341.85
2.736,,,,,341.85
2.74,,,,,341.85
2.744,,,,,341.85
2.748,,,,,341.85
2.752,,,,,341.85
2.756,,,,,341.85
2.76,,,,,341.85
2.764,,,,,341.85
2.768,,,,,341.85
2.772,,,,,341.85
2.776,,,,,341.85
2.78,,,,,341.85
2.784,,,,,341.85
2.788,,,,,341.85
2.792,,,,,341.85
2.796,,,,,341.85
2.8,,,,,341.85
2.804,,,,,341.85
2.808,,,,,341.85
2.812,,,,,341.85
2.816,,,,,341.85
2.82,,,,,341.85
2.824,,,,,341.85
2.828,,,,,341.85
2.832,,,,,341.85
2.836,,,,,341.85
2.84,,,,,341.85
2.844,,,,,341.85
2.848,,,,,341.85
2.852,,,,,341.85
2.856,,,,,341.85
2.86,,,,,341.85
2.864,,,,,341.85
2.868,,,,,341.85
2.872,,,,,341.85
2.876,,,,,341.85
2.88,,,,,341.85
2.884,,,,,341.85
2.888,,,,,341.85
2.892,,,,,341.85
2.896,,,,,341.85
2.9,,,,,341.85
2.904,,,,,341.85
2.908,,,,,341.85
2.912,,,,,341.85
2.916,,,,,341.85
2.92,,,,,341.85
2.924,,,,,341.85
2.928,,,,,341.85
2.932,,,,,341.85
2.936,,,,,341.85
2.94,,,,,341.85
2.944,,,,,341.85
2.948,,,,,341.85
2.952,,,,,341.85
2.956,,,,,341.85
2.96,,,,,341.85
2.964,,,,,341.85
2.968,,,,,341.85
2.972,,,,,341.85
2.976,,,,,341.85
2.98,,,,,341.85
2.984,,,,,341.85
2.988,,,,,341.85
2.992,,,,,341.85
2.996,,,,,341.85
3.0,,,,,341.85
3.004,,,,,341.85
3.008,,,,,341.85
3.012,,,,,341.85
3.016,,,,,341.85
3.02,,,,,341.85
3.024,,,,,341.85
3.028,,,,,341.85
3.032,,,,,341.85
3.036,,,,,341.85
3.04,,,,,341.85
3.044,,,,,341.85
3.048,,,,,341.85
3.052,,,,,341.85
3.056,,,,,341.85
3.06,,,,,341.85
3.064,,,,,341.85
3.068,,,,,341.85
3.072,,,,,341.85
3.076,,,,,341.85
3.08,,,,,341.85
3.084,,,,,341.85
3.088,,,,,341.85
3.092,,,,,341.85
3.096,,,,,341.85
3.1,,,,,341.85
3.104,,,,,341.85
3.108,,,,,341.85
3.112,,,,,341.85
3.116,,,,,341.85
3.12,,,,,341.85
3.124,,,,,341.85
3.128,,,,,341.85
3.132,,,,,341.85
3.136,,,,,341.85
3.14,,,,,341.85
3.144,,,,,341.85
3.148,,,,,341.85
3.152,,,,,341.85
3.156,,,,,341.85
3.16,,,,,341.85
3.164,,,,,341.85
3.168,,,,,341.85
3.172,,,,,341.85
3.176,,,,,341.85
3.18,,,,,341.85
3.184,,,,,341.85
3.188,,,,,341.85
3.192,,,,,341.85
3.196,,,,,341.85
3.2,,,,,341.85
3.204,,,,,341.85
3.208,,,,,341.85
3.212,,,,,341.85
3.216,,,,,341.85
3.22,,,,,341.85
3.224,,,,,341.85
3.228,,,,,341.85
3.232,,,,,341.85
3.236,,,,,341.85
3.24,,,,,341.85
3.244,,,,,341.85
3.248,,,,,341.85
3.252,,,,,341.85
3.256,,,,,341.85
3.26,,,,,341.85
3.264,,,,,341.85
3.268,,,,,341.85
3.272,,,,,341.85
3.276,,,,,341.85
3.28,,,,,341.85
3.284,,,,,341.85
3.288,,,,,341.85
3.292,,,,,341.85
3.296,,,,,341.85
3.3,,,,,341.85
3.304,,,,,341.85
3.308,,,,,341.85
3.312,,,,,341.85
3.316,,,,,341.85
3.32,,,,,341.85
3.324,,,,,341.85
3.328,,,,,341.85
3.332,,,,,341.85
3.336,,,,,341.85
3.34,,,,,341.85
3.344,,,,,341.85
3.348,,,,,341.85
3.352,,,,,341.85
3.356,,,,,341.85
3.36,,,,,341.85
3.364,,,,,341.85
3.368,,,,,341.85
3.372,,,,,341.85
3.376,,,,,341.85
3.38,,,,,341.85
3.384,,,,,341.85
3.388,,,,,341.85
3.392,,,,,341.85
3.396,,,,,341.85
3.4,,,,,341.85
3.404,,,,,341.85
3.408,,,,,341.85
3.412,,,,,341.85
3.416,,,,,341.85
3.42,,,,,341.85
3.424,,,,,341.85
3.428,,,,,341.85
3.432,,,,,341.85
3.436,,,,,341.85
3.44,,,,,341.85
3.444,,,,,341.85
3.448,,,,,341.85
3.452,,,,,341.85
3.456,,,,,341.85
3.46,,,,,341.85
3.464,,,,,341.85
3.468,,,,,341.85
3.472,,,,,341.85
3.476,,,,,341.85
3.48,,,,,341.85
3.484,,,,,341.85
3.488,,,,,341.85
3.492,,,,,341.85
3.496,,,,,341.85
3.5,,,,,341.85
3.504,,,,,341.86
3.508,,,,,341.86
3.512,,,,,341.86
3.516,,,,,341.86
3.52,,,,,341.86
3.524,,,,,341.86
3.528,,,,,341.86
3.532,,,,,341.86
3.536,,,,,341.86
3.54,,,,,341.86
3.544,,,,,341.86
3.548,,,,,341.86
3.552,,,,,341.86
3.556,,,,,341.86
3.56,,,,,341.86
3.564,,,,,341.86
3.568,,,,,341.86
3.572,,,,,341.86
3.576,,,,,341.86
3.58,,,,,341.86
3.584,,,,,341.86
3.588,,,,,341.86
3.592,,,,,341.86
3.596,,,,,341.86
3.6,,,,,341.86
3.604,,,,,341.86
3.608,,,,,341.86
3.612,,,,,341.86
3.616,,,,,341.86
3.62,,,,,341.86
3.624,,,,,341.86
3.628,,,,,341.86
3.632,,,,,341.86
3.636,,,,,341.86
3.64,,,,,341.86
3.644,,,,,341.86
3.648,,,,,341.86
3.652,,,,,341.86
3.656,,,,,341.86
3.66,,,,,341.86
3.664,,,,,341.86
3.668,,,,,341.86
3.672,,,,,341.86
3.676,,,,,341.86
3.68,,,,,341.86
3.684,,,,,341.86
3.688,,,,,341.86
3.692,,,,,341.86
3.696,,,,,341.86
3.7,,,,,341.86
3.704,,,,,341.86
3.708,,,,,341.86
3.712,,,,,341.86
3.716,,,,,341.86
3.72,,,,,341.86
3.724,,,,,341.86
3.728,,,,,341.86
3.732,,,,,341.86
3.736,,,,,341.86
3.74,,,,,341.86
3.744,,,,,341.86
3.748,,,,,341.86
3.752,,,,,341.86
3.756,,,,,341.86
3.76,,,,,341.86
3.764,,,,,341.86
3.768,,,,,341.86
3.772,,,,,341.86
3.776,,,,,341.86
3.78,,,,,341.86
3.784,,,,,341.86
3.788,,,,,341.86
3.792,,,,,341.86
3.796,,,,,341.86
3.8,,,,,341.86
3.804,,,,,341.86
3.808,,,,,341.86
3.812,,,,,341.86
3.816,,,,,341.86
3.82,,,,,341.86
3.824,,,,,341.86
3.828,,,,,341.86
3.832,,,,,341.86
3.836,,,,,341.86
3.84,,,,,341.86
3.844,,,,,341.86
3.848,,,,,341.86
3.852,,,,,341.86
3.856,,,,,341.86
3.86,,,,,341.86
3.864,,,,,341.86
3.868,,,,,341.86
3.872,,,,,341.86
3.876,,,,,341.86
3.88,,,,,341.86
3.884,,,,,341.86
3.888,,,,,341.86
3.892,,,,,341.86
3.896,,,,,341.86
3.9,,,,,341.86
3.904,,,,,341.86
3.908,,,,,341.86
3.912,,,,,341.86
3.916,,,,,341.86
3.92,,,,,341.86
3.924,,,,,341.86
3.928,,,,,341.86
3.932,,,,,341.86
3.936,,,,,341.86
3.94,,,,,341.86
3.944,,,,,341.86
3.948,,,,,341.86
3.952,,,,,341.86
3.956,,,,,341.86
3.96,,,,,341.86
3.964,,,,,341.86
3.968,,,,,341.86
3.972,,,,,341.86
3.976,,,,,341.86
3.98,,,,,341.86
3.984,,,,,341.86
3.988,,,,,341.86
3.992,,,,,341.86
3.996,,,,,341.86
4.0,,,,,341.86
4.004,,,,,341.86
4.008,,,,,341.86
4.012,,,,,341.86
4.016,,,,,341.86
4.02,,,,,341.86
4.024,,,,,341.86
4.028,,,,,341.86
4.032,,,,,341.86
4.036,,,,,341.86
4.04,,,,,341.86
4.044,,,,,341.86
4.048,,,,,341.86
4.052,,,,,341.86
4.056,,,,,341.86
4.06,,,,,341.86
4.064,,,,,341.86
4.068,,,,,341.86
4.072,,,,,341.86
4.076,,,,,341.86
4.08,,,,,341.86
4.084,,,,,341.86
4.088,,,,,341.86
4.092,,,,,341.86
4.096,,,,,341.86
4.1,,,,,341.86
4.104,,,,,341.86
4.108,,,,,341.86
4.112,,,,,341.86
4.116,,,,,341.86
4.12,,,,,341.86
4.124,,,,,341.86
4.128,,,,,341.86
4.132,,,,,341.86
4.136,,,,,341.86
4.14,,,,,341.86
4.144,,,,,341.86
4.148,,,,,341.86
4.152,,,,,341.86
4.156,,,,,341.86
4.16,,,,,341.86
4.164,,,,,341.86
4.168,,,,,341.86
4.172,,,,,341.86
4.176,,,,,341.86
4.18,,,,,341.86
4.184,,,,,341.86
4.188,,,,,341.86
4.192,,,,,341.86
4.196,,,,,341.86
4.2,,,,,341.86
4.204,,,,,341.86
4.208,,,,,341.86
4.212,,,,,341.86
4.216,,,,,341.86
4.22,,,,,341.86
4.224,,,,,341.86
4.228,,,,,341.86
4.232,,,,,341.86
4.236,,,,,341.86
4.24,,,,,341.86
4.244,,,,,341.86
4.248,,,,,341.86
4.252,,,,,341.86
4.256,,,,,341.86
4.26,,,,,341.86
4.264,,,,,341.86
4.268,,,,,341.86
4.272,,,,,341.86
4.276,,,,,341.86
4.28,,,,,341.86
4.284,,,,,341.86
4.288,,,,,341.86
4.292,,,,,341.86
4.296,,,,,341.86
4.3,,,,,341.86
4.304,,,,,341.86
4.308,,,,,341.86
4.312,,,,,341.86
4.316,,,,,341.86
4.32,,,,,341.86
4.324,,,,,341.86
4.328,,,,,341.86
4.332,,,,,341.86
4.336,,,,,341.86
4.34,,,,,341.86
4.344,,,,,341.86
4.348,,,,,341.86
4.352,,,,,341.86
4.356,,,,,341.86
4.36,,,,,341.86
4.364,,,,,341.86
4.368,,,,,341.86
4.372,,,,,341.86
4.376,,,,,341.86
4.38,,,,,341.86
4.384,,,,,341.86
4.388,,,,,341.86
4.392,,,,,341.86
4.396,,,,,341.86
4.4,,,,,341.86
4.404,,,,,341.86
4.408,,,,,341.86
4.412,,,,,341.86
4.416,,,,,341.86
4.42,,,,,341.86
4.424,,,,,341.86
4.428,,,,,341.86
4.432,,,,,341.86
4.436,,,,,341.86
4.44,,,,,341.86
4.444,,,,,341.86
4.448,,,,,341.86
4.452,,,,,341.86
4.456,,,,,341.86
4.46,,,,,341.86
4.464,,,,,341.86
4.468,,,,,341.86
4.472,,,,,341.86
4.476,,,,,341.86
4.48,,,,,341.86
4.484,,,,,341.86
4.488,,,,,341.86
4.492,,,,,341.86
4.496,,,,,341.86
4.5,,,,,341.86
4.504,,,,,341.87
4.508,,,,,341.87
4.512,,,,,341.87
4.516,,,,,341.87
4.52,,,,,341.87
4.524,,,,,341.87
4.528,,,,,341.87
4.532,,,,,341.87
4.536,,,,,341.87
4.54,,,,,341.87
4.544,,,,,341.87
4.548,,,,,341.87
4.552,,,,,341.87
4.556,,,,,341.87
4.56,,,,,341.87
4.564,,,,,341.87
4.568,,,,,341.87
4.572,,,,,341.87
4.576,,,,,341.87
4.58,,,,,341.87
4.584,,,,,341.87
4.588,,,,,341.87
4.592,,,,,341.87
4.596,,,,,341.87
4.6,,,,,341.87
4.604,,,,,341.87
4.608,,,,,341.87
4.612,,,,,341.87
4.616,,,,,341.87
4.62,,,,,341.87
4.624,,,,,341.87
4.628,,,,,341.87
4.632,,,,,341.87
4.636,,,,,341.87
4.64,,,,,341.87
4.644,,,,,341.87
4.648,,,,,341.87
4.652,,,,,341.87
4.656,,,,,341.87
4.66,,,,,341.87
4.664,,,,,341.87
4.668,,,,,341.87
4.672,,,,,341.87
4.676,,,,,341.87
4.68,,,,,341.87
4.684,,,,,341.87
4.688,,,,,341.87
4.692,,,,,341.87
4.696,,,,,341.87
4.7,,,,,341.87
4.704,,,,,341.87
4.708,,,,,341.87
4.712,,,,,341.87
4.716,,,,,341.87
4.72,,,,,341.87
4.724,,,,,341.87
4.728,,,,,341.87
4.732,,,,,341.87
4.736,,,,,341.87
4.74,,,,,341.87
4.744,,,,,341.87
4.748,,,,,341.87
4.752,,,,,341.87
4.756,,,,,341.87
4.76,,,,,341.87
4.764,,,,,341.87
4.768,,,,,341.87
4.772,,,,,341.87
4.776,,,,,341.87
4.78,,,,,341.87
4.784,,,,,341.87
4.788,,,,,341.87
4.792,,,,,341.87
4.796,,,,,341.87
4.8,,,,,341.87
4.804,,,,,341.87
4.808,,,,,341.87
4.812,,,,,341.87
4.816,,,,,341.87
4.82,,,,,341.87
4.824,,,,,341.87
4.828,,,,,341.87
4.832,,,,,341.87
4.836,,,,,341.87
4.84,,,,,341.87
4.844,,,,,341.87
4.848,,,,,341.87
4.852,,,,,341.87
4.856,,,,,341.87
4.86,,,,,341.87
4.864,,,,,341.87
4.868,,,,,341.87
4.872,,,,,341.87
4.876,,,,,341.87
4.88,,,,,341.87
4.884,,,,,341.87
4.888,,,,,341.87
4.892,,,,,341.87
4.896,,,,,341.87
4.9,,,,,341.87
4.904,,,,,341.87
4.908,,,,,341.87
4.912,,,,,341.87
4.916,,,,,341.87
4.92,,,,,341.87
4.924,,,,,341.87
4.928,,,,,341.87
4.932,,,,,341.87
4.936,,,,,341.87
4.94,,,,,341.87
4.944,,,,,341.87
4.948,,,,,341.87
4.952,,,,,341.87
4.956,,,,,341.87
4.96,,,,,341.87
4.964,,,,,341.87
4.968,,,,,341.87
4.972,,,,,341.87
4.976,,,,,341.87
4.98,,,,,341.87
4.984,,,,,341.87
4.988,,,,,341.87
4.992,,,,,341.87
4.996,,,,,341.87
5.0,,,,,341.87
5.004,,,,,341.87
5.008,,,,,341.87
5.012,,,,,341.87
5.016,,,,,341.87
5.02,,,,,341.87
5.024,,,,,341.87
5.028,,,,,341.87
5.032,,,,,341.87
5.036,,,,,341.87
5.04,,,,,341.87
5.044,,,,,341.87
5.048,,,,,341.87
5.052,,,,,341.87
5.056,,,,,341.87
5.06,,,,,341.87
5.064,,,,,341.87
5.068,,,,,341.87
5.072,,,,,341.87
5.076,,,,,341.87
5.08,,,,,341.87
5.084,,,,,341.87
5.088,,,,,341.87
5.092,,,,,341.87
5.096,,,,,341.87
5.1,,,,,341.87
5.104,,,,,341.87
5.108,,,,,341.87
5.112,,,,,341.87
5.116,,,,,341.87
5.12,,,,,341.87
5.124,,,,,341.87
5.128,,,,,341.87
5.132,,,,,341.87
5.136,,,,,341.87
5.14,,,,,341.87
5.144,,,,,341.87
5.148,,,,,341.87
5.152,,,,,341.87
5.156,,,,,341.87
5.16,,,,,341.87
5.164,,,,,341.87
5.168,,,,,341.87
5.172,,,,,341.87
5.176,,,,,341.87
5.18,,,,,341.87
5.184,,,,,341.87
5.188,,,,,341.87
5.192,,,,,341.87
5.196,,,,,341.87
5.2,,,,,341.87
5.204,,,,,341.87
5.208,,,,,341.87
5.212,,,,,341.87
5.216,,,,,341.87
5.22,,,,,341.87
5.224,,,,,341.87
5.228,,,,,341.87
5.232,,,,,341.87
5.236,,,,,341.87
5.24,,,,,341.87
5.244,,,,,341.87
5.248,,,,,341.87
5.252,,,,,341.87
5.256,,,,,341.87
5.26,,,,,341.87
5.264,,,,,341.87
5.268,,,,,341.87
5.272,,,,,341.87
5.276,,,,,341.87
5.28,,,,,341.87
5.284,,,,,341.87
5.288,,,,,341.87
5.292,,,,,341.87
5.296,,,,,341.87
5.3,,,,,341.87
5.304,,,,,341.87
5.308,,,,,341.87
5.312,,,,,341.87
5.316,,,,,341.87
5.32,,,,,341.87
5.324,,,,,341.87
5.328,,,,,341.87
5.332,,,,,341.87
5.336,,,,,341.87
5.34,,,,,341.87
5.344,,,,,341.87
5.348,,,,,341.87
5.352,,,,,341.87
5.356,,,,,341.87
5.36,,,,,341.87
5.364,,,,,341.87
5.368,,,,,341.87
5.372,,,,,341.87
5.376,,,,,341.87
5.38,,,,,341.87
5.384,,,,,341.87
5.388,,,,,341.87
5.392,,,,,341.87
5.396,,,,,341.87
5.4,,,,,341.87
5.404,,,,,341.87
5.408,,,,,341.87
5.412,,,,,341.87
5.416,,,,,341.87
5.42,,,,,341.87
5.424,,,,,341.87
5.428,,,,,341.87
5.432,,,,,341.87
5.436,,,,,341.87
5.44,,,,,341.87
5.444,,,,,341.87
5.448,,,,,341.87
5.452,,,,,341.87
5.456,,,,,341.87
5.46,,,,,341.87
5.464,,,,,341.87
5.468,,,,,341.87
5.472,,,,,341.87
5.476,,,,,341.87
5.48,,,,,341.87
5.484,,,,,341.87
5.488,,,,,341.87
5.492,,,,,341.87
5.496,,,,,341.87
5.5,,,,,341.87
5.504,,,,,341.88
5.508,,,,,341.88
5.512,,,,,341.88
5.516,,,,,341.88
5.52,,,,,341.88
5.524,,,,,341.88
5.528,,,,,341.88
5.532,,,,,341.88
5.536,,,,,341.88
5.54,,,,,341.88
5.544,,,,,341.88
5.548,,,,,341.88
5.552,,,,,341.88
5.556,,,,,341.88
5.56,,,,,341.88
5.564,,,,,341.88
5.568,,,,,341.88
5.572,,,,,341.88
5.576,,,,,341.88
5.58,,,,,341.88
5.584,,,,,341.88
5.588,,,,,341.88
5.592,,,,,341.88
5.596,,,,,341.88
5.6,,,,,341.88
5.604,,,,,341.88
5.608,,,,,341.88
5.612,,,,,341.88
5.616,,,,,341.88
5.62,,,,,341.88
5.624,,,,,341.88
5.628,,,,,341.88
5.632,,,,,341.88
5.636,,,,,341.88
5.64,,,,,341.88
5.644,,,,,341.88
5.648,,,,,341.88
5.652,,,,,341.88
5.656,,,,,341.88
5.66,,,,,341.88
5.664,,,,,341.88
5.668,,,,,341.88
5.672,,,,,341.88
5.676,,,,,341.88
5.68,,,,,341.88
5.684,,,,,341.88
5.688,,,,,341.88
5.692,,,,,341.88
5.696,,,,,341.88
5.7,,,,,341.88
5.704,,,,,341.88
5.708,,,,,341.88
5.712,,,,,341.88
5.716,,,,,341.88
5.72,,,,,341.88
5.724,,,,,341.88
5.728,,,,,341.88
5.732,,,,,341.88
5.736,,,,,341.88
5.74,,,,,341.88
5.744,,,,,341.88
5.748,,,,,341.88
5.752,,,,,341.88
5.756,,,,,341.88
5.76,,,,,341.88
5.764,,,,,341.88
5.768,,,,,341.88
5.772,,,,,341.88
5.776,,,,,341.88
5.78,,,,,341.88
5.784,,,,,341.88
5.788,,,,,341.88
5.792,,,,,341.88
5.796,,,,,341.88
5.8,,,,,341.88
5.804,,,,,341.88
5.808,,,,,341.88
5.812,,,,,341.88
5.816,,,,,341.88
5.82,,,,,341.88
5.824,,,,,341.88
5.828,,,,,341.88
5.832,,,,,341.88
5.836,,,,,341.88
5.84,,,,,341.88
5.844,,,,,341.88
5.848,,,,,341.88
5.852,,,,,341.88
5.856,,,,,341.88
5.86,,,,,341.88
5.864,,,,,341.88
5.868,,,,,341.88
5.872,,,,,341.88
5.876,,,,,341.88
5.88,,,,,341.88
5.884,,,,,341.88
5.888,,,,,341.88
5.892,,,,,341.88
5.896,,,,,341.88
5.9,,,,,341.88
5.904,,,,,341.88
5.908,,,,,341.88
5.912,,,,,341.88
5.916,,,,,341.88
5.92,,,,,341.88
5.924,,,,,341.88
5.928,,,,,341.88
5.932,,,,,341.88
5.936,,,,,341.88
5.94,,,,,341.88
5.944,,,,,341.88
5.948,,,,,341.88
5.952,,,,,341.88
5.956,,,,,341.88
5.96,,,,,341.88
5.964,,,,,341.88
5.968,,,,,341.88
5.972,,,,,341.88
5.976,,,,,341.88
5.98,,,,,341.88
5.984,,,,,341.88
5.988,,,,,341.88
5.992,,,,,341.88
5.996,,,,,341.88
6.0,,,,,341.88
6.004,,,,,341.88
6.008,,,,,341.88
6.012,,,,,341.88
6.016,,,,,341.88
6.02,,,,,341.88
6.024,,,,,341.88
6.028,,,,,341.88
6.032,,,,,341.88
6.036,,,,,341.88
6.04,,,,,341.88
6.044,,,,,341.88
6.048,,,,,341.88
6.052,,,,,341.88
6.056,,,,,341.88
6.06,,,,,341.88
6.064,,,,,341.88
6.068,,,,,341.88
6.072,,,,,341.88
6.076,,,,,341.88
6.08,,,,,341.88
6.084,,,,,341.88
6.088,,,,,341.88
6.092,,,,,341.88
6.096,,,,,341.88
6.1,,,,,341.88
6.104,,,,,341.88
6.108,,,,,341.88
6.112,,,,,341.88
6.116,,,,,341.88
6.12,,,,,341.88
6.124,,,,,341.88
6.128,,,,,341.88
6.132,,,,,341.88
6.136,,,,,341.88
6.14,,,,,341.88
6.144,,,,,341.88
6.148,,,,,341.88
6.152,,,,,341.88
6.156,,,,,341.88
6.16,,,,,341.88
6.164,,,,,341.88
6.168,,,,,341.88
6.172,,,,,341.88
6.176,,,,,341.88
6.18,,,,,341.88
6.184,,,,,341.88
6.188,,,,,341.88
6.192,,,,,341.88
6.196,,,,,341.88
6.2,,,,,341.88
6.204,,,,,341.88
6.208,,,,,341.88
6.212,,,,,341.88
6.216,,,,,341.88
6.22,,,,,341.88
6.224,,,,,341.88
6.228,,,,,341.88
6.232,,,,,341.88
6.236,,,,,341.88
6.24,,,,,341.88
6.244,,,,,341.88
6.248,,,,,341.88
6.252,,,,,341.88
6.256,,,,,341.88
6.26,,,,,341.88
6.264,,,,,341.88
6.268,,,,,341.88
6.272,,,,,341.88
6.276,,,,,341.88
6.28,,,,,341.88
6.284,,,,,341.88
6.288,,,,,341.88
6.292,,,,,341.88
6.296,,,,,341.88
6.3,,,,,341.88
6.304,,,,,341.88
6.308,,,,,341.88
6.312,,,,,341.88
6.316,,,,,341.88
6.32,,,,,341.88
6.324,,,,,341.88
6.328,,,,,341.88
6.332,,,,,341.88
6.336,,,,,341.88
6.34,,,,,341.88
6.344,,,,,341.88
6.348,,,,,341.88
6.352,,,,,341.88
6.356,,,,,341.88
6.36,,,,,341.88
6.364,,,,,341.88
6.368,,,,,341.88
6.372,,,,,341.88
6.376,,,,,341.88
6.38,,,,,341.88
6.384,,,,,341.88
6.388,,,,,341.88
6.392,,,,,341.88
6.396,,,,,341.88
6.4,,,,,341.88
6.404,,,,,341.88
6.408,,,,,341.88
6.412,,,,,341.88
6.416,,,,,341.88
6.42,,,,,341.88
6.424,,,,,341.88
6.428,,,,,341.88
6.432,,,,,341.88
6.436,,,,,341.88
6.44,,,,,341.88
6.444,,,,,341.88
6.448,,,,,341.88
6.452,,,,,341.88
6.456,,,,,341.88
6.46,,,,,341.88
6.464,,,,,341.88
6.468,,,,,341.88
6.472,,,,,341.88
6.476,,,,,341.88
6.48,,,,,341.88
6.484,,,,,341.88
6.488,,,,,341.88
6.492,,,,,341.88
6.496,,,,,341.88
6.5,,,,,341.88
6.504,,,,,341.88
6.508,,,,,341.88
6.512,,,,,341.88
6.516,,,,,341.88
6.52,,,,,341.88
6.524,,,,,341.88
6.528,,,,,341.88
6.532,,,,,341.88
6.536,,,,,341.88
6.54,,,,,341.88
6.544,,,,,341.88
6.548,,,,,341.88
6.552,,,,,341.88
6.556,,,,,341.88
6.56,,,,,341.88
6.564,,,,,341.88
6.568,,,,,341.88
6.572,,,,,341.88
6.576,,,,,341.88
6.58,,,,,341.88
6.584,,,,,341.88
6.588,,,,,341.88
6.592,,,,,341.88
6.596,,,,,341.88
6.6,,,,,341.88
6.604,,,,,341.88
6.608,,,,,341.88
6.612,,,,,341.88
6.616,,,,,341.88
6.62,,,,,341.88
6.624,,,,,341.88
6.628,,,,,341.88
6.632,,,,,341.88
6.636,,,,,341.88
6.64,,,,,341.88
6.644,,,,,341.88
6.648,,,,,341.88
6.652,,,,,341.88
6.656,,,,,341.88
6.66,,,,,341.88
6.664,,,,,341.88
6.668,,,,,341.88
6.672,,,,,341.88
6.676,,,,,341.88
6.68,,,,,341.88
6.684,,,,,341.88
6.688,,,,,341.88
6.692,,,,,341.88
6.696,,,,,341.88
6.7,,,,,341.88
6.704,,,,,341.88
6.708,,,,,341.88
6.712,,,,,341.88
6.716,,,,,341.88
6.72,,,,,341.88
6.724,,,,,341.88
6.728,,,,,341.88
6.732,,,,,341.88
6.736,,,,,341.88
6.74,,,,,341.88
6.744,,,,,341.88
6.748,,,,,341.88
6.752,,,,,341.88
6.756,,,,,341.88
6.76,,,,,341.88
6.764,,,,,341.88
6.768,,,,,341.88
6.772,,,,,341.88
6.776,,,,,341.88
6.78,,,,,341.88
6.784,,,,,341.88
6.788,,,,,341.88
6.792,,,,,341.88
6.796,,,,,341.88
6.8,,,,,341.88
6.804,,,,,341.88
6.808,,,,,341.88
6.812,,,,,341.88
6.816,,,,,341.88
6.82,,,,,341.88
6.824,,,,,341.88
6.828,,,,,341.88
6.832,,,,,341.88
6.836,,,,,341.88
6.84,,,,,341.88
6.844,,,,,341.88
6.848,,,,,341.88
6.852,,,,,341.88
6.856,,,,,341.88
6.86,,,,,341.88
6.864,,,,,341.88
6.868,,,,,341.88
6.872,,,,,341.88
6.876,,,,,341.88
6.88,,,,,341.88
6.884,,,,,341.88
6.888,,,,,341.88
6.892,,,,,341.88
6.896,,,,,341.88
6.9,,,,,341.88
6.904,,,,,341.88
6.908,,,,,341.88
6.912,,,,,341.88
6.916,,,,,341.88
6.92,,,,,341.88
6.924,,,,,341.88
6.928,,,,,341.88
6.932,,,,,341.88
6.936,,,,,341.88
6.94,,,,,341.88
6.944,,,,,341.88
6.948,,,,,341.88
6.952,,,,,341.88
6.956,,,,,341.88
6.96,,,,,341.88
6.964,,,,,341.88
6.968,,,,,341.88
6.972,,,,,341.88
6.976,,,,,341.88
6.98,,,,,341.88
6.984,,,,,341.88
6.988,,,,,341.88
6.992,,,,,341.88
6.996,,,,,341.88
7.0,,,,,341.88
7.004,,,,,341.88
7.008,,,,,341.88
7.012,,,,,341.88
7.016,,,,,341.88
7.02,,,,,341.88
7.024,,,,,341.88
7.028,,,,,341.88
7.032,,,,,341.88
7.036,,,,,341.88
7.04,,,,,341.88
7.044,,,,,341.88
7.048,,,,,341.88
7.052,,,,,341.88
7.056,,,,,341.88
7.06,,,,,341.88
7.064,,,,,341.88
7.068,,,,,341.88
7.072,,,,,341.88
7.076,,,,,341.88
7.08,,,,,341.88
7.084,,,,,341.88
7.088,,,,,341.88
7.092,,,,,341.88
7.096,,,,,341.88
7.1,,,,,341.88
7.104,,,,,341.88
7.108,,,,,341.88
7.112,,,,,341.88
7.116,,,,,341.88
7.12,,,,,341.88
7.124,,,,,341.88
7.128,,,,,341.88
7.132,,,,,341.88
7.136,,,,,341.88
7.14,,,,,341.88
7.144,,,,,341.88
7.148,,,,,341.88
7.152,,,,,341.88
7.156,,,,,341.88
7.16,,,,,341.88
7.164,,,,,341.88
7.168,,,,,341.88
7.172,,,,,341.88
7.176,,,,,341.88
7.18,,,,,341.88
7.184,,,,,341.88
7.188,,,,,341.88
7.192,,,,,341.88
7.196,,,,,341.88
7.2,,,,,341.88
7.204,,,,,341.88
7.208,,,,,341.88
7.212,,,,,341.88
7.216,,,,,341.88
7.22,,,,,341.88
7.224,,,,,341.88
7.228,,,,,341.88
7.232,,,,,341.88
7.236,,,,,341.88
7.24,,,,,341.88
7.244,,,,,341.88
7.248,,,,,341.88
7.252,,,,,341.88
7.256,,,,,341.88
7.26,,,,,341.88
7.264,,,,,341.88
7.268,,,,,341.88
7.272,,,,,341.88
7.276,,,,,341.88
7.28,,,,,341.88
7.284,,,,,341.88
7.288,,,,,341.88
7.292,,,,,341.88
7.296,,,,,341.88
7.3,,,,,341.88
7.304,,,,,341.88
7.308,,,,,341.88
7.312,,,,,341.88
7.316,,,,,341.88
7.32,,,,,341.88
7.324,,,,,341.88
7.328,,,,,341.88
7.332,,,,,341.88
7.336,,,,,341.88
7.34,,,,,341.88
7.344,,,,,341.88
7.348,,,,,341.88
7.352,,,,,341.88
7.356,,,,,341.88
7.36,,,,,341.88
7.364,,,,,341.88
7.368,,,,,341.88
7.372,,,,,341.88
7.376,,,,,341.88
7.38,,,,,341.88
7.384,,,,,341.88
7.388,,,,,341.88
7.392,,,,,341.88
7.396,,,,,341.88
7.4,,,,,341.88
7.404,,,,,341.88
7.408,,,,,341.88
7.412,,,,,341.88
7.416,,,,,341.88
7.42,,,,,341.88
7.424,,,,,341.88
7.428,,,,,341.88
7.432,,,,,341.88
7.436,,,,,341.88
7.44,,,,,341.88
7.444,,,,,341.88
7.448,,,,,341.88
7.452,,,,,341.88
7.456,,,,,341.88
7.46,,,,,341.88
7.464,,,,,341.88
7.468,,,,,341.88
7.472,,,,,341.88
7.476,,,,,341.88
7.48,,,,,341.88
7.484,,,,,341.88
7.488,,,,,341.88
7.492,,,,,341.88
7.496,,,,,341.88
7.5,,,,,341.88
7.504,,,,,341.89
7.508,,,,,341.89
7.512,,,,,341.89
7.516,,,,,341.89
7.52,,,,,341.89
7.524,,,,,341.89
7.528,,,,,341.89
7.532,,,,,341.89
7.536,,,,,341.89
7.54,,,,,341.89
7.544,,,,,341.89
7.548,,,,,341.89
7.552,,,,,341.89
7.556,,,,,341.89
7.56,,,,,341.89
7.564,,,,,341.89
7.568,,,,,341.89
7.572,,,,,341.89
7.576,,,,,341.89
7.58,,,,,341.89
7.584,,,,,341.89
7.588,,,,,341.89
7.592,,,,,341.89
7.596,,,,,341.89
7.6,,,,,341.89
7.604,,,,,341.89
7.608,,,,,341.89
7.612,,,,,341.89
7.616,,,,,341.89
7.62,,,,,341.89
7.624,,,,,341.89
7.628,,,,,341.89
7.632,,,,,341.89
7.636,,,,,341.89
7.64,,,,,341.89
7.644,,,,,341.89
7.648,,,,,341.89
7.652,,,,,341.89
7.656,,,,,341.89
7.66,,,,,341.89
7.664,,,,,341.89
7.668,,,,,341.89
7.672,,,,,341.89
7.676,,,,,341.89
7.68,,,,,341.89
7.684,,,,,341.89
7.688,,,,,341.89
7.692,,,,,341.89
7.696,,,,,341.89
7.7,,,,,341.89
7.704,,,,,341.89
7.708,,,,,341.89
7.712,,,,,341.89
7.716,,,,,341.89
7.72,,,,,341.89
7.724,,,,,341.89
7.728,,,,,341.89
7.732,,,,,341.89
7.736,,,,,341.89
7.74,,,,,341.89
7.744,,,,,341.89
7.748,,,,,341.89
7.752,,,,,341.89
7.756,,,,,341.89
7.76,,,,,341.89
7.764,,,,,341.89
7.768,,,,,341.89
7.772,,,,,341.89
7.776,,,,,341.89
7.78,,,,,341.89
7.784,,,,,341.89
7.788,,,,,341.89
7.792,,,,,341.89
7.796,,,,,341.89
7.8,,,,,341.89
7.804,,,,,341.89
7.808,,,,,341.89
7.812,,,,,341.89
7.816,,,,,341.89
7.82,,,,,341.89
7.824,,,,,341.89
7.828,,,,,341.89
7.832,,,,,341.89
7.836,,,,,341.89
7.84,,,,,341.89
7.844,,,,,341.89
7.848,,,,,341.89
7.852,,,,,341.89
7.856,,,,,341.89
7.86,,,,,341.89
7.864,,,,,341.89
7.868,,,,,341.89
7.872,,,,,341.89
7.876,,,,,341.89
7.88,,,,,341.89
7.884,,,,,341.89
7.888,,,,,341.89
7.892,,,,,341.89
7.896,,,,,341.89
7.9,,,,,341.89
7.904,,,,,341.89
7.908,,,,,341.89
7.912,,,,,341.89
7.916,,,,,341.89
7.92,,,,,341.89
7.924,,,,,341.89
7.928,,,,,341.89
7.932,,,,,341.89
7.936,,,,,341.89
7.94,,,,,341.89
7.944,,,,,341.89
7.948,,,,,341.89
7.952,,,,,341.89
7.956,,,,,341.89
7.96,,,,,341.89
7.964,,,,,341.89
7.968,,,,,341.89
7.972,,,,,341.89
7.976,,,,,341.89
7.98,,,,,341.89
7.984,,,,,341.89
7.988,,,,,341.89
7.992,,,,,341.89
7.996,,,,,341.89
8.0,,,,,341.89
8.004,,,,,341.89
8.008,,,,,341.89
8.012,,,,,341.89
8.016,,,,,341.89
8.02,,,,,341.89
8.024,,,,,341.89
8.028,,,,,341.89
8.032,,,,,341.89
8.036,,,,,341.89
8.04,,,,,341.89
8.044,,,,,341.89
8.048,,,,,341.89
8.052,,,,,341.89
8.056,,,,,341.89
8.06,,,,,341.89
8.064,,,,,341.89
8.068,,,,,341.89
8.072,,,,,341.89
8.076,,,,,341.89
8.08,,,,,341.89
8.084,,,,,341.89
8.088,,,,,341.89
8.092,,,,,341.89
8.096,,,,,341.89
8.1,,,,,341.89
8.104,,,,,341.89
8.108,,,,,341.89
8.112,,,,,341.89
8.116,,,,,341.89
8.12,,,,,341.89
8.124,,,,,341.89
8.128,,,,,341.89
8.132,,,,,341.89
8.136,,,,,341.89
8.14,,,,,341.89
8.144,,,,,341.89
8.148,,,,,341.89
8.152,,,,,341.89
8.156,,,,,341.89
8.16,,,,,341.89
8.164,,,,,341.89
8.168,,,,,341.89
8.172,,,,,341.89
8.176,,,,,341.89
8.18,,,,,341.89
8.184,,,,,341.89
8.188,,,,,341.89
8.192,,,,,341.89
8.196,,,,,341.89
8.2,,,,,341.89
8.204,,,,,341.89
8.208,,,,,341.89
8.212,,,,,341.89
8.216,,,,,341.89
8.22,,,,,341.89
8.224,,,,,341.89
8.228,,,,,341.89
8.232,,,,,341.89
8.236,,,,,341.89
8.24,,,,,341.89
8.244,,,,,341.89
8.248,,,,,341.89
8.252,,,,,341.89
8.256,,,,,341.89
8.26,,,,,341.89
8.264,,,,,341.89
8.268,,,,,341.89
8.272,,,,,341.89
8.276,,,,,341.89
8.28,,,,,341.89
8.284,,,,,341.89
8.288,,,,,341.89
8.292,,,,,341.89
8.296,,,,,341.89
8.3,,,,,341.89
8.304,,,,,341.89
8.308,,,,,341.89
8.312,,,,,341.89
8.316,,,,,341.89
8.32,,,,,341.89
8.324,,,,,341.89
8.328,,,,,341.89
8.332,,,,,341.89
8.336,,,,,341.89
8.34,,,,,341.89
8.344,,,,,341.89
8.348,,,,,341.89
8.352,,,,,341.89
8.356,,,,,341.89
8.36,,,,,341.89
8.364,,,,,341.89
8.368,,,,,341.89
8.372,,,,,341.89
8.376,,,,,341.89
8.38,,,,,341.89
8.384,,,,,341.89
8.388,,,,,341.89
8.392,,,,,341.89
8.396,,,,,341.89
8.4,,,,,341.89
8.404,,,,,341.89
8.408,,,,,341.89
8.412,,,,,341.89
8.416,,,,,341.89
8.42,,,,,341.89
8.424,,,,,341.89
8.428,,,,,341.89
8.432,,,,,341.89
8.436,,,,,341.89
8.44,,,,,341.89
8.444,,,,,341.89
8.448,,,,,341.89
8.452,,,,,341.89
8.456,,,,,341.89
8.46,,,,,341.89
8.464,,,,,341.89
8.468,,,,,341.89
8.472,,,,,341.89
8.476,,,,,341.89
8.48,,,,,341.89
8.484,,,,,341.89
8.488,,,,,341.89
8.492,,,,,341.89
8.496,,,,,341.89
8.5,,,,,341.89
8.504,,,,,341.89
8.508,,,,,341.89
8.512,,,,,341.89
8.516,,,,,341.89
8.52,,,,,341.89
8.524,,,,,341.89
8.528,,,,,341.89
8.532,,,,,341.89
8.536,,,,,341.89
8.54,,,,,341.89
8.544,,,,,341.89
8.548,,,,,341.89
8.552,,,,,341.89
8.556,,,,,341.89
8.56,,,,,341.89
8.564,,,,,341.89
8.568,,,,,341.89
8.572,,,,,341.89
8.576,,,,,341.89
8.58,,,,,341.89
8.584,,,,,341.89
8.588,,,,,341.89
8.592,,,,,341.89
8.596,,,,,341.89
8.6,,,,,341.89
8.604,,,,,341.89
8.608,,,,,341.89
8.612,,,,,341.89
8.616,,,,,341.89
8.62,,,,,341.89
8.624,,,,,341.89
8.628,,,,,341.89
8.632,,,,,341.89
8.636,,,,,341.89
8.64,,,,,341.89
8.644,,,,,341.89
8.648,,,,,341.89
8.652,,,,,341.89
8.656,,,,,341.89
8.66,,,,,341.89
8.664,,,,,341.89
8.668,,,,,341.89
8.672,,,,,341.89
8.676,,,,,341.89
8.68,,,,,341.89
8.684,,,,,341.89
8.688,,,,,341.89
8.692,,,,,341.89
8.696,,,,,341.89
8.7,,,,,341.89
8.704,,,,,341.89
8.708,,,,,341.89
8.712,,,,,341.89
8.716,,,,,341.89
8.72,,,,,341.89
8.724,,,,,341.89
8.728,,,,,341.89
8.732,,,,,341.89
8.736,,,,,341.89
8.74,,,,,341.89
8.744,,,,,341.89
8.748,,,,,341.89
8.752,,,,,341.89
8.756,,,,,341.89
8.76,,,,,341.89
8.764,,,,,341.89
8.768,,,,,341.89
8.772,,,,,341.89
8.776,,,,,341.89
8.78,,,,,341.89
8.784,,,,,341.89
8.788,,,,,341.89
8.792,,,,,341.89
8.796,,,,,341.89
8.8,,,,,341.89
8.804,,,,,341.89
8.808,,,,,341.89
8.812,,,,,341.89
8.816,,,,,341.89
8.82,,,,,341.89
8.824,,,,,341.89
8.828,,,,,341.89
8.832,,,,,341.89
8.836,,,,,341.89
8.84,,,,,341.89
8.844,,,,,341.89
8.848,,,,,341.89
8.852,,,,,341.89
8.856,,,,,341.89
8.86,,,,,341.89
8.864,,,,,341.89
8.868,,,,,341.89
8.872,,,,,341.89
8.876,,,,,341.89
8.88,,,,,341.89
8.884,,,,,341.89
8.888,,,,,341.89
8.892,,,,,341.89
8.896,,,,,341.89
8.9,,,,,341.89
8.904,,,,,341.89
8.908,,,,,341.89
8.912,,,,,341.89
8.916,,,,,341.89
8.92,,,,,341.89
8.924,,,,,341.89
8.928,,,,,341.89
8.932,,,,,341.89
8.936,,,,,341.89
8.94,,,,,341.89
8.944,,,,,341.89
8.948,,,,,341.89
8.952,,,,,341.89
8.956,,,,,341.89
8.96,,,,,341.89
8.964,,,,,341.89
8.968,,,,,341.89
8.972,,,,,341.89
8.976,,,,,341.89
8.98,,,,,341.89
8.984,,,,,341.89
8.988,,,,,341.89
8.992,,,,,341.89
8.996,,,,,341.89
9.0,,,,,341.89
9.004,,,,,341.89
9.008,,,,,341.89
9.012,,,,,341.89
9.016,,,,,341.89
9.02,,,,,341.89
9.024,,,,,341.89
9.028,,,,,341.89
9.032,,,,,341.89
9.036,,,,,341.89
9.04,,,,,341.89
9.044,,,,,341.89
9.048,,,,,341.89
9.052,,,,,341.89
9.056,,,,,341.89
9.06,,,,,341.89
9.064,,,,,341.89
9.068,,,,,341.89
9.072,,,,,341.89
9.076,,,,,341.89
9.08,,,,,341.89
9.084,,,,,341.89
9.088,,,,,341.89
9.092,,,,,341.89
9.096,,,,,341.89
9.1,,,,,341.89
9.104,,,,,341.89
9.108,,,,,341.89
9.112,,,,,341.89
9.116,,,,,341.89
9.12,,,,,341.89
9.124,,,,,341.89
9.128,,,,,341.89
9.132,,,,,341.89
9.136,,,,,341.89
9.14,,,,,341.89
9.144,,,,,341.89
9.148,,,,,341.89
9.152,,,,,341.89
9.156,,,,,341.89
9.16,,,,,341.89
9.164,,,,,341.89
9.168,,,,,341.89
9.172,,,,,341.89
9.176,,,,,341.89
9.18,,,,,341.89
9.184,,,,,341.89
9.188,,,,,341.89
9.192,,,,,341.89
9.196,,,,,341.89
9.2,,,,,341.89
9.204,,,,,341.89
9.208,,,,,341.89
9.212,,,,,341.89
9.216,,,,,341.89
9.22,,,,,341.89
9.224,,,,,341.89
9.228,,,,,341.89
9.232,,,,,341.89
9.236,,,,,341.89
9.24,,,,,341.89
9.244,,,,,341.89
9.248,,,,,341.89
9.252,,,,,341.89
9.256,,,,,341.89
9.26,,,,,341.89
9.264,,,,,341.89
9.268,,,,,341.89
9.272,,,,,341.89
9.276,,,,,341.89
9.28,,,,,341.89
9.284,,,,,341.89
9.288,,,,,341.89
9.292,,,,,341.89
9.296,,,,,341.89
9.3,,,,,341.89
9.304,,,,,341.89
9.308,,,,,341.89
9.312,,,,,341.89
9.316,,,,,341.89
9.32,,,,,341.89
9.324,,,,,341.89
9.328,,,,,341.89
9.332,,,,,341.89
9.336,,,,,341.89
9.34,,,,,341.89
9.344,,,,,341.89
9.348,,,,,341.89
9.352,,,,,341.89
9.356,,,,,341.89
9.36,,,,,341.89
9.364,,,,,341.89
9.368,,,,,341.89
9.372,,,,,341.89
9.376,,,,,341.89
9.38,,,,,341.89
9.384,,,,,341.89
9.388,,,,,341.89
9.392,,,,,341.89
9.396,,,,,341.89
9.4,,,,,341.89
9.404,,,,,341.89
9.408,,,,,341.89
9.412,,,,,341.89
9.416,,,,,341.89
9.42,,,,,341.89
9.424,,,,,341.89
9.428,,,,,341.89
9.432,,,,,341.89
9.436,,,,,341.89
9.44,,,,,341.89
9.444,,,,,341.89
9.448,,,,,341.89
9.452,,,,,341.89
9.456,,,,,341.89
9.46,,,,,341.89
9.464,,,,,341.89
9.468,,,,,341.89
9.472,,,,,341.89
9.476,,,,,341.89
9.48,,,,,341.89
9.484,,,,,341.89
9.488,,,,,341.89
9.492,,,,,341.89
9.496,,,,,341.89
9.5,,,,,341.89
9.504,,,,,341.89
9.508,,,,,341.89
9.512,,,,,341.89
9.516,,,,,341.89
9.52,,,,,341.89
9.524,,,,,341.89
9.528,,,,,341.89
9.532,,,,,341.89
9.536,,,,,341.89
9.54,,,,,341.89
9.544,,,,,341.89
9.548,,,,,341.89
9.552,,,,,341.89
9.556,,,,,341.89
9.56,,,,,341.89
9.564,,,,,341.89
9.568,,,,,341.89
9.572,,,,,341.89
9.576,,,,,341.89
9.58,,,,,341.89
9.584,,,,,341.89
9.588,,,,,341.89
9.592,,,,,341.89
9.596,,,,,341.89
9.6,,,,,341.89
9.604,,,,,341.89
9.608,,,,,341.89
9.612,,,,,341.89
9.616,,,,,341.89
9.62,,,,,341.89
9.624,,,,,341.89
9.628,,,,,341.89
9.632,,,,,341.89
9.636,,,,,341.89
9.64,,,,,341.89
9.644,,,,,341.89
9.648,,,,,341.89
9.652,,,,,341.89
9.656,,,,,341.89
9.66,,,,,341.89
9.664,,,,,341.89
9.668,,,,,341.89
9.672,,,,,341.89
9.676,,,,,341.89
9.68,,,,,341.89
9.684,,,,,341.89
9.688,,,,,341.89
9.692,,,,,341.89
9.696,,,,,341.89
9.7,,,,,341.89
9.704,,,,,341.89
9.708,,,,,341.89
9.712,,,,,341.89
9.716,,,,,341.89
9.72,,,,,341.89
9.724,,,,,341.89
9.728,,,,,341.89
9.732,,,,,341.89
9.736,,,,,341.89
9.74,,,,,341.89
9.744,,,,,341.89
9.748,,,,,341.89
9.752,,,,,341.89
9.756,,,,,341.89
9.76,,,,,341.89
9.764,,,,,341.89
9.768,,,,,341.89
9.772,,,,,341.89
9.776,,,,,341.89
9.78,,,,,341.89
9.784,,,,,341.89
9.788,,,,,341.89
9.792,,,,,341.89
9.796,,,,,341.89
9.8,,,,,341.89
9.804,,,,,341.89
9.808,,,,,341.89
9.812,,,,,341.89
9.816,,,,,341.89
9.82,,,,,341.89
9.824,,,,,341.89
9.828,,,,,341.89
9.832,,,,,341.89
9.836,,,,,341.89
9.84,,,,,341.89
9.844,,,,,341.89
9.848,,,,,341.89
9.852,,,,,341.89
9.856,,,,,341.89
9.86,,,,,341.89
9.864,,,,,341.89
9.868,,,,,341.89
9.872,,,,,341.89
9.876,,,,,341.89
9.88,,,,,341.89
9.884,,,,,341.89
9.888,,,,,341.89
9.892,,,,,341.89
9.896,,,,,341.89
9.9,,,,,341.89
9.904,,,,,341.89
9.908,,,,,341.89
9.912,,,,,341.89
9.916,,,,,341.89
9.92,,,,,341.89
9.924,,,,,341.89
9.928,,,,,341.89
9.932,,,,,341.89
9.936,,,,,341.89
9.94,,,,,341.89
9.944,,,,,341.89
9.948,,,,,341.89
9.952,,,,,341.89
9.956,,,,,341.89
9.96,,,,,341.89
9.964,,,,,341.89
9.968,,,,,341.89
9.972,,,,,341.89
9.976,,,,,341.89
9.98,,,,,341.89
9.984,,,,,341.89
9.988,,,,,341.89
9.992,,,,,341.89
9.996,,,,,341.89
10.0,,,,,341.89
10.004,,,,,341.89
10.008,,,,,341.89
10.012,,,,,341.89
10.016,,,,,341.89
10.02,,,,,341.89
10.024,,,,,341.89
10.028,,,,,341.89
10.032,,,,,341.89
10.036,,,,,341.89
10.04,,,,,341.89
10.044,,,,,341.89
10.048,,,,,341.89
10.052,,,,,341.89
10.056,,,,,341.89
10.06,,,,,341.89
10.064,,,,,341.89
10.068,,,,,341.89
10.072,,,,,341.89
10.076,,,,,341.89
10.08,,,,,341.89
10.084,,,,,341.89
10.088,,,,,341.89
10.092,,,,,341.89
10.096,,,,,341.89
10.1,,,,,341.89
10.104,,,,,341.89
10.108,,,,,341.89
10.112,,,,,341.89
10.116,,,,,341.89
10.12,,,,,341.89
10.124,,,,,341.89
10.128,,,,,341.89
10.132,,,,,341.89
10.136,,,,,341.89
10.14,,,,,341.89
10.144,,,,,341.89
10.148,,,,,341.89
10.152,,,,,341.89
10.156,,,,,341.89
10.16,,,,,341.89
10.164,,,,,341.89
10.168,,,,,341.89
10.172,,,,,341.89
10.176,,,,,341.89
10.18,,,,,341.89
10.184,,,,,341.89
10.188,,,,,341.89
10.192,,,,,341.89
10.196,,,,,341.89
10.2,,,,,341.89
10.204,,,,,341.89
10.208,,,,,341.89
10.212,,,,,341.89
10.216,,,,,341.89
10.22,,,,,341.89
10.224,,,,,341.89
10.228,,,,,341.89
10.232,,,,,341.89
10.236,,,,,341.89
10.24,,,,,341.89
10.244,,,,,341.89
10.248,,,,,341.89
10.252,,,,,341.89
10.256,,,,,341.89
10.26,,,,,341.89
10.264,,,,,341.89
10.268,,,,,341.89
10.272,,,,,341.89
10.276,,,,,341.89
10.28,,,,,341.89
10.284,,,,,341.89
10.288,,,,,341.89
10.292,,,,,341.89
10.296,,,,,341.89
10.3,,,,,341.89
10.304,,,,,341.89
10.308,,,,,341.89
10.312,,,,,341.89
10.316,,,,,341.89
10.32,,,,,341.89
10.324,,,,,341.89
10.328,,,,,341.89
10.332,,,,,341.89
10.336,,,,,341.89
10.34,,,,,341.89
10.344,,,,,341.89
10.348,,,,,341.89
10.352,,,,,341.89
10.356,,,,,341.89
10.36,,,,,341.89
10.364,,,,,341.89
10.368,,,,,341.89
10.372,,,,,341.89
10.376,,,,,341.89
10.38,,,,,341.89
10.384,,,,,341.89
10.388,,,,,341.89
10.392,,,,,341.89
10.396,,,,,341.89
10.4,,,,,341.89
10.404,,,,,341.89
10.408,,,,,341.89
10.412,,,,,341.89
10.416,,,,,341.89
10.42,,,,,341.89
10.424,,,,,341.89
10.428,,,,,341.89
10.432,,,,,341.89
10.436,,,,,341.89
10.44,,,,,341.89
10.444,,,,,341.89
10.448,,,,,341.89
10.452,,,,,341.89
10.456,,,,,341.89
10.46,,,,,341.89
10.464,,,,,341.89
10.468,,,,,341.89
10.472,,,,,341.89
10.476,,,,,341.89
10.48,,,,,341.89
10.484,,,,,341.89
10.488,,,,,341.89
10.492,,,,,341.89
10.496,,,,,341.89
10.5,,,,,341.89
10.504,,,,,341.89
10.508,,,,,341.89
10.512,,,,,341.89
10.516,,,,,341.89
10.52,,,,,341.89
10.524,,,,,341.89
10.528,,,,,341.89
10.532,,,,,341.89
10.536,,,,,341.89
10.54,,,,,341.89
10.544,,,,,341.89
10.548,,,,,341.89
10.552,,,,,341.89
10.556,,,,,341.89
10.56,,,,,341.89
10.564,,,,,341.89
10.568,,,,,341.89
10.572,,,,,341.89
10.576,,,,,341.89
10.58,,,,,341.89
10.584,,,,,341.89
10.588,,,,,341.89
10.592,,,,,341.89
10.596,,,,,341.89
10.6,,,,,341.89
10.604,,,,,341.89
10.608,,,,,341.89
10.612,,,,,341.89
10.616,,,,,341.89
10.62,,,,,341.89
10.624,,,,,341.89
10.628,,,,,341.89
10.632,,,,,341.89
10.636,,,,,341.89
10.64,,,,,341.89
10.644,,,,,341.89
10.648,,,,,341.89
10.652,,,,,341.89
10.656,,,,,341.89
10.66,,,,,341.89
10.664,,,,,341.89
10.668,,,,,341.89
10.672,,,,,341.89
10.676,,,,,341.89
10.68,,,,,341.89
10.684,,,,,341.89
10.688,,,,,341.89
10.692,,,,,341.89
10.696,,,,,341.89
10.7,,,,,341.89
10.704,,,,,341.89
10.708,,,,,341.89
10.712,,,,,341.89
10.716,,,,,341.89
10.72,,,,,341.89
10.724,,,,,341.89
10.728,,,,,341.89
10.732,,,,,341.89
10.736,,,,,341.89
10.74,,,,,341.89
10.744,,,,,341.89
10.748,,,,,341.89
10.752,,,,,341.89
10.756,,,,,341.89
10.76,,,,,341.89
10.764,,,,,341.89
10.768,,,,,341.89
10.772,,,,,341.89
10.776,,,,,341.89
10.78,,,,,341.89
10.784,,,,,341.89
10.788,,,,,341.89
10.792,,,,,341.89
10.796,,,,,341.89
10.8,,,,,341.89
10.804,,,,,341.89
10.808,,,,,341.89
10.812,,,,,341.89
10.816,,,,,341.89
10.82,,,,,341.89
10.824,,,,,341.89
10.828,,,,,341.89
10.832,,,,,341.89
10.836,,,,,341.89
10.84,,,,,341.89
10.844,,,,,341.89
10.848,,,,,341.89
10.852,,,,,341.89
10.856,,,,,341.89
10.86,,,,,341.89
10.864,,,,,341.89
10.868,,,,,341.89
10.872,,,,,341.89
10.876,,,,,341.89
10.88,,,,,341.89
10.884,,,,,341.89
10.888,,,,,341.89
10.892,,,,,341.89
10.896,,,,,341.89
10.9,,,,,341.89
10.904,,,,,341.89
10.908,,,,,341.89
10.912,,,,,341.89
10.916,,,,,341.89
10.92,,,,,341.89
10.924,,,,,341.89
10.928,,,,,341.89
10.932,,,,,341.89
10.936,,,,,341.89
10.94,,,,,341.89
10.944,,,,,341.89
10.948,,,,,341.89
10.952,,,,,341.89
10.956,,,,,341.89
10.96,,,,,341.89
10.964,,,,,341.89
10.968,,,,,341.89
10.972,,,,,341.89
10.976,,,,,341.89
10.98,,,,,341.89
10.984,,,,,341.89
10.988,,,,,341.89
10.992,,,,,341.89
10.996,,,,,341.89
11.0,,,,,341.89
11.004,,,,,341.89
11.008,,,,,341.89
11.012,,,,,341.89
11.016,,,,,341.89
11.02,,,,,341.89
11.024,,,,,341.89
11.028,,,,,341.89
11.032,,,,,341.89
11.036,,,,,341.89
11.04,,,,,341.89
11.044,,,,,341.89
11.048,,,,,341.89
11.052,,,,,341.89
11.056,,,,,341.89
11.06,,,,,341.89
11.064,,,,,341.89
11.068,,,,,341.89
11.072,,,,,341.89
11.076,,,,,341.89
11.08,,,,,341.89
11.084,,,,,341.89
11.088,,,,,341.89
11.092,,,,,341.89
11.096,,,,,341.89
11.1,,,,,341.89
11.104,,,,,341.89
11.108,,,,,341.89
11.112,,,,,341.89
11.116,,,,,341.89
11.12,,,,,341.89
11.124,,,,,341.89
11.128,,,,,341.89
11.132,,,,,341.89
11.136,,,,,341.89
11.14,,,,,341.89
11.144,,,,,341.89
11.148,,,,,341.89
11.152,,,,,341.89
11.156,,,,,341.89
11.16,,,,,341.89
11.164,,,,,341.89
11.168,,,,,341.89
11.172,,,,,341.89
11.176,,,,,341.89
11.18,,,,,341.89
11.184,,,,,341.89
11.188,,,,,341.89
11.192,,,,,341.89
11.196,,,,,341.89
11.2,,,,,341.89
11.204,,,,,341.89
11.208,,,,,341.89
11.212,,,,,341.89
11.216,,,,,341.89
11.22,,,,,341.89
11.224,,,,,341.89
11.228,,,,,341.89
11.232,,,,,341.89
11.236,,,,,341.89
11.24,,,,,341.89
11.244,,,,,341.89
11.248,,,,,341.89
11.252,,,,,341.89
11.256,,,,,341.89
11.26,,,,,341.89
11.264,,,,,341.89
11.268,,,,,341.89
11.272,,,,,341.89
11.276,,,,,341.89
11.28,,,,,341.89
11.284,,,,,341.89
11.288,,,,,341.89
11.292,,,,,341.89
11.296,,,,,341.89
11.3,,,,,341.89
11.304,,,,,341.89
11.308,,,,,341.89
11.312,,,,,341.89
11.316,,,,,341.89
11.32,,,,,341.89
11.324,,,,,341.89
11.328,,,,,341.89
11.332,,,,,341.89
11.336,,,,,341.89
11.34,,,,,341.89
11.344,,,,,341.89
11.348,,,,,341.89
11.352,,,,,341.89
11.356,,,,,341.89
11.36,,,,,341.89
11.364,,,,,341.89
11.368,,,,,341.89
11.372,,,,,341.89
11.376,,,,,341.89
11.38,,,,,341.89
11.384,,,,,341.89
11.388,,,,,341.89
11.392,,,,,341.89
11.396,,,,,341.89
11.4,,,,,341.89
11.404,,,,,341.89
11.408,,,,,341.89
11.412,,,,,341.89
11.416,,,,,341.89
11.42,,,,,341.89
11.424,,,,,341.89
11.428,,,,,341.89
11.432,,,,,341.89
11.436,,,,,341.89
11.44,,,,,341.89
11.444,,,,,341.89
11.448,,,,,341.89
11.452,,,,,341.89
11.456,,,,,341.89
11.46,,,,,341.89
11.464,,,,,341.89
11.468,,,,,341.89
11.472,,,,,341.89
11.476,,,,,341.89
11.48,,,,,341.89
11.484,,,,,341.89
11.488,,,,,341.89
11.492,,,,,341.89
11.496,,,,,341.89
11.5,,,,,341.89
11.504,,,,,341.88
11.508,,,,,341.88
11.512,,,,,341.88
11.516,,,,,341.88
11.52,,,,,341.88
11.524,,,,,341.88
11.528,,,,,341.88
11.532,,,,,341.88
11.536,,,,,341.88
11.54,,,,,341.88
11.544,,,,,341.88
11.548,,,,,341.88
11.552,,,,,341.88
11.556,,,,,341.88
11.56,,,,,341.88
11.564,,,,,341.88
11.568,,,,,341.88
11.572,,,,,341.88
11.576,,,,,341.88
11.58,,,,,341.88
11.584,,,,,341.88
11.588,,,,,341.88
11.592,,,,,341.88
11.596,,,,,341.88
11.6,,,,,341.88
11.604,,,,,341.88
11.608,,,,,341.88
11.612,,,,,341.88
11.616,,,,,341.88
11.62,,,,,341.88
11.624,,,,,341.88
11.628,,,,,341.88
11.632,,,,,341.88
11.636,,,,,341.88
11.64,,,,,341.88
11.644,,,,,341.88
11.648,,,,,341.88
11.652,,,,,341.88
11.656,,,,,341.88
11.66,,,,,341.88
11.664,,,,,341.88
11.668,,,,,341.88
11.672,,,,,341.88
11.676,,,,,341.88
11.68,,,,,341.88
11.684,,,,,341.88
11.688,,,,,341.88
11.692,,,,,341.88
11.696,,,,,341.88
11.7,,,,,341.88
11.704,,,,,341.88
11.708,,,,,341.88
11.712,,,,,341.88
11.716,,,,,341.88
11.72,,,,,341.88
11.724,,,,,341.88
11.728,,,,,341.88
11.732,,,,,341.88
11.736,,,,,341.88
11.74,,,,,341.88
11.744,,,,,341.88
11.748,,,,,341.88
11.752,,,,,341.88
11.756,,,,,341.88
11.76,,,,,341.88
11.764,,,,,341.88
11.768,,,,,341.88
11.772,,,,,341.88
11.776,,,,,341.88
11.78,,,,,341.88
11.784,,,,,341.88
11.788,,,,,341.88
11.792,,,,,341.88
11.796,,,,,341.88
11.8,,,,,341.88
11.804,,,,,341.88
11.808,,,,,341.88
11.812,,,,,341.88
11.816,,,,,341.88
11.82,,,,,341.88
11.824,,,,,341.88
11.828,,,,,341.88
11.832,,,,,341.88
11.836,,,,,341.88
11.84,,,,,341.88
11.844,,,,,341.88
11.848,,,,,341.88
11.852,,,,,341.88
11.856,,,,,341.88
11.86,,,,,341.88
11.864,,,,,341.88
11.868,,,,,341.88
11.872,,,,,341.88
11.876,,,,,341.88
11.88,,,,,341.88
11.884,,,,,341.88
11.888,,,,,341.88
11.892,,,,,341.88
11.896,,,,,341.88
11.9,,,,,341.88
11.904,,,,,341.88
11.908,,,,,341.88
11.912,,,,,341.88
11.916,,,,,341.88
11.92,,,,,341.88
11.924,,,,,341.88
11.928,,,,,341.88
11.932,,,,,341.88
11.936,,,,,341.88
11.94,,,,,341.88
11.944,,,,,341.88
11.948,,,,,341.88
11.952,,,,,341.88
11.956,,,,,341.88
11.96,,,,,341.88
11.964,,,,,341.88
11.968,,,,,341.88
11.972,,,,,341.88
11.976,,,,,341.88
11.98,,,,,341.88
11.984,,,,,341.88
11.988,,,,,341.88
11.992,,,,,341.88
11.996,,,,,341.88
12.0,,,,,341.88
12.004,,,,,341.88
12.008,,,,,341.88
12.012,,,,,341.88
12.016,,,,,341.88
12.02,,,,,341.88
12.024,,,,,341.88
12.028,,,,,341.88
12.032,,,,,341.88
12.036,,,,,341.88
12.04,,,,,341.88
12.044,,,,,341.88
12.048,,,,,341.88
12.052,,,,,341.88
12.056,,,,,341.88
12.06,,,,,341.88
12.064,,,,,341.88
12.068,,,,,341.88
12.072,,,,,341.88
12.076,,,,,341.88
12.08,,,,,341.88
12.084,,,,,341.88
12.088,,,,,341.88
12.092,,,,,341.88
12.096,,,,,341.88
12.1,,,,,341.88
12.104,,,,,341.88
12.108,,,,,341.88
12.112,,,,,341.88
12.116,,,,,341.88
12.12,,,,,341.88
12.124,,,,,341.88
12.128,,,,,341.88
12.132,,,,,341.88
12.136,,,,,341.88
12.14,,,,,341.88
12.144,,,,,341.88
12.148,,,,,341.88
12.152,,,,,341.88
12.156,,,,,341.88
12.16,,,,,341.88
12.164,,,,,341.88
12.168,,,,,341.88
12.172,,,,,341.88
12.176,,,,,341.88
12.18,,,,,341.88
12.184,,,,,341.88
12.188,,,,,341.88
12.192,,,,,341.88
12.196,,,,,341.88
12.2,,,,,341.88
12.204,,,,,341.88
12.208,,,,,341.88
12.212,,,,,341.88
12.216,,,,,341.88
12.22,,,,,341.88
12.224,,,,,341.88
12.228,,,,,341.88
12.232,,,,,341.88
12.236,,,,,341.88
12.24,,,,,341.88
12.244,,,,,341.88
12.248,,,,,341.88
12.252,,,,,341.88
12.256,,,,,341.88
12.26,,,,,341.88
12.264,,,,,341.88
12.268,,,,,341.88
12.272,,,,,341.88
12.276,,,,,341.88
12.28,,,,,341.88
12.284,,,,,341.88
12.288,,,,,341.88
12.292,,,,,341.88
12.296,,,,,341.88
12.3,,,,,341.88
12.304,,,,,341.88
12.308,,,,,341.88
12.312,,,,,341.88
12.316,,,,,341.88
12.32,,,,,341.88
12.324,,,,,341.88
12.328,,,,,341.88
12.332,,,,,341.88
12.336,,,,,341.88
12.34,,,,,341.88
12.344,,,,,341.88
12.348,,,,,341.88
12.352,,,,,341.88
12.356,,,,,341.88
12.36,,,,,341.88
12.364,,,,,341.88
12.368,0.000788181818181837,,,,341.88
12.372,0.001218181818181823,,,,341.88
12.376,0.0015581818181818299,,,,341.88
12.38,0.0018981818181818368,,,,341.88
12.384,0.002238181818181844,,,,341.88
12.388,0.0024981818181818265,,,,341.88
12.392,0.0028381818181818334,,,,341.88
12.396,0.0032681818181818194,,,,341.88
12.4,0.0036081818181818263,,,,341.88
12.404,0.003948181818181833,,,,341.88
12.408,0.004298181818181795,,,,341.88
12.412,0.004548181818181823,,,,341.88
12.416,0.00488818181818183,,,,341.88
12.42,0.005318181818181816,,,,341.88
12.424,0.005658181818181823,,,,341.88
12.428,0.005918181818181805,,,,341.88
12.432,0.0060881818181818086,,,,341.88
12.436,0.0064281818181818155,,,,341.88
12.44,0.0067681818181818225,,,,341.88
12.444,0.006948181818181836,,,,341.88
12.448,0.0071981818181818084,,,,341.88
12.452,0.007458181818181791,,,,341.88
12.456,0.007798181818181798,,,,341.88
12.46,0.008058181818181836,,,,341.88
12.464,0.00822818181818184,,,,341.88
12.468,0.008478181818181812,,,,341.88
12.472,0.008648181818181815,,,,341.88
12.476,0.008908181818181798,,,,341.88
12.48,0.009078181818181801,,,,341.88
12.484,0.00933818181818184,,,,341.88
12.488,0.009508181818181843,,,,341.88
12.492,0.009588181818181812,,,,341.88
12.496,0.00967818181818179,,,,341.88
12.5,0.009768181818181825,,,,341.88
12.504,0.009768181818181825,,,,341.87
12.508,0.009768181818181825,,,,341.87
12.512,0.009768181818181825,,,,341.87
12.516,0.009848181818181794,,,,341.87
12.52,0.010108181818181832,,,,341.87
12.524,0.010188181818181801,,,,341.87
12.528,0.010278181818181836,,,,341.87
12.532,0.010278181818181836,,,,341.87
12.536,0.010188181818181801,,,,341.87
12.54,0.010278181818181836,,,,341.87
12.544,0.010358181818181805,,,,341.87
12.548,0.010448181818181839,,,,341.87
12.552,0.010538181818181818,,,,341.87
12.556,0.010618181818181843,,,,341.87
12.56,0.010618181818181843,,,,341.87
12.564,0.010618181818181843,,,,341.87
12.568,0.010538181818181818,,,,341.87
12.572,0.010538181818181818,,,,341.87
12.576,0.010448181818181839,,,,341.87
12.58,0.010188181818181801,,,,341.87
12.584,0.010188181818181801,,,,341.87
12.588,0.010278181818181836,,,,341.87
12.592,0.010108181818181832,,,,341.87
12.596,0.009848181818181794,,,,341.87
12.6,0.009768181818181825,,,,341.87
12.604,0.009588181818181812,,,,341.87
12.608,0.00933818181818184,,,,341.87
12.612,0.00933818181818184,,,,341.87
12.616,0.00933818181818184,,,,341.87
12.62,0.009078181818181801,,,,341.87
12.624,0.008828181818181829,,,,341.87
12.628,0.008478181818181812,,,,341.87
12.632,0.008138181818181805,,,,341.87
12.636,0.007798181818181798,,,,341.87
12.64,0.007628181818181794,,,,341.87
12.644,0.007458181818181791,,,,341.87
12.648,0.007368181818181812,,,,341.87
12.652,0.007368181818181812,,,,341.87
12.656,0.007288181818181843,,,,341.87
12.66,0.0068581818181818015,,,,341.87
12.664,0.0065181818181817945,,,,341.87
12.668,0.0064281818181818155,,,,341.87
12.672,0.006258181818181812,,,,341.87
12.676,0.0060881818181818086,,,,341.87
12.68,0.005658181818181823,,,,341.87
12.684,0.005318181818181816,,,,341.87
12.688,0.005238181818181791,,,,341.87
12.692,0.00488818181818183,,,,341.87
12.696,0.004468181818181798,,,,341.87
12.7,0.004298181818181795,,,,341.87
12.704,0.003948181818181833,,,,341.87
12.708,0.0036981818181818053,,,,341.87
12.712,0.003528181818181802,,,,341.87
12.716,0.0031781818181818404,,,,341.87
12.72,0.0028381818181818334,,,,341.87
12.724,0.0025881818181818055,,,,341.87
12.728,0.002418181818181802,,,,341.87
12.732,0.0020681818181818405,,,,341.87
12.736,0.0016481818181818088,,,,341.87
12.74,0.0013881818181818264,,,,341.87
12.744,0.001128181818181844,,,,341.87
12.748,0.0007081818181818124,,,,341.87
12.752,0.0002781818181818265,,,,341.87
12.756,1.8181818181844034e-05,,,,341.87
12.76,-0.00015181818181815945,,,,341.87
12.764,-0.0004918181818181664,,,,341.87
12.768,-0.0007418181818181944,,,,341.87
12.772,-0.0009918181818181669,,,,341.87
12.776,-0.0013418181818181838,,,,341.87
12.78,-0.0016818181818181908,,,,341.87
12.784,-0.0019318181818181632,,,,341.87
12.788,-0.0021118181818181765,,,,341.87
12.792,-0.0024518181818181835,,,,341.87
12.796,-0.0028818181818181694,,,,341.87
12.8,-0.0032218181818181764,,,,341.87
12.804,-0.003301818181818201,,,,341.87
12.808,-0.003731818181818187,,,,341.87
12.812,-0.004161818181818173,,,,341.87
12.816,-0.004411818181818201,,,,341.87
12.82,-0.004581818181818204,,,,341.87
12.824,-0.004931818181818166,,,,341.87
12.828,-0.005441818181818176,,,,341.87
12.832,-0.005871818181818162,,,,341.87
12.836,-0.00612181818181819,,,,341.87
12.84,-0.006211818181818169,,,,341.87
12.844,-0.006641818181818155,,,,341.87
12.848,-0.006981818181818162,,,,341.87
12.852,-0.0071518181818181654,,,,341.87
12.856,-0.007491818181818172,,,,341.87
12.86,-0.00783181818181818,,,,341.87
12.864,-0.007921818181818158,,,,341.87
12.868,-0.008261818181818165,,,,341.87
12.872,-0.008521818181818203,,,,341.87
12.876,-0.008771818181818176,,,,341.87
12.88,-0.009031818181818158,,,,341.87
12.884,-0.009201818181818162,,,,341.87
12.888,-0.0094618181818182,,,,341.87
12.892,-0.009541818181818169,,,,341.87
12.896,-0.009801818181818207,,,,341.87
12.9,-0.00997181818181821,,,,341.87
12.904,-0.010231818181818193,,,,341.87
12.908,-0.010401818181818196,,,,341.87
12.912,-0.010651818181818169,,,,341.87
12.916,-0.010821818181818172,,,,341.87
12.92,-0.010911818181818207,,,,341.87
12.924,-0.011171818181818189,,,,341.87
12.928,-0.011341818181818192,,,,341.87
12.932,-0.011511818181818196,,,,341.87
12.936,-0.011511818181818196,,,,341.87
12.94,-0.011511818181818196,,,,341.87
12.944,-0.011511818181818196,,,,341.87
12.948,-0.011511818181818196,,,,341.87
12.952,-0.011511818181818196,,,,341.87
12.956,-0.011511818181818196,,,,341.87
12.96,-0.011511818181818196,,,,341.87
12.964,-0.011511818181818196,,,,341.87
12.968,-0.011511818181818196,,,,341.87
12.972,-0.011421818181818161,,,,341.87
12.976,-0.011511818181818196,,,,341.87
12.98,-0.011421818181818161,,,,341.87
12.984,-0.011171818181818189,,,,341.87
12.988,-0.01108181818181821,,,,341.87
12.992,-0.01108181818181821,,,,341.87
12.996,-0.010821818181818172,,,,341.87
13.0,-0.010741818181818203,,,,341.87
13.004,-0.0105718181818182,,,,341.87
13.008,-0.010311818181818162,,,,341.87
13.012,-0.010231818181818193,,,,341.87
13.016,-0.010051818181818179,,,,341.87
13.02,-0.009881818181818176,,,,341.87
13.024,-0.0094618181818182,,,,341.87
13.028,-0.009111818181818183,,,,341.87
13.032,-0.00894181818181818,,,,341.87
13.036,-0.008691818181818207,,,,341.87
13.04,-0.008601818181818172,,,,341.87
13.044,-0.008261818181818165,,,,341.87
13.048,-0.007921818181818158,,,,341.87
13.052,-0.007581818181818207,,,,341.87
13.056,-0.007321818181818169,,,,341.87
13.06,-0.006981818181818162,,,,341.87
13.064,-0.006641818181818155,,,,341.87
13.068,-0.006211818181818169,,,,341.87
13.072,-0.005781818181818183,,,,341.87
13.076,-0.005521818181818201,,,,341.87
13.08,-0.005351818181818197,,,,341.87
13.084,-0.00501181818181819,,,,341.87
13.088,-0.004581818181818204,,,,341.87
13.092,-0.004161818181818173,,,,341.87
13.096,-0.003731818181818187,,,,341.87
13.1,-0.00339181818181818,,,,341.87
13.104,-0.003051818181818173,,,,341.87
13.108,-0.002621818181818187,,,,341.87
13.112,-0.0021118181818181765,,,,341.87
13.116,-0.0016818181818181908,,,,341.87
13.12,-0.0013418181818181838,,,,341.87
13.124,-0.0009118181818181979,,,,341.87
13.128,-0.0004818181818181564,,,,341.87
13.132,-0.00014181818181820496,,,,341.87
13.136,0.0002881818181818365,,,,341.87
13.14,0.0007081818181818124,,,,341.87
13.144,0.0011381818181817984,,,,341.87
13.148,0.0015681818181818399,,,,341.87
13.152,0.001998181818181826,,,,341.87
13.156,0.002418181818181802,,,,341.87
13.16,0.002768181818181819,,,,341.87
13.164,0.003188181818181795,,,,341.87
13.168,0.0037081818181818153,,,,341.87
13.172,0.004128181818181791,,,,341.87
13.176,0.004478181818181808,,,,341.87
13.18,0.004818181818181815,,,,341.87
13.184,0.005238181818181791,,,,341.87
13.188,0.005588181818181808,,,,341.87
13.192,0.005668181818181833,,,,341.87
13.196,0.0060981818181818186,,,,341.87
13.2,0.0065281818181818045,,,,341.87
13.204,0.0068681818181818115,,,,341.87
13.208,0.0072081818181818184,,,,341.87
13.212,0.007458181818181791,,,,341.87
13.216,0.007798181818181798,,,,341.87
13.22,0.008138181818181805,,,,341.87
13.224,0.008478181818181812,,,,341.87
13.228,0.008648181818181815,,,,341.87
13.232,0.008998181818181832,,,,341.87
13.236,0.009248181818181805,,,,341.87
13.24,0.009508181818181843,,,,341.87
13.244,0.00967818181818179,,,,341.87
13.248,0.009768181818181825,,,,341.87
13.252,0.010018181818181798,,,,341.87
13.256,0.010278181818181836,,,,341.87
13.26,0.010538181818181818,,,,341.87
13.264,0.010618181818181843,,,,341.87
13.268,0.010538181818181818,,,,341.87
13.272,0.010538181818181818,,,,341.87
13.276,0.010618181818181843,,,,341.87
13.28,0.010878181818181825,,,,341.87
13.284,0.010958181818181794,,,,341.87
13.288,0.010958181818181794,,,,341.87
13.292,0.010958181818181794,,,,341.87
13.296,0.010958181818181794,,,,341.87
13.3,0.010958181818181794,,,,341.87
13.304,0.011048181818181829,,,,341.87
13.308,0.011298181818181801,,,,341.87
13.312,0.011388181818181835,,,,341.87
13.316,0.011478181818181814,,,,341.87
13.32,0.011478181818181814,,,,341.87
13.324,0.011388181818181835,,,,341.87
13.328,0.011388181818181835,,,,341.87
13.332,0.011388181818181835,,,,341.87
13.336,0.011388181818181835,,,,341.87
13.34,0.011388181818181835,,,,341.87
13.344,0.011218181818181832,,,,341.87
13.348,0.011048181818181829,,,,341.87
13.352,0.010958181818181794,,,,341.87
13.356,0.010618181818181843,,,,341.87
13.36,0.010278181818181836,,,,341.87
13.364,0.010108181818181832,,,,341.87
13.368,0.009848181818181794,,,,341.87
13.372,0.009768181818181825,,,,341.87
13.376,0.009508181818181843,,,,341.87
13.38,0.009248181818181805,,,,341.87
13.384,0.009078181818181801,,,,341.87
13.388,0.009078181818181801,,,,341.87
13.392,0.008828181818181829,,,,341.87
13.396,0.008828181818181829,,,,341.87
13.4,0.00856818181818179,,,,341.87
13.404,0.00822818181818184,,,,341.87
13.408,0.008058181818181836,,,,341.87
13.412,0.007798181818181798,,,,341.87
13.416,0.007628181818181794,,,,341.87
13.42,0.007368181818181812,,,,341.87
13.424,0.006948181818181836,,,,341.87
13.428,0.006688181818181798,,,,341.87
13.432,0.0064281818181818155,,,,341.87
13.436,0.00600818181818184,,,,341.87
13.44,0.005578181818181798,,,,341.87
13.444,0.005408181818181795,,,,341.87
13.448,0.005318181818181816,,,,341.87
13.452,0.004978181818181809,,,,341.87
13.456,0.004468181818181798,,,,341.87
13.46,0.004128181818181791,,,,341.87
13.464,0.004038181818181812,,,,341.87
13.468,0.0036081818181818263,,,,341.87
13.472,0.0031781818181818404,,,,341.87
13.476,0.0029281818181818124,,,,341.87
13.48,0.002758181818181809,,,,341.87
13.484,0.002418181818181802,,,,341.87
13.488,0.001988181818181816,,,,341.87
13.492,0.0016481818181818088,,,,341.87
13.496,0.0014781818181818054,,,,341.87
13.5,0.001218181818181823,,,,341.87
13.504,0.000788181818181837,,,,341.87
13.508,0.000538181818181809,,,,341.87
13.512,0.0002781818181818265,,,,341.87
13.516,-6.181818181818046e-05,,,,341.87
13.52,-0.00032181818181816293,,,,341.87
13.524,-0.0005818181818182009,,,,341.87
13.528,-0.0009218181818182079,,,,341.87
13.532,-0.0011718181818181803,,,,341.87
13.536,-0.0016918181818182008,,,,341.87
13.54,-0.0020318181818182075,,,,341.87
13.544,-0.0021118181818181765,,,,341.87
13.548,-0.0025418181818181625,,,,341.87
13.552,-0.0028818181818181694,,,,341.87
13.556,-0.002971818181818204,,,,341.87
13.56,-0.00340181818181819,,,,341.87
13.564,-0.003741818181818197,,,,341.87
13.568,-0.0039118181818182,,,,341.87
13.572,-0.004251818181818207,,,,341.87
13.576,-0.004591818181818159,,,,341.87
13.58,-0.004931818181818166,,,,341.87
13.584,-0.005111818181818179,,,,341.87
13.588,-0.005361818181818207,,,,341.87
13.592,-0.00562181818181819,,,,341.87
13.596,-0.005791818181818193,,,,341.87
13.6,-0.0061318181818182,,,,341.87
13.604,-0.006471818181818207,,,,341.87
13.608,-0.0068118181818181585,,,,341.87
13.612,-0.0071618181818181754,,,,341.87
13.616,-0.0071618181818181754,,,,341.87
13.62,-0.007501818181818182,,,,341.87
13.624,-0.00784181818181819,,,,341.87
13.628,-0.007931818181818168,,,,341.87
13.632,-0.008181818181818196,,,,341.87
13.636,-0.008441818181818179,,,,341.87
13.64,-0.008701818181818161,,,,341.87
13.644,-0.008701818181818161,,,,341.87
13.648,-0.008781818181818186,,,,341.87
13.652,-0.00895181818181819,,,,341.87
13.656,-0.009121818181818193,,,,341.87
13.66,-0.009381818181818175,,,,341.87
13.664,-0.0094618181818182,,,,341.87
13.668,-0.009551818181818179,,,,341.87
13.672,-0.009811818181818161,,,,341.87
13.676,-0.009891818181818186,,,,341.87
13.68,-0.009981818181818165,,,,341.87
13.684,-0.009981818181818165,,,,341.87
13.688,-0.010231818181818193,,,,341.87
13.692,-0.010321818181818172,,,,341.87
13.696,-0.010321818181818172,,,,341.87
13.7,-0.010321818181818172,,,,341.87
13.704,-0.010321818181818172,,,,341.87
13.708,-0.01058181818181821,,,,341.87
13.712,-0.010661818181818179,,,,341.87
13.716,-0.01058181818181821,,,,341.87
13.72,-0.010401818181818196,,,,341.87
13.724,-0.010321818181818172,,,,341.87
13.728,-0.010231818181818193,,,,341.87
13.732,-0.010231818181818193,,,,341.87
13.736,-0.010321818181818172,,,,341.87
13.74,-0.010321818181818172,,,,341.87
13.744,-0.010321818181818172,,,,341.87
13.748,-0.010231818181818193,,,,341.87
13.752,-0.010061818181818189,,,,341.87
13.756,-0.009891818181818186,,,,341.87
13.76,-0.009891818181818186,,,,341.87
13.764,-0.009811818181818161,,,,341.87
13.768,-0.009551818181818179,,,,341.87
13.772,-0.009381818181818175,,,,341.87
13.776,-0.009121818181818193,,,,341.87
13.78,-0.009041818181818168,,,,341.87
13.784,-0.00895181818181819,,,,341.87
13.788,-0.008701818181818161,,,,341.87
13.792,-0.008611818181818182,,,,341.87
13.796,-0.0083518181818182,,,,341.87
13.8,-0.008181818181818196,,,,341.87
13.804,-0.007931818181818168,,,,341.87
13.808,-0.007581818181818207,,,,341.87
13.812,-0.007331818181818179,,,,341.87
13.816,-0.0070718181818181965,,,,341.87
13.82,-0.006901818181818193,,,,341.87
13.824,-0.006561818181818186,,,,341.87
13.828,-0.006221818181818179,,,,341.87
13.832,-0.005871818181818162,,,,341.87
13.836,-0.00562181818181819,,,,341.87
13.84,-0.005281818181818183,,,,341.87
13.844,-0.004931818181818166,,,,341.87
13.848,-0.004681818181818193,,,,341.87
13.852,-0.00451181818181819,,,,341.87
13.856,-0.004171818181818183,,,,341.87
13.86,-0.003821818181818166,,,,341.87
13.864,-0.003481818181818159,,,,341.87
13.868,-0.0032318181818181864,,,,341.87
13.872,-0.0028818181818181694,,,,341.87
13.876,-0.0025418181818181625,,,,341.87
13.88,-0.0022018181818181555,,,,341.87
13.884,-0.0017718181818181698,,,,341.87
13.888,-0.0014318181818181628,,,,341.87
13.892,-0.0012618181818181593,,,,341.87
13.896,-0.0009218181818182079,,,,341.87
13.9,-0.0004018181818181874,,,,341.87
13.904,1.8181818181844034e-05,,,,341.87
13.908,0.0002781818181818265,,,,341.87
13.912,0.0007081818181818124,,,,341.87
13.916,0.0009581818181818404,,,,341.87
13.92,0.001218181818181823,,,,341.87
13.924,0.0016481818181818088,,,,341.87
13.928,0.0020681818181818405,,,,341.87
13.932,0.002418181818181802,,,,341.87
13.936,0.002758181818181809,,,,341.87
13.94,0.0031781818181818404,,,,341.87
13.944,0.0036981818181818053,,,,341.87
13.948,0.004038181818181812,,,,341.87
13.952,0.004208181818181816,,,,341.87
13.956,0.004468181818181798,,,,341.87
13.96,0.00488818181818183,,,,341.87
13.964,0.005318181818181816,,,,341.87
13.968,0.005578181818181798,,,,341.87
13.972,0.005748181818181802,,,,341.87
13.976,0.006178181818181843,,,,341.87
13.98,0.0065181818181817945,,,,341.87
13.984,0.0067681818181818225,,,,341.87
13.988,0.006948181818181836,,,,341.87
13.992,0.007288181818181843,,,,341.87
13.996,0.007708181818181819,,,,341.87
14.0,0.008058181818181836,,,,341.87
14.004,0.008308181818181808,,,,341.87
14.008,0.00856818181818179,,,,341.87
14.012,0.008648181818181815,,,,341.87
14.016,0.008998181818181832,,,,341.87
14.02,0.00933818181818184,,,,341.87
14.024,0.009418181818181808,,,,341.87
14.028,0.009588181818181812,,,,341.87
14.032,0.00967818181818179,,,,341.87
14.036,0.009938181818181829,,,,341.87
14.04,0.010188181818181801,,,,341.87
14.044,0.010358181818181805,,,,341.87
14.048,0.010448181818181839,,,,341.87
14.052,0.010448181818181839,,,,341.87
14.056,0.010448181818181839,,,,341.87
14.06,0.010538181818181818,,,,341.87
14.064,0.010618181818181843,,,,341.87
14.068,0.010618181818181843,,,,341.87
14.072,0.010618181818181843,,,,341.87
14.076,0.010618181818181843,,,,341.87
14.08,0.010618181818181843,,,,341.87
14.084,0.010958181818181794,,,,341.87
14.088,0.011298181818181801,,,,341.87
14.092,0.011478181818181814,,,,341.87
14.096,0.011478181818181814,,,,341.87
14.1,0.011478181818181814,,,,341.87
14.104,0.011298181818181801,,,,341.87
14.108,0.011048181818181829,,,,341.87
14.112,0.011048181818181829,,,,341.87
14.116,0.011128181818181797,,,,341.87
14.12,0.011048181818181829,,,,341.87
14.124,0.011048181818181829,,,,341.87
14.128,0.011048181818181829,,,,341.87
14.132,0.010878181818181825,,,,341.87
14.136,0.010618181818181843,,,,341.87
14.14,0.010448181818181839,,,,341.87
14.144,0.010278181818181836,,,,341.87
14.148,0.010278181818181836,,,,341.87
14.152,0.010188181818181801,,,,341.87
14.156,0.009938181818181829,,,,341.87
14.16,0.009848181818181794,,,,341.87
14.164,0.009768181818181825,,,,341.87
14.168,0.009508181818181843,,,,341.87
14.172,0.009248181818181805,,,,341.87
14.176,0.008908181818181798,,,,341.87
14.18,0.00856818181818179,,,,341.87
14.184,0.008478181818181812,,,,341.87
14.188,0.00822818181818184,,,,341.87
14.192,0.007968181818181801,,,,341.87
14.196,0.007628181818181794,,,,341.87
14.2,0.007368181818181812,,,,341.87
14.204,0.007288181818181843,,,,341.87
14.208,0.0068581818181818015,,,,341.87
14.212,0.0065181818181817945,,,,341.87
14.216,0.006348181818181791,,,,341.87
14.22,0.00600818181818184,,,,341.87
14.224,0.005658181818181823,,,,341.87
14.228,0.005238181818181791,,,,341.87
14.232,0.00488818181818183,,,,341.87
14.236,0.004808181818181805,,,,341.87
14.24,0.004468181818181798,,,,341.87
14.244,0.003948181818181833,,,,341.87
14.248,0.003528181818181802,,,,341.87
14.252,0.0032681818181818194,,,,341.87
14.256,0.003098181818181816,,,,341.87
14.26,0.002758181818181809,,,,341.87
14.264,0.002418181818181802,,,,341.87
14.268,0.001988181818181816,,,,341.87
14.272,0.0016481818181818088,,,,341.87
14.276,0.0013881818181818264,,,,341.87
14.28,0.001128181818181844,,,,341.87
14.284,0.000788181818181837,,,,341.87
14.288,0.0003581818181817955,,,,341.87
14.292,-6.181818181818046e-05,,,,341.87
14.296,-0.0004018181818181874,,,,341.87
14.3,-0.0008318181818181734,,,,341.87
14.304,-0.0013418181818181838,,,,341.87
14.308,-0.0016918181818182008,,,,341.87
14.312,-0.0017718181818181698,,,,341.87
14.316,-0.0020318181818182075,,,,341.87
14.32,-0.0025418181818181625,,,,341.87
14.324,-0.002971818181818204,,,,341.87
14.328,-0.0033118181818181554,,,,341.87
14.332,-0.003741818181818197,,,,341.87
14.336,-0.004171818181818183,,,,341.87
14.34,-0.004591818181818159,,,,341.87
14.344,-0.004931818181818166,,,,341.87
14.348,-0.005111818181818179,,,,341.87
14.352,-0.005451818181818186,,,,341.87
14.356,-0.005791818181818193,,,,341.87
14.36,-0.0063018181818182036,,,,341.87
14.364,-0.0067318181818181895,,,,341.87
14.368,-0.006991818181818172,,,,341.87
14.372,-0.0070718181818181965,,,,341.87
14.376,-0.007501818181818182,,,,341.87
14.38,-0.00784181818181819,,,,341.87
14.384,-0.007931818181818168,,,,341.87
14.388,-0.008271818181818175,,,,341.87
14.392,-0.008701818181818161,,,,341.87
14.396,-0.009041818181818168,,,,341.87
14.4,-0.009211818181818172,,,,341.87
14.404,-0.0094618181818182,,,,341.87
14.408,-0.009551818181818179,,,,341.87
14.412,-0.009811818181818161,,,,341.87
14.416,-0.010061818181818189,,,,341.87
14.42,-0.010321818181818172,,,,341.87
14.424,-0.010401818181818196,,,,341.87
14.428,-0.010661818181818179,,,,341.87
14.432,-0.010661818181818179,,,,341.87
14.436,-0.010831818181818182,,,,341.87
14.44,-0.011091818181818165,,,,341.87
14.444,-0.011091818181818165,,,,341.87
14.448,-0.011171818181818189,,,,341.87
14.452,-0.011171818181818189,,,,341.87
14.456,-0.011431818181818171,,,,341.87
14.46,-0.011521818181818206,,,,341.87
14.464,-0.011521818181818206,,,,341.87
14.468,-0.011521818181818206,,,,341.87
14.472,-0.011521818181818206,,,,341.87
14.476,-0.011521818181818206,,,,341.87
14.48,-0.011521818181818206,,,,341.87
14.484,-0.011521818181818206,,,,341.87
14.488,-0.011431818181818171,,,,341.87
14.492,-0.011261818181818168,,,,341.87
14.496,-0.011261818181818168,,,,341.87
14.5,-0.011171818181818189,,,,341.87
14.504,-0.011091818181818165,,,,341.87
14.508,-0.011001818181818186,,,,341.87
14.512,-0.010751818181818158,,,,341.87
14.516,-0.010661818181818179,,,,341.87
14.52,-0.010401818181818196,,,,341.87
14.524,-0.010321818181818172,,,,341.87
14.528,-0.010061818181818189,,,,341.87
14.532,-0.009811818181818161,,,,341.87
14.536,-0.009551818181818179,,,,341.87
14.54,-0.009381818181818175,,,,341.87
14.544,-0.009121818181818193,,,,341.87
14.548,-0.009041818181818168,,,,341.87
14.552,-0.008781818181818186,,,,341.87
14.556,-0.008611818181818182,,,,341.87
14.56,-0.008271818181818175,,,,341.87
14.564,-0.008011818181818193,,,,341.87
14.568,-0.00784181818181819,,,,341.87
14.572,-0.007411818181818203,,,,341.87
14.576,-0.0070718181818181965,,,,341.87
14.58,-0.006991818181818172,,,,341.87
14.584,-0.0067318181818181895,,,,341.87
14.588,-0.006221818181818179,,,,341.87
14.592,-0.005871818181818162,,,,341.87
14.596,-0.005701818181818159,,,,341.87
14.6,-0.005361818181818207,,,,341.87
14.604,-0.0050218181818182,,,,341.87
14.608,-0.004591818181818159,,,,341.87
14.612,-0.004341818181818186,,,,341.87
14.616,-0.004171818181818183,,,,341.87
14.62,-0.003821818181818166,,,,341.87
14.624,-0.00340181818181819,,,,341.87
14.628,-0.002971818181818204,,,,341.87
14.632,-0.0025418181818181625,,,,341.87
14.636,-0.00229181818181819,,,,341.87
14.64,-0.0020318181818182075,,,,341.87
14.644,-0.0016918181818182008,,,,341.87
14.648,-0.0012618181818181593,,,,341.87
14.652,-0.0008318181818181734,,,,341.87
14.656,-0.0005818181818182009,,,,341.87
14.66,-0.0004018181818181874,,,,341.87
14.664,-6.181818181818046e-05,,,,341.87
14.668,0.0003681818181818055,,,,341.87
14.672,0.0007981818181817914,,,,341.87
14.676,0.001228181818181833,,,,341.87
14.68,0.0014781818181818054,,,,341.87
14.684,0.0017381818181818433,,,,341.87
14.688,0.002078181818181795,,,,341.87
14.692,0.002338181818181833,,,,341.87
14.696,0.00267818181818184,,,,341.87
14.7,0.0029381818181818224,,,,341.87
14.704,0.0032781818181818294,,,,341.87
14.708,0.0036181818181818363,,,,341.87
14.712,0.004048181818181822,,,,341.87
14.716,0.004388181818181829,,,,341.87
14.72,0.004558181818181833,,,,341.87
14.724,0.00489818181818184,,,,341.87
14.728,0.005158181818181822,,,,341.87
14.732,0.005418181818181805,,,,341.87
14.736,0.005758181818181812,,,,341.87
14.74,0.00600818181818184,,,,341.87
14.744,0.006178181818181843,,,,341.87
14.748,0.0064381818181818255,,,,341.87
14.752,0.0067781818181818325,,,,341.87
14.756,0.007038181818181815,,,,341.87
14.76,0.007298181818181797,,,,341.87
14.764,0.007468181818181801,,,,341.87
14.768,0.007718181818181829,,,,341.87
14.772,0.007808181818181808,,,,341.87
14.776,0.008148181818181815,,,,341.87
14.78,0.008408181818181797,,,,341.87
14.784,0.0085781818181818,,,,341.87
14.788,0.008828181818181829,,,,341.87
14.792,0.008918181818181808,,,,341.87
14.796,0.009088181818181811,,,,341.87
14.8,0.009348181818181794,,,,341.87
14.804,0.009428181818181818,,,,341.87
14.808,0.0096881818181818,,,,341.87
14.812,0.009768181818181825,,,,341.87
14.816,0.009768181818181825,,,,341.87
14.82,0.009858181818181804,,,,341.87
14.824,0.010118181818181842,,,,341.87
14.828,0.010118181818181842,,,,341.87
14.832,0.010198181818181811,,,,341.87
14.836,0.01028818181818179,,,,341.87
14.84,0.010198181818181811,,,,341.87
14.844,0.010198181818181811,,,,341.87
14.848,0.010368181818181815,,,,341.87
14.852,0.010628181818181797,,,,341.87
14.856,0.010628181818181797,,,,341.87
14.86,0.010538181818181818,,,,341.87
14.864,0.010538181818181818,,,,341.87
14.868,0.010628181818181797,,,,341.87
14.872,0.010628181818181797,,,,341.87
14.876,0.010628181818181797,,,,341.87
14.88,0.010538181818181818,,,,341.87
14.884,0.010628181818181797,,,,341.87
14.888,0.010628181818181797,,,,341.87
14.892,0.010538181818181818,,,,341.87
14.896,0.010628181818181797,,,,341.87
14.9,0.010538181818181818,,,,341.87
14.904,0.010368181818181815,,,,341.87
14.908,0.010198181818181811,,,,341.87
14.912,0.010198181818181811,,,,341.87
14.916,0.009948181818181839,,,,341.87
14.92,0.009598181818181822,,,,341.87
14.924,0.0096881818181818,,,,341.87
14.928,0.009518181818181797,,,,341.87
14.932,0.00917818181818179,,,,341.87
14.936,0.009088181818181811,,,,341.87
14.94,0.008658181818181825,,,,341.87
14.944,0.008488181818181822,,,,341.87
14.948,0.008148181818181815,,,,341.87
14.952,0.00806818181818179,,,,341.87
14.956,0.00806818181818179,,,,341.87
14.96,0.007978181818181811,,,,341.87
14.964,0.007808181818181808,,,,341.87
14.968,0.007548181818181825,,,,341.87
14.972,0.0072081818181818184,,,,341.87
14.976,0.006948181818181836,,,,341.87
14.98,0.0068681818181818115,,,,341.87
14.984,0.0065281818181818045,,,,341.87
14.988,0.006268181818181822,,,,341.87
14.992,0.00600818181818184,,,,341.87
14.996,0.005668181818181833,,,,341.87
15.0,0.005328181818181826,,,,341.87
15.004,0.004818181818181815,,,,341.87
15.008,0.004478181818181808,,,,341.87
15.012,0.004388181818181829,,,,341.87
15.016,0.004048181818181822,,,,341.87
15.02,0.0036181818181818363,,,,341.87
15.024,0.003188181818181795,,,,341.87
15.028,0.0029381818181818224,,,,341.87
15.032,0.002768181818181819,,,,341.87
15.036,0.002418181818181802,,,,341.87
15.04,0.002078181818181795,,,,341.87
15.044,0.0015681818181818399,,,,341.87
15.048,0.0011381818181817984,,,,341.87
15.052,0.0007981818181817914,,,,341.87
15.056,0.00045818181818184,,,,341.87
15.06,0.0002881818181818365,,,,341.87
15.064,2.8181818181798523e-05,,,,341.87
15.068,-0.0004018181818181874,,,,341.87
15.072,-0.0008218181818181634,,,,341.87
15.076,-0.0013418181818181838,,,,341.87
15.08,-0.0017618181818181598,,,,341.87
15.084,-0.0021118181818181765,,,,341.87
15.088,-0.0024518181818181835,,,,341.87
15.092,-0.002701818181818156,,,,341.87
15.096,-0.002961818181818194,,,,341.87
15.1,-0.003301818181818201,,,,341.87
15.104,-0.003731818181818187,,,,341.87
15.108,-0.004161818181818173,,,,341.87
15.112,-0.004581818181818204,,,,341.87
15.116,-0.00501181818181819,,,,341.87
15.12,-0.005181818181818194,,,,341.87
15.124,-0.005441818181818176,,,,341.87
15.128,-0.005781818181818183,,,,341.87
15.132,-0.00612181818181819,,,,341.87
15.136,-0.006461818181818197,,,,341.87
15.14,-0.0067218181818181795,,,,341.87
15.144,-0.0070618181818181865,,,,341.87
15.148,-0.007321818181818169,,,,341.87
15.152,-0.007751818181818155,,,,341.87
15.156,-0.008001818181818183,,,,341.87
15.16,-0.0083518181818182,,,,341.87
15.164,-0.008601818181818172,,,,341.87
15.168,-0.008871818181818165,,,,341.87
15.172,-0.009121818181818193,,,,341.87
15.176,-0.009211818181818172,,,,341.87
15.18,-0.0094618181818182,,,,341.87
15.184,-0.009551818181818179,,,,341.87
15.188,-0.009811818181818161,,,,341.87
15.192,-0.010061818181818189,,,,341.87
15.196,-0.010321818181818172,,,,341.87
15.2,-0.010321818181818172,,,,341.87
15.204,-0.010321818181818172,,,,341.87
15.208,-0.01058181818181821,,,,341.87
15.212,-0.010661818181818179,,,,341.87
15.216,-0.010661818181818179,,,,341.87
15.22,-0.010821818181818172,,,,341.87
15.224,-0.01108181818181821,,,,341.87
15.228,-0.011171818181818189,,,,341.87
15.232,-0.011171818181818189,,,,341.87
15.236,-0.011171818181818189,,,,341.87
15.24,-0.011171818181818189,,,,341.87
15.244,-0.01108181818181821,,,,341.87
15.248,-0.011171818181818189,,,,341.87
15.252,-0.011171818181818189,,,,341.87
15.256,-0.011171818181818189,,,,341.87
15.26,-0.01108181818181821,,,,341.87
15.264,-0.01108181818181821,,,,341.87
15.268,-0.011171818181818189,,,,341.87
15.272,-0.01108181818181821,,,,341.87
15.276,-0.010821818181818172,,,,341.87
15.28,-0.010741818181818203,,,,341.87
15.284,-0.010821818181818172,,,,341.87
15.288,-0.0105718181818182,,,,341.87
15.292,-0.010311818181818162,,,,341.87
15.296,-0.010141818181818158,,,,341.87
15.3,-0.00997181818181821,,,,341.87
15.304,-0.009881818181818176,,,,341.87
15.308,-0.009631818181818203,,,,341.87
15.312,-0.009541818181818169,,,,341.87
15.316,-0.009371818181818165,,,,341.87
15.32,-0.009031818181818158,,,,341.87
15.324,-0.008771818181818176,,,,341.87
15.328,-0.008601818181818172,,,,341.87
15.332,-0.0083518181818182,,,,341.87
15.336,-0.008261818181818165,,,,341.87
15.34,-0.007921818181818158,,,,341.87
15.344,-0.007581818181818207,,,,341.87
15.348,-0.007331818181818179,,,,341.87
15.352,-0.006991818181818172,,,,341.87
15.356,-0.0067318181818181895,,,,341.87
15.36,-0.006561818181818186,,,,341.87
15.364,-0.006221818181818179,,,,341.87
15.368,-0.005791818181818193,,,,341.87
15.372,-0.005361818181818207,,,,341.87
15.376,-0.0050218181818182,,,,341.87
15.38,-0.004931818181818166,,,,341.87
15.384,-0.004591818181818159,,,,341.87
15.388,-0.004251818181818207,,,,341.87
15.392,-0.003821818181818166,,,,341.87
15.396,-0.00340181818181819,,,,341.87
15.4,-0.0032318181818181864,,,,341.87
15.404,-0.0028818181818181694,,,,341.87
15.408,-0.0025418181818181625,,,,341.87
15.412,-0.0022018181818181555,,,,341.87
15.416,-0.0017718181818181698,,,,341.87
15.42,-0.0014318181818181628,,,,341.87
15.424,-0.0011718181818181803,,,,341.87
15.428,-0.0008318181818181734,,,,341.87
15.432,-0.0004818181818181564,,,,341.87
15.436,-5.181818181817046e-05,,,,341.87
15.44,0.0003681818181818055,,,,341.87
15.444,0.0007081818181818124,,,,341.87
15.448,0.0010581818181818294,,,,341.87
15.452,0.0013981818181818364,,,,341.87
15.456,0.0016481818181818088,,,,341.87
15.46,0.002078181818181795,,,,341.87
15.464,0.002418181818181802,,,,341.87
15.468,0.0028481818181818434,,,,341.87
15.472,0.0032781818181818294,,,,341.87
15.476,0.0036181818181818363,,,,341.87
15.48,0.003958181818181843,,,,341.87
15.484,0.004218181818181826,,,,341.87
15.488,0.004558181818181833,,,,341.87
15.492,0.004928181818181814,,,,341.87
15.496,0.005158181818181822,,,,341.87
15.5,0.0053581818181818,,,,341.87
15.504,0.005588181818181808,,,,341.88
15.508,0.0061181818181818386,,,,341.88
15.512,0.0064381818181818255,,,,341.88
15.516,0.0066381818181818035,,,,341.88
15.52,0.006948181818181836,,,,341.88
15.524,0.007238181818181793,,,,341.88
15.528,0.007378181818181822,,,,341.88
15.532,0.007658181818181824,,,,341.88
15.536,0.007808181818181808,,,,341.88
15.54,0.008178181818181845,,,,341.88
15.544,0.008238181818181794,,,,341.88
15.548,0.008428181818181817,,,,341.88
15.552,0.008658181818181825,,,,341.88
15.556,0.008948181818181838,,,,341.88
15.56,0.008998181818181832,,,,341.88
15.564,0.009288181818181845,,,,341.88
15.568,0.009418181818181808,,,,341.88
15.572,0.00970818181818182,,,,341.88
15.576,0.009768181818181825,,,,341.88
15.58,0.0097981818181818,,,,341.88
15.584,0.009768181818181825,,,,341.88
15.588,0.009888181818181834,,,,341.88
15.592,0.009848181818181794,,,,341.88
15.596,0.009968181818181803,,,,341.88
15.6,0.010108181818181832,,,,341.88
15.604,0.01033818181818184,,,,341.88
15.608,0.010538181818181818,,,,341.88
15.612,0.010598181818181823,,,,341.88
15.616,0.010618181818181843,,,,341.88
15.62,0.010598181818181823,,,,341.88
15.624,0.010618181818181843,,,,341.88
15.628,0.010678181818181792,,,,341.88
15.632,0.010618181818181843,,,,341.88
15.636,0.010598181818181823,,,,341.88
15.64,0.010538181818181818,,,,341.88
15.644,0.010678181818181792,,,,341.88
15.648,0.010628181818181797,,,,341.88
15.652,0.010678181818181792,,,,341.88
15.656,0.010538181818181818,,,,341.88
15.66,0.010598181818181823,,,,341.88
15.664,0.010368181818181815,,,,341.88
15.668,0.010248181818181806,,,,341.88
15.672,0.010198181818181811,,,,341.88
15.676,0.010248181818181806,,,,341.88
15.68,0.010118181818181842,,,,341.88
15.684,0.009908181818181799,,,,341.88
15.688,0.009858181818181804,,,,341.88
15.692,0.009738181818181795,,,,341.88
15.696,0.009428181818181818,,,,341.88
15.7,0.009478181818181813,,,,341.88
15.704,0.009258181818181815,,,,341.88
15.708,0.008798181818181799,,,,341.88
15.712,0.0085781818181818,,,,341.88
15.716,0.008538181818181816,,,,341.88
15.72,0.008238181818181794,,,,341.88
15.724,0.00819818181818181,,,,341.88
15.728,0.00806818181818179,,,,341.88
15.732,0.007858181818181802,,,,341.88
15.736,0.007718181818181829,,,,341.88
15.74,0.007518181818181795,,,,341.88
15.744,0.007298181818181797,,,,341.88
15.748,0.0069981818181818305,,,,341.88
15.752,0.006698181818181808,,,,341.88
15.756,0.006578181818181799,,,,341.88
15.76,0.0060981818181818186,,,,341.88
15.764,0.005638181818181803,,,,341.88
15.768,0.005328181818181826,,,,341.88
15.772,0.005298181818181796,,,,341.88
15.776,0.004818181818181815,,,,341.88
15.78,0.004388181818181829,,,,341.88
15.784,0.004128181818181791,,,,341.88
15.788,0.003958181818181843,,,,341.88
15.792,0.0036181818181818363,,,,341.88
15.796,0.0032781818181818294,,,,341.88
15.8,0.002768181818181819,,,,341.88
15.804,0.002338181818181833,,,,341.88
15.808,0.001998181818181826,,,,341.88
15.812,0.0017381818181818433,,,,341.88
15.816,0.0015681818181818399,,,,341.88
15.82,0.001228181818181833,,,,341.88
15.824,0.0007081818181818124,,,,341.88
15.828,0.0002881818181818365,,,,341.88
15.832,-0.00014181818181820496,,,,341.88
15.836,-0.0005718181818181909,,,,341.88
15.84,-0.0009118181818181979,,,,341.88
15.844,-0.0011718181818181803,,,,341.88
15.848,-0.0013418181818181838,,,,341.88
15.852,-0.0016818181818181908,,,,341.88
15.856,-0.0021118181818181765,,,,341.88
15.86,-0.002531818181818208,,,,341.88
15.864,-0.002961818181818194,,,,341.88
15.868,-0.003301818181818201,,,,341.88
15.872,-0.003731818181818187,,,,341.88
15.876,-0.004071818181818194,,,,341.88
15.88,-0.004411818181818201,,,,341.88
15.884,-0.004581818181818204,,,,341.88
15.888,-0.004931818181818166,,,,341.88
15.892,-0.005351818181818197,,,,341.88
15.896,-0.005871818181818162,,,,341.88
15.9,-0.00612181818181819,,,,341.88
15.904,-0.006211818181818169,,,,341.88
15.908,-0.006641818181818155,,,,341.88
15.912,-0.0070618181818181865,,,,341.88
15.916,-0.007411818181818203,,,,341.88
15.92,-0.007751818181818155,,,,341.88
15.924,-0.008001818181818183,,,,341.88
15.928,-0.008261818181818165,,,,341.88
15.932,-0.0083518181818182,,,,341.88
15.936,-0.008691818181818207,,,,341.88
15.94,-0.00894181818181818,,,,341.88
15.944,-0.009111818181818183,,,,341.88
15.948,-0.009371818181818165,,,,341.88
15.952,-0.009541818181818169,,,,341.88
15.956,-0.009801818181818207,,,,341.88
15.96,-0.009881818181818176,,,,341.88
15.964,-0.010141818181818158,,,,341.88
15.968,-0.010311818181818162,,,,341.88
15.972,-0.010401818181818196,,,,341.88
15.976,-0.010651818181818169,,,,341.88
15.98,-0.010741818181818203,,,,341.88
15.984,-0.010911818181818207,,,,341.88
15.988,-0.01108181818181821,,,,341.88
15.992,-0.01108181818181821,,,,341.88
15.996,-0.01108181818181821,,,,341.88
16.0,-0.01108181818181821,,,,341.88
16.004,-0.011171818181818189,,,,341.88
16.008,-0.011171818181818189,,,,341.88
16.012,-0.011171818181818189,,,,341.88
16.016,-0.01108181818181821,,,,341.88
16.02,-0.01108181818181821,,,,341.88
16.024,-0.011171818181818189,,,,341.88
16.028,-0.011171818181818189,,,,341.88
16.032,-0.01108181818181821,,,,341.88
16.036,-0.011171818181818189,,,,341.88
16.04,-0.010991818181818176,,,,341.88
16.044,-0.010741818181818203,,,,341.88
16.048,-0.010741818181818203,,,,341.88
16.052,-0.010741818181818203,,,,341.88
16.056,-0.010741818181818203,,,,341.88
16.06,-0.010481818181818165,,,,341.88
16.064,-0.010231818181818193,,,,341.88
16.068,-0.00997181818181821,,,,341.88
16.072,-0.009801818181818207,,,,341.88
16.076,-0.009541818181818169,,,,341.88
16.08,-0.0094618181818182,,,,341.88
16.084,-0.009201818181818162,,,,341.88
16.088,-0.009031818181818158,,,,341.88
16.092,-0.008861818181818155,,,,341.88
16.096,-0.008691818181818207,,,,341.88
16.1,-0.008431818181818169,,,,341.88
16.104,-0.008171818181818186,,,,341.88
16.108,-0.00783181818181818,,,,341.88
16.112,-0.007581818181818207,,,,341.88
16.116,-0.007411818181818203,,,,341.88
16.12,-0.0070618181818181865,,,,341.88
16.124,-0.006551818181818176,,,,341.88
16.128,-0.006211818181818169,,,,341.88
16.132,-0.006041818181818166,,,,341.88
16.136,-0.005781818181818183,,,,341.88
16.14,-0.005351818181818197,,,,341.88
16.144,-0.00501181818181819,,,,341.88
16.148,-0.004931818181818166,,,,341.88
16.152,-0.004581818181818204,,,,341.88
16.156,-0.004161818181818173,,,,341.88
16.16,-0.003731818181818187,,,,341.88
16.164,-0.0034718181818182044,,,,341.88
16.168,-0.003301818181818201,,,,341.88
16.172,-0.002961818181818194,,,,341.88
16.176,-0.0024518181818181835,,,,341.88
16.18,-0.0020218181818181975,,,,341.88
16.184,-0.0017618181818181598,,,,341.88
16.188,-0.0015918181818181563,,,,341.88
16.192,-0.0012518181818182048,,,,341.88
16.196,-0.0009118181818181979,,,,341.88
16.2,-0.0004018181818181874,,,,341.88
16.204,2.8181818181798523e-05,,,,341.88
16.208,0.000198181818181802,,,,341.88
16.212,0.00045818181818184,,,,341.88
16.216,0.0007981818181817914,,,,341.88
16.22,0.001228181818181833,,,,341.88
16.224,0.0014781818181818054,,,,341.88
16.228,0.0018281818181818223,,,,341.88
16.232,0.002078181818181795,,,,341.88
16.236,0.002418181818181802,,,,341.88
16.24,0.002768181818181819,,,,341.88
16.244,0.003188181818181795,,,,341.88
16.248,0.003538181818181812,,,,341.88
16.252,0.0037081818181818153,,,,341.88
16.256,0.004048181818181822,,,,341.88
16.26,0.004478181818181808,,,,341.88
16.264,0.004728181818181836,,,,341.88
16.268,0.00489818181818184,,,,341.88
16.272,0.005238181818181791,,,,341.88
16.276,0.005668181818181833,,,,341.88
16.28,0.005928181818181815,,,,341.88
16.284,0.006178181818181843,,,,341.88
16.288,0.0065281818181818045,,,,341.88
16.292,0.0067781818181818325,,,,341.88
16.296,0.006948181818181836,,,,341.88
16.3,0.0072081818181818184,,,,341.88
16.304,0.007378181818181822,,,,341.88
16.308,0.007808181818181808,,,,341.88
16.312,0.008148181818181815,,,,341.88
16.316,0.008238181818181794,,,,341.88
16.32,0.008488181818181822,,,,341.88
16.324,0.008828181818181829,,,,341.88
16.328,0.009088181818181811,,,,341.88
16.332,0.009348181818181794,,,,341.88
16.336,0.009428181818181818,,,,341.88
16.34,0.009598181818181822,,,,341.88
16.344,0.009858181818181804,,,,341.88
16.348,0.010198181818181811,,,,341.88
16.352,0.01028818181818179,,,,341.88
16.356,0.010198181818181811,,,,341.88
16.36,0.010198181818181811,,,,341.88
16.364,0.010198181818181811,,,,341.88
16.368,0.010198181818181811,,,,341.88
16.372,0.01028818181818179,,,,341.88
16.376,0.010538181818181818,,,,341.88
16.38,0.010628181818181797,,,,341.88
16.384,0.010628181818181797,,,,341.88
16.388,0.010708181818181822,,,,341.88
16.392,0.010708181818181822,,,,341.88
16.396,0.010708181818181822,,,,341.88
16.4,0.010968181818181804,,,,341.88
16.404,0.010968181818181804,,,,341.88
16.408,0.010968181818181804,,,,341.88
16.412,0.010968181818181804,,,,341.88
16.416,0.010968181818181804,,,,341.88
16.42,0.010968181818181804,,,,341.88
16.424,0.010968181818181804,,,,341.88
16.428,0.010968181818181804,,,,341.88
16.432,0.010968181818181804,,,,341.88
16.436,0.010968181818181804,,,,341.88
16.44,0.010888181818181835,,,,341.88
16.444,0.010708181818181822,,,,341.88
16.448,0.010538181818181818,,,,341.88
16.452,0.010458181818181794,,,,341.88
16.456,0.01028818181818179,,,,341.88
16.46,0.010198181818181811,,,,341.88
16.464,0.009948181818181839,,,,341.88
16.468,0.009858181818181804,,,,341.88
16.472,0.009768181818181825,,,,341.88
16.476,0.009428181818181818,,,,341.88
16.48,0.009088181818181811,,,,341.88
16.484,0.008748181818181804,,,,341.88
16.488,0.008658181818181825,,,,341.88
16.492,0.0085781818181818,,,,341.88
16.496,0.008148181818181815,,,,341.88
16.5,0.007808181818181808,,,,341.88
16.504,0.007638181818181804,,,,341.88
16.508,0.007298181818181797,,,,341.88
16.512,0.007038181818181815,,,,341.88
16.516,0.0068681818181818115,,,,341.88
16.52,0.0065281818181818045,,,,341.88
16.524,0.0060981818181818186,,,,341.88
16.528,0.005838181818181836,,,,341.88
16.532,0.005668181818181833,,,,341.88
16.536,0.005328181818181826,,,,341.88
16.54,0.004988181818181819,,,,341.88
16.544,0.004478181818181808,,,,341.88
16.548,0.004048181818181822,,,,341.88
16.552,0.00378818181818184,,,,341.88
16.556,0.003538181818181812,,,,341.88
16.56,0.003188181818181795,,,,341.88
16.564,0.0028481818181818434,,,,341.88
16.568,0.0025081818181818365,,,,341.88
16.572,0.002078181818181795,,,,341.88
16.576,0.0015681818181818399,,,,341.88
16.58,0.001228181818181833,,,,341.88
16.584,0.0010581818181818294,,,,341.88
16.588,0.0007081818181818124,,,,341.88
16.592,0.0002881818181818365,,,,341.88
16.596,-5.181818181817046e-05,,,,341.88
16.6,-0.0004818181818181564,,,,341.88
16.604,-0.0009118181818181979,,,,341.88
16.608,-0.0013418181818181838,,,,341.88
16.612,-0.0016818181818181908,,,,341.88
16.616,-0.0018518181818181943,,,,341.88
16.62,-0.002191818181818201,,,,341.88
16.624,-0.002531818181818208,,,,341.88
16.628,-0.0028818181818181694,,,,341.88
16.632,-0.00339181818181818,,,,341.88
16.636,-0.003731818181818187,,,,341.88
16.64,-0.0039018181818181903,,,,341.88
16.644,-0.004241818181818197,,,,341.88
16.648,-0.004671818181818183,,,,341.88
16.652,-0.00501181818181819,,,,341.88
16.656,-0.005271818181818173,,,,341.88
16.66,-0.005441818181818176,,,,341.88
16.664,-0.005781818181818183,,,,341.88
16.668,-0.006211818181818169,,,,341.88
16.672,-0.006461818181818197,,,,341.88
16.676,-0.0067218181818181795,,,,341.88
16.68,-0.006981818181818162,,,,341.88
16.684,-0.0070618181818181865,,,,341.88
16.688,-0.007411818181818203,,,,341.88
16.692,-0.00783181818181818,,,,341.88
16.696,-0.008171818181818186,,,,341.88
16.7,-0.0083518181818182,,,,341.88
16.704,-0.008601818181818172,,,,341.88
16.708,-0.008861818181818155,,,,341.88
16.712,-0.009111818181818183,,,,341.88
16.716,-0.009111818181818183,,,,341.88
16.72,-0.009111818181818183,,,,341.88
16.724,-0.009371818181818165,,,,341.88
16.728,-0.009541818181818169,,,,341.88
16.732,-0.009801818181818207,,,,341.88
16.736,-0.009801818181818207,,,,341.88
16.74,-0.00997181818181821,,,,341.88
16.744,-0.010231818181818193,,,,341.88
16.748,-0.010311818181818162,,,,341.88
16.752,-0.010311818181818162,,,,341.88
16.756,-0.010481818181818165,,,,341.88
16.76,-0.010741818181818203,,,,341.88
16.764,-0.010741818181818203,,,,341.88
16.768,-0.010741818181818203,,,,341.88
16.772,-0.010741818181818203,,,,341.88
16.776,-0.010741818181818203,,,,341.88
16.78,-0.010821818181818172,,,,341.88
16.784,-0.010741818181818203,,,,341.88
16.788,-0.010741818181818203,,,,341.88
16.792,-0.010821818181818172,,,,341.88
16.796,-0.010741818181818203,,,,341.88
16.8,-0.010741818181818203,,,,341.88
16.804,-0.010741818181818203,,,,341.88
16.808,-0.010651818181818169,,,,341.88
16.812,-0.010401818181818196,,,,341.88
16.816,-0.010401818181818196,,,,341.88
16.82,-0.010401818181818196,,,,341.88
16.824,-0.010231818181818193,,,,341.88
16.828,-0.00997181818181821,,,,341.88
16.832,-0.009881818181818176,,,,341.88
16.836,-0.009881818181818176,,,,341.88
16.84,-0.009631818181818203,,,,341.88
16.844,-0.009371818181818165,,,,341.88
16.848,-0.009111818181818183,,,,341.88
16.852,-0.009111818181818183,,,,341.88
16.856,-0.009031818181818158,,,,341.88
16.86,-0.008691818181818207,,,,341.88
16.864,-0.008521818181818203,,,,341.88
16.868,-0.008521818181818203,,,,341.88
16.872,-0.008001818181818183,,,,341.88
16.876,-0.007751818181818155,,,,341.88
16.88,-0.007491818181818172,,,,341.88
16.884,-0.007321818181818169,,,,341.88
16.888,-0.006981818181818162,,,,341.88
16.892,-0.0068118181818181585,,,,341.88
16.896,-0.006551818181818176,,,,341.88
16.9,-0.006211818181818169,,,,341.88
16.904,-0.005781818181818183,,,,341.88
16.908,-0.005521818181818201,,,,341.88
16.912,-0.005271818181818173,,,,341.88
16.916,-0.004931818181818166,,,,341.88
16.92,-0.004671818181818183,,,,341.88
16.924,-0.004581818181818204,,,,341.88
16.928,-0.004161818181818173,,,,341.88
16.932,-0.003731818181818187,,,,341.88
16.936,-0.0034718181818182044,,,,341.88
16.94,-0.003301818181818201,,,,341.88
16.944,-0.002961818181818194,,,,341.88
16.948,-0.002621818181818187,,,,341.88
16.952,-0.00228181818181818,,,,341.88
16.956,-0.0020218181818181975,,,,341.88
16.96,-0.0016818181818181908,,,,341.88
16.964,-0.0013418181818181838,,,,341.88
16.968,-0.0009118181818181979,,,,341.88
16.972,-0.0005718181818181909,,,,341.88
16.976,-0.0004018181818181874,,,,341.88
16.98,-5.181818181817046e-05,,,,341.88
16.984,0.0002881818181818365,,,,341.88
16.988,0.0007981818181817914,,,,341.88
16.992,0.001228181818181833,,,,341.88
16.996,0.0014781818181818054,,,,341.88
17.0,0.0016481818181818088,,,,341.88
17.004,0.001998181818181826,,,,341.88
17.008,0.0025081818181818365,,,,341.88
17.012,0.0029381818181818224,,,,341.88
17.016,0.003188181818181795,,,,341.88
17.02,0.0033581818181817984,,,,341.88
17.024,0.0037081818181818153,,,,341.88
17.028,0.004048181818181822,,,,341.88
17.032,0.004478181818181808,,,,341.88
17.036,0.004818181818181815,,,,341.88
17.04,0.004988181818181819,,,,341.88
17.044,0.005238181818181791,,,,341.88
17.048,0.005758181818181812,,,,341.88
17.052,0.0060981818181818186,,,,341.88
17.056,0.006178181818181843,,,,341.88
17.06,0.0064381818181818255,,,,341.88
17.064,0.006948181818181836,,,,341.88
17.068,0.007298181818181797,,,,341.88
17.072,0.007468181818181801,,,,341.88
17.076,0.007808181818181808,,,,341.88
17.08,0.00806818181818179,,,,341.88
17.084,0.008238181818181794,,,,341.88
17.088,0.008488181818181822,,,,341.88
17.092,0.0085781818181818,,,,341.88
17.096,0.008918181818181808,,,,341.88
17.1,0.009258181818181815,,,,341.88
17.104,0.009518181818181797,,,,341.88
17.108,0.0096881818181818,,,,341.88
17.112,0.009768181818181825,,,,341.88
17.116,0.010028181818181808,,,,341.88
17.12,0.010198181818181811,,,,341.88
17.124,0.010368181818181815,0.0010256971237148876,,,341.88
17.128,0.010538181818181818,0.001455697123714929,,,341.88
17.132,0.010538181818181818,0.0017056971237149015,,,341.88
17.136,0.010708181818181822,0.0019656971237149395,,,341.88
17.14,0.010968181818181804,0.002305697123714891,,,341.88
17.144,0.010968181818181804,0.002565697123714929,,,341.88
17.148,0.011058181818181839,0.002995697123714915,,,341.88
17.152,0.011138181818181807,0.003335697123714922,,,341.88
17.156,0.011058181818181839,0.0035856971237148943,,,341.88
17.16,0.011058181818181839,0.003935697123714911,,,341.88
17.164,0.011058181818181839,0.004275697123714918,,,341.88
17.168,0.011058181818181839,0.00452569712371489,,,341.88
17.172,0.011058181818181839,0.004705697123714904,,,341.88
17.176,0.011058181818181839,0.005045697123714911,,,341.88
17.18,0.011058181818181839,0.005465697123714887,,,341.88
17.184,0.011138181818181807,0.005815697123714904,,,341.88
17.188,0.011308181818181811,0.005985697123714907,,,341.88
17.192,0.011478181818181814,0.006235697123714935,,,341.88
17.196,0.011478181818181814,0.006405697123714939,,,341.88
17.2,0.01139818181818179,0.0067556971237149,,,341.88
17.204,0.011138181818181807,0.007005697123714928,,,341.88
17.208,0.011138181818181807,0.0072656971237149105,,,341.88
17.212,0.010968181818181804,0.007435697123714914,,,341.88
17.216,0.010708181818181822,0.007435697123714914,,,341.88
17.22,0.010628181818181797,0.0076956971237148964,,,341.88
17.224,0.010368181818181815,0.007775697123714921,,,341.88
17.228,0.010028181818181808,0.008115697123714929,,,341.88
17.232,0.010028181818181808,0.008205697123714908,,,341.88
17.236,0.009768181818181825,0.008715697123714918,,,341.88
17.24,0.0096881818181818,0.008805697123714897,,,341.88
17.244,0.009428181818181818,0.0089756971237149,,,341.88
17.248,0.009258181818181815,0.009145697123714904,,,341.88
17.252,0.009008181818181842,0.009405697123714887,,,341.88
17.256,0.008918181818181808,0.00957569712371489,,,341.88
17.26,0.0085781818181818,0.00957569712371489,,,341.88
17.264,0.008148181818181815,0.009655697123714915,,,341.88
17.268,0.007888181818181832,0.009655697123714915,,,341.88
17.272,0.007718181818181829,0.009655697123714915,,,341.88
17.276,0.007378181818181822,0.00957569712371489,,,341.88
17.28,0.007038181818181815,0.00957569712371489,,,341.88
17.284,0.0068681818181818115,0.00957569712371489,,,341.88
17.288,0.0065281818181818045,0.009655697123714915,,,341.88
17.292,0.006178181818181843,0.009745697123714894,,,341.88
17.296,0.005668181818181833,0.009995697123714922,,,341.88
17.3,0.005238181818181791,0.009995697123714922,,,341.88
17.304,0.00489818181818184,0.009995697123714922,,,341.88
17.308,0.004558181818181833,0.009995697123714922,,,341.88
17.312,0.004298181818181795,0.009915697123714897,,,341.88
17.316,0.003958181818181843,0.009745697123714894,,,341.88
17.32,0.0036181818181818363,0.009745697123714894,,,341.88
17.324,0.0032781818181818294,0.009825697123714918,,,341.88
17.328,0.0028481818181818434,0.009915697123714897,,,341.88
17.332,0.002418181818181802,0.009995697123714922,,,341.88
17.336,0.002078181818181795,0.009995697123714922,,,341.88
17.34,0.0019081818181817913,0.009995697123714922,,,341.88
17.344,0.0015681818181818399,0.009915697123714897,,,341.88
17.348,0.001228181818181833,0.009745697123714894,,,341.88
17.352,0.0007981818181817914,0.009655697123714915,,,341.88
17.356,0.0003681818181818055,0.009485697123714911,,,341.88
17.36,-5.181818181817046e-05,0.009235697123714939,,,341.88
17.364,-0.0004818181818181564,0.009235697123714939,,,341.88
17.368,-0.0008218181818181634,0.009145697123714904,,,341.88
17.372,-0.0009918181818181669,0.008885697123714922,,,341.88
17.376,-0.0013418181818181838,0.008885697123714922,,,341.88
17.38,-0.0016818181818181908,0.008715697123714918,,,341.88
17.384,-0.0020218181818181975,0.00846569712371489,,,341.88
17.388,-0.0023618181818182045,0.008375697123714911,,,341.88
17.392,-0.002621818181818187,0.008295697123714887,,,341.88
17.396,-0.002961818181818194,0.008035697123714904,,,341.88
17.4,-0.003301818181818201,0.007945697123714925,,,341.88
17.404,-0.003641818181818208,0.0076956971237148964,,,341.88
17.408,-0.003991818181818169,0.007525697123714893,,,341.88
17.412,-0.004241818181818197,0.0072656971237149105,,,341.88
17.416,-0.004581818181818204,0.007095697123714907,,,341.88
17.42,-0.004931818181818166,0.0068356971237149245,,,341.88
17.424,-0.005271818181818173,0.0067556971237149,,,341.88
17.428,-0.005441818181818176,0.006495697123714918,,,341.88
17.432,-0.005781818181818183,0.006235697123714935,,,341.88
17.436,-0.006041818181818166,0.005895697123714928,,,341.88
17.44,-0.006211818181818169,0.005815697123714904,,,341.88
17.444,-0.006551818181818176,0.005555697123714921,,,341.88
17.448,-0.0068118181818181585,0.005465697123714887,,,341.88
17.452,-0.0070618181818181865,0.005215697123714914,,,341.88
17.456,-0.007321818181818169,0.005045697123714911,,,341.88
17.46,-0.007411818181818203,0.004705697123714904,,,341.88
17.464,-0.00783181818181818,0.004355697123714887,,,341.88
17.468,-0.008261818181818165,0.004105697123714914,,,341.88
17.472,-0.008431818181818169,0.003765697123714908,,,341.88
17.476,-0.008431818181818169,0.0035056971237149253,,,341.88
17.48,-0.008691818181818207,0.003415697123714891,,,341.88
17.484,-0.008861818181818155,0.0030756971237149394,,,341.88
17.488,-0.009031818181818158,0.0027356971237149324,,,341.88
17.492,-0.009111818181818183,0.0023956971237149255,,,341.88
17.496,-0.009371818181818165,0.0021356971237148875,,,341.88
17.5,-0.0094618181818182,0.001795697123714936,,,341.88
17.504,-0.009631818181818203,0.001455697123714929,,,341.88
17.508,-0.009881818181818176,0.0012856971237149256,,,341.88
17.512,-0.009881818181818176,0.0009356971237149085,,,341.88
17.516,-0.009881818181818176,0.0005156971237149326,,,341.88
17.52,-0.009881818181818176,0.0002556971237148946,,,341.88
17.524,-0.010051818181818179,-8.430287628511236e-05,,,341.88
17.528,-0.010231818181818193,-0.00025430287628506033,,,341.88
17.532,-0.010231818181818193,-0.0005943028762850673,,,341.88
17.536,-0.010311818181818162,-0.0009443028762850843,,,341.88
17.54,-0.010311818181818162,-0.0011143028762850876,,,341.88
17.544,-0.010311818181818162,-0.0014543028762850946,,,341.88
17.548,-0.010231818181818193,-0.001964302876285105,,,341.88
17.552,-0.010231818181818193,-0.002394302876285091,,,341.88
17.556,-0.010311818181818162,-0.002734302876285098,,,341.88
17.56,-0.010311818181818162,-0.0029943028762850804,,,341.88
17.564,-0.010311818181818162,-0.003164302876285084,,,341.88
17.568,-0.010311818181818162,-0.003504302876285091,,,341.88
17.572,-0.010311818181818162,-0.003934302876285077,,,341.88
17.576,-0.010311818181818162,-0.004184302876285105,,,341.88
17.58,-0.010311818181818162,-0.004354302876285109,,,341.88
17.584,-0.010231818181818193,-0.00470430287628507,,,341.88
17.588,-0.00997181818181821,-0.005124302876285102,,,341.88
17.592,-0.00997181818181821,-0.005384302876285084,,,341.88
17.596,-0.00997181818181821,-0.005554302876285088,,,341.88
17.6,-0.009801818181818207,-0.0058943028762850945,,,341.88
17.604,-0.009541818181818169,-0.0062343028762851015,,,341.88
17.608,-0.009541818181818169,-0.006494302876285084,,,341.88
17.612,-0.0094618181818182,-0.006834302876285091,,,341.88
17.616,-0.009201818181818162,-0.007184302876285108,,,341.88
17.62,-0.00894181818181818,-0.00743430287628508,,,341.88
17.624,-0.008771818181818176,-0.007694302876285063,,,341.88
17.628,-0.008691818181818207,-0.00794430287628509,,,341.88
17.632,-0.008521818181818203,-0.008124302876285103,,,341.88
17.636,-0.008431818181818169,-0.00846430287628511,,,341.88
17.64,-0.008091818181818162,-0.008714302876285083,,,341.88
17.644,-0.008171818181818186,-0.008884302876285086,,,341.88
17.648,-0.007921818181818158,-0.009144302876285069,,,341.88
17.652,-0.007491818181818172,-0.009314302876285072,,,341.88
17.656,-0.0071518181818181654,-0.00957430287628511,,,341.88
17.66,-0.006891818181818183,-0.00965430287628508,,,341.88
17.664,-0.006551818181818176,-0.009744302876285114,,,341.88
17.668,-0.0062918181818181936,-0.010084302876285065,,,341.88
17.672,-0.00612181818181819,-0.0101743028762851,,,341.88
17.676,-0.005781818181818183,-0.010254302876285069,,,341.88
17.68,-0.005521818181818201,-0.010514302876285107,,,341.88
17.684,-0.005351818181818197,-0.010514302876285107,,,341.88
17.688,-0.00501181818181819,-0.010514302876285107,,,341.88
17.692,-0.004671818181818183,-0.010594302876285076,,,341.88
17.696,-0.00450181818181818,-0.010764302876285079,,,341.88
17.7,-0.004161818181818173,-0.010764302876285079,,,341.88
17.704,-0.0039018181818181903,-0.010854302876285114,,,341.88
17.708,-0.003641818181818208,-0.010944302876285093,,,341.88
17.712,-0.003301818181818201,-0.010944302876285093,,,341.88
17.716,-0.0028818181818181694,-0.010944302876285093,,,341.88
17.72,-0.002621818181818187,-0.010944302876285093,,,341.88
17.724,-0.0024518181818181835,-0.010854302876285114,,,341.88
17.728,-0.0021118181818181765,-0.010854302876285114,,,341.88
17.732,-0.0015918181818181563,-0.010594302876285076,,,341.88
17.736,-0.0011718181818181803,-0.010514302876285107,,,341.88
17.74,-0.0009118181818181979,-0.010594302876285076,,,341.88
17.744,-0.0008218181818181634,-0.01068430287628511,,,341.88
17.748,-0.0004818181818181564,-0.010424302876285072,,,341.88
17.752,-0.00014181818181820496,-0.010084302876285065,,,341.88
17.756,0.0002881818181818365,-0.010084302876285065,,,341.88
17.76,0.0006281818181818435,-0.010004302876285096,,,341.88
17.764,0.0008881818181818259,-0.009744302876285114,,,341.88
17.768,0.001228181818181833,-0.00965430287628508,,,341.88
17.772,0.0016481818181818088,-0.009404302876285107,,,341.88
17.776,0.002078181818181795,-0.009234302876285103,,,341.88
17.78,0.0022481818181817985,-0.008974302876285065,,,341.88
17.784,0.002418181818181802,-0.008804302876285062,,,341.88
17.788,0.0028481818181818434,-0.008714302876285083,,,341.88
17.792,0.0032781818181818294,-0.008634302876285058,,,341.88
17.796,0.0036181818181818363,-0.00846430287628511,,,341.88
17.8,0.003958181818181843,-0.008034302876285069,,,341.88
17.804,0.004298181818181795,-0.007694302876285063,,,341.88
17.808,0.004558181818181833,-0.00743430287628508,,,341.88
17.812,0.00489818181818184,-0.007094302876285073,,,341.88
17.816,0.005238181818181791,-0.006834302876285091,,,341.88
17.82,0.005758181818181812,-0.006754302876285066,,,341.88
17.824,0.0060981818181818186,-0.0064143028762850595,,,341.88
17.828,0.006268181818181822,-0.006154302876285077,,,341.88
17.832,0.0065281818181818045,-0.0058943028762850945,,,341.88
17.836,0.0068681818181818115,-0.005554302876285088,,,341.88
17.84,0.0072081818181818184,-0.005124302876285102,,,341.88
17.844,0.007468181818181801,-0.00470430287628507,,,341.88
17.848,0.007808181818181808,-0.004354302876285109,,,341.88
17.852,0.008238181818181794,-0.004104302876285081,,,341.88
17.856,0.008488181818181822,-0.003844302876285098,,,341.88
17.86,0.008658181818181825,-0.003504302876285091,,,341.88
17.864,0.009008181818181842,-0.003074302876285105,,,341.88
17.868,0.009258181818181815,-0.0026543028762850735,,,341.88
17.872,0.009428181818181818,-0.002394302876285091,,,341.88
17.876,0.0096881818181818,-0.001964302876285105,,,341.88
17.88,0.009948181818181839,-0.001624302876285098,,,341.88
17.884,0.010198181818181811,-0.00136430287628506,,,341.88
17.888,0.01028818181818179,-0.0010243028762851086,,,341.88
17.892,0.010458181818181794,-0.0005943028762850673,,,341.88
17.896,0.010628181818181797,-0.00025430287628506033,,,341.88
17.9,0.010888181818181835,8.569712371489112e-05,,,341.88
17.904,0.011058181818181839,0.0005156971237149326,,,341.88
17.908,0.011058181818181839,0.0009356971237149085,,,341.88
17.912,0.011058181818181839,0.0013656971237148946,,,341.88
17.916,0.011058181818181839,0.001795697123714936,,,341.88
17.92,0.011138181818181807,0.002225697123714922,,,341.88
17.924,0.011308181818181811,0.002645697123714898,,,341.88
17.928,0.011308181818181811,0.002995697123714915,,,341.88
17.932,0.01139818181818179,0.0032456971237148874,,,341.88
17.936,0.011478181818181814,0.0035056971237149253,,,341.88
17.94,0.011568181818181793,0.003935697123714911,,,341.88
17.944,0.011568181818181793,0.004355697123714887,,,341.88
17.948,0.011568181818181793,0.004705697123714904,,,341.88
17.952,0.011648181818181818,0.005125697123714935,,,341.88
17.956,0.011648181818181818,0.005465697123714887,,,341.88
17.96,0.011478181818181814,0.005555697123714921,,,341.88
17.964,0.011478181818181814,0.005895697123714928,,,341.88
17.968,0.01139818181818179,0.006325697123714914,,,341.88
17.972,0.01139818181818179,0.0067556971237149,,,341.88
17.976,0.011138181818181807,0.007005697123714928,,,341.88
17.98,0.011058181818181839,0.0071756971237149315,,,341.88
17.984,0.010968181818181804,0.007525697123714893,,,341.88
17.988,0.010708181818181822,0.0078656971237149,,,341.88
17.992,0.010708181818181822,0.008115697123714929,,,341.88
17.996,0.010538181818181818,0.00846569712371489,,,341.88
18.0,0.010198181818181811,0.008715697123714918,,,341.88
18.004,0.009948181818181839,0.008885697123714922,,,341.88
18.008,0.0096881818181818,0.009145697123714904,,,341.88
18.012,0.009428181818181818,0.009235697123714939,,,341.88
18.016,0.009348181818181794,0.009485697123714911,,,341.88
18.02,0.009008181818181842,0.00957569712371489,,,341.88
18.024,0.008658181818181825,0.009655697123714915,,,341.88
18.028,0.008488181818181822,0.009655697123714915,,,341.88
18.032,0.008148181818181815,0.009745697123714894,,,341.88
18.036,0.007638181818181804,0.009915697123714897,,,341.88
18.04,0.007378181818181822,0.009995697123714922,,,341.88
18.044,0.007298181818181797,0.009995697123714922,,,341.88
18.048,0.006948181818181836,0.0100856971237149,,,341.88
18.052,0.0065281818181818045,0.010345697123714939,,,341.88
18.056,0.006178181818181843,0.010515697123714886,,,341.88
18.06,0.00600818181818184,0.010515697123714886,,,341.88
18.064,0.005668181818181833,0.010425697123714908,,,341.88
18.068,0.005328181818181826,0.010515697123714886,,,341.88
18.072,0.004988181818181819,0.010595697123714911,,,341.88
18.076,0.004478181818181808,0.010765697123714914,,,341.88
18.08,0.004128181818181791,0.010855697123714893,,,341.88
18.084,0.004048181818181822,0.010855697123714893,,,341.88
18.088,0.0036181818181818363,0.010855697123714893,,,341.88
18.092,0.003188181818181795,0.010855697123714893,,,341.88
18.096,0.0028481818181818434,0.010765697123714914,,,341.88
18.1,0.0025881818181818055,0.010855697123714893,,,341.88
18.104,0.002418181818181802,0.010855697123714893,,,341.88
18.108,0.002078181818181795,0.010855697123714893,,,341.88
18.112,0.0016481818181818088,0.010855697123714893,,,341.88
18.116,0.001228181818181833,0.01068569712371489,,,341.88
18.12,0.0007981818181817914,0.010515697123714886,,,341.88
18.124,0.000538181818181809,0.010345697123714939,,,341.88
18.128,0.0002881818181818365,0.0100856971237149,,,341.88
18.132,-5.181818181817046e-05,0.009995697123714922,,,341.88
18.136,-0.0004018181818181874,0.009745697123714894,,,341.88
18.14,-0.0007418181818181944,0.009655697123714915,,,341.88
18.144,-0.0009918181818181669,0.009485697123714911,,,341.88
18.148,-0.0013418181818181838,0.009235697123714939,,,341.88
18.152,-0.0016818181818181908,0.009235697123714939,,,341.88
18.156,-0.0021118181818181765,0.009145697123714904,,,341.88
18.16,-0.0023618181818182045,0.008885697123714922,,,341.88
18.164,-0.002621818181818187,0.008805697123714897,,,341.88
18.168,-0.002961818181818194,0.008545697123714915,,,341.88
18.172,-0.003301818181818201,0.00846569712371489,,,341.88
18.176,-0.003641818181818208,0.008115697123714929,,,341.88
18.18,-0.003821818181818166,0.007775697123714921,,,341.88
18.184,-0.004071818181818194,0.0078656971237149,,,341.88
18.188,-0.004411818181818201,0.0076956971237148964,,,341.88
18.192,-0.004581818181818204,0.007525697123714893,,,341.88
18.196,-0.004931818181818166,0.007095697123714907,,,341.88
18.2,-0.005441818181818176,0.0067556971237149,,,341.88
18.204,-0.005781818181818183,0.006665697123714921,,,341.88
18.208,-0.005871818181818162,0.006325697123714914,,,341.88
18.212,-0.00612181818181819,0.006065697123714932,,,341.88
18.216,-0.006461818181818197,0.005895697123714928,,,341.88
18.22,-0.0067218181818181795,0.005555697123714921,,,341.88
18.224,-0.006981818181818162,0.005045697123714911,,,341.88
18.228,-0.0071518181818181654,0.004615697123714925,,,341.88
18.232,-0.007491818181818172,0.004355697123714887,,,341.88
18.236,-0.00783181818181818,0.004185697123714939,,,341.88
18.24,-0.00783181818181818,0.0038456971237149323,,,341.88
18.244,-0.007921818181818158,0.0035056971237149253,,,341.88
18.248,-0.008171818181818186,0.0030756971237149394,,,341.88
18.252,-0.008521818181818203,0.002645697123714898,,,341.88
18.256,-0.008771818181818176,0.002305697123714891,,,341.88
18.26,-0.009031818181818158,0.0021356971237148875,,,341.88
18.264,-0.009111818181818183,0.001795697123714936,,,341.88
18.268,-0.009111818181818183,0.001455697123714929,,,341.88
18.272,-0.009371818181818165,0.0009356971237149085,,,341.88
18.276,-0.0094618181818182,0.0005156971237149326,,,341.88
18.28,-0.009631818181818203,0.00017569712371492561,,,341.88
18.284,-0.009881818181818176,-0.00025430287628506033,,,341.88
18.288,-0.009881818181818176,-0.0005943028762850673,,,341.88
18.292,-0.009881818181818176,-0.0007643028762850708,,,341.88
18.296,-0.00997181818181821,-0.0011143028762850876,,,341.88
18.3,-0.010231818181818193,-0.0014543028762850946,,,341.88
18.304,-0.010311818181818162,-0.001964302876285105,,,341.88
18.308,-0.010401818181818196,-0.002394302876285091,,,341.88
18.312,-0.010481818181818165,-0.0026543028762850735,,,341.88
18.316,-0.010651818181818169,-0.002824302876285077,,,341.88
18.32,-0.010651818181818169,-0.003164302876285084,,,341.88
18.324,-0.010651818181818169,-0.003504302876285091,,,341.88
18.328,-0.010651818181818169,-0.003934302876285077,,,341.88
18.332,-0.010651818181818169,-0.004354302876285109,,,341.88
18.336,-0.010651818181818169,-0.00470430287628507,,,341.88
18.34,-0.010651818181818169,-0.004874302876285074,,,341.88
18.344,-0.010741818181818203,-0.005214302876285081,,,341.88
18.348,-0.010741818181818203,-0.005554302876285088,,,341.88
18.352,-0.010481818181818165,-0.0058943028762850945,,,341.88
18.356,-0.010401818181818196,-0.006064302876285098,,,341.88
18.36,-0.010401818181818196,-0.0064143028762850595,,,341.88
18.364,-0.010401818181818196,-0.0066643028762850874,,,341.88
18.368,-0.010311818181818162,-0.00692430287628507,,,341.88
18.372,-0.010051818181818179,-0.007264302876285077,,,341.88
18.376,-0.009881818181818176,-0.007524302876285059,,,341.88
18.38,-0.009801818181818207,-0.007694302876285063,,,341.88
18.384,-0.009541818181818169,-0.008124302876285103,,,341.88
18.388,-0.009371818181818165,-0.00846430287628511,,,341.88
18.392,-0.009111818181818183,-0.00854430287628508,,,341.88
18.396,-0.009031818181818158,-0.008804302876285062,,,341.88
18.4,-0.00894181818181818,-0.008884302876285086,,,341.88
18.404,-0.008691818181818207,-0.009144302876285069,,,341.88
18.408,-0.008691818181818207,-0.009314302876285072,,,341.88
18.412,-0.008521818181818203,-0.00957430287628511,,,341.88
18.416,-0.008171818181818186,-0.00965430287628508,,,341.88
18.42,-0.00783181818181818,-0.009824302876285083,,,341.88
18.424,-0.007581818181818207,-0.010084302876285065,,,341.88
18.428,-0.007411818181818203,-0.010084302876285065,,,341.88
18.432,-0.0070618181818181865,-0.010084302876285065,,,341.88
18.436,-0.0067218181818181795,-0.0101743028762851,,,341.88
18.44,-0.006551818181818176,-0.010424302876285072,,,341.88
18.444,-0.0062918181818181936,-0.010424302876285072,,,341.88
18.448,-0.00612181818181819,-0.010424302876285072,,,341.88
18.452,-0.005781818181818183,-0.010424302876285072,,,341.88
18.456,-0.005441818181818176,-0.010424302876285072,,,341.88
18.46,-0.005181818181818194,-0.010514302876285107,,,341.88
18.464,-0.004931818181818166,-0.010594302876285076,,,341.88
18.468,-0.004581818181818204,-0.010594302876285076,,,341.88
18.472,-0.004161818181818173,-0.01068430287628511,,,341.88
18.476,-0.003821818181818166,-0.010854302876285114,,,341.88
18.48,-0.003731818181818187,-0.010764302876285079,,,341.88
18.484,-0.003301818181818201,-0.010514302876285107,,,341.88
18.488,-0.0028818181818181694,-0.010514302876285107,,,341.88
18.492,-0.0024518181818181835,-0.010344302876285103,,,341.88
18.496,-0.0021118181818181765,-0.010084302876285065,,,341.88
18.5,-0.0020218181818181975,-0.010084302876285065,,,341.88
18.504,-0.0016818181818181908,-0.010084302876285065,,,341.88
18.508,-0.0013418181818181838,-0.009914302876285062,,,341.88
18.512,-0.0009918181818181669,-0.00965430287628508,,,341.88
18.516,-0.0005718181818181909,-0.00965430287628508,,,341.88
18.52,-5.181818181817046e-05,-0.009484302876285076,,,341.88
18.524,0.0002881818181818365,-0.009234302876285103,,,341.88
18.528,0.00045818181818184,-0.009144302876285069,,,341.88
18.532,0.0007981818181817914,-0.008884302876285086,,,341.88
18.536,0.0011381818181817984,-0.008804302876285062,,,341.88
18.54,0.0015681818181818399,-0.00854430287628508,,,341.88
18.544,0.001998181818181826,-0.008294302876285107,,,341.88
18.548,0.002418181818181802,-0.008034302876285069,,,341.88
18.552,0.002768181818181819,-0.00794430287628509,,,341.88
18.556,0.0030181818181817914,-0.007774302876285087,,,341.88
18.56,0.0032781818181818294,-0.007604302876285084,,,341.88
18.564,0.0036181818181818363,-0.007354302876285111,,,341.88
18.568,0.004048181818181822,-0.007094302876285073,,,341.88
18.572,0.004478181818181808,-0.006754302876285066,,,341.88
18.576,0.00489818181818184,-0.006494302876285084,,,341.88
18.58,0.005328181818181826,-0.0064143028762850595,,,341.88
18.584,0.005588181818181808,-0.0059843028762850735,,,341.88
18.588,0.005758181818181812,-0.0056443028762850666,,,341.88
18.592,0.0060981818181818186,-0.005474302876285063,,,341.88
18.596,0.0065281818181818045,-0.005124302876285102,,,341.88
18.6,0.006948181818181836,-0.004784302876285095,,,341.88
18.604,0.007298181818181797,-0.00470430287628507,,,341.88
18.608,0.007468181818181801,-0.004354302876285109,,,341.88
18.612,0.007808181818181808,-0.003934302876285077,,,341.88
18.616,0.008148181818181815,-0.003504302876285091,,,341.88
18.62,0.008488181818181822,-0.0032443028762851084,,,341.88
18.624,0.0085781818181818,-0.0029943028762850804,,,341.88
18.628,0.008918181818181808,-0.0026543028762850735,,,341.88
18.632,0.009258181818181815,-0.002394302876285091,,,341.88
18.636,0.009518181818181797,-0.002054302876285084,,,341.88
18.64,0.009858181818181804,-0.0017943028762851016,,,341.88
18.644,0.010118181818181842,-0.0014543028762850946,,,341.88
18.648,0.010118181818181842,-0.0010243028762851086,,,341.88
18.652,0.01028818181818179,-0.0005943028762850673,,,341.88
18.656,0.010538181818181818,-0.00034430287628509483,,,341.88
18.66,0.010628181818181797,-0.00017430287628509135,,,341.88
18.664,0.010628181818181797,0.00017569712371492561,,,341.88
18.668,0.010538181818181818,0.0005156971237149326,,,341.88
18.672,0.010628181818181797,0.0008556971237149395,,,341.88
18.676,0.010888181818181835,0.0011156971237149221,,,341.88
18.68,0.011058181818181839,0.001455697123714929,,,341.88
18.684,0.011138181818181807,0.001795697123714936,,,341.88
18.688,0.011138181818181807,0.0021356971237148875,,,341.88
18.692,0.01139818181818179,0.0024756971237148945,,,341.88
18.696,0.011478181818181814,0.0027356971237149324,,,341.88
18.7,0.01139818181818179,0.0030756971237149394,,,341.88
18.704,0.01139818181818179,0.0035056971237149253,,,341.88
18.708,0.01139818181818179,0.003765697123714908,,,341.88
18.712,0.011478181818181814,0.0038456971237149323,,,341.88
18.716,0.011478181818181814,0.004275697123714918,,,341.88
18.72,0.011308181818181811,0.004705697123714904,,,341.88
18.724,0.011058181818181839,0.004955697123714932,,,341.88
18.728,0.011138181818181807,0.005125697123714935,,,341.88
18.732,0.01139818181818179,0.005385697123714918,,,341.88
18.736,0.011308181818181811,0.0056456971237149,,,341.88
18.74,0.011058181818181839,0.005985697123714907,,,341.88
18.744,0.011058181818181839,0.006235697123714935,,,341.88
18.748,0.010968181818181804,0.006405697123714939,,,341.88
18.752,0.010708181818181822,0.0067556971237149,,,341.88
18.756,0.010458181818181794,0.007005697123714928,,,341.88
18.76,0.010198181818181811,0.0072656971237149105,,,341.88
18.764,0.010118181818181842,0.007525697123714893,,,341.88
18.768,0.009858181818181804,0.0076956971237148964,,,341.88
18.772,0.0096881818181818,0.007945697123714925,,,341.88
18.776,0.009428181818181818,0.008035697123714904,,,341.88
18.78,0.009348181818181794,0.008295697123714887,,,341.88
18.784,0.009088181818181811,0.008545697123714915,,,341.88
18.788,0.008918181818181808,0.008805697123714897,,,341.88
18.792,0.0085781818181818,0.008885697123714922,,,341.88
18.796,0.008238181818181794,0.009145697123714904,,,341.88
18.8,0.00806818181818179,0.009145697123714904,,,341.88
18.804,0.007718181818181829,0.009315697123714908,,,341.88
18.808,0.007468181818181801,0.00957569712371489,,,341.88
18.812,0.0072081818181818184,0.009655697123714915,,,341.88
18.816,0.0068681818181818115,0.009745697123714894,,,341.88
18.82,0.0065281818181818045,0.009915697123714897,,,341.88
18.824,0.006268181818181822,0.009915697123714897,,,341.88
18.828,0.0060981818181818186,0.009915697123714897,,,341.88
18.832,0.005668181818181833,0.009915697123714897,,,341.88
18.836,0.005238181818181791,0.009995697123714922,,,341.88
18.84,0.004818181818181815,0.009995697123714922,,,341.88
18.844,0.004478181818181808,0.009915697123714897,,,341.88
18.848,0.004298181818181795,0.009995697123714922,,,341.88
18.852,0.003958181818181843,0.0100856971237149,,,341.88
18.856,0.0036181818181818363,0.0100856971237149,,,341.88
18.86,0.0032781818181818294,0.010175697123714935,,,341.88
18.864,0.0029381818181818224,0.010345697123714939,,,341.88
18.868,0.00267818181818184,0.010425697123714908,,,341.88
18.872,0.002338181818181833,0.010425697123714908,,,341.88
18.876,0.001998181818181826,0.010425697123714908,,,341.88
18.88,0.0015681818181818399,0.010515697123714886,,,341.88
18.884,0.0011381818181817984,0.010425697123714908,,,341.88
18.888,0.0008881818181818259,0.010425697123714908,,,341.88
18.892,0.0007081818181818124,0.010425697123714908,,,341.88
18.896,0.0003681818181818055,0.010515697123714886,,,341.88
18.9,-0.00014181818181820496,0.010515697123714886,,,341.88
18.904,-0.0004818181818181564,0.010175697123714935,,,341.88
18.908,-0.0005718181818181909,0.009655697123714915,,,341.88
18.912,-0.0008218181818181634,0.00957569712371489,,,341.88
18.916,-0.0012518181818182048,0.00957569712371489,,,341.88
18.92,-0.0015918181818181563,0.00957569712371489,,,341.88
18.924,-0.0018518181818181943,0.009235697123714939,,,341.88
18.928,-0.002191818181818201,0.009055697123714925,,,341.88
18.932,-0.002531818181818208,0.008885697123714922,,,341.88
18.936,-0.0027918181818181904,0.008805697123714897,,,341.88
18.94,-0.002961818181818194,0.008715697123714918,,,341.88
18.944,-0.003301818181818201,0.00846569712371489,,,341.88
18.948,-0.003731818181818187,0.008295697123714887,,,341.88
18.952,-0.004071818181818194,0.007945697123714925,,,341.88
18.956,-0.004331818181818176,0.0076956971237148964,,,341.88
18.96,-0.004671818181818183,0.007775697123714921,,,341.88
18.964,-0.004931818181818166,0.0076056971237149175,,,341.88
18.968,-0.00501181818181819,0.007525697123714893,,,341.88
18.972,-0.005271818181818173,0.0071756971237149315,,,341.88
18.976,-0.005521818181818201,0.0069256971237149035,,,341.88
18.98,-0.005871818181818162,0.006665697123714921,,,341.88
18.984,-0.006211818181818169,0.006235697123714935,,,341.88
18.988,-0.006461818181818197,0.005895697123714928,,,341.88
18.992,-0.006641818181818155,0.005725697123714925,,,341.88
18.996,-0.006891818181818183,0.005385697123714918,,,341.88
19.0,-0.0071518181818181654,0.005045697123714911,,,341.88
19.004,-0.007411818181818203,0.004705697123714904,,,341.88
19.008,-0.007581818181818207,0.004445697123714921,,,341.88
19.012,-0.00783181818181818,0.004275697123714918,,,341.88
19.016,-0.008001818181818183,0.0038456971237149323,,,341.88
19.02,-0.008171818181818186,0.003415697123714891,,,341.88
19.024,-0.008261818181818165,0.0030756971237149394,,,341.88
19.028,-0.008521818181818203,0.002645697123714898,,,341.88
19.032,-0.008771818181818176,0.0021356971237148875,,,341.88
19.036,-0.009031818181818158,0.001795697123714936,,,341.88
19.04,-0.009111818181818183,0.0016256971237149326,,,341.88
19.044,-0.009371818181818165,0.0012856971237149256,,,341.88
19.048,-0.0094618181818182,0.0009356971237149085,,,341.88
19.052,-0.009541818181818169,0.0005956971237149016,,,341.88
19.056,-0.00997181818181821,0.00017569712371492561,,,341.88
19.06,-0.010141818181818158,-0.00017430287628509135,,,341.88
19.064,-0.010231818181818193,-0.0005943028762850673,,,341.88
19.068,-0.010311818181818162,-0.0010243028762851086,,,341.88
19.072,-0.010311818181818162,-0.0014543028762850946,,,341.88
19.076,-0.010401818181818196,-0.0018843028762850805,,,341.88
19.08,-0.010481818181818165,-0.0021343028762851085,,,341.88
19.084,-0.0105718181818182,-0.002304302876285112,,,341.88
19.088,-0.010651818181818169,-0.0026543028762850735,,,341.88
19.092,-0.010651818181818169,-0.003164302876285084,,,341.88
19.096,-0.010651818181818169,-0.00359430287628507,,,341.88
19.1,-0.010651818181818169,-0.004014302876285102,,,341.88
19.104,-0.010651818181818169,-0.004444302876285088,,,341.88
19.108,-0.010651818181818169,-0.00470430287628507,,,341.88
19.112,-0.010651818181818169,-0.004784302876285095,,,341.88
19.116,-0.010651818181818169,-0.005214302876285081,,,341.88
19.12,-0.0105718181818182,-0.0056443028762850666,,,341.88
19.124,-0.010401818181818196,-0.0059843028762850735,,,341.88
19.128,-0.010401818181818196,-0.0062343028762851015,,,341.88
19.132,-0.010311818181818162,-0.006494302876285084,,,341.88
19.136,-0.010141818181818158,-0.006834302876285091,,,341.88
19.14,-0.00997181818181821,-0.007184302876285108,,,341.88
19.144,-0.00997181818181821,-0.007524302876285059,,,341.88
19.148,-0.00997181818181821,-0.007774302876285087,,,341.88
19.152,-0.009801818181818207,-0.008034302876285069,,,341.88
19.156,-0.009541818181818169,-0.008124302876285103,,,341.88
19.16,-0.0094618181818182,-0.00846430287628511,,,341.88
19.164,-0.009201818181818162,-0.008714302876285083,,,341.88
19.168,-0.009111818181818183,-0.008884302876285086,,,341.88
19.172,-0.00894181818181818,-0.009234302876285103,,,341.88
19.176,-0.008771818181818176,-0.00957430287628511,,,341.88
19.18,-0.008691818181818207,-0.009744302876285114,,,341.88
19.184,-0.008261818181818165,-0.009824302876285083,,,341.88
19.188,-0.007921818181818158,-0.010084302876285065,,,341.88
19.192,-0.007751818181818155,-0.0101743028762851,,,341.88
19.196,-0.007491818181818172,-0.010424302876285072,,,341.88
19.2,-0.007411818181818203,-0.010594302876285076,,,341.88
19.204,-0.0070618181818181865,-0.01068430287628511,,,341.88
19.208,-0.0067218181818181795,-0.010854302876285114,,,341.88
19.212,-0.006461818181818197,-0.010854302876285114,,,341.88
19.216,-0.00612181818181819,-0.010944302876285093,,,341.88
19.22,-0.005871818181818162,-0.010854302876285114,,,341.88
19.224,-0.005701818181818159,-0.010854302876285114,,,341.88
19.228,-0.005351818181818197,-0.011024302876285062,,,341.88
19.232,-0.004931818181818166,-0.011194302876285065,,,341.88
19.236,-0.004671818181818183,-0.011364302876285069,,,341.88
19.24,-0.004331818181818176,-0.011364302876285069,,,341.88
19.244,-0.004071818181818194,-0.011364302876285069,,,341.88
19.248,-0.003731818181818187,-0.011194302876285065,,,341.88
19.252,-0.00339181818181818,-0.010944302876285093,,,341.88
19.256,-0.002961818181818194,-0.010854302876285114,,,341.88
19.26,-0.002531818181818208,-0.010944302876285093,,,341.88
19.264,-0.002191818181818201,-0.011024302876285062,,,341.88
19.268,-0.0019318181818181632,-0.011024302876285062,,,341.88
19.272,-0.0015918181818181563,-0.010594302876285076,,,341.88
19.276,-0.0012518181818182048,-0.010514302876285107,,,341.88
19.28,-0.0009118181818181979,-0.010594302876285076,,,341.88
19.284,-0.0004818181818181564,-0.010424302876285072,,,341.88
19.288,-0.00014181818181820496,-0.0101743028762851,,,341.88
19.292,0.00011818181818183302,-0.010004302876285096,,,341.88
19.296,0.0003681818181818055,-0.009744302876285114,,,341.88
19.3,0.0007981818181817914,-0.00957430287628511,,,341.88
19.304,0.001228181818181833,-0.009314302876285072,,,341.88
19.308,0.0015681818181818399,-0.009234302876285103,,,341.88
19.312,0.0019081818181817913,-0.008974302876285065,,,341.88
19.316,0.002338181818181833,-0.008804302876285062,,,341.88
19.32,0.0028481818181818434,-0.00854430287628508,,,341.88
19.324,0.0032781818181818294,-0.008374302876285076,,,341.88
19.328,0.003538181818181812,-0.008034302876285069,,,341.88
19.332,0.0037081818181818153,-0.007694302876285063,,,341.88
19.336,0.004048181818181822,-0.007524302876285059,,,341.88
19.34,0.004478181818181808,-0.007184302876285108,,,341.88
19.344,0.004818181818181815,-0.00692430287628507,,,341.88
19.348,0.005238181818181791,-0.006754302876285066,,,341.88
19.352,0.005588181818181808,-0.0064143028762850595,,,341.88
19.356,0.005838181818181836,-0.0059843028762850735,,,341.88
19.36,0.006178181818181843,-0.0056443028762850666,,,341.88
19.364,0.0065281818181818045,-0.005474302876285063,,,341.88
19.368,0.0068681818181818115,-0.005124302876285102,,,341.88
19.372,0.0071181818181818395,-0.004784302876285095,,,341.88
19.376,0.007378181818181822,-0.004444302876285088,,,341.88
19.38,0.007718181818181829,-0.004014302876285102,,,341.88
19.384,0.007978181818181811,-0.0037643028762850733,,,341.88
19.388,0.008148181818181815,-0.003414302876285112,,,341.88
19.392,0.008488181818181822,-0.003074302876285105,,,341.88
19.396,0.008828181818181829,-0.002734302876285098,,,341.88
19.4,0.009008181818181842,-0.002304302876285112,,,341.88
19.404,0.009258181818181815,-0.002054302876285084,,,341.88
19.408,0.009428181818181818,-0.0017943028762851016,,,341.88
19.412,0.0096881818181818,-0.0014543028762850946,,,341.88
19.416,0.009858181818181804,-0.0011143028762850876,,,341.88
19.42,0.010118181818181842,-0.0007643028762850708,,,341.88
19.424,0.010198181818181811,-0.00034430287628509483,,,341.88
19.428,0.010458181818181794,8.569712371489112e-05,,,341.88
19.432,0.010628181818181797,0.0002556971237148946,,,341.88
19.436,0.010628181818181797,0.0005956971237149016,,,341.88
19.44,0.010708181818181822,0.0010256971237148876,,,341.88
19.444,0.010708181818181822,0.001455697123714929,,,341.88
19.448,0.0107981818181818,0.001795697123714936,,,341.88
19.452,0.010968181818181804,0.0020556971237149185,,,341.88
19.456,0.010968181818181804,0.002305697123714891,,,341.88
19.46,0.010968181818181804,0.002645697123714898,,,341.88
19.464,0.010968181818181804,0.0030756971237149394,,,341.88
19.468,0.010968181818181804,0.0035056971237149253,,,341.88
19.472,0.010968181818181804,0.003675697123714929,,,341.88
19.476,0.010968181818181804,0.003935697123714911,,,341.88
19.48,0.010968181818181804,0.004275697123714918,,,341.88
19.484,0.010968181818181804,0.004615697123714925,,,341.88
19.488,0.011138181818181807,0.004785697123714928,,,341.88
19.492,0.01139818181818179,0.005125697123714935,,,341.88
19.496,0.01139818181818179,0.005555697123714921,,,341.88
19.5,0.011138181818181807,0.005815697123714904,,,341.88
19.504,0.011058181818181839,0.005895697123714928,,,341.88
19.508,0.011058181818181839,0.006155697123714911,,,341.88
19.512,0.010888181818181835,0.006235697123714935,,,341.88
19.516,0.010628181818181797,0.006405697123714939,,,341.88
19.52,0.010628181818181797,0.0067556971237149,,,341.88
19.524,0.010538181818181818,0.007005697123714928,,,341.88
19.528,0.010368181818181815,0.007345697123714935,,,341.88
19.532,0.010118181818181842,0.0076056971237149175,,,341.88
19.536,0.009858181818181804,0.0078656971237149,,,341.88
19.54,0.009768181818181825,0.008115697123714929,,,341.88
19.544,0.009518181818181797,0.008375697123714911,,,341.88
19.548,0.009258181818181815,0.008545697123714915,,,341.88
19.552,0.008918181818181808,0.008715697123714918,,,341.88
19.556,0.008828181818181829,0.008805697123714897,,,341.88
19.56,0.0085781818181818,0.009055697123714925,,,341.88
19.564,0.008488181818181822,0.009145697123714904,,,341.88
19.568,0.00806818181818179,0.009235697123714939,,,341.88
19.572,0.007718181818181829,0.009485697123714911,,,341.88
19.576,0.007638181818181804,0.009655697123714915,,,341.88
19.58,0.007378181818181822,0.009745697123714894,,,341.88
19.584,0.007038181818181815,0.009825697123714918,,,341.88
19.588,0.0067781818181818325,0.009825697123714918,,,341.88
19.592,0.0064381818181818255,0.009915697123714897,,,341.88
19.596,0.0060981818181818186,0.009995697123714922,,,341.88
19.6,0.005838181818181836,0.009995697123714922,,,341.88
19.604,0.005588181818181808,0.009995697123714922,,,341.88
19.608,0.005238181818181791,0.009995697123714922,,,341.88
19.612,0.00489818181818184,0.009995697123714922,,,341.88
19.616,0.004648181818181812,0.009995697123714922,,,341.88
19.62,0.004388181818181829,0.010255697123714904,,,341.88
19.624,0.003958181818181843,0.010345697123714939,,,341.88
19.628,0.003538181818181812,0.010515697123714886,,,341.88
19.632,0.003188181818181795,0.010765697123714914,,,341.88
19.636,0.0029381818181818224,0.010765697123714914,,,341.88
19.64,0.00267818181818184,0.01068569712371489,,,341.88
19.644,0.002338181818181833,0.010425697123714908,,,341.88
19.648,0.001998181818181826,0.010425697123714908,,,341.88
19.652,0.0016481818181818088,0.010425697123714908,,,341.88
19.656,0.0013081818181818019,0.010515697123714886,,,341.88
19.66,0.0010581818181818294,0.010425697123714908,,,341.88
19.664,0.0007081818181818124,0.010345697123714939,,,341.88
19.668,0.0003681818181818055,0.009995697123714922,,,341.88
19.672,0.00011818181818183302,0.009655697123714915,,,341.88
19.676,-5.181818181817046e-05,0.00957569712371489,,,341.88
19.68,-0.0004818181818181564,0.009655697123714915,,,341.88
19.684,-0.0009118181818181979,0.00957569712371489,,,341.88
19.688,-0.0012518181818182048,0.009405697123714887,,,341.88
19.692,-0.0015118181818181873,0.009145697123714904,,,341.88
19.696,-0.0017618181818181598,0.008805697123714897,,,341.88
19.7,-0.0021118181818181765,0.008715697123714918,,,341.88
19.704,-0.0024518181818181835,0.008715697123714918,,,341.88
19.708,-0.0027918181818181904,0.008545697123714915,,,341.88
19.712,-0.003051818181818173,0.008295697123714887,,,341.88
19.716,-0.003301818181818201,0.0078656971237149,,,341.88
19.72,-0.003731818181818187,0.007775697123714921,,,341.88
19.724,-0.004161818181818173,0.0078656971237149,,,341.88
19.728,-0.00450181818181818,0.0076056971237149175,,,341.88
19.732,-0.004761818181818162,0.0072656971237149105,,,341.88
19.736,-0.005101818181818169,0.007095697123714907,,,341.88
19.74,-0.005351818181818197,0.0068356971237149245,,,341.88
19.744,-0.005441818181818176,0.006665697123714921,,,341.88
19.748,-0.005781818181818183,0.006235697123714935,,,341.88
19.752,-0.006041818181818166,0.005815697123714904,,,341.88
19.756,-0.0062918181818181936,0.005555697123714921,,,341.88
19.76,-0.006551818181818176,0.005465697123714887,0.0007277209498383963,,341.88
19.764,-0.0067218181818181795,0.005125697123714935,0.0008177209498384308,,341.88
19.768,-0.0070618181818181865,0.004785697123714928,0.0010677209498384031,,341.88
19.772,-0.00723181818181819,0.004355697123714887,0.0015877209498384236,,341.88
19.776,-0.007491818181818172,0.003935697123714911,0.0019277209498384305,,341.88
19.78,-0.007751818181818155,0.003765697123714908,0.002097720949838434,,341.88
19.784,-0.007921818181818158,0.003415697123714891,0.002437720949838441,,341.88
19.788,-0.0083518181818182,0.0030756971237149394,0.002867720949838427,,341.88
19.792,-0.008691818181818207,0.0027356971237149324,0.0031277209498384094,,341.88
19.796,-0.008771818181818176,0.002565697123714929,0.003207720949838434,,341.88
19.8,-0.00894181818181818,0.002305697123714891,0.00363772094983842,,341.88
19.804,-0.00894181818181818,0.001795697123714936,0.004067720949838406,,341.88
19.808,-0.009111818181818183,0.0013656971237148946,0.004317720949838434,,341.88
19.812,-0.009371818181818165,0.0010256971237148876,0.004577720949838417,,341.88
19.816,-0.009541818181818169,0.0006856971237149361,0.004917720949838424,,341.88
19.82,-0.009801818181818207,0.0004256971237148981,0.005177720949838406,,341.88
19.824,-0.009881818181818176,0.00017569712371492561,0.0053477209498384096,,341.88
19.828,-0.00997181818181821,-0.00034430287628509483,0.0056877209498384165,,341.88
19.832,-0.010231818181818193,-0.0006843028762851018,0.005947720949838399,,341.88
19.836,-0.010311818181818162,-0.0010243028762851086,0.0061177209498384025,,341.88
19.84,-0.010401818181818196,-0.0012843028762850911,0.0063677209498384305,,341.88
19.844,-0.010481818181818165,-0.0014543028762850946,0.006627720949838413,,341.88
19.848,-0.010741818181818203,-0.0017943028762851016,0.00696772094983842,,341.88
19.852,-0.010741818181818203,-0.002304302876285112,0.007227720949838402,,341.88
19.856,-0.010741818181818203,-0.002734302876285098,0.007397720949838406,,341.88
19.86,-0.010741818181818203,-0.003074302876285105,0.007657720949838388,,341.88
19.864,-0.010741818181818203,-0.0033343028762850874,0.007737720949838413,,341.88
19.868,-0.010741818181818203,-0.00359430287628507,0.007997720949838395,,341.88
19.872,-0.010741818181818203,-0.003934302876285077,0.00807772094983842,,341.88
19.876,-0.010741818181818203,-0.004274302876285084,0.008167720949838399,,341.88
19.88,-0.010821818181818172,-0.004534302876285067,0.008247720949838423,,341.88
19.884,-0.010821818181818172,-0.004784302876285095,0.008507720949838406,,341.88
19.888,-0.010741818181818203,-0.005124302876285102,0.00867772094983841,,341.88
19.892,-0.010741818181818203,-0.005554302876285088,0.008937720949838392,,341.88
19.896,-0.010741818181818203,-0.0058943028762850945,0.009107720949838395,,341.88
19.9,-0.010741818181818203,-0.0059843028762850735,0.00918772094983842,,341.88
19.904,-0.010481818181818165,-0.0064143028762850595,0.009277720949838399,,341.88
19.908,-0.010311818181818162,-0.006754302876285066,0.009537720949838437,,341.88
19.912,-0.010141818181818158,-0.006834302876285091,0.009787720949838409,,341.88
19.916,-0.00997181818181821,-0.007094302876285073,0.009877720949838388,,341.88
19.92,-0.00997181818181821,-0.007264302876285077,0.009877720949838388,,341.88
19.924,-0.009881818181818176,-0.007604302876285084,0.009787720949838409,,341.88
19.928,-0.009631818181818203,-0.007864302876285065,0.009787720949838409,,341.88
19.932,-0.009371818181818165,-0.008034302876285069,0.009787720949838409,,341.88
19.936,-0.009111818181818183,-0.008374302876285076,0.009787720949838409,,341.88
19.94,-0.00894181818181818,-0.008634302876285058,0.009787720949838409,,341.88
19.944,-0.008691818181818207,-0.008884302876285086,0.009787720949838409,,341.88
19.948,-0.008601818181818172,-0.008974302876285065,0.009877720949838388,,341.88
19.952,-0.0083518181818182,-0.009234302876285103,0.009877720949838388,,341.88
19.956,-0.008261818181818165,-0.009404302876285107,0.009787720949838409,,341.88
19.96,-0.008001818181818183,-0.00965430287628508,0.009877720949838388,,341.88
19.964,-0.007751818181818155,-0.009744302876285114,0.009787720949838409,,341.88
19.968,-0.007411818181818203,-0.009824302876285083,0.009787720949838409,,341.88
19.972,-0.0070618181818181865,-0.010084302876285065,0.009787720949838409,,341.88
19.976,-0.006981818181818162,-0.0101743028762851,0.009787720949838409,,341.88
19.98,-0.006641818181818155,-0.010344302876285103,0.009787720949838409,,341.88
19.984,-0.006211818181818169,-0.010514302876285107,0.009537720949838437,,341.88
19.988,-0.005871818181818162,-0.010594302876285076,0.009447720949838402,,341.88
19.992,-0.005781818181818183,-0.010594302876285076,0.009447720949838402,,341.88
19.996,-0.005441818181818176,-0.010514302876285107,0.009537720949838437,,341.88
20.0,-0.00501181818181819,-0.010514302876285107,0.009537720949838437,,341.88
20.004,-0.00450181818181818,-0.010514302876285107,0.009277720949838399,,341.88
20.008,-0.004161818181818173,-0.010514302876285107,0.009277720949838399,,341.88
20.012,-0.004071818181818194,-0.010514302876285107,0.009277720949838399,,341.88
20.016,-0.003821818181818166,-0.010514302876285107,0.009107720949838395,,341.88
20.02,-0.003301818181818201,-0.010514302876285107,0.009017720949838416,,341.88
20.024,-0.0028818181818181694,-0.010514302876285107,0.008847720949838413,,341.88
20.028,-0.002531818181818208,-0.010514302876285107,0.008507720949838406,,341.88
20.032,-0.00228181818181818,-0.010514302876285107,0.008247720949838423,,341.88
20.036,-0.0020218181818181975,-0.010514302876285107,0.007997720949838395,,341.88
20.04,-0.0016818181818181908,-0.010514302876285107,0.007737720949838413,,341.88
20.044,-0.0012518181818182048,-0.010514302876285107,0.007657720949838388,,341.88
20.048,-0.0008218181818181634,-0.010424302876285072,0.007397720949838406,,341.88
20.052,-0.0004818181818181564,-0.0101743028762851,0.007227720949838402,,341.88
20.056,-5.181818181817046e-05,-0.0101743028762851,0.00696772094983842,,341.88
20.06,0.0002881818181818365,-0.010004302876285096,0.006797720949838416,,341.88
20.064,0.00045818181818184,-0.009744302876285114,0.0064577209498384094,,341.88
20.068,0.0007981818181817914,-0.00965430287628508,0.006197720949838427,,341.88
20.072,0.0011381818181817984,-0.00965430287628508,0.005947720949838399,,341.88
20.076,0.0016481818181818088,-0.009404302876285107,0.0055977209498384375,,341.88
20.08,0.002078181818181795,-0.009144302876285069,0.0053477209498384096,,341.88
20.084,0.002418181818181802,-0.008884302876285086,0.005257720949838431,,341.88
20.088,0.00267818181818184,-0.008804302876285062,0.004917720949838424,,341.88
20.092,0.0029381818181818224,-0.00854430287628508,0.004487720949838438,,341.88
20.096,0.0032781818181818294,-0.008374302876285076,0.00423772094983841,,341.88
20.1,0.0036181818181818363,-0.008124302876285103,0.003977720949838427,,341.88
20.104,0.004048181818181822,-0.00794430287628509,0.003717720949838389,,341.88
20.108,0.004478181818181808,-0.007694302876285063,0.003547720949838441,,341.88
20.112,0.00489818181818184,-0.007524302876285059,0.003207720949838434,,341.88
20.116,0.005238181818181791,-0.007184302876285108,0.002867720949838427,,341.88
20.12,0.005418181818181805,-0.006834302876285091,0.00252772094983842,,341.88
20.124,0.005668181818181833,-0.0066643028762850874,0.0022677209498384375,,341.88
20.128,0.0060981818181818186,-0.0063243028762850805,0.0019277209498384305,,341.88
20.132,0.0065281818181818045,-0.0059843028762850735,0.0015877209498384236,,341.88
20.136,0.0067781818181818325,-0.0056443028762850666,0.0011577209498384376,,341.88
20.14,0.006948181818181836,-0.005474302876285063,0.0007277209498383963,,341.88
20.144,0.007298181818181797,-0.005124302876285102,0.0003877209498383893,,341.88
20.148,0.007638181818181804,-0.00470430287628507,0.00012772094983840682,,341.88
20.152,0.007808181818181808,-0.004354302876285109,-4.227905016159666e-05,,341.88
20.156,0.008148181818181815,-0.004014302876285102,-0.0003822790501616036,,341.88
20.16,0.008488181818181822,-0.003844302876285098,-0.0008922790501615586,,341.88
20.164,0.0085781818181818,-0.003504302876285091,-0.0013222790501616001,,341.88
20.168,0.009008181818181842,-0.003074302876285105,-0.0018322790501616106,,341.88
20.172,0.009348181818181794,-0.0026543028762850735,-0.0023422790501615655,,341.88
20.176,0.009428181818181818,-0.002304302876285112,-0.0026022790501616035,,341.88
20.18,0.009598181818181822,-0.002054302876285084,-0.0029422790501616104,,341.88
20.184,0.009768181818181825,-0.0017943028762851016,-0.003292279050161572,,341.88
20.188,0.010118181818181842,-0.0014543028762850946,-0.0037122790501616034,,341.88
20.192,0.010368181818181815,-0.0010243028762851086,-0.004142279050161589,,341.88
20.196,0.010628181818181797,-0.0005943028762850673,-0.004482279050161596,,341.88
20.2,0.010628181818181797,-0.00017430287628509135,-0.004652279050161599,,341.88
20.204,0.010628181818181797,0.0002556971237148946,-0.004992279050161606,,341.88
20.208,0.010888181818181835,0.0005956971237149016,-0.005342279050161568,,341.88
20.212,0.011058181818181839,0.0008556971237149395,-0.005762279050161599,,341.88
20.216,0.011228181818181842,0.0010256971237148876,-0.006022279050161582,,341.88
20.22,0.011228181818181842,0.0013656971237148946,-0.006192279050161585,,341.88
20.224,0.011058181818181839,0.001795697123714936,-0.006532279050161592,,341.88
20.228,0.011058181818181839,0.0021356971237148875,-0.007052279050161557,,341.88
20.232,0.011058181818181839,0.002565697123714929,-0.007392279050161564,,341.88
20.236,0.011058181818181839,0.002995697123714915,-0.0074722790501615885,,341.88
20.24,0.011058181818181839,0.003415697123714891,-0.007902279050161574,,341.88
20.244,0.011058181818181839,0.003765697123714908,-0.00833227905016156,,341.88
20.248,0.011058181818181839,0.003935697123714911,-0.008502279050161564,,341.88
20.252,0.011058181818181839,0.004275697123714918,-0.00833227905016156,,341.88
20.256,0.011058181818181839,0.004705697123714904,-0.008502279050161564,,341.88
20.26,0.011058181818181839,0.005045697123714911,-0.008672279050161567,,341.88
20.264,0.011138181818181807,0.005295697123714939,-0.009102279050161609,,341.88
20.268,0.011228181818181842,0.005555697123714921,-0.00944227905016156,,341.88
20.272,0.010968181818181804,0.005895697123714928,-0.009522279050161585,,341.88
20.276,0.0107981818181818,0.006155697123714911,-0.009702279050161598,,341.88
20.28,0.010888181818181835,0.006405697123714939,-0.009872279050161602,,341.88
20.284,0.010628181818181797,0.0067556971237149,-0.00995227905016157,,341.88
20.288,0.010368181818181815,0.007095697123714907,-0.010212279050161609,,341.88
20.292,0.010368181818181815,0.007345697123714935,-0.010212279050161609,,341.88
20.296,0.01028818181818179,0.0076056971237149175,-0.010292279050161578,,341.88
20.3,0.010198181818181811,0.0078656971237149,-0.010462279050161581,,341.88
20.304,0.009948181818181839,0.008035697123714904,-0.010642279050161595,,341.88
20.308,0.0096881818181818,0.008375697123714911,-0.010722279050161564,,341.88
20.312,0.009428181818181818,0.008715697123714918,-0.010722279050161564,,341.88
20.316,0.009348181818181794,0.008805697123714897,-0.010722279050161564,,341.88
20.32,0.009088181818181811,0.009055697123714925,-0.010722279050161564,,341.88
20.324,0.008918181818181808,0.009315697123714908,-0.010642279050161595,,341.88
20.328,0.0085781818181818,0.00957569712371489,-0.010642279050161595,,341.88
20.332,0.008488181818181822,0.009655697123714915,-0.010722279050161564,,341.88
20.336,0.008148181818181815,0.009915697123714897,-0.010722279050161564,,341.88
20.34,0.007888181818181832,0.009995697123714922,-0.010892279050161567,,341.88
20.344,0.007638181818181804,0.0100856971237149,-0.011152279050161605,,341.88
20.348,0.007298181818181797,0.010255697123714904,-0.011152279050161605,,341.88
20.352,0.007038181818181815,0.0100856971237149,-0.010812279050161598,,341.88
20.356,0.0068681818181818115,0.0100856971237149,-0.010642279050161595,,341.88
20.36,0.0065281818181818045,0.010175697123714935,-0.010642279050161595,,341.88
20.364,0.006178181818181843,0.010425697123714908,-0.010642279050161595,,341.88
20.368,0.00600818181818184,0.010425697123714908,-0.010382279050161612,,341.88
20.372,0.005668181818181833,0.010425697123714908,-0.010292279050161578,,341.88
20.376,0.005328181818181826,0.010425697123714908,-0.010212279050161609,,341.88
20.38,0.004988181818181819,0.010425697123714908,-0.009702279050161598,,341.88
20.384,0.004818181818181815,0.010425697123714908,-0.009522279050161585,,341.88
20.388,0.004478181818181808,0.010595697123714911,-0.00944227905016156,,341.88
20.392,0.004128181818181791,0.010855697123714893,-0.00944227905016156,,341.88
20.396,0.0036181818181818363,0.010855697123714893,-0.009272279050161557,,341.88
20.4,0.0032781818181818294,0.010855697123714893,-0.00884227905016157,,341.88
20.404,0.003188181818181795,0.010765697123714914,-0.008582279050161588,,341.88
20.408,0.0028481818181818434,0.010855697123714893,-0.00833227905016156,,341.88
20.412,0.0025081818181818365,0.010855697123714893,-0.008162279050161557,,341.88
20.416,0.0021681818181818295,0.010855697123714893,-0.007732279050161571,,341.88
20.42,0.0019081818181817913,0.010765697123714914,-0.0075622790501615675,,341.88
20.424,0.0015681818181818399,0.010515697123714886,-0.007302279050161585,,341.88
20.428,0.001228181818181833,0.010425697123714908,-0.006962279050161578,,341.88
20.432,0.0007981818181817914,0.010425697123714908,-0.006702279050161596,,341.88
20.436,0.0003681818181818055,0.010345697123714939,-0.006532279050161592,,341.88
20.44,0.000198181818181802,0.009995697123714922,-0.006192279050161585,,341.88
20.444,-0.00014181818181820496,0.009745697123714894,-0.005852279050161578,,341.88
20.448,-0.0004818181818181564,0.00957569712371489,-0.005682279050161575,,341.88
20.452,-0.0007418181818181944,0.009315697123714908,-0.005422279050161592,,341.88
20.456,-0.0009918181818181669,0.009235697123714939,-0.004912279050161582,,341.88
20.46,-0.0013418181818181838,0.009055697123714925,-0.004572279050161575,,341.88
20.464,-0.0016818181818181908,0.008805697123714897,-0.004402279050161571,,341.88
20.468,-0.0020218181818181975,0.008715697123714918,-0.004142279050161589,,341.88
20.472,-0.0023618181818182045,0.00846569712371489,-0.0037122790501616034,,341.88
20.476,-0.002531818181818208,0.008375697123714911,-0.0033722790501615964,,341.88
20.48,-0.0028818181818181694,0.008115697123714929,-0.003292279050161572,,341.88
20.484,-0.00339181818181818,0.008035697123714904,-0.0030322790501615894,,341.88
20.488,-0.003821818181818166,0.0078656971237149,-0.002522279050161579,,341.88
20.492,-0.004071818181818194,0.0076056971237149175,-0.002092279050161593,,341.88
20.496,-0.004241818181818197,0.007525697123714893,-0.001752279050161586,,341.88
20.5,-0.004581818181818204,0.0072656971237149105,-0.0014922790501616036,,341.88
20.504,-0.004841818181818187,0.007095697123714907,-0.0012322790501615656,,341.88
20.508,-0.005101818181818169,0.0067556971237149,-0.0008922790501615586,,341.88
20.512,-0.005441818181818176,0.006325697123714914,-0.0005522790501616071,,341.88
20.516,-0.005781818181818183,0.006065697123714932,-0.00012227905016156564,,341.88
20.52,-0.005871818181818162,0.005815697123714904,0.0003877209498383893,,341.88
20.524,-0.00612181818181819,0.005465697123714887,0.0008177209498384308,,341.88
20.528,-0.006461818181818197,0.005215697123714914,0.0010677209498384031,,341.88
20.532,-0.0067218181818181795,0.004955697123714932,0.0012377209498384066,,341.88
20.536,-0.0070618181818181865,0.004615697123714925,0.0015877209498384236,,341.88
20.54,-0.007321818181818169,0.004275697123714918,0.0019277209498384305,,341.88
20.544,-0.007491818181818172,0.004015697123714935,0.0023577209498384165,,341.88
20.548,-0.00783181818181818,0.0038456971237149323,0.0026977209498384234,,341.88
20.552,-0.007921818181818158,0.0035056971237149253,0.0030377209498384304,,341.88
20.556,-0.008171818181818186,0.0030756971237149394,0.003297720949838413,,341.88
20.56,-0.008521818181818203,0.002645697123714898,0.003717720949838389,,341.88
20.564,-0.008771818181818176,0.002305697123714891,0.004067720949838406,,341.88
20.568,-0.009031818181818158,0.0021356971237148875,0.004407720949838413,,341.88
20.572,-0.009201818181818162,0.001795697123714936,0.004657720949838441,,341.88
20.576,-0.0094618181818182,0.0013656971237148946,0.004917720949838424,,341.88
20.58,-0.009541818181818169,0.0011156971237149221,0.005257720949838431,,341.88
20.584,-0.009541818181818169,0.0008556971237149395,0.0055977209498384375,,341.88
20.588,-0.009881818181818176,0.0005156971237149326,0.005947720949838399,,341.88
20.592,-0.00997181818181821,0.00017569712371492561,0.006197720949838427,,341.88
20.596,-0.00997181818181821,-0.00017430287628509135,0.006627720949838413,,341.88
20.6,-0.010231818181818193,-0.0005143028762850983,0.006887720949838395,,341.88
20.604,-0.010311818181818162,-0.0007643028762850708,0.00696772094983842,,341.88
20.608,-0.010311818181818162,-0.0011143028762850876,0.007227720949838402,,341.88
20.612,-0.010401818181818196,-0.0014543028762850946,0.007397720949838406,,341.88
20.616,-0.010651818181818169,-0.0018843028762850805,0.007737720949838413,,341.88
20.62,-0.010651818181818169,-0.0021343028762851085,0.007997720949838395,,341.88
20.624,-0.010651818181818169,-0.002304302876285112,0.008247720949838423,,341.88
20.628,-0.010651818181818169,-0.0026543028762850735,0.008507720949838406,,341.88
20.632,-0.010651818181818169,-0.003074302876285105,0.00867772094983841,,341.88
20.636,-0.010651818181818169,-0.0033343028762850874,0.008937720949838392,,341.88
20.64,-0.010651818181818169,-0.003504302876285091,0.008937720949838392,,341.88
20.644,-0.010651818181818169,-0.003844302876285098,0.008937720949838392,,341.88
20.648,-0.010651818181818169,-0.004354302876285109,0.008937720949838392,,341.88
20.652,-0.010741818181818203,-0.00470430287628507,0.009107720949838395,,341.88
20.656,-0.010821818181818172,-0.004874302876285074,0.009537720949838437,,341.88
20.66,-0.010821818181818172,-0.005214302876285081,0.009447720949838402,,341.88
20.664,-0.010741818181818203,-0.005554302876285088,0.009447720949838402,,341.88
20.668,-0.0105718181818182,-0.0058943028762850945,0.009537720949838437,,341.88
20.672,-0.010311818181818162,-0.006064302876285098,0.00970772094983844,,341.88
20.676,-0.010311818181818162,-0.0064143028762850595,0.00970772094983844,,341.88
20.68,-0.010311818181818162,-0.006754302876285066,0.009877720949838388,,341.88
20.684,-0.010231818181818193,-0.007094302876285073,0.010127720949838416,,341.88
20.688,-0.00997181818181821,-0.007264302876285077,0.010127720949838416,,341.88
20.692,-0.009711818181818172,-0.007524302876285059,0.010217720949838395,,341.88
20.696,-0.0094618181818182,-0.007694302876285063,0.010217720949838395,,341.88
20.7,-0.0094618181818182,-0.00794430287628509,0.010217720949838395,,341.88
20.704,-0.009371818181818165,-0.008124302876285103,0.010217720949838395,,341.88
20.708,-0.009031818181818158,-0.00846430287628511,0.010127720949838416,,341.88
20.712,-0.008861818181818155,-0.008714302876285083,0.010127720949838416,,341.88
20.716,-0.008691818181818207,-0.008884302876285086,0.010217720949838395,,341.88
20.72,-0.0083518181818182,-0.009144302876285069,0.010127720949838416,,341.88
20.724,-0.008091818181818162,-0.009234302876285103,0.010127720949838416,,341.88
20.728,-0.007921818181818158,-0.009314302876285072,0.010127720949838416,,341.88
20.732,-0.00783181818181818,-0.00957430287628511,0.009957720949838413,,341.88
20.736,-0.007411818181818203,-0.00957430287628511,0.009877720949838388,,341.88
20.74,-0.0070618181818181865,-0.009744302876285114,0.009787720949838409,,341.88
20.744,-0.006891818181818183,-0.010004302876285096,0.009787720949838409,,341.88
20.748,-0.006551818181818176,-0.010084302876285065,0.009617720949838406,,341.88
20.752,-0.006211818181818169,-0.0101743028762851,0.009357720949838423,,341.88
20.756,-0.005951818181818187,-0.010424302876285072,0.009277720949838399,,341.88
20.76,-0.005701818181818159,-0.010424302876285072,0.00918772094983842,,341.88
20.764,-0.005351818181818197,-0.010424302876285072,0.009107720949838395,,341.88
20.768,-0.00501181818181819,-0.010424302876285072,0.009357720949838423,,341.88
20.772,-0.004581818181818204,-0.010424302876285072,0.009277720949838399,,341.88
20.776,-0.004161818181818173,-0.010514302876285107,0.009017720949838416,,341.88
20.78,-0.003821818181818166,-0.010594302876285076,0.008937720949838392,,341.88
20.784,-0.003641818181818208,-0.010514302876285107,0.008507720949838406,,341.88
20.788,-0.003301818181818201,-0.010514302876285107,0.008167720949838399,,341.88
20.792,-0.002961818181818194,-0.010514302876285107,0.007997720949838395,,341.88
20.796,-0.0024518181818181835,-0.010514302876285107,0.007827720949838392,,341.88
20.8,-0.0021118181818181765,-0.010514302876285107,0.007737720949838413,,341.88
20.804,-0.0019318181818181632,-0.010514302876285107,0.007307720949838427,,341.88
20.808,-0.0016818181818181908,-0.010514302876285107,0.00696772094983842,,341.88
20.812,-0.0012518181818182048,-0.010514302876285107,0.006797720949838416,,341.88
20.816,-0.0008218181818181634,-0.010424302876285072,0.006537720949838434,,341.88
20.82,-0.0004818181818181564,-0.0101743028762851,0.0063677209498384305,,341.88
20.824,-0.00014181818181820496,-0.0101743028762851,0.0060277209498384235,,341.88
20.828,0.0002881818181818365,-0.010084302876285065,0.005767720949838441,,341.88
20.832,0.0006281818181818435,-0.009824302876285083,0.0055977209498384375,,341.88
20.836,0.0008881818181818259,-0.009824302876285083,0.005257720949838431,,341.88
20.84,0.001228181818181833,-0.00965430287628508,0.005007720949838403,,341.88
20.844,0.0015681818181818399,-0.009404302876285107,0.00474772094983842,,341.88
20.848,0.001998181818181826,-0.009144302876285069,0.004407720949838413,,341.88
20.852,0.0025081818181818365,-0.008884302876285086,0.004067720949838406,,341.88
20.856,0.0029381818181818224,-0.008714302876285083,0.003547720949838441,,341.88
20.86,0.003188181818181795,-0.008714302876285083,0.003207720949838434,,341.88
20.864,0.0032781818181818294,-0.008634302876285058,0.0031277209498384094,,341.88
20.868,0.0036181818181818363,-0.008204302876285072,0.002947720949838396,,341.88
20.872,0.003958181818181843,-0.00794430287628509,0.0027777209498383924,,341.88
20.876,0.004388181818181829,-0.007694302876285063,0.0023577209498384165,,341.88
20.88,0.004818181818181815,-0.007524302876285059,0.0020077209498383995,,341.88
20.884,0.00489818181818184,-0.007184302876285108,0.0019277209498384305,,341.88
20.888,0.005238181818181791,-0.006834302876285091,0.001497720949838389,,341.88
20.892,0.005758181818181812,-0.006754302876285066,0.0011577209498384376,,341.88
20.896,0.006178181818181843,-0.0064143028762850595,0.0009877209498384341,,341.88
20.9,0.006358181818181801,-0.006064302876285098,0.0006477209498384273,,341.88
20.904,0.0065281818181818045,-0.00581430287628507,0.0002977209498384103,,341.88
20.908,0.0068681818181818115,-0.005474302876285063,-4.227905016159666e-05,,341.88
20.912,0.0072081818181818184,-0.005214302876285081,-0.0003822790501616036,,341.88
20.916,0.007468181818181801,-0.005124302876285102,-0.0005522790501616071,,341.88
20.92,0.007808181818181808,-0.004784302876285095,-0.0008922790501615586,,341.88
20.924,0.00806818181818179,-0.004354302876285109,-0.001402279050161569,,341.88
20.928,0.008148181818181815,-0.003934302876285077,-0.0019222790501615896,,341.88
20.932,0.008488181818181822,-0.00359430287628507,-0.002092279050161593,,341.88
20.936,0.008828181818181829,-0.003414302876285112,-0.0024322790501616,,341.88
20.94,0.009008181818181842,-0.003074302876285105,-0.002772279050161607,,341.88
20.944,0.009258181818181815,-0.002734302876285098,-0.0029422790501616104,,341.88
20.948,0.009518181818181797,-0.002304302876285112,-0.003292279050161572,,341.88
20.952,0.0096881818181818,-0.0018843028762850805,-0.003632279050161579,,341.88
20.956,0.009768181818181825,-0.0014543028762850946,-0.003882279050161607,,341.88
20.96,0.010028181818181808,-0.0011143028762850876,-0.004232279050161568,,341.88
20.964,0.010198181818181811,-0.0008543028762851053,-0.004482279050161596,,341.88
20.968,0.010458181818181794,-0.0005143028762850983,-0.004652279050161599,,341.88
20.972,0.010538181818181818,-0.00017430287628509135,-0.004992279050161606,,341.88
20.976,0.010708181818181822,0.00017569712371492561,-0.005252279050161589,,341.88
20.98,0.010968181818181804,0.0005956971237149016,-0.005512279050161571,,341.88
20.984,0.010968181818181804,0.0010256971237148876,-0.005762279050161599,,341.88
20.988,0.010968181818181804,0.0013656971237148946,-0.005932279050161603,,341.88
20.992,0.010968181818181804,0.001535697123714898,-0.006192279050161585,,341.88
20.996,0.010968181818181804,0.001875697123714905,-0.006362279050161589,,341.88
21.0,0.010968181818181804,0.002225697123714922,-0.006702279050161596,,341.88
21.004,0.010968181818181804,0.002645697123714898,-0.006962279050161578,,341.88
21.008,0.010968181818181804,0.002995697123714915,-0.0071322790501615815,,341.88
21.012,0.010968181818181804,0.003415697123714891,-0.007392279050161564,,341.88
21.016,0.010968181818181804,0.003765697123714908,-0.0075622790501615675,,341.88
21.02,0.011058181818181839,0.003935697123714911,-0.007822279050161605,,341.88
21.024,0.011138181818181807,0.004275697123714918,-0.007992279050161609,,341.88
21.028,0.011058181818181839,0.004705697123714904,-0.00833227905016156,,341.88
21.032,0.010968181818181804,0.005125697123714935,-0.008412279050161585,,341.88
21.036,0.010708181818181822,0.005465697123714887,-0.008502279050161564,,341.88
21.04,0.0107981818181818,0.0056456971237149,-0.008582279050161588,,341.88
21.044,0.010968181818181804,0.005985697123714907,-0.008672279050161567,,341.88
21.048,0.010888181818181835,0.006405697123714939,-0.008672279050161567,,341.88
21.052,0.010708181818181822,0.0065856971237148966,-0.008672279050161567,,341.88
21.056,0.010538181818181818,0.0068356971237149245,-0.008672279050161567,,341.88
21.06,0.010368181818181815,0.0071756971237149315,-0.00884227905016157,,341.88
21.064,0.010198181818181811,0.0076056971237149175,-0.009102279050161609,,341.88
21.068,0.010118181818181842,0.0078656971237149,-0.009102279050161609,,341.88
21.072,0.009858181818181804,0.007945697123714925,-0.009102279050161609,,341.88
21.076,0.009768181818181825,0.008205697123714908,-0.009102279050161609,,341.88
21.08,0.009518181818181797,0.008375697123714911,-0.009182279050161578,,341.88
21.084,0.009348181818181794,0.008715697123714918,-0.00944227905016156,,341.88
21.088,0.009088181818181811,0.009055697123714925,-0.00944227905016156,,341.88
21.092,0.008918181818181808,0.009315697123714908,-0.009522279050161585,,341.88
21.096,0.008658181818181825,0.00957569712371489,-0.009612279050161564,,341.88
21.1,0.008408181818181797,0.009745697123714894,-0.009872279050161602,,341.88
21.104,0.00806818181818179,0.009915697123714897,-0.009872279050161602,,341.88
21.108,0.007808181818181808,0.009995697123714922,-0.009872279050161602,,341.88
21.112,0.007718181818181829,0.009995697123714922,-0.009782279050161567,,341.88
21.116,0.007468181818181801,0.009995697123714922,-0.009612279050161564,,341.88
21.12,0.0072081818181818184,0.010175697123714935,-0.009522279050161585,,341.88
21.124,0.0068681818181818115,0.010425697123714908,-0.00944227905016156,,341.88
21.128,0.0065281818181818045,0.010515697123714886,-0.00944227905016156,,341.88
21.132,0.006178181818181843,0.010515697123714886,-0.009522279050161585,,341.88
21.136,0.0060981818181818186,0.010515697123714886,-0.009522279050161585,,341.88
21.14,0.005668181818181833,0.010765697123714914,-0.009352279050161581,,341.88
21.144,0.005328181818181826,0.010855697123714893,-0.009102279050161609,,341.88
21.148,0.005238181818181791,0.010855697123714893,-0.009102279050161609,,341.88
21.152,0.004818181818181815,0.010855697123714893,-0.009102279050161609,,341.88
21.156,0.004388181818181829,0.010765697123714914,-0.009012279050161574,,341.88
21.16,0.004128181818181791,0.010855697123714893,-0.008762279050161602,,341.88
21.164,0.003958181818181843,0.010855697123714893,-0.008762279050161602,,341.88
21.168,0.0036181818181818363,0.011115697123714931,-0.008582279050161588,,341.88
21.172,0.0033581818181817984,0.0111956971237149,-0.00833227905016156,,341.88
21.176,0.003108181818181826,0.0111956971237149,-0.008242279050161581,,341.88
21.18,0.002768181818181819,0.0111956971237149,-0.008072279050161578,,341.88
21.184,0.002418181818181802,0.011115697123714931,-0.007642279050161592,,341.88
21.188,0.002078181818181795,0.010935697123714918,-0.007392279050161564,,341.88
21.192,0.001998181818181826,0.010855697123714893,-0.0071322790501615815,,341.88
21.196,0.0015681818181818399,0.010855697123714893,-0.007052279050161557,,341.88
21.2,0.0011381818181817984,0.01068569712371489,-0.007052279050161557,,341.88
21.204,0.0007981818181817914,0.010175697123714935,-0.006792279050161575,,341.88
21.208,0.00045818181818184,0.0100856971237149,-0.006532279050161592,,341.88
21.212,0.000198181818181802,0.009915697123714897,-0.006192279050161585,,341.88
21.216,-0.00014181818181820496,0.00957569712371489,-0.005932279050161603,,341.88
21.22,-0.0004818181818181564,0.009315697123714908,-0.005762279050161599,,341.88
21.224,-0.0008218181818181634,0.009315697123714908,-0.005422279050161592,,341.88
21.228,-0.0011718181818181803,0.009485697123714911,-0.005082279050161585,,341.88
21.232,-0.0014218181818182083,0.009145697123714904,-0.004912279050161582,,341.88
21.236,-0.0017618181818181598,0.008715697123714918,-0.004572279050161575,,341.88
21.24,-0.0021118181818181765,0.008545697123714915,-0.004482279050161596,,341.88
21.244,-0.0023618181818182045,0.008545697123714915,-0.004142279050161589,,341.88
21.248,-0.002621818181818187,0.008295697123714887,-0.003882279050161607,,341.88
21.252,-0.002961818181818194,0.008035697123714904,-0.0037122790501616034,,341.88
21.256,-0.003301818181818201,0.007945697123714925,-0.0033722790501615964,,341.88
21.26,-0.003641818181818208,0.0076056971237149175,-0.0029422790501616104,,341.88
21.264,-0.003991818181818169,0.0072656971237149105,-0.0026922790501615825,,341.88
21.268,-0.004241818181818197,0.007095697123714907,-0.002522279050161579,,341.88
21.272,-0.004671818181818183,0.0068356971237149245,-0.002172279050161562,,341.88
21.276,-0.00501181818181819,0.0065856971237148966,-0.001662279050161607,,341.88
21.28,-0.005271818181818173,0.006235697123714935,-0.0013222790501616001,,341.88
21.284,-0.005521818181818201,0.005895697123714928,-0.0011522790501615966,,341.88
21.288,-0.005871818181818162,0.0056456971237149,-0.0008922790501615586,,341.88
21.292,-0.00612181818181819,0.005465697123714887,-0.0004622790501615726,,341.88
21.296,-0.0062918181818181936,0.005045697123714911,-4.227905016159666e-05,,341.88
21.3,-0.006641818181818155,0.004615697123714925,0.00021772094983844132,,341.88
21.304,-0.006981818181818162,0.004355697123714887,0.0003877209498383893,,341.88
21.308,-0.0071518181818181654,0.004185697123714939,0.0007277209498383963,,341.88
21.312,-0.007491818181818172,0.0038456971237149323,0.0012377209498384066,,341.88
21.316,-0.007751818181818155,0.003415697123714891,0.0016677209498383925,,341.88
21.32,-0.008001818181818183,0.0031656971237149184,0.0019277209498384305,,341.88
21.324,-0.0083518181818182,0.0027356971237149324,0.0022677209498384375,,341.88
21.328,-0.008691818181818207,0.0024756971237148945,0.00252772094983842,,341.88
21.332,-0.008771818181818176,0.0021356971237148875,0.002867720949838427,,341.88
21.336,-0.00894181818181818,0.001795697123714936,0.003207720949838434,,341.88
21.34,-0.009111818181818183,0.001535697123714898,0.003717720949838389,,341.88
21.344,-0.009371818181818165,0.0013656971237148946,0.004067720949838406,,341.88
21.348,-0.009541818181818169,0.0009356971237149085,0.004317720949838434,,341.88
21.352,-0.009801818181818207,0.0005156971237149326,0.004487720949838438,,341.88
21.356,-0.009801818181818207,0.0002556971237148946,0.004827720949838389,,341.88
21.36,-0.00997181818181821,8.569712371489112e-05,0.005257720949838431,,341.88
21.364,-0.010311818181818162,-0.00025430287628506033,0.005517720949838413,,341.88
21.368,-0.010401818181818196,-0.0005943028762850673,0.0056877209498384165,,341.88
21.372,-0.010401818181818196,-0.0011143028762850876,0.0060277209498384235,,341.88
21.376,-0.010651818181818169,-0.0015343028762850636,0.006537720949838434,,341.88
21.38,-0.010651818181818169,-0.0017943028762851016,0.006887720949838395,,341.88
21.384,-0.010651818181818169,-0.001964302876285105,0.007057720949838399,,341.88
21.388,-0.010741818181818203,-0.002304302876285112,0.007397720949838406,,341.88
21.392,-0.010991818181818176,-0.0026543028762850735,0.007657720949838388,,341.88
21.396,-0.01108181818181821,-0.0029943028762850804,0.007827720949838392,,341.88
21.4,-0.011171818181818189,-0.003164302876285084,0.00807772094983842,,341.88
21.404,-0.011171818181818189,-0.003504302876285091,0.008167720949838399,,341.88
21.408,-0.01108181818181821,-0.003844302876285098,0.008507720949838406,,341.88
21.412,-0.01108181818181821,-0.004014302876285102,0.008847720949838413,,341.88
21.416,-0.011171818181818189,-0.004354302876285109,0.009107720949838395,,341.88
21.42,-0.011171818181818189,-0.004614302876285091,0.009357720949838423,,341.88
21.424,-0.01108181818181821,-0.004784302876285095,0.009447720949838402,,341.88
21.428,-0.01108181818181821,-0.005124302876285102,0.00970772094983844,,341.88
21.432,-0.01108181818181821,-0.005384302876285084,0.00970772094983844,,341.88
21.436,-0.010911818181818207,-0.0056443028762850666,0.00970772094983844,,341.88
21.44,-0.010741818181818203,-0.0059843028762850735,0.00970772094983844,,341.88
21.444,-0.0105718181818182,-0.0062343028762851015,0.009957720949838413,,341.88
21.448,-0.010311818181818162,-0.0064143028762850595,0.010387720949838398,,341.88
21.452,-0.010231818181818193,-0.006754302876285066,0.010387720949838398,,341.88
21.456,-0.010231818181818193,-0.007094302876285073,0.010557720949838402,,341.88
21.46,-0.00997181818181821,-0.007264302876285077,0.010557720949838402,,341.88
21.464,-0.009711818181818172,-0.007524302876285059,0.010557720949838402,,341.88
21.468,-0.0094618181818182,-0.007774302876285087,0.010647720949838436,,341.88
21.472,-0.009371818181818165,-0.008034302876285069,0.010727720949838405,,341.88
21.476,-0.009201818181818162,-0.008124302876285103,0.010647720949838436,,341.88
21.48,-0.00894181818181818,-0.008374302876285076,0.010647720949838436,,341.88
21.484,-0.008691818181818207,-0.00854430287628508,0.010647720949838436,,341.88
21.488,-0.008601818181818172,-0.008884302876285086,0.010647720949838436,,341.88
21.492,-0.008261818181818165,-0.008974302876285065,0.010647720949838436,,341.88
21.496,-0.007921818181818158,-0.0090643028762851,0.010647720949838436,,341.88
21.5,-0.007751818181818155,-0.009234302876285103,0.010647720949838436,,341.88
21.504,-0.007411818181818203,-0.009314302876285072,0.010727720949838405,,341.88
21.508,-0.0070618181818181865,-0.00957430287628511,0.010647720949838436,,341.88
21.512,-0.006981818181818162,-0.009744302876285114,0.010557720949838402,,341.88
21.516,-0.006641818181818155,-0.009824302876285083,0.01029772094983842,,341.88
21.52,-0.0062918181818181936,-0.009914302876285062,0.01029772094983842,,341.88
21.524,-0.005951818181818187,-0.010084302876285065,0.010217720949838395,,341.88
21.528,-0.005701818181818159,-0.010084302876285065,0.010127720949838416,,341.88
21.532,-0.005351818181818197,-0.010004302876285096,0.010217720949838395,,341.88
21.536,-0.004931818181818166,-0.010004302876285096,0.010127720949838416,,341.88
21.54,-0.004581818181818204,-0.010084302876285065,0.009957720949838413,,341.88
21.544,-0.004241818181818197,-0.0101743028762851,0.009787720949838409,,341.88
21.548,-0.0039018181818181903,-0.010424302876285072,0.00970772094983844,,341.88
21.552,-0.003641818181818208,-0.010424302876285072,0.009447720949838402,,341.88
21.556,-0.003301818181818201,-0.010424302876285072,0.009277720949838399,,341.88
21.56,-0.0028818181818181694,-0.010424302876285072,0.009017720949838416,,341.88
21.564,-0.002531818181818208,-0.010424302876285072,0.008847720949838413,,341.88
21.568,-0.0021118181818181765,-0.010344302876285103,0.008337720949838402,,341.88
21.572,-0.0015918181818181563,-0.0101743028762851,0.007997720949838395,,341.88
21.576,-0.0013418181818181838,-0.0101743028762851,0.007737720949838413,,341.88
21.58,-0.0012518181818182048,-0.0101743028762851,0.007657720949838388,,341.88
21.584,-0.0008218181818181634,-0.0101743028762851,0.007307720949838427,,341.88
21.588,-0.0004018181818181874,-0.010084302876285065,0.007057720949838399,,341.88
21.592,2.8181818181798523e-05,-0.009914302876285062,0.006887720949838395,,341.88
21.596,0.0003681818181818055,-0.009744302876285114,0.006537720949838434,,341.88
21.6,0.0006281818181818435,-0.00965430287628508,0.006287720949838406,,341.88
21.604,0.0008881818181818259,-0.00965430287628508,0.0061177209498384025,,341.88
21.608,0.001228181818181833,-0.00957430287628511,0.0056877209498384165,,341.88
21.612,0.0016481818181818088,-0.009314302876285072,0.005177720949838406,,341.88
21.616,0.002078181818181795,-0.009234302876285103,0.004827720949838389,,341.88
21.62,0.002338181818181833,-0.008974302876285065,0.004577720949838417,,341.88
21.624,0.00267818181818184,-0.008974302876285065,0.004317720949838434,,341.88
21.628,0.0029381818181818224,-0.008804302876285062,0.003977720949838427,,341.88
21.632,0.0032781818181818294,-0.00854430287628508,0.003717720949838389,,341.88
21.636,0.0036181818181818363,-0.008374302876285076,0.0034677209498384163,,341.88
21.64,0.003958181818181843,-0.008124302876285103,0.0031277209498384094,,341.88
21.644,0.004298181818181795,-0.007864302876285065,0.002867720949838427,,341.88
21.648,0.004558181818181833,-0.007694302876285063,0.0026977209498384234,,341.88
21.652,0.00489818181818184,-0.007604302876285084,0.0023577209498384165,,341.88
21.656,0.005238181818181791,-0.007264302876285077,0.0020077209498383995,,341.88
21.66,0.005498181818181829,-0.00692430287628507,0.0016677209498383925,,341.88
21.664,0.005758181818181812,-0.0066643028762850874,0.0012377209498384066,,341.88
21.668,0.006178181818181843,-0.0063243028762850805,0.0009877209498384341,,341.88
21.672,0.0065281818181818045,-0.006064302876285098,0.0008177209498384308,,341.88
21.676,0.0067781818181818325,-0.0058943028762850945,0.0004777209498384238,,341.88
21.68,0.007038181818181815,-0.0056443028762850666,-4.227905016159666e-05,,341.88
21.684,0.007378181818181822,-0.005214302876285081,-0.0004622790501615726,,341.88
21.688,0.007638181818181804,-0.004874302876285074,-0.0008122790501615896,,341.88
21.692,0.007808181818181808,-0.004614302876285091,-0.0012322790501615656,,341.88
21.696,0.008148181818181815,-0.004274302876285084,-0.0015822790501615826,,341.88
21.7,0.008488181818181822,-0.003934302876285077,-0.0019222790501615896,,341.88
21.704,0.008658181818181825,-0.003504302876285091,-0.002522279050161579,,341.88
21.708,0.008918181818181808,-0.0032443028762851084,-0.002862279050161586,,341.88
21.712,0.009008181818181842,-0.0029943028762850804,-0.0031122790501615584,,341.88
21.716,0.009348181818181794,-0.0026543028762850735,-0.0033722790501615964,,341.88
21.72,0.0096881818181818,-0.0022243028762850875,-0.0037122790501616034,,341.88
21.724,0.009768181818181825,-0.0017943028762851016,-0.00405227905016161,,341.88
21.728,0.009858181818181804,-0.0014543028762850946,-0.004402279050161571,,341.88
21.732,0.010118181818181842,-0.0011143028762850876,-0.004652279050161599,,341.88
21.736,0.01028818181818179,-0.0008543028762851053,-0.005082279050161585,,341.88
21.74,0.010538181818181818,-0.0005943028762850673,-0.005342279050161568,,341.88
21.744,0.0107981818181818,-0.00025430287628506033,-0.005592279050161596,,341.88
21.748,0.011058181818181839,8.569712371489112e-05,-0.005762279050161599,,341.88
21.752,0.011058181818181839,0.0005156971237149326,-0.006112279050161561,,341.88
21.756,0.011058181818181839,0.0009356971237149085,-0.006362279050161589,,341.88
21.76,0.011058181818181839,0.0013656971237148946,-0.006622279050161571,,341.88
21.764,0.011058181818181839,0.001795697123714936,-0.007052279050161557,,341.88
21.768,0.011058181818181839,0.002225697123714922,-0.007392279050161564,,341.88
21.772,0.011058181818181839,0.002645697123714898,-0.0074722790501615885,,341.88
21.776,0.011058181818181839,0.0030756971237149394,-0.007732279050161571,,341.88
21.78,0.011058181818181839,0.003415697123714891,-0.007822279050161605,,341.88
21.784,0.011138181818181807,0.0035056971237149253,-0.008242279050161581,,341.88
21.788,0.011058181818181839,0.003765697123714908,-0.008582279050161588,,341.88
21.792,0.011058181818181839,0.004275697123714918,-0.008582279050161588,,341.88
21.796,0.011058181818181839,0.004705697123714904,-0.008582279050161588,,341.88
21.8,0.011058181818181839,0.005125697123714935,-0.008762279050161602,,341.88
21.804,0.011138181818181807,0.005465697123714887,-0.009012279050161574,,341.88
21.808,0.010968181818181804,0.0056456971237149,-0.009012279050161574,,341.88
21.812,0.010708181818181822,0.005985697123714907,-0.009182279050161578,,341.88
21.816,0.0107981818181818,0.006325697123714914,-0.00944227905016156,,341.88
21.82,0.010708181818181822,0.006665697123714921,-0.009522279050161585,,341.88
21.824,0.010458181818181794,0.0067556971237149,-0.009612279050161564,,341.88
21.828,0.010628181818181797,0.0068356971237149245,-0.009782279050161567,,341.88
21.832,0.010538181818181818,0.0071756971237149315,-0.009702279050161598,,341.88
21.836,0.010368181818181815,0.0076056971237149175,-0.009872279050161602,,341.88
21.84,0.010198181818181811,0.007945697123714925,-0.009872279050161602,,341.88
21.844,0.009948181818181839,0.008205697123714908,-0.009872279050161602,,341.88
21.848,0.009768181818181825,0.00846569712371489,-0.009782279050161567,,341.88
21.852,0.009518181818181797,0.008715697123714918,-0.009872279050161602,,341.88
21.856,0.009258181818181815,0.008885697123714922,-0.009872279050161602,,341.88
21.86,0.008918181818181808,0.009235697123714939,-0.009872279050161602,,341.88
21.864,0.008828181818181829,0.009485697123714911,-0.009872279050161602,,341.88
21.868,0.0085781818181818,0.009485697123714911,-0.009872279050161602,,341.88
21.872,0.008318181818181818,0.009655697123714915,-0.009872279050161602,,341.88
21.876,0.00806818181818179,0.009915697123714897,-0.009872279050161602,,341.88
21.88,0.007718181818181829,0.009995697123714922,-0.009872279050161602,,341.88
21.884,0.007468181818181801,0.009995697123714922,-0.00995227905016157,,341.88
21.888,0.007298181818181797,0.009995697123714922,-0.00995227905016157,,341.88
21.892,0.006948181818181836,0.009995697123714922,-0.009702279050161598,,341.88
21.896,0.006608181818181829,0.010255697123714904,-0.009872279050161602,,341.88
21.9,0.006358181818181801,0.010345697123714939,-0.009872279050161602,,341.88
21.904,0.00600818181818184,0.010425697123714908,-0.009782279050161567,,341.88
21.908,0.005668181818181833,0.010515697123714886,-0.009612279050161564,,341.88
21.912,0.005418181818181805,0.010425697123714908,-0.00944227905016156,,341.88
21.916,0.005158181818181822,0.010515697123714886,-0.009352279050161581,,341.88
21.92,0.004818181818181815,0.010765697123714914,-0.009102279050161609,,341.88
21.924,0.004558181818181833,0.011115697123714931,-0.009012279050161574,,341.88
21.928,0.004388181818181829,0.0111956971237149,-0.008672279050161567,,341.88
21.932,0.003958181818181843,0.0111956971237149,-0.008412279050161585,,341.88
21.936,0.003538181818181812,0.0111956971237149,-0.008582279050161588,,341.88
21.94,0.0032781818181818294,0.011115697123714931,-0.00833227905016156,,341.88
21.944,0.003188181818181795,0.010855697123714893,-0.007902279050161574,,341.88
21.948,0.002768181818181819,0.010765697123714914,-0.0075622790501615675,,341.88
21.952,0.002338181818181833,0.010855697123714893,-0.007302279050161585,,341.88
21.956,0.002078181818181795,0.010855697123714893,-0.007052279050161557,,341.88
21.96,0.0019081818181817913,0.010855697123714893,-0.006962279050161578,,341.88
21.964,0.0015681818181818399,0.01068569712371489,-0.006702279050161596,,341.88
21.968,0.0010581818181818294,0.010345697123714939,-0.006532279050161592,,341.88
21.972,0.0007081818181818124,0.010425697123714908,-0.006282279050161564,,341.88
21.976,0.0006281818181818435,0.010345697123714939,-0.005932279050161603,,341.88
21.98,0.0003681818181818055,0.009995697123714922,-0.005682279050161575,,341.88
21.984,2.8181818181798523e-05,0.009745697123714894,-0.005342279050161568,,341.88
21.988,-0.0004818181818181564,0.009915697123714897,-0.005082279050161585,,341.88
21.992,-0.0008218181818181634,0.009745697123714894,-0.004912279050161582,,341.88
21.996,-0.0009918181818181669,0.009405697123714887,-0.004652279050161599,,341.88
22.0,-0.0013418181818181838,0.0089756971237149,-0.004482279050161596,,341.88
22.004,-0.0017618181818181598,0.008635697123714894,-0.004232279050161568,,341.88
22.008,-0.002191818181818201,0.008375697123714911,-0.0038022790501615823,,341.88
22.012,-0.00228181818181818,0.008295697123714887,-0.0035422790501616,,341.88
22.016,-0.002621818181818187,0.008035697123714904,-0.0033722790501615964,,341.88
22.02,-0.0031318181818181974,0.008035697123714904,-0.0031122790501615584,,341.88
22.024,-0.00339181818181818,0.007945697123714925,-0.002862279050161586,,341.88
22.028,-0.003731818181818187,0.007775697123714921,-0.0024322790501616,,341.88
22.032,-0.003821818181818166,0.007525697123714893,-0.002092279050161593,,341.88
22.036,-0.004071818181818194,0.0072656971237149105,-0.001752279050161586,,341.88
22.04,-0.004581818181818204,0.007095697123714907,-0.0014922790501616036,,341.88
22.044,-0.004931818181818166,0.0067556971237149,-0.0012322790501615656,,341.88
22.048,-0.005101818181818169,0.006495697123714918,-0.0008122790501615896,,341.88
22.052,-0.005441818181818176,0.006325697123714914,-0.0003822790501616036,,341.88
22.056,-0.005781818181818183,0.005815697123714904,-0.00021227905016160014,,341.88
22.06,-0.006041818181818166,0.005555697123714921,4.772094983843784e-05,,341.88
22.064,-0.0062918181818181936,0.005385697123714918,0.0003877209498383893,,341.88
22.068,-0.006641818181818155,0.005045697123714911,0.0008177209498384308,,341.88
22.072,-0.006891818181818183,0.004705697123714904,0.0009877209498384341,,341.88
22.076,-0.0071518181818181654,0.004355697123714887,0.0012377209498384066,,341.88
22.08,-0.007491818181818172,0.004275697123714918,0.0015877209498384236,,341.88
22.084,-0.00783181818181818,0.0038456971237149323,0.001837720949838396,,341.88
22.088,-0.007921818181818158,0.003415697123714891,0.002097720949838434,,341.88
22.092,-0.008171818181818186,0.0031656971237149184,0.002437720949838441,,341.88
22.096,-0.008521818181818203,0.002995697123714915,0.0027777209498383924,,341.88
22.1,-0.008771818181818176,0.002645697123714898,0.003297720949838413,,341.88
22.104,-0.009031818181818158,0.0021356971237148875,0.00363772094983842,,341.88
22.108,-0.009111818181818183,0.0017056971237149015,0.003717720949838389,,341.88
22.112,-0.009371818181818165,0.001455697123714929,0.003977720949838427,,341.88
22.116,-0.009631818181818203,0.0012856971237149256,0.004317720949838434,,341.88
22.12,-0.009881818181818176,0.0009356971237149085,0.004577720949838417,,341.88
22.124,-0.00997181818181821,0.0005956971237149016,0.004917720949838424,,341.88
22.128,-0.00997181818181821,0.0003456971237149291,0.0053477209498384096,,341.88
22.132,-0.010141818181818158,0.00017569712371492561,0.0056877209498384165,,341.88
22.136,-0.010311818181818162,-0.00025430287628506033,0.00585772094983842,,341.88
22.14,-0.0105718181818182,-0.0006843028762851018,0.0061177209498384025,,341.88
22.144,-0.010651818181818169,-0.0010243028762851086,0.0063677209498384305,,341.88
22.148,-0.010651818181818169,-0.0012843028762850911,0.006627720949838413,,341.88
22.152,-0.010821818181818172,-0.0015343028762850636,0.00696772094983842,,341.88
22.156,-0.01108181818181821,-0.0018843028762850805,0.007227720949838402,,341.88
22.16,-0.011171818181818189,-0.0022243028762850875,0.007397720949838406,,341.88
22.164,-0.011171818181818189,-0.0025643028762850945,0.007737720949838413,,341.88
22.168,-0.01108181818181821,-0.002824302876285077,0.007997720949838395,,341.88
22.172,-0.01108181818181821,-0.003164302876285084,0.00807772094983842,,341.88
22.176,-0.011171818181818189,-0.003504302876285091,0.008167720949838399,,341.88
22.18,-0.011171818181818189,-0.0037643028762850733,0.00859772094983844,,341.88
22.184,-0.01108181818181821,-0.004014302876285102,0.008937720949838392,,341.88
22.188,-0.011171818181818189,-0.004444302876285088,0.009107720949838395,,341.88
22.192,-0.011171818181818189,-0.004784302876285095,0.009357720949838423,,341.88
22.196,-0.01108181818181821,-0.005044302876285077,0.009357720949838423,,341.88
22.2,-0.010821818181818172,-0.005214302876285081,0.009447720949838402,,341.88
22.204,-0.010741818181818203,-0.005474302876285063,0.00970772094983844,,341.88
22.208,-0.010741818181818203,-0.005554302876285088,0.009787720949838409,,341.88
22.212,-0.010651818181818169,-0.0058943028762850945,0.009957720949838413,,341.88
22.216,-0.010401818181818196,-0.0063243028762850805,0.009787720949838409,,341.88
22.22,-0.010311818181818162,-0.006584302876285063,0.009877720949838388,,341.88
22.224,-0.010141818181818158,-0.00692430287628507,0.010047720949838392,,341.88
22.228,-0.00997181818181821,-0.007184302876285108,0.010217720949838395,,341.88
22.232,-0.009881818181818176,-0.007264302876285077,0.010217720949838395,,341.88
22.236,-0.009631818181818203,-0.007604302876285084,0.010217720949838395,,341.88
22.24,-0.009371818181818165,-0.007864302876285065,0.01029772094983842,,341.88
22.244,-0.009111818181818183,-0.008034302876285069,0.010557720949838402,,341.88
22.248,-0.009031818181818158,-0.008294302876285107,0.010557720949838402,,341.88
22.252,-0.008771818181818176,-0.00854430287628508,0.010647720949838436,,341.88
22.256,-0.008521818181818203,-0.008804302876285062,0.010727720949838405,,341.88
22.26,-0.008171818181818186,-0.008884302876285086,0.010647720949838436,,341.88
22.264,-0.008001818181818183,-0.009144302876285069,0.010647720949838436,,341.88
22.268,-0.00783181818181818,-0.009404302876285107,0.010557720949838402,,341.88
22.272,-0.007491818181818172,-0.009744302876285114,0.01029772094983842,,341.88
22.276,-0.0071518181818181654,-0.009824302876285083,0.010127720949838416,,341.88
22.28,-0.006891818181818183,-0.009914302876285062,0.010127720949838416,,341.88
22.284,-0.006551818181818176,-0.010084302876285065,0.010127720949838416,,341.88
22.288,-0.006211818181818169,-0.010084302876285065,0.010127720949838416,,341.88
22.292,-0.005871818181818162,-0.0101743028762851,0.009877720949838388,,341.88
22.296,-0.005701818181818159,-0.010424302876285072,0.009877720949838388,,341.88
22.3,-0.005351818181818197,-0.010594302876285076,0.009787720949838409,,341.88
22.304,-0.00501181818181819,-0.010594302876285076,0.009787720949838409,,341.88
22.308,-0.004581818181818204,-0.010514302876285107,0.009787720949838409,,341.88
22.312,-0.004161818181818173,-0.010514302876285107,0.009617720949838406,,341.88
22.316,-0.003731818181818187,-0.010514302876285107,0.009357720949838423,,341.88
22.32,-0.0034718181818182044,-0.010594302876285076,0.009277720949838399,,341.88
22.324,-0.0032218181818181764,-0.010764302876285079,0.009107720949838395,,341.88
22.328,-0.0028818181818181694,-0.010764302876285079,0.008937720949838392,,341.88
22.332,-0.0024518181818181835,-0.01068430287628511,0.00859772094983844,,341.88
22.336,-0.0020218181818181975,-0.010514302876285107,0.008337720949838402,,341.88
22.34,-0.0016818181818181908,-0.010514302876285107,0.00807772094983842,,341.88
22.344,-0.0014218181818182083,-0.010514302876285107,0.007737720949838413,,341.88
22.348,-0.0011718181818181803,-0.010514302876285107,0.00747772094983843,,341.88
22.352,-0.0008218181818181634,-0.010514302876285107,0.007307720949838427,,341.88
22.356,-0.0004818181818181564,-0.010514302876285107,0.00696772094983842,,341.88
22.36,-5.181818181817046e-05,-0.010424302876285072,0.006627720949838413,,341.88
22.364,0.0003681818181818055,-0.0101743028762851,0.0063677209498384305,,341.88
22.368,0.0006281818181818435,-0.010084302876285065,0.0060277209498384235,,341.88
22.372,0.0007981818181817914,-0.009914302876285062,0.005767720949838441,,341.88
22.376,0.0011381818181817984,-0.009744302876285114,0.0056877209498384165,,341.88
22.38,0.0014781818181818054,-0.009744302876285114,0.005257720949838431,,341.88
22.384,0.001998181818181826,-0.00957430287628511,0.004827720949838389,,341.88
22.388,0.002418181818181802,-0.009314302876285072,0.004577720949838417,,341.88
22.392,0.00267818181818184,-0.009144302876285069,0.004487720949838438,,341.88
22.396,0.0029381818181818224,-0.008884302876285086,0.004067720949838406,,341.88
22.4,0.0032781818181818294,-0.008714302876285083,0.00363772094983842,,341.88
22.404,0.0036181818181818363,-0.00846430287628511,0.0033777209498384374,,341.88
22.408,0.003878181818181819,-0.008374302876285076,0.003297720949838413,,341.88
22.412,0.004048181818181822,-0.008124302876285103,0.0031277209498384094,,341.88
22.416,0.004388181818181829,-0.008034302876285069,0.0027777209498383924,,341.88
22.42,0.00489818181818184,-0.007694302876285063,0.002437720949838441,,341.88
22.424,0.005238181818181791,-0.007354302876285111,0.002177720949838403,,341.88
22.428,0.005418181818181805,-0.007184302876285108,0.0020077209498383995,,341.88
22.432,0.005668181818181833,-0.006834302876285091,0.0016677209498383925,,341.88
22.436,0.0060981818181818186,-0.006494302876285084,0.0011577209498384376,,341.88
22.44,0.0064381818181818255,-0.0063243028762850805,0.0008177209498384308,,341.88
22.444,0.006698181818181808,-0.0059843028762850735,0.0007277209498383963,,341.88
22.448,0.007038181818181815,-0.005554302876285088,0.0002977209498384103,,341.88
22.452,0.0072081818181818184,-0.005124302876285102,-0.00012227905016156564,,341.88
22.456,0.007378181818181822,-0.00470430287628507,-0.0004622790501615726,,341.88
22.46,0.007638181818181804,-0.004534302876285067,-0.0008122790501615896,,341.88
22.464,0.007718181818181829,-0.004354302876285109,-0.0010622790501615621,,341.88
22.468,0.007978181818181811,-0.004014302876285102,-0.0014922790501616036,,341.88
22.472,0.008238181818181794,-0.00359430287628507,-0.0020022790501615585,,341.88
22.476,0.0085781818181818,-0.003074302876285105,-0.0023422790501615655,,341.88
22.48,0.008828181818181829,-0.002734302876285098,-0.002522279050161579,,341.88
22.484,0.009008181818181842,-0.0025643028762850945,-0.0029422790501616104,,341.88
22.488,0.009258181818181815,-0.0022243028762850875,-0.003292279050161572,,341.88
22.492,0.009428181818181818,-0.0018843028762850805,-0.0033722790501615964,,341.88
22.496,0.0096881818181818,-0.0014543028762850946,-0.0037122790501616034,,341.88
22.5,0.009948181818181839,-0.0010243028762851086,-0.004232279050161568,,341.88
22.504,0.010198181818181811,-0.0005943028762850673,-0.004482279050161596,,341.88
22.508,0.01028818181818179,-0.00017430287628509135,-0.004652279050161599,,341.88
22.512,0.01028818181818179,0.0002556971237148946,-0.004992279050161606,,341.88
22.516,0.010538181818181818,0.0005956971237149016,-0.005342279050161568,,341.88
22.52,0.010538181818181818,0.0008556971237149395,-0.005512279050161571,,341.88
22.524,0.010538181818181818,0.0010256971237148876,-0.005852279050161578,,341.88
22.528,0.010708181818181822,0.0013656971237148946,-0.006112279050161561,,341.88
22.532,0.010968181818181804,0.001875697123714905,-0.006192279050161585,,341.88
22.536,0.010968181818181804,0.002305697123714891,-0.006452279050161568,,341.88
22.54,0.010968181818181804,0.002645697123714898,-0.006702279050161596,,341.88
22.544,0.010968181818181804,0.002905697123714936,-0.007052279050161557,,341.88
22.548,0.010968181818181804,0.003415697123714891,-0.007302279050161585,,341.88
22.552,0.010968181818181804,0.0038456971237149323,-0.0075622790501615675,,341.88
22.556,0.010968181818181804,0.004105697123714914,-0.007822279050161605,,341.88
22.56,0.010968181818181804,0.004355697123714887,-0.007902279050161574,,341.88
22.564,0.010968181818181804,0.004705697123714904,-0.008162279050161557,,341.88
22.568,0.010968181818181804,0.005045697123714911,-0.00833227905016156,,341.88
22.572,0.010888181818181835,0.005295697123714939,-0.008582279050161588,,341.88
22.576,0.010628181818181797,0.005555697123714921,-0.008672279050161567,,341.88
22.58,0.010538181818181818,0.005895697123714928,-0.008762279050161602,,341.88
22.584,0.010708181818181822,0.006325697123714914,-0.00884227905016157,,341.88
22.588,0.010888181818181835,0.006665697123714921,-0.009102279050161609,,341.88
22.592,0.010708181818181822,0.0068356971237149245,-0.009182279050161578,,341.88
22.596,0.010628181818181797,0.0071756971237149315,-0.009352279050161581,,341.88
22.6,0.010538181818181818,0.007525697123714893,-0.009352279050161581,,341.88
22.604,0.010538181818181818,0.0076056971237149175,-0.00944227905016156,,341.88
22.608,0.01028818181818179,0.007945697123714925,-0.009612279050161564,,341.88
22.612,0.010198181818181811,0.008115697123714929,-0.009872279050161602,,341.88
22.616,0.009948181818181839,0.008205697123714908,-0.009872279050161602,,341.88
22.62,0.0096881818181818,0.008635697123714894,-0.009872279050161602,,341.88
22.624,0.009428181818181818,0.008805697123714897,-0.009872279050161602,,341.88
22.628,0.009348181818181794,0.009055697123714925,-0.009872279050161602,,341.88
22.632,0.009088181818181811,0.009315697123714908,-0.009872279050161602,,341.88
22.636,0.008918181818181808,0.00957569712371489,-0.009872279050161602,,341.88
22.64,0.008658181818181825,0.009655697123714915,-0.010122279050161574,,341.88
22.644,0.0085781818181818,0.009745697123714894,-0.010212279050161609,,341.88
22.648,0.008238181818181794,0.009825697123714918,-0.010292279050161578,,341.88
22.652,0.007888181818181832,0.009655697123714915,-0.010292279050161578,,341.88
22.656,0.007638181818181804,0.009825697123714918,-0.010122279050161574,,341.88
22.66,0.007298181818181797,0.009995697123714922,-0.010212279050161609,,341.88
22.664,0.007038181818181815,0.0100856971237149,-0.010292279050161578,,341.88
22.668,0.006948181818181836,0.010175697123714935,-0.010382279050161612,,341.88
22.672,0.0065281818181818045,0.010345697123714939,-0.010212279050161609,,341.88
22.676,0.0060981818181818186,0.010515697123714886,-0.009872279050161602,,341.88
22.68,0.005838181818181836,0.010515697123714886,-0.009702279050161598,,341.88
22.684,0.005588181818181808,0.010425697123714908,-0.009872279050161602,,341.88
22.688,0.005238181818181791,0.010425697123714908,-0.009782279050161567,,341.88
22.692,0.004988181818181819,0.010425697123714908,-0.009522279050161585,,341.88
22.696,0.004648181818181812,0.010425697123714908,-0.009272279050161557,,341.88
22.7,0.004478181818181808,0.010515697123714886,-0.009182279050161578,,341.88
22.704,0.004128181818181791,0.01068569712371489,-0.008762279050161602,,341.88
22.708,0.0036181818181818363,0.010765697123714914,-0.008762279050161602,,341.88
22.712,0.003188181818181795,0.010765697123714914,-0.008582279050161588,,341.88
22.716,0.0029381818181818224,0.010855697123714893,-0.00833227905016156,,341.88
22.72,0.00267818181818184,0.010855697123714893,-0.008242279050161581,,341.88
22.724,0.002338181818181833,0.010855697123714893,-0.007992279050161609,,341.88
22.728,0.002078181818181795,0.010765697123714914,-0.007732279050161571,,341.88
22.732,0.0017381818181818433,0.010595697123714911,-0.0074722790501615885,,341.88
22.736,0.0015681818181818399,0.010425697123714908,-0.007302279050161585,,341.88
22.74,0.001228181818181833,0.010425697123714908,-0.007052279050161557,,341.88
22.744,0.0007081818181818124,0.010345697123714939,-0.006792279050161575,,341.88
22.748,0.0002881818181818365,0.009995697123714922,-0.006532279050161592,,341.88
22.752,2.8181818181798523e-05,0.009745697123714894,-0.006282279050161564,,341.88
22.756,-0.00014181818181820496,0.009655697123714915,-0.006192279050161585,,341.88
22.76,-0.0006518181818181599,0.009405697123714887,-0.005762279050161599,,341.88
22.764,-0.0009918181818181669,0.009235697123714939,-0.005342279050161568,,341.88
22.768,-0.0013418181818181838,0.009145697123714904,-0.005082279050161585,,341.88
22.772,-0.0016818181818181908,0.008885697123714922,-0.004912279050161582,,341.88
22.776,-0.0020218181818181975,0.008805697123714897,-0.004572279050161575,,341.88
22.78,-0.0023618181818182045,0.008545697123714915,-0.004312279050161592,,341.88
22.784,-0.002621818181818187,0.008295697123714887,-0.00405227905016161,,341.88
22.788,-0.002961818181818194,0.0078656971237149,-0.0037122790501616034,,341.88
22.792,-0.003301818181818201,0.0076956971237148964,-0.0033722790501615964,,341.88
22.796,-0.003731818181818187,0.007435697123714914,-0.0030322790501615894,,341.88
22.8,-0.004071818181818194,0.007345697123714935,-0.0026022790501616035,,341.88
22.804,-0.004241818181818197,0.007435697123714914,-0.0023422790501615655,,341.88
22.808,-0.004581818181818204,0.0071756971237149315,-0.0020022790501615585,,341.88
22.812,-0.004931818181818166,0.007005697123714928,-0.001662279050161607,,341.88
22.816,-0.005271818181818173,0.006665697123714921,-0.0013222790501616001,,341.88
22.82,-0.005521818181818201,0.006325697123714914,-0.0008922790501615586,,341.88
22.824,-0.005871818181818162,0.006065697123714932,-0.0005522790501616071,,341.88
22.828,-0.00612181818181819,0.005895697123714928,-0.00021227905016160014,,341.88
22.832,-0.006211818181818169,0.005465697123714887,4.772094983843784e-05,,341.88
22.836,-0.006641818181818155,0.005045697123714911,0.0004777209498384238,,341.88
22.84,-0.006981818181818162,0.004785697123714928,0.0008177209498384308,,341.88
22.844,-0.0071518181818181654,0.00452569712371489,0.0011577209498384376,,341.88
22.848,-0.007491818181818172,0.004185697123714939,0.0015877209498384236,,341.88
22.852,-0.007751818181818155,0.0038456971237149323,0.0020077209498383995,,341.88
22.856,-0.008001818181818183,0.003765697123714908,0.0023577209498384165,,341.88
22.86,-0.008261818181818165,0.0035056971237149253,0.002607720949838389,,341.88
22.864,-0.0083518181818182,0.002995697123714915,0.002867720949838427,,341.88
22.868,-0.008691818181818207,0.002565697123714929,0.003297720949838413,,341.88
22.872,-0.00894181818181818,0.002305697123714891,0.003717720949838389,,341.88
22.876,-0.009201818181818162,0.0021356971237148875,0.004067720949838406,,341.88
22.88,-0.0094618181818182,0.001795697123714936,0.004407720949838413,,341.88
22.884,-0.009541818181818169,0.0013656971237148946,0.004827720949838389,,341.88
22.888,-0.009801818181818207,0.0010256971237148876,0.005177720949838406,,341.88
22.892,-0.009801818181818207,0.0008556971237149395,0.0053477209498384096,,341.88
22.896,-0.00997181818181821,0.0005156971237149326,0.0056877209498384165,,341.88
22.9,-0.010231818181818193,0.00017569712371492561,0.0061177209498384025,,341.88
22.904,-0.010311818181818162,-8.430287628511236e-05,0.006537720949838434,,341.88
22.908,-0.010481818181818165,-0.00025430287628506033,0.006887720949838395,,341.88
22.912,-0.010741818181818203,-0.0005943028762850673,0.00696772094983842,,341.88
22.916,-0.010821818181818172,-0.0010243028762851086,0.007227720949838402,,341.88
22.92,-0.010741818181818203,-0.0014543028762850946,0.00747772094983843,,341.88
22.924,-0.010741818181818203,-0.001964302876285105,0.007827720949838392,,341.88
22.928,-0.010741818181818203,-0.002304302876285112,0.007997720949838395,,341.88
22.932,-0.010821818181818172,-0.002394302876285091,0.008167720949838399,,341.88
22.936,-0.010991818181818176,-0.002824302876285077,0.008507720949838406,,341.88
22.94,-0.01108181818181821,-0.0033343028762850874,0.008767720949838388,,341.88
22.944,-0.011171818181818189,-0.003414302876285112,0.008937720949838392,,341.88
22.948,-0.01108181818181821,-0.00359430287628507,0.008937720949838392,,341.88
22.952,-0.011171818181818189,-0.003934302876285077,0.008937720949838392,,341.88
22.956,-0.011171818181818189,-0.004184302876285105,0.009107720949838395,,341.88
22.96,-0.010991818181818176,-0.004444302876285088,0.009277720949838399,,341.88
22.964,-0.010821818181818172,-0.004784302876285095,0.009447720949838402,,341.88
22.968,-0.010821818181818172,-0.005124302876285102,0.00970772094983844,,341.88
22.972,-0.010741818181818203,-0.005384302876285084,0.009877720949838388,,341.88
22.976,-0.010741818181818203,-0.0056443028762850666,0.009877720949838388,,341.88
22.98,-0.0105718181818182,-0.0059843028762850735,0.009877720949838388,,341.88
22.984,-0.010311818181818162,-0.0064143028762850595,0.010047720949838392,,341.88
22.988,-0.010311818181818162,-0.006754302876285066,0.010127720949838416,,341.88
22.992,-0.010231818181818193,-0.006834302876285091,0.010217720949838395,,341.88
22.996,-0.00997181818181821,-0.007184302876285108,0.010127720949838416,,341.88
23.0,-0.009711818181818172,-0.00743430287628508,0.010127720949838416,,341.88
23.004,-0.0094618181818182,-0.007694302876285063,0.010217720949838395,,341.88
23.008,-0.009371818181818165,-0.00794430287628509,0.010217720949838395,,341.88
23.012,-0.009111818181818183,-0.008124302876285103,0.010217720949838395,,341.88
23.016,-0.00894181818181818,-0.00846430287628511,0.010127720949838416,,341.88
23.02,-0.008861818181818155,-0.008714302876285083,0.010217720949838395,,341.88
23.024,-0.008691818181818207,-0.008884302876285086,0.010217720949838395,,341.88
23.028,-0.0083518181818182,-0.009144302876285069,0.010127720949838416,,341.88
23.032,-0.008091818181818162,-0.009404302876285107,0.010127720949838416,,341.88
23.036,-0.007751818181818155,-0.00965430287628508,0.010127720949838416,,341.88
23.04,-0.007491818181818172,-0.009744302876285114,0.009957720949838413,,341.88
23.044,-0.007411818181818203,-0.009744302876285114,0.009957720949838413,,341.88
23.048,-0.0070618181818181865,-0.010084302876285065,0.009877720949838388,,341.88
23.052,-0.006551818181818176,-0.0101743028762851,0.00970772094983844,,341.88
23.056,-0.006211818181818169,-0.0101743028762851,0.009447720949838402,,341.88
23.06,-0.006041818181818166,-0.010514302876285107,0.009537720949838437,,341.88
23.064,-0.005701818181818159,-0.010514302876285107,0.009537720949838437,,341.88
23.068,-0.005441818181818176,-0.010514302876285107,0.009357720949838423,,341.88
23.072,-0.005351818181818197,-0.010594302876285076,0.009357720949838423,,341.88
23.076,-0.00501181818181819,-0.010764302876285079,0.009277720949838399,,341.88
23.08,-0.004671818181818183,-0.010764302876285079,0.009107720949838395,,341.88
23.084,-0.004161818181818173,-0.010854302876285114,0.008937720949838392,,341.88
23.088,-0.003731818181818187,-0.010944302876285093,0.008847720949838413,,341.88
23.092,-0.00339181818181818,-0.010944302876285093,0.00859772094983844,,341.88
23.096,-0.0031318181818181974,-0.010944302876285093,0.008417720949838427,,341.88
23.1,-0.0028818181818181694,-0.010854302876285114,0.00807772094983842,,341.88
23.104,-0.002531818181818208,-0.010854302876285114,0.007737720949838413,,341.88
23.108,-0.0021118181818181765,-0.010854302876285114,0.00747772094983843,,341.88
23.112,-0.0016818181818181908,-0.010854302876285114,0.007307720949838427,,341.88
23.116,-0.0013418181818181838,-0.010764302876285079,0.007057720949838399,,341.88
23.12,-0.0009118181818181979,-0.010514302876285107,0.006797720949838416,,341.88
23.124,-0.0005718181818181909,-0.010514302876285107,0.006537720949838434,,341.88
23.128,-0.0004018181818181874,-0.010514302876285107,0.0063677209498384305,,341.88
23.132,-5.181818181817046e-05,-0.010344302876285103,0.0060277209498384235,,341.88
23.136,0.0002881818181818365,-0.010084302876285065,0.005767720949838441,,341.88
23.14,0.0007981818181817914,-0.010084302876285065,0.0055977209498384375,,341.88
23.144,0.001228181818181833,-0.009914302876285062,0.0053477209498384096,,341.88
23.148,0.0015681818181818399,-0.009744302876285114,0.005177720949838406,,341.88
23.152,0.0018281818181818223,-0.00957430287628511,0.004827720949838389,,341.88
23.156,0.002078181818181795,-0.009314302876285072,0.004487720949838438,,341.88
23.16,0.0025081818181818365,-0.009144302876285069,0.004147720949838431,,341.88
23.164,0.0029381818181818224,-0.008884302876285086,0.0038877209498383923,,341.88
23.168,0.003188181818181795,-0.008714302876285083,0.003547720949838441,,341.88
23.172,0.003538181818181812,-0.00846430287628511,0.0033777209498384374,,341.88
23.176,0.0037081818181818153,-0.008374302876285076,0.0034677209498384163,,341.88
23.18,0.004048181818181822,-0.008124302876285103,0.003207720949838434,,341.88
23.184,0.004478181818181808,-0.00794430287628509,0.002867720949838427,,341.88
23.188,0.004728181818181836,-0.007604302876285084,0.00252772094983842,,341.88
23.192,0.00489818181818184,-0.007354302876285111,0.0023577209498384165,,341.88
23.196,0.005238181818181791,-0.007184302876285108,0.0020077209498383995,,341.88
23.2,0.005588181818181808,-0.006834302876285091,0.001497720949838389,,341.88
23.204,0.005758181818181812,-0.0064143028762850595,0.0011577209498384376,,341.88
23.208,0.0060981818181818186,-0.0059843028762850735,0.0010677209498384031,,341.88
23.212,0.0065281818181818045,-0.0056443028762850666,0.0008177209498384308,,341.88
23.216,0.0067781818181818325,-0.005474302876285063,0.0002977209498384103,,341.88
23.22,0.006948181818181836,-0.005124302876285102,-4.227905016159666e-05,,341.88
23.224,0.007378181818181822,-0.00470430287628507,-0.00021227905016160014,,341.88
23.228,0.007638181818181804,-0.004354302876285109,-0.0005522790501616071,,341.88
23.232,0.007808181818181808,-0.004104302876285081,-0.0011522790501615966,,341.88
23.236,0.00806818181818179,-0.003844302876285098,-0.001402279050161569,,341.88
23.24,0.008148181818181815,-0.003504302876285091,-0.001752279050161586,,341.88
23.244,0.008408181818181797,-0.003074302876285105,-0.0020022790501615585,,341.88
23.248,0.0085781818181818,-0.0026543028762850735,-0.002092279050161593,,341.88
23.252,0.009008181818181842,-0.002394302876285091,-0.0024322790501616,0.0005804917424383188,341.88
23.256,0.009348181818181794,-0.0018843028762850805,-0.0029422790501616104,0.0007504917424383222,341.88
23.26,0.009518181818181797,-0.0014543028762850946,-0.003292279050161572,0.0010904917424382737,341.88
23.264,0.009768181818181825,-0.0010243028762851086,-0.0033722790501615964,0.0015204917424383152,341.88
23.268,0.009768181818181825,-0.0005943028762850673,-0.0038022790501615823,0.0017704917424382876,341.88
23.272,0.009948181818181839,-0.00034430287628509483,-0.004142279050161589,0.001940491742438291,341.88
23.276,0.01028818181818179,-0.00017430287628509135,-0.004232279050161568,0.0022904917424383083,341.88
23.28,0.01028818181818179,0.00017569712371492561,-0.004482279050161596,0.0026304917424383152,341.88
23.284,0.01028818181818179,0.0005956971237149016,-0.004822279050161603,0.0028804917424382877,341.88
23.288,0.010538181818181818,0.0009356971237149085,-0.005082279050161585,0.0032304917424383047,341.88
23.292,0.010628181818181797,0.0013656971237148946,-0.005422279050161592,0.003480491742438277,341.88
23.296,0.010708181818181822,0.001795697123714936,-0.005682279050161575,0.003830491742438294,341.88
23.3,0.010968181818181804,0.0021356971237148875,-0.005932279050161603,0.004000491742438298,341.88
23.304,0.010968181818181804,0.002565697123714929,-0.006282279050161564,0.0043404917424383046,341.88
23.308,0.010968181818181804,0.002995697123714915,-0.006532279050161592,0.004590491742438277,341.88
23.312,0.011058181818181839,0.0031656971237149184,-0.006702279050161596,0.004850491742438315,341.88
23.316,0.011058181818181839,0.0035056971237149253,-0.006962279050161578,0.005190491742438322,341.88
23.32,0.011058181818181839,0.003935697123714911,-0.0071322790501615815,0.005530491742438273,341.88
23.324,0.011058181818181839,0.004355697123714887,-0.0074722790501615885,0.005620491742438308,341.88
23.328,0.011058181818181839,0.004615697123714925,-0.007732279050161571,0.00588049174243829,341.88
23.332,0.011138181818181807,0.004705697123714904,-0.007992279050161609,0.006050491742438294,341.88
23.336,0.011228181818181842,0.005045697123714911,-0.008242279050161581,0.006300491742438322,341.88
23.34,0.011228181818181842,0.005465697123714887,-0.008412279050161585,0.006470491742438325,341.88
23.344,0.010968181818181804,0.005815697123714904,-0.008582279050161588,0.006650491742438283,341.88
23.348,0.010708181818181822,0.006065697123714932,-0.008582279050161588,0.006820491742438287,341.88
23.352,0.010538181818181818,0.006405697123714939,-0.008582279050161588,0.007070491742438315,341.88
23.356,0.010538181818181818,0.006495697123714918,-0.008672279050161567,0.007240491742438318,341.88
23.36,0.010538181818181818,0.006665697123714921,-0.008762279050161602,0.007500491742438301,341.88
23.364,0.010538181818181818,0.007095697123714907,-0.009102279050161609,0.007670491742438304,341.88
23.368,0.010368181818181815,0.0072656971237149105,-0.009352279050161581,0.007930491742438286,341.88
23.372,0.01028818181818179,0.0072656971237149105,-0.009522279050161585,0.008180491742438314,341.88
23.376,0.010198181818181811,0.0076056971237149175,-0.009522279050161585,0.008440491742438296,341.88
23.38,0.010198181818181811,0.007945697123714925,-0.009522279050161585,0.008530491742438275,341.88
23.384,0.010028181818181808,0.008205697123714908,-0.009522279050161585,0.008700491742438279,341.88
23.388,0.009768181818181825,0.008375697123714911,-0.00995227905016157,0.008870491742438282,341.88
23.392,0.009598181818181822,0.008635697123714894,-0.010292279050161578,0.009040491742438286,341.88
23.396,0.009428181818181818,0.008885697123714922,-0.010292279050161578,0.009300491742438324,341.88
23.4,0.009348181818181794,0.009145697123714904,-0.010292279050161578,0.009380491742438293,341.88
23.404,0.009088181818181811,0.009145697123714904,-0.010382279050161612,0.009300491742438324,341.88
23.408,0.008828181818181829,0.009145697123714904,-0.010382279050161612,0.009300491742438324,341.88
23.412,0.0085781818181818,0.009235697123714939,-0.010292279050161578,0.009380491742438293,341.88
23.416,0.008488181818181822,0.009485697123714911,-0.010292279050161578,0.009550491742438296,341.88
23.42,0.008148181818181815,0.009485697123714911,-0.010292279050161578,0.009550491742438296,341.88
23.424,0.007888181818181832,0.009655697123714915,-0.010382279050161612,0.009550491742438296,341.88
23.428,0.007638181818181804,0.009825697123714918,-0.010292279050161578,0.009550491742438296,341.88
23.432,0.007298181818181797,0.009825697123714918,-0.010382279050161612,0.009470491742438272,341.88
23.436,0.006948181818181836,0.009995697123714922,-0.010292279050161578,0.009380491742438293,341.88
23.44,0.006698181818181808,0.009995697123714922,-0.010292279050161578,0.009300491742438324,341.88
23.444,0.0065281818181818045,0.009995697123714922,-0.010042279050161605,0.009300491742438324,341.88
23.448,0.006178181818181843,0.009995697123714922,-0.00995227905016157,0.009300491742438324,341.88
23.452,0.005758181818181812,0.009995697123714922,-0.00995227905016157,0.009300491742438324,341.88
23.456,0.005498181818181829,0.009995697123714922,-0.00995227905016157,0.009300491742438324,341.88
23.46,0.005238181818181791,0.009995697123714922,-0.009872279050161602,0.009300491742438324,341.88
23.464,0.004818181818181815,0.009995697123714922,-0.009522279050161585,0.009300491742438324,341.88
23.468,0.004388181818181829,0.010255697123714904,-0.009272279050161557,0.009300491742438324,341.88
23.472,0.004048181818181822,0.010345697123714939,-0.00944227905016156,0.009300491742438324,341.88
23.476,0.00378818181818184,0.010345697123714939,-0.009272279050161557,0.009300491742438324,341.88
23.48,0.0036181818181818363,0.010345697123714939,-0.009012279050161574,0.009300491742438324,341.88
23.484,0.0032781818181818294,0.010425697123714908,-0.008672279050161567,0.00921049174243829,341.88
23.488,0.0028481818181818434,0.010515697123714886,-0.008582279050161588,0.008950491742438307,341.88
23.492,0.002418181818181802,0.010425697123714908,-0.008412279050161585,0.008780491742438303,341.88
23.496,0.002078181818181795,0.010425697123714908,-0.008072279050161578,0.008700491742438279,341.88
23.5,0.0019081818181817913,0.010425697123714908,-0.007992279050161609,0.008440491742438296,341.88
23.504,0.0015681818181818399,0.010425697123714908,-0.0074722790501615885,0.008440491742438296,341.88
23.508,0.0011381818181817984,0.010345697123714939,-0.007302279050161585,0.008360491742438272,341.88
23.512,0.0007981818181817914,0.0100856971237149,-0.007052279050161557,0.00810049174243829,341.88
23.516,0.00045818181818184,0.0100856971237149,-0.006872279050161599,0.00801049174243831,341.88
23.52,0.000198181818181802,0.0100856971237149,-0.006532279050161592,0.007760491742438283,341.88
23.524,-0.00014181818181820496,0.009825697123714918,-0.006282279050161564,0.007670491742438304,341.88
23.528,-0.0004818181818181564,0.009315697123714908,-0.006192279050161585,0.007500491742438301,341.88
23.532,-0.0008218181818181634,0.009235697123714939,-0.005762279050161599,0.007240491742438318,341.88
23.536,-0.0013418181818181838,0.009145697123714904,-0.005422279050161592,0.007160491742438294,341.88
23.54,-0.0017618181818181598,0.008885697123714922,-0.005342279050161568,0.006900491742438311,341.88
23.544,-0.0021118181818181765,0.008635697123714894,-0.005082279050161585,0.006650491742438283,341.88
23.548,-0.0023618181818182045,0.00846569712371489,-0.004572279050161575,0.006390491742438301,341.88
23.552,-0.002621818181818187,0.00846569712371489,-0.004232279050161568,0.006300491742438322,341.88
23.556,-0.002961818181818194,0.008295697123714887,-0.00405227905016161,0.006050491742438294,341.88
23.56,-0.00339181818181818,0.008035697123714904,-0.0037122790501616034,0.00588049174243829,341.88
23.564,-0.003821818181818166,0.007945697123714925,-0.0033722790501615964,0.005620491742438308,341.88
23.568,-0.003991818181818169,0.0076956971237148964,-0.0030322790501615894,0.005450491742438304,341.88
23.572,-0.004241818181818197,0.0076056971237149175,-0.002862279050161586,0.0051104917424382975,341.88
23.576,-0.004581818181818204,0.007435697123714914,-0.002522279050161579,0.0047704917424382905,341.88
23.58,-0.00501181818181819,0.0071756971237149315,-0.002172279050161562,0.004510491742438308,341.88
23.584,-0.005271818181818173,0.007095697123714907,-0.001662279050161607,0.004250491742438326,341.88
23.588,-0.005441818181818176,0.0067556971237149,-0.0012322790501615656,0.004000491742438298,341.88
23.592,-0.005781818181818183,0.006405697123714939,-0.0008922790501615586,0.003830491742438294,341.88
23.596,-0.006211818181818169,0.006325697123714914,-0.0006422790501615861,0.003480491742438277,341.88
23.6,-0.006461818181818197,0.005895697123714928,-0.0003822790501616036,0.0033104917424382737,341.88
23.604,-0.0067218181818181795,0.005555697123714921,-4.227905016159666e-05,0.003060491742438301,341.88
23.608,-0.0070618181818181865,0.005385697123714918,0.0002977209498384103,0.0027104917424382842,341.88
23.612,-0.007321818181818169,0.005045697123714911,0.0007277209498383963,0.0023704917424382773,341.88
23.616,-0.007411818181818203,0.004705697123714904,0.0011577209498384376,0.002120491742438305,341.88
23.62,-0.007661818181818176,0.004355697123714887,0.0015877209498384236,0.0017704917424382876,341.88
23.624,-0.007921818181818158,0.004105697123714914,0.0020077209498383995,0.0015204917424383152,341.88
23.628,-0.0083518181818182,0.003765697123714908,0.0023577209498384165,0.0013504917424383117,341.88
23.632,-0.008691818181818207,0.0035056971237149253,0.002607720949838389,0.0010004917424382947,341.88
23.636,-0.008861818181818155,0.0031656971237149184,0.002867720949838427,0.0006604917424382877,341.88
23.64,-0.009031818181818158,0.002995697123714915,0.003207720949838434,0.0003204917424382808,341.88
23.644,-0.009111818181818183,0.002645697123714898,0.003547720949838441,0.00015049174243827733,341.88
23.648,-0.009291818181818196,0.002305697123714891,0.003977720949838427,-0.00018950825756167413,341.88
23.652,-0.009541818181818169,0.001795697123714936,0.004487720949838438,-0.00044950825756171213,341.88
23.656,-0.00997181818181821,0.001455697123714929,0.004917720949838424,-0.0006995082575616846,341.88
23.66,-0.010051818181818179,0.0012856971237149256,0.005177720949838406,-0.0010495082575617016,341.88
23.664,-0.010141818181818158,0.0009356971237149085,0.0053477209498384096,-0.0013895082575617085,341.88
23.668,-0.010311818181818162,0.0005956971237149016,0.0056877209498384165,-0.0017295082575617155,341.88
23.672,-0.010311818181818162,0.00017569712371492561,0.0061177209498384025,-0.001899508257561719,341.88
23.676,-0.010401818181818196,-8.430287628511236e-05,0.0064577209498384094,-0.0022395082575617257,341.88
23.68,-0.010651818181818169,-0.00025430287628506033,0.006707720949838437,-0.0026695082575617117,341.88
23.684,-0.010741818181818203,-0.0005943028762850673,0.00696772094983842,-0.002929508257561694,341.88
23.688,-0.010821818181818172,-0.0010243028762851086,0.007397720949838406,-0.003179508257561722,341.88
23.692,-0.010911818181818207,-0.0014543028762850946,0.007737720949838413,-0.0035295082575616836,341.88
23.696,-0.010991818181818176,-0.0018843028762850805,0.007907720949838416,-0.0037795082575617115,341.88
23.7,-0.010991818181818176,-0.0022243028762850875,0.008167720949838399,-0.003949508257561715,341.88
23.704,-0.01108181818181821,-0.00247430287628506,0.008417720949838427,-0.004289508257561722,341.88
23.708,-0.011171818181818189,-0.002734302876285098,0.00859772094983844,-0.0045495082575617045,341.88
23.712,-0.011171818181818189,-0.003164302876285084,0.008847720949838413,-0.004809508257561687,341.88
23.716,-0.01108181818181821,-0.00359430287628507,0.009017720949838416,-0.005059508257561715,341.88
23.72,-0.011171818181818189,-0.003934302876285077,0.009277720949838399,-0.005229508257561718,341.88
23.724,-0.01108181818181821,-0.004184302876285105,0.009357720949838423,-0.00557950825756168,341.88
23.728,-0.010821818181818172,-0.004354302876285109,0.009357720949838423,-0.005829508257561708,341.88
23.732,-0.010741818181818203,-0.00470430287628507,0.009447720949838402,-0.005999508257561711,341.88
23.736,-0.010741818181818203,-0.005214302876285081,0.00970772094983844,-0.006259508257561694,341.88
23.74,-0.010741818181818203,-0.0056443028762850666,0.009877720949838388,-0.006349508257561673,341.88
23.744,-0.010741818181818203,-0.00581430287628507,0.010127720949838416,-0.006599508257561701,341.88
23.748,-0.010481818181818165,-0.006064302876285098,0.010127720949838416,-0.006859508257561683,341.88
23.752,-0.010311818181818162,-0.0064143028762850595,0.010127720949838416,-0.007119508257561721,341.88
23.756,-0.010231818181818193,-0.006754302876285066,0.01029772094983842,-0.00719950825756169,341.88
23.76,-0.010141818181818158,-0.007094302876285073,0.010557720949838402,-0.007459508257561673,341.88
23.764,-0.010051818181818179,-0.007354302876285111,0.010557720949838402,-0.007709508257561701,341.88
23.768,-0.009881818181818176,-0.007694302876285063,0.010557720949838402,-0.007969508257561684,341.88
23.772,-0.009541818181818169,-0.00794430287628509,0.010557720949838402,-0.007969508257561684,341.88
23.776,-0.009291818181818196,-0.008124302876285103,0.010557720949838402,-0.008059508257561718,341.88
23.78,-0.009111818181818183,-0.00846430287628511,0.010557720949838402,-0.008479508257561694,341.88
23.784,-0.009031818181818158,-0.008714302876285083,0.010557720949838402,-0.008399508257561725,341.88
23.788,-0.008771818181818176,-0.008974302876285065,0.010557720949838402,-0.008479508257561694,341.88
23.792,-0.008601818181818172,-0.009234302876285103,0.010647720949838436,-0.008649508257561698,341.88
23.796,-0.008261818181818165,-0.009404302876285107,0.010727720949838405,-0.008819508257561701,341.88
23.8,-0.008001818181818183,-0.00965430287628508,0.010477720949838433,-0.009079508257561684,341.88
23.804,-0.00783181818181818,-0.009744302876285114,0.010217720949838395,-0.009339508257561722,341.88
23.808,-0.007411818181818203,-0.010004302876285096,0.010127720949838416,-0.009589508257561694,341.88
23.812,-0.0070618181818181865,-0.010084302876285065,0.010217720949838395,-0.009589508257561694,341.88
23.816,-0.006891818181818183,-0.010424302876285072,0.010047720949838392,-0.009589508257561694,341.88
23.82,-0.006641818181818155,-0.010594302876285076,0.009787720949838409,-0.009679508257561729,341.88
23.824,-0.006551818181818176,-0.010594302876285076,0.009787720949838409,-0.009679508257561729,341.88
23.828,-0.006211818181818169,-0.010594302876285076,0.009787720949838409,-0.009679508257561729,341.88
23.832,-0.005871818181818162,-0.010764302876285079,0.009537720949838437,-0.009849508257561677,341.88
23.836,-0.005521818181818201,-0.010764302876285079,0.009537720949838437,-0.009939508257561711,341.88
23.84,-0.005101818181818169,-0.010764302876285079,0.009537720949838437,-0.009939508257561711,341.88
23.844,-0.004841818181818187,-0.010854302876285114,0.00918772094983842,-0.009679508257561729,341.88
23.848,-0.00450181818181818,-0.010944302876285093,0.009107720949838395,-0.009589508257561694,341.88
23.852,-0.004161818181818173,-0.011024302876285062,0.008937720949838392,-0.009679508257561729,341.88
23.856,-0.003821818181818166,-0.0112843028762851,0.008847720949838413,-0.009589508257561694,341.88
23.86,-0.00339181818181818,-0.0112843028762851,0.00859772094983844,-0.009679508257561729,341.88
23.864,-0.0031318181818181974,-0.011194302876285065,0.008417720949838427,-0.009589508257561694,341.88
23.868,-0.0027918181818181904,-0.010944302876285093,0.008167720949838399,-0.009509508257561725,341.88
23.872,-0.0024518181818181835,-0.010944302876285093,0.007907720949838416,-0.009249508257561687,341.88
23.876,-0.0021118181818181765,-0.011114302876285096,0.00747772094983843,-0.009249508257561687,341.88
23.88,-0.0017618181818181598,-0.010944302876285093,0.007227720949838402,-0.009249508257561687,341.88
23.884,-0.0014218181818182083,-0.010854302876285114,0.00696772094983842,-0.009169508257561718,341.88
23.888,-0.0012518181818182048,-0.010944302876285093,0.006797720949838416,-0.008999508257561715,341.88
23.892,-0.0009118181818181979,-0.010764302876285079,0.0064577209498384094,-0.008819508257561701,341.88
23.896,-0.0004818181818181564,-0.010514302876285107,0.006197720949838427,-0.008819508257561701,341.88
23.9,-5.181818181817046e-05,-0.010514302876285107,0.0060277209498384235,-0.008739508257561677,341.88
23.904,0.0003681818181818055,-0.010514302876285107,0.005767720949838441,-0.008649508257561698,341.88
23.908,0.0006281818181818435,-0.010254302876285069,0.0055977209498384375,-0.008399508257561725,341.88
23.912,0.0007981818181817914,-0.010004302876285096,0.005257720949838431,-0.008309508257561691,341.88
23.916,0.0011381818181817984,-0.009744302876285114,0.004827720949838389,-0.008059508257561718,341.88
23.92,0.0016481818181818088,-0.00957430287628511,0.004577720949838417,-0.00779950825756168,341.88
23.924,0.002078181818181795,-0.009314302876285072,0.004407720949838413,-0.007629508257561676,341.88
23.928,0.0022481818181817985,-0.009314302876285072,0.004067720949838406,-0.007539508257561697,341.88
23.932,0.0025081818181818365,-0.009234302876285103,0.0038077209498384233,-0.007289508257561725,341.88
23.936,0.0028481818181818434,-0.008884302876285086,0.00363772094983842,-0.007119508257561721,341.88
23.94,0.0032781818181818294,-0.00854430287628508,0.003207720949838434,-0.006859508257561683,341.88
23.944,0.003448181818181833,-0.008374302876285076,0.002867720949838427,-0.006599508257561701,341.88
23.948,0.0037081818181818153,-0.008124302876285103,0.002867720949838427,-0.006259508257561694,341.88
23.952,0.004048181818181822,-0.007864302876285065,0.0026977209498384234,-0.005999508257561711,341.88
23.956,0.004388181818181829,-0.007524302876285059,0.0023577209498384165,-0.005829508257561708,341.88
23.96,0.004728181818181836,-0.007184302876285108,0.002097720949838434,-0.005489508257561701,341.88
23.964,0.00489818181818184,-0.00692430287628507,0.0020077209498383995,-0.005229508257561718,341.88
23.968,0.005238181818181791,-0.006754302876285066,0.0016677209498383925,-0.005059508257561715,341.88
23.972,0.005758181818181812,-0.0063243028762850805,0.0012377209498384066,-0.004719508257561708,341.88
23.976,0.0060981818181818186,-0.0058943028762850945,0.0009877209498384341,-0.004289508257561722,341.88
23.98,0.006268181818181822,-0.005724302876285091,0.0007277209498383963,-0.004039508257561694,341.88
23.984,0.0065281818181818045,-0.005474302876285063,0.0003877209498383893,-0.0037795082575617115,341.88
23.988,0.0067781818181818325,-0.005044302876285077,0.00012772094983840682,-0.0034395082575617046,341.88
23.992,0.007038181818181815,-0.004784302876285095,-0.00012227905016156564,-0.0030095082575617186,341.88
23.996,0.007378181818181822,-0.004354302876285109,-0.0004622790501615726,-0.002589508257561687,341.88
24.0,0.007548181818181825,-0.003934302876285077,-0.0007222790501616106,-0.0024095082575616737,341.88
24.004,0.007718181818181829,-0.00359430287628507,-0.0009822790501615932,-0.0021595082575617012,341.88
24.008,0.00806818181818179,-0.003414302876285112,-0.0014922790501616036,-0.0018195082575616945,341.88
24.012,0.008318181818181818,-0.003074302876285105,-0.0020022790501615585,-0.0013895082575617085,341.88
24.016,0.008658181818181825,-0.002734302876285098,-0.002172279050161562,-0.0010495082575617016,341.88
24.02,0.008918181818181808,-0.0022243028762850875,-0.0026022790501616035,-0.0006195082575617156,341.88
24.024,0.009008181818181842,-0.0017943028762851016,-0.0029422790501616104,-0.00018950825756167413,341.88
24.028,0.009258181818181815,-0.0014543028762850946,-0.0030322790501615894,0.00015049174243827733,341.88
24.032,0.009518181818181797,-0.0011943028762851121,-0.003292279050161572,0.0004104917424383153,341.88
24.036,0.009768181818181825,-0.0009443028762850843,-0.003632279050161579,0.0007504917424383222,341.88
24.04,0.009858181818181804,-0.0004243028762850638,-0.0038022790501615823,0.0010904917424382737,341.88
24.044,0.010118181818181842,-0.00017430287628509135,-0.00405227905016161,0.0015204917424383152,341.88
24.048,0.010118181818181842,0.00017569712371492561,-0.004232279050161568,0.0018604917424383221,341.88
24.052,0.010198181818181811,0.0005956971237149016,-0.004652279050161599,0.0022904917424383083,341.88
24.056,0.010458181818181794,0.0010256971237148876,-0.004992279050161606,0.0026304917424383152,341.88
24.06,0.010538181818181818,0.001455697123714929,-0.005172279050161564,0.0028004917424383187,341.88
24.064,0.010708181818181822,0.0017056971237149015,-0.005512279050161571,0.0031404917424383257,341.88
24.068,0.010968181818181804,0.001795697123714936,-0.005762279050161599,0.0035704917424383116,341.88
24.072,0.010968181818181804,0.002225697123714922,-0.005932279050161603,0.003910491742438319,341.88
24.076,0.010968181818181804,0.002645697123714898,-0.006192279050161585,0.0043404917424383046,341.88
24.08,0.010968181818181804,0.0030756971237149394,-0.006362279050161589,0.0046804917424383115,341.88
24.084,0.010968181818181804,0.003415697123714891,-0.006702279050161596,0.004850491742438315,341.88
24.088,0.011058181818181839,0.0035856971237148943,-0.007052279050161557,0.005190491742438322,341.88
24.092,0.011138181818181807,0.0038456971237149323,-0.0072222790501615605,0.005620491742438308,341.88
24.096,0.011058181818181839,0.004275697123714918,-0.007392279050161564,0.00588049174243829,341.88
24.1,0.011058181818181839,0.004705697123714904,-0.0074722790501615885,0.006050491742438294,341.88
24.104,0.011058181818181839,0.004955697123714932,-0.007732279050161571,0.006390491742438301,341.88
24.108,0.011058181818181839,0.005215697123714914,-0.007992279050161609,0.006650491742438283,341.88
24.112,0.011058181818181839,0.005555697123714921,-0.00833227905016156,0.006900491742438311,341.88
24.116,0.011058181818181839,0.005815697123714904,-0.008412279050161585,0.007240491742438318,341.88
24.12,0.011058181818181839,0.005985697123714907,-0.008412279050161585,0.00759049174243828,341.88
24.124,0.010968181818181804,0.006325697123714914,-0.008672279050161567,0.007760491742438283,341.88
24.128,0.010708181818181822,0.006665697123714921,-0.008672279050161567,0.00801049174243831,341.88
24.132,0.010538181818181818,0.0068356971237149245,-0.008762279050161602,0.00810049174243829,341.88
24.136,0.010538181818181818,0.007095697123714907,-0.009012279050161574,0.008440491742438296,341.88
24.14,0.010538181818181818,0.007095697123714907,-0.009012279050161574,0.008780491742438303,341.88
24.144,0.010458181818181794,0.0072656971237149105,-0.009182279050161578,0.008950491742438307,341.88
24.148,0.010458181818181794,0.0078656971237149,-0.00944227905016156,0.00921049174243829,341.88
24.152,0.010198181818181811,0.008115697123714929,-0.00944227905016156,0.00921049174243829,341.88
24.156,0.010118181818181842,0.008295697123714887,-0.009522279050161585,0.009380491742438293,341.88
24.16,0.009858181818181804,0.00846569712371489,-0.009612279050161564,0.009640491742438275,341.88
24.164,0.009598181818181822,0.008715697123714918,-0.00995227905016157,0.0097204917424383,341.88
24.168,0.009428181818181818,0.008885697123714922,-0.010212279050161609,0.009980491742438282,341.88
24.172,0.009348181818181794,0.009145697123714904,-0.010292279050161578,0.010060491742438307,341.88
24.176,0.009008181818181842,0.009145697123714904,-0.010382279050161612,0.010060491742438307,341.88
24.18,0.008748181818181804,0.009235697123714939,-0.010292279050161578,0.01024049174243832,341.88
24.184,0.008488181818181822,0.009485697123714911,-0.010382279050161612,0.010490491742438292,341.88
24.188,0.00806818181818179,0.009655697123714915,-0.010292279050161578,0.010490491742438292,341.88
24.192,0.007718181818181829,0.009655697123714915,-0.010382279050161612,0.010410491742438324,341.88
24.196,0.007638181818181804,0.009655697123714915,-0.010292279050161578,0.010150491742438286,341.88
24.2,0.007378181818181822,0.009655697123714915,-0.010292279050161578,0.010150491742438286,341.88
24.204,0.006948181818181836,0.009655697123714915,-0.010292279050161578,0.010150491742438286,341.88
24.208,0.006698181818181808,0.009915697123714897,-0.010292279050161578,0.010150491742438286,341.88
24.212,0.0064381818181818255,0.009995697123714922,-0.010292279050161578,0.010150491742438286,341.88
24.216,0.00600818181818184,0.009995697123714922,-0.010042279050161605,0.010150491742438286,341.88
24.22,0.005588181818181808,0.0100856971237149,-0.00995227905016157,0.010150491742438286,341.88
24.224,0.005328181818181826,0.0100856971237149,-0.00995227905016157,0.01024049174243832,341.88
24.228,0.005158181818181822,0.010175697123714935,-0.009872279050161602,0.010410491742438324,341.88
24.232,0.004818181818181815,0.010345697123714939,-0.009612279050161564,0.010580491742438271,341.88
24.236,0.004478181818181808,0.010345697123714939,-0.00944227905016156,0.010490491742438292,341.88
24.24,0.004048181818181822,0.010515697123714886,-0.00944227905016156,0.01024049174243832,341.88
24.244,0.0036181818181818363,0.010765697123714914,-0.00944227905016156,0.010150491742438286,341.88
24.248,0.0032781818181818294,0.010855697123714893,-0.009182279050161578,0.010150491742438286,341.88
24.252,0.003188181818181795,0.010765697123714914,-0.00884227905016157,0.009980491742438282,341.88
24.256,0.0028481818181818434,0.010515697123714886,-0.008502279050161564,0.0097204917424383,341.88
24.26,0.002418181818181802,0.010515697123714886,-0.008582279050161588,0.009550491742438296,341.88
24.264,0.001998181818181826,0.010425697123714908,-0.00833227905016156,0.009300491742438324,341.88
24.268,0.0016481818181818088,0.010345697123714939,-0.007822279050161605,0.009300491742438324,341.88
24.272,0.0013081818181818019,0.010175697123714935,-0.0074722790501615885,0.00912049174243831,341.88
24.276,0.0011381818181817984,0.010345697123714939,-0.007302279050161585,0.008870491742438282,341.88
24.28,0.0008881818181818259,0.010425697123714908,-0.007052279050161557,0.008780491742438303,341.88
24.284,0.00045818181818184,0.010345697123714939,-0.006962279050161578,0.008530491742438275,341.88
24.288,2.8181818181798523e-05,0.0100856971237149,-0.006702279050161596,0.008440491742438296,341.88
24.292,-0.00031181818181820844,0.0100856971237149,-0.006622279050161571,0.008180491742438314,341.88
24.296,-0.0005718181818181909,0.009995697123714922,-0.006282279050161564,0.00801049174243831,341.88
24.3,-0.0009118181818181979,0.009655697123714915,-0.005932279050161603,0.007760491742438283,341.88
24.304,-0.0012518181818182048,0.009315697123714908,-0.005682279050161575,0.00759049174243828,341.88
24.308,-0.0015918181818181563,0.009235697123714939,-0.005342279050161568,0.007240491742438318,341.88
24.312,-0.0020218181818181975,0.0089756971237149,-0.004992279050161606,0.00699049174243829,341.88
24.316,-0.0023618181818182045,0.008885697123714922,-0.004742279050161578,0.006730491742438308,341.88
24.32,-0.002621818181818187,0.008715697123714918,-0.004482279050161596,0.006390491742438301,341.88
24.324,-0.002961818181818194,0.00846569712371489,-0.004142279050161589,0.006130491742438318,341.88
24.328,-0.00339181818181818,0.008295697123714887,-0.0038022790501615823,0.00588049174243829,341.88
24.332,-0.003731818181818187,0.008035697123714904,-0.0035422790501616,0.005530491742438273,341.88
24.336,-0.0039018181818181903,0.007775697123714921,-0.003292279050161572,0.005280491742438301,341.88
24.34,-0.004241818181818197,0.007525697123714893,-0.002862279050161586,0.0051104917424382975,341.88
24.344,-0.004581818181818204,0.007525697123714893,-0.0024322790501616,0.0047704917424382905,341.88
24.348,-0.004841818181818187,0.007525697123714893,-0.002172279050161562,0.004510491742438308,341.88
24.352,-0.005101818181818169,0.0072656971237149105,-0.001662279050161607,0.004250491742438326,341.88
24.356,-0.005441818181818176,0.007095697123714907,-0.0013222790501616001,0.003910491742438319,341.88
24.36,-0.005701818181818159,0.0067556971237149,-0.0012322790501615656,0.0035704917424383116,341.88
24.364,-0.005781818181818183,0.006405697123714939,-0.0009822790501615932,0.0031404917424383257,341.88
24.368,-0.00612181818181819,0.006235697123714935,-0.0004622790501615726,0.0028804917424382877,341.88
24.372,-0.006461818181818197,0.005895697123714928,-4.227905016159666e-05,0.0027104917424382842,341.88
24.376,-0.006641818181818155,0.005465697123714887,0.0003877209498383893,0.0023704917424382773,341.88
24.38,-0.006981818181818162,0.005215697123714914,0.0008177209498384308,0.002030491742438326,341.88
24.384,-0.007321818181818169,0.004955697123714932,0.0011577209498384376,0.0017704917424382876,341.88
24.388,-0.007581818181818207,0.004615697123714925,0.0015877209498384236,0.0014304917424382807,341.88
24.392,-0.00783181818181818,0.004275697123714918,0.0019277209498384305,0.0010904917424382737,341.88
24.396,-0.007921818181818158,0.004015697123714935,0.0020077209498383995,0.0007504917424383222,341.88
24.4,-0.008091818181818162,0.003765697123714908,0.0023577209498384165,0.0004104917424383153,341.88
24.404,-0.008261818181818165,0.003415697123714891,0.0027777209498383924,0.00015049174243827733,341.88
24.408,-0.008691818181818207,0.0030756971237149394,0.003297720949838413,-0.00018950825756167413,341.88
24.412,-0.009031818181818158,0.002645697123714898,0.003717720949838389,-0.0005295082575616811,341.88
24.416,-0.009031818181818158,0.002305697123714891,0.003977720949838427,-0.0008795082575616981,341.88
24.42,-0.009201818181818162,0.0021356971237148875,0.004487720949838438,-0.0010495082575617016,341.88
24.424,-0.009371818181818165,0.001795697123714936,0.004827720949838389,-0.0013895082575617085,341.88
24.428,-0.009541818181818169,0.001455697123714929,0.004917720949838424,-0.0018195082575616945,341.88
24.432,-0.009801818181818207,0.0010256971237148876,0.005177720949838406,-0.0021595082575617012,341.88
24.436,-0.009801818181818207,0.0005956971237149016,0.0056877209498384165,-0.0024095082575616737,341.88
24.44,-0.00997181818181821,0.0002556971237148946,0.0061177209498384025,-0.0026695082575617117,341.88
24.444,-0.010231818181818193,-4.302876285087868e-06,0.0063677209498384305,-0.0030095082575617186,341.88
24.448,-0.010311818181818162,-0.0005143028762850983,0.006537720949838434,-0.0034395082575617046,341.88
24.452,-0.010311818181818162,-0.0007643028762850708,0.006887720949838395,-0.0037795082575617115,341.88
24.456,-0.010311818181818162,-0.0011143028762850876,0.007227720949838402,-0.0038695082575616905,341.88
24.46,-0.0105718181818182,-0.0014543028762850946,0.007397720949838406,-0.0041195082575617185,341.88
24.464,-0.010741818181818203,-0.0018843028762850805,0.007737720949838413,-0.004289508257561722,341.88
24.468,-0.010821818181818172,-0.0022243028762850875,0.00807772094983842,-0.0046395082575616834,341.88
24.472,-0.010741818181818203,-0.0026543028762850735,0.008247720949838423,-0.005149508257561694,341.88
24.476,-0.010741818181818203,-0.003074302876285105,0.008507720949838406,-0.005489508257561701,341.88
24.48,-0.010741818181818203,-0.0033343028762850874,0.00859772094983844,-0.005489508257561701,341.88
24.484,-0.010741818181818203,-0.003504302876285091,0.008847720949838413,-0.00557950825756168,341.88
24.488,-0.010741818181818203,-0.003844302876285098,0.009017720949838416,-0.005829508257561708,341.88
24.492,-0.010741818181818203,-0.004274302876285084,0.009277720949838399,-0.006169508257561715,341.88
24.496,-0.010741818181818203,-0.00470430287628507,0.009277720949838399,-0.006349508257561673,341.88
24.5,-0.010821818181818172,-0.005044302876285077,0.009357720949838423,-0.006599508257561701,341.88
24.504,-0.010821818181818172,-0.005294302876285105,0.009447720949838402,-0.006769508257561704,341.88
24.508,-0.010651818181818169,-0.0056443028762850666,0.00970772094983844,-0.007029508257561687,341.88
24.512,-0.010311818181818162,-0.0059843028762850735,0.009957720949838413,-0.007119508257561721,341.88
24.516,-0.010231818181818193,-0.0062343028762851015,0.010217720949838395,-0.00719950825756169,341.88
24.52,-0.010311818181818162,-0.0064143028762850595,0.010217720949838395,-0.007459508257561673,341.88
24.524,-0.010231818181818193,-0.006754302876285066,0.010127720949838416,-0.007539508257561697,341.88
24.528,-0.00997181818181821,-0.007184302876285108,0.010217720949838395,-0.00779950825756168,341.88
24.532,-0.009881818181818176,-0.00743430287628508,0.010217720949838395,-0.007969508257561684,341.88
24.536,-0.009801818181818207,-0.007604302876285084,0.010477720949838433,-0.008059508257561718,341.88
24.54,-0.009541818181818169,-0.007864302876285065,0.010557720949838402,-0.008309508257561691,341.88
24.544,-0.009541818181818169,-0.008124302876285103,0.010557720949838402,-0.008399508257561725,341.88
24.548,-0.0094618181818182,-0.00846430287628511,0.010557720949838402,-0.008399508257561725,341.88
24.552,-0.009201818181818162,-0.008714302876285083,0.010557720949838402,-0.008479508257561694,341.88
24.556,-0.009111818181818183,-0.008974302876285065,0.010557720949838402,-0.008649508257561698,341.88
24.56,-0.008771818181818176,-0.009234302876285103,0.010557720949838402,-0.008819508257561701,341.88
24.564,-0.0083518181818182,-0.009314302876285072,0.010557720949838402,-0.00890950825756168,341.88
24.568,-0.008091818181818162,-0.00957430287628511,0.010557720949838402,-0.008999508257561715,341.88
24.572,-0.007921818181818158,-0.009744302876285114,0.010557720949838402,-0.009169508257561718,341.88
24.576,-0.00783181818181818,-0.010004302876285096,0.010477720949838433,-0.009249508257561687,341.88
24.58,-0.007411818181818203,-0.010084302876285065,0.01029772094983842,-0.009509508257561725,341.88
24.584,-0.0070618181818181865,-0.0101743028762851,0.010217720949838395,-0.009589508257561694,341.88
24.588,-0.006891818181818183,-0.010424302876285072,0.010127720949838416,-0.009679508257561729,341.88
24.592,-0.006551818181818176,-0.010424302876285072,0.010047720949838392,-0.009589508257561694,341.88
24.596,-0.0062918181818181936,-0.010514302876285107,0.009787720949838409,-0.009589508257561694,341.88
24.6,-0.00612181818181819,-0.010764302876285079,0.009787720949838409,-0.009589508257561694,341.88
24.604,-0.005781818181818183,-0.010854302876285114,0.009787720949838409,-0.009589508257561694,341.88
24.608,-0.005441818181818176,-0.010944302876285093,0.009537720949838437,-0.009589508257561694,341.88
24.612,-0.005181818181818194,-0.010944302876285093,0.009357720949838423,-0.009509508257561725,341.88
24.616,-0.004931818181818166,-0.010944302876285093,0.009107720949838395,-0.009249508257561687,341.88
24.62,-0.00450181818181818,-0.010854302876285114,0.009107720949838395,-0.009249508257561687,341.88
24.624,-0.004071818181818194,-0.010854302876285114,0.009277720949838399,-0.009249508257561687,341.88
24.628,-0.003731818181818187,-0.010854302876285114,0.009107720949838395,-0.009249508257561687,341.88
24.632,-0.0034718181818182044,-0.010854302876285114,0.008937720949838392,-0.009079508257561684,341.88
24.636,-0.0032218181818181764,-0.010854302876285114,0.00867772094983841,-0.008819508257561701,341.88
24.64,-0.0028818181818181694,-0.011024302876285062,0.00859772094983844,-0.008739508257561677,341.88
24.644,-0.0024518181818181835,-0.0112843028762851,0.008247720949838423,-0.008819508257561701,341.88
24.648,-0.0020218181818181975,-0.011194302876285065,0.007997720949838395,-0.008649508257561698,341.88
24.652,-0.0017618181818181598,-0.010944302876285093,0.007657720949838388,-0.008399508257561725,341.88
24.656,-0.0012518181818182048,-0.010764302876285079,0.007057720949838399,-0.008399508257561725,341.88
24.66,-0.0009118181818181979,-0.010594302876285076,0.006797720949838416,-0.008309508257561691,341.88
24.664,-0.0008218181818181634,-0.010514302876285107,0.006537720949838434,-0.008059508257561718,341.88
24.668,-0.0005718181818181909,-0.010424302876285072,0.0063677209498384305,-0.007969508257561684,341.88
24.672,-5.181818181817046e-05,-0.0101743028762851,0.0060277209498384235,-0.00779950825756168,341.88
24.676,0.0003681818181818055,-0.0101743028762851,0.005767720949838441,-0.007629508257561676,341.88
24.68,0.0007081818181818124,-0.010004302876285096,0.0056877209498384165,-0.007539508257561697,341.88
24.684,0.0009681818181817949,-0.009744302876285114,0.005257720949838431,-0.007459508257561673,341.88
24.688,0.001228181818181833,-0.00957430287628511,0.004827720949838389,-0.00719950825756169,341.88
24.692,0.0015681818181818399,-0.009314302876285072,0.004577720949838417,-0.007029508257561687,341.88
24.696,0.0019081818181817913,-0.009234302876285103,0.004407720949838413,-0.006769508257561704,341.88
24.7,0.002338181818181833,-0.008974302876285065,0.004067720949838406,-0.00668950825756168,341.88
24.704,0.002768181818181819,-0.008714302876285083,0.003717720949838389,-0.006349508257561673,341.88
24.708,0.0030181818181817914,-0.00846430287628511,0.003547720949838441,-0.00608950825756169,341.88
24.712,0.0032781818181818294,-0.008374302876285076,0.003207720949838434,-0.005829508257561708,341.88
24.716,0.0036181818181818363,-0.008034302876285069,0.002867720949838427,-0.00557950825756168,341.88
24.72,0.004048181818181822,-0.007774302876285087,0.0023577209498384165,-0.005409508257561676,341.88
24.724,0.004388181818181829,-0.007524302876285059,0.002097720949838434,-0.005059508257561715,341.88
24.728,0.004558181818181833,-0.007184302876285108,0.0022677209498384375,-0.004719508257561708,341.88
24.732,0.00489818181818184,-0.006834302876285091,0.0020077209498383995,-0.0046395082575616834,341.88
24.736,0.005328181818181826,-0.0066643028762850874,0.001497720949838389,-0.004289508257561722,341.88
24.74,0.005498181818181829,-0.0064143028762850595,0.0011577209498384376,-0.003949508257561715,341.88
24.744,0.005758181818181812,-0.006064302876285098,0.0010677209498384031,-0.0037795082575617115,341.88
24.748,0.0060981818181818186,-0.00581430287628507,0.0008177209498384308,-0.0035295082575616836,341.88
24.752,0.0064381818181818255,-0.005554302876285088,0.0003877209498383893,-0.0030995082575616976,341.88
24.756,0.006608181818181829,-0.005214302876285081,4.772094983843784e-05,-0.0027595082575616907,341.88
24.76,0.007038181818181815,-0.004784302876285095,-0.00021227905016160014,-0.002499508257561708,341.88
24.764,0.0072081818181818184,-0.004274302876285084,-0.0005522790501616071,-0.0021595082575617012,341.88
24.768,0.007378181818181822,-0.003934302876285077,-0.0008922790501615586,-0.001899508257561719,341.88
24.772,0.007718181818181829,-0.003844302876285098,-0.0012322790501615656,-0.0017295082575617155,341.88
24.776,0.007978181818181811,-0.003504302876285091,-0.001402279050161569,-0.0013895082575617085,341.88
24.78,0.008238181818181794,-0.003074302876285105,-0.001752279050161586,-0.0010495082575617016,341.88
24.784,0.008488181818181822,-0.0026543028762850735,-0.0020022790501615585,-0.0006195082575617156,341.88
24.788,0.008658181818181825,-0.002304302876285112,-0.0022622790501615965,-0.00027950825756170865,341.88
24.792,0.009008181818181842,-0.001964302876285105,-0.002862279050161586,-0.00010950825756170514,341.88
24.796,0.009258181818181815,-0.0017943028762851016,-0.003202279050161593,0.00024049174243831182,341.88
24.8,0.009428181818181818,-0.0015343028762850636,-0.003292279050161572,0.0007504917424383222,341.88
24.804,0.0096881818181818,-0.0011143028762850876,-0.003632279050161579,0.0010904917424382737,341.88
24.808,0.009768181818181825,-0.0006843028762851018,-0.003972279050161585,0.0011804917424383082,341.88
24.812,0.010118181818181842,-0.00017430287628509135,-0.004142279050161589,0.0015204917424383152,341.88
24.816,0.010198181818181811,0.00017569712371492561,-0.004402279050161571,0.0018604917424383221,341.88
24.82,0.01028818181818179,0.0002556971237148946,-0.004572279050161575,0.002120491742438305,341.88
24.824,0.010458181818181794,0.0005956971237149016,-0.004992279050161606,0.0023704917424382773,341.88
24.828,0.010628181818181797,0.0010256971237148876,-0.005342279050161568,0.0027104917424382842,341.88
24.832,0.010708181818181822,0.0013656971237148946,-0.005422279050161592,0.0031404917424383257,341.88
24.836,0.010968181818181804,0.001795697123714936,-0.005852279050161578,0.003480491742438277,341.88
24.84,0.010968181818181804,0.0021356971237148875,-0.006192279050161585,0.0036504917424382806,341.88
24.844,0.010968181818181804,0.0023956971237149255,-0.006362279050161589,0.004000491742438298,341.88
24.848,0.010968181818181804,0.0027356971237149324,-0.006532279050161592,0.0043404917424383046,341.88
24.852,0.010968181818181804,0.0030756971237149394,-0.006622279050161571,0.0046804917424383115,341.88
24.856,0.010968181818181804,0.003415697123714891,-0.006872279050161599,0.004850491742438315,341.88
24.86,0.010968181818181804,0.003765697123714908,-0.0071322790501615815,0.005190491742438322,341.88
24.864,0.011058181818181839,0.003935697123714911,-0.0074722790501615885,0.005450491742438304,341.88
24.868,0.011138181818181807,0.004275697123714918,-0.007732279050161571,0.005710491742438287,341.88
24.872,0.011058181818181839,0.004785697123714928,-0.007992279050161609,0.005960491742438315,341.88
24.876,0.011058181818181839,0.005125697123714935,-0.008242279050161581,0.006050491742438294,341.88
24.88,0.011058181818181839,0.005215697123714914,-0.00833227905016156,0.006390491742438301,341.88
24.884,0.011058181818181839,0.005465697123714887,-0.008582279050161588,0.006730491742438308,341.88
24.888,0.011058181818181839,0.005815697123714904,-0.008582279050161588,0.006900491742438311,341.88
24.892,0.011058181818181839,0.006065697123714932,-0.008582279050161588,0.007240491742438318,341.88
24.896,0.010968181818181804,0.006405697123714939,-0.008672279050161567,0.00759049174243828,341.88
24.9,0.010708181818181822,0.006665697123714921,-0.008762279050161602,0.007670491742438304,341.88
24.904,0.0107981818181818,0.0067556971237149,-0.009012279050161574,0.007930491742438286,341.88
24.908,0.0107981818181818,0.007005697123714928,-0.009182279050161578,0.00801049174243831,341.88
24.912,0.010628181818181797,0.0072656971237149105,-0.00944227905016156,0.00810049174243829,341.88
24.916,0.010538181818181818,0.0076056971237149175,-0.009522279050161585,0.008360491742438272,341.88
24.92,0.010368181818181815,0.0078656971237149,-0.009522279050161585,0.008530491742438275,341.88
24.924,0.010198181818181811,0.008115697123714929,-0.009522279050161585,0.008780491742438303,341.88
24.928,0.009948181818181839,0.008375697123714911,-0.009782279050161567,0.008950491742438307,341.88
24.932,0.009858181818181804,0.00846569712371489,-0.009872279050161602,0.00921049174243829,341.88
24.936,0.0096881818181818,0.008715697123714918,-0.009872279050161602,0.00921049174243829,341.88
24.94,0.009348181818181794,0.008885697123714922,-0.009872279050161602,0.009300491742438324,341.88
24.944,0.009088181818181811,0.009145697123714904,-0.009782279050161567,0.009550491742438296,341.88
24.948,0.008918181818181808,0.009145697123714904,-0.009872279050161602,0.0097204917424383,341.88
24.952,0.008658181818181825,0.009315697123714908,-0.009872279050161602,0.0097204917424383,341.88
24.956,0.0085781818181818,0.00957569712371489,-0.009872279050161602,0.0097204917424383,341.88
24.96,0.008238181818181794,0.009655697123714915,-0.010042279050161605,0.009810491742438279,341.88
24.964,0.007718181818181829,0.009745697123714894,-0.010382279050161612,0.009980491742438282,341.88
24.968,0.007378181818181822,0.009825697123714918,-0.010382279050161612,0.009890491742438303,341.88
24.972,0.007298181818181797,0.009825697123714918,-0.010292279050161578,0.009890491742438303,341.88
24.976,0.006948181818181836,0.009825697123714918,-0.010292279050161578,0.009980491742438282,341.88
24.98,0.0065281818181818045,0.009915697123714897,-0.010292279050161578,0.009810491742438279,341.88
24.984,0.0060981818181818186,0.009915697123714897,-0.010042279050161605,0.009640491742438275,341.88
24.988,0.005838181818181836,0.009915697123714897,-0.00995227905016157,0.009640491742438275,341.88
24.992,0.005588181818181808,0.009995697123714922,-0.00995227905016157,0.0097204917424383,341.88
24.996,0.005238181818181791,0.0100856971237149,-0.009872279050161602,0.0097204917424383,341.88
25.0,0.004818181818181815,0.010345697123714939,-0.009522279050161585,0.0097204917424383,341.88
25.004,0.004388181818181829,0.010515697123714886,-0.009272279050161557,0.009640491742438275,341.88
25.008,0.004128181818181791,0.01068569712371489,-0.009272279050161557,0.009640491742438275,341.88
25.012,0.004048181818181822,0.010765697123714914,-0.009182279050161578,0.009640491742438275,341.88
25.016,0.0036181818181818363,0.010765697123714914,-0.009182279050161578,0.0097204917424383,341.88
25.02,0.003188181818181795,0.010855697123714893,-0.00884227905016157,0.0097204917424383,341.88
25.024,0.0028481818181818434,0.010765697123714914,-0.008412279050161585,0.009640491742438275,341.88
25.028,0.0025081818181818365,0.010855697123714893,-0.00833227905016156,0.009550491742438296,341.88
25.032,0.0022481818181817985,0.010855697123714893,-0.008072279050161578,0.009300491742438324,341.88
25.036,0.001998181818181826,0.010765697123714914,-0.008072279050161578,0.009300491742438324,341.88
25.04,0.0016481818181818088,0.010595697123714911,-0.0075622790501615675,0.00912049174243831,341.88
25.044,0.001228181818181833,0.010345697123714939,-0.007392279050161564,0.008870491742438282,341.88
25.048,0.0007081818181818124,0.0100856971237149,-0.0072222790501615605,0.008780491742438303,341.88
25.052,0.0002881818181818365,0.009995697123714922,-0.006962279050161578,0.008530491742438275,341.88
25.056,2.8181818181798523e-05,0.009995697123714922,-0.006622279050161571,0.008530491742438275,341.88
25.06,-0.00014181818181820496,0.009915697123714897,-0.006452279050161568,0.008360491742438272,341.88
25.064,-0.0004818181818181564,0.009655697123714915,-0.006192279050161585,0.00810049174243829,341.88
25.068,-0.0008218181818181634,0.009655697123714915,-0.005762279050161599,0.00801049174243831,341.88
25.072,-0.0013418181818181838,0.009485697123714911,-0.005422279050161592,0.007760491742438283,341.88
25.076,-0.0017618181818181598,0.009235697123714939,-0.005252279050161589,0.00759049174243828,341.88
25.08,-0.0021118181818181765,0.009145697123714904,-0.004912279050161582,0.007330491742438297,341.88
25.084,-0.0023618181818182045,0.008885697123714922,-0.004652279050161599,0.007160491742438294,341.88
25.088,-0.002531818181818208,0.008885697123714922,-0.004482279050161596,0.006820491742438287,341.88
25.092,-0.0028818181818181694,0.008715697123714918,-0.004142279050161589,0.006560491742438304,341.88
25.096,-0.003301818181818201,0.00846569712371489,-0.0038022790501615823,0.006390491742438301,341.88
25.1,-0.003731818181818187,0.008295697123714887,-0.0033722790501615964,0.006130491742438318,341.88
25.104,-0.004071818181818194,0.007945697123714925,-0.0030322790501615894,0.005960491742438315,341.88
25.108,-0.004331818181818176,0.007775697123714921,-0.002862279050161586,0.005620491742438308,341.88
25.112,-0.004671818181818183,0.0078656971237149,-0.002522279050161579,0.005280491742438301,341.88
25.116,-0.004931818181818166,0.0076056971237149175,-0.002172279050161562,0.0051104917424382975,341.88
25.12,-0.00501181818181819,0.0072656971237149105,-0.001662279050161607,0.0047704917424382905,341.88
25.124,-0.005441818181818176,0.007095697123714907,-0.0012322790501615656,0.0044204917424382735,341.88
25.128,-0.005871818181818162,0.0068356971237149245,-0.0009822790501615932,0.004250491742438326,341.88
25.132,-0.00612181818181819,0.0065856971237148966,-0.0008122790501615896,0.003910491742438319,341.88
25.136,-0.0062918181818181936,0.006235697123714935,-0.0004622790501615726,0.0035704917424383116,341.88
25.14,-0.006641818181818155,0.005895697123714928,-0.00012227905016156564,0.0032304917424383047,341.88
25.144,-0.006981818181818162,0.0056456971237149,0.0002977209498384103,0.003060491742438301,341.88
25.148,-0.0071518181818181654,0.005385697123714918,0.0006477209498384273,0.0027104917424382842,341.88
25.152,-0.007411818181818203,0.005045697123714911,0.0010677209498384031,0.0024604917424383118,341.88
25.156,-0.007491818181818172,0.004615697123714925,0.0015877209498384236,0.002200491742438274,341.88
25.16,-0.007751818181818155,0.004275697123714918,0.0020077209498383995,0.0018604917424383221,341.88
25.164,-0.008001818181818183,0.004015697123714935,0.0022677209498384375,0.0015204917424383152,341.88
25.168,-0.0083518181818182,0.0038456971237149323,0.002437720949838441,0.0011804917424383082,341.88
25.172,-0.008601818181818172,0.0035056971237149253,0.0027777209498383924,0.0010004917424382947,341.88
25.176,-0.008691818181818207,0.0030756971237149394,0.003207720949838434,0.0006604917424382877,341.88
25.18,-0.00894181818181818,0.002645697123714898,0.003547720949838441,0.0003204917424382808,341.88
25.184,-0.009111818181818183,0.002305697123714891,0.003977720949838427,-1.9508257561726155e-05,341.88
25.188,-0.009201818181818162,0.0021356971237148875,0.004487720949838438,-0.00018950825756167413,341.88
25.192,-0.0094618181818182,0.001795697123714936,0.004827720949838389,-0.0005295082575616811,341.88
25.196,-0.009541818181818169,0.0013656971237148946,0.005007720949838403,-0.0009595082575617226,341.88
25.2,-0.009801818181818207,0.0010256971237148876,0.0053477209498384096,-0.0013895082575617085,341.88
25.204,-0.00997181818181821,0.0005956971237149016,0.0056877209498384165,-0.0018195082575616945,341.88
25.208,-0.010051818181818179,8.569712371489112e-05,0.005947720949838399,-0.0020695082575617222,341.88
25.212,-0.010141818181818158,-0.00025430287628506033,0.006197720949838427,-0.0022395082575617257,341.88
25.216,-0.010311818181818162,-0.00034430287628509483,0.006537720949838434,-0.002589508257561687,341.88
25.22,-0.010311818181818162,-0.0005943028762850673,0.006887720949838395,-0.0030995082575616976,341.88
25.224,-0.010311818181818162,-0.0010243028762851086,0.00696772094983842,-0.0034395082575617046,341.88
25.228,-0.010311818181818162,-0.0014543028762850946,0.007397720949838406,-0.0035295082575616836,341.88
25.232,-0.010311818181818162,-0.0018843028762850805,0.007737720949838413,-0.0038695082575616905,341.88
25.236,-0.0105718181818182,-0.0022243028762850875,0.007827720949838392,-0.0041195082575617185,341.88
25.24,-0.010651818181818169,-0.0026543028762850735,0.00807772094983842,-0.004379508257561701,341.88
25.244,-0.010651818181818169,-0.0029943028762850804,0.008247720949838423,-0.004719508257561708,341.88
25.248,-0.010741818181818203,-0.003164302876285084,0.00859772094983844,-0.00497950825756169,341.88
25.252,-0.010821818181818172,-0.003504302876285091,0.008847720949838413,-0.005229508257561718,341.88
25.256,-0.010741818181818203,-0.003934302876285077,0.009017720949838416,-0.00557950825756168,341.88
25.26,-0.010821818181818172,-0.004354302876285109,0.00918772094983842,-0.005829508257561708,341.88
25.264,-0.010741818181818203,-0.00470430287628507,0.00918772094983842,-0.005999508257561711,341.88
25.268,-0.010651818181818169,-0.004874302876285074,0.009357720949838423,-0.006349508257561673,341.88
25.272,-0.010401818181818196,-0.005214302876285081,0.009357720949838423,-0.006599508257561701,341.88
25.276,-0.010401818181818196,-0.005554302876285088,0.009447720949838402,-0.006769508257561704,341.88
25.28,-0.010401818181818196,-0.00581430287628507,0.00970772094983844,-0.007029508257561687,341.88
25.284,-0.010311818181818162,-0.0059843028762850735,0.00970772094983844,-0.00719950825756169,341.88
25.288,-0.010141818181818158,-0.0064143028762850595,0.00970772094983844,-0.007459508257561673,341.88
25.292,-0.00997181818181821,-0.006754302876285066,0.009877720949838388,-0.007629508257561676,341.88
25.296,-0.00997181818181821,-0.00692430287628507,0.010127720949838416,-0.007879508257561705,341.88
25.3,-0.009881818181818176,-0.007264302876285077,0.010217720949838395,-0.008059508257561718,341.88
25.304,-0.009631818181818203,-0.007524302876285059,0.010127720949838416,-0.008309508257561691,341.88
25.308,-0.0094618181818182,-0.007604302876285084,0.010127720949838416,-0.008399508257561725,341.88
25.312,-0.009291818181818196,-0.00794430287628509,0.010217720949838395,-0.008569508257561673,341.88
25.316,-0.009201818181818162,-0.008294302876285107,0.010217720949838395,-0.008819508257561701,341.88
25.32,-0.009031818181818158,-0.00854430287628508,0.010217720949838395,-0.00890950825756168,341.88
25.324,-0.008771818181818176,-0.008804302876285062,0.010217720949838395,-0.009249508257561687,341.88
25.328,-0.008601818181818172,-0.008974302876285065,0.010127720949838416,-0.009509508257561725,341.88
25.332,-0.0083518181818182,-0.009234302876285103,0.010217720949838395,-0.009679508257561729,341.88
25.336,-0.008171818181818186,-0.009404302876285107,0.010217720949838395,-0.009679508257561729,341.88
25.34,-0.007921818181818158,-0.00965430287628508,0.010127720949838416,-0.009679508257561729,341.88
25.344,-0.007751818181818155,-0.009744302876285114,0.010127720949838416,-0.009939508257561711,341.88
25.348,-0.007491818181818172,-0.010004302876285096,0.010217720949838395,-0.009939508257561711,341.88
25.352,-0.007411818181818203,-0.010084302876285065,0.010127720949838416,-0.01001950825756168,341.88
25.356,-0.0070618181818181865,-0.0101743028762851,0.009957720949838413,-0.01001950825756168,341.88
25.36,-0.006551818181818176,-0.010424302876285072,0.009787720949838409,-0.01001950825756168,341.88
25.364,-0.006211818181818169,-0.010424302876285072,0.009787720949838409,-0.010109508257561715,341.88
25.368,-0.006041818181818166,-0.010514302876285107,0.009787720949838409,-0.010359508257561687,341.88
25.372,-0.005701818181818159,-0.01068430287628511,0.009537720949838437,-0.010359508257561687,341.88
25.376,-0.005441818181818176,-0.010854302876285114,0.009447720949838402,-0.010359508257561687,341.88
25.38,-0.005271818181818173,-0.010854302876285114,0.009357720949838423,-0.010279508257561718,341.88
25.384,-0.004931818181818166,-0.010854302876285114,0.009107720949838395,-0.010109508257561715,341.88
25.388,-0.004581818181818204,-0.010854302876285114,0.008937720949838392,-0.010109508257561715,341.88
25.392,-0.004331818181818176,-0.010944302876285093,0.008847720949838413,-0.010109508257561715,341.88
25.396,-0.004071818181818194,-0.011194302876285065,0.00859772094983844,-0.009939508257561711,341.88
25.4,-0.003641818181818208,-0.0112843028762851,0.00859772094983844,-0.009679508257561729,341.88
25.404,-0.0032218181818181764,-0.0112843028762851,0.00859772094983844,-0.009589508257561694,341.88
25.408,-0.003051818181818173,-0.0112843028762851,0.008417720949838427,-0.009589508257561694,341.88
25.412,-0.0028818181818181694,-0.011194302876285065,0.008167720949838399,-0.009589508257561694,341.88
25.416,-0.002531818181818208,-0.010944302876285093,0.00807772094983842,-0.009509508257561725,341.88
25.42,-0.0021118181818181765,-0.010764302876285079,0.007907720949838416,-0.009249508257561687,341.88
25.424,-0.0016818181818181908,-0.010514302876285107,0.007657720949838388,-0.009249508257561687,341.88
25.428,-0.0012518181818182048,-0.010514302876285107,0.007057720949838399,-0.009169508257561718,341.88
25.432,-0.0009118181818181979,-0.010514302876285107,0.006797720949838416,-0.00890950825756168,341.88
25.436,-0.0007418181818181944,-0.010344302876285103,0.0064577209498384094,-0.008819508257561701,341.88
25.44,-0.0004018181818181874,-0.010084302876285065,0.0061177209498384025,-0.008739508257561677,341.88
25.444,-5.181818181817046e-05,-0.010004302876285096,0.0060277209498384235,-0.008479508257561694,341.88
25.448,0.0003681818181818055,-0.010004302876285096,0.005767720949838441,-0.008309508257561691,341.88
25.452,0.0007981818181817914,-0.009824302876285083,0.0055977209498384375,-0.008059508257561718,341.88
25.456,0.0011381818181817984,-0.009824302876285083,0.005257720949838431,-0.007879508257561705,341.88
25.46,0.0013081818181818019,-0.00965430287628508,0.005007720949838403,-0.007629508257561676,341.88
25.464,0.0016481818181818088,-0.009404302876285107,0.00474772094983842,-0.007459508257561673,341.88
25.468,0.001998181818181826,-0.009144302876285069,0.004407720949838413,-0.007119508257561721,341.88
25.472,0.002418181818181802,-0.008884302876285086,0.004147720949838431,-0.006769508257561704,341.88
25.476,0.002768181818181819,-0.008714302876285083,0.0038877209498383923,-0.006599508257561701,341.88
25.48,0.0030181818181817914,-0.008374302876285076,0.003547720949838441,-0.006429508257561697,341.88
25.484,0.0032781818181818294,-0.008124302876285103,0.003297720949838413,-0.006259508257561694,341.88
25.488,0.0037081818181818153,-0.00794430287628509,0.003207720949838434,-0.005919508257561687,341.88
25.492,0.004118181818181837,-0.007624302876285104,0.002847720949838407,-0.005509508257561721,341.88
25.496,0.004388181818181829,-0.007354302876285111,0.002437720949838441,-0.005229508257561718,341.88
25.5,0.004708181818181816,-0.007114302876285093,0.0022477209498384175,-0.0049895082575617,341.88
25.504,0.00489818181818184,-0.006754302876285066,0.0022677209498384375,-0.0046395082575616834,341.88
25.508,0.005228181818181837,-0.006594302876285073,0.0019077209498384105,-0.0043095082575616865,341.88
25.512,0.005758181818181812,-0.0063243028762850805,0.0015877209498384236,-0.0038695082575616905,341.88
25.516,0.0060781818181817986,-0.0059943028762850835,0.001307720949838421,-0.0035395082575616936,341.88
25.52,0.006178181818181843,-0.005554302876285088,0.0010677209498384031,-0.0033495082575617256,341.88
25.524,0.0064181818181818055,-0.005144302876285066,0.0007177209498384418,-0.003029508257561683,341.88
25.528,0.0068681818181818115,-0.004784302876285095,0.0004777209498384238,-0.002589508257561687,341.88
25.532,0.0071881818181817984,-0.00471430287628508,0.00011772094983839682,-0.00225950825756169,341.88
25.536,0.007468181818181801,-0.004354302876285109,-4.227905016159666e-05,-0.0018195082575616945,341.88
25.54,0.007788181818181843,-0.003944302876285087,-0.0004022790501615681,-0.0014895082575616975,341.88
25.544,0.00806818181818179,-0.003504302876285091,-0.0008922790501615586,-0.001299508257561674,341.88
25.548,0.00821818181818183,-0.0030943028762850694,-0.0012522790501615856,-0.000979508257561687,341.88
25.552,0.008488181818181822,-0.002734302876285098,-0.0014922790501616036,-0.0005295082575616811,341.88
25.556,0.008818181818181819,-0.0026643028762850835,-0.0021122790501615575,-0.00020950825756169413,341.88
25.56,0.009088181818181811,-0.002304302876285112,-0.0024322790501616,0.00024049174243831182,341.88
25.564,0.00932818181818183,-0.0018943028762850905,-0.0027922790501615715,0.0006504917424382777,341.88
25.568,0.009518181818181797,-0.0014543028762850946,-0.0029422790501616104,0.0009204917424383257,341.88
25.572,0.009758181818181815,-0.0010443028762850731,-0.003302279050161582,0.0010704917424383092,341.88
25.576,0.009858181818181804,-0.0005943028762850673,-0.0038022790501615823,0.0014304917424382807,341.88
25.58,0.010098181818181822,-0.00027430287628508034,-0.004162279050161609,0.001930491742438281,341.88
25.584,0.01028818181818179,8.569712371489112e-05,-0.004312279050161592,0.0023704917424382773,341.88
25.588,0.010528181818181808,0.0002356971237149301,-0.004672279050161564,0.0026104917424382952,341.88
25.592,0.010628181818181797,0.0005156971237149326,-0.004912279050161582,0.0027104917424382842,341.88
25.596,0.010698181818181812,0.0009256971237148985,-0.005182279050161574,0.003040491742438281,341.88
25.6,0.010968181818181804,0.0013656971237148946,-0.005512279050161571,0.003480491742438277,341.88
25.604,0.01094818181818184,0.001865697123714895,-0.005872279050161598,0.0038904917424382986,341.88
25.608,0.011058181818181839,0.002225697123714922,-0.006112279050161561,0.004170491742438301,341.88
25.612,0.011298181818181801,0.0022956971237149365,-0.006382279050161609,0.004410491742438319,341.88
25.616,0.011308181818181811,0.002645697123714898,-0.006702279050161596,0.0047704917424382905,341.88
25.62,0.011298181818181801,0.0030556971237149194,-0.006982279050161598,0.0050904917424382775,341.88
25.624,0.011308181818181811,0.0035056971237149253,-0.007052279050161557,0.0053604917424383254,341.88
25.628,0.011378181818181825,0.003745697123714888,-0.007322279050161605,0.005600491742438288,341.88
25.632,0.011478181818181814,0.004015697123714935,-0.0075622790501615675,0.00588049174243829,341.88
25.636,0.011468181818181804,0.004345697123714932,-0.007922279050161594,0.006120491742438308,341.88
25.64,0.011478181818181814,0.004705697123714904,-0.008162279050161557,0.006470491742438325,341.88
25.644,0.011378181818181825,0.004935697123714912,-0.008432279050161605,0.006630491742438319,341.88
25.648,0.011308181818181811,0.005125697123714935,-0.008672279050161567,0.006820491742438287,341.88
25.652,0.011038181818181819,0.005455697123714932,-0.008772279050161612,0.007060491742438305,341.88
25.656,0.011058181818181839,0.005815697123714904,-0.009012279050161574,0.007240491742438318,341.88
25.66,0.011038181818181819,0.005965697123714887,-0.009032279050161594,0.007570491742438315,341.88
25.664,0.011058181818181839,0.006325697123714914,-0.009012279050161574,0.007930491742438286,341.88
25.668,0.01094818181818184,0.006565697123714932,-0.009202279050161598,0.0080004917424383,341.88
25.672,0.0107981818181818,0.006495697123714918,-0.00944227905016156,0.00810049174243829,341.88
25.676,0.010868181818181815,0.0068256971237149145,-0.009542279050161605,0.008340491742438307,341.88
25.68,0.010708181818181822,0.0071756971237149315,-0.009782279050161567,0.008530491742438275,341.88
25.684,0.010528181818181808,0.0075056971237149285,-0.009882279050161612,0.008770491742438293,341.88
25.688,0.01028818181818179,0.0076956971237148964,-0.00995227905016157,0.008950491742438307,341.88
25.692,0.010178181818181791,0.007845697123714936,-0.010142279050161594,0.009190491742438325,341.88
25.696,0.010118181818181842,0.008035697123714904,-0.010212279050161609,0.00921049174243829,341.88
25.7,0.009758181818181815,0.008275697123714922,-0.010222279050161563,0.009190491742438325,341.88
25.704,0.009428181818181818,0.00846569712371489,-0.010292279050161578,0.009380491742438293,341.88
25.708,0.009238181818181795,0.008705697123714908,-0.010402279050161577,0.00962049174243831,341.88
25.712,0.009008181818181842,0.008805697123714897,-0.010292279050161578,0.0097204917424383,341.88
25.716,0.008818181818181819,0.008875697123714912,-0.010402279050161577,0.00962049174243831,341.88
25.72,0.008488181818181822,0.0089756971237149,-0.010382279050161612,0.009640491742438275,341.88
25.724,0.008128181818181795,0.009215697123714919,-0.010312279050161598,0.00962049174243831,341.88
25.728,0.007888181818181832,0.009485697123714911,-0.010382279050161612,0.009640491742438275,341.88
25.732,0.00761818181818184,0.009555697123714926,-0.010312279050161598,0.00962049174243831,341.88
25.736,0.007298181818181797,0.009655697123714915,-0.010292279050161578,0.009640491742438275,341.88
25.74,0.006938181818181826,0.009555697123714926,-0.010312279050161598,0.00971049174243829,341.88
25.744,0.006698181818181808,0.00957569712371489,-0.010292279050161578,0.0097204917424383,341.88
25.748,0.0064181818181818055,0.009555697123714926,-0.010312279050161598,0.00971049174243829,341.88
25.752,0.00600818181818184,0.009655697123714915,-0.010042279050161605,0.0097204917424383,341.88
25.756,0.005568181818181844,0.009895697123714933,-0.01005227905016156,0.00962049174243831,341.88
25.76,0.005238181818181791,0.009995697123714922,-0.010042279050161605,0.0097204917424383,341.88
25.764,0.004968181818181799,0.009985697123714912,-0.009712279050161608,0.00962049174243831,341.88
25.768,0.004818181818181815,0.009995697123714922,-0.009522279050161585,0.009380491742438293,341.88
25.772,0.004458181818181844,0.009985697123714912,-0.009372279050161601,0.009280491742438304,341.88
25.776,0.003958181818181843,0.009995697123714922,-0.009102279050161609,0.009380491742438293,341.88
25.78,0.003538181818181812,0.010255697123714904,-0.009012279050161574,0.009470491742438272,341.88
25.784,0.0032781818181818294,0.010345697123714939,-0.00884227905016157,0.009300491742438324,341.88
25.788,0.003188181818181795,0.010345697123714939,-0.008932279050161605,0.009300491742438324,341.88
25.792,0.002768181818181819,0.010425697123714908,-0.008762279050161602,0.00921049174243829,341.88
25.796,0.002338181818181833,0.010515697123714886,-0.008672279050161567,0.008950491742438307,341.88
25.8,0.001998181818181826,0.010515697123714886,-0.00833227905016156,0.008950491742438307,341.88
25.804,0.0016481818181818088,0.010425697123714908,-0.007822279050161605,0.008780491742438303,341.88
25.808,0.0013981818181818364,0.010425697123714908,-0.0075622790501615675,0.008530491742438275,341.88
25.812,0.0010581818181818294,0.010425697123714908,-0.007642279050161592,0.008440491742438296,341.88
25.816,0.0007081818181818124,0.010425697123714908,-0.0072222790501615605,0.008440491742438296,341.88
25.82,0.0003681818181818055,0.010425697123714908,-0.006962279050161578,0.00810049174243829,341.88
25.824,0.00011818181818183302,0.010345697123714939,-0.006622279050161571,0.007840491742438307,341.88
25.828,-0.00014181818181820496,0.009995697123714922,-0.006282279050161564,0.00759049174243828,341.88
25.832,-0.0004818181818181564,0.009745697123714894,-0.006112279050161561,0.007500491742438301,341.88
25.836,-0.0009118181818181979,0.00957569712371489,-0.005762279050161599,0.007240491742438318,341.88
25.84,-0.0012518181818182048,0.009485697123714911,-0.005422279050161592,0.007160491742438294,341.88
25.844,-0.0015918181818181563,0.009235697123714939,-0.005082279050161585,0.006900491742438311,341.88
25.848,-0.0019418181818181733,0.009225697123714929,-0.004922279050161592,0.006640491742438273,341.88
25.852,-0.0022018181818181555,0.009055697123714925,-0.004582279050161585,0.006380491742438291,341.88
25.856,-0.0025418181818181625,0.008795697123714887,-0.004232279050161568,0.006300491742438322,341.88
25.86,-0.0028818181818181694,0.008705697123714908,-0.0038122790501615923,0.006040491742438284,341.88
25.864,-0.0032318181818181864,0.008455697123714936,-0.00355227905016161,0.00587049174243828,341.88
25.868,-0.00340181818181819,0.008285697123714932,-0.003212279050161603,0.005610491742438298,341.88
25.872,-0.003741818181818197,0.008025697123714894,-0.002872279050161596,0.005530491742438273,341.88
25.876,-0.003991818181818169,0.007935697123714915,-0.002522279050161579,0.0051004917424382875,341.88
25.88,-0.004171818181818183,0.0076856971237148864,-0.002182279050161572,0.0047604917424382805,341.88
25.884,-0.004591818181818159,0.0075156971237149385,-0.002102279050161603,0.0046704917424383015,341.88
25.888,-0.0050218181818182,0.007425697123714904,-0.0016722790501615616,0.0044204917424382735,341.88
25.892,-0.005281818181818183,0.0071756971237149315,-0.0012422790501615756,0.0043304917424382946,341.88
25.896,-0.005451818181818186,0.007085697123714897,-0.0009022790501615686,0.003990491742438288,341.88
25.9,-0.005791818181818193,0.0068256971237149145,-0.0005622790501615616,0.0036504917424382806,341.88
25.904,-0.006051818181818176,0.00674569712371489,-0.00022227905016161014,0.003390491742438298,341.88
25.908,-0.0063018181818182036,0.006405697123714939,3.772094983842784e-05,0.003050491742438291,341.88
25.912,-0.006561818181818186,0.005885697123714918,0.0003777209498384348,0.0027904917424383087,341.88
25.916,-0.0067318181818181895,0.005545697123714911,0.0008077209498384208,0.0025304917424383263,341.88
25.92,-0.0070718181818181965,0.005465697123714887,0.0011477209498384276,0.0021904917424383193,341.88
25.924,-0.007331818181818179,0.005115697123714925,0.0015777209498384136,0.001940491742438291,341.88
25.928,-0.007501818181818182,0.004695697123714894,0.0020077209498383995,0.0018504917424383121,341.88
25.932,-0.007751818181818155,0.004175697123714929,0.0022577209498384275,0.0015104917424383052,341.88
25.936,-0.007931818181818168,0.0038356971237149223,0.0023477209498384065,0.0011704917424382982,341.88
25.94,-0.008181818181818196,0.003665697123714919,0.002767720949838438,0.0010004917424382947,341.88
25.944,-0.0083518181818182,0.003325697123714912,0.003287720949838403,0.0006504917424382777,341.88
25.948,-0.008611818181818182,0.002985697123714905,0.003717720949838389,0.0004004917424383053,341.88
25.952,-0.008701818181818161,0.002645697123714898,0.003967720949838417,0.00014049174243832284,341.88
25.956,-0.00895181818181819,0.0022956971237149365,0.004307720949838424,-0.00019950825756168413,341.88
25.96,-0.009121818181818193,0.0019556971237149295,0.004567720949838407,-0.00045950825756172213,341.88
25.964,-0.009381818181818175,0.0017056971237149015,0.004907720949838414,-0.0006295082575617256,341.88
25.968,-0.0094618181818182,0.00135569712371494,0.0053377209498383996,-0.0010495082575617016,341.88
25.972,-0.009641818181818158,0.0010156971237149331,0.0056777209498384065,-0.0014795082575616875,341.88
25.976,-0.009891818181818186,0.0006756971237149261,0.005767720949838441,-0.0017395082575617255,341.88
25.98,-0.009981818181818165,0.0002456971237149401,0.0061077209498383925,-0.0019095082575616735,341.88
25.984,-0.009981818181818165,-0.00026430287628507034,0.0064477209498383994,-0.00224950825756168,341.88
25.988,-0.009981818181818165,-0.0006943028762851118,0.006707720949838437,-0.002509508257561718,341.88
25.992,-0.010151818181818168,-0.0011143028762850876,0.00695772094983841,-0.0027595082575616907,341.88
25.996,-0.010321818181818172,-0.0014643028762851046,0.007217720949838392,-0.0031095082575617076,341.88
26.0,-0.010321818181818172,-0.0015443028762850736,0.007387720949838396,-0.0034495082575617146,341.88
26.004,-0.010321818181818172,-0.0018843028762850805,0.007647720949838434,-0.003699508257561687,341.88
26.008,-0.010321818181818172,-0.002404302876285101,0.007817720949838437,-0.0038795082575617005,341.88
26.012,-0.01058181818181821,-0.0029143028762851114,0.008157720949838389,-0.0042195082575617075,341.88
26.016,-0.010661818181818179,-0.003174302876285094,0.008417720949838427,-0.00446950825756168,341.88
26.02,-0.010661818181818179,-0.003514302876285101,0.00858772094983843,-0.004729508257561718,341.88
26.024,-0.010661818181818179,-0.0037643028762850733,0.008837720949838403,-0.0049895082575617,341.88
26.028,-0.010751818181818158,-0.004024302876285112,0.008927720949838437,-0.005159508257561704,341.88
26.032,-0.010831818181818182,-0.004364302876285063,0.009007720949838406,-0.005409508257561676,341.88
26.036,-0.010831818181818182,-0.00470430287628507,0.00909772094983844,-0.00557950825756168,341.88
26.04,-0.01058181818181821,-0.005134302876285112,0.009357720949838423,-0.005929508257561697,341.88
26.044,-0.010321818181818172,-0.005474302876285063,0.009357720949838423,-0.006179508257561725,341.88
26.048,-0.010231818181818193,-0.0056443028762850666,0.009357720949838423,-0.006439508257561707,341.88
26.052,-0.010311818181818162,-0.0058943028762850945,0.009447720949838402,-0.00668950825756168,341.88
26.056,-0.010311818181818162,-0.0063243028762850805,0.00970772094983844,-0.006769508257561704,341.88
26.06,-0.010311818181818162,-0.006754302876285066,0.00970772094983844,-0.006939508257561708,341.88
26.064,-0.010141818181818158,-0.007184302876285108,0.009787720949838409,-0.00719950825756169,341.88
26.068,-0.009881818181818176,-0.007354302876285111,0.009957720949838413,-0.007539508257561697,341.88
26.072,-0.009881818181818176,-0.007604302876285084,0.010217720949838395,-0.007629508257561676,341.88
26.076,-0.009881818181818176,-0.00794430287628509,0.010217720949838395,-0.00779950825756168,341.88
26.08,-0.009631818181818203,-0.008124302876285103,0.010217720949838395,-0.007969508257561684,341.88
26.084,-0.0094618181818182,-0.008374302876285076,0.010217720949838395,-0.008229508257561722,341.88
26.088,-0.009201818181818162,-0.00846430287628511,0.010127720949838416,-0.008739508257561677,341.88
26.092,-0.009031818181818158,-0.008804302876285062,0.010127720949838416,-0.008819508257561701,341.88
26.096,-0.008771818181818176,-0.009234302876285103,0.010127720949838416,-0.008819508257561701,341.88
26.1,-0.008691818181818207,-0.009404302876285107,0.010217720949838395,-0.009079508257561684,341.88
26.104,-0.008601818181818172,-0.00957430287628511,0.010217720949838395,-0.009169508257561718,341.88
26.108,-0.008261818181818165,-0.009824302876285083,0.010217720949838395,-0.009249508257561687,341.88
26.112,-0.008001818181818183,-0.010084302876285065,0.010217720949838395,-0.009509508257561725,341.88
26.116,-0.007751818181818155,-0.010084302876285065,0.010217720949838395,-0.009509508257561725,341.88
26.12,-0.007321818181818169,-0.010084302876285065,0.010127720949838416,-0.009509508257561725,341.88
26.124,-0.0070618181818181865,-0.010424302876285072,0.009877720949838388,-0.009679508257561729,341.88
26.128,-0.006981818181818162,-0.010514302876285107,0.009787720949838409,-0.009939508257561711,341.88
26.132,-0.0067218181818181795,-0.010594302876285076,0.009787720949838409,-0.01001950825756168,341.88
26.136,-0.006461818181818197,-0.010854302876285114,0.009787720949838409,-0.01001950825756168,341.88
26.14,-0.00612181818181819,-0.010854302876285114,0.009537720949838437,-0.01001950825756168,341.88
26.144,-0.005871818181818162,-0.010854302876285114,0.009447720949838402,-0.01001950825756168,341.88
26.148,-0.005521818181818201,-0.010854302876285114,0.009277720949838399,-0.009849508257561677,341.88
26.152,-0.005271818181818173,-0.010854302876285114,0.009017720949838416,-0.009679508257561729,341.88
26.156,-0.004931818181818166,-0.010854302876285114,0.009017720949838416,-0.009679508257561729,341.88
26.16,-0.004581818181818204,-0.010944302876285093,0.008937720949838392,-0.009679508257561729,341.88
26.164,-0.004161818181818173,-0.010944302876285093,0.008937720949838392,-0.009589508257561694,341.88
26.168,-0.003821818181818166,-0.010944302876285093,0.008847720949838413,-0.009589508257561694,341.88
26.172,-0.0035618181818181834,-0.010854302876285114,0.00867772094983841,-0.009679508257561729,341.88
26.176,-0.0032218181818181764,-0.010854302876285114,0.008507720949838406,-0.009589508257561694,341.88
26.18,-0.0028818181818181694,-0.010854302876285114,0.008247720949838423,-0.009589508257561694,341.88
26.184,-0.002531818181818208,-0.010944302876285093,0.008167720949838399,-0.009589508257561694,341.88
26.188,-0.0021118181818181765,-0.010944302876285093,0.007907720949838416,-0.009589508257561694,341.88
26.192,-0.0017618181818181598,-0.010854302876285114,0.007657720949838388,-0.009589508257561694,341.88
26.196,-0.0016818181818181908,-0.010764302876285079,0.007307720949838427,-0.009339508257561722,341.88
26.2,-0.0013418181818181838,-0.010514302876285107,0.006887720949838395,-0.009249508257561687,341.88
26.204,-0.0009118181818181979,-0.010514302876285107,0.006627720949838413,-0.009079508257561684,341.88
26.208,-0.0004018181818181874,-0.010424302876285072,0.0064577209498384094,-0.008819508257561701,341.88
26.212,2.8181818181798523e-05,-0.010084302876285065,0.0060277209498384235,-0.008819508257561701,341.88
26.216,0.0003681818181818055,-0.009914302876285062,0.005767720949838441,-0.008649508257561698,341.88
26.22,0.0006281818181818435,-0.009744302876285114,0.0055977209498384375,-0.008399508257561725,341.88
26.224,0.0007981818181817914,-0.00965430287628508,0.0053477209498384096,-0.008309508257561691,341.88
26.228,0.0011381818181817984,-0.00957430287628511,0.005087720949838427,-0.008059508257561718,341.88
26.232,0.0016481818181818088,-0.009314302876285072,0.00474772094983842,-0.007879508257561705,341.88
26.236,0.002078181818181795,-0.009234302876285103,0.004487720949838438,-0.007629508257561676,341.88
26.24,0.002338181818181833,-0.008974302876285065,0.004407720949838413,-0.007459508257561673,341.88
26.244,0.0028481818181818434,-0.008714302876285083,0.004067720949838406,-0.007119508257561721,341.88
26.248,0.003188181818181795,-0.008374302876285076,0.003717720949838389,-0.006859508257561683,341.88
26.252,0.0032781818181818294,-0.008124302876285103,0.003547720949838441,-0.006599508257561701,341.88
26.256,0.003538181818181812,-0.008034302876285069,0.003207720949838434,-0.006259508257561694,341.88
26.26,0.004048181818181822,-0.007694302876285063,0.0027777209498383924,-0.005919508257561687,341.88
26.264,0.004478181818181808,-0.007354302876285111,0.00252772094983842,-0.005829508257561708,341.88
26.268,0.004728181818181836,-0.007184302876285108,0.0023577209498384165,-0.00557950825756168,341.88
26.272,0.00489818181818184,-0.006834302876285091,0.0020077209498383995,-0.005229508257561718,341.88
26.276,0.005238181818181791,-0.0064143028762850595,0.001757720949838427,-0.00497950825756169,341.88
26.28,0.005668181818181833,-0.006064302876285098,0.0016677209498383925,-0.0046395082575616834,341.88
26.284,0.0060981818181818186,-0.00581430287628507,0.001497720949838389,-0.004379508257561701,341.88
26.288,0.0064381818181818255,-0.005474302876285063,0.0011577209498384376,-0.0038695082575616905,341.88
26.292,0.006608181818181829,-0.005124302876285102,0.0008177209498384308,-0.0034395082575617046,341.88
26.296,0.006948181818181836,-0.004874302876285074,0.0004777209498384238,-0.003179508257561722,341.88
26.3,0.007298181818181797,-0.00470430287628507,0.0002977209498384103,-0.0030095082575617186,341.88
26.304,0.007468181818181801,-0.004354302876285109,-4.227905016159666e-05,-0.0026695082575617117,341.88
26.308,0.007718181818181829,-0.004014302876285102,-0.0004622790501615726,-0.0022395082575617257,341.88
26.312,0.00806818181818179,-0.00359430287628507,-0.0007222790501616106,-0.0018195082575616945,341.88
26.316,0.008238181818181794,-0.0032443028762851084,-0.0009822790501615932,-0.0013895082575617085,341.88
26.32,0.0085781818181818,-0.003074302876285105,-0.001402279050161569,-0.0010495082575617016,341.88
26.324,0.008828181818181829,-0.002734302876285098,-0.0020022790501615585,-0.0006195082575617156,341.88
26.328,0.009008181818181842,-0.0022243028762850875,-0.0024322790501616,-0.00027950825756170865,341.88
26.332,0.009258181818181815,-0.0017943028762851016,-0.0026022790501616035,-0.00010950825756170514,341.88
26.336,0.009428181818181818,-0.0014543028762850946,-0.0029422790501616104,0.00024049174243831182,341.88
26.34,0.0096881818181818,-0.0011143028762850876,-0.003292279050161572,0.0006604917424382877,341.88
26.344,0.009948181818181839,-0.0007643028762850708,-0.0035422790501616,0.0010004917424382947,341.88
26.348,0.010198181818181811,-0.0005143028762850983,-0.0037122790501616034,0.0014304917424382807,341.88
26.352,0.01028818181818179,-0.00017430287628509135,-0.004142279050161589,0.001940491742438291,341.88
26.356,0.010538181818181818,0.00017569712371492561,-0.004482279050161596,0.0023704917424382773,341.88
26.36,0.010628181818181797,0.0005956971237149016,-0.004652279050161599,0.0025404917424382807,341.88
26.364,0.010628181818181797,0.0008556971237149395,-0.005082279050161585,0.0028004917424383187,341.88
26.368,0.010888181818181835,0.0010256971237148876,-0.005422279050161592,0.0031404917424383257,341.88
26.372,0.010968181818181804,0.0013656971237148946,-0.005682279050161575,0.003480491742438277,341.88
26.376,0.010968181818181804,0.001795697123714936,-0.005852279050161578,0.003910491742438319,341.88
26.38,0.010968181818181804,0.002225697123714922,-0.006192279050161585,0.0043404917424383046,341.88
26.384,0.010968181818181804,0.002565697123714929,-0.006532279050161592,0.0046804917424383115,341.88
26.388,0.010968181818181804,0.0028156971237149014,-0.006622279050161571,0.0047704917424382905,341.88
26.392,0.011058181818181839,0.0031656971237149184,-0.007052279050161557,0.005190491742438322,341.88
26.396,0.011138181818181807,0.0035056971237149253,-0.007392279050161564,0.005620491742438308,341.88
26.4,0.011058181818181839,0.003765697123714908,-0.0075622790501615675,0.00588049174243829,341.88
26.404,0.011058181818181839,0.003935697123714911,-0.007902279050161574,0.006130491742438318,341.88
26.408,0.011058181818181839,0.004275697123714918,-0.008162279050161557,0.006470491742438325,341.88
26.412,0.011058181818181839,0.004615697123714925,-0.00833227905016156,0.006650491742438283,341.88
26.416,0.011058181818181839,0.004785697123714928,-0.008502279050161564,0.006820491742438287,341.88
26.42,0.011058181818181839,0.005125697123714935,-0.008502279050161564,0.007240491742438318,341.88
26.424,0.011058181818181839,0.005385697123714918,-0.008672279050161567,0.00759049174243828,341.88
26.428,0.011058181818181839,0.0056456971237149,-0.008762279050161602,0.007670491742438304,341.88
26.432,0.010968181818181804,0.005985697123714907,-0.009012279050161574,0.007930491742438286,341.88
26.436,0.010708181818181822,0.006235697123714935,-0.009182279050161578,0.008180491742438314,341.88
26.44,0.010538181818181818,0.006405697123714939,-0.00944227905016156,0.008440491742438296,341.88
26.444,0.010458181818181794,0.006665697123714921,-0.009522279050161585,0.008530491742438275,341.88
26.448,0.010198181818181811,0.0068356971237149245,-0.009782279050161567,0.008700491742438279,341.88
26.452,0.010198181818181811,0.0071756971237149315,-0.009872279050161602,0.008950491742438307,341.88
26.456,0.01028818181818179,0.007435697123714914,-0.009872279050161602,0.00921049174243829,341.88
26.46,0.010118181818181842,0.0076056971237149175,-0.010042279050161605,0.009300491742438324,341.88
26.464,0.009858181818181804,0.0078656971237149,-0.010292279050161578,0.009380491742438293,341.88
26.468,0.009768181818181825,0.008035697123714904,-0.010382279050161612,0.009550491742438296,341.88
26.472,0.009518181818181797,0.008295697123714887,-0.010382279050161612,0.009640491742438275,341.88
26.476,0.009258181818181815,0.008545697123714915,-0.010292279050161578,0.0097204917424383,341.88
26.48,0.009008181818181842,0.008715697123714918,-0.010292279050161578,0.009810491742438279,341.88
26.484,0.008918181818181808,0.008805697123714897,-0.010292279050161578,0.009980491742438282,341.88
26.488,0.0085781818181818,0.009055697123714925,-0.010382279050161612,0.010060491742438307,341.88
26.492,0.008308181818181808,0.009135697123714894,-0.010302279050161588,0.010060491742438307,341.88
26.496,0.008058181818181836,0.009305697123714898,-0.010302279050161588,0.010060491742438307,341.88
26.5,0.007708181818181819,0.009565697123714936,-0.010392279050161567,0.010060491742438307,341.88
26.504,0.007368181818181812,0.009735697123714939,-0.010472279050161591,0.010060491742438307,341.87
26.508,0.007028181818181805,0.009995697123714922,-0.01056227905016157,0.010060491742438307,341.87
26.512,0.006948181818181836,0.009995697123714922,-0.010302279050161588,0.010140491742438276,341.87
26.516,0.0065181818181817945,0.009995697123714922,-0.010222279050161563,0.010310491742438279,341.87
26.52,0.0060881818181818086,0.009995697123714922,-0.01005227905016156,0.010060491742438307,341.87
26.524,0.005748181818181802,0.009995697123714922,-0.010222279050161563,0.00971049174243829,341.87
26.528,0.005408181818181795,0.009995697123714922,-0.010222279050161563,0.00971049174243829,341.87
26.532,0.005148181818181812,0.009995697123714922,-0.01005227905016156,0.00971049174243829,341.87
26.536,0.004808181818181805,0.009995697123714922,-0.009702279050161598,0.00971049174243829,341.87
26.54,0.004468181818181798,0.010335697123714929,-0.009702279050161598,0.00963049174243832,341.87
26.544,0.004128181818181791,0.010675697123714935,-0.009702279050161598,0.009540491742438286,341.87
26.548,0.00377818181818183,0.010845697123714939,-0.00945227905016157,0.009290491742438314,341.87
26.552,0.0036081818181818263,0.010935697123714918,-0.009282279050161567,0.009290491742438314,341.87
26.556,0.0032681818181818194,0.010935697123714918,-0.008932279050161605,0.009290491742438314,341.87
26.56,0.0028381818181818334,0.010845697123714939,-0.00885227905016158,0.009290491742438314,341.87
26.564,0.0024981818181818265,0.010765697123714914,-0.008422279050161595,0.009290491742438314,341.87
26.568,0.0021581818181818195,0.010765697123714914,-0.008252279050161591,0.00912049174243831,341.87
26.572,0.0018981818181818368,0.010505697123714932,-0.007992279050161609,0.008860491742438272,341.87
26.576,0.0015581818181818299,0.010415697123714898,-0.007742279050161581,0.008860491742438272,341.87
26.58,0.001218181818181823,0.010585697123714901,-0.0074822790501615985,0.008770491742438293,341.87
26.584,0.0007081818181818124,0.010675697123714935,-0.007312279050161595,0.00860049174243829,341.87
26.588,0.0003581818181817955,0.010585697123714901,-0.006972279050161588,0.008430491742438286,341.87
26.592,0.000188181818181792,0.010415697123714898,-0.006632279050161581,0.008180491742438314,341.87
26.596,-0.00015181818181815945,0.010165697123714925,-0.006462279050161578,0.007920491742438276,341.87
26.6,-0.0004918181818181664,0.01007569712371489,-0.006112279050161561,0.007660491742438294,341.87
26.604,-0.0008318181818181734,0.01007569712371489,-0.005862279050161588,0.007490491742438291,341.87
26.608,-0.0011718181818181803,0.009995697123714922,-0.005772279050161609,0.007240491742438318,341.87
26.612,-0.0013418181818181838,0.009735697123714939,-0.005432279050161602,0.007060491742438305,341.87
26.616,-0.0016918181818182008,0.009475697123714901,-0.004922279050161592,0.006810491742438277,341.87
26.62,-0.0021118181818181765,0.009225697123714929,-0.004582279050161585,0.006720491742438298,341.87
26.624,-0.002371818181818159,0.009135697123714894,-0.004492279050161606,0.006470491742438325,341.87
26.628,-0.0025418181818181625,0.008875697123714912,-0.004152279050161599,0.006300491742438322,341.87
26.632,-0.0028818181818181694,0.008795697123714887,-0.0038122790501615923,0.005950491742438305,341.87
26.636,-0.00340181818181819,0.008535697123714905,-0.0033822790501616064,0.005610491742438298,341.87
26.64,-0.003741818181818197,0.008285697123714932,-0.0030422790501615994,0.005530491742438273,341.87
26.644,-0.0039118181818182,0.008115697123714929,-0.0027822790501615615,0.005270491742438291,341.87
26.648,-0.004251818181818207,0.008195697123714898,-0.00244227905016161,0.0051004917424382875,341.87
26.652,-0.00451181818181819,0.007935697123714915,-0.002102279050161603,0.0047604917424382805,341.87
26.656,-0.004591818181818159,0.0075956971237149075,-0.001752279050161586,0.0044204917424382735,341.87
26.66,-0.004931818181818166,0.0075156971237149385,-0.0013322790501616101,0.0042404917424383156,341.87
26.664,-0.005281818181818183,0.0071756971237149315,-0.0009022790501615686,0.003990491742438288,341.87
26.668,-0.005451818181818186,0.0069156971237148935,-0.0006422790501615861,0.003820491742438284,341.87
26.672,-0.005791818181818193,0.006655697123714911,-0.0004722790501615826,0.0034704917424383227,341.87
26.676,-0.006051818181818176,0.006315697123714904,-0.00013227905016157564,0.0032204917424382947,341.87
26.68,-0.006221818181818179,0.005885697123714918,0.0003777209498384348,0.002960491742438312,341.87
26.684,-0.006471818181818207,0.005465697123714887,0.0008077209498384208,0.0025304917424383263,341.87
26.688,-0.006641818181818155,0.005205697123714904,0.0011477209498384276,0.002020491742438316,341.87
26.692,-0.006901818181818193,0.004945697123714922,0.0014877209498384346,0.0018504917424383121,341.87
26.696,-0.0071618181818181754,0.004605697123714915,0.0019177209498384205,0.0015904917424382741,341.87
26.7,-0.007501818181818182,0.004265697123714908,0.0023477209498384065,0.0013404917424383017,341.87
26.704,-0.007751818181818155,0.003925697123714901,0.0025977209498384344,0.0010804917424383192,341.87
26.708,-0.00784181818181819,0.0034956971237149153,0.002857720949838417,0.0010004917424382947,341.87
26.712,-0.008101818181818172,0.0031556971237149084,0.003287720949838403,0.0006504917424382777,341.87
26.716,-0.008271818181818175,0.002985697123714905,0.003717720949838389,0.0003104917424383263,341.87
26.72,-0.008521818181818203,0.002645697123714898,0.004057720949838396,0.00014049174243832284,341.87
26.724,-0.008701818181818161,0.0022956971237149365,0.004307720949838424,-0.00019950825756168413,341.87
26.728,-0.00895181818181819,0.001785697123714926,0.004477720949838428,-0.0006295082575617256,341.87
26.732,-0.009041818181818168,0.00135569712371494,0.004827720949838389,-0.0008795082575616981,341.87
26.736,-0.009121818181818193,0.0010156971237149331,0.005247720949838421,-0.0011395082575616805,341.87
26.74,-0.009381818181818175,0.000765697123714905,0.005507720949838403,-0.0014795082575616875,341.87
26.744,-0.009551818181818179,0.0005856971237148916,0.005767720949838441,-0.0018195082575616945,341.87
26.748,-0.009811818181818161,0.0002456971237149401,0.006187720949838417,-0.0020795082575616767,341.87
26.752,-0.009981818181818165,-0.00026430287628507034,0.006537720949838434,-0.0023395082575617147,341.87
26.756,-0.009981818181818165,-0.0006943028762851118,0.006617720949838403,-0.0026795082575617217,341.87
26.76,-0.009981818181818165,-0.0010343028762850631,0.006877720949838441,-0.003019508257561673,341.87
26.764,-0.010151818181818168,-0.00137430287628507,0.007217720949838392,-0.003279508257561711,341.87
26.768,-0.010231818181818193,-0.0018043028762851116,0.007387720949838396,-0.0035295082575616836,341.87
26.772,-0.010321818181818172,-0.0023143028762850665,0.007647720949838434,-0.0038795082575617005,341.87
26.776,-0.010401818181818196,-0.0026543028762850735,0.007817720949838437,-0.004129508257561673,341.87
26.78,-0.010661818181818179,-0.002824302876285077,0.00806772094983841,-0.0042995082575616765,341.87
26.784,-0.010661818181818179,-0.003254302876285063,0.008237720949838413,-0.0046395082575616834,341.87
26.788,-0.010661818181818179,-0.0037643028762850733,0.008497720949838396,-0.0049895082575617,341.87
26.792,-0.010661818181818179,-0.004024302876285112,0.00858772094983843,-0.005239508257561673,341.87
26.796,-0.010661818181818179,-0.004364302876285063,0.008837720949838403,-0.00557950825756168,341.87
26.8,-0.010661818181818179,-0.004624302876285101,0.009007720949838406,-0.005839508257561718,341.87
26.804,-0.010751818181818158,-0.004794302876285105,0.00909772094983844,-0.006009508257561721,341.87
26.808,-0.010831818181818182,-0.005134302876285112,0.00909772094983844,-0.006269508257561704,341.87
26.812,-0.010831818181818182,-0.005394302876285094,0.00909772094983844,-0.006439508257561707,341.87
26.816,-0.010751818181818158,-0.0056443028762850666,0.009357720949838423,-0.00669950825756169,341.87
26.82,-0.01058181818181821,-0.0059943028762850835,0.009357720949838423,-0.006779508257561714,341.87
26.824,-0.010321818181818172,-0.0063343028762850905,0.009357720949838423,-0.007039508257561697,341.87
26.828,-0.010321818181818172,-0.006584302876285063,0.009437720949838392,-0.007119508257561721,341.87
26.832,-0.010321818181818172,-0.006844302876285101,0.00969772094983843,-0.007379508257561704,341.87
26.836,-0.010231818181818193,-0.007184302876285108,0.00969772094983843,-0.007549508257561707,341.87
26.84,-0.009981818181818165,-0.00744430287628509,0.00969772094983843,-0.00780950825756169,341.87
26.844,-0.009981818181818165,-0.007704302876285073,0.00969772094983843,-0.007889508257561715,341.87
26.848,-0.009811818181818161,-0.0079543028762851,0.00969772094983843,-0.008059508257561718,341.87
26.852,-0.009551818181818179,-0.008124302876285103,0.00969772094983843,-0.008319508257561701,341.87
26.856,-0.009551818181818179,-0.008474302876285065,0.00969772094983843,-0.00840950825756168,341.87
26.86,-0.0094618181818182,-0.008814302876285072,0.00969772094983843,-0.008749508257561687,341.87
26.864,-0.009121818181818193,-0.008894302876285096,0.00969772094983843,-0.009089508257561694,341.87
26.868,-0.008781818181818186,-0.009154302876285079,0.00969772094983843,-0.009169508257561718,341.87
26.872,-0.008701818181818161,-0.009324302876285082,0.00969772094983843,-0.009169508257561718,341.87
26.876,-0.008521818181818203,-0.009584302876285065,0.00969772094983843,-0.009259508257561697,341.87
26.88,-0.008181818181818196,-0.009584302876285065,0.00969772094983843,-0.00951950825756168,341.87
26.884,-0.008011818181818193,-0.009754302876285068,0.009777720949838399,-0.009599508257561704,341.87
26.888,-0.007751818181818155,-0.0101743028762851,0.009867720949838434,-0.009599508257561704,341.87
26.892,-0.007411818181818203,-0.010524302876285061,0.009867720949838434,-0.009599508257561704,341.87
26.896,-0.0070718181818181965,-0.010524302876285061,0.009777720949838399,-0.009689508257561683,341.87
26.9,-0.006901818181818193,-0.010604302876285086,0.00969772094983843,-0.009859508257561687,341.87
26.904,-0.006561818181818186,-0.010694302876285065,0.009437720949838392,-0.01002950825756169,341.87
26.908,-0.0063018181818182036,-0.010524302876285061,0.009267720949838389,-0.01002950825756169,341.87
26.912,-0.0061318181818182,-0.010524302876285061,0.009267720949838389,-0.01002950825756169,341.87
26.916,-0.005791818181818193,-0.010524302876285061,0.00917772094983841,-0.01002950825756169,341.87
26.92,-0.005451818181818186,-0.010694302876285065,0.009007720949838406,-0.009939508257561711,341.87
26.924,-0.0050218181818182,-0.010944302876285093,0.009007720949838406,-0.009689508257561683,341.87
26.928,-0.004681818181818193,-0.011034302876285072,0.008927720949838437,-0.009599508257561704,341.87
26.932,-0.004421818181818155,-0.01129430287628511,0.0086677209498384,-0.009599508257561704,341.87
26.936,-0.004081818181818204,-0.01129430287628511,0.00858772094983843,-0.009599508257561704,341.87
26.94,-0.003821818181818166,-0.011114302876285096,0.008417720949838427,-0.009689508257561683,341.87
26.944,-0.0033118181818181554,-0.010944302876285093,0.008237720949838413,-0.009599508257561704,341.87
26.948,-0.0028818181818181694,-0.010864302876285068,0.008417720949838427,-0.009599508257561704,341.87
26.952,-0.002711818181818166,-0.010604302876285086,0.008237720949838413,-0.00951950825756168,341.87
26.956,-0.0024618181818181935,-0.010524302876285061,0.008157720949838389,-0.009259508257561697,341.87
26.96,-0.0021118181818181765,-0.010604302876285086,0.007897720949838406,-0.009259508257561697,341.87
26.964,-0.0016918181818182008,-0.010694302876285065,0.007557720949838399,-0.009089508257561694,341.87
26.968,-0.0012618181818181593,-0.010604302876285086,0.007127720949838413,-0.008829508257561711,341.87
26.972,-0.0008318181818181734,-0.010524302876285061,0.006877720949838441,-0.008749508257561687,341.87
26.976,-0.0004918181818181664,-0.010264302876285079,0.006617720949838403,-0.008749508257561687,341.87
26.98,-6.181818181818046e-05,-0.0101743028762851,0.0063577209498384205,-0.008489508257561704,341.87
26.984,0.0003581818181817955,-0.010004302876285096,0.0061077209498383925,-0.00840950825756168,341.87
26.988,0.0006181818181818335,-0.009754302876285068,0.0060177209498384135,-0.008229508257561722,341.87
26.992,0.000788181818181837,-0.00966430287628509,0.00584772094983841,-0.007979508257561694,341.87
26.996,0.001128181818181844,-0.009584302876285065,0.0056777209498384065,-0.007889508257561715,341.87
27.0,0.0015581818181818299,-0.009324302876285082,0.0053377209498383996,-0.007639508257561686,341.87
27.004,0.0018981818181818368,-0.009234302876285103,0.005077720949838417,-0.007379508257561704,341.87
27.008,0.002328181818181823,-0.008984302876285075,0.004827720949838389,-0.007119508257561721,341.87
27.012,0.0028381818181818334,-0.008724302876285093,0.004397720949838403,-0.007039508257561697,341.87
27.016,0.003098181818181816,-0.008384302876285086,0.004057720949838396,-0.006779508257561714,341.87
27.02,0.0032681818181818194,-0.008124302876285103,0.003967720949838417,-0.006439508257561707,341.87
27.024,0.0036081818181818263,-0.007874302876285075,0.003717720949838389,-0.006269508257561704,341.87
27.028,0.003948181818181833,-0.007614302876285094,0.0033677209498384274,-0.005929508257561697,341.87
27.032,0.004378181818181819,-0.007524302876285059,0.003197720949838424,-0.00557950825756168,341.87
27.036,0.004718181818181826,-0.007184302876285108,0.002857720949838417,-0.005409508257561676,341.87
27.04,0.004978181818181809,-0.00693430287628508,0.002427720949838431,-0.005069508257561725,341.87
27.044,0.005318181818181816,-0.0066743028762850974,0.002087720949838424,-0.0046395082575616834,341.87
27.048,0.005658181818181823,-0.0063343028762850905,0.0018277209498384415,-0.004389508257561711,341.87
27.052,0.0060881818181818086,-0.006074302876285108,0.0015777209498384136,-0.0042195082575617075,341.87
27.056,0.0064281818181818155,-0.0059943028762850835,0.0014877209498384346,-0.0038795082575617005,341.87
27.06,0.006598181818181819,-0.0056443028762850666,0.0011477209498384276,-0.00335950825756168,341.87
27.064,0.006948181818181836,-0.005134302876285112,0.0008077209498384208,-0.002939508257561704,341.87
27.068,0.007288181818181843,-0.00470430287628507,0.0004677209498384138,-0.0027595082575616907,341.87
27.072,0.007368181818181812,-0.004454302876285098,0.0002977209498384103,-0.002589508257561687,341.87
27.076,0.007798181818181798,-0.004284302876285094,-5.227905016160666e-05,-0.0021695082575617112,341.87
27.08,0.008138181818181805,-0.003944302876285087,-0.0005622790501615616,-0.0017395082575617255,341.87
27.084,0.00822818181818184,-0.003514302876285101,-0.0009922790501616032,-0.0014795082575616875,341.87
27.088,0.008478181818181812,-0.0030843028762850594,-0.0012422790501615756,-0.0011395082575616805,341.87
27.092,0.008908181818181798,-0.002744302876285108,-0.0013322790501616101,-0.0008795082575616981,341.87
27.096,0.009168181818181836,-0.0025743028762851045,-0.001842279050161565,-0.0005395082575616911,341.87
27.1,0.009418181818181808,-0.0022343028762850975,-0.00244227905016161,-0.00010950825756170514,341.87
27.104,0.009508181818181843,-0.0018043028762851116,-0.002952279050161565,0.0003104917424383263,341.87
27.108,0.009768181818181825,-0.0015443028762850736,-0.003292279050161572,0.0005704917424383088,341.87
27.112,0.009768181818181825,-0.0010343028762850631,-0.0033822790501616064,0.0010804917424383192,341.87
27.116,0.009938181818181829,-0.0006043028762850773,-0.0038122790501615923,0.0014204917424383262,341.87
27.12,0.010188181818181801,-0.00017430287628509135,-0.004232279050161568,0.0015904917424382741,341.87
27.124,0.010278181818181836,0.00016569712371491561,-0.004582279050161585,0.001940491742438291,341.87
27.128,0.010538181818181818,0.0003356971237149191,-0.004832279050161557,0.0022804917424382983,341.87
27.132,0.010618181818181843,0.0005856971237148916,-0.005092279050161595,0.0027104917424382842,341.87
27.136,0.010708181818181822,0.0009356971237149085,-0.005432279050161602,0.002960491742438312,341.87
27.14,0.010958181818181794,0.00135569712371494,-0.005772279050161609,0.0031304917424383157,341.87
27.144,0.010958181818181794,0.0017056971237149015,-0.006112279050161561,0.0034704917424383227,341.87
27.148,0.010958181818181794,0.001875697123714905,-0.006372279050161599,0.003990491742438288,341.87
27.152,0.010958181818181794,0.002215697123714912,-0.006712279050161606,0.0043304917424382946,341.87
27.156,0.010958181818181794,0.002645697123714898,-0.006972279050161588,0.004500491742438298,341.87
27.16,0.010958181818181794,0.002985697123714905,-0.007052279050161557,0.0047604917424382805,341.87
27.164,0.010958181818181794,0.003235697123714933,-0.007402279050161574,0.005180491742438312,341.87
27.168,0.010958181818181794,0.0034956971237149153,-0.007742279050161581,0.005530491742438273,341.87
27.172,0.010958181818181794,0.003925697123714901,-0.007992279050161609,0.005700491742438277,341.87
27.176,0.010958181818181794,0.004355697123714887,-0.00834227905016157,0.005950491742438305,341.87
27.18,0.010958181818181794,0.004605697123714915,-0.008592279050161598,0.006210491742438287,341.87
27.184,0.010958181818181794,0.004695697123714894,-0.008762279050161602,0.006470491742438325,341.87
27.188,0.010958181818181794,0.005035697123714901,-0.00885227905016158,0.006810491742438277,341.87
27.192,0.010958181818181794,0.005375697123714908,-0.00885227905016158,0.007060491742438305,341.87
27.196,0.010878181818181825,0.00563569712371489,-0.009022279050161584,0.007240491742438318,341.87
27.2,0.010618181818181843,0.005975697123714897,-0.009192279050161588,0.007490491742438291,341.87
27.204,0.010618181818181843,0.006315697123714904,-0.00945227905016157,0.007660491742438294,341.87
27.208,0.010618181818181843,0.006405697123714939,-0.009532279050161595,0.007830491742438297,341.87
27.212,0.010618181818181843,0.006405697123714939,-0.009792279050161577,0.00809049174243828,341.87
27.216,0.010448181818181839,0.00674569712371489,-0.009872279050161602,0.008350491742438317,341.87
27.22,0.010188181818181801,0.0071756971237149315,-0.00996227905016158,0.00852049174243832,341.87
27.224,0.010188181818181801,0.007425697123714904,-0.010222279050161563,0.008770491742438293,341.87
27.228,0.010108181818181832,0.007425697123714904,-0.010222279050161563,0.008860491742438272,341.87
27.232,0.009848181818181794,0.00785569712371489,-0.010222279050161563,0.00912049174243831,341.87
27.236,0.00967818181818179,0.008115697123714929,-0.010222279050161563,0.00920049174243828,341.87
27.24,0.009508181818181843,0.008365697123714901,-0.010392279050161567,0.009370491742438283,341.87
27.244,0.009248181818181805,0.008455697123714936,-0.010642279050161595,0.00963049174243832,341.87
27.248,0.008998181818181832,0.00862569712371494,-0.010732279050161574,0.00971049174243829,341.87
27.252,0.008828181818181829,0.008875697123714912,-0.010732279050161574,0.009800491742438324,341.87
27.256,0.00856818181818179,0.009135697123714894,-0.010732279050161574,0.009880491742438293,341.87
27.26,0.008478181818181812,0.009135697123714894,-0.010732279050161574,0.010060491742438307,341.87
27.264,0.00822818181818184,0.009225697123714929,-0.010642279050161595,0.010060491742438307,341.87
27.268,0.007708181818181819,0.009475697123714901,-0.01056227905016157,0.010060491742438307,341.87
27.272,0.007368181818181812,0.009645697123714905,-0.010472279050161591,0.010060491742438307,341.87
27.276,0.007288181818181843,0.009905697123714887,-0.010392279050161567,0.010060491742438307,341.87
27.28,0.0068581818181818015,0.009995697123714922,-0.010302279050161588,0.010060491742438307,341.87
27.284,0.0064281818181818155,0.009995697123714922,-0.010392279050161567,0.009970491742438272,341.87
27.288,0.006178181818181843,0.009995697123714922,-0.010392279050161567,0.010060491742438307,341.87
27.292,0.0060881818181818086,0.009995697123714922,-0.010222279050161563,0.010060491742438307,341.87
27.296,0.005658181818181823,0.009905697123714887,-0.00996227905016158,0.009970491742438272,341.87
27.3,0.005238181818181791,0.009995697123714922,-0.00996227905016158,0.009800491742438324,341.87
27.304,0.004978181818181809,0.01007569712371489,-0.009872279050161602,0.00963049174243832,341.87
27.308,0.004718181818181826,0.010165697123714925,-0.009622279050161574,0.00963049174243832,341.87
27.312,0.004378181818181819,0.010335697123714929,-0.00945227905016157,0.00971049174243829,341.87
27.316,0.004038181818181812,0.010415697123714898,-0.009192279050161588,0.00963049174243832,341.87
27.32,0.0036981818181818053,0.010585697123714901,-0.009192279050161588,0.009540491742438286,341.87
27.324,0.0032681818181818194,0.010675697123714935,-0.009112279050161563,0.009370491742438283,341.87
27.328,0.0029281818181818124,0.010765697123714914,-0.008762279050161602,0.009370491742438283,341.87
27.332,0.002758181818181809,0.010765697123714914,-0.008512279050161574,0.009540491742438286,341.87
27.336,0.002418181818181802,0.010505697123714932,-0.008162279050161557,0.009290491742438314,341.87
27.34,0.0018981818181818368,0.010505697123714932,-0.007912279050161584,0.009290491742438314,341.87
27.344,0.0014781818181818054,0.010765697123714914,-0.007742279050161581,0.00920049174243828,341.87
27.348,0.001218181818181823,0.010765697123714914,-0.0074822790501615985,0.008940491742438297,341.87
27.352,0.0010481818181818194,0.010765697123714914,-0.007402279050161574,0.008940491742438297,341.87
27.356,0.0007081818181818124,0.010505697123714932,-0.0071422790501615915,0.008770491742438293,341.87
27.36,0.0003581818181817955,0.010335697123714929,-0.006802279050161585,0.00852049174243832,341.87
27.364,1.8181818181844034e-05,0.01007569712371489,-0.006542279050161602,0.008350491742438317,341.87
27.368,-0.00015181818181815945,0.01007569712371489,-0.006202279050161595,0.00809049174243828,341.87
27.372,-0.0004918181818181664,0.009995697123714922,-0.005862279050161588,0.0080004917424383,341.87
27.376,-0.0008318181818181734,0.009815697123714908,-0.005602279050161606,0.007750491742438273,341.87
27.38,-0.0012618181818181593,0.009645697123714905,-0.005342279050161568,0.007490491742438291,341.87
27.384,-0.0017718181818181698,0.009475697123714901,-0.005002279050161561,0.007240491742438318,341.87
27.388,-0.0020318181818182075,0.009225697123714929,-0.004662279050161609,0.007150491742438284,341.87
27.392,-0.00229181818181819,0.009135697123714894,-0.004322279050161602,0.006890491742438301,341.87
27.396,-0.002631818181818197,0.008875697123714912,-0.004062279050161564,0.006640491742438273,341.87
27.4,-0.0028818181818181694,0.008705697123714908,-0.003722279050161558,0.006300491742438322,341.87
27.404,-0.0032318181818181864,0.008455697123714936,-0.003292279050161572,0.006040491742438284,341.87
27.408,-0.00340181818181819,0.008285697123714932,-0.002952279050161565,0.00587049174243828,341.87
27.412,-0.003821818181818166,0.008115697123714929,-0.0027022790501615925,0.005530491742438273,341.87
27.416,-0.004251818181818207,0.008115697123714929,-0.002522279050161579,0.005270491742438291,341.87
27.42,-0.004421818181818155,0.007765697123714911,-0.002102279050161603,0.0051004917424382875,341.87
27.424,-0.004931818181818166,0.0076856971237148864,-0.0016722790501615616,0.0047604917424382805,341.87
27.428,-0.0050218181818182,0.0075156971237149385,-0.0013322790501616101,0.0044204917424382735,341.87
27.432,-0.0050218181818182,0.007085697123714897,-0.0008122790501615896,0.0042404917424383156,341.87
27.436,-0.005451818181818186,0.00674569712371489,-0.0004722790501615826,0.0039004917424383086,341.87
27.44,-0.005791818181818193,0.006655697123714911,-0.0003022790501615791,0.0035604917424383016,341.87
27.444,-0.005871818181818162,0.006315697123714904,-5.227905016160666e-05,0.0034704917424383227,341.87
27.448,-0.0061318181818182,0.005975697123714897,0.0003777209498384348,0.003050491742438291,341.87
27.452,-0.006561818181818186,0.00563569712371489,0.0008077209498384208,0.0026204917424383052,341.87
27.456,-0.0068118181818181585,0.005375697123714908,0.0010677209498384031,0.0023604917424383228,341.87
27.46,-0.006991818181818172,0.005035697123714901,0.0015777209498384136,0.0021904917424383193,341.87
27.464,-0.0070718181818181965,0.004605697123714915,0.0019177209498384205,0.0018504917424383121,341.87
27.468,-0.007501818181818182,0.004265697123714908,0.002177720949838403,0.0015104917424383052,341.87
27.472,-0.00784181818181819,0.003925697123714901,0.00251772094983841,0.0011704917424382982,341.87
27.476,-0.008011818181818193,0.003665697123714919,0.002767720949838438,0.0010004917424382947,341.87
27.48,-0.008271818181818175,0.0034056971237149364,0.003197720949838424,0.0006504917424382777,341.87
27.484,-0.0083518181818182,0.002985697123714905,0.0034577209498384063,0.00014049174243832284,341.87
27.488,-0.008611818181818182,0.002555697123714919,0.00362772094983841,-0.00019950825756168413,341.87
27.492,-0.008781818181818186,0.002215697123714912,0.003967720949838417,-0.00028950825756171865,341.87
27.496,-0.009041818181818168,0.001875697123714905,0.004397720949838403,-0.0006295082575617256,341.87
27.5,-0.009121818181818193,0.001445697123714919,0.00473772094983841,-0.0010495082575617016,341.87
27.504,-0.009381818181818175,0.0011056971237149121,0.004997720949838393,-0.0014795082575616875,341.87
27.508,-0.0094618181818182,0.0009356971237149085,0.0053377209498383996,-0.001649508257561691,341.87
27.512,-0.009551818181818179,0.0005856971237148916,0.0056777209498384065,-0.0019095082575616735,341.87
27.516,-0.009811818181818161,0.00016569712371491561,0.005937720949838389,-0.00224950825756168,341.87
27.52,-0.009811818181818161,-0.00026430287628507034,0.006187720949838417,-0.0026795082575617217,341.87
27.524,-0.009981818181818165,-0.0006943028762851118,0.0064477209498383994,-0.002939508257561704,341.87
27.528,-0.010231818181818193,-0.0010343028762850631,0.006537720949838434,-0.0031095082575617076,341.87
27.532,-0.010321818181818172,-0.0014643028762851046,0.006877720949838441,-0.0034495082575617146,341.87
27.536,-0.010321818181818172,-0.0018043028762851116,0.007217720949838392,-0.003699508257561687,341.87
27.54,-0.010231818181818193,-0.0018843028762850805,0.007387720949838396,-0.003959508257561725,341.87
27.544,-0.010321818181818172,-0.0023143028762850665,0.007647720949838434,-0.0042995082575616765,341.87
27.548,-0.010661818181818179,-0.002824302876285077,0.007727720949838403,-0.0046395082575616834,341.87
27.552,-0.010751818181818158,-0.0033443028762850974,0.00798772094983844,-0.004819508257561697,341.87
27.556,-0.010751818181818158,-0.003514302876285101,0.008237720949838413,-0.005159508257561704,341.87
27.56,-0.010751818181818158,-0.0037643028762850733,0.008497720949838396,-0.005499508257561711,341.87
27.564,-0.010831818181818182,-0.004024302876285112,0.00858772094983843,-0.005669508257561714,341.87
27.568,-0.010831818181818182,-0.004454302876285098,0.008757720949838434,-0.006009508257561721,341.87
27.572,-0.010751818181818158,-0.004794302876285105,0.00858772094983843,-0.006269508257561704,341.87
27.576,-0.010751818181818158,-0.005054302876285087,0.0086677209498384,-0.006439508257561707,341.87
27.58,-0.010751818181818158,-0.005224302876285091,0.008837720949838403,-0.00669950825756169,341.87
27.584,-0.010751818181818158,-0.005564302876285098,0.009007720949838406,-0.006869508257561693,341.87
27.588,-0.010751818181818158,-0.0059043028762851045,0.009267720949838389,-0.007119508257561721,341.87
27.592,-0.01058181818181821,-0.0059943028762850835,0.009267720949838389,-0.007289508257561725,341.87
27.596,-0.010321818181818172,-0.0063343028762850905,0.009267720949838389,-0.007549508257561707,341.87
27.6,-0.010231818181818193,-0.0067643028762850764,0.009527720949838427,-0.007639508257561686,341.87
27.604,-0.010231818181818193,-0.007104302876285083,0.009777720949838399,-0.007979508257561694,341.87
27.608,-0.009981818181818165,-0.007274302876285087,0.009867720949838434,-0.007979508257561694,341.87
27.612,-0.009891818181818186,-0.007524302876285059,0.009867720949838434,-0.008059508257561718,341.87
27.616,-0.009811818181818161,-0.007704302876285073,0.009777720949838399,-0.008579508257561683,341.87
27.62,-0.009551818181818179,-0.008124302876285103,0.009777720949838399,-0.008579508257561683,341.87
27.624,-0.009551818181818179,-0.008474302876285065,0.009777720949838399,-0.008659508257561708,341.87
27.628,-0.009381818181818175,-0.00855430287628509,0.009777720949838399,-0.009089508257561694,341.87
27.632,-0.009121818181818193,-0.008814302876285072,0.009777720949838399,-0.009169508257561718,341.87
27.636,-0.00895181818181819,-0.008894302876285096,0.009777720949838399,-0.009349508257561676,341.87
27.64,-0.008701818181818161,-0.009154302876285079,0.009777720949838399,-0.009599508257561704,341.87
27.644,-0.008611818181818182,-0.009494302876285086,0.009777720949838399,-0.009599508257561704,341.87
27.648,-0.0083518181818182,-0.010004302876285096,0.009777720949838399,-0.009599508257561704,341.87
27.652,-0.008101818181818172,-0.010004302876285096,0.009777720949838399,-0.009689508257561683,341.87
27.656,-0.007751818181818155,-0.010004302876285096,0.009777720949838399,-0.009689508257561683,341.87
27.66,-0.007501818181818182,-0.010264302876285079,0.009777720949838399,-0.009939508257561711,341.87
27.664,-0.007331818181818179,-0.0101743028762851,0.009777720949838399,-0.01002950825756169,341.87
27.668,-0.006991818181818172,-0.010264302876285079,0.00969772094983843,-0.01002950825756169,341.87
27.672,-0.0067318181818181895,-0.010524302876285061,0.009437720949838392,-0.01002950825756169,341.87
27.676,-0.006641818181818155,-0.010774302876285089,0.009437720949838392,-0.009859508257561687,341.87
27.68,-0.006221818181818179,-0.010864302876285068,0.009437720949838392,-0.009599508257561704,341.87
27.684,-0.005791818181818193,-0.010864302876285068,0.009267720949838389,-0.009599508257561704,341.87
27.688,-0.005361818181818207,-0.010604302876285086,0.009007720949838406,-0.009689508257561683,341.87
27.692,-0.0050218181818182,-0.010604302876285086,0.009007720949838406,-0.009599508257561704,341.87
27.696,-0.004931818181818166,-0.010774302876285089,0.008927720949838437,-0.009599508257561704,341.87
27.7,-0.004681818181818193,-0.010944302876285093,0.008927720949838437,-0.009599508257561704,341.87
27.704,-0.004171818181818183,-0.011114302876285096,0.008927720949838437,-0.009599508257561704,341.87
27.708,-0.003741818181818197,-0.011034302876285072,0.008927720949838437,-0.009689508257561683,341.87
27.712,-0.00340181818181819,-0.010864302876285068,0.0086677209498384,-0.009599508257561704,341.87
27.716,-0.003051818181818173,-0.010604302876285086,0.00858772094983843,-0.009599508257561704,341.87
27.72,-0.0028018181818182004,-0.010524302876285061,0.008497720949838396,-0.00951950825756168,341.87
27.724,-0.0024618181818181935,-0.010604302876285086,0.008237720949838413,-0.009259508257561697,341.87
27.728,-0.0021118181818181765,-0.010774302876285089,0.00798772094983844,-0.009259508257561697,341.87
27.732,-0.0017718181818181698,-0.010604302876285086,0.007727720949838403,-0.009089508257561694,341.87
27.736,-0.0013418181818181838,-0.010434302876285082,0.00747772094983843,-0.008829508257561711,341.87
27.74,-0.0009218181818182079,-0.0101743028762851,0.007047720949838389,-0.008749508257561687,341.87
27.744,-0.0004018181818181874,-0.0101743028762851,0.006877720949838441,-0.008749508257561687,341.87
27.748,1.8181818181844034e-05,-0.010094302876285075,0.006617720949838403,-0.008489508257561704,341.87
27.752,0.000188181818181792,-0.009924302876285072,0.0064477209498383994,-0.008229508257561722,341.87
27.756,0.0003581818181817955,-0.009754302876285068,0.006187720949838417,-0.007979508257561694,341.87
27.76,0.000788181818181837,-0.00966430287628509,0.0060177209498384135,-0.007889508257561715,341.87
27.764,0.001218181818181823,-0.009414302876285061,0.005767720949838441,-0.007889508257561715,341.87
27.768,0.0015581818181818299,-0.009324302876285082,0.0055977209498384375,-0.007639508257561686,341.87
27.772,0.0018981818181818368,-0.009154302876285079,0.005247720949838421,-0.007459508257561673,341.87
27.776,0.002328181818181823,-0.008894302876285096,0.004997720949838393,-0.007119508257561721,341.87
27.78,0.00266818181818183,-0.008814302876285072,0.004827720949838389,-0.006869508257561693,341.87
27.784,0.0028381818181818334,-0.00855430287628509,0.004397720949838403,-0.00669950825756169,341.87
27.788,0.0031781818181818404,-0.008384302876285086,0.003967720949838417,-0.006439508257561707,341.87
27.792,0.0036081818181818263,-0.008044302876285079,0.003717720949838389,-0.006269508257561704,341.87
27.796,0.004038181818181812,-0.007704302876285073,0.0034577209498384063,-0.005929508257561697,341.87
27.8,0.004378181818181819,-0.007524302876285059,0.0031177209498383994,-0.005499508257561711,341.87
27.804,0.004548181818181823,-0.007184302876285108,0.002767720949838438,-0.005239508257561673,341.87
27.808,0.00488818181818183,-0.006844302876285101,0.00251772094983841,-0.0049895082575617,341.87
27.812,0.005318181818181816,-0.0067643028762850764,0.0023477209498384065,-0.0046395082575616834,341.87
27.816,0.005748181818181802,-0.0064143028762850595,0.0020077209498383995,-0.0042995082575616765,341.87
27.82,0.0060881818181818086,-0.0059943028762850835,0.001657720949838438,-0.003959508257561725,341.87
27.824,0.006258181818181812,-0.0056443028762850666,0.0014877209498384346,-0.003699508257561687,341.87
27.828,0.0065181818181817945,-0.005474302876285063,0.0011477209498384276,-0.00335950825756168,341.87
27.832,0.0067681818181818225,-0.005134302876285112,0.0008077209498384208,-0.003019508257561673,341.87
27.836,0.006948181818181836,-0.004794302876285105,0.0006377209498384173,-0.0026795082575617217,341.87
27.84,0.007288181818181843,-0.00470430287628507,0.0002977209498384103,-0.0023395082575617147,341.87
27.844,0.007538181818181815,-0.004364302876285063,-5.227905016160666e-05,-0.0021695082575617112,341.87
27.848,0.007798181818181798,-0.003944302876285087,-0.0004722790501615826,-0.0018195082575616945,341.87
27.852,0.00822818181818184,-0.00359430287628507,-0.0009922790501616032,-0.0014795082575616875,341.87
27.856,0.008478181818181812,-0.0034243028762850664,-0.0013322790501616101,-0.0009695082575616771,341.87
27.86,0.008648181818181815,-0.0030843028762850594,-0.0015822790501615826,-0.0006295082575617256,341.87
27.864,0.008908181818181798,-0.0026543028762850735,-0.001842279050161565,-0.00045950825756172213,341.87
27.868,0.008998181818181832,-0.0023143028762850665,-0.0023522790501615755,-0.00010950825756170514,341.87
27.872,0.009248181818181805,-0.002064302876285094,-0.002952279050161565,0.0003104917424383263,341.87
27.876,0.009508181818181843,-0.0018043028762851116,-0.0033822790501616064,0.0005704917424383088,341.87
27.88,0.009768181818181825,-0.0014643028762851046,-0.00355227905016161,0.0010804917424383192,341.87
27.884,0.009848181818181794,-0.0010343028762850631,-0.0038122790501615923,0.0014204917424383262,341.87
27.888,0.010108181818181832,-0.0006043028762850773,-0.004232279050161568,0.0015104917424383052,341.87
27.892,0.010108181818181832,-0.0004343028762850738,-0.004582279050161585,0.0018504917424383121,341.87
27.896,0.010278181818181836,-0.00026430287628507034,-0.005002279050161561,0.0022804917424382983,341.87
27.9,0.010538181818181818,0.00016569712371491561,-0.005342279050161568,0.0027104917424382842,341.87
27.904,0.010708181818181822,0.0005856971237148916,-0.005522279050161581,0.002960491742438312,341.87
27.908,0.010958181818181794,0.0010156971237149331,-0.005862279050161588,0.0032204917424382947,341.87
27.912,0.010958181818181794,0.001445697123714919,-0.006202279050161595,0.0035604917424383016,341.87
27.916,0.010958181818181794,0.0017056971237149015,-0.006462279050161578,0.003990491742438288,341.87
27.92,0.010958181818181794,0.001875697123714905,-0.006712279050161606,0.0043304917424382946,341.87
27.924,0.010958181818181794,0.002215697123714912,-0.007052279050161557,0.0044204917424382735,341.87
27.928,0.010958181818181794,0.002555697123714919,-0.007312279050161595,0.0047604917424382805,341.87
27.932,0.011048181818181829,0.0030656971237149294,-0.0074822790501615985,0.0050104917424383085,341.87
27.936,0.011128181818181797,0.0034056971237149364,-0.007912279050161584,0.005180491742438312,341.87
27.94,0.011048181818181829,0.0035856971237148943,-0.008252279050161591,0.005530491742438273,341.87
27.944,0.011048181818181829,0.0038356971237149223,-0.00834227905016157,0.00587049174243828,341.87
27.948,0.011048181818181829,0.004265697123714908,-0.008512279050161574,0.006040491742438284,341.87
27.952,0.011048181818181829,0.00452569712371489,-0.008682279050161577,0.006300491742438322,341.87
27.956,0.011048181818181829,0.004775697123714918,-0.008932279050161605,0.006550491742438294,341.87
27.96,0.011048181818181829,0.005115697123714925,-0.009022279050161584,0.006890491742438301,341.87
27.964,0.011048181818181829,0.005465697123714887,-0.009192279050161588,0.007150491742438284,341.87
27.968,0.010878181818181825,0.00563569712371489,-0.00945227905016157,0.007320491742438287,341.87
27.972,0.010618181818181843,0.005975697123714897,-0.009532279050161595,0.007580491742438325,341.87
27.976,0.010618181818181843,0.006235697123714935,-0.009622279050161574,0.007660491742438294,341.87
27.98,0.010538181818181818,0.006405697123714939,-0.009872279050161602,0.007920491742438276,341.87
27.984,0.010278181818181836,0.00674569712371489,-0.009872279050161602,0.008180491742438314,341.87
27.988,0.01028818181818179,0.007005697123714928,-0.010042279050161605,0.008440491742438296,341.87
27.992,0.01028818181818179,0.0072656971237149105,-0.010292279050161578,0.0086104917424383,341.87
27.996,0.010198181818181811,0.007525697123714893,-0.010382279050161612,0.008870491742438282,341.87
28.0,0.010118181818181842,0.0076956971237148964,-0.010292279050161578,0.008950491742438307,341.87
28.004,0.009858181818181804,0.008035697123714904,-0.010382279050161612,0.009040491742438286,341.87
28.008,0.009598181818181822,0.008295697123714887,-0.010462279050161581,0.00921049174243829,341.87
28.012,0.009348181818181794,0.00846569712371489,-0.010642279050161595,0.00921049174243829,341.87
28.016,0.009258181818181815,0.008715697123714918,-0.010642279050161595,0.00921049174243829,341.87
28.02,0.008918181818181808,0.008885697123714922,-0.010642279050161595,0.009550491742438296,341.87
28.024,0.008658181818181825,0.009055697123714925,-0.010722279050161564,0.0097204917424383,341.87
28.028,0.008408181818181797,0.009235697123714939,-0.010722279050161564,0.0097204917424383,341.87
28.032,0.00806818181818179,0.009485697123714911,-0.010642279050161595,0.009640491742438275,341.87
28.036,0.007718181818181829,0.009745697123714894,-0.010462279050161581,0.009640491742438275,341.87
28.04,0.007468181818181801,0.009995697123714922,-0.01055227905016156,0.0097204917424383,341.87
28.044,0.007298181818181797,0.009995697123714922,-0.01055227905016156,0.009980491742438282,341.87
28.048,0.006948181818181836,0.009995697123714922,-0.010292279050161578,0.010060491742438307,341.87
28.052,0.0065281818181818045,0.0100856971237149,-0.010292279050161578,0.010060491742438307,341.87
28.056,0.006178181818181843,0.0100856971237149,-0.010292279050161578,0.010060491742438307,341.87
28.06,0.005928181818181815,0.010175697123714935,-0.00995227905016157,0.010060491742438307,341.87
28.064,0.005588181818181808,0.010345697123714939,-0.009872279050161602,0.010060491742438307,341.87
28.068,0.005238181818181791,0.010345697123714939,-0.009782279050161567,0.009980491742438282,341.87
28.072,0.004988181818181819,0.010425697123714908,-0.009702279050161598,0.009810491742438279,341.87
28.076,0.004818181818181815,0.010515697123714886,-0.009782279050161567,0.0097204917424383,341.87
28.08,0.004478181818181808,0.010595697123714911,-0.009522279050161585,0.009640491742438275,341.87
28.084,0.004048181818181822,0.010855697123714893,-0.009272279050161557,0.009380491742438293,341.87
28.088,0.0037081818181818153,0.011115697123714931,-0.009272279050161557,0.009300491742438324,341.87
28.092,0.003448181818181833,0.0111956971237149,-0.009012279050161574,0.009300491742438324,341.87
28.096,0.0032781818181818294,0.011115697123714931,-0.008672279050161567,0.009300491742438324,341.87
28.1,0.0028481818181818434,0.010935697123714918,-0.008412279050161585,0.00912049174243831,341.87
28.104,0.002338181818181833,0.010765697123714914,-0.008582279050161588,0.008950491742438307,341.87
28.108,0.002078181818181795,0.01068569712371489,-0.008242279050161581,0.00921049174243829,341.87
28.112,0.0019081818181817913,0.010595697123714911,-0.007642279050161592,0.00912049174243831,341.87
28.116,0.0015681818181818399,0.010425697123714908,-0.007302279050161585,0.008950491742438307,341.87
28.12,0.0011381818181817984,0.010425697123714908,-0.007052279050161557,0.008950491742438307,341.87
28.124,0.0007981818181817914,0.010345697123714939,-0.006962279050161578,0.008870491742438282,341.87
28.128,0.000538181818181809,0.010345697123714939,-0.006622279050161571,0.0086104917424383,341.87
28.132,0.0003681818181818055,0.010255697123714904,-0.006282279050161564,0.008440491742438296,341.87
28.136,2.8181818181798523e-05,0.009995697123714922,-0.005932279050161603,0.008360491742438272,341.87
28.14,-0.0004818181818181564,0.009995697123714922,-0.005682279050161575,0.00810049174243829,341.87
28.144,-0.0008218181818181634,0.009915697123714897,-0.005342279050161568,0.00801049174243831,341.87
28.148,-0.0009118181818181979,0.009745697123714894,-0.005082279050161585,0.007760491742438283,341.87
28.152,-0.0012518181818182048,0.009485697123714911,-0.004822279050161603,0.00759049174243828,341.87
28.156,-0.0016818181818181908,0.009235697123714939,-0.004482279050161596,0.007330491742438297,341.87
28.16,-0.0021118181818181765,0.009055697123714925,-0.004232279050161568,0.007070491742438315,341.87
28.164,-0.0023618181818182045,0.008805697123714897,-0.003882279050161607,0.006820491742438287,341.87
28.168,-0.002621818181818187,0.008715697123714918,-0.0037122790501616034,0.006730491742438308,341.87
28.172,-0.002961818181818194,0.008545697123714915,-0.0033722790501615964,0.006300491742438322,341.87
28.176,-0.0032218181818181764,0.00846569712371489,-0.0030322790501615894,0.005960491742438315,341.87
28.18,-0.00339181818181818,0.008115697123714929,-0.002522279050161579,0.00588049174243829,341.87
28.184,-0.003821818181818166,0.008035697123714904,-0.002172279050161562,0.005620491742438308,341.87
28.188,-0.004331818181818176,0.007945697123714925,-0.0020022790501615585,0.005450491742438304,341.87
28.192,-0.00450181818181818,0.0076956971237148964,-0.001662279050161607,0.0051104917424382975,341.87
28.196,-0.004671818181818183,0.007435697123714914,-0.0013222790501616001,0.0047704917424382905,341.87
28.2,-0.005101818181818169,0.007095697123714907,-0.0008922790501615586,0.004590491742438277,341.87
28.204,-0.005521818181818201,0.0067556971237149,-0.0006422790501615861,0.004250491742438326,341.87
28.208,-0.005521818181818201,0.006495697123714918,-0.0003822790501616036,0.004000491742438298,341.87
28.212,-0.005781818181818183,0.006235697123714935,-4.227905016159666e-05,0.003910491742438319,341.87
28.216,-0.00612181818181819,0.005815697123714904,0.0002977209498384103,0.0035704917424383116,341.87
28.22,-0.0062918181818181936,0.005465697123714887,0.0007277209498383963,0.0031404917424383257,341.87
28.224,-0.006551818181818176,0.005215697123714914,0.0010677209498384031,0.0028804917424382877,341.87
28.228,-0.0068118181818181585,0.005045697123714911,0.0012377209498384066,0.0026304917424383152,341.87
28.232,-0.0071518181818181654,0.004705697123714904,0.0015877209498384236,0.0022904917424383083,341.87
28.236,-0.007411818181818203,0.004355697123714887,0.0020077209498383995,0.0018604917424383221,341.87
28.24,-0.007491818181818172,0.003935697123714911,0.0022677209498384375,0.0015204917424383152,341.87
28.244,-0.007751818181818155,0.0035856971237148943,0.0023577209498384165,0.0014304917424382807,341.87
28.248,-0.007921818181818158,0.003335697123714922,0.0027777209498383924,0.0010004917424382947,341.87
28.252,-0.008171818181818186,0.002995697123714915,0.003297720949838413,0.0005804917424383188,341.87
28.256,-0.0083518181818182,0.002645697123714898,0.00363772094983842,0.0003204917424382808,341.87
28.26,-0.008601818181818172,0.002225697123714922,0.0038077209498384233,0.00015049174243827733,341.87
28.264,-0.008771818181818176,0.0019656971237149395,0.004067720949838406,-0.00018950825756167413,341.87
28.268,-0.00894181818181818,0.001795697123714936,0.004487720949838438,-0.0006195082575617156,341.87
28.272,-0.009201818181818162,0.001455697123714929,0.004827720949838389,-0.0009595082575617226,341.87
28.276,-0.0094618181818182,0.0010256971237148876,0.004917720949838424,-0.001299508257561674,341.87
28.28,-0.009631818181818203,0.0005956971237149016,0.005087720949838427,-0.001639508257561681,341.87
28.284,-0.009881818181818176,0.00017569712371492561,0.0053477209498384096,-0.001899508257561719,341.87
28.288,-0.00997181818181821,-8.430287628511236e-05,0.005767720949838441,-0.0023295082575617047,341.87
28.292,-0.00997181818181821,-0.00034430287628509483,0.0061177209498384025,-0.0026695082575617117,341.87
28.296,-0.010141818181818158,-0.0006843028762851018,0.0063677209498384305,-0.002929508257561694,341.87
28.3,-0.010141818181818158,-0.0010243028762851086,0.006627720949838413,-0.0030995082575616976,341.87
28.304,-0.010231818181818193,-0.0014543028762850946,0.006887720949838395,-0.0034395082575617046,341.87
28.308,-0.010401818181818196,-0.0018843028762850805,0.007057720949838399,-0.0037795082575617115,341.87
28.312,-0.010651818181818169,-0.002304302876285112,0.007137720949838423,-0.0041195082575617185,341.87
28.316,-0.010741818181818203,-0.0026543028762850735,0.007307720949838427,-0.004289508257561722,341.87
28.32,-0.010821818181818172,-0.002734302876285098,0.007657720949838388,-0.004719508257561708,341.87
28.324,-0.010741818181818203,-0.003164302876285084,0.007907720949838416,-0.005149508257561694,341.87
28.328,-0.010741818181818203,-0.00359430287628507,0.00807772094983842,-0.005409508257561676,341.87
28.332,-0.010741818181818203,-0.003844302876285098,0.008167720949838399,-0.005489508257561701,341.87
28.336,-0.010741818181818203,-0.004184302876285105,0.008417720949838427,-0.005749508257561683,341.87
28.34,-0.010821818181818172,-0.004354302876285109,0.008507720949838406,-0.005999508257561711,341.87
28.344,-0.010741818181818203,-0.00470430287628507,0.00859772094983844,-0.006429508257561697,341.87
28.348,-0.010741818181818203,-0.005044302876285077,0.008767720949838388,-0.00668950825756168,341.87
28.352,-0.010741818181818203,-0.005474302876285063,0.008847720949838413,-0.006859508257561683,341.87
28.356,-0.010741818181818203,-0.005724302876285091,0.008937720949838392,-0.007119508257561721,341.87
28.36,-0.010741818181818203,-0.006064302876285098,0.009017720949838416,-0.007289508257561725,341.87
28.364,-0.010741818181818203,-0.0063243028762850805,0.008937720949838392,-0.007539508257561697,341.87
28.368,-0.010651818181818169,-0.0064143028762850595,0.009107720949838395,-0.007629508257561676,341.87
28.372,-0.010401818181818196,-0.006754302876285066,0.009357720949838423,-0.007879508257561705,341.87
28.376,-0.010401818181818196,-0.007094302876285073,0.009357720949838423,-0.008139508257561687,341.87
28.38,-0.010231818181818193,-0.007354302876285111,0.009447720949838402,-0.008399508257561725,341.87
28.384,-0.00997181818181821,-0.007694302876285063,0.009787720949838409,-0.008479508257561694,341.87
28.388,-0.009881818181818176,-0.00794430287628509,0.009787720949838409,-0.008819508257561701,341.87
28.392,-0.009811818181818161,-0.008124302876285103,0.009867720949838434,-0.00891950825756169,341.87
28.396,-0.009551818181818179,-0.008384302876285086,0.009867720949838434,-0.00891950825756169,341.87
28.4,-0.0094618181818182,-0.008474302876285065,0.009777720949838399,-0.009259508257561697,341.87
28.404,-0.009211818181818172,-0.008724302876285093,0.009777720949838399,-0.00951950825756168,341.87
28.408,-0.00895181818181819,-0.008984302876285075,0.009777720949838399,-0.00951950825756168,341.87
28.412,-0.008611818181818182,-0.009234302876285103,0.009867720949838434,-0.009599508257561704,341.87
28.416,-0.0083518181818182,-0.009324302876285082,0.009777720949838399,-0.009859508257561687,341.87
28.42,-0.008181818181818196,-0.009584302876285065,0.009777720949838399,-0.01002950825756169,341.87
28.424,-0.00784181818181819,-0.00966430287628509,0.009777720949838399,-0.01002950825756169,341.87
28.428,-0.007581818181818207,-0.010004302876285096,0.009777720949838399,-0.009939508257561711,341.87
28.432,-0.007331818181818179,-0.010354302876285113,0.009777720949838399,-0.009859508257561687,341.87
28.436,-0.006991818181818172,-0.010524302876285061,0.009777720949838399,-0.01002950825756169,341.87
28.44,-0.0067318181818181895,-0.010694302876285065,0.009777720949838399,-0.01002950825756169,341.87
28.444,-0.006561818181818186,-0.010944302876285093,0.009777720949838399,-0.01002950825756169,341.87
28.448,-0.006221818181818179,-0.010944302876285093,0.009607720949838396,-0.009939508257561711,341.87
28.452,-0.005871818181818162,-0.010864302876285068,0.009357720949838423,-0.009939508257561711,341.87
28.456,-0.005531818181818155,-0.010864302876285068,0.009357720949838423,-0.01002950825756169,341.87
28.46,-0.005281818181818183,-0.011034302876285072,0.009357720949838423,-0.01002950825756169,341.87
28.464,-0.004931818181818166,-0.01129430287628511,0.009267720949838389,-0.01002950825756169,341.87
28.468,-0.004591818181818159,-0.01129430287628511,0.009007720949838406,-0.009859508257561687,341.87
28.472,-0.004251818181818207,-0.01129430287628511,0.008927720949838437,-0.009599508257561704,341.87
28.476,-0.003821818181818166,-0.01129430287628511,0.009007720949838406,-0.009599508257561704,341.87
28.48,-0.00340181818181819,-0.011204302876285075,0.009007720949838406,-0.009599508257561704,341.87
28.484,-0.003051818181818173,-0.010944302876285093,0.008927720949838437,-0.009599508257561704,341.87
28.488,-0.0028018181818182004,-0.010944302876285093,0.008837720949838403,-0.009689508257561683,341.87
28.492,-0.0024618181818181935,-0.010944302876285093,0.00858772094983843,-0.00951950825756168,341.87
28.496,-0.0021118181818181765,-0.010864302876285068,0.008417720949838427,-0.009259508257561697,341.87
28.5,-0.0016918181818182008,-0.010604302876285086,0.00798772094983844,-0.009259508257561697,341.87
28.504,-0.0012618181818181593,-0.010524302876285061,0.007647720949838434,-0.009089508257561694,341.87
28.508,-0.0008318181818181734,-0.010524302876285061,0.007387720949838396,-0.008829508257561711,341.87
28.512,-0.0005818181818182009,-0.010524302876285061,0.007217720949838392,-0.008749508257561687,341.87
28.516,-6.181818181818046e-05,-0.010434302876285082,0.00695772094983841,-0.008489508257561704,341.87
28.52,0.0002781818181818265,-0.0101743028762851,0.006787720949838406,-0.00840950825756168,341.87
28.524,0.00044818181818183,-0.0101743028762851,0.006537720949838434,-0.008319508257561701,341.87
28.528,0.000788181818181837,-0.010004302876285096,0.0064477209498383994,-0.008059508257561718,341.87
28.532,0.001128181818181844,-0.009754302876285068,0.0061077209498383925,-0.007889508257561715,341.87
28.536,0.0015581818181818299,-0.009584302876285065,0.005767720949838441,-0.007549508257561707,341.87
28.54,0.0018981818181818368,-0.009414302876285061,0.0055977209498384375,-0.007289508257561725,341.87
28.544,0.002328181818181823,-0.009154302876285079,0.005247720949838421,-0.007039508257561697,341.87
28.548,0.00266818181818183,-0.008984302876285075,0.004907720949838414,-0.006779508257561714,341.87
28.552,0.0028381818181818334,-0.008724302876285093,0.004567720949838407,-0.00669950825756169,341.87
28.556,0.0031781818181818404,-0.008474302876285065,0.004397720949838403,-0.006349508257561673,341.87
28.56,0.0036081818181818263,-0.008384302876285086,0.004057720949838396,-0.0060995082575617,341.87
28.564,0.003948181818181833,-0.008124302876285103,0.003717720949838389,-0.005929508257561697,341.87
28.568,0.004298181818181795,-0.008044302876285079,0.003197720949838424,-0.00557950825756168,341.87
28.572,0.004548181818181823,-0.007704302876285073,0.002857720949838417,-0.005239508257561673,341.87
28.576,0.004978181818181809,-0.007274302876285087,0.002767720949838438,-0.005069508257561725,341.87
28.58,0.005318181818181816,-0.00693430287628508,0.0023477209498384065,-0.004729508257561718,341.87
28.584,0.005578181818181798,-0.0066743028762850974,0.0020077209498383995,-0.0042995082575616765,341.87
28.588,0.005748181818181802,-0.0063343028762850905,0.0019177209498384205,-0.004049508257561704,341.87
28.592,0.0060881818181818086,-0.0059943028762850835,0.001657720949838438,-0.0037895082575617215,341.87
28.596,0.006348181818181791,-0.00582430287628508,0.00140772094983841,-0.0034495082575617146,341.87
28.6,0.006598181818181819,-0.005564302876285098,0.0009777209498384241,-0.0031095082575617076,341.87
28.604,0.006948181818181836,-0.005224302876285091,0.0006377209498384173,-0.0026795082575617217,341.87
28.608,0.007288181818181843,-0.004794302876285105,0.0002977209498384103,-0.0023395082575617147,341.87
28.612,0.007628181818181794,-0.004454302876285098,-5.227905016160666e-05,-0.0021695082575617112,341.87
28.616,0.007708181818181819,-0.004284302876285094,-0.0004722790501615826,-0.0018195082575616945,341.87
28.62,0.007968181818181801,-0.003944302876285087,-0.0009022790501615686,-0.0014795082575616875,341.87
28.624,0.00822818181818184,-0.003514302876285101,-0.0013322790501616101,-0.0009695082575616771,341.87
28.628,0.008478181818181812,-0.003174302876285094,-0.0016722790501615616,-0.0005395082575616911,341.87
28.632,0.008648181818181815,-0.0029143028762851114,-0.0019322790501615996,-0.00028950825756171865,341.87
28.636,0.008998181818181832,-0.0026543028762850735,-0.0022722790501616065,-0.00019950825756168413,341.87
28.64,0.009248181818181805,-0.0022343028762850975,-0.002872279050161596,0.00023049174243830182,341.87
28.644,0.00933818181818184,-0.0018043028762851116,-0.0033822790501616064,0.0006504917424382777,341.87
28.648,0.009508181818181843,-0.0014643028762851046,-0.003722279050161558,0.0009104917424383157,341.87
28.652,0.009588181818181812,-0.0011143028762850876,-0.004152279050161599,0.0010804917424383192,341.87
28.656,0.009768181818181825,-0.0006943028762851118,-0.004492279050161606,0.0014204917424383262,341.87
28.66,0.010018181818181798,-0.00035430287628510483,-0.004662279050161609,0.0018504917424383121,341.87
28.664,0.010188181818181801,-0.00017430287628509135,-0.005002279050161561,0.0022804917424382983,341.87
28.668,0.010358181818181805,0.00016569712371491561,-0.005342279050161568,0.0026204917424383052,341.87
28.672,0.010448181818181839,0.0005056971237149226,-0.005692279050161585,0.0027104917424382842,341.87
28.676,0.010538181818181818,0.0009356971237149085,-0.005862279050161588,0.0031304917424383157,341.87
28.68,0.01078818181818179,0.00135569712371494,-0.006202279050161595,0.0035604917424383016,341.87
28.684,0.011048181818181829,0.0017056971237149015,-0.006632279050161581,0.003820491742438284,341.87
28.688,0.011048181818181829,0.001785697123714926,-0.006972279050161588,0.0039004917424383086,341.87
28.692,0.011048181818181829,0.002215697123714912,-0.0071422790501615915,0.0043304917424382946,341.87
28.696,0.011048181818181829,0.002645697123714898,-0.0074822790501615985,0.0046704917424383015,341.87
28.7,0.011048181818181829,0.0030656971237149294,-0.007742279050161581,0.004840491742438305,341.87
28.704,0.011048181818181829,0.0034056971237149364,-0.007992279050161609,0.005180491742438312,341.87
28.708,0.011048181818181829,0.0035856971237148943,-0.008252279050161591,0.005530491742438273,341.87
28.712,0.011048181818181829,0.003925697123714901,-0.008422279050161595,0.005610491742438298,341.87
28.716,0.011048181818181829,0.004265697123714908,-0.008762279050161602,0.005950491742438305,341.87
28.72,0.011048181818181829,0.004605697123714915,-0.009112279050161563,0.006300491742438322,341.87
28.724,0.011048181818181829,0.004775697123714918,-0.009112279050161563,0.006550491742438294,341.87
28.728,0.010878181818181825,0.005115697123714925,-0.009112279050161563,0.006720491742438298,341.87
28.732,0.010618181818181843,0.005375697123714908,-0.009192279050161588,0.006810491742438277,341.87
28.736,0.010618181818181843,0.005545697123714911,-0.009362279050161591,0.007060491742438305,341.87
28.74,0.010618181818181843,0.005885697123714918,-0.009532279050161595,0.007240491742438318,341.87
28.744,0.010618181818181843,0.006145697123714901,-0.009532279050161595,0.007490491742438291,341.87
28.748,0.010538181818181818,0.006405697123714939,-0.009532279050161595,0.007660491742438294,341.87
28.752,0.010278181818181836,0.00674569712371489,-0.009872279050161602,0.007920491742438276,341.87
28.756,0.010188181818181801,0.006995697123714918,-0.00996227905016158,0.008180491742438314,341.87
28.76,0.010108181818181832,0.0071756971237149315,-0.00996227905016158,0.00852049174243832,341.87
28.764,0.009938181818181829,0.007425697123714904,-0.010222279050161563,0.008690491742438324,341.87
28.768,0.010018181818181798,0.0075956971237149075,-0.010222279050161563,0.008770491742438293,341.87
28.772,0.009848181818181794,0.007935697123714915,-0.010302279050161588,0.008860491742438272,341.87
28.776,0.009768181818181825,0.008195697123714898,-0.010392279050161567,0.008860491742438272,341.87
28.78,0.009508181818181843,0.008455697123714936,-0.010392279050161567,0.008860491742438272,341.87
28.784,0.009248181818181805,0.008705697123714908,-0.010302279050161588,0.00912049174243831,341.87
28.788,0.008998181818181832,0.008875697123714912,-0.010302279050161588,0.00920049174243828,341.87
28.792,0.008908181818181798,0.009135697123714894,-0.010392279050161567,0.009370491742438283,341.87
28.796,0.00856818181818179,0.009225697123714929,-0.010392279050161567,0.00963049174243832,341.87
28.8,0.008308181818181808,0.009475697123714901,-0.010392279050161567,0.00963049174243832,341.87
28.804,0.008058181818181836,0.009735697123714939,-0.010472279050161591,0.00963049174243832,341.87
28.808,0.007708181818181819,0.009995697123714922,-0.01056227905016157,0.00963049174243832,341.87
28.812,0.007288181818181843,0.009995697123714922,-0.010472279050161591,0.00971049174243829,341.87
28.816,0.007028181818181805,0.009905697123714887,-0.01005227905016156,0.009800491742438324,341.87
28.82,0.0068581818181818015,0.009905697123714887,-0.01005227905016156,0.009880491742438293,341.87
28.824,0.0065181818181817945,0.009995697123714922,-0.010222279050161563,0.010060491742438307,341.87
28.828,0.006178181818181843,0.01007569712371489,-0.010132279050161584,0.010060491742438307,341.87
28.832,0.0060881818181818086,0.010335697123714929,-0.009872279050161602,0.009970491742438272,341.87
28.836,0.005658181818181823,0.010505697123714932,-0.009702279050161598,0.009800491742438324,341.87
28.84,0.005238181818181791,0.010505697123714932,-0.009792279050161577,0.00963049174243832,341.87
28.844,0.00488818181818183,0.010415697123714898,-0.009622279050161574,0.009540491742438286,341.87
28.848,0.004638181818181802,0.010415697123714898,-0.009532279050161595,0.009290491742438314,341.87
28.852,0.004468181818181798,0.010505697123714932,-0.009282279050161567,0.009290491742438314,341.87
28.856,0.004128181818181791,0.010765697123714914,-0.008932279050161605,0.009290491742438314,341.87
28.86,0.0036081818181818263,0.010845697123714939,-0.008932279050161605,0.009290491742438314,341.87
28.864,0.0031781818181818404,0.010845697123714939,-0.008762279050161602,0.009370491742438283,341.87
28.868,0.0029281818181818124,0.010935697123714918,-0.008512279050161574,0.009540491742438286,341.87
28.872,0.00266818181818183,0.01118569712371489,-0.00834227905016157,0.009290491742438314,341.87
28.876,0.002328181818181823,0.011105697123714921,-0.008162279050161557,0.009290491742438314,341.87
28.88,0.001988181818181816,0.010845697123714939,-0.007652279050161602,0.00920049174243828,341.87
28.884,0.0017281818181818333,0.010505697123714932,-0.007402279050161574,0.008940491742438297,341.87
28.888,0.0015581818181818299,0.010505697123714932,-0.0071422790501615915,0.008860491742438272,341.87
28.892,0.001218181818181823,0.010415697123714898,-0.006972279050161588,0.008690491742438324,341.87
28.896,0.0007081818181818124,0.010505697123714932,-0.006632279050161581,0.008430491742438286,341.87
28.9,0.0002781818181818265,0.010335697123714929,-0.006542279050161602,0.008430491742438286,341.87
28.904,1.8181818181844034e-05,0.01007569712371489,-0.006202279050161595,0.008430491742438286,341.87
28.908,-6.181818181818046e-05,0.01007569712371489,-0.005862279050161588,0.008180491742438314,341.87
28.912,-0.0004918181818181664,0.009995697123714922,-0.005602279050161606,0.0080004917424383,341.87
28.916,-0.0009218181818182079,0.009735697123714939,-0.005342279050161568,0.007750491742438273,341.87
28.92,-0.0011718181818181803,0.009565697123714936,-0.004922279050161592,0.007580491742438325,341.87
28.924,-0.0014318181818181628,0.009305697123714898,-0.004582279050161585,0.007240491742438318,341.87
28.928,-0.0017718181818181698,0.009225697123714929,-0.004492279050161606,0.007150491742438284,341.87
28.932,-0.0021118181818181765,0.00896569712371489,-0.004152279050161599,0.006890491742438301,341.87
28.936,-0.0025418181818181625,0.008705697123714908,-0.003722279050161558,0.006720491742438298,341.87
28.94,-0.002971818181818204,0.008535697123714905,-0.0033822790501616064,0.006470491742438325,341.87
28.944,-0.0032318181818181864,0.008705697123714908,-0.003212279050161603,0.006300491742438322,341.87
28.948,-0.003481818181818159,0.008285697123714932,-0.002872279050161596,0.006040491742438284,341.87
28.952,-0.003821818181818166,0.007765697123714911,-0.002522279050161579,0.00587049174243828,341.87
28.956,-0.004081818181818204,0.0076856971237148864,-0.002182279050161572,0.005530491742438273,341.87
28.96,-0.004251818181818207,0.007425697123714904,-0.0019322790501615996,0.005270491742438291,341.87
28.964,-0.004591818181818159,0.0071756971237149315,-0.0015822790501615826,0.0050104917424383085,341.87
28.968,-0.004851818181818197,0.007085697123714897,-0.0013322790501616101,0.0046704917424383015,341.87
28.972,-0.005111818181818179,0.00674569712371489,-0.0008122790501615896,0.0044204917424382735,341.87
28.976,-0.005451818181818186,0.006485697123714908,-0.0004722790501615826,0.004160491742438291,341.87
28.98,-0.005701818181818159,0.006315697123714904,-0.0003922790501615581,0.003820491742438284,341.87
28.984,-0.005961818181818197,0.005975697123714897,-0.00013227905016157564,0.0034704917424383227,341.87
28.988,-0.0063018181818182036,0.005545697123714911,0.0003777209498384348,0.0032204917424382947,341.87
28.992,-0.006561818181818186,0.005115697123714925,0.0008077209498384208,0.003050491742438291,341.87
28.996,-0.006641818181818155,0.004865697123714897,0.0010677209498384031,0.0027104917424382842,341.87
29.0,-0.006991818181818172,0.004695697123714894,0.001317720949838431,0.0022804917424382983,341.87
29.004,-0.007331818181818179,0.004265697123714908,0.001657720949838438,0.002020491742438316,341.87
29.008,-0.007581818181818207,0.003755697123714898,0.0020077209498383995,0.0017704917424382876,341.87
29.012,-0.00784181818181819,0.0034056971237149364,0.0023477209498384065,0.0014204917424383262,341.87
29.016,-0.007931818181818168,0.0031556971237149084,0.0025977209498384344,0.0010004917424382947,341.87
29.02,-0.008101818181818172,0.002985697123714905,0.002857720949838417,0.0006504917424382777,341.87
29.024,-0.008271818181818175,0.002645697123714898,0.003197720949838424,0.00048049174243827426,341.87
29.028,-0.008521818181818203,0.0022956971237149365,0.00362772094983841,0.00014049174243832284,341.87
29.032,-0.008701818181818161,0.001785697123714926,0.003967720949838417,-0.00019950825756168413,341.87
29.036,-0.00895181818181819,0.001445697123714919,0.004137720949838421,-0.0005395082575616911,341.87
29.04,-0.009211818181818172,0.0012756971237149156,0.004477720949838428,-0.0007095082575616946,341.87
29.044,-0.0094618181818182,0.0009356971237149085,0.004907720949838414,-0.0010495082575617016,341.87
29.048,-0.009551818181818179,0.0005856971237148916,0.005167720949838396,-0.0013995082575617185,341.87
29.052,-0.009811818181818161,0.00016569712371491561,0.0053377209498383996,-0.0018195082575616945,341.87
29.056,-0.009891818181818186,-0.00026430287628507034,0.0056777209498384065,-0.0020795082575616767,341.87
29.06,-0.010061818181818189,-0.0004343028762850738,0.005937720949838389,-0.00224950825756168,341.87
29.064,-0.010321818181818172,-0.0006943028762851118,0.006187720949838417,-0.002589508257561687,341.87
29.068,-0.010321818181818172,-0.0010343028762850631,0.006537720949838434,-0.003019508257561673,341.87
29.072,-0.010321818181818172,-0.0014643028762851046,0.006787720949838406,-0.0034495082575617146,341.87
29.076,-0.010321818181818172,-0.0018843028762850805,0.007047720949838389,-0.0037895082575617215,341.87
29.08,-0.01058181818181821,-0.002144302876285063,0.007297720949838417,-0.003959508257561725,341.87
29.084,-0.010661818181818179,-0.002404302876285101,0.007387720949838396,-0.0042195082575617075,341.87
29.088,-0.010661818181818179,-0.002744302876285108,0.007647720949838434,-0.004389508257561711,341.87
29.092,-0.010751818181818158,-0.003174302876285094,0.007817720949838437,-0.004729508257561718,341.87
29.096,-0.010831818181818182,-0.003514302876285101,0.00806772094983841,-0.005069508257561725,341.87
29.1,-0.010831818181818182,-0.00359430287628507,0.008237720949838413,-0.005329508257561707,341.87
29.104,-0.010751818181818158,-0.003944302876285087,0.008497720949838396,-0.005499508257561711,341.87
29.108,-0.010751818181818158,-0.004284302876285094,0.00858772094983843,-0.005759508257561693,341.87
29.112,-0.010751818181818158,-0.004624302876285101,0.00858772094983843,-0.006009508257561721,341.87
29.116,-0.010751818181818158,-0.004884302876285084,0.00858772094983843,-0.006349508257561673,341.87
29.12,-0.010751818181818158,-0.005224302876285091,0.00858772094983843,-0.006609508257561711,341.87
29.124,-0.010751818181818158,-0.005564302876285098,0.0086677209498384,-0.006779508257561714,341.87
29.128,-0.010751818181818158,-0.0059043028762851045,0.008837720949838403,-0.007039508257561697,341.87
29.132,-0.010751818181818158,-0.006074302876285108,0.009007720949838406,-0.007119508257561721,341.87
29.136,-0.010661818181818179,-0.0063343028762850905,0.00917772094983841,-0.007379508257561704,341.87
29.14,-0.010401818181818196,-0.006504302876285094,0.009437720949838392,-0.007639508257561686,341.87
29.144,-0.010401818181818196,-0.006844302876285101,0.00969772094983843,-0.007889508257561715,341.87
29.148,-0.010231818181818193,-0.007104302876285083,0.00969772094983843,-0.008059508257561718,341.87
29.152,-0.009981818181818165,-0.007274302876285087,0.00969772094983843,-0.008319508257561701,341.87
29.156,-0.009981818181818165,-0.007614302876285094,0.009867720949838434,-0.008319508257561701,341.87
29.16,-0.009811818181818161,-0.007874302876285075,0.010127720949838416,-0.008489508257561704,341.87
29.164,-0.009551818181818179,-0.008044302876285079,0.01020772094983844,-0.008829508257561711,341.87
29.168,-0.0094618181818182,-0.008384302876285086,0.01020772094983844,-0.009089508257561694,341.87
29.172,-0.009211818181818172,-0.00855430287628509,0.01020772094983844,-0.009259508257561697,341.87
29.176,-0.009041818181818168,-0.008814302876285072,0.01020772094983844,-0.00951950825756168,341.87
29.18,-0.008781818181818186,-0.008894302876285096,0.01020772094983844,-0.00951950825756168,341.87
29.184,-0.008521818181818203,-0.009154302876285079,0.010127720949838416,-0.009689508257561683,341.87
29.188,-0.008181818181818196,-0.009234302876285103,0.010127720949838416,-0.009939508257561711,341.87
29.192,-0.007931818181818168,-0.009584302876285065,0.01020772094983844,-0.009939508257561711,341.87
29.196,-0.007751818181818155,-0.009834302876285093,0.01020772094983844,-0.009939508257561711,341.87
29.2,-0.007411818181818203,-0.009924302876285072,0.01020772094983844,-0.009859508257561687,341.87
29.204,-0.0070718181818181965,-0.0101743028762851,0.01020772094983844,-0.009769508257561708,341.87
29.208,-0.006991818181818172,-0.010434302876285082,0.010127720949838416,-0.009859508257561687,341.87
29.212,-0.0067318181818181895,-0.010434302876285082,0.009867720949838434,-0.009859508257561687,341.87
29.216,-0.006221818181818179,-0.010604302876285086,0.009867720949838434,-0.009939508257561711,341.87
29.22,-0.005871818181818162,-0.010864302876285068,0.009777720949838399,-0.01002950825756169,341.87
29.224,-0.005701818181818159,-0.010944302876285093,0.00969772094983843,-0.01002950825756169,341.87
29.228,-0.005361818181818207,-0.010944302876285093,0.009437720949838392,-0.01002950825756169,341.87
29.232,-0.0050218181818182,-0.010944302876285093,0.009437720949838392,-0.01002950825756169,341.87
29.236,-0.00451181818181819,-0.010944302876285093,0.009437720949838392,-0.01002950825756169,341.87
29.24,-0.004081818181818204,-0.010864302876285068,0.009357720949838423,-0.01002950825756169,341.87
29.244,-0.003821818181818166,-0.010864302876285068,0.00917772094983841,-0.01002950825756169,341.87
29.248,-0.003741818181818197,-0.010944302876285093,0.00917772094983841,-0.009859508257561687,341.87
29.252,-0.0033118181818181554,-0.010944302876285093,0.008927720949838437,-0.009689508257561683,341.87
29.256,-0.0028818181818181694,-0.010864302876285068,0.008837720949838403,-0.009689508257561683,341.87
29.26,-0.0025418181818181625,-0.010604302876285086,0.008497720949838396,-0.009599508257561704,341.87
29.264,-0.0022018181818181555,-0.010524302876285061,0.008157720949838389,-0.00951950825756168,341.87
29.268,-0.0017718181818181698,-0.010524302876285061,0.007817720949838437,-0.009259508257561697,341.87
29.272,-0.0012618181818181593,-0.010604302876285086,0.007727720949838403,-0.009169508257561718,341.87
29.276,-0.0009218181818182079,-0.010524302876285061,0.00747772094983843,-0.009089508257561694,341.87
29.28,-0.0007518181818182044,-0.010524302876285061,0.007297720949838417,-0.00891950825756169,341.87
29.284,-0.0004918181818181664,-0.010524302876285061,0.007047720949838389,-0.008749508257561687,341.87
29.288,-6.181818181818046e-05,-0.0101743028762851,0.006787720949838406,-0.008659508257561708,341.87
29.292,0.00044818181818183,-0.010094302876285075,0.0064477209498383994,-0.008489508257561704,341.87
29.296,0.0008781818181818159,-0.010004302876285096,0.006187720949838417,-0.008319508257561701,341.87
29.3,0.001218181818181823,-0.009834302876285093,0.0060177209498384135,-0.008059508257561718,341.87
29.304,0.0015581818181818299,-0.009754302876285068,0.0056777209498384065,-0.00780950825756169,341.87
29.308,0.0018181818181818123,-0.00966430287628509,0.005417720949838424,-0.007639508257561686,341.87
29.312,0.001988181818181816,-0.009414302876285061,0.005247720949838421,-0.007549508257561707,341.87
29.316,0.002418181818181802,-0.009234302876285103,0.004907720949838414,-0.007119508257561721,341.87
29.32,0.0028381818181818334,-0.008984302876285075,0.004397720949838403,-0.006779508257561714,341.87
29.324,0.0031781818181818404,-0.008724302876285093,0.004057720949838396,-0.006609508257561711,341.87
29.328,0.0036981818181818053,-0.00855430287628509,0.0038877209498383923,-0.006349508257561673,341.87
29.332,0.004038181818181812,-0.008384302876285086,0.003537720949838431,-0.006009508257561721,341.87
29.336,0.004208181818181816,-0.0079543028762851,0.003197720949838424,-0.005839508257561718,341.87
29.34,0.004468181818181798,-0.007784302876285097,0.002857720949838417,-0.005499508257561711,341.87
29.344,0.004808181818181805,-0.007524302876285059,0.002427720949838431,-0.005239508257561673,341.87
29.348,0.005148181818181812,-0.007184302876285108,0.002177720949838403,-0.0049895082575617,341.87
29.352,0.005408181818181795,-0.006844302876285101,0.0020077209498383995,-0.0046395082575616834,341.87
29.356,0.005748181818181802,-0.0066743028762850974,0.0018277209498384415,-0.0042195082575617075,341.87
29.36,0.0060881818181818086,-0.0063343028762850905,0.0014877209498384346,-0.0037895082575617215,341.87
29.364,0.0064281818181818155,-0.0059943028762850835,0.0011477209498384276,-0.003619508257561718,341.87
29.368,0.006598181818181819,-0.0056443028762850666,0.0008077209498384208,-0.0034495082575617146,341.87
29.372,0.006948181818181836,-0.005474302876285063,0.0003777209498384348,-0.003019508257561673,341.87
29.376,0.0071981818181818084,-0.005134302876285112,-5.227905016160666e-05,-0.002589508257561687,341.87
29.38,0.007368181818181812,-0.00470430287628507,-0.0003922790501615581,-0.00224950825756168,341.87
29.384,0.007798181818181798,-0.004364302876285063,-0.0004722790501615826,-0.0019995082575617077,341.87
29.388,0.008138181818181805,-0.004114302876285091,-0.0009022790501615686,-0.0017395082575617255,341.87
29.392,0.00822818181818184,-0.003854302876285108,-0.0013322790501616101,-0.0013995082575617185,341.87
29.396,0.008398181818181843,-0.003514302876285101,-0.0016722790501615616,-0.0009695082575616771,341.87
29.4,0.008648181818181815,-0.0030843028762850594,-0.0020122790501615685,-0.0005395082575616911,341.87
29.404,0.008908181818181798,-0.0026543028762850735,-0.0023522790501615755,-0.00028950825756171865,341.87
29.408,0.009078181818181801,-0.0023143028762850665,-0.0027022790501615925,-0.00010950825756170514,341.87
29.412,0.00933818181818184,-0.0019743028762850595,-0.003292279050161572,0.00023049174243830182,341.87
29.416,0.009418181818181808,-0.001714302876285077,-0.003722279050161558,0.0006504917424382777,341.87
29.42,0.00967818181818179,-0.0014643028762851046,-0.004062279050161564,0.0010004917424382947,341.87
29.424,0.009848181818181794,-0.0010343028762850631,-0.004322279050161602,0.0014204917424383262,341.87
29.428,0.010108181818181832,-0.0006043028762850773,-0.004662279050161609,0.0017704917424382876,341.87
29.432,0.010108181818181832,-0.00017430287628509135,-0.005002279050161561,0.001940491742438291,341.87
29.436,0.010278181818181836,0.0002456971237149401,-0.005262279050161599,0.0022804917424382983,341.87
29.44,0.010538181818181818,0.0005056971237149226,-0.005432279050161602,0.0027104917424382842,341.87
29.444,0.010618181818181843,0.0008456971237149295,-0.005772279050161609,0.002960491742438312,341.87
29.448,0.010618181818181843,0.0010156971237149331,-0.006112279050161561,0.0032204917424382947,341.87
29.452,0.010618181818181843,0.00135569712371494,-0.006372279050161599,0.0035604917424383016,341.87
29.456,0.010878181818181825,0.001785697123714926,-0.006632279050161581,0.0039004917424383086,341.87
29.46,0.011048181818181829,0.002125697123714933,-0.006882279050161609,0.004160491742438291,341.87
29.464,0.011128181818181797,0.002555697123714919,-0.0071422790501615915,0.0044204917424382735,341.87
29.468,0.011128181818181797,0.002895697123714926,-0.0074822790501615985,0.004840491742438305,341.87
29.472,0.011048181818181829,0.0030656971237149294,-0.007652279050161602,0.005180491742438312,341.87
29.476,0.011048181818181829,0.0034056971237149364,-0.007822279050161605,0.005270491742438291,341.87
29.48,0.011048181818181829,0.003925697123714901,-0.008082279050161588,0.005530491742438273,341.87
29.484,0.011048181818181829,0.004355697123714887,-0.00834227905016157,0.00587049174243828,341.87
29.488,0.011048181818181829,0.004605697123714915,-0.008592279050161598,0.006040491742438284,341.87
29.492,0.011048181818181829,0.004775697123714918,-0.008682279050161577,0.006380491742438291,341.87
29.496,0.010958181818181794,0.005115697123714925,-0.008762279050161602,0.006720491742438298,341.87
29.5,0.010708181818181822,0.005375697123714908,-0.00885227905016158,0.006890491742438301,341.87
29.504,0.010618181818181843,0.00563569712371489,-0.009022279050161584,0.007150491742438284,341.87
29.508,0.010618181818181843,0.005975697123714897,-0.009022279050161584,0.007240491742438318,341.87
29.512,0.010538181818181818,0.006235697123714935,-0.009192279050161588,0.007490491742438291,341.87
29.516,0.010538181818181818,0.006485697123714908,-0.00945227905016157,0.007660491742438294,341.87
29.52,0.010358181818181805,0.0068256971237149145,-0.009532279050161595,0.007920491742438276,341.87
29.524,0.010358181818181805,0.007085697123714897,-0.009532279050161595,0.008180491742438314,341.87
29.528,0.010358181818181805,0.0071756971237149315,-0.009792279050161577,0.008430491742438286,341.87
29.532,0.010278181818181836,0.0075156971237149385,-0.009872279050161602,0.00860049174243829,341.87
29.536,0.010108181818181832,0.00785569712371489,-0.009872279050161602,0.008770491742438293,341.87
29.54,0.009768181818181825,0.008025697123714894,-0.009872279050161602,0.008860491742438272,341.87
29.544,0.00967818181818179,0.008285697123714932,-0.009872279050161602,0.008940491742438297,341.87
29.548,0.00967818181818179,0.008365697123714901,-0.009872279050161602,0.00920049174243828,341.87
29.552,0.009418181818181808,0.00862569712371494,-0.00996227905016158,0.00920049174243828,341.87
29.556,0.009078181818181801,0.008875697123714912,-0.00996227905016158,0.00920049174243828,341.87
29.56,0.008908181818181798,0.009135697123714894,-0.00996227905016158,0.009290491742438314,341.87
29.564,0.008648181818181815,0.009305697123714898,-0.00996227905016158,0.009540491742438286,341.87
29.568,0.008478181818181812,0.009565697123714936,-0.01005227905016156,0.00963049174243832,341.87
29.572,0.008138181818181805,0.009645697123714905,-0.010222279050161563,0.00971049174243829,341.87
29.576,0.007798181818181798,0.009645697123714905,-0.010222279050161563,0.009800491742438324,341.87
29.58,0.007458181818181791,0.009905697123714887,-0.010222279050161563,0.009970491742438272,341.87
29.584,0.0071981818181818084,0.009995697123714922,-0.010222279050161563,0.010060491742438307,341.87
29.588,0.0068581818181818015,0.009995697123714922,-0.010132279050161584,0.010060491742438307,341.87
29.592,0.006598181818181819,0.009995697123714922,-0.00996227905016158,0.010060491742438307,341.87
29.596,0.0064281818181818155,0.009995697123714922,-0.00996227905016158,0.010060491742438307,341.87
29.6,0.006178181818181843,0.01007569712371489,-0.00996227905016158,0.010060491742438307,341.87
29.604,0.005748181818181802,0.010335697123714929,-0.009792279050161577,0.009880491742438293,341.87
29.608,0.005488181818181819,0.010335697123714929,-0.009532279050161595,0.009800491742438324,341.87
29.612,0.005238181818181791,0.010335697123714929,-0.00945227905016157,0.009800491742438324,341.87
29.616,0.004808181818181805,0.010335697123714929,-0.00945227905016157,0.00971049174243829,341.87
29.62,0.004378181818181819,0.010415697123714898,-0.009192279050161588,0.009540491742438286,341.87
29.624,0.004128181818181791,0.010505697123714932,-0.009112279050161563,0.009290491742438314,341.87
29.628,0.004038181818181812,0.010415697123714898,-0.009022279050161584,0.009290491742438314,341.87
29.632,0.0036981818181818053,0.010415697123714898,-0.008682279050161577,0.009290491742438314,341.87
29.636,0.0032681818181818194,0.010415697123714898,-0.00834227905016157,0.009370491742438283,341.87
29.64,0.0028381818181818334,0.010415697123714898,-0.008082279050161588,0.009460491742438317,341.87
29.644,0.0025881818181818055,0.010415697123714898,-0.007822279050161605,0.009290491742438314,341.87
29.648,0.002328181818181823,0.010415697123714898,-0.007742279050161581,0.009290491742438314,341.87
29.652,0.0018981818181818368,0.010505697123714932,-0.0075722790501615775,0.009290491742438314,341.87
29.656,0.0014781818181818054,0.010585697123714901,-0.007402279050161574,0.00912049174243831,341.87
29.66,0.001128181818181844,0.010505697123714932,-0.007052279050161557,0.008860491742438272,341.87
29.664,0.0008781818181818159,0.010505697123714932,-0.006802279050161585,0.008770491742438293,341.87
29.668,0.0006181818181818335,0.010165697123714925,-0.006542279050161602,0.00852049174243832,341.87
29.672,0.0002781818181818265,0.01007569712371489,-0.006202279050161595,0.008430491742438286,341.87
29.676,-6.181818181818046e-05,0.01007569712371489,-0.005942279050161557,0.008180491742438314,341.87
29.68,-0.0004918181818181664,0.009905697123714887,-0.005772279050161609,0.0080004917424383,341.87
29.684,-0.0009218181818182079,0.009645697123714905,-0.005522279050161581,0.007750491742438273,341.87
29.688,-0.0011718181818181803,0.009475697123714901,-0.005342279050161568,0.007660491742438294,341.87
29.692,-0.0013418181818181838,0.009225697123714929,-0.005002279050161561,0.007490491742438291,341.87
29.696,-0.0016918181818182008,0.009135697123714894,-0.004752279050161588,0.007240491742438318,341.87
29.7,-0.0021118181818181765,0.008875697123714912,-0.004492279050161606,0.007150491742438284,341.87
29.704,-0.0025418181818181625,0.008795697123714887,-0.004152279050161599,0.006810491742438277,341.87
29.708,-0.0028818181818181694,0.008535697123714905,-0.0038122790501615923,0.006550491742438294,341.87
29.712,-0.0031418181818182074,0.008365697123714901,-0.0034622790501615754,0.006380491742438291,341.87
29.716,-0.0035718181818181934,0.008025697123714894,-0.003212279050161603,0.006120491742438308,341.87
29.72,-0.003741818181818197,0.008025697123714894,-0.002872279050161596,0.005950491742438305,341.87
29.724,-0.003991818181818169,0.007935697123714915,-0.002522279050161579,0.005610491742438298,341.87
29.728,-0.004251818181818207,0.0076856971237148864,-0.002182279050161572,0.005270491742438291,341.87
29.732,-0.004591818181818159,0.0075956971237149075,-0.002102279050161603,0.0050104917424383085,341.87
29.736,-0.004851818181818197,0.0071756971237149315,-0.0016722790501615616,0.0046704917424383015,341.87
29.74,-0.0050218181818182,0.00674569712371489,-0.0012422790501615756,0.0044204917424382735,341.87
29.744,-0.005451818181818186,0.0065756971237148866,-0.0008122790501615896,0.004160491742438291,341.87
29.748,-0.005871818181818162,0.006235697123714935,-0.0004722790501615826,0.003820491742438284,341.87
29.752,-0.006051818181818176,0.005975697123714897,-0.0003922790501615581,0.0034704917424383227,341.87
29.756,-0.0063018181818182036,0.005885697123714918,-5.227905016160666e-05,0.0031304917424383157,341.87
29.76,-0.0067318181818181895,0.005545697123714911,0.0002977209498384103,0.0027904917424383087,341.87
29.764,-0.006991818181818172,0.005035697123714901,0.0006377209498384173,0.0025304917424383263,341.87
29.768,-0.0071618181818181754,0.004605697123714915,0.0009777209498384241,0.0021904917424383193,341.87
29.772,-0.007411818181818203,0.004355697123714887,0.0012377209498384066,0.0018504917424383121,341.87
29.776,-0.007501818181818182,0.004175697123714929,0.0015777209498384136,0.0015904917424382741,341.87
29.78,-0.00784181818181819,0.0038356971237149223,0.002087720949838424,0.0014204917424383262,341.87
29.784,-0.008181818181818196,0.0034056971237149364,0.00251772094983841,0.0010804917424383192,341.87
29.788,-0.0083518181818182,0.0031556971237149084,0.0026877209498384134,0.0006504917424382777,341.87
29.792,-0.008611818181818182,0.002895697123714926,0.002947720949838396,0.0003104917424383263,341.87
29.796,-0.008781818181818186,0.002555697123714919,0.003287720949838403,0.00023049174243830182,341.87
29.8,-0.009041818181818168,0.002215697123714912,0.00362772094983841,-0.00019950825756168413,341.87
29.804,-0.009211818181818172,0.001875697123714905,0.0038877209498383923,-0.0006295082575617256,341.87
29.808,-0.0094618181818182,0.001445697123714919,0.004137720949838421,-0.0009695082575616771,341.87
29.812,-0.009641818181818158,0.0011056971237149121,0.004477720949838428,-0.001229508257561715,341.87
29.816,-0.009891818181818186,0.0010156971237149331,0.004907720949838414,-0.0014795082575616875,341.87
29.82,-0.009981818181818165,0.0006756971237149261,0.005167720949838396,-0.0018195082575616945,341.87
29.824,-0.010061818181818189,0.0002456971237149401,0.005417720949838424,-0.0021695082575617112,341.87
29.828,-0.010231818181818193,-0.00017430287628509135,0.005767720949838441,-0.0024195082575616837,341.87
29.832,-0.010231818181818193,-0.0006043028762850773,0.0060177209498384135,-0.0026795082575617217,341.87
29.836,-0.010231818181818193,-0.0009443028762850843,0.0063577209498384205,-0.0031095082575617076,341.87
29.84,-0.010401818181818196,-0.0011143028762850876,0.006617720949838403,-0.0035295082575616836,341.87
29.844,-0.010661818181818179,-0.0014643028762851046,0.00695772094983841,-0.0037895082575617215,341.87
29.848,-0.010661818181818179,-0.0018843028762850805,0.007127720949838413,-0.003959508257561725,341.87
29.852,-0.010661818181818179,-0.0023143028762850665,0.007297720949838417,-0.0042995082575616765,341.87
29.856,-0.010661818181818179,-0.0026543028762850735,0.007557720949838399,-0.0046395082575616834,341.87
29.86,-0.010661818181818179,-0.002744302876285108,0.007817720949838437,-0.0049895082575617,341.87
29.864,-0.010661818181818179,-0.0030843028762850594,0.00806772094983841,-0.005159508257561704,341.87
29.868,-0.010661818181818179,-0.0034243028762850664,0.008157720949838389,-0.005409508257561676,341.87
29.872,-0.010661818181818179,-0.003854302876285108,0.008417720949838427,-0.005499508257561711,341.87
29.876,-0.010661818181818179,-0.00419430287628506,0.008497720949838396,-0.005839508257561718,341.87
29.88,-0.010661818181818179,-0.004454302876285098,0.00858772094983843,-0.006179508257561725,341.87
29.884,-0.010661818181818179,-0.004794302876285105,0.00858772094983843,-0.006349508257561673,341.87
29.888,-0.010651818181818169,-0.005124302876285102,0.00867772094983841,-0.006599508257561701,341.87
29.892,-0.010651818181818169,-0.005384302876285084,0.008847720949838413,-0.006859508257561683,341.87
29.896,-0.010651818181818169,-0.005554302876285088,0.009017720949838416,-0.007119508257561721,341.87
29.9,-0.0105718181818182,-0.0058943028762850945,0.009277720949838399,-0.00719950825756169,341.87
29.904,-0.010401818181818196,-0.0062343028762851015,0.009447720949838402,-0.007459508257561673,341.87
29.908,-0.010311818181818162,-0.006494302876285084,0.00970772094983844,-0.007629508257561676,341.87
29.912,-0.010141818181818158,-0.006834302876285091,0.009787720949838409,-0.007879508257561705,341.87
29.916,-0.00997181818181821,-0.007094302876285073,0.009877720949838388,-0.007969508257561684,341.87
29.92,-0.009881818181818176,-0.007264302876285077,0.009957720949838413,-0.008059508257561718,341.87
29.924,-0.009881818181818176,-0.007524302876285059,0.010047720949838392,-0.008399508257561725,341.87
29.928,-0.009881818181818176,-0.007774302876285087,0.010127720949838416,-0.008649508257561698,341.87
29.932,-0.009631818181818203,-0.008124302876285103,0.010217720949838395,-0.00890950825756168,341.87
29.936,-0.009371818181818165,-0.008374302876285076,0.010127720949838416,-0.009169508257561718,341.87
29.94,-0.009111818181818183,-0.00846430287628511,0.010127720949838416,-0.009169508257561718,341.87
29.944,-0.00894181818181818,-0.008714302876285083,0.010217720949838395,-0.009339508257561722,341.87
29.948,-0.008601818181818172,-0.008884302876285086,0.010217720949838395,-0.009589508257561694,341.87
29.952,-0.0083518181818182,-0.009144302876285069,0.010217720949838395,-0.009589508257561694,341.87
29.956,-0.008171818181818186,-0.009404302876285107,0.010127720949838416,-0.009589508257561694,341.87
29.96,-0.00783181818181818,-0.009744302876285114,0.010127720949838416,-0.009679508257561729,341.87
29.964,-0.007491818181818172,-0.009824302876285083,0.010217720949838395,-0.009849508257561677,341.87
29.968,-0.007321818181818169,-0.009914302876285062,0.010217720949838395,-0.01001950825756168,341.87
29.972,-0.0070618181818181865,-0.010344302876285103,0.010127720949838416,-0.01001950825756168,341.87
29.976,-0.0067218181818181795,-0.010424302876285072,0.010127720949838416,-0.01001950825756168,341.87
29.98,-0.006551818181818176,-0.010514302876285107,0.010127720949838416,-0.009939508257561711,341.87
29.984,-0.006211818181818169,-0.010764302876285079,0.009957720949838413,-0.009759508257561698,341.87
29.988,-0.005871818181818162,-0.010854302876285114,0.009877720949838388,-0.009589508257561694,341.87
29.992,-0.005521818181818201,-0.010854302876285114,0.00970772094983844,-0.009589508257561694,341.87
29.996,-0.005271818181818173,-0.011024302876285062,0.009447720949838402,-0.009589508257561694,341.87
30.0,-0.004931818181818166,-0.011114302876285096,0.009447720949838402,-0.009679508257561729,341.87
30.004,-0.004581818181818204,-0.011114302876285096,0.009277720949838399,-0.009679508257561729,341.87
30.008,-0.004161818181818173,-0.0112843028762851,0.009017720949838416,-0.009589508257561694,341.87
30.012,-0.003821818181818166,-0.0112843028762851,0.009107720949838395,-0.009589508257561694,341.87
30.016,-0.003641818181818208,-0.0112843028762851,0.009277720949838399,-0.009589508257561694,341.87
30.02,-0.003301818181818201,-0.0112843028762851,0.009107720949838395,-0.009589508257561694,341.87
30.024,-0.0028818181818181694,-0.011194302876285065,0.008937720949838392,-0.009589508257561694,341.87
30.028,-0.002531818181818208,-0.010944302876285093,0.00867772094983841,-0.009509508257561725,341.87
30.032,-0.0021118181818181765,-0.010854302876285114,0.008337720949838402,-0.009249508257561687,341.87
30.036,-0.0016818181818181908,-0.010764302876285079,0.007827720949838392,-0.009249508257561687,341.87
30.04,-0.0014218181818182083,-0.010594302876285076,0.007567720949838409,-0.009169508257561718,341.87
30.044,-0.0012518181818182048,-0.010594302876285076,0.007307720949838427,-0.00890950825756168,341.87
30.048,-0.0009118181818181979,-0.010514302876285107,0.007227720949838402,-0.008819508257561701,341.87
30.052,-0.0004018181818181874,-0.010514302876285107,0.00696772094983842,-0.008649508257561698,341.87
30.056,2.8181818181798523e-05,-0.010424302876285072,0.006707720949838437,-0.008399508257561725,341.87
30.06,0.0002881818181818365,-0.0101743028762851,0.0064577209498384094,-0.008309508257561691,341.87
30.064,0.0007981818181817914,-0.010084302876285065,0.0061177209498384025,-0.008059508257561718,341.87
30.068,0.001228181818181833,-0.010004302876285096,0.0060277209498384235,-0.007879508257561705,341.87
30.072,0.0014781818181818054,-0.009744302876285114,0.0056877209498384165,-0.007629508257561676,341.87
30.076,0.0017381818181818433,-0.00965430287628508,0.005427720949838434,-0.007459508257561673,341.87
30.08,0.002078181818181795,-0.00957430287628511,0.005257720949838431,-0.00719950825756169,341.87
30.084,0.002418181818181802,-0.009314302876285072,0.004917720949838424,-0.007029508257561687,341.87
30.088,0.0028481818181818434,-0.009234302876285103,0.004577720949838417,-0.006769508257561704,341.87
30.092,0.003188181818181795,-0.008974302876285065,0.004147720949838431,-0.006599508257561701,341.87
30.096,0.0032781818181818294,-0.008714302876285083,0.0038877209498383923,-0.006349508257561673,341.87
30.1,0.003538181818181812,-0.008374302876285076,0.003547720949838441,-0.00608950825756169,341.87
30.104,0.004048181818181822,-0.008124302876285103,0.003207720949838434,-0.005829508257561708,341.87
30.108,0.004478181818181808,-0.00794430287628509,0.0027777209498383924,-0.005489508257561701,341.87
30.112,0.004728181818181836,-0.007694302876285063,0.00252772094983842,-0.005229508257561718,341.87
30.116,0.00489818181818184,-0.007524302876285059,0.0023577209498384165,-0.00497950825756169,341.87
30.12,0.005238181818181791,-0.007184302876285108,0.002097720949838434,-0.0046395082575616834,341.87
30.124,0.005588181818181808,-0.00692430287628507,0.001837720949838396,-0.004379508257561701,341.87
30.128,0.005838181818181836,-0.006754302876285066,0.001497720949838389,-0.004289508257561722,341.87
30.132,0.006178181818181843,-0.0064143028762850595,0.0011577209498384376,-0.0038695082575616905,341.87
30.136,0.0065281818181818045,-0.0059843028762850735,0.0008977209498383997,-0.0034395082575617046,341.87
30.14,0.0067781818181818325,-0.005554302876285088,0.0006477209498384273,-0.003179508257561722,341.87
30.144,0.007038181818181815,-0.005124302876285102,0.0002977209498384103,-0.002929508257561694,341.87
30.148,0.007298181818181797,-0.004784302876285095,-0.00012227905016156564,-0.002589508257561687,341.87
30.152,0.007378181818181822,-0.00470430287628507,-0.0004622790501615726,-0.0023295082575617047,341.87
30.156,0.007718181818181829,-0.004444302876285088,-0.0009822790501615932,-0.0018195082575616945,341.87
30.16,0.00806818181818179,-0.003934302876285077,-0.001402279050161569,-0.0014695082575616775,341.87
30.164,0.008318181818181818,-0.00359430287628507,-0.0014922790501616036,-0.001299508257561674,341.87
30.168,0.008488181818181822,-0.0033343028762850874,-0.0018322790501616106,-0.0009595082575617226,341.87
30.172,0.0085781818181818,-0.0029043028762851014,-0.002522279050161579,-0.0006195082575617156,341.87
30.176,0.008828181818181829,-0.0025643028762850945,-0.0029422790501616104,-0.00018950825756167413,341.87
30.18,0.009008181818181842,-0.0022243028762850875,-0.0031122790501615584,6.049174243829834e-05,341.87
30.184,0.009258181818181815,-0.0018843028762850805,-0.0033722790501615964,0.0003204917424382808,341.87
30.188,0.009518181818181797,-0.0014543028762850946,-0.0037122790501616034,0.0006604917424382877,341.87
30.192,0.009768181818181825,-0.0010243028762851086,-0.004142279050161589,0.0010904917424382737,341.87
30.196,0.009858181818181804,-0.0005943028762850673,-0.004482279050161596,0.0015204917424383152,341.87
30.2,0.010118181818181842,-0.0004243028762850638,-0.004652279050161599,0.0017704917424382876,341.87
30.204,0.010118181818181842,-0.00017430287628509135,-0.004992279050161606,0.001940491742438291,341.87
30.208,0.010198181818181811,0.00017569712371492561,-0.005342279050161568,0.0022904917424383083,341.87
30.212,0.010458181818181794,0.0005156971237149326,-0.005512279050161571,0.0027104917424382842,341.87
30.216,0.010628181818181797,0.0010256971237148876,-0.005852279050161578,0.002970491742438322,341.87
30.22,0.010708181818181822,0.001455697123714929,-0.006112279050161561,0.0032304917424383047,341.87
30.224,0.010968181818181804,0.001795697123714936,-0.006192279050161585,0.0035704917424383116,341.87
30.228,0.010968181818181804,0.0020556971237149185,-0.006532279050161592,0.003910491742438319,341.87
30.232,0.010968181818181804,0.002305697123714891,-0.006872279050161599,0.004170491742438301,341.87
30.236,0.010968181818181804,0.002645697123714898,-0.007052279050161557,0.0043404917424383046,341.87
30.24,0.010968181818181804,0.0030756971237149394,-0.007392279050161564,0.0046804917424383115,341.87
30.244,0.010968181818181804,0.0035056971237149253,-0.007732279050161571,0.0050204917424383185,341.87
30.248,0.010968181818181804,0.003935697123714911,-0.007902279050161574,0.005280491742438301,341.87
30.252,0.010968181818181804,0.004275697123714918,-0.008162279050161557,0.005620491742438308,341.87
30.256,0.010968181818181804,0.004355697123714887,-0.008242279050161581,0.00588049174243829,341.87
30.26,0.010968181818181804,0.004705697123714904,-0.008412279050161585,0.006050491742438294,341.87
30.264,0.010968181818181804,0.005045697123714911,-0.008412279050161585,0.006300491742438322,341.87
30.268,0.010888181818181835,0.005465697123714887,-0.008502279050161564,0.006470491742438325,341.87
30.272,0.010708181818181822,0.005815697123714904,-0.008672279050161567,0.006820491742438287,341.87
30.276,0.010708181818181822,0.005985697123714907,-0.009012279050161574,0.007070491742438315,341.87
30.28,0.010628181818181797,0.006235697123714935,-0.009102279050161609,0.007240491742438318,341.87
30.284,0.010538181818181818,0.006325697123714914,-0.009182279050161578,0.007500491742438301,341.87
30.288,0.010458181818181794,0.006665697123714921,-0.009522279050161585,0.007760491742438283,341.87
30.292,0.010278181818181836,0.006995697123714918,-0.009702279050161598,0.007920491742438276,341.87
30.296,0.010278181818181836,0.0072556971237149005,-0.009792279050161577,0.0080004917424383,341.87
30.3,0.010278181818181836,0.0075156971237149385,-0.009872279050161602,0.008260491742438283,341.87
30.304,0.010188181818181801,0.0076856971237148864,-0.009872279050161602,0.00852049174243832,341.87
30.308,0.010188181818181801,0.008025697123714894,-0.00996227905016158,0.008860491742438272,341.87
30.312,0.009848181818181794,0.008195697123714898,-0.01005227905016156,0.008860491742438272,341.87
30.316,0.009588181818181812,0.008285697123714932,-0.01005227905016156,0.008860491742438272,341.87
30.32,0.009418181818181808,0.008705697123714908,-0.01005227905016156,0.00912049174243831,341.87
30.324,0.00933818181818184,0.008875697123714912,-0.010222279050161563,0.00920049174243828,341.87
30.328,0.008998181818181832,0.009135697123714894,-0.010302279050161588,0.009290491742438314,341.87
30.332,0.008738181818181794,0.009305697123714898,-0.010392279050161567,0.009540491742438286,341.87
30.336,0.008478181818181812,0.009565697123714936,-0.010302279050161588,0.009540491742438286,341.87
30.34,0.008058181818181836,0.009645697123714905,-0.010392279050161567,0.00963049174243832,341.87
30.344,0.007708181818181819,0.009645697123714905,-0.010302279050161588,0.00971049174243829,341.87
30.348,0.007628181818181794,0.009905697123714887,-0.010302279050161588,0.00971049174243829,341.87
30.352,0.007288181818181843,0.009995697123714922,-0.010302279050161588,0.00971049174243829,341.87
30.356,0.0071181818181818395,0.009995697123714922,-0.010302279050161588,0.009970491742438272,341.87
30.36,0.0068581818181818015,0.01007569712371489,-0.010302279050161588,0.010060491742438307,341.87
30.364,0.0065181818181817945,0.010335697123714929,-0.010302279050161588,0.010060491742438307,341.87
30.368,0.006178181818181843,0.010335697123714929,-0.010222279050161563,0.009970491742438272,341.87
30.372,0.005748181818181802,0.010335697123714929,-0.00996227905016158,0.00971049174243829,341.87
30.376,0.005488181818181819,0.010335697123714929,-0.00996227905016158,0.00971049174243829,341.87
30.38,0.005148181818181812,0.010335697123714929,-0.009872279050161602,0.00971049174243829,341.87
30.384,0.004808181818181805,0.010415697123714898,-0.009622279050161574,0.00971049174243829,341.87
30.388,0.004468181818181798,0.010505697123714932,-0.009532279050161595,0.00963049174243832,341.87
30.392,0.004128181818181791,0.010415697123714898,-0.009362279050161591,0.009540491742438286,341.87
30.396,0.003948181818181833,0.010415697123714898,-0.009022279050161584,0.009290491742438314,341.87
30.4,0.0036081818181818263,0.010505697123714932,-0.008762279050161602,0.009290491742438314,341.87
30.404,0.0032681818181818194,0.010585697123714901,-0.008592279050161598,0.009370491742438283,341.87
30.408,0.002758181818181809,0.010505697123714932,-0.00834227905016157,0.009460491742438317,341.87
30.412,0.002418181818181802,0.010415697123714898,-0.008162279050161557,0.009290491742438314,341.87
30.416,0.002328181818181823,0.010415697123714898,-0.007912279050161584,0.009290491742438314,341.87
30.42,0.001988181818181816,0.010505697123714932,-0.007822279050161605,0.009370491742438283,341.87
30.424,0.0015581818181818299,0.010415697123714898,-0.0075722790501615775,0.00912049174243831,341.87
30.428,0.001128181818181844,0.010415697123714898,-0.007312279050161595,0.008860491742438272,341.87
30.432,0.0008781818181818159,0.010335697123714929,-0.006972279050161588,0.008770491742438293,341.87
30.436,0.0007081818181818124,0.01007569712371489,-0.006712279050161606,0.00852049174243832,341.87
30.44,0.0003581818181817955,0.01007569712371489,-0.006542279050161602,0.008350491742438317,341.87
30.444,1.8181818181844034e-05,0.01007569712371489,-0.006282279050161564,0.00809049174243828,341.87
30.448,-0.0004918181818181664,0.009905697123714887,-0.006202279050161595,0.00809049174243828,341.87
30.452,-0.0009218181818182079,0.009645697123714905,-0.005772279050161609,0.007920491742438276,341.87
30.456,-0.0011718181818181803,0.009565697123714936,-0.005432279050161602,0.007660491742438294,341.87
30.46,-0.0013418181818181838,0.009305697123714898,-0.005262279050161599,0.007490491742438291,341.87
30.464,-0.0016918181818182008,0.009225697123714929,-0.004922279050161592,0.007240491742438318,341.87
30.468,-0.0020318181818182075,0.009135697123714894,-0.004582279050161585,0.007150491742438284,341.87
30.472,-0.0024618181818181935,0.008875697123714912,-0.004492279050161606,0.006810491742438277,341.87
30.476,-0.002711818181818166,0.00862569712371494,-0.004152279050161599,0.006550491742438294,341.87
30.48,-0.002971818181818204,0.008285697123714932,-0.0038122790501615923,0.006300491742438322,341.87
30.484,-0.00340181818181819,0.008025697123714894,-0.0033822790501616064,0.005950491742438305,341.87
30.488,-0.003821818181818166,0.008025697123714894,-0.0030422790501615994,0.005700491742438277,341.87
30.492,-0.004081818181818204,0.007935697123714915,-0.0027822790501615615,0.005530491742438273,341.87
30.496,-0.004171818181818183,0.0076856971237148864,-0.00244227905016161,0.005180491742438312,341.87
30.5,-0.004591818181818159,0.0075156971237149385,-0.002102279050161603,0.004930491742438284,341.87
30.504,-0.0050218181818182,0.0072556971237149005,-0.0016722790501615616,0.0046704917424383015,341.87
30.508,-0.005281818181818183,0.007085697123714897,-0.0013322790501616101,0.0043304917424382946,341.87
30.512,-0.005531818181818155,0.00674569712371489,-0.0011622790501616066,0.004070491742438312,341.87
30.516,-0.005871818181818162,0.006485697123714908,-0.0009022790501615686,0.0039004917424383086,341.87
30.52,-0.006051818181818176,0.006315697123714904,-0.0004722790501615826,0.0035604917424383016,341.87
30.524,-0.006221818181818179,0.005885697123714918,-5.227905016160666e-05,0.0031304917424383157,341.87
30.528,-0.006561818181818186,0.005465697123714887,0.0003777209498384348,0.0027104917424382842,341.87
30.532,-0.0068118181818181585,0.005035697123714901,0.0007177209498384418,0.0023604917424383228,341.87
30.536,-0.0070718181818181965,0.004695697123714894,0.0008877209498383897,0.0021904917424383193,341.87
30.54,-0.007331818181818179,0.004605697123714915,0.0012377209498384066,0.0018504917424383121,341.87
30.544,-0.007501818181818182,0.004265697123714908,0.0015777209498384136,0.0015904917424382741,341.87
30.548,-0.00784181818181819,0.003925697123714901,0.0020077209498383995,0.0014204917424383262,341.87
30.552,-0.008101818181818172,0.0035856971237148943,0.0023477209498384065,0.0010804917424383192,341.87
30.556,-0.008271818181818175,0.003325697123714912,0.0025977209498384344,0.0006504917424382777,341.87
30.56,-0.008521818181818203,0.002985697123714905,0.002767720949838438,0.0003104917424383263,341.87
30.564,-0.008701818181818161,0.002645697123714898,0.003197720949838424,0.00023049174243830182,341.87
30.568,-0.00895181818181819,0.0022956971237149365,0.003717720949838389,-0.00019950825756168413,341.87
30.572,-0.009121818181818193,0.001875697123714905,0.004057720949838396,-0.0006295082575617256,341.87
30.576,-0.009291818181818196,0.0016156971237149226,0.004307720949838424,-0.0008795082575616981,341.87
30.58,-0.0094618181818182,0.0012756971237149156,0.004477720949838428,-0.0011395082575616805,341.87
30.584,-0.009551818181818179,0.0009356971237149085,0.004827720949838389,-0.0014795082575616875,341.87
30.588,-0.009811818181818161,0.0005056971237149226,0.005077720949838417,-0.0018195082575616945,341.87
30.592,-0.009891818181818186,0.00016569712371491561,0.0053377209498383996,-0.0020795082575616767,341.87
30.596,-0.010061818181818189,-9.430287628506685e-05,0.0056777209498384065,-0.00224950825756168,341.87
30.6,-0.010321818181818172,-0.00026430287628507034,0.0061077209498383925,-0.002589508257561687,341.87
30.604,-0.010321818181818172,-0.0006043028762850773,0.0063577209498384205,-0.002939508257561704,341.87
30.608,-0.010321818181818172,-0.0010343028762850631,0.006617720949838403,-0.0031095082575617076,341.87
30.612,-0.01058181818181821,-0.0014643028762851046,0.006877720949838441,-0.0034495082575617146,341.87
30.616,-0.010661818181818179,-0.0018843028762850805,0.007047720949838389,-0.0038795082575617005,341.87
30.62,-0.010751818181818158,-0.002144302876285063,0.007297720949838417,-0.004129508257561673,341.87
30.624,-0.010921818181818161,-0.0023143028762850665,0.007557720949838399,-0.004389508257561711,341.87
30.628,-0.010921818181818161,-0.0026543028762850735,0.007817720949838437,-0.004729508257561718,341.87
30.632,-0.010831818181818182,-0.003174302876285094,0.00806772094983841,-0.0049895082575617,341.87
30.636,-0.010751818181818158,-0.003514302876285101,0.008237720949838413,-0.005239508257561673,341.87
30.64,-0.010751818181818158,-0.0036843028762851044,0.008497720949838396,-0.00557950825756168,341.87
30.644,-0.010751818181818158,-0.004024302876285112,0.00858772094983843,-0.005839508257561718,341.87
30.648,-0.010751818181818158,-0.004364302876285063,0.00858772094983843,-0.006009508257561721,341.87
30.652,-0.010831818181818182,-0.004624302876285101,0.008757720949838434,-0.006269508257561704,341.87
30.656,-0.010751818181818158,-0.004794302876285105,0.00909772094983844,-0.006349508257561673,341.87
30.66,-0.010751818181818158,-0.005134302876285112,0.009267720949838389,-0.006609508257561711,341.87
30.664,-0.010751818181818158,-0.005564302876285098,0.009357720949838423,-0.006869508257561693,341.87
30.668,-0.010751818181818158,-0.0059043028762851045,0.009357720949838423,-0.007119508257561721,341.87
30.672,-0.010491818181818175,-0.006074302876285108,0.009357720949838423,-0.0072095082575617,341.87
30.676,-0.010401818181818196,-0.0063343028762850905,0.009437720949838392,-0.007459508257561673,341.87
30.68,-0.010321818181818172,-0.0064143028762850595,0.00969772094983843,-0.007639508257561686,341.87
30.684,-0.010061818181818189,-0.0067643028762850764,0.00969772094983843,-0.007979508257561694,341.87
30.688,-0.009981818181818165,-0.007184302876285108,0.00969772094983843,-0.008149508257561697,341.87
30.692,-0.009811818181818161,-0.00744430287628509,0.009867720949838434,-0.008229508257561722,341.87
30.696,-0.009551818181818179,-0.007784302876285097,0.010127720949838416,-0.008749508257561687,341.87
30.7,-0.009551818181818179,-0.008044302876285079,0.01020772094983844,-0.008829508257561711,341.87
30.704,-0.0094618181818182,-0.008124302876285103,0.01020772094983844,-0.00891950825756169,341.87
30.708,-0.009211818181818172,-0.008384302876285086,0.010127720949838416,-0.009169508257561718,341.87
30.712,-0.009041818181818168,-0.008474302876285065,0.010127720949838416,-0.009169508257561718,341.87
30.716,-0.008781818181818186,-0.008814302876285072,0.01020772094983844,-0.009259508257561697,341.87
30.72,-0.008521818181818203,-0.009154302876285079,0.010127720949838416,-0.00951950825756168,341.87
30.724,-0.008181818181818196,-0.009234302876285103,0.01020772094983844,-0.00951950825756168,341.87
30.728,-0.008011818181818193,-0.009324302876285082,0.010127720949838416,-0.009599508257561704,341.87
30.732,-0.00784181818181819,-0.009584302876285065,0.01020772094983844,-0.009689508257561683,341.87
30.736,-0.007501818181818182,-0.00966430287628509,0.01020772094983844,-0.009689508257561683,341.87
30.74,-0.0072418181818182,-0.010004302876285096,0.01020772094983844,-0.009599508257561704,341.87
30.744,-0.006991818181818172,-0.010354302876285113,0.010037720949838437,-0.009599508257561704,341.87
30.748,-0.006561818181818186,-0.010434302876285082,0.009777720949838399,-0.009599508257561704,341.87
30.752,-0.0061318181818182,-0.010604302876285086,0.009777720949838399,-0.009689508257561683,341.87
30.756,-0.005871818181818162,-0.010864302876285068,0.009777720949838399,-0.009599508257561704,341.87
30.76,-0.005791818181818193,-0.010864302876285068,0.00969772094983843,-0.009599508257561704,341.87
30.764,-0.005361818181818207,-0.010864302876285068,0.009437720949838392,-0.009599508257561704,341.87
30.768,-0.004931818181818166,-0.010944302876285093,0.009437720949838392,-0.009599508257561704,341.87
30.772,-0.004681818181818193,-0.011034302876285072,0.009267720949838389,-0.009599508257561704,341.87
30.776,-0.004421818181818155,-0.01129430287628511,0.00909772094983844,-0.009599508257561704,341.87
30.78,-0.004081818181818204,-0.01129430287628511,0.009357720949838423,-0.009599508257561704,341.87
30.784,-0.003821818181818166,-0.01129430287628511,0.00917772094983841,-0.009599508257561704,341.87
30.788,-0.0033118181818181554,-0.01129430287628511,0.0086677209498384,-0.009689508257561683,341.87
30.792,-0.0028818181818181694,-0.01129430287628511,0.008417720949838427,-0.009599508257561704,341.87
30.796,-0.002711818181818166,-0.011204302876285075,0.008237720949838413,-0.009599508257561704,341.87
30.8,-0.0025418181818181625,-0.011034302876285072,0.008327720949838392,-0.00951950825756168,341.87
30.804,-0.0021118181818181765,-0.011034302876285072,0.00798772094983844,-0.009259508257561697,341.87
30.808,-0.0016918181818182008,-0.010864302876285068,0.007727720949838403,-0.009259508257561697,341.87
30.812,-0.0013418181818181838,-0.010604302876285086,0.00747772094983843,-0.009259508257561697,341.87
30.816,-0.0009218181818182079,-0.010524302876285061,0.007297720949838417,-0.009089508257561694,341.87
30.82,-0.0004918181818181664,-0.010524302876285061,0.007047720949838389,-0.008829508257561711,341.87
30.824,-0.00015181818181815945,-0.010524302876285061,0.006787720949838406,-0.008829508257561711,341.87
30.828,0.00010818181818182302,-0.010434302876285082,0.0064477209498383994,-0.008749508257561687,341.87
30.832,0.00044818181818183,-0.0101743028762851,0.006187720949838417,-0.008489508257561704,341.87
30.836,0.000788181818181837,-0.0101743028762851,0.0061077209498383925,-0.008319508257561701,341.87
30.84,0.001128181818181844,-0.010004302876285096,0.005767720949838441,-0.008059508257561718,341.87
30.844,0.0016481818181818088,-0.009754302876285068,0.005417720949838424,-0.007889508257561715,341.87
30.848,0.0020681818181818405,-0.009494302876285086,0.005167720949838396,-0.007639508257561686,341.87
30.852,0.002328181818181823,-0.009234302876285103,0.004827720949838389,-0.007459508257561673,341.87
30.856,0.002418181818181802,-0.009154302876285079,0.004397720949838403,-0.0072095082575617,341.87
30.86,0.0028381818181818334,-0.008984302876285075,0.004057720949838396,-0.007119508257561721,341.87
30.864,0.0032681818181818194,-0.008724302876285093,0.0038877209498383923,-0.006779508257561714,341.87
30.868,0.003528181818181802,-0.008474302876285065,0.003537720949838431,-0.006439508257561707,341.87
30.872,0.0036981818181818053,-0.008294302876285107,0.003197720949838424,-0.006179508257561725,341.87
30.876,0.004038181818181812,-0.0079543028762851,0.002947720949838396,-0.005839508257561718,341.87
30.88,0.004548181818181823,-0.007784302876285097,0.0026877209498384134,-0.00557950825756168,341.87
30.884,0.004978181818181809,-0.007524302876285059,0.0023477209498384065,-0.005499508257561711,341.87
30.888,0.005238181818181791,-0.007184302876285108,0.002087720949838424,-0.005069508257561725,341.87
30.892,0.005318181818181816,-0.006844302876285101,0.0018277209498384415,-0.004729508257561718,341.87
30.896,0.005658181818181823,-0.0066743028762850974,0.0014877209498384346,-0.0046395082575616834,341.87
30.9,0.0060881818181818086,-0.0063343028762850905,0.0011477209498384276,-0.0042995082575616765,341.87
30.904,0.0064281818181818155,-0.0059043028762851045,0.0008877209498383897,-0.0038795082575617005,341.87
30.908,0.006598181818181819,-0.0056443028762850666,0.0007177209498384418,-0.0035295082575616836,341.87
30.912,0.006948181818181836,-0.005564302876285098,0.0002977209498384103,-0.00335950825756168,341.87
30.916,0.0071981818181818084,-0.005224302876285091,-0.00013227905016157564,-0.003019508257561673,341.87
30.92,0.007368181818181812,-0.004794302876285105,-0.0004722790501615826,-0.0026795082575617217,341.87
30.924,0.007628181818181794,-0.004284302876285094,-0.0008122790501615896,-0.00224950825756168,341.87
30.928,0.007798181818181798,-0.003854302876285108,-0.0010722790501615721,-0.0019095082575616735,341.87
30.932,0.008138181818181805,-0.00359430287628507,-0.0014122790501615791,-0.0017395082575617255,341.87
30.936,0.008478181818181812,-0.0034243028762850664,-0.001752279050161586,-0.0014795082575616875,341.87
30.94,0.008648181818181815,-0.0030843028762850594,-0.002182279050161572,-0.0009695082575616771,341.87
30.944,0.008908181818181798,-0.0026543028762850735,-0.002612279050161558,-0.0006295082575617256,341.87
30.948,0.008998181818181832,-0.0022343028762850975,-0.0027022790501615925,-0.00045950825756172213,341.87
30.952,0.009248181818181805,-0.0018043028762851116,-0.0030422790501615994,-0.00019950825756168413,341.87
30.956,0.00933818181818184,-0.0014643028762851046,-0.003722279050161558,0.00023049174243830182,341.87
30.96,0.009418181818181808,-0.0011143028762850876,-0.004152279050161599,0.0006504917424382777,341.87
30.964,0.009588181818181812,-0.0008643028762850598,-0.004322279050161602,0.0010004917424382947,341.87
30.968,0.009848181818181794,-0.0006043028762850773,-0.004662279050161609,0.0012504917424383227,341.87
30.972,0.010108181818181832,-0.00026430287628507034,-0.005002279050161561,0.0014204917424383262,341.87
30.976,0.010358181818181805,0.00016569712371491561,-0.005262279050161599,0.0017704917424382876,341.87
30.98,0.010538181818181818,0.0005856971237148916,-0.005432279050161602,0.0022804917424382983,341.87
30.984,0.010538181818181818,0.0010156971237149331,-0.005862279050161588,0.0026204917424383052,341.87
30.988,0.010538181818181818,0.001445697123714919,-0.006202279050161595,0.0027904917424383087,341.87
30.992,0.01078818181818179,0.0017056971237149015,-0.006282279050161564,0.0031304917424383157,341.87
30.996,0.011048181818181829,0.002215697123714912,-0.006712279050161606,0.0034704917424383227,341.87
31.0,0.011048181818181829,0.002555697123714919,-0.007052279050161557,0.0039004917424383086,341.87
31.004,0.011048181818181829,0.0027256971237149224,-0.0071422790501615915,0.004160491742438291,341.87
31.008,0.011048181818181829,0.0030656971237149294,-0.007402279050161574,0.0044204917424382735,341.87
31.012,0.011048181818181829,0.0034056971237149364,-0.007742279050161581,0.0047604917424382805,341.87
31.016,0.011048181818181829,0.0038356971237149223,-0.007992279050161609,0.0050104917424383085,341.87
31.02,0.011048181818181829,0.004095697123714904,-0.008252279050161591,0.005180491742438312,341.87
31.024,0.011048181818181829,0.004355697123714887,-0.00834227905016157,0.005530491742438273,341.87
31.028,0.011048181818181829,0.004695697123714894,-0.008592279050161598,0.005950491742438305,341.87
31.032,0.011048181818181829,0.005115697123714925,-0.008762279050161602,0.006210491742438287,341.87
31.036,0.010878181818181825,0.005465697123714887,-0.009022279050161584,0.006470491742438325,341.87
31.04,0.010618181818181843,0.00563569712371489,-0.009112279050161563,0.006720491742438298,341.87
31.044,0.010538181818181818,0.005885697123714918,-0.009362279050161591,0.006890491742438301,341.87
31.048,0.010618181818181843,0.006145697123714901,-0.009362279050161591,0.007150491742438284,341.87
31.052,0.010618181818181843,0.006405697123714939,-0.009362279050161591,0.007320491742438287,341.87
31.056,0.010538181818181818,0.00674569712371489,-0.009362279050161591,0.007580491742438325,341.87
31.06,0.010278181818181836,0.007085697123714897,-0.00945227905016157,0.007750491742438273,341.87
31.064,0.010278181818181836,0.0071756971237149315,-0.009622279050161574,0.007920491742438276,341.87
31.068,0.010448181818181839,0.0072556971237149005,-0.009872279050161602,0.00809049174243828,341.87
31.072,0.010278181818181836,0.007425697123714904,-0.009872279050161602,0.008430491742438286,341.87
31.076,0.010108181818181832,0.0076856971237148864,-0.009872279050161602,0.008860491742438272,341.87
31.08,0.009848181818181794,0.008115697123714929,-0.009792279050161577,0.009030491742438276,341.87
31.084,0.009768181818181825,0.008195697123714898,-0.009872279050161602,0.00912049174243831,341.87
31.088,0.009508181818181843,0.008705697123714908,-0.00996227905016158,0.00920049174243828,341.87
31.092,0.009248181818181805,0.008705697123714908,-0.010222279050161563,0.00920049174243828,341.87
31.096,0.008998181818181832,0.008795697123714887,-0.010392279050161567,0.009290491742438314,341.87
31.1,0.008908181818181798,0.009055697123714925,-0.010392279050161567,0.009540491742438286,341.87
31.104,0.008648181818181815,0.009225697123714929,-0.010302279050161588,0.009540491742438286,341.87
31.108,0.00856818181818179,0.009475697123714901,-0.010302279050161588,0.00963049174243832,341.87
31.112,0.00822818181818184,0.009565697123714936,-0.010302279050161588,0.009800491742438324,341.87
31.116,0.007798181818181798,0.009735697123714939,-0.010392279050161567,0.010060491742438307,341.87
31.12,0.007538181818181815,0.009995697123714922,-0.010392279050161567,0.010060491742438307,341.87
31.124,0.007288181818181843,0.01007569712371489,-0.010392279050161567,0.010060491742438307,341.87
31.128,0.0068581818181818015,0.009905697123714887,-0.010302279050161588,0.010060491742438307,341.87
31.132,0.0065181818181817945,0.009995697123714922,-0.010392279050161567,0.010060491742438307,341.87
31.136,0.0064281818181818155,0.010165697123714925,-0.010302279050161588,0.009970491742438272,341.87
31.14,0.006178181818181843,0.01007569712371489,-0.01005227905016156,0.00971049174243829,341.87
31.144,0.005658181818181823,0.01007569712371489,-0.00996227905016158,0.00971049174243829,341.87
31.148,0.005238181818181791,0.010165697123714925,-0.00996227905016158,0.00971049174243829,341.87
31.152,0.004978181818181809,0.010335697123714929,-0.009872279050161602,0.00963049174243832,341.87
31.156,0.004808181818181805,0.010335697123714929,-0.009622279050161574,0.00963049174243832,341.87
31.16,0.004468181818181798,0.010335697123714929,-0.009362279050161591,0.00963049174243832,341.87
31.164,0.004128181818181791,0.010335697123714929,-0.009192279050161588,0.00963049174243832,341.87
31.168,0.00377818181818183,0.010335697123714929,-0.009192279050161588,0.00963049174243832,341.87
31.172,0.0036081818181818263,0.010415697123714898,-0.009112279050161563,0.009370491742438283,341.87
31.176,0.0032681818181818194,0.010505697123714932,-0.008762279050161602,0.009370491742438283,341.87
31.18,0.002758181818181809,0.010505697123714932,-0.008422279050161595,0.009460491742438317,341.87
31.184,0.002328181818181823,0.010415697123714898,-0.008162279050161557,0.009290491742438314,341.87
31.188,0.001988181818181816,0.010415697123714898,-0.008082279050161588,0.009290491742438314,341.87
31.192,0.0017281818181818333,0.010335697123714929,-0.007652279050161602,0.00920049174243828,341.87
31.196,0.0015581818181818299,0.01007569712371489,-0.007402279050161574,0.008940491742438297,341.87
31.2,0.001218181818181823,0.009995697123714922,-0.0072222790501615605,0.008860491742438272,341.87
31.204,0.000788181818181837,0.009905697123714887,-0.007052279050161557,0.008690491742438324,341.87
31.208,0.0003581818181817955,0.009995697123714922,-0.006712279050161606,0.008430491742438286,341.87
31.212,1.8181818181844034e-05,0.009905697123714887,-0.006462279050161578,0.008350491742438317,341.87
31.216,-6.181818181818046e-05,0.009735697123714939,-0.006112279050161561,0.00809049174243828,341.87
31.22,-0.0004018181818181874,0.009735697123714939,-0.005862279050161588,0.0080004917424383,341.87
31.224,-0.0008318181818181734,0.009645697123714905,-0.005692279050161585,0.007750491742438273,341.87
31.228,-0.0013418181818181838,0.009395697123714932,-0.005342279050161568,0.007490491742438291,341.87
31.232,-0.0017718181818181698,0.009135697123714894,-0.005092279050161595,0.007240491742438318,341.87
31.236,-0.0022018181818181555,0.008795697123714887,-0.005002279050161561,0.007150491742438284,341.87
31.24,-0.0025418181818181625,0.008795697123714887,-0.004582279050161585,0.006810491742438277,341.87
31.244,-0.002631818181818197,0.008705697123714908,-0.004062279050161564,0.006470491742438325,341.87
31.248,-0.002971818181818204,0.008365697123714901,-0.003722279050161558,0.006300491742438322,341.87
31.252,-0.0033118181818181554,0.008115697123714929,-0.003642279050161589,0.005950491742438305,341.87
31.256,-0.0036518181818181623,0.007935697123714915,-0.0033822790501616064,0.005700491742438277,341.87
31.26,-0.0039118181818182,0.0076856971237148864,-0.002952279050161565,0.005530491742438273,341.87
31.264,-0.004251818181818207,0.0075956971237149075,-0.0027022790501615925,0.005180491742438312,341.87
31.268,-0.004591818181818159,0.0075156971237149385,-0.002522279050161579,0.004930491742438284,341.87
31.272,-0.004851818181818197,0.0072556971237149005,-0.002182279050161572,0.0047604917424382805,341.87
31.276,-0.005111818181818179,0.007085697123714897,-0.0016722790501615616,0.0043304917424382946,341.87
31.28,-0.005451818181818186,0.00674569712371489,-0.0012422790501615756,0.003820491742438284,341.87
31.284,-0.005791818181818193,0.006405697123714939,-0.0009922790501616032,0.0035604917424383016,341.87
31.288,-0.005961818181818197,0.006235697123714935,-0.0008122790501615896,0.0034704917424383227,341.87
31.292,-0.0063018181818182036,0.005885697123714918,-0.0004722790501615826,0.0031304917424383157,341.87
31.296,-0.006641818181818155,0.005545697123714911,-5.227905016160666e-05,0.0027904917424383087,341.87
31.3,-0.0068118181818181585,0.005465697123714887,0.0002977209498384103,0.0025304917424383263,341.87
31.304,-0.0070718181818181965,0.005115697123714925,0.0006377209498384173,0.0021904917424383193,341.87
31.308,-0.0072418181818182,0.004865697123714897,0.0009777209498384241,0.0018504917424383121,341.87
31.312,-0.007501818181818182,0.004605697123714915,0.0012377209498384066,0.0015104917424383052,341.87
31.316,-0.00784181818181819,0.004265697123714908,0.001657720949838438,0.0010004917424382947,341.87
31.32,-0.008011818181818193,0.0038356971237149223,0.0020077209498383995,0.0006504917424382777,341.87
31.324,-0.0083518181818182,0.0034056971237149364,0.002427720949838431,0.0005704917424383088,341.87
31.328,-0.008611818181818182,0.0031556971237149084,0.002767720949838438,0.00014049174243832284,341.87
31.332,-0.008611818181818182,0.002895697123714926,0.002947720949838396,-0.00019950825756168413,341.87
31.336,-0.008701818181818161,0.002555697123714919,0.003197720949838424,-0.00028950825756171865,341.87
31.34,-0.00895181818181819,0.002215697123714912,0.00362772094983841,-0.0006295082575617256,341.87
31.344,-0.009121818181818193,0.001785697123714926,0.004057720949838396,-0.0009695082575616771,341.87
31.348,-0.009381818181818175,0.00135569712371494,0.004307720949838424,-0.001309508257561684,341.87
31.352,-0.009641818181818158,0.0011056971237149121,0.004567720949838407,-0.001569508257561722,341.87
31.356,-0.009891818181818186,0.0009356971237149085,0.004907720949838414,-0.0019095082575616735,341.87
31.36,-0.009891818181818186,0.0005856971237148916,0.005247720949838421,-0.0021695082575617112,341.87
31.364,-0.009981818181818165,7.569712371493663e-05,0.005507720949838403,-0.00224950825756168,341.87
31.368,-0.010151818181818168,-0.00026430287628507034,0.0056777209498384065,-0.002589508257561687,341.87
31.372,-0.010321818181818172,-0.00035430287628510483,0.0061077209498383925,-0.002939508257561704,341.87
31.376,-0.010321818181818172,-0.0006943028762851118,0.006537720949838434,-0.0031095082575617076,341.87
31.38,-0.010401818181818196,-0.0010343028762850631,0.006787720949838406,-0.0034495082575617146,341.87
31.384,-0.010661818181818179,-0.00137430287628507,0.007047720949838389,-0.003959508257561725,341.87
31.388,-0.010661818181818179,-0.0018043028762851116,0.007297720949838417,-0.0042995082575616765,341.87
31.392,-0.010661818181818179,-0.0023143028762850665,0.007387720949838396,-0.004389508257561711,341.87
31.396,-0.010661818181818179,-0.0026543028762850735,0.007647720949838434,-0.004729508257561718,341.87
31.4,-0.010661818181818179,-0.002824302876285077,0.007727720949838403,-0.0049895082575617,341.87
31.404,-0.010661818181818179,-0.003174302876285094,0.00806772094983841,-0.005239508257561673,341.87
31.408,-0.010661818181818179,-0.003514302876285101,0.008417720949838427,-0.005499508257561711,341.87
31.412,-0.010661818181818179,-0.003944302876285087,0.008497720949838396,-0.00557950825756168,341.87
31.416,-0.010661818181818179,-0.00419430287628506,0.00858772094983843,-0.005839508257561718,341.87
31.42,-0.010661818181818179,-0.004364302876285063,0.00858772094983843,-0.005929508257561697,341.87
31.424,-0.010661818181818179,-0.00470430287628507,0.0086677209498384,-0.006179508257561725,341.87
31.428,-0.010661818181818179,-0.005134302876285112,0.008757720949838434,-0.006439508257561707,341.87
31.432,-0.010661818181818179,-0.005394302876285094,0.009007720949838406,-0.00669950825756169,341.87
31.436,-0.010661818181818179,-0.005564302876285098,0.009267720949838389,-0.006779508257561714,341.87
31.44,-0.01058181818181821,-0.0059043028762851045,0.009357720949838423,-0.007039508257561697,341.87
31.444,-0.010321818181818172,-0.0064143028762850595,0.009357720949838423,-0.007289508257561725,341.87
31.448,-0.010321818181818172,-0.0067643028762850764,0.00969772094983843,-0.007889508257561715,341.87
31.452,-0.010231818181818193,-0.006844302876285101,0.009867720949838434,-0.008059508257561718,341.87
31.456,-0.009981818181818165,-0.007184302876285108,0.009947720949838403,-0.008059508257561718,341.87
31.46,-0.009981818181818165,-0.00744430287628509,0.010127720949838416,-0.008149508257561697,341.87
31.464,-0.009891818181818186,-0.007614302876285094,0.01020772094983844,-0.00840950825756168,341.87
31.468,-0.009551818181818179,-0.0079543028762851,0.01020772094983844,-0.008749508257561687,341.87
31.472,-0.009291818181818196,-0.008294302876285107,0.010127720949838416,-0.008829508257561711,341.87
31.476,-0.009041818181818168,-0.00855430287628509,0.010127720949838416,-0.008829508257561711,341.87
31.48,-0.00895181818181819,-0.008814302876285072,0.01020772094983844,-0.009089508257561694,341.87
31.484,-0.008701818181818161,-0.008984302876285075,0.01020772094983844,-0.009169508257561718,341.87
31.488,-0.008611818181818182,-0.009234302876285103,0.01020772094983844,-0.009169508257561718,341.87
31.492,-0.0083518181818182,-0.009324302876285082,0.01020772094983844,-0.009259508257561697,341.87
31.496,-0.008101818181818172,-0.009584302876285065,0.010127720949838416,-0.00951950825756168,341.87
31.5,-0.007751818181818155,-0.00966430287628509,0.010127720949838416,-0.009599508257561704,341.87
31.504,-0.007501818181818182,-0.009924302876285072,0.01020772094983844,-0.009599508257561704,341.87
31.508,-0.0072418181818182,-0.010094302876285075,0.010127720949838416,-0.009599508257561704,341.87
31.512,-0.006991818181818172,-0.010434302876285082,0.009867720949838434,-0.009599508257561704,341.87
31.516,-0.0067318181818181895,-0.010604302876285086,0.009777720949838399,-0.009599508257561704,341.87
31.52,-0.0063918181818181825,-0.010774302876285089,0.009867720949838434,-0.009599508257561704,341.87
31.524,-0.0061318181818182,-0.010944302876285093,0.009777720949838399,-0.009599508257561704,341.87
31.528,-0.005791818181818193,-0.011114302876285096,0.009527720949838427,-0.009599508257561704,341.87
31.532,-0.005451818181818186,-0.011204302876285075,0.009437720949838392,-0.009599508257561704,341.87
31.536,-0.005191818181818204,-0.01129430287628511,0.009357720949838423,-0.009599508257561704,341.87
31.54,-0.004931818181818166,-0.01129430287628511,0.00917772094983841,-0.009599508257561704,341.87
31.544,-0.004591818181818159,-0.01129430287628511,0.008927720949838437,-0.009689508257561683,341.87
31.548,-0.004171818181818183,-0.01129430287628511,0.008837720949838403,-0.009599508257561704,341.87
31.552,-0.003741818181818197,-0.01129430287628511,0.00858772094983843,-0.009599508257561704,341.87
31.556,-0.003481818181818159,-0.01129430287628511,0.008497720949838396,-0.009689508257561683,341.87
31.56,-0.0033118181818181554,-0.01129430287628511,0.008327720949838392,-0.009599508257561704,341.87
31.564,-0.002971818181818204,-0.011114302876285096,0.008417720949838427,-0.00951950825756168,341.87
31.568,-0.0025418181818181625,-0.011034302876285072,0.008237720949838413,-0.009259508257561697,341.87
31.572,-0.0022018181818181555,-0.010944302876285093,0.00806772094983841,-0.009259508257561697,341.87
31.576,-0.0017718181818181698,-0.010864302876285068,0.007817720949838437,-0.009259508257561697,341.87
31.58,-0.0012618181818181593,-0.010864302876285068,0.007647720949838434,-0.009259508257561697,341.87
31.584,-0.0009218181818182079,-0.010864302876285068,0.007297720949838417,-0.009169508257561718,341.87
31.588,-0.0007518181818182044,-0.010604302876285086,0.00695772094983841,-0.00891950825756169,341.87
31.592,-0.0004018181818181874,-0.010524302876285061,0.006617720949838403,-0.008659508257561708,341.87
31.596,-6.181818181818046e-05,-0.010524302876285061,0.0063577209498384205,-0.00840950825756168,341.87
31.6,0.0003581818181817955,-0.010434302876285082,0.0060177209498384135,-0.00840950825756168,341.87
31.604,0.0007081818181818124,-0.0101743028762851,0.005767720949838441,-0.008319508257561701,341.87
31.608,0.001128181818181844,-0.010094302876285075,0.005507720949838403,-0.008059508257561718,341.87
31.612,0.0014781818181818054,-0.009834302876285093,0.005247720949838421,-0.007889508257561715,341.87
31.616,0.0016481818181818088,-0.009834302876285093,0.005167720949838396,-0.007639508257561686,341.87
31.62,0.001988181818181816,-0.00966430287628509,0.004827720949838389,-0.007459508257561673,341.87
31.624,0.002418181818181802,-0.009414302876285061,0.004477720949838428,-0.0072095082575617,341.87
31.628,0.002758181818181809,-0.009154302876285079,0.004137720949838421,-0.007119508257561721,341.87
31.632,0.003008181818181837,-0.008814302876285072,0.0038877209498383923,-0.006869508257561693,341.87
31.636,0.0032681818181818194,-0.00855430287628509,0.003537720949838431,-0.00669950825756169,341.87
31.64,0.0036981818181818053,-0.008384302876285086,0.003287720949838403,-0.006439508257561707,341.87
31.644,0.004128181818181791,-0.008124302876285103,0.0030277209498384204,-0.006349508257561673,341.87
31.648,0.004298181818181795,-0.0079543028762851,0.0026877209498384134,-0.005929508257561697,341.87
31.652,0.004468181818181798,-0.007614302876285094,0.0023477209498384065,-0.00557950825756168,341.87
31.656,0.00488818181818183,-0.007184302876285108,0.0020077209498383995,-0.005409508257561676,341.87
31.66,0.005318181818181816,-0.006844302876285101,0.001747720949838417,-0.005069508257561725,341.87
31.664,0.005488181818181819,-0.0067643028762850764,0.0014877209498384346,-0.004729508257561718,341.87
31.668,0.005748181818181802,-0.0064143028762850595,0.0011477209498384276,-0.004389508257561711,341.87
31.672,0.0060881818181818086,-0.0059943028762850835,0.0008877209498383897,-0.0042195082575617075,341.87
31.676,0.0065181818181817945,-0.0056443028762850666,0.0007177209498384418,-0.0038795082575617005,341.87
31.68,0.0067681818181818225,-0.005474302876285063,0.0004677209498384138,-0.0034495082575617146,341.87
31.684,0.006948181818181836,-0.005134302876285112,0.0002977209498384103,-0.0031895082575616766,341.87
31.688,0.0071981818181818084,-0.00470430287628507,-5.227905016160666e-05,-0.002939508257561704,341.87
31.692,0.007458181818181791,-0.004284302876285094,-0.0003922790501615581,-0.002589508257561687,341.87
31.696,0.007798181818181798,-0.003944302876285087,-0.0009022790501615686,-0.00224950825756168,341.87
31.7,0.008138181818181805,-0.003854302876285108,-0.0012422790501615756,-0.0018195082575616945,341.87
31.704,0.00822818181818184,-0.003514302876285101,-0.0014122790501615791,-0.0014795082575616875,341.87
31.708,0.008398181818181843,-0.0030843028762850594,-0.001752279050161586,-0.001309508257561684,341.87
31.712,0.008648181818181815,-0.0026543028762850735,-0.0023522790501615755,-0.0009695082575616771,341.87
31.716,0.008998181818181832,-0.0023143028762850665,-0.002872279050161596,-0.0005395082575616911,341.87
31.72,0.00933818181818184,-0.002064302876285094,-0.002952279050161565,-0.00019950825756168413,341.87
31.724,0.009418181818181808,-0.0018043028762851116,-0.003292279050161572,0.00023049174243830182,341.87
31.728,0.00967818181818179,-0.0014643028762851046,-0.0038122790501615923,0.0005704917424383088,341.87
31.732,0.009768181818181825,-0.0010343028762850631,-0.004152279050161599,0.0007404917424383122,341.87
31.736,0.009848181818181794,-0.0006043028762850773,-0.004322279050161602,0.0010804917424383192,341.87
31.74,0.010108181818181832,-0.00017430287628509135,-0.004662279050161609,0.0014204917424383262,341.87
31.744,0.010108181818181832,0.0002456971237149401,-0.005002279050161561,0.0018504917424383121,341.87
31.748,0.010278181818181836,0.0005856971237148916,-0.005342279050161568,0.0022804917424382983,341.87
31.752,0.010538181818181818,0.0009356971237149085,-0.005522279050161581,0.0026204917424383052,341.87
31.756,0.010618181818181843,0.00135569712371494,-0.005862279050161588,0.0027104917424382842,341.87
31.76,0.010618181818181843,0.0017056971237149015,-0.006112279050161561,0.003050491742438291,341.87
31.764,0.010878181818181825,0.001875697123714905,-0.006282279050161564,0.0034704917424383227,341.87
31.768,0.010958181818181794,0.002215697123714912,-0.006632279050161581,0.0039004917424383086,341.87
31.772,0.010958181818181794,0.002555697123714919,-0.006882279050161609,0.004160491742438291,341.87
31.776,0.010958181818181794,0.002895697123714926,-0.0071422790501615915,0.0044204917424382735,341.87
31.78,0.010958181818181794,0.0031556971237149084,-0.007402279050161574,0.0047604917424382805,341.87
31.784,0.010958181818181794,0.0034956971237149153,-0.0074822790501615985,0.0051004917424382875,341.87
31.788,0.010968181818181804,0.0038456971237149323,-0.007822279050161605,0.0053604917424383254,341.87
31.792,0.010968181818181804,0.004275697123714918,-0.008072279050161578,0.005620491742438308,341.87
31.796,0.010968181818181804,0.004615697123714925,-0.008242279050161581,0.005960491742438315,341.87
31.8,0.010968181818181804,0.004785697123714928,-0.008502279050161564,0.006220491742438297,341.87
31.804,0.010968181818181804,0.005125697123714935,-0.008762279050161602,0.006470491742438325,341.87
31.808,0.010968181818181804,0.005385697123714918,-0.009012279050161574,0.006820491742438287,341.87
31.812,0.010888181818181835,0.005555697123714921,-0.009102279050161609,0.007070491742438315,341.87
31.816,0.010628181818181797,0.005895697123714928,-0.009352279050161581,0.007240491742438318,341.87
31.82,0.010628181818181797,0.006235697123714935,-0.00944227905016156,0.007500491742438301,341.87
31.824,0.010628181818181797,0.006495697123714918,-0.00944227905016156,0.007760491742438283,341.87
31.828,0.010458181818181794,0.0068356971237149245,-0.00944227905016156,0.00801049174243831,341.87
31.832,0.010458181818181794,0.007095697123714907,-0.00944227905016156,0.00810049174243829,341.87
31.836,0.010628181818181797,0.0071756971237149315,-0.009702279050161598,0.008360491742438272,341.87
31.84,0.010538181818181818,0.007345697123714935,-0.010042279050161605,0.008530491742438275,341.87
31.844,0.010368181818181815,0.007435697123714914,-0.00995227905016157,0.008780491742438303,341.87
31.848,0.010118181818181842,0.007775697123714921,-0.00995227905016157,0.008950491742438307,341.87
31.852,0.009768181818181825,0.007945697123714925,-0.010042279050161605,0.00921049174243829,341.87
31.856,0.009598181818181822,0.008295697123714887,-0.010292279050161578,0.00921049174243829,341.87
31.86,0.009428181818181818,0.00846569712371489,-0.01055227905016156,0.009300491742438324,341.87
31.864,0.009348181818181794,0.008635697123714894,-0.01055227905016156,0.009550491742438296,341.87
31.868,0.009088181818181811,0.008885697123714922,-0.010642279050161595,0.009550491742438296,341.87
31.872,0.008918181818181808,0.009145697123714904,-0.010722279050161564,0.0097204917424383,341.87
31.876,0.0085781818181818,0.009315697123714908,-0.010722279050161564,0.009980491742438282,341.87
31.88,0.00806818181818179,0.009655697123714915,-0.010722279050161564,0.009980491742438282,341.87
31.884,0.007718181818181829,0.009655697123714915,-0.010642279050161595,0.010060491742438307,341.87
31.888,0.007638181818181804,0.009655697123714915,-0.010722279050161564,0.010060491742438307,341.87
31.892,0.007298181818181797,0.009915697123714897,-0.010722279050161564,0.010060491742438307,341.87
31.896,0.007038181818181815,0.009995697123714922,-0.010642279050161595,0.010060491742438307,341.87
31.9,0.0067781818181818325,0.009995697123714922,-0.01055227905016156,0.009980491742438282,341.87
31.904,0.0064381818181818255,0.009995697123714922,-0.010382279050161612,0.010060491742438307,341.87
31.908,0.0060981818181818186,0.009995697123714922,-0.010292279050161578,0.010060491742438307,341.87
31.912,0.005838181818181836,0.009995697123714922,-0.010292279050161578,0.010060491742438307,341.87
31.916,0.005668181818181833,0.009915697123714897,-0.010292279050161578,0.009980491742438282,341.87
31.92,0.005328181818181826,0.009995697123714922,-0.010292279050161578,0.0097204917424383,341.87
31.924,0.004818181818181815,0.0100856971237149,-0.010042279050161605,0.0097204917424383,341.87
31.928,0.004388181818181829,0.010345697123714939,-0.009782279050161567,0.009640491742438275,341.87
31.932,0.004128181818181791,0.010425697123714908,-0.00944227905016156,0.0097204917424383,341.87
31.936,0.003958181818181843,0.010515697123714886,-0.009102279050161609,0.009640491742438275,341.87
31.94,0.0036181818181818363,0.010515697123714886,-0.009012279050161574,0.009380491742438293,341.87
31.944,0.0032781818181818294,0.010425697123714908,-0.008932279050161605,0.009300491742438324,341.87
31.948,0.002768181818181819,0.010515697123714886,-0.008762279050161602,0.00921049174243829,341.87
31.952,0.002338181818181833,0.01068569712371489,-0.008672279050161567,0.008950491742438307,341.87
31.956,0.002078181818181795,0.010515697123714886,-0.008412279050161585,0.008950491742438307,341.87
31.96,0.0019081818181817913,0.010425697123714908,-0.008162279050161557,0.00912049174243831,341.87
31.964,0.0015681818181818399,0.010345697123714939,-0.007822279050161605,0.008870491742438282,341.87
31.968,0.0011381818181817984,0.0100856971237149,-0.0074722790501615885,0.0086104917424383,341.87
31.972,0.0007981818181817914,0.010175697123714935,-0.007392279050161564,0.008440491742438296,341.87
31.976,0.0003681818181818055,0.010255697123714904,-0.0071322790501615815,0.008360491742438272,341.87
31.98,2.8181818181798523e-05,0.009995697123714922,-0.006962279050161578,0.00810049174243829,341.87
31.984,-0.00014181818181820496,0.009745697123714894,-0.006622279050161571,0.00801049174243831,341.87
31.988,-0.0004818181818181564,0.009745697123714894,-0.006362279050161589,0.007760491742438283,341.87
31.992,-0.0008218181818181634,0.00957569712371489,-0.006112279050161561,0.00759049174243828,341.87
31.996,-0.0011718181818181803,0.009315697123714908,-0.005762279050161599,0.007330491742438297,341.87
32.0,-0.0016818181818181908,0.009235697123714939,-0.005342279050161568,0.007160491742438294,341.87
32.004,-0.0020218181818181975,0.009145697123714904,-0.005082279050161585,0.006900491742438311,341.87
32.008,-0.002191818181818201,0.008885697123714922,-0.004912279050161582,0.006730491742438308,341.87
32.012,-0.002531818181818208,0.008805697123714897,-0.004572279050161575,0.006470491742438325,341.87
32.016,-0.002961818181818194,0.008545697123714915,-0.004142279050161589,0.006300491742438322,341.87
32.02,-0.003301818181818201,0.008375697123714911,-0.003882279050161607,0.005960491742438315,341.87
32.024,-0.0035618181818181834,0.008115697123714929,-0.0037122790501616034,0.005710491742438287,341.87
32.028,-0.003731818181818187,0.0078656971237149,-0.0033722790501615964,0.005450491742438304,341.87
32.032,-0.004071818181818194,0.0076956971237148964,-0.002862279050161586,0.0051104917424382975,341.87
32.036,-0.004581818181818204,0.0078656971237149,-0.0024322790501616,0.004850491742438315,341.87
32.04,-0.004931818181818166,0.007435697123714914,-0.002172279050161562,0.0046804917424383115,341.87
32.044,-0.00501181818181819,0.0069256971237149035,-0.0018322790501616106,0.0043404917424383046,341.87
32.048,-0.005441818181818176,0.007005697123714928,-0.0015822790501615826,0.004080491742438322,341.87
32.052,-0.005781818181818183,0.0067556971237149,-0.0012322790501615656,0.003830491742438294,341.87
32.056,-0.005871818181818162,0.006405697123714939,-0.0008922790501615586,0.003480491742438277,341.87
32.06,-0.006211818181818169,0.006235697123714935,-0.0004622790501615726,0.003060491742438301,341.87
32.064,-0.006461818181818197,0.005895697123714928,-4.227905016159666e-05,0.0027104917424382842,341.87
32.068,-0.0067218181818181795,0.0056456971237149,0.0003877209498383893,0.0025404917424382807,341.87
32.072,-0.0070618181818181865,0.005385697123714918,0.0008177209498384308,0.002200491742438274,341.87
32.076,-0.007321818181818169,0.005045697123714911,0.0010677209498384031,0.0018604917424383221,341.87
32.08,-0.007491818181818172,0.004615697123714925,0.0012377209498384066,0.0016004917424382841,341.87
32.084,-0.007751818181818155,0.004355697123714887,0.0015877209498384236,0.0014304917424382807,341.87
32.088,-0.007921818181818158,0.004185697123714939,0.0019277209498384305,0.0010904917424382737,341.87
32.092,-0.008261818181818165,0.0038456971237149323,0.0023577209498384165,0.0008304917424382912,341.87
32.096,-0.008521818181818203,0.0035056971237149253,0.0027777209498383924,0.0005804917424383188,341.87
32.1,-0.008771818181818176,0.002995697123714915,0.0031277209498384094,0.00024049174243831182,341.87
32.104,-0.009111818181818183,0.002565697123714929,0.003297720949838413,-1.9508257561726155e-05,341.87
32.108,-0.009291818181818196,0.002305697123714891,0.00363772094983842,-0.00018950825756167413,341.87
32.112,-0.009371818181818165,0.0021356971237148875,0.004067720949838406,-0.0005295082575616811,341.87
32.116,-0.0094618181818182,0.001795697123714936,0.004487720949838438,-0.0008795082575616981,341.87
32.12,-0.009541818181818169,0.001455697123714929,0.004827720949838389,-0.001129508257561726,341.87
32.124,-0.009801818181818207,0.0009356971237149085,0.004917720949838424,-0.0014695082575616775,341.87
32.128,-0.00997181818181821,0.0005156971237149326,0.005177720949838406,-0.0018195082575616945,341.87
32.132,-0.010051818181818179,0.0002556971237148946,0.005517720949838413,-0.0020695082575617222,341.87
32.136,-0.010231818181818193,-0.00017430287628509135,0.005767720949838441,-0.0022395082575617257,341.87
32.14,-0.010231818181818193,-0.0005143028762850983,0.0061177209498384025,-0.002589508257561687,341.87
32.144,-0.010231818181818193,-0.0007643028762850708,0.0063677209498384305,-0.002929508257561694,341.87
32.148,-0.010401818181818196,-0.0011143028762850876,0.006627720949838413,-0.0030995082575616976,341.87
32.152,-0.010651818181818169,-0.0014543028762850946,0.00696772094983842,-0.0034395082575617046,341.87
32.156,-0.010651818181818169,-0.0018843028762850805,0.007137720949838423,-0.0037795082575617115,341.87
32.16,-0.010651818181818169,-0.002304302876285112,0.007307720949838427,-0.003949508257561715,341.87
32.164,-0.010651818181818169,-0.002734302876285098,0.007657720949838388,-0.004289508257561722,341.87
32.168,-0.010651818181818169,-0.0029943028762850804,0.007907720949838416,-0.0045495082575617045,341.87
32.172,-0.010741818181818203,-0.003164302876285084,0.00807772094983842,-0.004719508257561708,341.87
32.176,-0.010741818181818203,-0.003504302876285091,0.00807772094983842,-0.00497950825756169,341.87
32.18,-0.010741818181818203,-0.003844302876285098,0.00807772094983842,-0.005149508257561694,341.87
32.184,-0.010741818181818203,-0.004354302876285109,0.008337720949838402,-0.005409508257561676,341.87
32.188,-0.010741818181818203,-0.00470430287628507,0.008767720949838388,-0.005489508257561701,341.87
32.192,-0.010751818181818158,-0.004884302876285084,0.008757720949838434,-0.005839508257561718,341.87
32.196,-0.010751818181818158,-0.005224302876285091,0.008757720949838434,-0.006179508257561725,341.87
32.2,-0.010751818181818158,-0.005564302876285098,0.008927720949838437,-0.006349508257561673,341.87
32.204,-0.010661818181818179,-0.0059043028762851045,0.00909772094983844,-0.006609508257561711,341.87
32.208,-0.010401818181818196,-0.0059943028762850835,0.009357720949838423,-0.00669950825756169,341.87
32.212,-0.010321818181818172,-0.0064143028762850595,0.009357720949838423,-0.006869508257561693,341.87
32.216,-0.010151818181818168,-0.006844302876285101,0.009437720949838392,-0.007119508257561721,341.87
32.22,-0.009981818181818165,-0.007104302876285083,0.00969772094983843,-0.007289508257561725,341.87
32.224,-0.009891818181818186,-0.007274302876285087,0.00969772094983843,-0.007719508257561711,341.87
32.228,-0.009811818181818161,-0.007614302876285094,0.00969772094983843,-0.00780950825756169,341.87
32.232,-0.009551818181818179,-0.0079543028762851,0.009777720949838399,-0.007889508257561715,341.87
32.236,-0.009551818181818179,-0.008384302876285086,0.009867720949838434,-0.007979508257561694,341.87
32.24,-0.0094618181818182,-0.008644302876285068,0.009947720949838403,-0.008149508257561697,341.87
32.244,-0.009211818181818172,-0.008894302876285096,0.010127720949838416,-0.008579508257561683,341.87
32.248,-0.009041818181818168,-0.008984302876285075,0.010127720949838416,-0.008829508257561711,341.87
32.252,-0.008781818181818186,-0.009234302876285103,0.010127720949838416,-0.00891950825756169,341.87
32.256,-0.008611818181818182,-0.009324302876285082,0.01020772094983844,-0.009169508257561718,341.87
32.26,-0.008271818181818175,-0.009584302876285065,0.010127720949838416,-0.009169508257561718,341.87
32.264,-0.008011818181818193,-0.009754302876285068,0.010127720949838416,-0.009169508257561718,341.87
32.268,-0.007751818181818155,-0.010004302876285096,0.010127720949838416,-0.009259508257561697,341.87
32.272,-0.007501818181818182,-0.010094302876285075,0.009867720949838434,-0.00951950825756168,341.87
32.276,-0.007411818181818203,-0.0101743028762851,0.009867720949838434,-0.00951950825756168,341.87
32.28,-0.0070718181818181965,-0.010434302876285082,0.009777720949838399,-0.00951950825756168,341.87
32.284,-0.006561818181818186,-0.010524302876285061,0.009777720949838399,-0.009689508257561683,341.87
32.288,-0.006221818181818179,-0.010694302876285065,0.009777720949838399,-0.009939508257561711,341.87
32.292,-0.0061318181818182,-0.011034302876285072,0.00969772094983843,-0.01002950825756169,341.87
32.296,-0.005871818181818162,-0.01129430287628511,0.009437720949838392,-0.009939508257561711,341.87
32.3,-0.005451818181818186,-0.01129430287628511,0.009437720949838392,-0.009769508257561708,341.87
32.304,-0.005111818181818179,-0.01129430287628511,0.009267720949838389,-0.009689508257561683,341.87
32.308,-0.004851818181818197,-0.01129430287628511,0.009007720949838406,-0.009599508257561704,341.87
32.312,-0.00451181818181819,-0.01129430287628511,0.009007720949838406,-0.009599508257561704,341.87
32.316,-0.004171818181818183,-0.01129430287628511,0.008837720949838403,-0.009599508257561704,341.87
32.32,-0.003821818181818166,-0.01129430287628511,0.00858772094983843,-0.009599508257561704,341.87
32.324,-0.00340181818181819,-0.01129430287628511,0.008417720949838427,-0.009599508257561704,341.87
32.328,-0.0031418181818182074,-0.01129430287628511,0.008237720949838413,-0.009599508257561704,341.87
32.332,-0.0028018181818182004,-0.01129430287628511,0.008417720949838427,-0.009599508257561704,341.87
32.336,-0.0024618181818181935,-0.01129430287628511,0.008237720949838413,-0.009599508257561704,341.87
32.34,-0.0020318181818182075,-0.011204302876285075,0.008237720949838413,-0.009599508257561704,341.87
32.344,-0.0016918181818182008,-0.01129430287628511,0.00798772094983844,-0.00951950825756168,341.87
32.348,-0.0014318181818181628,-0.01129430287628511,0.007557720949838399,-0.009259508257561697,341.87
32.352,-0.0012618181818181593,-0.011114302876285096,0.00747772094983843,-0.009259508257561697,341.87
32.356,-0.0009218181818182079,-0.010604302876285086,0.00695772094983841,-0.009259508257561697,341.87
32.36,-0.0004018181818181874,-0.010524302876285061,0.006617720949838403,-0.009169508257561718,341.87
32.364,1.8181818181844034e-05,-0.010524302876285061,0.006537720949838434,-0.00891950825756169,341.87
32.368,0.0003581818181817955,-0.010434302876285082,0.006187720949838417,-0.008749508257561687,341.87
32.372,0.0006181818181818335,-0.0101743028762851,0.0060177209498384135,-0.008659508257561708,341.87
32.376,0.0008781818181818159,-0.010004302876285096,0.005767720949838441,-0.00840950825756168,341.87
32.38,0.001218181818181823,-0.009834302876285093,0.005417720949838424,-0.008319508257561701,341.87
32.384,0.0014781818181818054,-0.009584302876285065,0.005167720949838396,-0.008059508257561718,341.87
32.388,0.001988181818181816,-0.009324302876285082,0.004827720949838389,-0.007889508257561715,341.87
32.392,0.002418181818181802,-0.009154302876285079,0.004567720949838407,-0.007639508257561686,341.87
32.396,0.00266818181818183,-0.008894302876285096,0.004307720949838424,-0.007459508257561673,341.87
32.4,0.0028381818181818334,-0.008814302876285072,0.003967720949838417,-0.0072095082575617,341.87
32.404,0.0031781818181818404,-0.008644302876285068,0.003717720949838389,-0.007039508257561697,341.87
32.408,0.0036081818181818263,-0.008384302876285086,0.00362772094983841,-0.00669950825756169,341.87
32.412,0.003948181818181833,-0.008124302876285103,0.003197720949838424,-0.006439508257561707,341.87
32.416,0.004208181818181816,-0.008044302876285079,0.002767720949838438,-0.006269508257561704,341.87
32.42,0.004548181818181823,-0.007704302876285073,0.00251772094983841,-0.006009508257561721,341.87
32.424,0.00488818181818183,-0.007354302876285111,0.0023477209498384065,-0.005839508257561718,341.87
32.428,0.005148181818181812,-0.007184302876285108,0.0020077209498383995,-0.00557950825756168,341.87
32.432,0.005318181818181816,-0.006844302876285101,0.0015777209498384136,-0.005159508257561704,341.87
32.436,0.005658181818181823,-0.0064143028762850595,0.001317720949838431,-0.004819508257561697,341.87
32.44,0.0060881818181818086,-0.0059943028762850835,0.0011477209498384276,-0.0045595082575617145,341.87
32.444,0.0064281818181818155,-0.0056443028762850666,0.0008077209498384208,-0.0042195082575617075,341.87
32.448,0.006598181818181819,-0.005474302876285063,0.0002977209498384103,-0.0037895082575617215,341.87
32.452,0.006948181818181836,-0.005134302876285112,-0.00013227905016157564,-0.0035295082575616836,341.87
32.456,0.007288181818181843,-0.00470430287628507,-0.0003022790501615791,-0.00335950825756168,341.87
32.46,0.007368181818181812,-0.004454302876285098,-0.00013227905016157564,-0.003019508257561673,341.87
32.464,0.007628181818181794,-0.004284302876285094,-0.0003922790501615581,-0.002589508257561687,341.87
32.468,0.007888181818181832,-0.003944302876285087,-0.0009022790501615686,-0.00224950825756168,341.87
32.472,0.00822818181818184,-0.003514302876285101,-0.0013322790501616101,-0.0018195082575616945,341.87
32.476,0.008478181818181812,-0.003174302876285094,-0.0015822790501615826,-0.0014795082575616875,341.87
32.48,0.00856818181818179,-0.002824302876285077,-0.001842279050161565,-0.001309508257561684,341.87
32.484,0.008828181818181829,-0.002404302876285101,-0.0022722790501616065,-0.0009695082575616771,341.87
32.488,0.009078181818181801,-0.002064302876285094,-0.002872279050161596,-0.0006295082575617256,341.87
32.492,0.00933818181818184,-0.0018043028762851116,-0.0031222790501615684,-0.00019950825756168413,341.87
32.496,0.009418181818181808,-0.0014643028762851046,-0.0033822790501616064,0.00023049174243830182,341.87
32.5,0.009588181818181812,-0.0010343028762850631,-0.003722279050161558,0.0006504917424382777,341.87
32.504,0.009848181818181794,-0.0006043028762850773,-0.004062279050161564,0.0010004917424382947,341.87
32.508,0.010108181818181832,-0.00026430287628507034,-0.004322279050161602,0.0011704917424382982,341.87
32.512,0.010108181818181832,-4.302876285087868e-06,-0.004582279050161585,0.0014204917424383262,341.87
32.516,0.010278181818181836,0.0002456971237149401,-0.005002279050161561,0.0018504917424383121,341.87
32.52,0.010538181818181818,0.0005856971237148916,-0.005342279050161568,0.0021904917424383193,341.87
32.524,0.010618181818181843,0.0010156971237149331,-0.005522279050161581,0.0026204917424383052,341.87
32.528,0.01078818181818179,0.001445697123714919,-0.005862279050161588,0.003050491742438291,341.87
32.532,0.011048181818181829,0.0017056971237149015,-0.006202279050161595,0.003390491742438298,341.87
32.536,0.011048181818181829,0.0020456971237149085,-0.006542279050161602,0.0036504917424382806,341.87
32.54,0.011048181818181829,0.0022956971237149365,-0.006712279050161606,0.003990491742438288,341.87
32.544,0.011048181818181829,0.002645697123714898,-0.007052279050161557,0.0043304917424382946,341.87
32.548,0.011128181818181797,0.002985697123714905,-0.007312279050161595,0.0047604917424382805,341.87
32.552,0.011218181818181832,0.0034056971237149364,-0.0075722790501615775,0.0050104917424383085,341.87
32.556,0.011048181818181829,0.003755697123714898,-0.007822279050161605,0.005180491742438312,341.87
32.56,0.011048181818181829,0.003925697123714901,-0.007912279050161584,0.005530491742438273,341.87
32.564,0.011048181818181829,0.004265697123714908,-0.008252279050161591,0.005950491742438305,341.87
32.568,0.011048181818181829,0.004605697123714915,-0.008592279050161598,0.006300491742438322,341.87
32.572,0.011048181818181829,0.004945697123714922,-0.008682279050161577,0.006470491742438325,341.87
32.576,0.011048181818181829,0.005205697123714904,-0.008932279050161605,0.006720491742438298,341.87
32.58,0.010958181818181794,0.005545697123714911,-0.009022279050161584,0.007060491742438305,341.87
32.584,0.010708181818181822,0.005805697123714894,-0.009112279050161563,0.007320491742438287,341.87
32.588,0.010708181818181822,0.005975697123714897,-0.009192279050161588,0.007660491742438294,341.87
32.592,0.010708181818181822,0.006235697123714935,-0.009192279050161588,0.007920491742438276,341.87
32.596,0.010538181818181818,0.006405697123714939,-0.009362279050161591,0.0080004917424383,341.87
32.6,0.010278181818181836,0.00674569712371489,-0.00945227905016157,0.00809049174243828,341.87
32.604,0.010278181818181836,0.006995697123714918,-0.009702279050161598,0.008350491742438317,341.87
32.608,0.010358181818181805,0.0071756971237149315,-0.009872279050161602,0.00852049174243832,341.87
32.612,0.010188181818181801,0.007425697123714904,-0.009872279050161602,0.008690491742438324,341.87
32.616,0.010108181818181832,0.0076856971237148864,-0.00996227905016158,0.008940491742438297,341.87
32.62,0.009848181818181794,0.007935697123714915,-0.010302279050161588,0.00920049174243828,341.87
32.624,0.00967818181818179,0.007935697123714915,-0.010392279050161567,0.00920049174243828,341.87
32.628,0.009418181818181808,0.008025697123714894,-0.010302279050161588,0.009370491742438283,341.87
32.632,0.009248181818181805,0.008365697123714901,-0.010302279050161588,0.00963049174243832,341.87
32.636,0.009078181818181801,0.008705697123714908,-0.010302279050161588,0.00963049174243832,341.87
32.64,0.008998181818181832,0.008875697123714912,-0.010302279050161588,0.00971049174243829,341.87
32.644,0.00856818181818179,0.009135697123714894,-0.010302279050161588,0.009800491742438324,341.87
32.648,0.00822818181818184,0.009225697123714929,-0.010302279050161588,0.010060491742438307,341.87
32.652,0.008058181818181836,0.009475697123714901,-0.010392279050161567,0.010060491742438307,341.87
32.656,0.007708181818181819,0.009565697123714936,-0.01056227905016157,0.010060491742438307,341.87
32.66,0.007288181818181843,0.009565697123714936,-0.010392279050161567,0.010060491742438307,341.87
32.664,0.007028181818181805,0.009565697123714936,-0.010392279050161567,0.010060491742438307,341.87
32.668,0.0068581818181818015,0.009565697123714936,-0.01056227905016157,0.009970491742438272,341.87
32.672,0.0065181818181817945,0.009645697123714905,-0.010472279050161591,0.009880491742438293,341.87
32.676,0.006178181818181843,0.009815697123714908,-0.010222279050161563,0.010060491742438307,341.87
32.68,0.005828181818181826,0.009995697123714922,-0.01005227905016156,0.010060491742438307,341.87
32.684,0.005578181818181798,0.009995697123714922,-0.010132279050161584,0.010060491742438307,341.87
32.688,0.005238181818181791,0.009995697123714922,-0.009872279050161602,0.009970491742438272,341.87
32.692,0.00488818181818183,0.009995697123714922,-0.009702279050161598,0.009800491742438324,341.87
32.696,0.004548181818181823,0.01007569712371489,-0.009702279050161598,0.009970491742438272,341.87
32.7,0.004208181818181816,0.010415697123714898,-0.00945227905016157,0.00971049174243829,341.87
32.704,0.003948181818181833,0.010415697123714898,-0.009282279050161567,0.009370491742438283,341.87
32.708,0.0036081818181818263,0.010415697123714898,-0.009112279050161563,0.009290491742438314,341.87
32.712,0.0032681818181818194,0.010415697123714898,-0.009112279050161563,0.009290491742438314,341.87
32.716,0.002758181818181809,0.010505697123714932,-0.008932279050161605,0.00920049174243828,341.87
32.72,0.002328181818181823,0.010505697123714932,-0.008592279050161598,0.008940491742438297,341.87
32.724,0.0020681818181818405,0.010415697123714898,-0.008422279050161595,0.008860491742438272,341.87
32.728,0.0018981818181818368,0.010505697123714932,-0.008252279050161591,0.008770491742438293,341.87
32.732,0.0015581818181818299,0.010335697123714929,-0.007912279050161584,0.008430491742438286,341.87
32.736,0.001128181818181844,0.01007569712371489,-0.007652279050161602,0.008260491742438283,341.87
32.74,0.0007081818181818124,0.01007569712371489,-0.007402279050161574,0.008180491742438314,341.87
32.744,0.0002781818181818265,0.01007569712371489,-0.006972279050161588,0.008260491742438283,341.87
32.748,1.8181818181844034e-05,0.01007569712371489,-0.006632279050161581,0.00809049174243828,341.87
32.752,-6.181818181818046e-05,0.009905697123714887,-0.006462279050161578,0.0080004917424383,341.87
32.756,-0.0004918181818181664,0.009645697123714905,-0.006112279050161561,0.007750491742438273,341.87
32.76,-0.0009218181818182079,0.009565697123714936,-0.005862279050161588,0.007490491742438291,341.87
32.764,-0.0012618181818181593,0.009475697123714901,-0.005692279050161585,0.007240491742438318,341.87
32.768,-0.0016918181818182008,0.009225697123714929,-0.005342279050161568,0.007150491742438284,341.87
32.772,-0.0020318181818182075,0.009225697123714929,-0.005092279050161595,0.006890491742438301,341.87
32.776,-0.0022018181818181555,0.009135697123714894,-0.005002279050161561,0.006720491742438298,341.87
32.78,-0.0025418181818181625,0.008875697123714912,-0.004582279050161585,0.006380491742438291,341.87
32.784,-0.0028818181818181694,0.00862569712371494,-0.004152279050161599,0.006120491742438308,341.87
32.788,-0.00340181818181819,0.008365697123714901,-0.0038122790501615923,0.005950491742438305,341.87
32.792,-0.003741818181818197,0.008285697123714932,-0.0034622790501615754,0.005700491742438277,341.87
32.796,-0.0039118181818182,0.008025697123714894,-0.003212279050161603,0.005440491742438294,341.87
32.8,-0.004251818181818207,0.00785569712371489,-0.002872279050161596,0.0051004917424382875,341.87
32.804,-0.00451181818181819,0.0075156971237149385,-0.002522279050161579,0.004840491742438305,341.87
32.808,-0.004681818181818193,0.007345697123714935,-0.002102279050161603,0.0046704917424383015,341.87
32.812,-0.004931818181818166,0.007425697123714904,-0.001752279050161586,0.0042404917424383156,341.87
32.816,-0.005281818181818183,0.007085697123714897,-0.0014122790501615791,0.0039004917424383086,341.87
32.82,-0.005451818181818186,0.0068256971237149145,-0.0011622790501616066,0.003820491742438284,341.87
32.824,-0.005791818181818193,0.00674569712371489,-0.0008122790501615896,0.0034704917424383227,341.87
32.828,-0.0063018181818182036,0.006485697123714908,-0.0004722790501615826,0.0032204917424382947,341.87
32.832,-0.006641818181818155,0.006315697123714904,-5.227905016160666e-05,0.002960491742438312,341.87
32.836,-0.0067318181818181895,0.005885697123714918,0.0003777209498384348,0.0026204917424383052,341.87
32.84,-0.006901818181818193,0.005465697123714887,0.0008077209498384208,0.0022804917424382983,341.87
32.844,-0.0070718181818181965,0.005115697123714925,0.0009777209498384241,0.001940491742438291,341.87
32.848,-0.007501818181818182,0.004865697123714897,0.0012377209498384066,0.0016804917424383086,341.87
32.852,-0.00784181818181819,0.004605697123714915,0.001657720949838438,0.0013404917424383017,341.87
32.856,-0.007931818181818168,0.004265697123714908,0.0020077209498383995,0.0010804917424383192,341.87
32.86,-0.008101818181818172,0.0038356971237149223,0.0023477209498384065,0.0010004917424382947,341.87
32.864,-0.008271818181818175,0.0034056971237149364,0.002767720949838438,0.0006504917424382777,341.87
32.868,-0.008521818181818203,0.002985697123714905,0.0031177209498383994,0.0003104917424383263,341.87
32.872,-0.008701818181818161,0.002645697123714898,0.0033677209498384274,0.00014049174243832284,341.87
32.876,-0.00895181818181819,0.002555697123714919,0.003717720949838389,-0.00019950825756168413,341.87
32.88,-0.009121818181818193,0.0022956971237149365,0.003967720949838417,-0.0005395082575616911,341.87
32.884,-0.009381818181818175,0.001875697123714905,0.004307720949838424,-0.0006295082575617256,341.87
32.888,-0.0094618181818182,0.001525697123714888,0.004567720949838407,-0.0010495082575617016,341.87
32.892,-0.009551818181818179,0.0011056971237149121,0.004907720949838414,-0.0013995082575617185,341.87
32.896,-0.009811818181818161,0.0005056971237149226,0.005247720949838421,-0.0014795082575616875,341.87
32.9,-0.009891818181818186,0.00016569712371491561,0.005507720949838403,-0.0019095082575616735,341.87
32.904,-0.010061818181818189,-0.00017430287628509135,0.005767720949838441,-0.00224950825756168,341.87
32.908,-0.010321818181818172,-0.0004343028762850738,0.0061077209498383925,-0.0023395082575617147,341.87
32.912,-0.010401818181818196,-0.0006943028762851118,0.0063577209498384205,-0.0026795082575617217,341.87
32.916,-0.010321818181818172,-0.0011143028762850876,0.006617720949838403,-0.002939508257561704,341.87
32.92,-0.010231818181818193,-0.0015443028762850736,0.006877720949838441,-0.0031895082575616766,341.87
32.924,-0.010401818181818196,-0.0018843028762850805,0.007047720949838389,-0.0035295082575616836,341.87
32.928,-0.010751818181818158,-0.0022343028762850975,0.007297720949838417,-0.0037895082575617215,341.87
32.932,-0.011091818181818165,-0.0026543028762850735,0.007387720949838396,-0.004049508257561704,341.87
32.936,-0.011091818181818165,-0.0030843028762850594,0.007727720949838403,-0.004389508257561711,341.87
32.94,-0.011171818181818189,-0.0033443028762850974,0.00806772094983841,-0.0045595082575617145,341.87
32.944,-0.011261818181818168,-0.00359430287628507,0.008157720949838389,-0.0046395082575616834,341.87
32.948,-0.011171818181818189,-0.004024302876285112,0.008237720949838413,-0.004819508257561697,341.87
32.952,-0.011001818181818186,-0.004454302876285098,0.008327720949838392,-0.005159508257561704,341.87
32.956,-0.010751818181818158,-0.004794302876285105,0.008497720949838396,-0.005409508257561676,341.87
32.96,-0.010751818181818158,-0.005054302876285087,0.008497720949838396,-0.005669508257561714,341.87
32.964,-0.010751818181818158,-0.00530430287628506,0.00858772094983843,-0.005929508257561697,341.87
32.968,-0.010751818181818158,-0.0056443028762850666,0.008837720949838403,-0.006009508257561721,341.87
32.972,-0.01058181818181821,-0.0059043028762851045,0.009007720949838406,-0.006349508257561673,341.87
32.976,-0.010321818181818172,-0.0062443028762851115,0.00909772094983844,-0.006779508257561714,341.87
32.98,-0.010321818181818172,-0.0064143028762850595,0.009357720949838423,-0.007039508257561697,341.87
32.984,-0.010231818181818193,-0.0067643028762850764,0.009357720949838423,-0.0072095082575617,341.87
32.988,-0.009981818181818165,-0.007104302876285083,0.009527720949838427,-0.007459508257561673,341.87
32.992,-0.009981818181818165,-0.007354302876285111,0.009777720949838399,-0.007639508257561686,341.87
32.996,-0.009981818181818165,-0.007704302876285073,0.009777720949838399,-0.007889508257561715,341.87
33.0,-0.009811818181818161,-0.008044302876285079,0.009777720949838399,-0.008059508257561718,341.87
33.004,-0.009551818181818179,-0.008294302876285107,0.009777720949838399,-0.008319508257561701,341.87
33.008,-0.009551818181818179,-0.008474302876285065,0.009777720949838399,-0.00840950825756168,341.87
33.012,-0.0094618181818182,-0.008724302876285093,0.009867720949838434,-0.008659508257561708,341.87
33.016,-0.009211818181818172,-0.008894302876285096,0.009777720949838399,-0.008829508257561711,341.87
33.02,-0.009041818181818168,-0.009154302876285079,0.009777720949838399,-0.00891950825756169,341.87
33.024,-0.008781818181818186,-0.009414302876285061,0.009867720949838434,-0.009169508257561718,341.87
33.028,-0.008521818181818203,-0.00966430287628509,0.009867720949838434,-0.009169508257561718,341.87
33.032,-0.008181818181818196,-0.009754302876285068,0.009777720949838399,-0.009349508257561676,341.87
33.036,-0.007931818181818168,-0.010004302876285096,0.009777720949838399,-0.009599508257561704,341.87
33.04,-0.007751818181818155,-0.010004302876285096,0.009777720949838399,-0.009599508257561704,341.87
33.044,-0.007411818181818203,-0.0101743028762851,0.009867720949838434,-0.009599508257561704,341.87
33.048,-0.0071618181818181754,-0.010354302876285113,0.009867720949838434,-0.009689508257561683,341.87
33.052,-0.006991818181818172,-0.010524302876285061,0.009777720949838399,-0.009859508257561687,341.87
33.056,-0.006561818181818186,-0.010604302876285086,0.00969772094983843,-0.009859508257561687,341.87
33.06,-0.006221818181818179,-0.010694302876285065,0.009437720949838392,-0.009689508257561683,341.87
33.064,-0.006051818181818176,-0.011204302876285075,0.009437720949838392,-0.009689508257561683,341.87
33.068,-0.005701818181818159,-0.01129430287628511,0.009437720949838392,-0.009689508257561683,341.87
33.072,-0.005361818181818207,-0.01129430287628511,0.009357720949838423,-0.009939508257561711,341.87
33.076,-0.005111818181818179,-0.01129430287628511,0.00909772094983844,-0.01002950825756169,341.87
33.08,-0.004931818181818166,-0.01129430287628511,0.00909772094983844,-0.01002950825756169,341.87
33.084,-0.00451181818181819,-0.01129430287628511,0.008927720949838437,-0.009939508257561711,341.87
33.088,-0.004081818181818204,-0.01129430287628511,0.0086677209498384,-0.01002950825756169,341.87
33.092,-0.003741818181818197,-0.01129430287628511,0.00858772094983843,-0.01002950825756169,341.87
33.096,-0.003481818181818159,-0.01129430287628511,0.008417720949838427,-0.01002950825756169,341.87
33.1,-0.0033118181818181554,-0.011204302876285075,0.008157720949838389,-0.01002950825756169,341.87
33.104,-0.002971818181818204,-0.01129430287628511,0.00798772094983844,-0.009939508257561711,341.87
33.108,-0.002631818181818197,-0.01129430287628511,0.007817720949838437,-0.009769508257561708,341.87
33.112,-0.0021118181818181765,-0.011204302876285075,0.007727720949838403,-0.009599508257561704,341.87
33.116,-0.0016918181818182008,-0.010944302876285093,0.00747772094983843,-0.009599508257561704,341.87
33.12,-0.0014318181818181628,-0.010694302876285065,0.007387720949838396,-0.009599508257561704,341.87
33.124,-0.0012618181818181593,-0.010694302876285065,0.007297720949838417,-0.009599508257561704,341.87
33.128,-0.0009218181818182079,-0.010604302876285086,0.00695772094983841,-0.009349508257561676,341.87
33.132,-0.0004918181818181664,-0.010434302876285082,0.006617720949838403,-0.009169508257561718,341.87
33.136,-6.181818181818046e-05,-0.010094302876285075,0.0063577209498384205,-0.00891950825756169,341.87
33.14,0.0003581818181817955,-0.010094302876285075,0.0061077209498383925,-0.008749508257561687,341.87
33.144,0.0007081818181818124,-0.010004302876285096,0.0060177209498384135,-0.008659508257561708,341.87
33.148,0.0009581818181818404,-0.009754302876285068,0.0056777209498384065,-0.00840950825756168,341.87
33.152,0.001218181818181823,-0.009584302876285065,0.0053377209498383996,-0.008319508257561701,341.87
33.156,0.0015581818181818299,-0.009324302876285082,0.005167720949838396,-0.008059508257561718,341.87
33.16,0.0018981818181818368,-0.009154302876285079,0.004827720949838389,-0.007889508257561715,341.87
33.164,0.002328181818181823,-0.008894302876285096,0.004567720949838407,-0.007639508257561686,341.87
33.168,0.0028381818181818334,-0.008814302876285072,0.004307720949838424,-0.007459508257561673,341.87
33.172,0.0031781818181818404,-0.00855430287628509,0.003967720949838417,-0.007119508257561721,341.87
33.176,0.0033581818181817984,-0.008294302876285107,0.003717720949838389,-0.006869508257561693,341.87
33.18,0.0036981818181818053,-0.008044302876285079,0.00362772094983841,-0.00669950825756169,341.87
33.184,0.004038181818181812,-0.007874302876285075,0.003197720949838424,-0.006439508257561707,341.87
33.188,0.004298181818181795,-0.007524302876285059,0.002767720949838438,-0.006179508257561725,341.87
33.192,0.004548181818181823,-0.007274302876285087,0.00251772094983841,-0.005839508257561718,341.87
33.196,0.004978181818181809,-0.007184302876285108,0.0023477209498384065,-0.005409508257561676,341.87
33.2,0.005238181818181791,-0.006844302876285101,0.0020077209498383995,-0.005069508257561725,341.87
33.204,0.005578181818181798,-0.006504302876285094,0.0015777209498384136,-0.0049895082575617,341.87
33.208,0.005828181818181826,-0.0062443028762851115,0.0012377209498384066,-0.0046395082575616834,341.87
33.212,0.006178181818181843,-0.0059043028762851045,0.0009777209498384241,-0.0042995082575616765,341.87
33.216,0.0064281818181818155,-0.005734302876285101,0.0008077209498384208,-0.0038795082575617005,341.87
33.22,0.0067681818181818225,-0.005564302876285098,0.0004677209498384138,-0.0035295082575616836,341.87
33.224,0.007028181818181805,-0.005224302876285091,0.00012772094983840682,-0.00335950825756168,341.87
33.228,0.007368181818181812,-0.004794302876285105,-5.227905016160666e-05,-0.003019508257561673,341.87
33.232,0.007628181818181794,-0.004284302876285094,-0.0003022790501615791,-0.0026795082575617217,341.87
33.236,0.007798181818181798,-0.003854302876285108,-0.0005622790501615616,-0.00224950825756168,341.87
33.24,0.008058181818181836,-0.0036843028762851044,-0.0009922790501616032,-0.0018195082575616945,341.87
33.244,0.008138181818181805,-0.003514302876285101,-0.0014122790501615791,-0.001309508257561684,341.87
33.248,0.00856818181818179,-0.003174302876285094,-0.0019322790501615996,-0.0009695082575616771,341.87
33.252,0.008908181818181798,-0.002744302876285108,-0.002102279050161603,-0.0008795082575616981,341.87
33.256,0.008998181818181832,-0.0023143028762850665,-0.00244227905016161,-0.0006295082575617256,341.87
33.26,0.009248181818181805,-0.0019743028762850595,-0.002872279050161596,-0.00010950825756170514,341.87
33.264,0.009418181818181808,-0.001714302876285077,-0.003292279050161572,0.0003104917424383263,341.87
33.268,0.009768181818181825,-0.00137430287628507,-0.003642279050161589,0.0005704917424383088,341.87
33.272,0.009938181818181829,-0.0010343028762850631,-0.0038922790501615613,0.0010804917424383192,341.87
33.276,0.010018181818181798,-0.0006943028762851118,-0.004232279050161568,0.0015104917424383052,341.87
33.28,0.010188181818181801,-0.00017430287628509135,-0.004662279050161609,0.0017704917424382876,341.87
33.284,0.010358181818181805,0.0002456971237149401,-0.005002279050161561,0.002020491742438316,341.87
33.288,0.010618181818181843,0.0006756971237149261,-0.005092279050161595,0.0023604917424383228,341.87
33.292,0.010708181818181822,0.0010156971237149331,-0.005432279050161602,0.0026204917424383052,341.87
33.296,0.010708181818181822,0.0011056971237149121,-0.005772279050161609,0.0031304917424383157,341.87
33.3,0.010958181818181794,0.00135569712371494,-0.006112279050161561,0.0035604917424383016,341.87
33.304,0.010958181818181794,0.001785697123714926,-0.006372279050161599,0.003730491742438305,341.87
33.308,0.010958181818181794,0.002215697123714912,-0.006712279050161606,0.003990491742438288,341.87
33.312,0.010958181818181794,0.002555697123714919,-0.006972279050161588,0.0043304917424382946,341.87
33.316,0.010958181818181794,0.0027256971237149224,-0.0071422790501615915,0.0047604917424382805,341.87
33.32,0.010958181818181794,0.0030656971237149294,-0.0074822790501615985,0.0050104917424383085,341.87
33.324,0.010958181818181794,0.0034056971237149364,-0.007652279050161602,0.005180491742438312,341.87
33.328,0.010958181818181794,0.0038356971237149223,-0.007912279050161584,0.005530491742438273,341.87
33.332,0.010958181818181794,0.004095697123714904,-0.008162279050161557,0.005950491742438305,341.87
33.336,0.010958181818181794,0.004355697123714887,-0.00834227905016157,0.006300491742438322,341.87
33.34,0.010958181818181794,0.004775697123714918,-0.008682279050161577,0.006470491742438325,341.87
33.344,0.010958181818181794,0.005115697123714925,-0.008932279050161605,0.006640491742438273,341.87
33.348,0.010878181818181825,0.005205697123714904,-0.009112279050161563,0.006810491742438277,341.87
33.352,0.010618181818181843,0.005465697123714887,-0.009362279050161591,0.007240491742438318,341.87
33.356,0.010618181818181843,0.005805697123714894,-0.00945227905016157,0.007580491742438325,341.87
33.36,0.010618181818181843,0.006055697123714922,-0.009532279050161595,0.007660491742438294,341.87
33.364,0.010538181818181818,0.006405697123714939,-0.009532279050161595,0.007920491742438276,341.87
33.368,0.010278181818181836,0.006655697123714911,-0.009532279050161595,0.008180491742438314,341.87
33.372,0.010278181818181836,0.0069156971237148935,-0.009792279050161577,0.008430491742438286,341.87
33.376,0.010448181818181839,0.0072556971237149005,-0.009872279050161602,0.00852049174243832,341.87
33.38,0.010188181818181801,0.0075156971237149385,-0.00996227905016158,0.00852049174243832,341.87
33.384,0.010108181818181832,0.0075956971237149075,-0.010222279050161563,0.008690491742438324,341.87
33.388,0.009848181818181794,0.00785569712371489,-0.010302279050161588,0.008940491742438297,341.87
33.392,0.009768181818181825,0.008115697123714929,-0.010302279050161588,0.00920049174243828,341.87
33.396,0.009508181818181843,0.008365697123714901,-0.010392279050161567,0.009370491742438283,341.87
33.4,0.00933818181818184,0.008535697123714905,-0.010392279050161567,0.009540491742438286,341.87
33.404,0.009078181818181801,0.00862569712371494,-0.010642279050161595,0.00963049174243832,341.87
33.408,0.008908181818181798,0.008795697123714887,-0.010732279050161574,0.00971049174243829,341.87
33.412,0.00856818181818179,0.009055697123714925,-0.010732279050161574,0.00971049174243829,341.87
33.416,0.00822818181818184,0.009135697123714894,-0.010732279050161574,0.00963049174243832,341.87
33.42,0.008058181818181836,0.009225697123714929,-0.010642279050161595,0.00971049174243829,341.87
33.424,0.007708181818181819,0.009305697123714898,-0.01056227905016157,0.009800491742438324,341.87
33.428,0.007368181818181812,0.009305697123714898,-0.010392279050161567,0.009880491742438293,341.87
33.432,0.007028181818181805,0.009565697123714936,-0.010302279050161588,0.010060491742438307,341.87
33.436,0.0067681818181818225,0.009905697123714887,-0.010302279050161588,0.010060491742438307,341.87
33.44,0.0064281818181818155,0.009905697123714887,-0.010392279050161567,0.010060491742438307,341.87
33.444,0.0060881818181818086,0.009995697123714922,-0.010472279050161591,0.010060491742438307,341.87
33.448,0.005828181818181826,0.009995697123714922,-0.01056227905016157,0.010060491742438307,341.87
33.452,0.005658181818181823,0.009995697123714922,-0.010302279050161588,0.009880491742438293,341.87
33.456,0.005318181818181816,0.009995697123714922,-0.010302279050161588,0.00963049174243832,341.87
33.46,0.004808181818181805,0.01007569712371489,-0.010222279050161563,0.00963049174243832,341.87
33.464,0.004378181818181819,0.010335697123714929,-0.00996227905016158,0.00971049174243829,341.87
33.468,0.004128181818181791,0.010505697123714932,-0.00996227905016158,0.00963049174243832,341.87
33.472,0.003948181818181833,0.010675697123714935,-0.009702279050161598,0.00963049174243832,341.87
33.476,0.003528181818181802,0.010505697123714932,-0.009192279050161588,0.009540491742438286,341.87
33.48,0.0031781818181818404,0.010415697123714898,-0.009112279050161563,0.009370491742438283,341.87
33.484,0.0028381818181818334,0.010505697123714932,-0.008932279050161605,0.009370491742438283,341.87
33.488,0.0024981818181818265,0.010675697123714935,-0.008682279050161577,0.009290491742438314,341.87
33.492,0.002238181818181844,0.010585697123714901,-0.008512279050161574,0.009030491742438276,341.87
33.496,0.0018981818181818368,0.010845697123714939,-0.008162279050161557,0.008690491742438324,341.87
33.5,0.0015581818181818299,0.010765697123714914,-0.007912279050161584,0.008770491742438293,341.87
33.504,0.001218181818181823,0.010585697123714901,-0.007742279050161581,0.008690491742438324,341.87
33.508,0.0008781818181818159,0.010505697123714932,-0.007402279050161574,0.008430491742438286,341.87
33.512,0.0006181818181818335,0.010335697123714929,-0.0071422790501615915,0.008350491742438317,341.87
33.516,0.0002781818181818265,0.009995697123714922,-0.006972279050161588,0.00809049174243828,341.87
33.52,-6.181818181818046e-05,0.009995697123714922,-0.006632279050161581,0.00809049174243828,341.87
33.524,-0.0004018181818181874,0.009905697123714887,-0.006372279050161599,0.007920491742438276,341.87
33.528,-0.0007518181818182044,0.009735697123714939,-0.006112279050161561,0.007660491742438294,341.87
33.532,-0.0010918181818181558,0.009815697123714908,-0.005772279050161609,0.007580491742438325,341.87
33.536,-0.0013418181818181838,0.009735697123714939,-0.005522279050161581,0.007320491742438287,341.87
33.54,-0.0016918181818182008,0.009305697123714898,-0.005342279050161568,0.007150491742438284,341.87
33.544,-0.0021118181818181765,0.009135697123714894,-0.005092279050161595,0.006810491742438277,341.87
33.548,-0.0025418181818181625,0.008875697123714912,-0.004582279050161585,0.006640491742438273,341.87
33.552,-0.002971818181818204,0.008795697123714887,-0.004152279050161599,0.006470491742438325,341.87
33.556,-0.0032318181818181864,0.008535697123714905,-0.0038922790501615613,0.006300491742438322,341.87
33.56,-0.00340181818181819,0.008455697123714936,-0.003722279050161558,0.00587049174243828,341.87
33.564,-0.003741818181818197,0.008285697123714932,-0.0033822790501616064,0.005610491742438298,341.87
33.568,-0.004081818181818204,0.007935697123714915,-0.002872279050161596,0.005440491742438294,341.87
33.572,-0.004421818181818155,0.007765697123714911,-0.00244227905016161,0.0051004917424382875,341.87
33.576,-0.004591818181818159,0.0076856971237148864,-0.002102279050161603,0.004840491742438305,341.87
33.58,-0.004931818181818166,0.0072556971237149005,-0.001842279050161565,0.0046704917424383015,341.87
33.584,-0.005191818181818204,0.0071756971237149315,-0.0016722790501615616,0.0044204917424382735,341.87
33.588,-0.005451818181818186,0.007085697123714897,-0.0013322790501616101,0.0042404917424383156,341.87
33.592,-0.005791818181818193,0.00674569712371489,-0.0008122790501615896,0.0039004917424383086,341.87
33.596,-0.005871818181818162,0.006405697123714939,-0.0003922790501615581,0.0035604917424383016,341.87
33.6,-0.0063018181818182036,0.006235697123714935,-0.00013227905016157564,0.003390491742438298,341.87
33.604,-0.0067318181818181895,0.005885697123714918,0.00020772094983843132,0.003050491742438291,341.87
33.608,-0.006991818181818172,0.00563569712371489,0.0003777209498384348,0.0027904917424383087,341.87
33.612,-0.0071618181818181754,0.005545697123714911,0.0007177209498384418,0.0026204917424383052,341.87
33.616,-0.007411818181818203,0.005115697123714925,0.0011477209498384276,0.0022804917424382983,341.87
33.62,-0.007581818181818207,0.004605697123714915,0.0015777209498384136,0.0018504917424383121,341.87
33.624,-0.007931818181818168,0.004265697123714908,0.002087720949838424,0.0015104917424383052,341.87
33.628,-0.008181818181818196,0.003925697123714901,0.002427720949838431,0.0014204917424383262,341.87
33.632,-0.0083518181818182,0.003665697123714919,0.00251772094983841,0.0010004917424382947,341.87
33.636,-0.008611818181818182,0.003325697123714912,0.002767720949838438,0.0005704917424383088,341.87
33.64,-0.008781818181818186,0.002985697123714905,0.003197720949838424,0.0003104917424383263,341.87
33.644,-0.00895181818181819,0.002645697123714898,0.003537720949838431,0.00014049174243832284,341.87
33.648,-0.009041818181818168,0.002215697123714912,0.0037977209498384133,-0.00019950825756168413,341.87
33.652,-0.009121818181818193,0.001785697123714926,0.004057720949838396,-0.00045950825756172213,341.87
33.656,-0.009381818181818175,0.001445697123714919,0.004477720949838428,-0.0007095082575616946,341.87
33.66,-0.009641818181818158,0.00135569712371494,0.004827720949838389,-0.0010495082575617016,341.87
33.664,-0.009981818181818165,0.0010156971237149331,0.004997720949838393,-0.001309508257561684,341.87
33.668,-0.010151818181818168,0.0006756971237149261,0.0053377209498383996,-0.0014795082575616875,341.87
33.672,-0.010231818181818193,0.0002456971237149401,0.0056777209498384065,-0.0018195082575616945,341.87
33.676,-0.010231818181818193,-0.00026430287628507034,0.0060177209498384135,-0.00224950825756168,341.87
33.68,-0.010321818181818172,-0.0006943028762851118,0.0061077209498383925,-0.002589508257561687,341.87
33.684,-0.010321818181818172,-0.0010343028762850631,0.0063577209498384205,-0.0026795082575617217,341.87
33.688,-0.010311818181818162,-0.0014543028762850946,0.006627720949838413,-0.0030995082575616976,341.87
33.692,-0.010481818181818165,-0.0017943028762851016,0.00696772094983842,-0.0035295082575616836,341.87
33.696,-0.010911818181818207,-0.001964302876285105,0.007227720949838402,-0.0037795082575617115,341.87
33.7,-0.010911818181818207,-0.002304302876285112,0.007397720949838406,-0.003949508257561715,341.87
33.704,-0.01108181818181821,-0.0026543028762850735,0.007657720949838388,-0.0042095082575616975,341.87
33.708,-0.01108181818181821,-0.003164302876285084,0.007907720949838416,-0.004379508257561701,341.87
33.712,-0.01108181818181821,-0.00359430287628507,0.00807772094983842,-0.004719508257561708,341.87
33.716,-0.01108181818181821,-0.003844302876285098,0.008167720949838399,-0.00497950825756169,341.87
33.72,-0.010991818181818176,-0.003934302876285077,0.008417720949838427,-0.005229508257561718,341.87
33.724,-0.010991818181818176,-0.004354302876285109,0.008507720949838406,-0.00557950825756168,341.87
33.728,-0.010741818181818203,-0.004784302876285095,0.00859772094983844,-0.005829508257561708,341.87
33.732,-0.010741818181818203,-0.005124302876285102,0.00867772094983841,-0.005999508257561711,341.87
33.736,-0.010741818181818203,-0.0056443028762850666,0.008847720949838413,-0.006259508257561694,341.87
33.74,-0.010741818181818203,-0.0058943028762850945,0.008937720949838392,-0.006429508257561697,341.87
33.744,-0.0105718181818182,-0.006064302876285098,0.009107720949838395,-0.00668950825756168,341.87
33.748,-0.010311818181818162,-0.0064143028762850595,0.00918772094983842,-0.006859508257561683,341.87
33.752,-0.010311818181818162,-0.0066643028762850874,0.009277720949838399,-0.007119508257561721,341.87
33.756,-0.010311818181818162,-0.006834302876285091,0.009357720949838423,-0.007289508257561725,341.87
33.76,-0.010231818181818193,-0.007264302876285077,0.009357720949838423,-0.007539508257561697,341.87
33.764,-0.00997181818181821,-0.007694302876285063,0.009537720949838437,-0.007709508257561701,341.87
33.768,-0.009881818181818176,-0.00794430287628509,0.009787720949838409,-0.008229508257561722,341.87
33.772,-0.009881818181818176,-0.008124302876285103,0.009787720949838409,-0.008399508257561725,341.87
33.776,-0.009631818181818203,-0.008374302876285076,0.009787720949838409,-0.008649508257561698,341.87
33.78,-0.009371818181818165,-0.00846430287628511,0.009787720949838409,-0.008739508257561677,341.87
33.784,-0.009111818181818183,-0.008714302876285083,0.009787720949838409,-0.00890950825756168,341.87
33.788,-0.00894181818181818,-0.008974302876285065,0.009787720949838409,-0.009169508257561718,341.87
33.792,-0.008691818181818207,-0.009234302876285103,0.009787720949838409,-0.009249508257561687,341.87
33.796,-0.008601818181818172,-0.009314302876285072,0.009877720949838388,-0.00941950825756169,341.87
33.8,-0.0083518181818182,-0.00957430287628511,0.009787720949838409,-0.009589508257561694,341.87
33.804,-0.008091818181818162,-0.009744302876285114,0.009787720949838409,-0.009679508257561729,341.87
33.808,-0.007751818181818155,-0.010004302876285096,0.009787720949838409,-0.009589508257561694,341.87
33.812,-0.007491818181818172,-0.010084302876285065,0.009787720949838409,-0.009589508257561694,341.87
33.816,-0.007321818181818169,-0.0101743028762851,0.009787720949838409,-0.009589508257561694,341.87
33.82,-0.006981818181818162,-0.010424302876285072,0.009787720949838409,-0.009589508257561694,341.87
33.824,-0.0067218181818181795,-0.010594302876285076,0.009787720949838409,-0.009589508257561694,341.87
33.828,-0.006551818181818176,-0.010594302876285076,0.00970772094983844,-0.009679508257561729,341.87
33.832,-0.006211818181818169,-0.01068430287628511,0.009447720949838402,-0.009849508257561677,341.87
33.836,-0.005871818181818162,-0.011194302876285065,0.009447720949838402,-0.01001950825756168,341.87
33.84,-0.005701818181818159,-0.0112843028762851,0.009447720949838402,-0.01001950825756168,341.87
33.844,-0.005351818181818197,-0.0112843028762851,0.009357720949838423,-0.01001950825756168,341.87
33.848,-0.00501181818181819,-0.0112843028762851,0.009107720949838395,-0.01001950825756168,341.87
33.852,-0.004581818181818204,-0.0112843028762851,0.008847720949838413,-0.01001950825756168,341.87
33.856,-0.004331818181818176,-0.0112843028762851,0.00859772094983844,-0.01001950825756168,341.87
33.86,-0.004071818181818194,-0.0112843028762851,0.00859772094983844,-0.01001950825756168,341.87
33.864,-0.003731818181818187,-0.0112843028762851,0.008507720949838406,-0.01001950825756168,341.87
33.868,-0.00339181818181818,-0.0112843028762851,0.008247720949838423,-0.01001950825756168,341.87
33.872,-0.002961818181818194,-0.0112843028762851,0.008167720949838399,-0.009939508257561711,341.87
33.876,-0.002621818181818187,-0.0112843028762851,0.007907720949838416,-0.009679508257561729,341.87
33.88,-0.002531818181818208,-0.011194302876285065,0.007827720949838392,-0.009589508257561694,341.87
33.884,-0.002191818181818201,-0.010854302876285114,0.007737720949838413,-0.009679508257561729,341.87
33.888,-0.0017618181818181598,-0.010594302876285076,0.007567720949838409,-0.009589508257561694,341.87
33.892,-0.0012518181818182048,-0.010514302876285107,0.007227720949838402,-0.009509508257561725,341.87
33.896,-0.0008218181818181634,-0.010514302876285107,0.007057720949838399,-0.009249508257561687,341.87
33.9,-0.0004818181818181564,-0.010424302876285072,0.006887720949838395,-0.009079508257561684,341.87
33.904,-0.00023181818181818394,-0.0101743028762851,0.006537720949838434,-0.008819508257561701,341.87
33.908,2.8181818181798523e-05,-0.010084302876285065,0.006287720949838406,-0.008819508257561701,341.87
33.912,0.0003681818181818055,-0.009914302876285062,0.0060277209498384235,-0.008739508257561677,341.87
33.916,0.0007081818181818124,-0.009744302876285114,0.005767720949838441,-0.008479508257561694,341.87
33.92,0.0011381818181817984,-0.009744302876285114,0.005517720949838413,-0.008309508257561691,341.87
33.924,0.0016481818181818088,-0.00965430287628508,0.005177720949838406,-0.008059508257561718,341.87
33.928,0.001998181818181826,-0.009404302876285107,0.005007720949838403,-0.007879508257561705,341.87
33.932,0.0021681818181818295,-0.009144302876285069,0.004917720949838424,-0.007629508257561676,341.87
33.936,0.002418181818181802,-0.008884302876285086,0.004577720949838417,-0.007459508257561673,341.87
33.94,0.0028481818181818434,-0.008714302876285083,0.004147720949838431,-0.007119508257561721,341.87
33.944,0.0032781818181818294,-0.00846430287628511,0.003977720949838427,-0.006859508257561683,341.87
33.948,0.003538181818181812,-0.008374302876285076,0.00363772094983842,-0.00668950825756168,341.87
33.952,0.00378818181818184,-0.008034302876285069,0.003207720949838434,-0.006349508257561673,341.87
33.956,0.004128181818181791,-0.007774302876285087,0.0030377209498384304,-0.00608950825756169,341.87
33.96,0.004388181818181829,-0.007524302876285059,0.0026977209498384234,-0.005919508257561687,341.87
33.964,0.004728181818181836,-0.007184302876285108,0.0023577209498384165,-0.00557950825756168,341.87
33.968,0.00489818181818184,-0.006834302876285091,0.002097720949838434,-0.005229508257561718,341.87
33.972,0.005238181818181791,-0.006754302876285066,0.0019277209498384305,-0.00497950825756169,341.87
33.976,0.005668181818181833,-0.0064143028762850595,0.0015877209498384236,-0.0046395082575616834,341.87
33.98,0.00600818181818184,-0.0059843028762850735,0.0012377209498384066,-0.004289508257561722,341.87
33.984,0.006268181818181822,-0.005554302876285088,0.0008177209498384308,-0.004039508257561694,341.87
33.988,0.006608181818181829,-0.005294302876285105,0.0004777209498384238,-0.0037795082575617115,341.87
33.992,0.0068681818181818115,-0.005044302876285077,0.0003877209498383893,-0.0033495082575617256,341.87
33.996,0.006948181818181836,-0.00470430287628507,0.00021772094983844132,-0.002929508257561694,341.87
34.0,0.007298181818181797,-0.004444302876285088,-0.0002922790501615691,-0.002589508257561687,341.87
34.004,0.007638181818181804,-0.004104302876285081,-0.0008122790501615896,-0.0022395082575617257,341.87
34.008,0.007888181818181832,-0.003934302876285077,-0.0011522790501615966,-0.001899508257561719,341.87
34.012,0.008148181818181815,-0.00359430287628507,-0.0011522790501615966,-0.0017295082575617155,341.87
34.016,0.008238181818181794,-0.003164302876285084,-0.001402279050161569,-0.0014695082575616775,341.87
34.02,0.0085781818181818,-0.002824302876285077,-0.002092279050161593,-0.0010495082575617016,341.87
34.024,0.008918181818181808,-0.0025643028762850945,-0.0026022790501616035,-0.0006195082575617156,341.87
34.028,0.009088181818181811,-0.0022243028762850875,-0.0030322790501615894,-0.00010950825756170514,341.87
34.032,0.009258181818181815,-0.0018843028762850805,-0.0031122790501615584,0.0003204917424382808,341.87
34.036,0.009348181818181794,-0.0015343028762850636,-0.003202279050161593,0.0005804917424383188,341.87
34.04,0.009518181818181797,-0.0010243028762851086,-0.0037122790501616034,0.0006604917424382877,341.87
34.044,0.009768181818181825,-0.0005943028762850673,-0.004142279050161589,0.0010904917424382737,341.87
34.048,0.009858181818181804,-0.00017430287628509135,-0.004572279050161575,0.0015204917424383152,341.87
34.052,0.010118181818181842,0.00017569712371492561,-0.004822279050161603,0.0017704917424382876,341.87
34.056,0.010198181818181811,0.0003456971237149291,-0.005082279050161585,0.0022904917424383083,341.87
34.06,0.010368181818181815,0.0005956971237149016,-0.005422279050161592,0.0026304917424383152,341.87
34.064,0.010628181818181797,0.0009356971237149085,-0.005762279050161599,0.0028004917424383187,341.87
34.068,0.010628181818181797,0.0013656971237148946,-0.006022279050161582,0.0031404917424383257,341.87
34.072,0.010628181818181797,0.001875697123714905,-0.006282279050161564,0.003480491742438277,341.87
34.076,0.010888181818181835,0.002225697123714922,-0.006622279050161571,0.003910491742438319,341.87
34.08,0.010968181818181804,0.002305697123714891,-0.006872279050161599,0.004170491742438301,341.87
34.084,0.010888181818181835,0.002565697123714929,-0.007052279050161557,0.0044204917424382735,341.87
34.088,0.010708181818181822,0.002995697123714915,-0.007392279050161564,0.0047704917424382905,341.87
34.092,0.010618181818181843,0.0034056971237149364,-0.007742279050161581,0.0050104917424383085,341.87
34.096,0.010618181818181843,0.003755697123714898,-0.007912279050161584,0.005270491742438291,341.87
34.1,0.010878181818181825,0.004005697123714925,-0.008252279050161591,0.005610491742438298,341.87
34.104,0.010958181818181794,0.004355697123714887,-0.008512279050161574,0.006040491742438284,341.87
34.108,0.010958181818181794,0.004605697123714915,-0.008682279050161577,0.006380491742438291,341.87
34.112,0.010878181818181825,0.004695697123714894,-0.008932279050161605,0.006470491742438325,341.87
34.116,0.010708181818181822,0.005035697123714901,-0.009022279050161584,0.006810491742438277,341.87
34.12,0.010618181818181843,0.005375697123714908,-0.009112279050161563,0.007060491742438305,341.87
34.124,0.010538181818181818,0.00563569712371489,-0.009112279050161563,0.007240491742438318,341.87
34.128,0.010538181818181818,0.005975697123714897,-0.009192279050161588,0.007490491742438291,341.87
34.132,0.010538181818181818,0.006315697123714904,-0.00945227905016157,0.007660491742438294,341.87
34.136,0.010278181818181836,0.006405697123714939,-0.009792279050161577,0.007920491742438276,341.87
34.14,0.010278181818181836,0.006655697123714911,-0.00996227905016158,0.008180491742438314,341.87
34.144,0.010358181818181805,0.006995697123714918,-0.010132279050161584,0.008430491742438286,341.87
34.148,0.010278181818181836,0.0071756971237149315,-0.010392279050161567,0.00860049174243829,341.87
34.152,0.010278181818181836,0.007425697123714904,-0.010472279050161591,0.008770491742438293,341.87
34.156,0.010188181818181801,0.0076856971237148864,-0.01056227905016157,0.008860491742438272,341.87
34.16,0.009938181818181829,0.00785569712371489,-0.01056227905016157,0.008940491742438297,341.87
34.164,0.009768181818181825,0.007935697123714915,-0.010732279050161574,0.00920049174243828,341.87
34.168,0.009508181818181843,0.008285697123714932,-0.010732279050161574,0.00920049174243828,341.87
34.172,0.00933818181818184,0.00862569712371494,-0.010642279050161595,0.009370491742438283,341.87
34.176,0.008908181818181798,0.008875697123714912,-0.010642279050161595,0.00963049174243832,341.87
34.18,0.00856818181818179,0.009135697123714894,-0.010732279050161574,0.00963049174243832,341.87
34.184,0.008398181818181843,0.009135697123714894,-0.010732279050161574,0.00963049174243832,341.87
34.188,0.008058181818181836,0.009225697123714929,-0.010732279050161574,0.00971049174243829,341.87
34.192,0.007708181818181819,0.009475697123714901,-0.010732279050161574,0.00971049174243829,341.87
34.196,0.007628181818181794,0.009645697123714905,-0.010732279050161574,0.00971049174243829,341.87
34.2,0.007288181818181843,0.009815697123714908,-0.010732279050161574,0.009970491742438272,341.87
34.204,0.006948181818181836,0.009735697123714939,-0.01056227905016157,0.010060491742438307,341.87
34.208,0.006688181818181798,0.009815697123714908,-0.010302279050161588,0.010060491742438307,341.87
34.212,0.0064281818181818155,0.009995697123714922,-0.010302279050161588,0.010060491742438307,341.87
34.216,0.0060881818181818086,0.009995697123714922,-0.010472279050161591,0.010060491742438307,341.87
34.22,0.005748181818181802,0.009995697123714922,-0.01056227905016157,0.009970491742438272,341.87
34.224,0.005488181818181819,0.01007569712371489,-0.010222279050161563,0.010060491742438307,341.87
34.228,0.005238181818181791,0.010415697123714898,-0.00996227905016158,0.009970491742438272,341.87
34.232,0.004808181818181805,0.010675697123714935,-0.00996227905016158,0.009800491742438324,341.87
34.236,0.004378181818181819,0.010675697123714935,-0.009792279050161577,0.00963049174243832,341.87
34.24,0.004038181818181812,0.010765697123714914,-0.009532279050161595,0.00963049174243832,341.87
34.244,0.0036981818181818053,0.010675697123714935,-0.009362279050161591,0.00971049174243829,341.87
34.248,0.0033581818181817984,0.010415697123714898,-0.009192279050161588,0.00963049174243832,341.87
34.252,0.003098181818181816,0.010415697123714898,-0.009192279050161588,0.009290491742438314,341.87
34.256,0.002758181818181809,0.010505697123714932,-0.00885227905016158,0.009030491742438276,341.87
34.26,0.002418181818181802,0.010675697123714935,-0.008682279050161577,0.009030491742438276,341.87
34.264,0.0020681818181818405,0.010585697123714901,-0.008422279050161595,0.008940491742438297,341.87
34.268,0.0015581818181818299,0.010675697123714935,-0.008162279050161557,0.00852049174243832,341.87
34.272,0.001218181818181823,0.010765697123714914,-0.007822279050161605,0.00852049174243832,341.87
34.276,0.0010481818181818194,0.010675697123714935,-0.0074822790501615985,0.00852049174243832,341.87
34.28,0.0007081818181818124,0.010335697123714929,-0.007312279050161595,0.008260491742438283,341.87
34.284,0.0003581818181817955,0.01007569712371489,-0.006972279050161588,0.008180491742438314,341.87
34.288,1.8181818181844034e-05,0.01007569712371489,-0.006712279050161606,0.007920491742438276,341.87
34.292,-0.0004918181818181664,0.01007569712371489,-0.006632279050161581,0.007920491742438276,341.87
34.296,-0.0008318181818181734,0.009995697123714922,-0.006282279050161564,0.007660491742438294,341.87
34.3,-0.0009218181818182079,0.009735697123714939,-0.005862279050161588,0.007580491742438325,341.87
34.304,-0.0013418181818181838,0.009475697123714901,-0.005522279050161581,0.007320491742438287,341.87
34.308,-0.0017718181818181698,0.009225697123714929,-0.005262279050161599,0.007150491742438284,341.87
34.312,-0.0021118181818181765,0.009225697123714929,-0.004922279050161592,0.006890491742438301,341.87
34.316,-0.0024618181818181935,0.009135697123714894,-0.004582279050161585,0.006720491742438298,341.87
34.32,-0.0028018181818182004,0.008875697123714912,-0.004232279050161568,0.006550491742438294,341.87
34.324,-0.003051818181818173,0.00862569712371494,-0.004062279050161564,0.006300491742438322,341.87
34.328,-0.00340181818181819,0.008365697123714901,-0.003722279050161558,0.006040491742438284,341.87
34.332,-0.003741818181818197,0.008285697123714932,-0.0033822790501616064,0.005950491742438305,341.87
34.336,-0.004081818181818204,0.008025697123714894,-0.002952279050161565,0.005610491742438298,341.87
34.34,-0.004171818181818183,0.008025697123714894,-0.002522279050161579,0.005270491742438291,341.87
34.344,-0.004591818181818159,0.007935697123714915,-0.002102279050161603,0.005180491742438312,341.87
34.348,-0.0050218181818182,0.0076856971237148864,-0.001842279050161565,0.004840491742438305,341.87
34.352,-0.005281818181818183,0.0075156971237149385,-0.0016722790501615616,0.0046704917424383015,341.87
34.356,-0.005531818181818155,0.0071756971237149315,-0.0013322790501616101,0.0044204917424382735,341.87
34.36,-0.005871818181818162,0.0068256971237149145,-0.0009022790501615686,0.0039004917424383086,341.87
34.364,-0.006051818181818176,0.0065756971237148866,-0.0005622790501615616,0.0035604917424383016,341.87
34.368,-0.0063018181818182036,0.006235697123714935,-0.00013227905016157564,0.003390491742438298,341.87
34.372,-0.006641818181818155,0.005885697123714918,0.00020772094983843132,0.003050491742438291,341.87
34.376,-0.006901818181818193,0.00563569712371489,0.0004677209498384138,0.0027904917424383087,341.87
34.38,-0.0071618181818181754,0.005375697123714908,0.0008077209498384208,0.0026204917424383052,341.87
34.384,-0.007411818181818203,0.005035697123714901,0.0011477209498384276,0.0022804917424382983,341.87
34.388,-0.007501818181818182,0.004695697123714894,0.0015777209498384136,0.002020491742438316,341.87
34.392,-0.00784181818181819,0.004265697123714908,0.0020077209498383995,0.0017704917424382876,341.87
34.396,-0.008101818181818172,0.004005697123714925,0.0022577209498384275,0.0014204917424383262,341.87
34.4,-0.008271818181818175,0.0038356971237149223,0.002427720949838431,0.0010004917424382947,341.87
34.404,-0.008521818181818203,0.0034956971237149153,0.002767720949838438,0.0006504917424382777,341.87
34.408,-0.008701818181818161,0.0030656971237149294,0.003287720949838403,0.00048049174243827426,341.87
34.412,-0.00895181818181819,0.002645697123714898,0.003717720949838389,0.00014049174243832284,341.87
34.416,-0.009211818181818172,0.002215697123714912,0.003967720949838417,-0.00010950825756170514,341.87
34.42,-0.0094618181818182,0.0019556971237149295,0.004057720949838396,-0.00036950825756168764,341.87
34.424,-0.0094618181818182,0.0016156971237149226,0.004477720949838428,-0.0007095082575616946,341.87
34.428,-0.009551818181818179,0.0011056971237149121,0.004827720949838389,-0.0009695082575616771,341.87
34.432,-0.009811818181818161,0.0008456971237149295,0.004907720949838414,-0.0011395082575616805,341.87
34.436,-0.009981818181818165,0.0005056971237149226,0.005167720949838396,-0.0014795082575616875,341.87
34.44,-0.010061818181818189,0.00016569712371491561,0.0055977209498384375,-0.0018195082575616945,341.87
34.444,-0.010321818181818172,-0.00017430287628509135,0.00584772094983841,-0.0020795082575616767,341.87
34.448,-0.010401818181818196,-0.0006043028762850773,0.006187720949838417,-0.00224950825756168,341.87
34.452,-0.01058181818181821,-0.0010343028762850631,0.0064477209498383994,-0.002589508257561687,341.87
34.456,-0.010831818181818182,-0.00137430287628507,0.006617720949838403,-0.002939508257561704,341.87
34.46,-0.011091818181818165,-0.0018043028762851116,0.006877720949838441,-0.0031095082575617076,341.87
34.464,-0.011091818181818165,-0.002144302876285063,0.007047720949838389,-0.0034495082575617146,341.87
34.468,-0.011091818181818165,-0.0023143028762850665,0.007217720949838392,-0.0037895082575617215,341.87
34.472,-0.011171818181818189,-0.0026543028762850735,0.007387720949838396,-0.0038795082575617005,341.87
34.476,-0.011171818181818189,-0.0030843028762850594,0.007647720949838434,-0.0042995082575616765,341.87
34.48,-0.011171818181818189,-0.003514302876285101,0.007897720949838406,-0.0046395082575616834,341.87
34.484,-0.011001818181818186,-0.003944302876285087,0.00806772094983841,-0.004819508257561697,341.87
34.488,-0.010751818181818158,-0.00419430287628506,0.008157720949838389,-0.005069508257561725,341.87
34.492,-0.010751818181818158,-0.004454302876285098,0.008417720949838427,-0.005239508257561673,341.87
34.496,-0.010831818181818182,-0.004794302876285105,0.008497720949838396,-0.00557950825756168,341.87
34.5,-0.010751818181818158,-0.005134302876285112,0.00858772094983843,-0.005839508257561718,341.87
34.504,-0.010751818181818158,-0.005564302876285098,0.0086677209498384,-0.006009508257561721,341.87
34.508,-0.010751818181818158,-0.0059043028762851045,0.008837720949838403,-0.006269508257561704,341.87
34.512,-0.010751818181818158,-0.006074302876285108,0.009007720949838406,-0.006439508257561707,341.87
34.516,-0.01058181818181821,-0.006504302876285094,0.009007720949838406,-0.00669950825756169,341.87
34.52,-0.010321818181818172,-0.0067643028762850764,0.009007720949838406,-0.006869508257561693,341.87
34.524,-0.010321818181818172,-0.00693430287628508,0.009267720949838389,-0.007289508257561725,341.87
34.528,-0.010321818181818172,-0.007274302876285087,0.009357720949838423,-0.007289508257561725,341.87
34.532,-0.010231818181818193,-0.007614302876285094,0.009357720949838423,-0.007639508257561686,341.87
34.536,-0.009981818181818165,-0.0079543028762851,0.009357720949838423,-0.007979508257561694,341.87
34.54,-0.009891818181818186,-0.008044302876285079,0.009607720949838396,-0.008229508257561722,341.87
34.544,-0.009811818181818161,-0.008384302876285086,0.009777720949838399,-0.008319508257561701,341.87
34.548,-0.009551818181818179,-0.008644302876285068,0.009867720949838434,-0.008489508257561704,341.87
34.552,-0.009381818181818175,-0.008984302876285075,0.009867720949838434,-0.008749508257561687,341.87
34.556,-0.009121818181818193,-0.009234302876285103,0.009777720949838399,-0.008829508257561711,341.87
34.56,-0.00895181818181819,-0.009234302876285103,0.009777720949838399,-0.009089508257561694,341.87
34.564,-0.008701818181818161,-0.009414302876285061,0.009777720949838399,-0.009169508257561718,341.87
34.568,-0.008611818181818182,-0.00966430287628509,0.009777720949838399,-0.009259508257561697,341.87
34.572,-0.0083518181818182,-0.009754302876285068,0.009777720949838399,-0.00951950825756168,341.87
34.576,-0.008271818181818175,-0.010004302876285096,0.009777720949838399,-0.0094295082575617,341.87
34.58,-0.00784181818181819,-0.010094302876285075,0.009867720949838434,-0.009259508257561697,341.87
34.584,-0.007411818181818203,-0.0101743028762851,0.009867720949838434,-0.009349508257561676,341.87
34.588,-0.0072418181818182,-0.010434302876285082,0.009867720949838434,-0.0094295082575617,341.87
34.592,-0.006991818181818172,-0.010524302876285061,0.00969772094983843,-0.00951950825756168,341.87
34.596,-0.0067318181818181895,-0.010774302876285089,0.009437720949838392,-0.00951950825756168,341.87
34.6,-0.006561818181818186,-0.011034302876285072,0.009357720949838423,-0.009599508257561704,341.87
34.604,-0.006221818181818179,-0.01129430287628511,0.009267720949838389,-0.009859508257561687,341.87
34.608,-0.005871818181818162,-0.01129430287628511,0.009267720949838389,-0.01002950825756169,341.87
34.612,-0.005531818181818155,-0.01129430287628511,0.009267720949838389,-0.01002950825756169,341.87
34.616,-0.005361818181818207,-0.01129430287628511,0.00909772094983844,-0.01002950825756169,341.87
34.62,-0.004931818181818166,-0.011204302876285075,0.009007720949838406,-0.01002950825756169,341.87
34.624,-0.004591818181818159,-0.01129430287628511,0.008837720949838403,-0.01002950825756169,341.87
34.628,-0.004171818181818183,-0.01129430287628511,0.008757720949838434,-0.01002950825756169,341.87
34.632,-0.003821818181818166,-0.01129430287628511,0.008837720949838403,-0.009939508257561711,341.87
34.636,-0.003741818181818197,-0.01129430287628511,0.008497720949838396,-0.01002950825756169,341.87
34.64,-0.00340181818181819,-0.01129430287628511,0.008237720949838413,-0.009939508257561711,341.87
34.644,-0.002971818181818204,-0.01129430287628511,0.008327720949838392,-0.009689508257561683,341.87
34.648,-0.0024618181818181935,-0.011204302876285075,0.00806772094983841,-0.009599508257561704,341.87
34.652,-0.0020318181818182075,-0.010864302876285068,0.00798772094983844,-0.009689508257561683,341.87
34.656,-0.0016918181818182008,-0.010604302876285086,0.00747772094983843,-0.009599508257561704,341.87
34.66,-0.0014318181818181628,-0.010524302876285061,0.007217720949838392,-0.00951950825756168,341.87
34.664,-0.0012618181818181593,-0.010524302876285061,0.00695772094983841,-0.009259508257561697,341.87
34.668,-0.0009218181818182079,-0.010354302876285113,0.006877720949838441,-0.009259508257561697,341.87
34.672,-0.0004018181818181874,-0.010094302876285075,0.006617720949838403,-0.009169508257561718,341.87
34.676,1.8181818181844034e-05,-0.010004302876285096,0.0064477209498383994,-0.00891950825756169,341.87
34.68,0.0003581818181817955,-0.010004302876285096,0.006187720949838417,-0.008749508257561687,341.87
34.684,0.000788181818181837,-0.009754302876285068,0.0061077209498383925,-0.008489508257561704,341.87
34.688,0.001218181818181823,-0.009754302876285068,0.005767720949838441,-0.008319508257561701,341.87
34.692,0.0013881818181818264,-0.009584302876285065,0.005417720949838424,-0.008059508257561718,341.87
34.696,0.0015581818181818299,-0.009324302876285082,0.005247720949838421,-0.007889508257561715,341.87
34.7,0.001988181818181816,-0.0090643028762851,0.004997720949838393,-0.007639508257561686,341.87
34.704,0.002418181818181802,-0.008894302876285096,0.00473772094983841,-0.007459508257561673,341.87
34.708,0.0028381818181818334,-0.008814302876285072,0.004397720949838403,-0.0072095082575617,341.87
34.712,0.0032681818181818194,-0.00855430287628509,0.004137720949838421,-0.007119508257561721,341.87
34.716,0.003528181818181802,-0.008384302876285086,0.004057720949838396,-0.006779508257561714,341.87
34.72,0.0036081818181818263,-0.008044302876285079,0.003717720949838389,-0.006439508257561707,341.87
34.724,0.004038181818181812,-0.007704302876285073,0.003197720949838424,-0.006179508257561725,341.87
34.728,0.004468181818181798,-0.007524302876285059,0.002857720949838417,-0.005839508257561718,341.87
34.732,0.004718181818181826,-0.007274302876285087,0.0026877209498384134,-0.005669508257561714,341.87
34.736,0.00488818181818183,-0.007184302876285108,0.0023477209498384065,-0.005409508257561676,341.87
34.74,0.005238181818181791,-0.006844302876285101,0.0019177209498384205,-0.005069508257561725,341.87
34.744,0.005658181818181823,-0.006504302876285094,0.0015777209498384136,-0.0046395082575616834,341.87
34.748,0.00600818181818184,-0.0062443028762851115,0.001317720949838431,-0.004389508257561711,341.87
34.752,0.006258181818181812,-0.0059043028762851045,0.0011477209498384276,-0.004129508257561673,341.87
34.756,0.006598181818181819,-0.005564302876285098,0.0008077209498384208,-0.0037895082575617215,341.87
34.76,0.0067681818181818225,-0.005224302876285091,0.0002977209498384103,-0.0034495082575617146,341.87
34.764,0.0068581818181818015,-0.004964302876285108,-0.00013227905016157564,-0.0031895082575616766,341.87
34.768,0.007288181818181843,-0.00470430287628507,-0.0003922790501615581,-0.003019508257561673,341.87
34.772,0.007628181818181794,-0.004364302876285063,-0.0004722790501615826,-0.0026795082575617217,341.87
34.776,0.007708181818181819,-0.003944302876285087,-0.0006422790501615861,-0.00224950825756168,341.87
34.78,0.008058181818181836,-0.0034243028762850664,-0.0010722790501615721,-0.0018195082575616945,341.87
34.784,0.008398181818181843,-0.0030843028762850594,-0.0016722790501615616,-0.0013995082575617185,341.87
34.788,0.008648181818181815,-0.0030043028762850904,-0.0019322790501615996,-0.0009695082575616771,341.87
34.792,0.008908181818181798,-0.002744302876285108,-0.002182279050161572,-0.0006295082575617256,341.87
34.796,0.009078181818181801,-0.0023143028762850665,-0.00244227905016161,-0.00045950825756172213,341.87
34.8,0.00933818181818184,-0.0018843028762850805,-0.0027022790501615925,-0.00010950825756170514,341.87
34.804,0.009418181818181808,-0.0014643028762851046,-0.003212279050161603,0.00023049174243830182,341.87
34.808,0.009588181818181812,-0.0011143028762850876,-0.003722279050161558,0.0006504917424382777,341.87
34.812,0.009768181818181825,-0.0008643028762850598,-0.004232279050161568,0.0010804917424383192,341.87
34.816,0.009938181818181829,-0.0005243028762851083,-0.004492279050161606,0.0014204917424383262,341.87
34.82,0.010188181818181801,-0.00017430287628509135,-0.004582279050161585,0.0015104917424383052,341.87
34.824,0.010278181818181836,0.00016569712371491561,-0.005002279050161561,0.0018504917424383121,341.87
34.828,0.010448181818181839,0.0005056971237149226,-0.005432279050161602,0.0022804917424382983,341.87
34.832,0.010538181818181818,0.0006756971237149261,-0.005692279050161585,0.0027104917424382842,341.87
34.836,0.010708181818181822,0.0010156971237149331,-0.005942279050161557,0.003050491742438291,341.87
34.84,0.011048181818181829,0.001445697123714919,-0.006282279050161564,0.003300491742438319,341.87
34.844,0.011048181818181829,0.001785697123714926,-0.006712279050161606,0.0035604917424383016,341.87
34.848,0.011048181818181829,0.002215697123714912,-0.007052279050161557,0.0039004917424383086,341.87
34.852,0.011048181818181829,0.00246569712371494,-0.0071422790501615915,0.0042404917424383156,341.87
34.856,0.011048181818181829,0.0027256971237149224,-0.007402279050161574,0.004590491742438277,341.87
34.86,0.011048181818181829,0.0030656971237149294,-0.007742279050161581,0.004840491742438305,341.87
34.864,0.011048181818181829,0.0034956971237149153,-0.007992279050161609,0.005180491742438312,341.87
34.868,0.011048181818181829,0.003755697123714898,-0.00834227905016157,0.005610491742438298,341.87
34.872,0.011048181818181829,0.003925697123714901,-0.008592279050161598,0.00587049174243828,341.87
34.876,0.011048181818181829,0.004265697123714908,-0.008762279050161602,0.005950491742438305,341.87
34.88,0.011048181818181829,0.004695697123714894,-0.009112279050161563,0.006380491742438291,341.87
34.884,0.010958181818181794,0.004945697123714922,-0.009192279050161588,0.006720491742438298,341.87
34.888,0.010708181818181822,0.005115697123714925,-0.009362279050161591,0.006890491742438301,341.87
34.892,0.010708181818181822,0.005465697123714887,-0.00945227905016157,0.007240491742438318,341.87
34.896,0.010708181818181822,0.005805697123714894,-0.009532279050161595,0.007490491742438291,341.87
34.9,0.010618181818181843,0.005975697123714897,-0.009532279050161595,0.007750491742438273,341.87
34.904,0.010448181818181839,0.006315697123714904,-0.009792279050161577,0.0080004917424383,341.87
34.908,0.010358181818181805,0.0065756971237148866,-0.009872279050161602,0.00809049174243828,341.87
34.912,0.010448181818181839,0.0068256971237149145,-0.01005227905016156,0.008350491742438317,341.87
34.916,0.010188181818181801,0.007085697123714897,-0.010302279050161588,0.008350491742438317,341.87
34.92,0.010188181818181801,0.0071756971237149315,-0.010302279050161588,0.00852049174243832,341.87
34.924,0.010108181818181832,0.0075156971237149385,-0.010302279050161588,0.008770491742438293,341.87
34.928,0.009848181818181794,0.00785569712371489,-0.010302279050161588,0.008940491742438297,341.87
34.932,0.00967818181818179,0.008025697123714894,-0.010472279050161591,0.00920049174243828,341.87
34.936,0.009418181818181808,0.008285697123714932,-0.010732279050161574,0.00920049174243828,341.87
34.94,0.009248181818181805,0.008455697123714936,-0.010732279050161574,0.009290491742438314,341.87
34.944,0.009078181818181801,0.008705697123714908,-0.010732279050161574,0.009460491742438317,341.87
34.948,0.008998181818181832,0.008875697123714912,-0.010732279050161574,0.00963049174243832,341.87
34.952,0.00856818181818179,0.009135697123714894,-0.010732279050161574,0.00963049174243832,341.87
34.956,0.00822818181818184,0.009225697123714929,-0.010642279050161595,0.00971049174243829,341.87
34.96,0.008058181818181836,0.009475697123714901,-0.010642279050161595,0.009800491742438324,341.87
34.964,0.007708181818181819,0.009565697123714936,-0.010642279050161595,0.009800491742438324,341.87
34.968,0.007368181818181812,0.009645697123714905,-0.010642279050161595,0.009800491742438324,341.87
34.972,0.007028181818181805,0.009645697123714905,-0.01056227905016157,0.010060491742438307,341.87
34.976,0.0068581818181818015,0.009735697123714939,-0.010732279050161574,0.010060491742438307,341.87
34.98,0.0065181818181817945,0.01007569712371489,-0.010732279050161574,0.010060491742438307,341.87
34.984,0.006178181818181843,0.010245697123714894,-0.010732279050161574,0.010060491742438307,341.87
34.988,0.005828181818181826,0.01007569712371489,-0.010642279050161595,0.010060491742438307,341.87
34.992,0.005658181818181823,0.01007569712371489,-0.010392279050161567,0.009970491742438272,341.87
34.996,0.005318181818181816,0.01007569712371489,-0.010302279050161588,0.009800491742438324,341.87
35.0,0.00488818181818183,0.010165697123714925,-0.010222279050161563,0.009800491742438324,341.87
35.004,0.004638181818181802,0.010335697123714929,-0.00996227905016158,0.00971049174243829,341.87
35.008,0.004378181818181819,0.010335697123714929,-0.009872279050161602,0.00963049174243832,341.87
35.012,0.004038181818181812,0.010335697123714929,-0.009532279050161595,0.00971049174243829,341.87
35.016,0.0036981818181818053,0.010335697123714929,-0.009282279050161567,0.00963049174243832,341.87
35.02,0.0032681818181818194,0.010415697123714898,-0.009112279050161563,0.009370491742438283,341.87
35.024,0.002758181818181809,0.010505697123714932,-0.009112279050161563,0.009290491742438314,341.87
35.028,0.002418181818181802,0.010505697123714932,-0.00885227905016158,0.00920049174243828,341.87
35.032,0.002238181818181844,0.010415697123714898,-0.008422279050161595,0.008940491742438297,341.87
35.036,0.0018981818181818368,0.010415697123714898,-0.008252279050161591,0.008940491742438297,341.87
35.04,0.0015581818181818299,0.010415697123714898,-0.007822279050161605,0.008770491742438293,341.87
35.044,0.001218181818181823,0.010415697123714898,-0.0074822790501615985,0.00852049174243832,341.87
35.048,0.0007081818181818124,0.010335697123714929,-0.007402279050161574,0.008430491742438286,341.87
35.052,0.0003581818181817955,0.01007569712371489,-0.007052279050161557,0.008350491742438317,341.87
35.056,0.0002781818181818265,0.01007569712371489,-0.006712279050161606,0.00809049174243828,341.87
35.06,1.8181818181844034e-05,0.010165697123714925,-0.006462279050161578,0.007920491742438276,341.87
35.064,-0.0004918181818181664,0.01007569712371489,-0.006112279050161561,0.007660491742438294,341.87
35.068,-0.0009218181818182079,0.009645697123714905,-0.005862279050161588,0.007580491742438325,341.87
35.072,-0.0012618181818181593,0.009565697123714936,-0.005692279050161585,0.007320491742438287,341.87
35.076,-0.0016018181818181663,0.009565697123714936,-0.005342279050161568,0.007240491742438318,341.87
35.08,-0.0018618181818182043,0.009305697123714898,-0.005092279050161595,0.007150491742438284,341.87
35.084,-0.0022018181818181555,0.009055697123714925,-0.004752279050161588,0.006810491742438277,341.87
35.088,-0.0025418181818181625,0.008795697123714887,-0.004492279050161606,0.006550491742438294,341.87
35.092,-0.002971818181818204,0.008795697123714887,-0.004152279050161599,0.006380491742438291,341.87
35.096,-0.0033118181818181554,0.00862569712371494,-0.003722279050161558,0.006120491742438308,341.87
35.1,-0.0036518181818181623,0.008285697123714932,-0.003292279050161572,0.005950491742438305,341.87
35.104,-0.0039118181818182,0.008025697123714894,-0.0030422790501615994,0.005700491742438277,341.87
35.108,-0.004251818181818207,0.008025697123714894,-0.002872279050161596,0.005530491742438273,341.87
35.112,-0.004591818181818159,0.007935697123714915,-0.002522279050161579,0.005180491742438312,341.87
35.116,-0.004851818181818197,0.007765697123714911,-0.002182279050161572,0.004930491742438284,341.87
35.12,-0.0050218181818182,0.007425697123714904,-0.001752279050161586,0.0047604917424382805,341.87
35.124,-0.005361818181818207,0.0071756971237149315,-0.0014122790501615791,0.004500491742438298,341.87
35.128,-0.00562181818181819,0.007085697123714897,-0.0011622790501616066,0.0043304917424382946,341.87
35.132,-0.005871818181818162,0.00674569712371489,-0.0008122790501615896,0.0039004917424383086,341.87
35.136,-0.0063018181818182036,0.006485697123714908,-0.0004722790501615826,0.0035604917424383016,341.87
35.14,-0.006641818181818155,0.006315697123714904,-0.00013227905016157564,0.003390491742438298,341.87
35.144,-0.0067318181818181895,0.005975697123714897,0.0002977209498384103,0.003050491742438291,341.87
35.148,-0.006991818181818172,0.005545697123714911,0.0005477209498384383,0.0026204917424383052,341.87
35.152,-0.007331818181818179,0.005115697123714925,0.0008077209498384208,0.0023604917424383228,341.87
35.156,-0.007581818181818207,0.004865697123714897,0.0012377209498384066,0.0021904917424383193,341.87
35.16,-0.00784181818181819,0.004605697123714915,0.001657720949838438,0.0018504917424383121,341.87
35.164,-0.008011818181818193,0.004265697123714908,0.0020077209498383995,0.0015104917424383052,341.87
35.168,-0.0083518181818182,0.003925697123714901,0.0023477209498384065,0.0011704917424382982,341.87
35.172,-0.008781818181818186,0.0034956971237149153,0.0025977209498384344,0.0010004917424382947,341.87
35.176,-0.008781818181818186,0.0031556971237149084,0.002857720949838417,0.0006504917424382777,341.87
35.18,-0.008781818181818186,0.002985697123714905,0.003197720949838424,0.0004004917424383053,341.87
35.184,-0.009041818181818168,0.002645697123714898,0.003537720949838431,0.00014049174243832284,341.87
35.188,-0.009121818181818193,0.002215697123714912,0.0038877209498383923,-0.00019950825756168413,341.87
35.192,-0.009381818181818175,0.001785697123714926,0.004137720949838421,-0.00045950825756172213,341.87
35.196,-0.009551818181818179,0.00135569712371494,0.004477720949838428,-0.0005395082575616911,341.87
35.2,-0.009811818181818161,0.0009356971237149085,0.004907720949838414,-0.0009695082575616771,341.87
35.204,-0.009811818181818161,0.0005056971237149226,0.005167720949838396,-0.0014795082575616875,341.87
35.208,-0.009981818181818165,0.00016569712371491561,0.0053377209498383996,-0.0017395082575617255,341.87
35.212,-0.010321818181818172,-0.00026430287628507034,0.0056777209498384065,-0.0018195082575616945,341.87
35.216,-0.010491818181818175,-0.0006043028762850773,0.005937720949838389,-0.00224950825756168,341.87
35.22,-0.010401818181818196,-0.0006943028762851118,0.0061077209498383925,-0.002589508257561687,341.87
35.224,-0.010321818181818172,-0.0011143028762850876,0.0063577209498384205,-0.0026795082575617217,341.87
35.228,-0.010491818181818175,-0.0015443028762850736,0.006617720949838403,-0.003019508257561673,341.87
35.232,-0.011001818181818186,-0.0018843028762850805,0.006877720949838441,-0.003279508257561711,341.87
35.236,-0.011091818181818165,-0.0022343028762850975,0.007047720949838389,-0.0034495082575617146,341.87
35.24,-0.011091818181818165,-0.0026543028762850735,0.007387720949838396,-0.0037895082575617215,341.87
35.244,-0.011091818181818165,-0.0030843028762850594,0.007647720949838434,-0.004129508257561673,341.87
35.248,-0.011091818181818165,-0.0033443028762850974,0.007817720949838437,-0.0042995082575616765,341.87
35.252,-0.010921818181818161,-0.00359430287628507,0.00806772094983841,-0.0046395082575616834,341.87
35.256,-0.010751818181818158,-0.003944302876285087,0.008157720949838389,-0.0049895082575617,341.87
35.26,-0.010751818181818158,-0.004284302876285094,0.008417720949838427,-0.005159508257561704,341.87
35.264,-0.010751818181818158,-0.00470430287628507,0.008497720949838396,-0.005409508257561676,341.87
35.268,-0.010751818181818158,-0.005134302876285112,0.008497720949838396,-0.00557950825756168,341.87
35.272,-0.010751818181818158,-0.005474302876285063,0.008497720949838396,-0.005929508257561697,341.87
35.276,-0.010751818181818158,-0.005734302876285101,0.008497720949838396,-0.006179508257561725,341.87
35.28,-0.010831818181818182,-0.006074302876285108,0.00858772094983843,-0.006439508257561707,341.87
35.284,-0.010661818181818179,-0.0063343028762850905,0.008927720949838437,-0.00669950825756169,341.87
35.288,-0.010321818181818172,-0.0064143028762850595,0.00917772094983841,-0.006869508257561693,341.87
35.292,-0.010321818181818172,-0.0067643028762850764,0.009267720949838389,-0.007119508257561721,341.87
35.296,-0.010231818181818193,-0.007184302876285108,0.009357720949838423,-0.007379508257561704,341.87
35.3,-0.009981818181818165,-0.00744430287628509,0.009527720949838427,-0.007889508257561715,341.87
35.304,-0.009981818181818165,-0.007704302876285073,0.009777720949838399,-0.008059508257561718,341.87
35.308,-0.009891818181818186,-0.0079543028762851,0.009777720949838399,-0.008319508257561701,341.87
35.312,-0.009551818181818179,-0.008124302876285103,0.009777720949838399,-0.00840950825756168,341.87
35.316,-0.0094618181818182,-0.008474302876285065,0.009777720949838399,-0.008489508257561704,341.87
35.32,-0.009381818181818175,-0.008724302876285093,0.009777720949838399,-0.008749508257561687,341.87
35.324,-0.009211818181818172,-0.008814302876285072,0.009867720949838434,-0.008829508257561711,341.87
35.328,-0.009041818181818168,-0.0090643028762851,0.010127720949838416,-0.009089508257561694,341.87
35.332,-0.008781818181818186,-0.009324302876285082,0.01020772094983844,-0.009169508257561718,341.87
35.336,-0.008611818181818182,-0.009754302876285068,0.01020772094983844,-0.009259508257561697,341.87
35.34,-0.008271818181818175,-0.009834302876285093,0.010127720949838416,-0.009349508257561676,341.87
35.344,-0.007931818181818168,-0.009834302876285093,0.010037720949838437,-0.00951950825756168,341.87
35.348,-0.007751818181818155,-0.010094302876285075,0.009777720949838399,-0.009599508257561704,341.87
35.352,-0.007411818181818203,-0.0101743028762851,0.009777720949838399,-0.009689508257561683,341.87
35.356,-0.0070718181818181965,-0.010354302876285113,0.009777720949838399,-0.009769508257561708,341.87
35.36,-0.006991818181818172,-0.010774302876285089,0.009777720949838399,-0.009859508257561687,341.87
35.364,-0.006641818181818155,-0.010864302876285068,0.009777720949838399,-0.009939508257561711,341.87
35.368,-0.0063018181818182036,-0.010944302876285093,0.009867720949838434,-0.01002950825756169,341.87
35.372,-0.006051818181818176,-0.010944302876285093,0.009777720949838399,-0.01002950825756169,341.87
35.376,-0.005701818181818159,-0.010944302876285093,0.009527720949838427,-0.01002950825756169,341.87
35.38,-0.005361818181818207,-0.011204302876285075,0.009437720949838392,-0.01002950825756169,341.87
35.384,-0.0050218181818182,-0.01129430287628511,0.009267720949838389,-0.009939508257561711,341.87
35.388,-0.004851818181818197,-0.01129430287628511,0.009007720949838406,-0.01002950825756169,341.87
35.392,-0.00451181818181819,-0.01129430287628511,0.009007720949838406,-0.01002950825756169,341.87
35.396,-0.004081818181818204,-0.01129430287628511,0.00909772094983844,-0.01002950825756169,341.87
35.4,-0.003741818181818197,-0.01129430287628511,0.0086677209498384,-0.009939508257561711,341.87
35.404,-0.003481818181818159,-0.01129430287628511,0.00858772094983843,-0.009939508257561711,341.87
35.408,-0.0032318181818181864,-0.01129430287628511,0.008417720949838427,-0.009939508257561711,341.87
35.412,-0.0028818181818181694,-0.011204302876285075,0.008157720949838389,-0.009689508257561683,341.87
35.416,-0.002631818181818197,-0.010944302876285093,0.00806772094983841,-0.009689508257561683,341.87
35.42,-0.0021118181818181765,-0.010944302876285093,0.007897720949838406,-0.009599508257561704,341.87
35.424,-0.0016918181818182008,-0.010774302876285089,0.007897720949838406,-0.009689508257561683,341.87
35.428,-0.0014318181818181628,-0.010524302876285061,0.007647720949838434,-0.00951950825756168,341.87
35.432,-0.0012618181818181593,-0.010524302876285061,0.007297720949838417,-0.009259508257561697,341.87
35.436,-0.0009218181818182079,-0.010434302876285082,0.007047720949838389,-0.009259508257561697,341.87
35.44,-0.0004918181818181664,-0.0101743028762851,0.006877720949838441,-0.009169508257561718,341.87
35.444,-0.00015181818181815945,-0.010094302876285075,0.0064477209498383994,-0.00891950825756169,341.87
35.448,0.0002781818181818265,-0.010004302876285096,0.0061077209498383925,-0.008749508257561687,341.87
35.452,0.0007081818181818124,-0.009754302876285068,0.0060177209498384135,-0.008489508257561704,341.87
35.456,0.0010481818181818194,-0.00966430287628509,0.005767720949838441,-0.00840950825756168,341.87
35.46,0.0012981818181817919,-0.009584302876285065,0.0055977209498384375,-0.008319508257561701,341.87
35.464,0.0016481818181818088,-0.009324302876285082,0.005247720949838421,-0.008059508257561718,341.87
35.468,0.001988181818181816,-0.009234302876285103,0.004997720949838393,-0.007889508257561715,341.87
35.472,0.002328181818181823,-0.008984302876285075,0.004827720949838389,-0.007549508257561707,341.87
35.476,0.00266818181818183,-0.008814302876285072,0.004397720949838403,-0.007289508257561725,341.87
35.48,0.0029281818181818124,-0.00855430287628509,0.004057720949838396,-0.007119508257561721,341.87
35.484,0.0032681818181818194,-0.008384302876285086,0.0038877209498383923,-0.006869508257561693,341.87
35.488,0.0036181818181818363,-0.008124302876285103,0.003547720949838441,-0.00668950825756168,341.87
35.492,0.003858181818181799,-0.007874302876285075,0.0031077209498383894,-0.006359508257561683,341.87
35.496,0.004128181818181791,-0.007524302876285059,0.002867720949838427,-0.00608950825756169,341.87
35.5,0.004458181818181844,-0.007284302876285097,0.0026777209498384034,-0.005849508257561728,341.87
35.504,0.00489818181818184,-0.007184302876285108,0.0023577209498384165,-0.005489508257561701,341.88
35.508,0.005308181818181806,-0.006854302876285111,0.0019977209498383895,-0.005079508257561679,341.88
35.512,0.005588181818181808,-0.006494302876285084,0.001757720949838427,-0.004719508257561708,341.88
35.516,0.005828181818181826,-0.0063443028762851005,0.001657720949838438,-0.0046495082575616934,341.88
35.52,0.006178181818181843,-0.0059843028762850735,0.0011577209498384376,-0.0042095082575616975,341.88
35.524,0.0063381818181818365,-0.005744302876285111,0.0007177209498384418,-0.003799508257561676,341.88
35.528,0.0065281818181818045,-0.005554302876285088,0.0003877209498383893,-0.0034395082575617046,341.88
35.532,0.0068481818181817915,-0.005144302876285066,0.00019772094983842132,-0.0031995082575616866,341.88
35.536,0.0072081818181818184,-0.00470430287628507,0.00021772094983844132,-0.0030095082575617186,341.88
35.54,0.007448181818181836,-0.004464302876285108,-5.227905016160666e-05,-0.002689508257561676,341.88
35.544,0.007718181818181829,-0.004184302876285105,-0.0005522790501616071,-0.0021595082575617012,341.88
35.548,0.007788181818181843,-0.0038643028762850623,-0.0012522790501615856,-0.00174950825756168,341.88
35.552,0.008148181818181815,-0.00359430287628507,-0.0015822790501615826,-0.0013895082575617085,341.88
35.556,0.008478181818181812,-0.003174302876285094,-0.0016822790501615716,-0.0011495082575616905,341.88
35.56,0.008658181818181825,-0.002824302876285077,-0.0019222790501615896,-0.0008795082575616981,341.88
35.564,0.008898181818181843,-0.002584302876285059,-0.002532279050161589,-0.0005495082575617011,341.88
35.568,0.009088181818181811,-0.0022243028762850875,-0.002862279050161586,-0.00027950825756170865,341.88
35.572,0.00932818181818183,-0.001814302876285066,-0.003302279050161582,0.00022049174243829182,341.88
35.576,0.009518181818181797,-0.0014543028762850946,-0.003632279050161579,0.0006604917424382877,341.88
35.58,0.009588181818181812,-0.0010443028762850731,-0.0039022790501615713,0.0010704917424383092,341.88
35.584,0.0096881818181818,-0.0006843028762851018,-0.004232279050161568,0.0014304917424382807,341.88
35.588,0.009928181818181819,-0.0006143028762850873,-0.004672279050161564,0.0015004917424382952,341.88
35.592,0.010198181818181811,-0.00025430287628506033,-0.004992279050161606,0.0018604917424383221,341.88
35.596,0.010358181818181805,0.0001556971237149056,-0.005102279050161605,0.0021804917424383093,341.88
35.6,0.010538181818181818,0.0005956971237149016,-0.005422279050161592,0.0026304917424383152,341.88
35.604,0.010528181818181808,0.0009256971237148985,-0.005782279050161564,0.002950491742438302,341.88
35.608,0.010538181818181818,0.0011156971237149221,-0.006022279050161582,0.0031404917424383257,341.88
35.612,0.010778181818181836,0.00135569712371494,-0.006292279050161574,0.0034704917424383227,341.88
35.616,0.011058181818181839,0.001795697123714936,-0.006622279050161571,0.003910491742438319,341.88
35.62,0.011118181818181843,0.002205697123714902,-0.006982279050161598,0.0042404917424383156,341.88
35.624,0.010968181818181804,0.002565697123714929,-0.007302279050161585,0.004590491742438277,341.88
35.628,0.010698181818181812,0.0027156971237149124,-0.0074922790501616085,0.004830491742438295,341.88
35.632,0.010618181818181843,0.0030656971237149294,-0.007742279050161581,0.005180491742438312,341.88
35.636,0.010528181818181808,0.0034056971237149364,-0.008092279050161598,0.005520491742438319,341.88
35.64,0.010538181818181818,0.0038356971237149223,-0.008252279050161591,0.005700491742438277,341.88
35.644,0.010608181818181833,0.004085697123714894,-0.008512279050161574,0.006030491742438274,341.88
35.648,0.010618181818181843,0.004355697123714887,-0.008762279050161602,0.006300491742438322,341.88
35.652,0.010608181818181833,0.004685697123714939,-0.009032279050161594,0.006370491742438281,341.88
35.656,0.010538181818181818,0.005115697123714925,-0.009192279050161588,0.006720491742438298,341.88
35.66,0.010528181818181808,0.005455697123714932,-0.009372279050161601,0.007060491742438305,341.88
35.664,0.010618181818181843,0.005545697123714911,-0.009362279050161591,0.007320491742438287,341.88
35.668,0.010608181818181833,0.005795697123714939,-0.009542279050161605,0.007570491742438315,341.88
35.672,0.010448181818181839,0.006235697123714935,-0.009622279050161574,0.007750491742438273,341.88
35.676,0.010268181818181826,0.006475697123714898,-0.009882279050161612,0.0080004917424383,341.88
35.68,0.010278181818181836,0.0068256971237149145,-0.009872279050161602,0.00809049174243828,341.88
35.684,0.010438181818181829,0.007075697123714887,-0.01005227905016156,0.008340491742438307,341.88
35.688,0.010278181818181836,0.0071756971237149315,-0.010302279050161588,0.008430491742438286,341.88
35.692,0.010098181818181822,0.007415697123714894,-0.010312279050161598,0.00859049174243828,341.88
35.696,0.009848181818181794,0.0076856971237148864,-0.010392279050161567,0.008770491742438293,341.88
35.7,0.00983818181818184,0.00801569712371494,-0.010482279050161601,0.008770491742438293,341.88
35.704,0.009768181818181825,0.008365697123714901,-0.010642279050161595,0.008860491742438272,341.88
35.708,0.009498181818181833,0.008525697123714895,-0.010652279050161605,0.008940491742438297,341.88
35.712,0.009248181818181805,0.008705697123714908,-0.010642279050161595,0.009030491742438276,341.88
35.716,0.008898181818181843,0.008875697123714912,-0.010742279050161584,0.009190491742438325,341.88
35.72,0.008648181818181815,0.009135697123714894,-0.010732279050161574,0.009370491742438283,341.88
35.724,0.008478181818181812,0.009295697123714888,-0.010742279050161584,0.00962049174243831,341.88
35.728,0.008138181818181805,0.009565697123714936,-0.010732279050161574,0.00971049174243829,341.88
35.732,0.007788181818181843,0.009645697123714905,-0.010742279050161584,0.00971049174243829,341.88
35.736,0.007708181818181819,0.009645697123714905,-0.010642279050161595,0.00963049174243832,341.88
35.74,0.007358181818181802,0.009645697123714905,-0.010742279050161584,0.00962049174243831,341.88
35.744,0.0068581818181818015,0.009645697123714905,-0.010642279050161595,0.00963049174243832,341.88
35.748,0.00650818181818184,0.009895697123714933,-0.010652279050161605,0.00971049174243829,341.88
35.752,0.006348181818181791,0.009995697123714922,-0.010732279050161574,0.00963049174243832,341.88
35.756,0.00599818181818183,0.009985697123714912,-0.010652279050161605,0.00962049174243831,341.88
35.76,0.005658181818181823,0.01007569712371489,-0.010642279050161595,0.00971049174243829,341.88
35.764,0.00539818181818184,0.010325697123714919,-0.010482279050161601,0.00971049174243829,341.88
35.768,0.005148181818181812,0.010415697123714898,-0.010302279050161588,0.00963049174243832,341.88
35.772,0.004798181818181795,0.010405697123714888,-0.010142279050161594,0.00962049174243831,341.88
35.776,0.004468181818181798,0.010415697123714898,-0.009792279050161577,0.00963049174243832,341.88
35.78,0.003948181818181833,0.010415697123714898,-0.009792279050161577,0.00971049174243829,341.88
35.784,0.0036081818181818263,0.010505697123714932,-0.009622279050161574,0.00971049174243829,341.88
35.788,0.003438181818181823,0.010505697123714932,-0.00945227905016157,0.009540491742438286,341.88
35.792,0.003098181818181816,0.010585697123714901,-0.009112279050161563,0.009290491742438314,341.88
35.796,0.002758181818181809,0.010585697123714901,-0.00885227905016158,0.00920049174243828,341.88
35.8,0.002418181818181802,0.010415697123714898,-0.008682279050161577,0.00912049174243831,341.88
35.804,0.0018981818181818368,0.010415697123714898,-0.00834227905016157,0.00920049174243828,341.88
35.808,0.0014781818181818054,0.010505697123714932,-0.007992279050161609,0.008940491742438297,341.88
35.812,0.0012981818181817919,0.010765697123714914,-0.007742279050161581,0.008940491742438297,341.88
35.816,0.001128181818181844,0.010765697123714914,-0.007402279050161574,0.008770491742438293,341.88
35.82,0.0007081818181818124,0.010505697123714932,-0.0071422790501615915,0.00852049174243832,341.88
35.824,0.0002781818181818265,0.01007569712371489,-0.007052279050161557,0.008430491742438286,341.88
35.828,-6.181818181818046e-05,0.01007569712371489,-0.006712279050161606,0.008350491742438317,341.88
35.832,-0.0004918181818181664,0.010165697123714925,-0.006372279050161599,0.0080004917424383,341.88
35.836,-0.0009218181818182079,0.009815697123714908,-0.006112279050161561,0.007750491742438273,341.88
35.84,-0.0011718181818181803,0.009645697123714905,-0.005772279050161609,0.007580491742438325,341.88
35.844,-0.0013418181818181838,0.009475697123714901,-0.005342279050161568,0.007490491742438291,341.88
35.848,-0.0016918181818182008,0.009225697123714929,-0.005092279050161595,0.007240491742438318,341.88
35.852,-0.0021118181818181765,0.009055697123714925,-0.004922279050161592,0.007150491742438284,341.88
35.856,-0.0025418181818181625,0.008875697123714912,-0.004582279050161585,0.006890491742438301,341.88
35.86,-0.002971818181818204,0.008875697123714912,-0.004232279050161568,0.006720491742438298,341.88
35.864,-0.0032318181818181864,0.008535697123714905,-0.0038922790501615613,0.006470491742438325,341.88
35.868,-0.00340181818181819,0.008365697123714901,-0.003722279050161558,0.006300491742438322,341.88
35.872,-0.003741818181818197,0.008195697123714898,-0.0033822790501616064,0.006040491742438284,341.88
35.876,-0.004081818181818204,0.008115697123714929,-0.002952279050161565,0.00587049174243828,341.88
35.88,-0.004421818181818155,0.0075956971237149075,-0.002522279050161579,0.005530491742438273,341.88
35.884,-0.004591818181818159,0.0075156971237149385,-0.002102279050161603,0.005270491742438291,341.88
35.888,-0.004931818181818166,0.0075156971237149385,-0.001842279050161565,0.0051004917424382875,341.88
35.892,-0.005361818181818207,0.0071756971237149315,-0.0015822790501615826,0.0047604917424382805,341.88
35.896,-0.00562181818181819,0.0069156971237148935,-0.0012422790501615756,0.0044204917424382735,341.88
35.9,-0.005871818181818162,0.006655697123714911,-0.0008122790501615896,0.0042404917424383156,341.88
35.904,-0.006221818181818179,0.006315697123714904,-0.0003922790501615581,0.0039004917424383086,341.88
35.908,-0.006471818181818207,0.006055697123714922,-5.227905016160666e-05,0.0035604917424383016,341.88
35.912,-0.0067318181818181895,0.005805697123714894,0.00020772094983843132,0.003300491742438319,341.88
35.916,-0.0070718181818181965,0.005465697123714887,0.0003777209498384348,0.003050491742438291,341.88
35.92,-0.007331818181818179,0.005115697123714925,0.0007177209498384418,0.0027104917424382842,341.88
35.924,-0.007501818181818182,0.004775697123714918,0.0011477209498384276,0.0022804917424382983,341.88
35.928,-0.007751818181818155,0.00452569712371489,0.0015777209498384136,0.002020491742438316,341.88
35.932,-0.007931818181818168,0.004175697123714929,0.0020077209498383995,0.0017704917424382876,341.88
35.936,-0.008271818181818175,0.0038356971237149223,0.0022577209498384275,0.0014204917424383262,341.88
35.94,-0.008521818181818203,0.0034956971237149153,0.002427720949838431,0.0011704917424382982,341.88
35.944,-0.008781818181818186,0.0031556971237149084,0.002767720949838438,0.0010004917424382947,341.88
35.948,-0.009041818181818168,0.002985697123714905,0.003287720949838403,0.0006504917424382777,341.88
35.952,-0.009211818181818172,0.002645697123714898,0.00362772094983841,0.0003104917424383263,341.88
35.956,-0.0094618181818182,0.002125697123714933,0.003717720949838389,-2.9508257561680645e-05,341.88
35.96,-0.0094618181818182,0.0017056971237149015,0.003967720949838417,-0.00019950825756168413,341.88
35.964,-0.009641818181818158,0.00135569712371494,0.004397720949838403,-0.0005395082575616911,341.88
35.968,-0.009891818181818186,0.0010156971237149331,0.004567720949838407,-0.0009695082575616771,341.88
35.972,-0.010061818181818189,0.0006756971237149261,0.004827720949838389,-0.001229508257561715,341.88
35.976,-0.010321818181818172,0.0004156971237148881,0.005247720949838421,-0.0013995082575617185,341.88
35.98,-0.010401818181818196,0.00016569712371491561,0.0055977209498384375,-0.0017395082575617255,341.88
35.984,-0.010401818181818196,-0.00026430287628507034,0.00584772094983841,-0.00224950825756168,341.88
35.988,-0.010401818181818196,-0.0006943028762851118,0.0060177209498384135,-0.002589508257561687,341.88
35.992,-0.010661818181818179,-0.0010343028762850631,0.0061077209498383925,-0.0027595082575616907,341.88
35.996,-0.010661818181818179,-0.0014643028762851046,0.0063577209498384205,-0.0031095082575617076,341.88
36.0,-0.010661818181818179,-0.0018043028762851116,0.006617720949838403,-0.0034495082575617146,341.88
36.004,-0.010661818181818179,-0.0019743028762850595,0.00695772094983841,-0.003699508257561687,341.88
36.008,-0.010661818181818179,-0.0023143028762850665,0.007127720949838413,-0.0038795082575617005,341.88
36.012,-0.010661818181818179,-0.0026543028762850735,0.007387720949838396,-0.004129508257561673,341.88
36.016,-0.010661818181818179,-0.0030843028762850594,0.007727720949838403,-0.004389508257561711,341.88
36.02,-0.010661818181818179,-0.003514302876285101,0.007897720949838406,-0.004729508257561718,341.88
36.024,-0.010661818181818179,-0.003854302876285108,0.00806772094983841,-0.005069508257561725,341.88
36.028,-0.010661818181818179,-0.003944302876285087,0.008237720949838413,-0.005329508257561707,341.88
36.032,-0.010661818181818179,-0.004364302876285063,0.008497720949838396,-0.005499508257561711,341.88
36.036,-0.010661818181818179,-0.004794302876285105,0.008497720949838396,-0.005759508257561693,341.88
36.04,-0.010661818181818179,-0.005054302876285087,0.00858772094983843,-0.006009508257561721,341.88
36.044,-0.010661818181818179,-0.00530430287628506,0.008837720949838403,-0.006269508257561704,341.88
36.048,-0.010661818181818179,-0.0056443028762850666,0.009007720949838406,-0.006439508257561707,341.88
36.052,-0.010661818181818179,-0.0059943028762850835,0.009357720949838423,-0.006609508257561711,341.88
36.056,-0.01058181818181821,-0.0062443028762851115,0.009437720949838392,-0.006779508257561714,341.88
36.06,-0.010401818181818196,-0.0064143028762850595,0.009437720949838392,-0.007119508257561721,341.88
36.064,-0.010401818181818196,-0.0067643028762850764,0.009437720949838392,-0.007379508257561704,341.88
36.068,-0.010231818181818193,-0.007104302876285083,0.009437720949838392,-0.007889508257561715,341.88
36.072,-0.009981818181818165,-0.007354302876285111,0.009357720949838423,-0.008059508257561718,341.88
36.076,-0.009891818181818186,-0.007704302876285073,0.009357720949838423,-0.008319508257561701,341.88
36.08,-0.009891818181818186,-0.0079543028762851,0.00969772094983843,-0.008489508257561704,341.88
36.084,-0.009641818181818158,-0.008124302876285103,0.009867720949838434,-0.008659508257561708,341.88
36.088,-0.009551818181818179,-0.008384302876285086,0.009867720949838434,-0.008749508257561687,341.88
36.092,-0.009381818181818175,-0.00855430287628509,0.009777720949838399,-0.008829508257561711,341.88
36.096,-0.009121818181818193,-0.008814302876285072,0.009777720949838399,-0.009089508257561694,341.88
36.1,-0.009041818181818168,-0.008984302876285075,0.009777720949838399,-0.009169508257561718,341.88
36.104,-0.008611818181818182,-0.009234302876285103,0.009777720949838399,-0.009259508257561697,341.88
36.108,-0.008271818181818175,-0.009324302876285082,0.009867720949838434,-0.00951950825756168,341.88
36.112,-0.008181818181818196,-0.009584302876285065,0.009777720949838399,-0.009689508257561683,341.88
36.116,-0.007931818181818168,-0.009754302876285068,0.009777720949838399,-0.009689508257561683,341.88
36.12,-0.00784181818181819,-0.009834302876285093,0.009777720949838399,-0.009689508257561683,341.88
36.124,-0.007411818181818203,-0.010094302876285075,0.009777720949838399,-0.009599508257561704,341.88
36.128,-0.0070718181818181965,-0.010354302876285113,0.009777720949838399,-0.009599508257561704,341.88
36.132,-0.006901818181818193,-0.010604302876285086,0.009777720949838399,-0.009769508257561708,341.88
36.136,-0.006561818181818186,-0.010864302876285068,0.009777720949838399,-0.01002950825756169,341.88
36.14,-0.006221818181818179,-0.010864302876285068,0.009607720949838396,-0.01002950825756169,341.88
36.144,-0.005871818181818162,-0.010864302876285068,0.009357720949838423,-0.01002950825756169,341.88
36.148,-0.00562181818181819,-0.010944302876285093,0.009357720949838423,-0.009939508257561711,341.88
36.152,-0.005281818181818183,-0.010944302876285093,0.009357720949838423,-0.01002950825756169,341.88
36.156,-0.0050218181818182,-0.011034302876285072,0.009267720949838389,-0.01002950825756169,341.88
36.16,-0.004681818181818193,-0.01129430287628511,0.009007720949838406,-0.01002950825756169,341.88
36.164,-0.00451181818181819,-0.01129430287628511,0.009007720949838406,-0.01002950825756169,341.88
36.168,-0.004171818181818183,-0.01129430287628511,0.008927720949838437,-0.01002950825756169,341.88
36.172,-0.003821818181818166,-0.011204302876285075,0.0086677209498384,-0.01002950825756169,341.88
36.176,-0.00340181818181819,-0.01129430287628511,0.008497720949838396,-0.01002950825756169,341.88
36.18,-0.003051818181818173,-0.01129430287628511,0.008237720949838413,-0.009939508257561711,341.88
36.184,-0.0028018181818182004,-0.011204302876285075,0.008237720949838413,-0.009689508257561683,341.88
36.188,-0.0024618181818181935,-0.010944302876285093,0.008237720949838413,-0.009689508257561683,341.88
36.192,-0.0021118181818181765,-0.010604302876285086,0.00806772094983841,-0.009689508257561683,341.88
36.196,-0.0016918181818182008,-0.010524302876285061,0.007727720949838403,-0.00951950825756168,341.88
36.2,-0.0013418181818181838,-0.010604302876285086,0.00747772094983843,-0.009259508257561697,341.88
36.204,-0.0010918181818181558,-0.010524302876285061,0.007297720949838417,-0.009089508257561694,341.88
36.208,-0.0007518181818182044,-0.010434302876285082,0.00695772094983841,-0.009089508257561694,341.88
36.212,-0.0004018181818181874,-0.0101743028762851,0.006707720949838437,-0.009089508257561694,341.88
36.216,1.8181818181844034e-05,-0.010094302876285075,0.0064477209498383994,-0.008829508257561711,341.88
36.22,0.0003581818181817955,-0.009924302876285072,0.006187720949838417,-0.008659508257561708,341.88
36.224,0.0007081818181818124,-0.009754302876285068,0.0060177209498384135,-0.008489508257561704,341.88
36.228,0.001128181818181844,-0.009754302876285068,0.0056777209498384065,-0.008319508257561701,341.88
36.232,0.0014781818181818054,-0.009584302876285065,0.005417720949838424,-0.008059508257561718,341.88
36.236,0.0017281818181818333,-0.009324302876285082,0.005247720949838421,-0.00780950825756169,341.88
36.24,0.0020681818181818405,-0.009154302876285079,0.004907720949838414,-0.007549508257561707,341.88
36.244,0.002418181818181802,-0.008894302876285096,0.004567720949838407,-0.007459508257561673,341.88
36.248,0.002758181818181809,-0.008724302876285093,0.004477720949838428,-0.007119508257561721,341.88
36.252,0.003098181818181816,-0.00855430287628509,0.004137720949838421,-0.006779508257561714,341.88
36.256,0.0033581818181817984,-0.008384302876285086,0.003717720949838389,-0.006609508257561711,341.88
36.26,0.0036981818181818053,-0.008124302876285103,0.0033677209498384274,-0.006349508257561673,341.88
36.264,0.004128181818181791,-0.0079543028762851,0.0031177209498383994,-0.006009508257561721,341.88
36.268,0.004298181818181795,-0.007614302876285094,0.002767720949838438,-0.005839508257561718,341.88
36.272,0.004468181818181798,-0.007354302876285111,0.002427720949838431,-0.005499508257561711,341.88
36.276,0.004808181818181805,-0.007184302876285108,0.002177720949838403,-0.005239508257561673,341.88
36.28,0.005148181818181812,-0.006844302876285101,0.0019177209498384205,-0.0049895082575617,341.88
36.284,0.005578181818181798,-0.006504302876285094,0.001657720949838438,-0.0046395082575616834,341.88
36.288,0.00600818181818184,-0.0063343028762850905,0.0014877209498384346,-0.0042195082575617075,341.88
36.292,0.006258181818181812,-0.0059943028762850835,0.0008877209498383897,-0.0038795082575617005,341.88
36.296,0.006598181818181819,-0.005564302876285098,0.0004677209498384138,-0.0037895082575617215,341.88
36.3,0.0068581818181818015,-0.00530430287628506,0.0003777209498384348,-0.0035295082575616836,341.88
36.304,0.006948181818181836,-0.005054302876285087,0.00012772094983840682,-0.003019508257561673,341.88
36.308,0.007288181818181843,-0.00470430287628507,-0.0003922790501615581,-0.002589508257561687,341.88
36.312,0.007628181818181794,-0.004454302876285098,-0.0006422790501615861,-0.0023395082575617147,341.88
36.316,0.007888181818181832,-0.003944302876285087,-0.0010722790501615721,-0.00224950825756168,341.88
36.32,0.008138181818181805,-0.00359430287628507,-0.0014122790501615791,-0.0018195082575616945,341.88
36.324,0.00822818181818184,-0.0034243028762850664,-0.0016722790501615616,-0.0013995082575617185,341.88
36.328,0.008478181818181812,-0.0030843028762850594,-0.001842279050161565,-0.0010495082575617016,341.88
36.332,0.008828181818181829,-0.0026543028762850735,-0.0022722790501616065,-0.0006295082575617256,341.88
36.336,0.008998181818181832,-0.0023143028762850665,-0.002872279050161596,-0.00028950825756171865,341.88
36.34,0.009248181818181805,-0.002064302876285094,-0.003212279050161603,-0.00010950825756170514,341.88
36.344,0.009418181818181808,-0.001714302876285077,-0.00355227905016161,0.00023049174243830182,341.88
36.348,0.00967818181818179,-0.0012043028762850666,-0.0038922790501615613,0.0007404917424383122,341.88
36.352,0.009768181818181825,-0.0009443028762850843,-0.004152279050161599,0.0011704917424382982,341.88
36.356,0.009848181818181794,-0.0006043028762850773,-0.004492279050161606,0.0014204917424383262,341.88
36.36,0.010108181818181832,-0.00017430287628509135,-0.004832279050161557,0.0017704917424382876,341.88
36.364,0.010278181818181836,0.0002456971237149401,-0.005092279050161595,0.001940491742438291,341.88
36.368,0.010538181818181818,0.0005056971237149226,-0.005432279050161602,0.0022804917424382983,341.88
36.372,0.010618181818181843,0.0008456971237149295,-0.005772279050161609,0.0026204917424383052,341.88
36.376,0.010618181818181843,0.0010156971237149331,-0.006112279050161561,0.002960491742438312,341.88
36.38,0.010618181818181843,0.00135569712371494,-0.006282279050161564,0.0032204917424382947,341.88
36.384,0.010708181818181822,0.001875697123714905,-0.006542279050161602,0.0035604917424383016,341.88
36.388,0.010708181818181822,0.0022956971237149365,-0.006882279050161609,0.0039004917424383086,341.88
36.392,0.010708181818181822,0.002555697123714919,-0.007052279050161557,0.004160491742438291,341.88
36.396,0.010958181818181794,0.002895697123714926,-0.007402279050161574,0.0044204917424382735,341.88
36.4,0.010958181818181794,0.0031556971237149084,-0.007742279050161581,0.004840491742438305,341.88
36.404,0.010958181818181794,0.0034956971237149153,-0.007912279050161584,0.005270491742438291,341.88
36.408,0.010958181818181794,0.003925697123714901,-0.008162279050161557,0.005530491742438273,341.88
36.412,0.010958181818181794,0.004265697123714908,-0.00834227905016157,0.005610491742438298,341.88
36.416,0.010958181818181794,0.004435697123714911,-0.008682279050161577,0.005950491742438305,341.88
36.42,0.010878181818181825,0.004695697123714894,-0.008932279050161605,0.006210491742438287,341.88
36.424,0.010708181818181822,0.005035697123714901,-0.009022279050161584,0.006470491742438325,341.88
36.428,0.010618181818181843,0.005295697123714939,-0.009112279050161563,0.006810491742438277,341.88
36.432,0.010538181818181818,0.005545697123714911,-0.009282279050161567,0.007060491742438305,341.88
36.436,0.010538181818181818,0.005885697123714918,-0.009282279050161567,0.007320491742438287,341.88
36.44,0.010538181818181818,0.006145697123714901,-0.009362279050161591,0.007580491742438325,341.88
36.444,0.010538181818181818,0.006405697123714939,-0.00945227905016157,0.007750491742438273,341.88
36.448,0.010358181818181805,0.00674569712371489,-0.009702279050161598,0.0080004917424383,341.88
36.452,0.010358181818181805,0.006995697123714918,-0.009792279050161577,0.00809049174243828,341.88
36.456,0.010278181818181836,0.0071756971237149315,-0.009872279050161602,0.008350491742438317,341.88
36.46,0.010278181818181836,0.0075156971237149385,-0.00996227905016158,0.008350491742438317,341.88
36.464,0.010188181818181801,0.00785569712371489,-0.010222279050161563,0.008430491742438286,341.88
36.468,0.009938181818181829,0.008025697123714894,-0.010392279050161567,0.008690491742438324,341.88
36.472,0.009768181818181825,0.008285697123714932,-0.010392279050161567,0.008940491742438297,341.88
36.476,0.009508181818181843,0.008365697123714901,-0.010302279050161588,0.00920049174243828,341.88
36.48,0.00933818181818184,0.00862569712371494,-0.010392279050161567,0.00920049174243828,341.88
36.484,0.009078181818181801,0.008875697123714912,-0.010302279050161588,0.00920049174243828,341.88
36.488,0.008908181818181798,0.009135697123714894,-0.010302279050161588,0.009370491742438283,341.88
36.492,0.00856818181818179,0.009305697123714898,-0.010302279050161588,0.00963049174243832,341.88
36.496,0.00822818181818184,0.009565697123714936,-0.010302279050161588,0.00971049174243829,341.88
36.5,0.007968181818181801,0.009645697123714905,-0.010392279050161567,0.00971049174243829,341.88
36.504,0.007628181818181794,0.009565697123714936,-0.010642279050161595,0.00963049174243832,341.87
36.508,0.007288181818181843,0.009565697123714936,-0.010732279050161574,0.00963049174243832,341.87
36.512,0.007028181818181805,0.009565697123714936,-0.010732279050161574,0.00971049174243829,341.87
36.516,0.0068581818181818015,0.009735697123714939,-0.010642279050161595,0.009880491742438293,341.87
36.52,0.0065181818181817945,0.009995697123714922,-0.01056227905016157,0.010060491742438307,341.87
36.524,0.0060881818181818086,0.01007569712371489,-0.010302279050161588,0.010060491742438307,341.87
36.528,0.005828181818181826,0.010165697123714925,-0.010302279050161588,0.010060491742438307,341.87
36.532,0.005658181818181823,0.010335697123714929,-0.010302279050161588,0.010060491742438307,341.87
36.536,0.005318181818181816,0.010335697123714929,-0.010302279050161588,0.009970491742438272,341.87
36.54,0.00488818181818183,0.010415697123714898,-0.01005227905016156,0.00971049174243829,341.87
36.544,0.004378181818181819,0.010505697123714932,-0.009872279050161602,0.00963049174243832,341.87
36.548,0.004128181818181791,0.010505697123714932,-0.009702279050161598,0.00971049174243829,341.87
36.552,0.003948181818181833,0.010415697123714898,-0.009532279050161595,0.00963049174243832,341.87
36.556,0.0036081818181818263,0.010415697123714898,-0.009362279050161591,0.00963049174243832,341.87
36.56,0.0031781818181818404,0.010415697123714898,-0.008932279050161605,0.009540491742438286,341.87
36.564,0.0028381818181818334,0.010415697123714898,-0.00885227905016158,0.009290491742438314,341.87
36.568,0.0024981818181818265,0.010415697123714898,-0.008422279050161595,0.009290491742438314,341.87
36.572,0.002238181818181844,0.010415697123714898,-0.008252279050161591,0.009370491742438283,341.87
36.576,0.001988181818181816,0.010505697123714932,-0.007992279050161609,0.009030491742438276,341.87
36.58,0.0015581818181818299,0.010505697123714932,-0.007742279050161581,0.00852049174243832,341.87
36.584,0.001128181818181844,0.010335697123714929,-0.0074822790501615985,0.00852049174243832,341.87
36.588,0.0007081818181818124,0.01007569712371489,-0.007402279050161574,0.00860049174243829,341.87
36.592,0.0002781818181818265,0.01007569712371489,-0.006972279050161588,0.008430491742438286,341.87
36.596,1.8181818181844034e-05,0.01007569712371489,-0.006632279050161581,0.008350491742438317,341.87
36.6,-0.00032181818181816293,0.009995697123714922,-0.006462279050161578,0.00809049174243828,341.87
36.604,-0.0004918181818181664,0.009815697123714908,-0.006202279050161595,0.00809049174243828,341.87
36.608,-0.0008318181818181734,0.009735697123714939,-0.005942279050161557,0.007920491742438276,341.87
36.612,-0.0013418181818181838,0.009475697123714901,-0.005692279050161585,0.007660491742438294,341.87
36.616,-0.0017718181818181698,0.009225697123714929,-0.005342279050161568,0.007580491742438325,341.87
36.62,-0.0021118181818181765,0.009135697123714894,-0.005092279050161595,0.007320491742438287,341.87
36.624,-0.0024618181818181935,0.008875697123714912,-0.004752279050161588,0.007150491742438284,341.87
36.628,-0.002711818181818166,0.008705697123714908,-0.004492279050161606,0.006810491742438277,341.87
36.632,-0.002971818181818204,0.008455697123714936,-0.004152279050161599,0.006470491742438325,341.87
36.636,-0.0033118181818181554,0.008365697123714901,-0.0038122790501615923,0.006300491742438322,341.87
36.64,-0.003741818181818197,0.008285697123714932,-0.0033822790501616064,0.006040491742438284,341.87
36.644,-0.004081818181818204,0.008025697123714894,-0.0030422790501615994,0.00587049174243828,341.87
36.648,-0.004251818181818207,0.008025697123714894,-0.0027822790501615615,0.005610491742438298,341.87
36.652,-0.004591818181818159,0.00785569712371489,-0.00244227905016161,0.005530491742438273,341.87
36.656,-0.0050218181818182,0.0075156971237149385,-0.002182279050161572,0.005180491742438312,341.87
36.66,-0.005281818181818183,0.0072556971237149005,-0.001752279050161586,0.004930491742438284,341.87
36.664,-0.005531818181818155,0.007085697123714897,-0.0014122790501615791,0.0046704917424383015,341.87
36.668,-0.005871818181818162,0.00674569712371489,-0.0011622790501616066,0.0043304917424382946,341.87
36.672,-0.0061318181818182,0.006405697123714939,-0.0008122790501615896,0.003990491742438288,341.87
36.676,-0.0063018181818182036,0.006235697123714935,-0.0004722790501615826,0.0036504917424382806,341.87
36.68,-0.006641818181818155,0.005885697123714918,-5.227905016160666e-05,0.003390491742438298,341.87
36.684,-0.006901818181818193,0.00563569712371489,0.0002977209498384103,0.003050491742438291,341.87
36.688,-0.0070718181818181965,0.005375697123714908,0.0005477209498384383,0.0027104917424382842,341.87
36.692,-0.007501818181818182,0.005035697123714901,0.0008877209498383897,0.0023604917424383228,341.87
36.696,-0.00784181818181819,0.004605697123714915,0.0012377209498384066,0.0022804917424382983,341.87
36.7,-0.007931818181818168,0.004355697123714887,0.0015777209498384136,0.0018504917424383121,341.87
36.704,-0.008101818181818172,0.004175697123714929,0.0020077209498383995,0.0014204917424383262,341.87
36.708,-0.008271818181818175,0.0038356971237149223,0.0022577209498384275,0.0011704917424382982,341.87
36.712,-0.008521818181818203,0.0034956971237149153,0.00251772094983841,0.0009104917424383157,341.87
36.716,-0.008701818181818161,0.002985697123714905,0.002857720949838417,0.0005704917424383088,341.87
36.72,-0.00895181818181819,0.002645697123714898,0.003287720949838403,0.0003104917424383263,341.87
36.724,-0.009211818181818172,0.002555697123714919,0.003717720949838389,0.00014049174243832284,341.87
36.728,-0.0094618181818182,0.002215697123714912,0.003967720949838417,-0.00019950825756168413,341.87
36.732,-0.009551818181818179,0.001875697123714905,0.004137720949838421,-0.0006295082575617256,341.87
36.736,-0.009811818181818161,0.001445697123714919,0.004477720949838428,-0.0008795082575616981,341.87
36.74,-0.009811818181818161,0.0010156971237149331,0.004827720949838389,-0.0010495082575617016,341.87
36.744,-0.009891818181818186,0.0005856971237148916,0.005167720949838396,-0.0013995082575617185,341.87
36.748,-0.009981818181818165,0.00016569712371491561,0.0053377209498383996,-0.0018195082575616945,341.87
36.752,-0.010061818181818189,-9.430287628506685e-05,0.0056777209498384065,-0.0020795082575616767,341.87
36.756,-0.010401818181818196,-0.00026430287628507034,0.0060177209498384135,-0.0023395082575617147,341.87
36.76,-0.010661818181818179,-0.0006043028762850773,0.0061077209498383925,-0.0026795082575617217,341.87
36.764,-0.010661818181818179,-0.0011143028762850876,0.0064477209498383994,-0.002939508257561704,341.87
36.768,-0.010831818181818182,-0.0015443028762850736,0.006787720949838406,-0.0031895082575616766,341.87
36.772,-0.011091818181818165,-0.0018043028762851116,0.007047720949838389,-0.0035295082575616836,341.87
36.776,-0.011091818181818165,-0.0023143028762850665,0.007217720949838392,-0.0037895082575617215,341.87
36.78,-0.011091818181818165,-0.0026543028762850735,0.007297720949838417,-0.003959508257561725,341.87
36.784,-0.010921818181818161,-0.002744302876285108,0.007647720949838434,-0.0042995082575616765,341.87
36.788,-0.010751818181818158,-0.0030843028762850594,0.007817720949838437,-0.0045595082575617145,341.87
36.792,-0.010751818181818158,-0.003514302876285101,0.00798772094983844,-0.004819508257561697,341.87
36.796,-0.010751818181818158,-0.004024302876285112,0.008237720949838413,-0.005159508257561704,341.87
36.8,-0.010751818181818158,-0.004364302876285063,0.008497720949838396,-0.005409508257561676,341.87
36.804,-0.010751818181818158,-0.004454302876285098,0.00858772094983843,-0.005499508257561711,341.87
36.808,-0.010751818181818158,-0.004794302876285105,0.008837720949838403,-0.005759508257561693,341.87
36.812,-0.010751818181818158,-0.005134302876285112,0.008837720949838403,-0.006009508257561721,341.87
36.816,-0.010831818181818182,-0.005394302876285094,0.008837720949838403,-0.006609508257561711,341.87
36.82,-0.011001818181818186,-0.005564302876285098,0.008927720949838437,-0.006609508257561711,341.87
36.824,-0.010751818181818158,-0.0059943028762850835,0.00909772094983844,-0.006779508257561714,341.87
36.828,-0.01058181818181821,-0.006504302876285094,0.009357720949838423,-0.007119508257561721,341.87
36.832,-0.010321818181818172,-0.0067643028762850764,0.009357720949838423,-0.007379508257561704,341.87
36.836,-0.010321818181818172,-0.00693430287628508,0.009527720949838427,-0.007549508257561707,341.87
36.84,-0.010231818181818193,-0.007274302876285087,0.009777720949838399,-0.00780950825756169,341.87
36.844,-0.009981818181818165,-0.007524302876285059,0.009777720949838399,-0.008059508257561718,341.87
36.848,-0.009891818181818186,-0.007614302876285094,0.009777720949838399,-0.008319508257561701,341.87
36.852,-0.009811818181818161,-0.0079543028762851,0.009777720949838399,-0.00840950825756168,341.87
36.856,-0.009551818181818179,-0.008294302876285107,0.009947720949838403,-0.008659508257561708,341.87
36.86,-0.0094618181818182,-0.00855430287628509,0.01020772094983844,-0.00891950825756169,341.87
36.864,-0.009211818181818172,-0.008814302876285072,0.01020772094983844,-0.009169508257561718,341.87
36.868,-0.00895181818181819,-0.008984302876285075,0.01020772094983844,-0.009169508257561718,341.87
36.872,-0.008701818181818161,-0.009234302876285103,0.01020772094983844,-0.009259508257561697,341.87
36.876,-0.008611818181818182,-0.009414302876285061,0.01020772094983844,-0.00951950825756168,341.87
36.88,-0.0083518181818182,-0.00966430287628509,0.010127720949838416,-0.009599508257561704,341.87
36.884,-0.008181818181818196,-0.009834302876285093,0.010127720949838416,-0.009689508257561683,341.87
36.888,-0.00784181818181819,-0.0101743028762851,0.01020772094983844,-0.009689508257561683,341.87
36.892,-0.007501818181818182,-0.010434302876285082,0.010127720949838416,-0.009939508257561711,341.87
36.896,-0.0072418181818182,-0.010434302876285082,0.009947720949838403,-0.009939508257561711,341.87
36.9,-0.006991818181818172,-0.010524302876285061,0.009777720949838399,-0.009939508257561711,341.87
36.904,-0.006561818181818186,-0.010774302876285089,0.009777720949838399,-0.009859508257561687,341.87
36.908,-0.006221818181818179,-0.010944302876285093,0.009867720949838434,-0.01002950825756169,341.87
36.912,-0.0061318181818182,-0.010944302876285093,0.00969772094983843,-0.01002950825756169,341.87
36.916,-0.005871818181818162,-0.010944302876285093,0.009437720949838392,-0.01002950825756169,341.87
36.92,-0.005451818181818186,-0.010944302876285093,0.009437720949838392,-0.01002950825756169,341.87
36.924,-0.005191818181818204,-0.01129430287628511,0.009267720949838389,-0.01002950825756169,341.87
36.928,-0.004931818181818166,-0.011374302876285079,0.009007720949838406,-0.009939508257561711,341.87
36.932,-0.004591818181818159,-0.011374302876285079,0.008927720949838437,-0.009939508257561711,341.87
36.936,-0.004251818181818207,-0.011374302876285079,0.008837720949838403,-0.01002950825756169,341.87
36.94,-0.003821818181818166,-0.011374302876285079,0.008757720949838434,-0.01002950825756169,341.87
36.944,-0.00340181818181819,-0.011374302876285079,0.008837720949838403,-0.01002950825756169,341.87
36.948,-0.0031418181818182074,-0.011374302876285079,0.00858772094983843,-0.01002950825756169,341.87
36.952,-0.0028818181818181694,-0.011374302876285079,0.008497720949838396,-0.009859508257561687,341.87
36.956,-0.0024618181818181935,-0.01129430287628511,0.008237720949838413,-0.009769508257561708,341.87
36.96,-0.0020318181818182075,-0.011034302876285072,0.008157720949838389,-0.009689508257561683,341.87
36.964,-0.0016918181818182008,-0.010774302876285089,0.007897720949838406,-0.009599508257561704,341.87
36.968,-0.0013418181818181838,-0.010524302876285061,0.007647720949838434,-0.00951950825756168,341.87
36.972,-0.0010018181818181769,-0.010524302876285061,0.007387720949838396,-0.009259508257561697,341.87
36.976,-0.0008318181818181734,-0.010524302876285061,0.007127720949838413,-0.009259508257561697,341.87
36.98,-0.0005818181818182009,-0.010354302876285113,0.006617720949838403,-0.009089508257561694,341.87
36.984,-6.181818181818046e-05,-0.010094302876285075,0.0064477209498383994,-0.008829508257561711,341.87
36.988,0.0003581818181817955,-0.010094302876285075,0.0061077209498383925,-0.008659508257561708,341.87
36.992,0.0007081818181818124,-0.010004302876285096,0.005767720949838441,-0.00840950825756168,341.87
36.996,0.0010481818181818194,-0.009754302876285068,0.0056777209498384065,-0.008319508257561701,341.87
37.0,0.001218181818181823,-0.009754302876285068,0.005247720949838421,-0.008059508257561718,341.87
37.004,0.0014781818181818054,-0.009584302876285065,0.004907720949838414,-0.007889508257561715,341.87
37.008,0.001988181818181816,-0.009414302876285061,0.00473772094983841,-0.007639508257561686,341.87
37.012,0.002418181818181802,-0.009234302876285103,0.004397720949838403,-0.007549508257561707,341.87
37.016,0.0028381818181818334,-0.008894302876285096,0.004057720949838396,-0.007289508257561725,341.87
37.02,0.0031781818181818404,-0.008814302876285072,0.0038877209498383923,-0.007039508257561697,341.87
37.024,0.0032681818181818194,-0.00855430287628509,0.003537720949838431,-0.00669950825756169,341.87
37.028,0.0036081818181818263,-0.008294302876285107,0.003287720949838403,-0.006519508257561676,341.87
37.032,0.004038181818181812,-0.0079543028762851,0.0031177209498383994,-0.006269508257561704,341.87
37.036,0.004468181818181798,-0.007704302876285073,0.002767720949838438,-0.005929508257561697,341.87
37.04,0.004718181818181826,-0.007524302876285059,0.002427720949838431,-0.005499508257561711,341.87
37.044,0.004978181818181809,-0.007184302876285108,0.002087720949838424,-0.005239508257561673,341.87
37.048,0.005318181818181816,-0.007104302876285083,0.0018277209498384415,-0.0049895082575617,341.87
37.052,0.005578181818181798,-0.0067643028762850764,0.0014877209498384346,-0.0046395082575616834,341.87
37.056,0.005748181818181802,-0.0064143028762850595,0.0011477209498384276,-0.0042195082575617075,341.87
37.06,0.0060881818181818086,-0.006074302876285108,0.0008077209498384208,-0.0038795082575617005,341.87
37.064,0.006348181818181791,-0.00582430287628508,0.0005477209498384383,-0.0037895082575617215,341.87
37.068,0.006598181818181819,-0.005474302876285063,0.0004677209498384138,-0.0034495082575617146,341.87
37.072,0.006948181818181836,-0.005134302876285112,0.00012772094983840682,-0.003019508257561673,341.87
37.076,0.007288181818181843,-0.004794302876285105,-0.0004722790501615826,-0.002589508257561687,341.87
37.08,0.007368181818181812,-0.00470430287628507,-0.0007322790501615651,-0.0023395082575617147,341.87
37.084,0.007708181818181819,-0.004364302876285063,-0.0009922790501616032,-0.00224950825756168,341.87
37.088,0.007968181818181801,-0.003944302876285087,-0.0012422790501615756,-0.0018195082575616945,341.87
37.092,0.008138181818181805,-0.003514302876285101,-0.0014122790501615791,-0.0013995082575617185,341.87
37.096,0.008398181818181843,-0.003174302876285094,-0.0020122790501615685,-0.0010495082575617016,341.87
37.1,0.008648181818181815,-0.0029143028762851114,-0.00244227905016161,-0.0007995082575616736,341.87
37.104,0.008908181818181798,-0.0026543028762850735,-0.002612279050161558,-0.0005395082575616911,341.87
37.108,0.008998181818181832,-0.0023143028762850665,-0.002952279050161565,-0.00019950825756168413,341.87
37.112,0.009248181818181805,-0.0018843028762850805,-0.003292279050161572,0.00023049174243830182,341.87
37.116,0.00933818181818184,-0.0014643028762851046,-0.0038122790501615923,0.0006504917424382777,341.87
37.12,0.009588181818181812,-0.0011143028762850876,-0.004152279050161599,0.0010004917424382947,341.87
37.124,0.009768181818181825,-0.0007743028762850808,-0.004232279050161568,0.0012504917424383227,341.87
37.128,0.009938181818181829,-0.0005243028762851083,-0.004582279050161585,0.0015104917424383052,341.87
37.132,0.010188181818181801,-0.00017430287628509135,-0.004922279050161592,0.0018504917424383121,341.87
37.136,0.010278181818181836,0.00016569712371491561,-0.005262279050161599,0.0021904917424383193,341.87
37.14,0.010448181818181839,0.0005856971237148916,-0.005522279050161581,0.0026204917424383052,341.87
37.144,0.010618181818181843,0.0010156971237149331,-0.005862279050161588,0.002960491742438312,341.87
37.148,0.01078818181818179,0.001445697123714919,-0.006202279050161595,0.0032204917424382947,341.87
37.152,0.010878181818181825,0.0017056971237149015,-0.006542279050161602,0.0035604917424383016,341.87
37.156,0.010958181818181794,0.0020456971237149085,-0.006712279050161606,0.0039004917424383086,341.87
37.16,0.010878181818181825,0.0022956971237149365,-0.007052279050161557,0.004160491742438291,341.87
37.164,0.010708181818181822,0.002645697123714898,-0.007312279050161595,0.0044204917424382735,341.87
37.168,0.010538181818181818,0.0030656971237149294,-0.0074822790501615985,0.004840491742438305,341.87
37.172,0.010538181818181818,0.0034056971237149364,-0.007742279050161581,0.005180491742438312,341.87
37.176,0.010618181818181843,0.0035856971237148943,-0.007912279050161584,0.005270491742438291,341.87
37.18,0.010618181818181843,0.003925697123714901,-0.008162279050161557,0.005530491742438273,341.87
37.184,0.010618181818181843,0.004265697123714908,-0.008422279050161595,0.00587049174243828,341.87
37.188,0.010618181818181843,0.004695697123714894,-0.008762279050161602,0.006120491742438308,341.87
37.192,0.010538181818181818,0.004945697123714922,-0.009022279050161584,0.006470491742438325,341.87
37.196,0.010618181818181843,0.005205697123714904,-0.009022279050161584,0.006640491742438273,341.87
37.2,0.010618181818181843,0.005545697123714911,-0.009112279050161563,0.006890491742438301,341.87
37.204,0.010538181818181818,0.005715697123714915,-0.009362279050161591,0.007240491742438318,341.87
37.208,0.010538181818181818,0.005975697123714897,-0.00945227905016157,0.007580491742438325,341.87
37.212,0.010278181818181836,0.006315697123714904,-0.009532279050161595,0.007750491742438273,341.87
37.216,0.010188181818181801,0.006655697123714911,-0.009622279050161574,0.0080004917424383,341.87
37.22,0.010108181818181832,0.0068256971237149145,-0.009702279050161598,0.0080004917424383,341.87
37.224,0.009848181818181794,0.0071756971237149315,-0.009872279050161602,0.00809049174243828,341.87
37.228,0.010108181818181832,0.0075156971237149385,-0.009872279050161602,0.008350491742438317,341.87
37.232,0.010018181818181798,0.0075956971237149075,-0.009872279050161602,0.00852049174243832,341.87
37.236,0.009848181818181794,0.007935697123714915,-0.010132279050161584,0.008770491742438293,341.87
37.24,0.00967818181818179,0.008195697123714898,-0.010302279050161588,0.008860491742438272,341.87
37.244,0.009418181818181808,0.008455697123714936,-0.010472279050161591,0.008940491742438297,341.87
37.248,0.009248181818181805,0.008705697123714908,-0.010642279050161595,0.00920049174243828,341.87
37.252,0.008998181818181832,0.008875697123714912,-0.010732279050161574,0.009290491742438314,341.87
37.256,0.008908181818181798,0.009135697123714894,-0.010732279050161574,0.009370491742438283,341.87
37.26,0.00856818181818179,0.009225697123714929,-0.010732279050161574,0.00963049174243832,341.87
37.264,0.008308181818181808,0.009475697123714901,-0.010732279050161574,0.00971049174243829,341.87
37.268,0.008058181818181836,0.009395697123714932,-0.010732279050161574,0.00971049174243829,341.87
37.272,0.007708181818181819,0.009475697123714901,-0.010732279050161574,0.00963049174243832,341.87
37.276,0.007368181818181812,0.009815697123714908,-0.010732279050161574,0.00971049174243829,341.87
37.28,0.007028181818181805,0.009815697123714908,-0.010732279050161574,0.00971049174243829,341.87
37.284,0.0068581818181818015,0.009995697123714922,-0.010732279050161574,0.00971049174243829,341.87
37.288,0.0065181818181817945,0.009995697123714922,-0.010642279050161595,0.009970491742438272,341.87
37.292,0.006178181818181843,0.009995697123714922,-0.010472279050161591,0.010060491742438307,341.87
37.296,0.005828181818181826,0.01007569712371489,-0.010392279050161567,0.010060491742438307,341.87
37.3,0.005578181818181798,0.010335697123714929,-0.010392279050161567,0.010060491742438307,341.87
37.304,0.005238181818181791,0.010505697123714932,-0.010222279050161563,0.009970491742438272,341.87
37.308,0.00488818181818183,0.010505697123714932,-0.00996227905016158,0.009800491742438324,341.87
37.312,0.004548181818181823,0.010415697123714898,-0.00996227905016158,0.00971049174243829,341.87
37.316,0.004298181818181795,0.010415697123714898,-0.009792279050161577,0.00963049174243832,341.87
37.32,0.003948181818181833,0.010415697123714898,-0.00945227905016157,0.00963049174243832,341.87
37.324,0.0036081818181818263,0.010415697123714898,-0.009282279050161567,0.00963049174243832,341.87
37.328,0.0032681818181818194,0.010415697123714898,-0.009282279050161567,0.00963049174243832,341.87
37.332,0.002758181818181809,0.010415697123714898,-0.00885227905016158,0.00963049174243832,341.87
37.336,0.002418181818181802,0.010415697123714898,-0.008512279050161574,0.009370491742438283,341.87
37.34,0.002238181818181844,0.010415697123714898,-0.008252279050161591,0.009290491742438314,341.87
37.344,0.0018981818181818368,0.010415697123714898,-0.008162279050161557,0.00920049174243828,341.87
37.348,0.0015581818181818299,0.010415697123714898,-0.007822279050161605,0.008860491742438272,341.87
37.352,0.001218181818181823,0.010415697123714898,-0.0074822790501615985,0.00860049174243829,341.87
37.356,0.000788181818181837,0.010335697123714929,-0.0074822790501615985,0.00852049174243832,341.87
37.36,0.000538181818181809,0.01007569712371489,-0.007402279050161574,0.008430491742438286,341.87
37.364,0.0002781818181818265,0.01007569712371489,-0.006972279050161588,0.008430491742438286,341.87
37.368,-0.00015181818181815945,0.009905697123714887,-0.006542279050161602,0.008350491742438317,341.87
37.372,-0.0005818181818182009,0.009645697123714905,-0.006282279050161564,0.00809049174243828,341.87
37.376,-0.0009218181818182079,0.009645697123714905,-0.006112279050161561,0.007920491742438276,341.87
37.38,-0.0013418181818181838,0.009735697123714939,-0.005772279050161609,0.007660491742438294,341.87
37.384,-0.0016918181818182008,0.009305697123714898,-0.005522279050161581,0.007490491742438291,341.87
37.388,-0.0017718181818181698,0.009225697123714929,-0.005262279050161599,0.007240491742438318,341.87
37.392,-0.0021118181818181765,0.009055697123714925,-0.004922279050161592,0.007060491742438305,341.87
37.396,-0.0025418181818181625,0.008875697123714912,-0.004582279050161585,0.006810491742438277,341.87
37.4,-0.002971818181818204,0.008875697123714912,-0.004232279050161568,0.006720491742438298,341.87
37.404,-0.0033118181818181554,0.008455697123714936,-0.003982279050161595,0.006470491742438325,341.87
37.408,-0.0036518181818181623,0.008285697123714932,-0.003642279050161589,0.006380491742438291,341.87
37.412,-0.0039118181818182,0.007935697123714915,-0.0033822790501616064,0.005950491742438305,341.87
37.416,-0.004251818181818207,0.007765697123714911,-0.0030422790501615994,0.005610491742438298,341.87
37.42,-0.004591818181818159,0.007765697123714911,-0.002872279050161596,0.005530491742438273,341.87
37.424,-0.004931818181818166,0.0075156971237149385,-0.002522279050161579,0.0051004917424382875,341.87
37.428,-0.005111818181818179,0.007425697123714904,-0.002182279050161572,0.0047604917424382805,341.87
37.432,-0.005451818181818186,0.007085697123714897,-0.0016722790501615616,0.0046704917424383015,341.87
37.436,-0.005791818181818193,0.0068256971237149145,-0.0012422790501615756,0.0043304917424382946,341.87
37.44,-0.005871818181818162,0.006655697123714911,-0.0009922790501616032,0.004070491742438312,341.87
37.444,-0.006221818181818179,0.006315697123714904,-0.0008122790501615896,0.003820491742438284,341.87
37.448,-0.006641818181818155,0.006055697123714922,-0.0004722790501615826,0.0034704917424383227,341.87
37.452,-0.0068118181818181585,0.005805697123714894,-5.227905016160666e-05,0.0031304917424383157,341.87
37.456,-0.0071618181818181754,0.005465697123714887,0.0002977209498384103,0.0028804917424382877,341.87
37.46,-0.007411818181818203,0.005115697123714925,0.0006377209498384173,0.0027104917424382842,341.87
37.464,-0.007581818181818207,0.004865697123714897,0.0009777209498384241,0.0023604917424383228,341.87
37.468,-0.00784181818181819,0.004605697123714915,0.0012377209498384066,0.0018504917424383121,341.87
37.472,-0.008011818181818193,0.004175697123714929,0.001657720949838438,0.0015104917424383052,341.87
37.476,-0.0083518181818182,0.003755697123714898,0.0019177209498384205,0.0014204917424383262,341.87
37.48,-0.008701818181818161,0.0034956971237149153,0.002427720949838431,0.0010004917424382947,341.87
37.484,-0.008871818181818165,0.003325697123714912,0.002767720949838438,0.0005704917424383088,341.87
37.488,-0.009041818181818168,0.002985697123714905,0.002947720949838396,0.0003104917424383263,341.87
37.492,-0.009121818181818193,0.002645697123714898,0.003197720949838424,0.00014049174243832284,341.87
37.496,-0.009381818181818175,0.0022956971237149365,0.00362772094983841,-0.00019950825756168413,341.87
37.5,-0.0094618181818182,0.001875697123714905,0.003967720949838417,-0.0005395082575616911,341.87
37.504,-0.009641818181818158,0.001445697123714919,0.004137720949838421,-0.0008795082575616981,341.87
37.508,-0.009891818181818186,0.0011056971237149121,0.004477720949838428,-0.0010495082575617016,341.87
37.512,-0.009891818181818186,0.0009356971237149085,0.004907720949838414,-0.0013995082575617185,341.87
37.516,-0.009981818181818165,0.0005856971237148916,0.005167720949838396,-0.0017395082575617255,341.87
37.52,-0.010231818181818193,0.0002456971237149401,0.0053377209498383996,-0.0018195082575616945,341.87
37.524,-0.010491818181818175,-0.00017430287628509135,0.0056777209498384065,-0.00224950825756168,341.87
37.528,-0.010491818181818175,-0.0006043028762850773,0.005937720949838389,-0.0026795082575617217,341.87
37.532,-0.010751818181818158,-0.0011143028762850876,0.0061077209498383925,-0.002939508257561704,341.87
37.536,-0.010921818181818161,-0.0014643028762851046,0.006537720949838434,-0.0031895082575616766,341.87
37.54,-0.010831818181818182,-0.0015443028762850736,0.006877720949838441,-0.0035295082575616836,341.87
37.544,-0.010751818181818158,-0.0018843028762850805,0.007047720949838389,-0.0037895082575617215,341.87
37.548,-0.010751818181818158,-0.0022343028762850975,0.007297720949838417,-0.003959508257561725,341.87
37.552,-0.010751818181818158,-0.0026543028762850735,0.00747772094983843,-0.0042995082575616765,341.87
37.556,-0.010831818181818182,-0.0030043028762850904,0.007817720949838437,-0.0046395082575616834,341.87
37.56,-0.010831818181818182,-0.003174302876285094,0.00798772094983844,-0.004819508257561697,341.87
37.564,-0.010831818181818182,-0.003514302876285101,0.008157720949838389,-0.005159508257561704,341.87
37.568,-0.010751818181818158,-0.003944302876285087,0.008417720949838427,-0.005409508257561676,341.87
37.572,-0.010751818181818158,-0.004364302876285063,0.0086677209498384,-0.00557950825756168,341.87
37.576,-0.010751818181818158,-0.00470430287628507,0.008927720949838437,-0.005839508257561718,341.87
37.58,-0.010751818181818158,-0.004794302876285105,0.009007720949838406,-0.006009508257561721,341.87
37.584,-0.010751818181818158,-0.005224302876285091,0.008927720949838437,-0.006269508257561704,341.87
37.588,-0.010751818181818158,-0.0056443028762850666,0.008927720949838437,-0.006519508257561676,341.87
37.592,-0.010831818181818182,-0.0059043028762851045,0.00909772094983844,-0.006949508257561718,341.87
37.596,-0.010661818181818179,-0.006074302876285108,0.009267720949838389,-0.006949508257561718,341.87
37.6,-0.010401818181818196,-0.0064143028762850595,0.009357720949838423,-0.0072095082575617,341.87
37.604,-0.010321818181818172,-0.0067643028762850764,0.009527720949838427,-0.007549508257561707,341.87
37.608,-0.010151818181818168,-0.007014302876285104,0.009777720949838399,-0.00780950825756169,341.87
37.612,-0.009981818181818165,-0.007274302876285087,0.009777720949838399,-0.008059508257561718,341.87
37.616,-0.009891818181818186,-0.007704302876285073,0.009777720949838399,-0.008319508257561701,341.87
37.62,-0.009721818181818182,-0.0079543028762851,0.009867720949838434,-0.00840950825756168,341.87
37.624,-0.0094618181818182,-0.008124302876285103,0.010127720949838416,-0.008659508257561708,341.87
37.628,-0.009291818181818196,-0.008384302876285086,0.010127720949838416,-0.008829508257561711,341.87
37.632,-0.009121818181818193,-0.008474302876285065,0.010127720949838416,-0.00891950825756169,341.87
37.636,-0.009041818181818168,-0.008724302876285093,0.010127720949838416,-0.009169508257561718,341.87
37.64,-0.008781818181818186,-0.008894302876285096,0.01020772094983844,-0.009169508257561718,341.87
37.644,-0.008611818181818182,-0.0090643028762851,0.01020772094983844,-0.009259508257561697,341.87
37.648,-0.0083518181818182,-0.009324302876285082,0.01020772094983844,-0.00951950825756168,341.87
37.652,-0.008101818181818172,-0.009584302876285065,0.010127720949838416,-0.009599508257561704,341.87
37.656,-0.007751818181818155,-0.00966430287628509,0.010127720949838416,-0.009689508257561683,341.87
37.66,-0.007501818181818182,-0.009924302876285072,0.01020772094983844,-0.009939508257561711,341.87
37.664,-0.007411818181818203,-0.010094302876285075,0.010127720949838416,-0.009939508257561711,341.87
37.668,-0.0070718181818181965,-0.010354302876285113,0.010037720949838437,-0.009939508257561711,341.87
37.672,-0.0067318181818181895,-0.010604302876285086,0.009777720949838399,-0.009769508257561708,341.87
37.676,-0.006471818181818207,-0.010864302876285068,0.009777720949838399,-0.009769508257561708,341.87
37.68,-0.0061318181818182,-0.010864302876285068,0.009867720949838434,-0.009769508257561708,341.87
37.684,-0.005791818181818193,-0.010864302876285068,0.00969772094983843,-0.01002950825756169,341.87
37.688,-0.005531818181818155,-0.010944302876285093,0.009437720949838392,-0.01002950825756169,341.87
37.692,-0.005281818181818183,-0.011204302876285075,0.009437720949838392,-0.01002950825756169,341.87
37.696,-0.004931818181818166,-0.01129430287628511,0.009267720949838389,-0.009939508257561711,341.87
37.7,-0.00451181818181819,-0.01129430287628511,0.009007720949838406,-0.009939508257561711,341.87
37.704,-0.004081818181818204,-0.01129430287628511,0.008927720949838437,-0.009939508257561711,341.87
37.708,-0.0039118181818182,-0.01129430287628511,0.008927720949838437,-0.009939508257561711,341.87
37.712,-0.0036518181818181623,-0.01129430287628511,0.008837720949838403,-0.009689508257561683,341.87
37.716,-0.0033118181818181554,-0.01129430287628511,0.008837720949838403,-0.009599508257561704,341.87
37.72,-0.0028818181818181694,-0.01129430287628511,0.00858772094983843,-0.009689508257561683,341.87
37.724,-0.002631818181818197,-0.011204302876285075,0.008497720949838396,-0.009599508257561704,341.87
37.728,-0.00229181818181819,-0.01129430287628511,0.008157720949838389,-0.009689508257561683,341.87
37.732,-0.0020318181818182075,-0.011204302876285075,0.007647720949838434,-0.009599508257561704,341.87
37.736,-0.0016918181818182008,-0.010944302876285093,0.007297720949838417,-0.00951950825756168,341.87
37.74,-0.0013418181818181838,-0.010694302876285065,0.007297720949838417,-0.009259508257561697,341.87
37.744,-0.0009218181818182079,-0.010774302876285089,0.007127720949838413,-0.009259508257561697,341.87
37.748,-0.0004918181818181664,-0.010604302876285086,0.006707720949838437,-0.009089508257561694,341.87
37.752,-6.181818181818046e-05,-0.010434302876285082,0.006617720949838403,-0.008829508257561711,341.87
37.756,0.0003581818181817955,-0.0101743028762851,0.006277720949838396,-0.008749508257561687,341.87
37.76,0.0006181818181818335,-0.010094302876285075,0.0060177209498384135,-0.008489508257561704,341.87
37.764,0.000788181818181837,-0.009924302876285072,0.0056777209498384065,-0.008319508257561701,341.87
37.768,0.001128181818181844,-0.009754302876285068,0.0053377209498383996,-0.008059508257561718,341.87
37.772,0.0016481818181818088,-0.009754302876285068,0.005167720949838396,-0.007979508257561694,341.87
37.776,0.0020681818181818405,-0.009584302876285065,0.004907720949838414,-0.007719508257561711,341.87
37.78,0.002238181818181844,-0.009324302876285082,0.004477720949838428,-0.007459508257561673,341.87
37.784,0.0024981818181818265,-0.009234302876285103,0.004137720949838421,-0.0072095082575617,341.87
37.788,0.0028381818181818334,-0.008984302876285075,0.0038877209498383923,-0.007039508257561697,341.87
37.792,0.0032681818181818194,-0.008724302876285093,0.003537720949838431,-0.00669950825756169,341.87
37.796,0.003528181818181802,-0.008384302876285086,0.003287720949838403,-0.006439508257561707,341.87
37.8,0.0036981818181818053,-0.008044302876285079,0.0030277209498384204,-0.006269508257561704,341.87
37.804,0.004038181818181812,-0.0079543028762851,0.0026877209498384134,-0.005929508257561697,341.87
37.808,0.004468181818181798,-0.007704302876285073,0.0023477209498384065,-0.00557950825756168,341.87
37.812,0.004808181818181805,-0.007524302876285059,0.002087720949838424,-0.005499508257561711,341.87
37.816,0.005068181818181843,-0.007184302876285108,0.0019177209498384205,-0.005069508257561725,341.87
37.82,0.005318181818181816,-0.00693430287628508,0.0015777209498384136,-0.004729508257561718,341.87
37.824,0.005578181818181798,-0.0066743028762850974,0.0012377209498384066,-0.0045595082575617145,341.87
37.828,0.005748181818181802,-0.0063343028762850905,0.0009777209498384241,-0.0042195082575617075,341.87
37.832,0.0060881818181818086,-0.0059943028762850835,0.0007177209498384418,-0.0038795082575617005,341.87
37.836,0.0064281818181818155,-0.0056443028762850666,0.0002977209498384103,-0.0034495082575617146,341.87
37.84,0.0067681818181818225,-0.005564302876285098,-0.00013227905016157564,-0.0031895082575616766,341.87
37.844,0.007028181818181805,-0.005224302876285091,-0.0004722790501615826,-0.002939508257561704,341.87
37.848,0.007368181818181812,-0.004794302876285105,-0.0006422790501615861,-0.002589508257561687,341.87
37.852,0.007628181818181794,-0.004454302876285098,-0.0007322790501615651,-0.00224950825756168,341.87
37.856,0.007798181818181798,-0.004284302876285094,-0.0013322790501616101,-0.0018195082575616945,341.87
37.86,0.008058181818181836,-0.003944302876285087,-0.0016722790501615616,-0.0014795082575616875,341.87
37.864,0.008138181818181805,-0.003514302876285101,-0.0020122790501615685,-0.0013995082575617185,341.87
37.868,0.008398181818181843,-0.0030843028762850594,-0.0022722790501616065,-0.0010495082575617016,341.87
37.872,0.008648181818181815,-0.0026543028762850735,-0.002522279050161579,-0.0006295082575617256,341.87
37.876,0.008908181818181798,-0.0023143028762850665,-0.0027022790501615925,-0.00010950825756170514,341.87
37.88,0.009078181818181801,-0.0019743028762850595,-0.0031222790501615684,0.0003104917424383263,341.87
37.884,0.00933818181818184,-0.001634302876285108,-0.0033822790501616064,0.00048049174243827426,341.87
37.888,0.009508181818181843,-0.00137430287628507,-0.0038122790501615923,0.0006504917424382777,341.87
37.892,0.009588181818181812,-0.0010343028762850631,-0.004232279050161568,0.0010804917424383192,341.87
37.896,0.009768181818181825,-0.0006943028762851118,-0.004492279050161606,0.0015104917424383052,341.87
37.9,0.010108181818181832,-0.00017430287628509135,-0.004752279050161588,0.001940491742438291,341.87
37.904,0.010278181818181836,0.0002456971237149401,-0.005092279050161595,0.0022804917424382983,341.87
37.908,0.010358181818181805,0.0005056971237149226,-0.005342279050161568,0.0023604917424383228,341.87
37.912,0.010618181818181843,0.0005856971237148916,-0.005522279050161581,0.0027104917424382842,341.87
37.916,0.010618181818181843,0.0009356971237149085,-0.005772279050161609,0.0031304917424383157,341.87
37.92,0.010618181818181843,0.00135569712371494,-0.006202279050161595,0.0034704917424383227,341.87
37.924,0.010538181818181818,0.001785697123714926,-0.006542279050161602,0.0035604917424383016,341.87
37.928,0.010538181818181818,0.002125697123714933,-0.006712279050161606,0.0039004917424383086,341.87
37.932,0.010538181818181818,0.002555697123714919,-0.006972279050161588,0.0043304917424382946,341.87
37.936,0.010618181818181843,0.002895697123714926,-0.0072222790501615605,0.0046704917424383015,341.87
37.94,0.010618181818181843,0.0030656971237149294,-0.0075722790501615775,0.0047604917424382805,341.87
37.944,0.010538181818181818,0.0034056971237149364,-0.007822279050161605,0.0051004917424382875,341.87
37.948,0.010538181818181818,0.0038356971237149223,-0.007912279050161584,0.005530491742438273,341.87
37.952,0.010618181818181843,0.004095697123714904,-0.008162279050161557,0.00587049174243828,341.87
37.956,0.010618181818181843,0.004355697123714887,-0.00834227905016157,0.006120491742438308,341.87
37.96,0.010618181818181843,0.004695697123714894,-0.008592279050161598,0.006470491742438325,341.87
37.964,0.010618181818181843,0.005115697123714925,-0.008762279050161602,0.006640491742438273,341.87
37.968,0.010538181818181818,0.005465697123714887,-0.009022279050161584,0.006890491742438301,341.87
37.972,0.010538181818181818,0.005545697123714911,-0.009282279050161567,0.007150491742438284,341.87
37.976,0.010618181818181843,0.005885697123714918,-0.009532279050161595,0.007240491742438318,341.87
37.98,0.010448181818181839,0.006235697123714935,-0.009532279050161595,0.007580491742438325,341.87
37.984,0.010188181818181801,0.006485697123714908,-0.00945227905016157,0.007920491742438276,341.87
37.988,0.010188181818181801,0.0068256971237149145,-0.00945227905016157,0.0080004917424383,341.87
37.992,0.010188181818181801,0.007085697123714897,-0.009532279050161595,0.00809049174243828,341.87
37.996,0.010018181818181798,0.0071756971237149315,-0.009622279050161574,0.008350491742438317,341.87
38.0,0.010108181818181832,0.0075156971237149385,-0.009872279050161602,0.00852049174243832,341.87
38.004,0.010018181818181798,0.00785569712371489,-0.009872279050161602,0.008770491742438293,341.87
38.008,0.009848181818181794,0.008025697123714894,-0.009872279050161602,0.008770491742438293,341.87
38.012,0.009768181818181825,0.008285697123714932,-0.00996227905016158,0.008940491742438297,341.87
38.016,0.009508181818181843,0.008535697123714905,-0.010222279050161563,0.00920049174243828,341.87
38.02,0.00933818181818184,0.008705697123714908,-0.010302279050161588,0.00920049174243828,341.87
38.024,0.008908181818181798,0.008795697123714887,-0.01056227905016157,0.009370491742438283,341.87
38.028,0.00856818181818179,0.009055697123714925,-0.010732279050161574,0.00963049174243832,341.87
38.032,0.008478181818181812,0.009305697123714898,-0.010732279050161574,0.00963049174243832,341.87
38.036,0.008058181818181836,0.009565697123714936,-0.010732279050161574,0.00963049174243832,341.87
38.04,0.007708181818181819,0.009645697123714905,-0.010732279050161574,0.00963049174243832,341.87
38.044,0.007628181818181794,0.009735697123714939,-0.010732279050161574,0.00971049174243829,341.87
38.048,0.007368181818181812,0.009815697123714908,-0.010732279050161574,0.009800491742438324,341.87
38.052,0.007028181818181805,0.009815697123714908,-0.010642279050161595,0.010060491742438307,341.87
38.056,0.0067681818181818225,0.009905697123714887,-0.01056227905016157,0.010060491742438307,341.87
38.06,0.0064281818181818155,0.009995697123714922,-0.010392279050161567,0.010060491742438307,341.87
38.064,0.00600818181818184,0.009995697123714922,-0.010302279050161588,0.010060491742438307,341.87
38.068,0.005578181818181798,0.010165697123714925,-0.010302279050161588,0.010060491742438307,341.87
38.072,0.005408181818181795,0.010415697123714898,-0.010392279050161567,0.010060491742438307,341.87
38.076,0.005238181818181791,0.010415697123714898,-0.010222279050161563,0.010060491742438307,341.87
38.08,0.00488818181818183,0.010505697123714932,-0.009792279050161577,0.009970491742438272,341.87
38.084,0.004468181818181798,0.010415697123714898,-0.009872279050161602,0.009800491742438324,341.87
38.088,0.004038181818181812,0.010415697123714898,-0.009702279050161598,0.00963049174243832,341.87
38.092,0.00377818181818183,0.010415697123714898,-0.009362279050161591,0.00963049174243832,341.87
38.096,0.003528181818181802,0.010505697123714932,-0.009362279050161591,0.00963049174243832,341.87
38.1,0.0031781818181818404,0.010505697123714932,-0.009022279050161584,0.00971049174243829,341.87
38.104,0.0028381818181818334,0.010415697123714898,-0.008682279050161577,0.00963049174243832,341.87
38.108,0.002418181818181802,0.010415697123714898,-0.008592279050161598,0.009290491742438314,341.87
38.112,0.001988181818181816,0.010415697123714898,-0.008422279050161595,0.009030491742438276,341.87
38.116,0.0015581818181818299,0.010415697123714898,-0.008162279050161557,0.008860491742438272,341.87
38.12,0.001218181818181823,0.010505697123714932,-0.007912279050161584,0.008690491742438324,341.87
38.124,0.001128181818181844,0.010505697123714932,-0.007822279050161605,0.008430491742438286,341.87
38.128,0.0007081818181818124,0.010165697123714925,-0.0074822790501615985,0.008430491742438286,341.87
38.132,0.0002781818181818265,0.009995697123714922,-0.0071422790501615915,0.00852049174243832,341.87
38.136,-6.181818181818046e-05,0.009995697123714922,-0.006972279050161588,0.008350491742438317,341.87
38.14,-0.0004018181818181874,0.01007569712371489,-0.006632279050161581,0.0080004917424383,341.87
38.144,-0.0007518181818182044,0.009735697123714939,-0.006372279050161599,0.0080004917424383,341.87
38.148,-0.0010018181818181769,0.009735697123714939,-0.006202279050161595,0.007920491742438276,341.87
38.152,-0.0013418181818181838,0.009565697123714936,-0.005772279050161609,0.007660491742438294,341.87
38.156,-0.0016918181818182008,0.009395697123714932,-0.005432279050161602,0.007580491742438325,341.87
38.16,-0.0020318181818182075,0.009305697123714898,-0.005262279050161599,0.007320491742438287,341.87
38.164,-0.0025418181818181625,0.008875697123714912,-0.004922279050161592,0.007150491742438284,341.87
38.168,-0.002971818181818204,0.008705697123714908,-0.004582279050161585,0.006810491742438277,341.87
38.172,-0.0032318181818181864,0.008455697123714936,-0.004152279050161599,0.006470491742438325,341.87
38.176,-0.003481818181818159,0.008365697123714901,-0.0038922790501615613,0.006300491742438322,341.87
38.18,-0.003821818181818166,0.008025697123714894,-0.003722279050161558,0.006040491742438284,341.87
38.184,-0.004171818181818183,0.007765697123714911,-0.0033822790501616064,0.005950491742438305,341.87
38.188,-0.004421818181818155,0.0075156971237149385,-0.002872279050161596,0.005610491742438298,341.87
38.192,-0.004591818181818159,0.0075156971237149385,-0.00244227905016161,0.005270491742438291,341.87
38.196,-0.004931818181818166,0.0075156971237149385,-0.0022722790501616065,0.0051004917424382875,341.87
38.2,-0.005451818181818186,0.0071756971237149315,-0.0020122790501615685,0.0047604917424382805,341.87
38.204,-0.005791818181818193,0.0069156971237148935,-0.0016722790501615616,0.0044204917424382735,341.87
38.208,-0.005961818181818197,0.006655697123714911,-0.0012422790501615756,0.0042404917424383156,341.87
38.212,-0.0063018181818182036,0.006235697123714935,-0.0009022790501615686,0.0039004917424383086,341.87
38.216,-0.006561818181818186,0.005885697123714918,-0.0004722790501615826,0.0034704917424383227,341.87
38.22,-0.0067318181818181895,0.005805697123714894,-0.00013227905016157564,0.0032204917424382947,341.87
38.224,-0.0070718181818181965,0.005465697123714887,3.772094983842784e-05,0.003050491742438291,341.87
38.228,-0.007331818181818179,0.005205697123714904,0.0003777209498384348,0.0027104917424382842,341.87
38.232,-0.007581818181818207,0.004945697123714922,0.0007177209498384418,0.0022804917424382983,341.87
38.236,-0.00784181818181819,0.004605697123714915,0.0011477209498384276,0.002020491742438316,341.87
38.24,-0.008011818181818193,0.004265697123714908,0.0014877209498384346,0.0018504917424383121,341.87
38.244,-0.0083518181818182,0.003925697123714901,0.0019177209498384205,0.0015104917424383052,341.87
38.248,-0.008611818181818182,0.003665697123714919,0.0022577209498384275,0.0010004917424382947,341.87
38.252,-0.008781818181818186,0.0034056971237149364,0.00251772094983841,0.0006504917424382777,341.87
38.256,-0.009041818181818168,0.0030656971237149294,0.002857720949838417,0.0005704917424383088,341.87
38.26,-0.009211818181818172,0.002645697123714898,0.003197720949838424,0.00014049174243832284,341.87
38.264,-0.0094618181818182,0.002125697123714933,0.00362772094983841,-0.00028950825756171865,341.87
38.268,-0.0094618181818182,0.001785697123714926,0.003967720949838417,-0.0005395082575616911,341.87
38.272,-0.009551818181818179,0.0016156971237149226,0.004057720949838396,-0.0007095082575616946,341.87
38.276,-0.009811818181818161,0.0012756971237149156,0.004397720949838403,-0.0010495082575617016,341.87
38.28,-0.009981818181818165,0.0009356971237149085,0.00473772094983841,-0.0013995082575617185,341.87
38.284,-0.010151818181818168,0.0005856971237148916,0.005077720949838417,-0.0017395082575617255,341.87
38.288,-0.01058181818181821,0.0002456971237149401,0.0053377209498383996,-0.0019095082575616735,341.87
38.292,-0.010751818181818158,-0.00026430287628507034,0.005767720949838441,-0.00224950825756168,341.87
38.296,-0.010751818181818158,-0.0006943028762851118,0.0060177209498384135,-0.002589508257561687,341.87
38.3,-0.010751818181818158,-0.0009443028762850843,0.0061077209498383925,-0.0026795082575617217,341.87
38.304,-0.010831818181818182,-0.0011143028762850876,0.006537720949838434,-0.0031095082575617076,341.87
38.308,-0.011001818181818186,-0.0014643028762851046,0.006877720949838441,-0.0034495082575617146,341.87
38.312,-0.011171818181818189,-0.0019743028762850595,0.00695772094983841,-0.0035295082575616836,341.87
38.316,-0.011261818181818168,-0.002404302876285101,0.007127720949838413,-0.0037895082575617215,341.87
38.32,-0.011261818181818168,-0.002744302876285108,0.007387720949838396,-0.004129508257561673,341.87
38.324,-0.011091818181818165,-0.0030043028762850904,0.007817720949838437,-0.004389508257561711,341.87
38.328,-0.011091818181818165,-0.003174302876285094,0.00806772094983841,-0.004729508257561718,341.87
38.332,-0.011091818181818165,-0.003514302876285101,0.008237720949838413,-0.0049895082575617,341.87
38.336,-0.011091818181818165,-0.003944302876285087,0.008497720949838396,-0.005159508257561704,341.87
38.34,-0.010831818181818182,-0.004284302876285094,0.00858772094983843,-0.005499508257561711,341.87
38.344,-0.010751818181818158,-0.00470430287628507,0.0086677209498384,-0.005839508257561718,341.87
38.348,-0.010751818181818158,-0.005054302876285087,0.008837720949838403,-0.006009508257561721,341.87
38.352,-0.010751818181818158,-0.005224302876285091,0.009007720949838406,-0.006269508257561704,341.87
38.356,-0.010751818181818158,-0.005564302876285098,0.00917772094983841,-0.006439508257561707,341.87
38.36,-0.010751818181818158,-0.0059043028762851045,0.00909772094983844,-0.006779508257561714,341.87
38.364,-0.010661818181818179,-0.006074302876285108,0.00917772094983841,-0.007119508257561721,341.87
38.368,-0.010401818181818196,-0.0064143028762850595,0.009357720949838423,-0.007379508257561704,341.87
38.372,-0.010401818181818196,-0.0066743028762850974,0.009437720949838392,-0.007639508257561686,341.87
38.376,-0.010321818181818172,-0.00693430287628508,0.00969772094983843,-0.007889508257561715,341.87
38.38,-0.010151818181818168,-0.007274302876285087,0.00969772094983843,-0.007979508257561694,341.87
38.384,-0.009891818181818186,-0.007524302876285059,0.00969772094983843,-0.008059508257561718,341.87
38.388,-0.009891818181818186,-0.007704302876285073,0.009777720949838399,-0.008319508257561701,341.87
38.392,-0.009891818181818186,-0.008044302876285079,0.009947720949838403,-0.008489508257561704,341.87
38.396,-0.009641818181818158,-0.008384302876285086,0.01020772094983844,-0.008749508257561687,341.87
38.4,-0.009381818181818175,-0.00855430287628509,0.01020772094983844,-0.00891950825756169,341.87
38.404,-0.009121818181818193,-0.008724302876285093,0.010127720949838416,-0.009169508257561718,341.87
38.408,-0.00895181818181819,-0.008984302876285075,0.010127720949838416,-0.009169508257561718,341.87
38.412,-0.008701818181818161,-0.009234302876285103,0.01020772094983844,-0.009169508257561718,341.87
38.416,-0.008521818181818203,-0.009324302876285082,0.010127720949838416,-0.009169508257561718,341.87
38.42,-0.008181818181818196,-0.009584302876285065,0.010127720949838416,-0.009169508257561718,341.87
38.424,-0.008011818181818193,-0.009754302876285068,0.01020772094983844,-0.009169508257561718,341.87
38.428,-0.00784181818181819,-0.010004302876285096,0.01020772094983844,-0.009349508257561676,341.87
38.432,-0.007411818181818203,-0.010094302876285075,0.010127720949838416,-0.009599508257561704,341.87
38.436,-0.0070718181818181965,-0.0101743028762851,0.009867720949838434,-0.009599508257561704,341.87
38.44,-0.006901818181818193,-0.010524302876285061,0.009777720949838399,-0.009599508257561704,341.87
38.444,-0.006561818181818186,-0.010774302876285089,0.009777720949838399,-0.009599508257561704,341.87
38.448,-0.0063018181818182036,-0.010944302876285093,0.009607720949838396,-0.009689508257561683,341.87
38.452,-0.0061318181818182,-0.011034302876285072,0.009357720949838423,-0.009939508257561711,341.87
38.456,-0.005701818181818159,-0.01129430287628511,0.009357720949838423,-0.01002950825756169,341.87
38.46,-0.005281818181818183,-0.01129430287628511,0.009357720949838423,-0.01002950825756169,341.87
38.464,-0.004931818181818166,-0.01129430287628511,0.009267720949838389,-0.01002950825756169,341.87
38.468,-0.004681818181818193,-0.01129430287628511,0.00909772094983844,-0.009939508257561711,341.87
38.472,-0.00451181818181819,-0.01129430287628511,0.008837720949838403,-0.009939508257561711,341.87
38.476,-0.004171818181818183,-0.01129430287628511,0.00858772094983843,-0.009939508257561711,341.87
38.48,-0.003821818181818166,-0.011204302876285075,0.00858772094983843,-0.009689508257561683,341.87
38.484,-0.00340181818181819,-0.01129430287628511,0.008417720949838427,-0.009599508257561704,341.87
38.488,-0.003051818181818173,-0.01129430287628511,0.008157720949838389,-0.009689508257561683,341.87
38.492,-0.0028018181818182004,-0.01129430287628511,0.008157720949838389,-0.009599508257561704,341.87
38.496,-0.0024618181818181935,-0.01129430287628511,0.00806772094983841,-0.009599508257561704,341.87
38.5,-0.0021118181818181765,-0.011204302876285075,0.007897720949838406,-0.00951950825756168,341.87
38.504,-0.0016918181818182008,-0.010944302876285093,0.007647720949838434,-0.009259508257561697,341.87
38.508,-0.0012618181818181593,-0.010774302876285089,0.007387720949838396,-0.009259508257561697,341.87
38.512,-0.0008318181818181734,-0.010524302876285061,0.007217720949838392,-0.009259508257561697,341.87
38.516,-0.0005818181818182009,-0.010524302876285061,0.00695772094983841,-0.009169508257561718,341.87
38.52,-0.0004018181818181874,-0.010524302876285061,0.006617720949838403,-0.00891950825756169,341.87
38.524,-6.181818181818046e-05,-0.010434302876285082,0.006187720949838417,-0.008659508257561708,341.87
38.528,0.0003581818181817955,-0.0101743028762851,0.0061077209498383925,-0.00840950825756168,341.87
38.532,0.0007081818181818124,-0.010004302876285096,0.005767720949838441,-0.008229508257561722,341.87
38.536,0.0010481818181818194,-0.009924302876285072,0.005417720949838424,-0.007979508257561694,341.87
38.54,0.0013881818181818264,-0.009754302876285068,0.005167720949838396,-0.007889508257561715,341.87
38.544,0.0016481818181818088,-0.009584302876285065,0.004827720949838389,-0.007719508257561711,341.87
38.548,0.0020681818181818405,-0.009324302876285082,0.004567720949838407,-0.007459508257561673,341.87
38.552,0.002418181818181802,-0.009154302876285079,0.004307720949838424,-0.0072095082575617,341.87
38.556,0.002758181818181809,-0.008894302876285096,0.003967720949838417,-0.007039508257561697,341.87
38.56,0.0031781818181818404,-0.008724302876285093,0.003717720949838389,-0.00669950825756169,341.87
38.564,0.003528181818181802,-0.008474302876285065,0.00362772094983841,-0.006439508257561707,341.87
38.568,0.00377818181818183,-0.008384302876285086,0.003197720949838424,-0.006269508257561704,341.87
38.572,0.004128181818181791,-0.008044302876285079,0.002767720949838438,-0.006009508257561721,341.87
38.576,0.004378181818181819,-0.007704302876285073,0.00251772094983841,-0.005839508257561718,341.87
38.58,0.004548181818181823,-0.007524302876285059,0.0022577209498384275,-0.005499508257561711,341.87
38.584,0.00488818181818183,-0.007184302876285108,0.0019177209498384205,-0.005159508257561704,341.87
38.588,0.005318181818181816,-0.006844302876285101,0.0014877209498384346,-0.004819508257561697,341.87
38.592,0.005578181818181798,-0.0067643028762850764,0.0011477209498384276,-0.0045595082575617145,341.87
38.596,0.005658181818181823,-0.0064143028762850595,0.0010677209498384031,-0.0042195082575617075,341.87
38.6,0.0060881818181818086,-0.006164302876285087,0.0008077209498384208,-0.003959508257561725,341.87
38.604,0.0064281818181818155,-0.0059043028762851045,0.0003777209498384348,-0.0037895082575617215,341.87
38.608,0.006598181818181819,-0.005564302876285098,-5.227905016160666e-05,-0.0034495082575617146,341.87
38.612,0.006948181818181836,-0.005134302876285112,-0.00013227905016157564,-0.0031095082575617076,341.87
38.616,0.007288181818181843,-0.00470430287628507,-0.0003022790501615791,-0.0026795082575617217,341.87
38.62,0.007458181818181791,-0.004454302876285098,-0.0008122790501615896,-0.0023395082575617147,341.87
38.624,0.007708181818181819,-0.004364302876285063,-0.0011622790501616066,-0.0021695082575617112,341.87
38.628,0.007968181818181801,-0.003944302876285087,-0.0014122790501615791,-0.0018195082575616945,341.87
38.632,0.00822818181818184,-0.003514302876285101,-0.0014122790501615791,-0.0014795082575616875,341.87
38.636,0.008478181818181812,-0.003174302876285094,-0.001842279050161565,-0.0011395082575616805,341.87
38.64,0.008648181818181815,-0.002744302876285108,-0.00244227905016161,-0.0008795082575616981,341.87
38.644,0.008908181818181798,-0.0022343028762850975,-0.0027022790501615925,-0.0005395082575616911,341.87
38.648,0.008998181818181832,-0.0018043028762851116,-0.0027822790501615615,-0.00019950825756168413,341.87
38.652,0.009248181818181805,-0.001634302876285108,-0.003292279050161572,0.00014049174243832284,341.87
38.656,0.009418181818181808,-0.00137430287628507,-0.0038122790501615923,0.0005704917424383088,341.87
38.66,0.00967818181818179,-0.0010343028762850631,-0.004152279050161599,0.0009104917424383157,341.87
38.664,0.009848181818181794,-0.0006043028762850773,-0.004232279050161568,0.0011704917424382982,341.87
38.668,0.010108181818181832,-0.00026430287628507034,-0.004492279050161606,0.0015104917424383052,341.87
38.672,0.010108181818181832,7.569712371493663e-05,-0.004832279050161557,0.0018504917424383121,341.87
38.676,0.010188181818181801,0.0005056971237149226,-0.005092279050161595,0.0022804917424382983,341.87
38.68,0.010448181818181839,0.0008456971237149295,-0.005432279050161602,0.0026204917424383052,341.87
38.684,0.010618181818181843,0.0011056971237149121,-0.005692279050161585,0.0027904917424383087,341.87
38.688,0.010618181818181843,0.001445697123714919,-0.005942279050161557,0.0031304917424383157,341.87
38.692,0.010538181818181818,0.001875697123714905,-0.006282279050161564,0.0034704917424383227,341.87
38.696,0.010538181818181818,0.0022956971237149365,-0.006542279050161602,0.003820491742438284,341.87
38.7,0.010538181818181818,0.002555697123714919,-0.006632279050161581,0.004070491742438312,341.87
38.704,0.010618181818181843,0.002895697123714926,-0.007052279050161557,0.0044204917424382735,341.87
38.708,0.010878181818181825,0.0030656971237149294,-0.007402279050161574,0.0046704917424383015,341.87
38.712,0.010958181818181794,0.0034056971237149364,-0.0075722790501615775,0.0050104917424383085,341.87
38.716,0.010958181818181794,0.0038356971237149223,-0.007822279050161605,0.005270491742438291,341.87
38.72,0.010958181818181794,0.004175697123714929,-0.007992279050161609,0.005610491742438298,341.87
38.724,0.010958181818181794,0.004435697123714911,-0.008252279050161591,0.00587049174243828,341.87
38.728,0.010878181818181825,0.004775697123714918,-0.008422279050161595,0.006040491742438284,341.87
38.732,0.010708181818181822,0.005115697123714925,-0.008592279050161598,0.006380491742438291,341.87
38.736,0.010708181818181822,0.005375697123714908,-0.008682279050161577,0.006720491742438298,341.87
38.74,0.010708181818181822,0.005545697123714911,-0.008932279050161605,0.006890491742438301,341.87
38.744,0.010708181818181822,0.005975697123714897,-0.009112279050161563,0.007240491742438318,341.87
38.748,0.010708181818181822,0.006315697123714904,-0.009192279050161588,0.007490491742438291,341.87
38.752,0.010538181818181818,0.006405697123714939,-0.009192279050161588,0.007660491742438294,341.87
38.756,0.010278181818181836,0.00674569712371489,-0.00945227905016157,0.007920491742438276,341.87
38.76,0.010278181818181836,0.006995697123714918,-0.009532279050161595,0.00809049174243828,341.87
38.764,0.010358181818181805,0.0072556971237149005,-0.009622279050161574,0.008350491742438317,341.87
38.768,0.010108181818181832,0.0075156971237149385,-0.009872279050161602,0.008350491742438317,341.87
38.772,0.010108181818181832,0.0076856971237148864,-0.009872279050161602,0.008430491742438286,341.87
38.776,0.009848181818181794,0.008025697123714894,-0.009872279050161602,0.008430491742438286,341.87
38.78,0.009848181818181794,0.008365697123714901,-0.00996227905016158,0.00860049174243829,341.87
38.784,0.009768181818181825,0.008455697123714936,-0.010222279050161563,0.00912049174243831,341.87
38.788,0.009418181818181808,0.008705697123714908,-0.010302279050161588,0.009290491742438314,341.87
38.792,0.009168181818181836,0.008795697123714887,-0.01056227905016157,0.009370491742438283,341.87
38.796,0.008998181818181832,0.009055697123714925,-0.010642279050161595,0.00963049174243832,341.87
38.8,0.008738181818181794,0.009225697123714929,-0.010642279050161595,0.00963049174243832,341.87
38.804,0.008478181818181812,0.009395697123714932,-0.010642279050161595,0.00971049174243829,341.87
38.808,0.008058181818181836,0.009475697123714901,-0.010642279050161595,0.009800491742438324,341.87
38.812,0.007628181818181794,0.009565697123714936,-0.010732279050161574,0.009880491742438293,341.87
38.816,0.007368181818181812,0.009645697123714905,-0.010732279050161574,0.010060491742438307,341.87
38.82,0.0071981818181818084,0.009735697123714939,-0.010732279050161574,0.010060491742438307,341.87
38.824,0.0068581818181818015,0.009815697123714908,-0.010732279050161574,0.010060491742438307,341.87
38.828,0.0065181818181817945,0.009995697123714922,-0.010642279050161595,0.010060491742438307,341.87
38.832,0.006258181818181812,0.009995697123714922,-0.010392279050161567,0.010060491742438307,341.87
38.836,0.00600818181818184,0.009995697123714922,-0.010302279050161588,0.010060491742438307,341.87
38.84,0.005658181818181823,0.009995697123714922,-0.010302279050161588,0.010060491742438307,341.87
38.844,0.005318181818181816,0.01007569712371489,-0.010302279050161588,0.010060491742438307,341.87
38.848,0.004978181818181809,0.010335697123714929,-0.010222279050161563,0.010060491742438307,341.87
38.852,0.004468181818181798,0.010415697123714898,-0.009792279050161577,0.010060491742438307,341.87
38.856,0.004128181818181791,0.010415697123714898,-0.009872279050161602,0.010060491742438307,341.87
38.86,0.004038181818181812,0.010505697123714932,-0.009792279050161577,0.009970491742438272,341.87
38.864,0.0036081818181818263,0.010415697123714898,-0.009532279050161595,0.00971049174243829,341.87
38.868,0.0031781818181818404,0.010415697123714898,-0.009192279050161588,0.00963049174243832,341.87
38.872,0.0028381818181818334,0.010415697123714898,-0.008932279050161605,0.009370491742438283,341.87
38.876,0.0024981818181818265,0.010415697123714898,-0.008682279050161577,0.009290491742438314,341.87
38.88,0.002238181818181844,0.010505697123714932,-0.008592279050161598,0.00920049174243828,341.87
38.884,0.001988181818181816,0.010505697123714932,-0.00834227905016157,0.008940491742438297,341.87
38.888,0.0016481818181818088,0.010415697123714898,-0.007992279050161609,0.008860491742438272,341.87
38.892,0.001218181818181823,0.010165697123714925,-0.007822279050161605,0.008770491742438293,341.87
38.896,0.000788181818181837,0.01007569712371489,-0.0075722790501615775,0.00852049174243832,341.87
38.9,0.0003581818181817955,0.010165697123714925,-0.007402279050161574,0.008430491742438286,341.87
38.904,-6.181818181818046e-05,0.010245697123714894,-0.006972279050161588,0.008180491742438314,341.87
38.908,-0.0004918181818181664,0.009995697123714922,-0.006632279050161581,0.00809049174243828,341.87
38.912,-0.0008318181818181734,0.009735697123714939,-0.006462279050161578,0.00809049174243828,341.87
38.916,-0.0010018181818181769,0.009735697123714939,-0.006202279050161595,0.0080004917424383,341.87
38.92,-0.0013418181818181838,0.009735697123714939,-0.005942279050161557,0.007750491742438273,341.87
38.924,-0.0017718181818181698,0.009305697123714898,-0.005772279050161609,0.007490491742438291,341.87
38.928,-0.0021118181818181765,0.009135697123714894,-0.005432279050161602,0.007240491742438318,341.87
38.932,-0.0024618181818181935,0.008875697123714912,-0.005092279050161595,0.007150491742438284,341.87
38.936,-0.002711818181818166,0.008875697123714912,-0.004662279050161609,0.006890491742438301,341.87
38.94,-0.002971818181818204,0.008705697123714908,-0.004402279050161571,0.006720491742438298,341.87
38.944,-0.0033118181818181554,0.008455697123714936,-0.004062279050161564,0.006380491742438291,341.87
38.948,-0.003741818181818197,0.008285697123714932,-0.003722279050161558,0.006120491742438308,341.87
38.952,-0.004171818181818183,0.008025697123714894,-0.0033822790501616064,0.005950491742438305,341.87
38.956,-0.004421818181818155,0.007935697123714915,-0.0030422790501615994,0.005610491742438298,341.87
38.96,-0.004681818181818193,0.0076856971237148864,-0.002952279050161565,0.005270491742438291,341.87
38.964,-0.0050218181818182,0.0075956971237149075,-0.002612279050161558,0.0050104917424383085,341.87
38.968,-0.005361818181818207,0.007425697123714904,-0.002182279050161572,0.0047604917424382805,341.87
38.972,-0.00562181818181819,0.0071756971237149315,-0.0016722790501615616,0.0046704917424383015,341.87
38.976,-0.005871818181818162,0.0068256971237149145,-0.0012422790501615756,0.0042404917424383156,341.87
38.98,-0.006221818181818179,0.006655697123714911,-0.0009022790501615686,0.003820491742438284,341.87
38.984,-0.006471818181818207,0.006315697123714904,-0.0006422790501615861,0.0034704917424383227,341.87
38.988,-0.006641818181818155,0.006055697123714922,-0.0003922790501615581,0.0032204917424382947,341.87
38.992,-0.006901818181818193,0.005805697123714894,-5.227905016160666e-05,0.002960491742438312,341.87
38.996,-0.0070718181818181965,0.005465697123714887,0.0002977209498384103,0.0026204917424383052,341.87
39.0,-0.007501818181818182,0.005205697123714904,0.0007177209498384418,0.0022804917424382983,341.87
39.004,-0.00784181818181819,0.005035697123714901,0.0012377209498384066,0.002020491742438316,341.87
39.008,-0.007931818181818168,0.004695697123714894,0.0015777209498384136,0.0018504917424383121,341.87
39.012,-0.0083518181818182,0.004265697123714908,0.001747720949838417,0.0015104917424383052,341.87
39.016,-0.008701818181818161,0.003925697123714901,0.0020077209498383995,0.0011704917424382982,341.87
39.02,-0.008781818181818186,0.003665697123714919,0.002427720949838431,0.0010004917424382947,341.87
39.024,-0.009041818181818168,0.0034056971237149364,0.002857720949838417,0.0006504917424382777,341.87
39.028,-0.009211818181818172,0.002985697123714905,0.0031177209498383994,0.00023049174243830182,341.87
39.032,-0.0094618181818182,0.002555697123714919,0.003537720949838431,-0.00010950825756170514,341.87
39.036,-0.0094618181818182,0.002215697123714912,0.0037977209498384133,-0.00036950825756168764,341.87
39.04,-0.009551818181818179,0.001875697123714905,0.004137720949838421,-0.0007095082575616946,341.87
39.044,-0.009891818181818186,0.0016156971237149226,0.004477720949838428,-0.0010495082575617016,341.87
39.048,-0.010061818181818189,0.00135569712371494,0.004827720949838389,-0.001309508257561684,341.87
39.052,-0.010151818181818168,0.0009356971237149085,0.004907720949838414,-0.0014795082575616875,341.87
39.056,-0.010491818181818175,0.0005056971237149226,0.005247720949838421,-0.0018195082575616945,341.87
39.06,-0.010491818181818175,0.00016569712371491561,0.0055977209498384375,-0.00224950825756168,341.87
39.064,-0.010661818181818179,-0.00017430287628509135,0.00584772094983841,-0.002589508257561687,341.87
39.068,-0.010831818181818182,-0.0006043028762850773,0.0061077209498383925,-0.0026795082575617217,341.87
39.072,-0.011091818181818165,-0.0011143028762850876,0.006537720949838434,-0.0031095082575617076,341.87
39.076,-0.011171818181818189,-0.0014643028762851046,0.006877720949838441,-0.0034495082575617146,341.87
39.08,-0.011171818181818189,-0.0015443028762850736,0.007047720949838389,-0.0035295082575616836,341.87
39.084,-0.011001818181818186,-0.0018843028762850805,0.007297720949838417,-0.0038795082575617005,341.87
39.088,-0.010831818181818182,-0.0022343028762850975,0.007387720949838396,-0.004129508257561673,341.87
39.092,-0.010831818181818182,-0.0026543028762850735,0.007727720949838403,-0.004389508257561711,341.87
39.096,-0.010751818181818158,-0.0030843028762850594,0.00806772094983841,-0.004729508257561718,341.87
39.1,-0.010751818181818158,-0.0034243028762850664,0.008157720949838389,-0.0049895082575617,341.87
39.104,-0.010751818181818158,-0.0037643028762850733,0.008417720949838427,-0.005159508257561704,341.87
39.108,-0.010751818181818158,-0.004024302876285112,0.0086677209498384,-0.005409508257561676,341.87
39.112,-0.010751818181818158,-0.004364302876285063,0.008927720949838437,-0.005669508257561714,341.87
39.116,-0.010751818181818158,-0.004794302876285105,0.009007720949838406,-0.005929508257561697,341.87
39.12,-0.010751818181818158,-0.005054302876285087,0.008927720949838437,-0.0060995082575617,341.87
39.124,-0.010831818181818182,-0.00530430287628506,0.008927720949838437,-0.006519508257561676,341.87
39.128,-0.010751818181818158,-0.0056443028762850666,0.009007720949838406,-0.006779508257561714,341.87
39.132,-0.01058181818181821,-0.0059043028762851045,0.00909772094983844,-0.006869508257561693,341.87
39.136,-0.010321818181818172,-0.0063343028762850905,0.009267720949838389,-0.0072095082575617,341.87
39.14,-0.010231818181818193,-0.0066743028762850974,0.009527720949838427,-0.007459508257561673,341.87
39.144,-0.010321818181818172,-0.00693430287628508,0.009777720949838399,-0.007719508257561711,341.87
39.148,-0.010231818181818193,-0.007274302876285087,0.009867720949838434,-0.007979508257561694,341.87
39.152,-0.010061818181818189,-0.007524302876285059,0.009867720949838434,-0.008059508257561718,341.87
39.156,-0.009891818181818186,-0.007704302876285073,0.009867720949838434,-0.008319508257561701,341.87
39.16,-0.009811818181818161,-0.008044302876285079,0.010037720949838437,-0.00840950825756168,341.87
39.164,-0.009551818181818179,-0.008294302876285107,0.010127720949838416,-0.008659508257561708,341.87
39.168,-0.009381818181818175,-0.008474302876285065,0.010127720949838416,-0.008749508257561687,341.87
39.172,-0.009121818181818193,-0.008724302876285093,0.010127720949838416,-0.008829508257561711,341.87
39.176,-0.00895181818181819,-0.008984302876285075,0.01020772094983844,-0.009089508257561694,341.87
39.18,-0.008871818181818165,-0.009234302876285103,0.01020772094983844,-0.009169508257561718,341.87
39.184,-0.008701818181818161,-0.009414302876285061,0.01020772094983844,-0.009259508257561697,341.87
39.188,-0.008271818181818175,-0.00966430287628509,0.010127720949838416,-0.00951950825756168,341.87
39.192,-0.007931818181818168,-0.009754302876285068,0.01020772094983844,-0.009599508257561704,341.87
39.196,-0.007751818181818155,-0.010004302876285096,0.01020772094983844,-0.009689508257561683,341.87
39.2,-0.007411818181818203,-0.010094302876285075,0.010127720949838416,-0.009689508257561683,341.87
39.204,-0.0070718181818181965,-0.0101743028762851,0.010037720949838437,-0.009599508257561704,341.87
39.208,-0.006991818181818172,-0.010434302876285082,0.009867720949838434,-0.009599508257561704,341.87
39.212,-0.006561818181818186,-0.010434302876285082,0.009867720949838434,-0.009599508257561704,341.87
39.216,-0.006221818181818179,-0.010604302876285086,0.009867720949838434,-0.009599508257561704,341.87
39.22,-0.006051818181818176,-0.010944302876285093,0.00969772094983843,-0.009769508257561708,341.87
39.224,-0.005791818181818193,-0.011204302876285075,0.009437720949838392,-0.01002950825756169,341.87
39.228,-0.005361818181818207,-0.01129430287628511,0.009437720949838392,-0.01002950825756169,341.87
39.232,-0.0050218181818182,-0.01129430287628511,0.009267720949838389,-0.01002950825756169,341.87
39.236,-0.004851818181818197,-0.01129430287628511,0.009007720949838406,-0.01002950825756169,341.87
39.24,-0.00451181818181819,-0.01129430287628511,0.008927720949838437,-0.01002950825756169,341.87
39.244,-0.004171818181818183,-0.011204302876285075,0.008837720949838403,-0.009939508257561711,341.87
39.248,-0.003741818181818197,-0.01129430287628511,0.00858772094983843,-0.009689508257561683,341.87
39.252,-0.00340181818181819,-0.01129430287628511,0.008417720949838427,-0.009599508257561704,341.87
39.256,-0.0031418181818182074,-0.01129430287628511,0.008237720949838413,-0.009689508257561683,341.87
39.26,-0.0028818181818181694,-0.01129430287628511,0.008417720949838427,-0.009599508257561704,341.87
39.264,-0.0024618181818181935,-0.01129430287628511,0.008237720949838413,-0.009599508257561704,341.87
39.268,-0.0020318181818182075,-0.01129430287628511,0.00806772094983841,-0.009689508257561683,341.87
39.272,-0.0016918181818182008,-0.011204302876285075,0.007817720949838437,-0.00951950825756168,341.87
39.276,-0.0013418181818181838,-0.011034302876285072,0.007387720949838396,-0.009259508257561697,341.87
39.28,-0.0010918181818181558,-0.010864302876285068,0.007127720949838413,-0.009259508257561697,341.87
39.284,-0.0008318181818181734,-0.010604302876285086,0.007047720949838389,-0.009089508257561694,341.87
39.288,-0.0004918181818181664,-0.010524302876285061,0.006787720949838406,-0.008829508257561711,341.87
39.292,-6.181818181818046e-05,-0.010354302876285113,0.006187720949838417,-0.008829508257561711,341.87
39.296,0.0003581818181817955,-0.010094302876285075,0.005937720949838389,-0.008749508257561687,341.87
39.3,0.000788181818181837,-0.010094302876285075,0.0055977209498384375,-0.008489508257561704,341.87
39.304,0.001218181818181823,-0.010004302876285096,0.005247720949838421,-0.008229508257561722,341.87
39.308,0.0014781818181818054,-0.009754302876285068,0.005077720949838417,-0.007979508257561694,341.87
39.312,0.0016481818181818088,-0.00966430287628509,0.00473772094983841,-0.007889508257561715,341.87
39.316,0.001988181818181816,-0.009584302876285065,0.004477720949838428,-0.007639508257561686,341.87
39.32,0.0024981818181818265,-0.009324302876285082,0.004307720949838424,-0.007379508257561704,341.87
39.324,0.0029281818181818124,-0.009154302876285079,0.003967720949838417,-0.007039508257561697,341.87
39.328,0.0031781818181818404,-0.008984302876285075,0.003717720949838389,-0.006869508257561693,341.87
39.332,0.0032681818181818194,-0.008724302876285093,0.003537720949838431,-0.00669950825756169,341.87
39.336,0.0036081818181818263,-0.008384302876285086,0.003197720949838424,-0.006349508257561673,341.87
39.34,0.004038181818181812,-0.008044302876285079,0.002857720949838417,-0.0060995082575617,341.87
39.344,0.004468181818181798,-0.007874302876285075,0.0026877209498384134,-0.005929508257561697,341.87
39.348,0.004718181818181826,-0.007524302876285059,0.0023477209498384065,-0.005669508257561714,341.87
39.352,0.00488818181818183,-0.007274302876285087,0.0020077209498383995,-0.005409508257561676,341.87
39.356,0.005238181818181791,-0.007184302876285108,0.001747720949838417,-0.005069508257561725,341.87
39.36,0.005578181818181798,-0.006844302876285101,0.0014877209498384346,-0.0046395082575616834,341.87
39.364,0.005748181818181802,-0.006504302876285094,0.0011477209498384276,-0.004389508257561711,341.87
39.368,0.0060881818181818086,-0.0062443028762851115,0.0008877209498383897,-0.0042195082575617075,341.87
39.372,0.006348181818181791,-0.0059043028762851045,0.0006377209498384173,-0.0038795082575617005,341.87
39.376,0.006598181818181819,-0.005564302876285098,0.0002977209498384103,-0.0034495082575617146,341.87
39.38,0.006948181818181836,-0.005224302876285091,-5.227905016160666e-05,-0.0031895082575616766,341.87
39.384,0.007288181818181843,-0.004964302876285108,-0.0003022790501615791,-0.003019508257561673,341.87
39.388,0.007368181818181812,-0.00470430287628507,-0.0004722790501615826,-0.0026795082575617217,341.87
39.392,0.007708181818181819,-0.004364302876285063,-0.0009022790501615686,-0.00224950825756168,341.87
39.396,0.007968181818181801,-0.004024302876285112,-0.0013322790501616101,-0.0019095082575616735,341.87
39.4,0.008138181818181805,-0.0036843028762851044,-0.001752279050161586,-0.001569508257561722,341.87
39.404,0.008398181818181843,-0.0033443028762850974,-0.002102279050161603,-0.001309508257561684,341.87
39.408,0.00856818181818179,-0.002824302876285077,-0.002182279050161572,-0.0009695082575616771,341.87
39.412,0.008828181818181829,-0.0026543028762850735,-0.002522279050161579,-0.0005395082575616911,341.87
39.416,0.009078181818181801,-0.0023143028762850665,-0.002872279050161596,-0.00019950825756168413,341.87
39.42,0.009418181818181808,-0.0018843028762850805,-0.0031222790501615684,6.049174243829834e-05,341.87
39.424,0.009418181818181808,-0.0014643028762851046,-0.0033822790501616064,0.0003104917424383263,341.87
39.428,0.009418181818181808,-0.0011143028762850876,-0.0038122790501615923,0.0006504917424382777,341.87
39.432,0.00967818181818179,-0.0008643028762850598,-0.004152279050161599,0.0010004917424382947,341.87
39.436,0.009938181818181829,-0.0006043028762850773,-0.004232279050161568,0.0014204917424383262,341.87
39.44,0.010278181818181836,-0.00026430287628507034,-0.004582279050161585,0.0017704917424382876,341.87
39.444,0.010278181818181836,0.00016569712371491561,-0.005092279050161595,0.002020491742438316,341.87
39.448,0.010278181818181836,0.0005856971237148916,-0.005342279050161568,0.0023604917424383228,341.87
39.452,0.010538181818181818,0.0010156971237149331,-0.005432279050161602,0.0027104917424382842,341.87
39.456,0.010538181818181818,0.00135569712371494,-0.005862279050161588,0.0031304917424383157,341.87
39.46,0.010708181818181822,0.001445697123714919,-0.006202279050161595,0.0034704917424383227,341.87
39.464,0.010958181818181794,0.001785697123714926,-0.006372279050161599,0.0035604917424383016,341.87
39.468,0.010958181818181794,0.002125697123714933,-0.006712279050161606,0.0039004917424383086,341.87
39.472,0.010878181818181825,0.002555697123714919,-0.006972279050161588,0.0043304917424382946,341.87
39.476,0.010708181818181822,0.0030656971237149294,-0.0071422790501615915,0.004590491742438277,341.87
39.48,0.010618181818181843,0.0034956971237149153,-0.007312279050161595,0.0047604917424382805,341.87
39.484,0.010618181818181843,0.003755697123714898,-0.0074822790501615985,0.005180491742438312,341.87
39.488,0.010618181818181843,0.003925697123714901,-0.007822279050161605,0.005530491742438273,341.87
39.492,0.010618181818181843,0.004265697123714908,-0.008162279050161557,0.005610491742438298,341.87
39.496,0.010618181818181843,0.004605697123714915,-0.008422279050161595,0.005950491742438305,341.87
39.5,0.010538181818181818,0.004775697123714918,-0.008682279050161577,0.006380491742438291,341.87
39.504,0.010618181818181843,0.005115697123714925,-0.008762279050161602,0.006720491742438298,341.87
39.508,0.010538181818181818,0.005465697123714887,-0.009022279050161584,0.006890491742438301,341.87
39.512,0.010538181818181818,0.005715697123714915,-0.009112279050161563,0.007150491742438284,341.87
39.516,0.010448181818181839,0.005975697123714897,-0.009192279050161588,0.007320491742438287,341.87
39.52,0.010278181818181836,0.006315697123714904,-0.009282279050161567,0.007660491742438294,341.87
39.524,0.010278181818181836,0.006655697123714911,-0.009792279050161577,0.007830491742438297,341.87
39.528,0.010278181818181836,0.0068256971237149145,-0.009792279050161577,0.0080004917424383,341.87
39.532,0.010278181818181836,0.0071756971237149315,-0.009622279050161574,0.00809049174243828,341.87
39.536,0.010188181818181801,0.0075156971237149385,-0.009702279050161598,0.008350491742438317,341.87
39.54,0.010108181818181832,0.0076856971237148864,-0.009872279050161602,0.00860049174243829,341.87
39.544,0.009848181818181794,0.00785569712371489,-0.009872279050161602,0.008770491742438293,341.87
39.548,0.009768181818181825,0.008025697123714894,-0.00996227905016158,0.008860491742438272,341.87
39.552,0.009508181818181843,0.008285697123714932,-0.01005227905016156,0.00912049174243831,341.87
39.556,0.009248181818181805,0.008455697123714936,-0.010222279050161563,0.00920049174243828,341.87
39.56,0.008998181818181832,0.008705697123714908,-0.010302279050161588,0.009370491742438283,341.87
39.564,0.008828181818181829,0.008795697123714887,-0.010392279050161567,0.00963049174243832,341.87
39.568,0.008478181818181812,0.00896569712371489,-0.010392279050161567,0.00963049174243832,341.87
39.572,0.00822818181818184,0.009225697123714929,-0.010392279050161567,0.00971049174243829,341.87
39.576,0.008058181818181836,0.009475697123714901,-0.010642279050161595,0.009800491742438324,341.87
39.58,0.007708181818181819,0.009475697123714901,-0.010642279050161595,0.010060491742438307,341.87
39.584,0.007458181818181791,0.009565697123714936,-0.010732279050161574,0.010060491742438307,341.87
39.588,0.007288181818181843,0.009645697123714905,-0.010642279050161595,0.010060491742438307,341.87
39.592,0.006948181818181836,0.009565697123714936,-0.010642279050161595,0.010060491742438307,341.87
39.596,0.0065181818181817945,0.009735697123714939,-0.010732279050161574,0.010060491742438307,341.87
39.6,0.006178181818181843,0.009995697123714922,-0.010732279050161574,0.010060491742438307,341.87
39.604,0.0060881818181818086,0.009995697123714922,-0.010732279050161574,0.009970491742438272,341.87
39.608,0.005658181818181823,0.01007569712371489,-0.010642279050161595,0.010060491742438307,341.87
39.612,0.005238181818181791,0.010335697123714929,-0.010302279050161588,0.010060491742438307,341.87
39.616,0.00488818181818183,0.010505697123714932,-0.010132279050161584,0.010060491742438307,341.87
39.62,0.004638181818181802,0.010505697123714932,-0.010222279050161563,0.010060491742438307,341.87
39.624,0.004378181818181819,0.010415697123714898,-0.01005227905016156,0.010060491742438307,341.87
39.628,0.004038181818181812,0.010415697123714898,-0.009622279050161574,0.009970491742438272,341.87
39.632,0.0036981818181818053,0.010415697123714898,-0.009622279050161574,0.009800491742438324,341.87
39.636,0.0032681818181818194,0.010415697123714898,-0.00945227905016157,0.009540491742438286,341.87
39.64,0.002758181818181809,0.010415697123714898,-0.009192279050161588,0.009290491742438314,341.87
39.644,0.002328181818181823,0.010415697123714898,-0.009112279050161563,0.009290491742438314,341.87
39.648,0.0020681818181818405,0.010505697123714932,-0.00885227905016158,0.00920049174243828,341.87
39.652,0.0018981818181818368,0.010415697123714898,-0.008592279050161598,0.008940491742438297,341.87
39.656,0.0015581818181818299,0.010505697123714932,-0.00834227905016157,0.008860491742438272,341.87
39.66,0.001218181818181823,0.010505697123714932,-0.008162279050161557,0.008770491742438293,341.87
39.664,0.0007081818181818124,0.010245697123714894,-0.007822279050161605,0.00860049174243829,341.87
39.668,0.0002781818181818265,0.010245697123714894,-0.0075722790501615775,0.008770491742438293,341.87
39.672,-6.181818181818046e-05,0.010165697123714925,-0.007312279050161595,0.00852049174243832,341.87
39.676,-0.0004018181818181874,0.010165697123714925,-0.006972279050161588,0.008180491742438314,341.87
39.68,-0.0006618181818181699,0.009735697123714939,-0.006632279050161581,0.00809049174243828,341.87
39.684,-0.0010018181818181769,0.009735697123714939,-0.006462279050161578,0.0080004917424383,341.87
39.688,-0.0013418181818181838,0.009905697123714887,-0.006112279050161561,0.007750491742438273,341.87
39.692,-0.0016918181818182008,0.009645697123714905,-0.005772279050161609,0.007490491742438291,341.87
39.696,-0.0020318181818182075,0.009395697123714932,-0.005432279050161602,0.007240491742438318,341.87
39.7,-0.002371818181818159,0.009395697123714932,-0.005342279050161568,0.007150491742438284,341.87
39.704,-0.0025418181818181625,0.008875697123714912,-0.005002279050161561,0.006890491742438301,341.87
39.708,-0.0028818181818181694,0.008705697123714908,-0.004582279050161585,0.006720491742438298,341.87
39.712,-0.0032318181818181864,0.008455697123714936,-0.004232279050161568,0.006470491742438325,341.87
39.716,-0.003741818181818197,0.008455697123714936,-0.004062279050161564,0.006300491742438322,341.87
39.72,-0.004081818181818204,0.008285697123714932,-0.003722279050161558,0.005950491742438305,341.87
39.724,-0.004251818181818207,0.008025697123714894,-0.003292279050161572,0.005700491742438277,341.87
39.728,-0.004591818181818159,0.007935697123714915,-0.002872279050161596,0.005530491742438273,341.87
39.732,-0.004931818181818166,0.0076856971237148864,-0.00244227905016161,0.0051004917424382875,341.87
39.736,-0.005281818181818183,0.007425697123714904,-0.002182279050161572,0.0047604917424382805,341.87
39.74,-0.005451818181818186,0.007085697123714897,-0.001842279050161565,0.0046704917424383015,341.87
39.744,-0.005791818181818193,0.0068256971237149145,-0.0015822790501615826,0.0043304917424382946,341.87
39.748,-0.0061318181818182,0.006655697123714911,-0.0012422790501615756,0.003990491742438288,341.87
39.752,-0.006471818181818207,0.006405697123714939,-0.0009022790501615686,0.0036504917424382806,341.87
39.756,-0.006641818181818155,0.006235697123714935,-0.0004722790501615826,0.003390491742438298,341.87
39.76,-0.006901818181818193,0.005885697123714918,-5.227905016160666e-05,0.003050491742438291,341.87
39.764,-0.006991818181818172,0.005465697123714887,0.0002977209498384103,0.0027104917424382842,341.87
39.768,-0.007331818181818179,0.005205697123714904,0.0007177209498384418,0.0023604917424383228,341.87
39.772,-0.007671818181818186,0.005035697123714901,0.0010677209498384031,0.0021904917424383193,341.87
39.776,-0.007931818181818168,0.004695697123714894,0.0012377209498384066,0.0018504917424383121,341.87
39.78,-0.008181818181818196,0.004355697123714887,0.0015777209498384136,0.0014204917424383262,341.87
39.784,-0.0083518181818182,0.003925697123714901,0.0019177209498384205,0.0011704917424382982,341.87
39.788,-0.008701818181818161,0.003665697123714919,0.0023477209498384065,0.0010004917424382947,341.87
39.792,-0.009041818181818168,0.003325697123714912,0.002767720949838438,0.0006504917424382777,341.87
39.796,-0.009121818181818193,0.002985697123714905,0.003287720949838403,0.0003104917424383263,341.87
39.8,-0.009211818181818172,0.002645697123714898,0.00362772094983841,-2.9508257561680645e-05,341.87
39.804,-0.0094618181818182,0.002215697123714912,0.003717720949838389,-0.00019950825756168413,341.87
39.808,-0.009641818181818158,0.0019556971237149295,0.003967720949838417,-0.0005395082575616911,341.87
39.812,-0.009891818181818186,0.0017056971237149015,0.004397720949838403,-0.0008795082575616981,341.87
39.816,-0.009891818181818186,0.00135569712371494,0.00473772094983841,-0.0010495082575617016,341.87
39.82,-0.009981818181818165,0.0010156971237149331,0.004997720949838393,-0.0013995082575617185,341.87
39.824,-0.010151818181818168,0.0005856971237148916,0.0053377209498383996,-0.0018195082575616945,341.87
39.828,-0.010231818181818193,0.00016569712371491561,0.0056777209498384065,-0.0020795082575616767,341.87
39.832,-0.010231818181818193,-0.00026430287628507034,0.00584772094983841,-0.0023395082575617147,341.87
39.836,-0.010231818181818193,-0.0006043028762850773,0.0061077209498383925,-0.0026795082575617217,341.87
39.84,-0.010321818181818172,-0.0007743028762850808,0.006537720949838434,-0.002939508257561704,341.87
39.844,-0.010491818181818175,-0.0011143028762850876,0.006877720949838441,-0.0031095082575617076,341.87
39.848,-0.010751818181818158,-0.0015443028762850736,0.00695772094983841,-0.00335950825756168,341.87
39.852,-0.010831818181818182,-0.0018843028762850805,0.007217720949838392,-0.0034495082575617146,341.87
39.856,-0.010751818181818158,-0.0022343028762850975,0.007387720949838396,-0.0037895082575617215,341.87
39.86,-0.010751818181818158,-0.0026543028762850735,0.007647720949838434,-0.0042195082575617075,341.87
39.864,-0.010751818181818158,-0.0030043028762850904,0.007897720949838406,-0.0045595082575617145,341.87
39.868,-0.010751818181818158,-0.003254302876285063,0.008237720949838413,-0.004729508257561718,341.87
39.872,-0.010751818181818158,-0.00359430287628507,0.008497720949838396,-0.004899508257561721,341.87
39.876,-0.010751818181818158,-0.003944302876285087,0.00858772094983843,-0.005159508257561704,341.87
39.88,-0.010831818181818182,-0.004364302876285063,0.00858772094983843,-0.005499508257561711,341.87
39.884,-0.010831818181818182,-0.004794302876285105,0.0086677209498384,-0.005669508257561714,341.87
39.888,-0.010751818181818158,-0.005054302876285087,0.008927720949838437,-0.0060995082575617,341.87
39.892,-0.010831818181818182,-0.00530430287628506,0.008927720949838437,-0.0060995082575617,341.87
39.896,-0.010921818181818161,-0.0056443028762850666,0.00909772094983844,-0.006349508257561673,341.87
39.9,-0.010751818181818158,-0.0059943028762850835,0.009357720949838423,-0.006779508257561714,341.87
39.904,-0.010491818181818175,-0.0062443028762851115,0.009357720949838423,-0.007039508257561697,341.87
39.908,-0.010401818181818196,-0.0064143028762850595,0.009437720949838392,-0.007289508257561725,341.87
39.912,-0.010321818181818172,-0.0067643028762850764,0.00969772094983843,-0.007549508257561707,341.87
39.916,-0.010151818181818168,-0.007104302876285083,0.00969772094983843,-0.007639508257561686,341.87
39.92,-0.009981818181818165,-0.007274302876285087,0.00969772094983843,-0.007889508257561715,341.87
39.924,-0.009981818181818165,-0.007614302876285094,0.00969772094983843,-0.008059508257561718,341.87
39.928,-0.009891818181818186,-0.0079543028762851,0.009867720949838434,-0.008319508257561701,341.87
39.932,-0.009551818181818179,-0.008124302876285103,0.010127720949838416,-0.008489508257561704,341.87
39.936,-0.009291818181818196,-0.008384302876285086,0.01020772094983844,-0.008829508257561711,341.87
39.94,-0.009121818181818193,-0.008474302876285065,0.010127720949838416,-0.008999508257561715,341.87
39.944,-0.009041818181818168,-0.008814302876285072,0.010127720949838416,-0.009089508257561694,341.87
39.948,-0.008781818181818186,-0.009154302876285079,0.01020772094983844,-0.009169508257561718,341.87
39.952,-0.008611818181818182,-0.009324302876285082,0.01020772094983844,-0.009169508257561718,341.87
39.956,-0.0083518181818182,-0.00966430287628509,0.010127720949838416,-0.009169508257561718,341.87
39.96,-0.008181818181818196,-0.009754302876285068,0.01020772094983844,-0.009169508257561718,341.87
39.964,-0.00784181818181819,-0.010004302876285096,0.01020772094983844,-0.009169508257561718,341.87
39.968,-0.007581818181818207,-0.010004302876285096,0.01020772094983844,-0.009169508257561718,341.87
39.972,-0.007331818181818179,-0.010094302876285075,0.010037720949838437,-0.009259508257561697,341.87
39.976,-0.006991818181818172,-0.010434302876285082,0.009777720949838399,-0.00951950825756168,341.87
39.98,-0.0067318181818181895,-0.010694302876285065,0.009777720949838399,-0.00951950825756168,341.87
39.984,-0.006561818181818186,-0.010944302876285093,0.009777720949838399,-0.00951950825756168,341.87
39.988,-0.006221818181818179,-0.011204302876285075,0.00969772094983843,-0.00951950825756168,341.87
39.992,-0.005791818181818193,-0.01129430287628511,0.009437720949838392,-0.00951950825756168,341.87
39.996,-0.005451818181818186,-0.01129430287628511,0.009437720949838392,-0.009599508257561704,341.87
40.0,-0.005281818181818183,-0.01129430287628511,0.009357720949838423,-0.009859508257561687,341.87
40.004,-0.004931818181818166,-0.01129430287628511,0.00909772094983844,-0.009859508257561687,341.87
40.008,-0.004591818181818159,-0.01129430287628511,0.008927720949838437,-0.009599508257561704,341.87
40.012,-0.004341818181818186,-0.01129430287628511,0.008837720949838403,-0.009689508257561683,341.87
40.016,-0.004081818181818204,-0.01129430287628511,0.00858772094983843,-0.009769508257561708,341.87
40.02,-0.003741818181818197,-0.01129430287628511,0.008497720949838396,-0.009769508257561708,341.87
40.024,-0.0033118181818181554,-0.01129430287628511,0.008237720949838413,-0.009689508257561683,341.87
40.028,-0.002971818181818204,-0.01129430287628511,0.008157720949838389,-0.009599508257561704,341.87
40.032,-0.0028818181818181694,-0.011204302876285075,0.007897720949838406,-0.009599508257561704,341.87
40.036,-0.002631818181818197,-0.011114302876285096,0.007817720949838437,-0.009689508257561683,341.87
40.04,-0.0021118181818181765,-0.011114302876285096,0.007647720949838434,-0.00951950825756168,341.87
40.044,-0.0016018181818181663,-0.010864302876285068,0.007297720949838417,-0.009259508257561697,341.87
40.048,-0.0011718181818181803,-0.010774302876285089,0.007127720949838413,-0.009259508257561697,341.87
40.052,-0.0008318181818181734,-0.010524302876285061,0.007127720949838413,-0.009259508257561697,341.87
40.056,-0.0004018181818181874,-0.010524302876285061,0.006787720949838406,-0.009169508257561718,341.87
40.06,-6.181818181818046e-05,-0.010604302876285086,0.006617720949838403,-0.00891950825756169,341.87
40.064,1.8181818181844034e-05,-0.010434302876285082,0.006277720949838396,-0.008659508257561708,341.87
40.068,0.0002781818181818265,-0.0101743028762851,0.0060177209498384135,-0.00840950825756168,341.87
40.072,0.0007081818181818124,-0.009924302876285072,0.0056777209498384065,-0.008319508257561701,341.87
40.076,0.001128181818181844,-0.00966430287628509,0.005417720949838424,-0.008059508257561718,341.87
40.08,0.0016481818181818088,-0.00966430287628509,0.005167720949838396,-0.007979508257561694,341.87
40.084,0.001988181818181816,-0.00966430287628509,0.004827720949838389,-0.00780950825756169,341.87
40.088,0.0020681818181818405,-0.009414302876285061,0.004657720949838441,-0.007459508257561673,341.87
40.092,0.002328181818181823,-0.009234302876285103,0.004477720949838428,-0.0072095082575617,341.87
40.096,0.002758181818181809,-0.008984302876285075,0.004137720949838421,-0.007119508257561721,341.87
40.1,0.0031781818181818404,-0.008814302876285072,0.0037977209498384133,-0.006869508257561693,341.87
40.104,0.003528181818181802,-0.008474302876285065,0.003537720949838431,-0.006609508257561711,341.87
40.108,0.0036981818181818053,-0.008214302876285082,0.003197720949838424,-0.006269508257561704,341.87
40.112,0.004038181818181812,-0.008044302876285079,0.002767720949838438,-0.005929508257561697,341.87
40.116,0.004468181818181798,-0.007704302876285073,0.00251772094983841,-0.005839508257561718,341.87
40.12,0.004718181818181826,-0.007354302876285111,0.0022577209498384275,-0.005499508257561711,341.87
40.124,0.00488818181818183,-0.007104302876285083,0.0019177209498384205,-0.005239508257561673,341.87
40.128,0.005238181818181791,-0.0067643028762850764,0.001657720949838438,-0.005069508257561725,341.87
40.132,0.005578181818181798,-0.0063343028762850905,0.001317720949838431,-0.004729508257561718,341.87
40.136,0.005828181818181826,-0.0059943028762850835,0.0011477209498384276,-0.0042195082575617075,341.87
40.14,0.006178181818181843,-0.0059043028762851045,0.0008077209498384208,-0.0038795082575617005,341.87
40.144,0.006348181818181791,-0.005564302876285098,0.0003777209498384348,-0.003699508257561687,341.87
40.148,0.0065181818181817945,-0.005134302876285112,0.00012772094983840682,-0.0034495082575617146,341.87
40.152,0.0068581818181818015,-0.004794302876285105,-0.00013227905016157564,-0.0031095082575617076,341.87
40.156,0.0071981818181818084,-0.004624302876285101,-0.0005622790501615616,-0.0027595082575616907,341.87
40.16,0.007458181818181791,-0.004364302876285063,-0.0009922790501616032,-0.002509508257561718,341.87
40.164,0.007798181818181798,-0.003944302876285087,-0.0013322790501616101,-0.0021695082575617112,341.87
40.168,0.008058181818181836,-0.00359430287628507,-0.0015822790501615826,-0.0018195082575616945,341.87
40.172,0.00822818181818184,-0.003254302876285063,-0.001752279050161586,-0.0014795082575616875,341.87
40.176,0.008478181818181812,-0.0030843028762850594,-0.002102279050161603,-0.0011395082575616805,341.87
40.18,0.00856818181818179,-0.002744302876285108,-0.00244227905016161,-0.0009695082575616771,341.87
40.184,0.008828181818181829,-0.0023143028762850665,-0.002612279050161558,-0.0006295082575617256,341.87
40.188,0.009078181818181801,-0.0019743028762850595,-0.002952279050161565,-0.00019950825756168413,341.87
40.192,0.00933818181818184,-0.0015443028762850736,-0.0033822790501616064,0.00023049174243830182,341.87
40.196,0.009508181818181843,-0.0011143028762850876,-0.003642279050161589,0.0006504917424382777,341.87
40.2,0.009768181818181825,-0.0007743028762850808,-0.003982279050161595,0.0009104917424383157,341.87
40.204,0.009848181818181794,-0.0005243028762851083,-0.004152279050161599,0.0011704917424382982,341.87
40.208,0.010108181818181832,-0.00017430287628509135,-0.004492279050161606,0.0015104917424383052,341.87
40.212,0.010188181818181801,0.0002456971237149401,-0.005002279050161561,0.001940491742438291,341.87
40.216,0.010358181818181805,0.0005856971237148916,-0.005342279050161568,0.0023604917424383228,341.87
40.22,0.010618181818181843,0.0009356971237149085,-0.005432279050161602,0.0025304917424383263,341.87
40.224,0.010708181818181822,0.0012756971237149156,-0.005772279050161609,0.0027104917424382842,341.87
40.228,0.01078818181818179,0.0016156971237149226,-0.006032279050161592,0.0031304917424383157,341.87
40.232,0.010958181818181794,0.001875697123714905,-0.006282279050161564,0.0035604917424383016,341.87
40.236,0.010958181818181794,0.002215697123714912,-0.006632279050161581,0.003820491742438284,341.87
40.24,0.010878181818181825,0.002645697123714898,-0.006882279050161609,0.0039004917424383086,341.87
40.244,0.010708181818181822,0.002895697123714926,-0.0071422790501615915,0.0043304917424382946,341.87
40.248,0.010708181818181822,0.003235697123714933,-0.0074822790501615985,0.0047604917424382805,341.87
40.252,0.010618181818181843,0.0034956971237149153,-0.007742279050161581,0.0050104917424383085,341.87
40.256,0.010538181818181818,0.0038356971237149223,-0.007992279050161609,0.005180491742438312,341.87
40.26,0.010538181818181818,0.004265697123714908,-0.008252279050161591,0.005530491742438273,341.87
40.264,0.010618181818181843,0.004605697123714915,-0.00834227905016157,0.005950491742438305,341.87
40.268,0.010618181818181843,0.004775697123714918,-0.008592279050161598,0.006300491742438322,341.87
40.272,0.010618181818181843,0.005115697123714925,-0.008682279050161577,0.006550491742438294,341.87
40.276,0.010618181818181843,0.005375697123714908,-0.008932279050161605,0.006890491742438301,341.87
40.28,0.010618181818181843,0.005545697123714911,-0.009192279050161588,0.007150491742438284,341.87
40.284,0.010618181818181843,0.005885697123714918,-0.00945227905016157,0.007320491742438287,341.87
40.288,0.010448181818181839,0.006145697123714901,-0.009622279050161574,0.007580491742438325,341.87
40.292,0.010188181818181801,0.006405697123714939,-0.00996227905016158,0.007660491742438294,341.87
40.296,0.010188181818181801,0.00674569712371489,-0.01005227905016156,0.007920491742438276,341.87
40.3,0.010188181818181801,0.006995697123714918,-0.010132279050161584,0.00809049174243828,341.87
40.304,0.010278181818181836,0.0071756971237149315,-0.010222279050161563,0.008350491742438317,341.87
40.308,0.010278181818181836,0.0075156971237149385,-0.010302279050161588,0.00860049174243829,341.87
40.312,0.010108181818181832,0.00785569712371489,-0.010392279050161567,0.008770491742438293,341.87
40.316,0.009848181818181794,0.008025697123714894,-0.010392279050161567,0.008770491742438293,341.87
40.32,0.009768181818181825,0.008285697123714932,-0.010472279050161591,0.008860491742438272,341.87
40.324,0.009508181818181843,0.008535697123714905,-0.01056227905016157,0.008860491742438272,341.87
40.328,0.00933818181818184,0.008705697123714908,-0.010392279050161567,0.008940491742438297,341.87
40.332,0.009078181818181801,0.008795697123714887,-0.010302279050161588,0.009460491742438317,341.87
40.336,0.008908181818181798,0.009055697123714925,-0.010392279050161567,0.00963049174243832,341.87
40.34,0.00856818181818179,0.009135697123714894,-0.010642279050161595,0.00971049174243829,341.87
40.344,0.00822818181818184,0.009305697123714898,-0.010642279050161595,0.00971049174243829,341.87
40.348,0.008058181818181836,0.009565697123714936,-0.010732279050161574,0.00971049174243829,341.87
40.352,0.007708181818181819,0.009565697123714936,-0.010732279050161574,0.009970491742438272,341.87
40.356,0.007288181818181843,0.009645697123714905,-0.010732279050161574,0.010060491742438307,341.87
40.36,0.0071181818181818395,0.009645697123714905,-0.010732279050161574,0.010060491742438307,341.87
40.364,0.0068581818181818015,0.009645697123714905,-0.010642279050161595,0.010060491742438307,341.87
40.368,0.0064281818181818155,0.009905697123714887,-0.010642279050161595,0.010060491742438307,341.87
40.372,0.0060881818181818086,0.009995697123714922,-0.010732279050161574,0.010060491742438307,341.87
40.376,0.005658181818181823,0.009995697123714922,-0.010732279050161574,0.010060491742438307,341.87
40.38,0.005318181818181816,0.009995697123714922,-0.01056227905016157,0.010060491742438307,341.87
40.384,0.005148181818181812,0.009995697123714922,-0.010472279050161591,0.009970491742438272,341.87
40.388,0.004808181818181805,0.010245697123714894,-0.010392279050161567,0.010060491742438307,341.87
40.392,0.004468181818181798,0.010335697123714929,-0.01005227905016156,0.010060491742438307,341.87
40.396,0.004128181818181791,0.010335697123714929,-0.009702279050161598,0.009970491742438272,341.87
40.4,0.0036081818181818263,0.010335697123714929,-0.009872279050161602,0.009800491742438324,341.87
40.404,0.0032681818181818194,0.010415697123714898,-0.009702279050161598,0.00971049174243829,341.87
40.408,0.003098181818181816,0.010505697123714932,-0.009192279050161588,0.00971049174243829,341.87
40.412,0.0028381818181818334,0.010415697123714898,-0.009022279050161584,0.00971049174243829,341.87
40.416,0.0024981818181818265,0.010415697123714898,-0.008762279050161602,0.009540491742438286,341.87
40.42,0.0020681818181818405,0.010415697123714898,-0.008592279050161598,0.009030491742438276,341.87
40.424,0.0016481818181818088,0.010415697123714898,-0.00834227905016157,0.008770491742438293,341.87
40.428,0.001218181818181823,0.010415697123714898,-0.008162279050161557,0.008690491742438324,341.87
40.432,0.000788181818181837,0.01007569712371489,-0.007912279050161584,0.00852049174243832,341.87
40.436,0.00044818181818183,0.009905697123714887,-0.007822279050161605,0.00852049174243832,341.87
40.44,0.000188181818181792,0.009905697123714887,-0.0074822790501615985,0.00852049174243832,341.87
40.444,-0.00015181818181815945,0.009995697123714922,-0.0071422790501615915,0.008180491742438314,341.87
40.448,-0.0004918181818181664,0.009905697123714887,-0.006972279050161588,0.0080004917424383,341.87
40.452,-0.0008318181818181734,0.009735697123714939,-0.006632279050161581,0.007830491742438297,341.87
40.456,-0.0013418181818181838,0.009735697123714939,-0.006282279050161564,0.007830491742438297,341.87
40.46,-0.0016918181818182008,0.009565697123714936,-0.005862279050161588,0.007660491742438294,341.87
40.464,-0.0017718181818181698,0.009395697123714932,-0.005602279050161606,0.007580491742438325,341.87
40.468,-0.0020318181818182075,0.009305697123714898,-0.005262279050161599,0.007240491742438318,341.87
40.472,-0.0025418181818181625,0.009055697123714925,-0.004922279050161592,0.00698049174243828,341.87
40.476,-0.002971818181818204,0.00896569712371489,-0.004662279050161609,0.006720491742438298,341.87
40.48,-0.00340181818181819,0.008455697123714936,-0.004492279050161606,0.006470491742438325,341.87
40.484,-0.003821818181818166,0.008285697123714932,-0.004232279050161568,0.006300491742438322,341.87
40.488,-0.004081818181818204,0.008025697123714894,-0.0038122790501615923,0.006040491742438284,341.87
40.492,-0.004171818181818183,0.00785569712371489,-0.0033822790501616064,0.00587049174243828,341.87
40.496,-0.004591818181818159,0.0075956971237149075,-0.002872279050161596,0.005530491742438273,341.87
40.5,-0.0050218181818182,0.0075156971237149385,-0.00244227905016161,0.005270491742438291,341.87
40.504,-0.005281818181818183,0.007425697123714904,-0.002182279050161572,0.0051004917424382875,341.87
40.508,-0.005531818181818155,0.0071756971237149315,-0.0020122790501615685,0.0047604917424382805,341.87
40.512,-0.005871818181818162,0.007085697123714897,-0.0016722790501615616,0.0044204917424382735,341.87
40.516,-0.0061318181818182,0.00674569712371489,-0.0012422790501615756,0.004070491742438312,341.87
40.52,-0.0063018181818182036,0.006405697123714939,-0.0009022790501615686,0.0039004917424383086,341.87
40.524,-0.006641818181818155,0.006235697123714935,-0.0004722790501615826,0.0035604917424383016,341.87
40.528,-0.006991818181818172,0.005885697123714918,-5.227905016160666e-05,0.0032204917424382947,341.87
40.532,-0.007331818181818179,0.005545697123714911,0.0003777209498384348,0.003050491742438291,341.87
40.536,-0.007501818181818182,0.005465697123714887,0.0007177209498384418,0.0027104917424382842,341.87
40.54,-0.007751818181818155,0.005035697123714901,0.0008077209498384208,0.0023604917424383228,341.87
40.544,-0.008011818181818193,0.004605697123714915,0.0012377209498384066,0.0018504917424383121,341.87
40.548,-0.008181818181818196,0.004355697123714887,0.001657720949838438,0.0015104917424383052,341.87
40.552,-0.008271818181818175,0.004265697123714908,0.0020077209498383995,0.0013404917424383017,341.87
40.556,-0.008521818181818203,0.003925697123714901,0.0023477209498384065,0.0010004917424382947,341.87
40.56,-0.008701818181818161,0.0034956971237149153,0.002767720949838438,0.0006504917424382777,341.87
40.564,-0.00895181818181819,0.0030656971237149294,0.0031177209498383994,0.0004004917424383053,341.87
40.568,-0.009211818181818172,0.0028156971237149014,0.0033677209498384274,0.00023049174243830182,341.87
40.572,-0.0094618181818182,0.002555697123714919,0.003717720949838389,-0.00010950825756170514,341.87
40.576,-0.009551818181818179,0.002125697123714933,0.003967720949838417,-0.00036950825756168764,341.87
40.58,-0.009811818181818161,0.0017056971237149015,0.004477720949838428,-0.0006295082575617256,341.87
40.584,-0.009891818181818186,0.00135569712371494,0.004827720949838389,-0.0009695082575616771,341.87
40.588,-0.010061818181818189,0.0010156971237149331,0.004907720949838414,-0.001229508257561715,341.87
40.592,-0.010231818181818193,0.0006756971237149261,0.005167720949838396,-0.0013995082575617185,341.87
40.596,-0.010321818181818172,0.0004156971237148881,0.0056777209498384065,-0.0017395082575617255,341.87
40.6,-0.010401818181818196,0.00016569712371491561,0.0060177209498384135,-0.00224950825756168,341.87
40.604,-0.010661818181818179,-0.00026430287628507034,0.006187720949838417,-0.002589508257561687,341.87
40.608,-0.011001818181818186,-0.0006943028762851118,0.006537720949838434,-0.0027595082575616907,341.87
40.612,-0.011171818181818189,-0.0010343028762850631,0.006787720949838406,-0.0031095082575617076,341.87
40.616,-0.011171818181818189,-0.00137430287628507,0.007047720949838389,-0.00335950825756168,341.87
40.62,-0.011171818181818189,-0.0018043028762851116,0.007297720949838417,-0.0034495082575617146,341.87
40.624,-0.011091818181818165,-0.0023143028762850665,0.007387720949838396,-0.003699508257561687,341.87
40.628,-0.010921818181818161,-0.0026543028762850735,0.007647720949838434,-0.003959508257561725,341.87
40.632,-0.010751818181818158,-0.002824302876285077,0.007727720949838403,-0.0042995082575616765,341.87
40.636,-0.010751818181818158,-0.003174302876285094,0.00798772094983844,-0.0045595082575617145,341.87
40.64,-0.010751818181818158,-0.003514302876285101,0.008237720949838413,-0.004819508257561697,341.87
40.644,-0.010751818181818158,-0.003944302876285087,0.008497720949838396,-0.005159508257561704,341.87
40.648,-0.010751818181818158,-0.00419430287628506,0.0086677209498384,-0.005409508257561676,341.87
40.652,-0.010751818181818158,-0.004454302876285098,0.008927720949838437,-0.00557950825756168,341.87
40.656,-0.010751818181818158,-0.004794302876285105,0.008927720949838437,-0.005839508257561718,341.87
40.66,-0.010751818181818158,-0.005134302876285112,0.008927720949838437,-0.006009508257561721,341.87
40.664,-0.010751818181818158,-0.005474302876285063,0.00909772094983844,-0.006269508257561704,341.87
40.668,-0.010751818181818158,-0.00582430287628508,0.009267720949838389,-0.006519508257561676,341.87
40.672,-0.01058181818181821,-0.006074302876285108,0.009357720949838423,-0.007039508257561697,341.87
40.676,-0.010321818181818172,-0.0064143028762850595,0.009437720949838392,-0.0072095082575617,341.87
40.68,-0.010321818181818172,-0.006844302876285101,0.00969772094983843,-0.007459508257561673,341.87
40.684,-0.010231818181818193,-0.007104302876285083,0.009777720949838399,-0.007719508257561711,341.87
40.688,-0.009981818181818165,-0.007274302876285087,0.009867720949838434,-0.007979508257561694,341.87
40.692,-0.009891818181818186,-0.007614302876285094,0.009867720949838434,-0.007979508257561694,341.87
40.696,-0.009811818181818161,-0.0079543028762851,0.009867720949838434,-0.008059508257561718,341.87
40.7,-0.009551818181818179,-0.008044302876285079,0.010127720949838416,-0.008319508257561701,341.87
40.704,-0.009551818181818179,-0.008474302876285065,0.01020772094983844,-0.00840950825756168,341.87
40.708,-0.009381818181818175,-0.008814302876285072,0.01020772094983844,-0.008659508257561708,341.87
40.712,-0.009121818181818193,-0.008984302876285075,0.010127720949838416,-0.008749508257561687,341.87
40.716,-0.00895181818181819,-0.009234302876285103,0.01020772094983844,-0.00891950825756169,341.87
40.72,-0.008701818181818161,-0.009324302876285082,0.01020772094983844,-0.009169508257561718,341.87
40.724,-0.008521818181818203,-0.009584302876285065,0.010127720949838416,-0.009169508257561718,341.87
40.728,-0.008181818181818196,-0.009584302876285065,0.010127720949838416,-0.009349508257561676,341.87
40.732,-0.008011818181818193,-0.00966430287628509,0.01020772094983844,-0.009599508257561704,341.87
40.736,-0.00784181818181819,-0.009924302876285072,0.010127720949838416,-0.009599508257561704,341.87
40.74,-0.007411818181818203,-0.010094302876285075,0.009867720949838434,-0.009599508257561704,341.87
40.744,-0.0070718181818181965,-0.0101743028762851,0.009867720949838434,-0.009599508257561704,341.87
40.748,-0.006901818181818193,-0.010434302876285082,0.009777720949838399,-0.009599508257561704,341.87
40.752,-0.006561818181818186,-0.010524302876285061,0.009867720949838434,-0.009689508257561683,341.87
40.756,-0.0063018181818182036,-0.010774302876285089,0.009777720949838399,-0.009599508257561704,341.87
40.76,-0.0061318181818182,-0.010944302876285093,0.009527720949838427,-0.009599508257561704,341.87
40.764,-0.005701818181818159,-0.011204302876285075,0.009437720949838392,-0.009689508257561683,341.87
40.768,-0.005361818181818207,-0.01129430287628511,0.009357720949838423,-0.009939508257561711,341.87
40.772,-0.005281818181818183,-0.01129430287628511,0.00909772094983844,-0.01002950825756169,341.87
40.776,-0.0050218181818182,-0.01129430287628511,0.009007720949838406,-0.01002950825756169,341.87
40.78,-0.00451181818181819,-0.01129430287628511,0.008837720949838403,-0.01002950825756169,341.87
40.784,-0.004081818181818204,-0.01129430287628511,0.00858772094983843,-0.01002950825756169,341.87
40.788,-0.0039118181818182,-0.01129430287628511,0.008417720949838427,-0.009939508257561711,341.87
40.792,-0.003741818181818197,-0.01129430287628511,0.008157720949838389,-0.009769508257561708,341.87
40.796,-0.0033118181818181554,-0.01129430287628511,0.00798772094983844,-0.009689508257561683,341.87
40.8,-0.0028818181818181694,-0.011204302876285075,0.007897720949838406,-0.009689508257561683,341.87
40.804,-0.0024618181818181935,-0.010944302876285093,0.007897720949838406,-0.009689508257561683,341.87
40.808,-0.0021118181818181765,-0.010944302876285093,0.007557720949838399,-0.009689508257561683,341.87
40.812,-0.0020318181818182075,-0.010864302876285068,0.007647720949838434,-0.00951950825756168,341.87
40.816,-0.0016918181818182008,-0.010774302876285089,0.007387720949838396,-0.009259508257561697,341.87
40.82,-0.0013418181818181838,-0.010524302876285061,0.007127720949838413,-0.009259508257561697,341.87
40.824,-0.0010018181818181769,-0.010524302876285061,0.006707720949838437,-0.009169508257561718,341.87
40.828,-0.0005818181818182009,-0.010524302876285061,0.006707720949838437,-0.00891950825756169,341.87
40.832,-6.181818181818046e-05,-0.010434302876285082,0.0064477209498383994,-0.008749508257561687,341.87
40.836,0.0003581818181817955,-0.0101743028762851,0.0061077209498383925,-0.008659508257561708,341.87
40.84,0.0006181818181818335,-0.010094302876285075,0.0056777209498384065,-0.008489508257561704,341.87
40.844,0.000788181818181837,-0.009834302876285093,0.005417720949838424,-0.008319508257561701,341.87
40.848,0.001128181818181844,-0.009754302876285068,0.005247720949838421,-0.008059508257561718,341.87
40.852,0.0016481818181818088,-0.009584302876285065,0.004997720949838393,-0.00780950825756169,341.87
40.856,0.0020681818181818405,-0.009324302876285082,0.004827720949838389,-0.007639508257561686,341.87
40.86,0.0024981818181818265,-0.009154302876285079,0.004397720949838403,-0.007549508257561707,341.87
40.864,0.0028381818181818334,-0.008894302876285096,0.004057720949838396,-0.007289508257561725,341.87
40.868,0.0029281818181818124,-0.008724302876285093,0.003967720949838417,-0.007039508257561697,341.87
40.872,0.0031781818181818404,-0.008474302876285065,0.00362772094983841,-0.00669950825756169,341.87
40.876,0.0036081818181818263,-0.008214302876285082,0.0033677209498384274,-0.006439508257561707,341.87
40.88,0.003868181818181809,-0.0079543028762851,0.0031177209498383994,-0.006269508257561704,341.87
40.884,0.004128181818181791,-0.007704302876285073,0.002767720949838438,-0.005929508257561697,341.87
40.888,0.004468181818181798,-0.007524302876285059,0.002427720949838431,-0.00557950825756168,341.87
40.892,0.00488818181818183,-0.007184302876285108,0.002087720949838424,-0.005409508257561676,341.87
40.896,0.005238181818181791,-0.006844302876285101,0.0018277209498384415,-0.005069508257561725,341.87
40.9,0.005318181818181816,-0.0067643028762850764,0.0014877209498384346,-0.004819508257561697,341.87
40.904,0.005658181818181823,-0.0064143028762850595,0.0011477209498384276,-0.0046395082575616834,341.87
40.908,0.0060881818181818086,-0.0059943028762850835,0.0008077209498384208,-0.0042995082575616765,341.87
40.912,0.0064281818181818155,-0.0056443028762850666,0.0007177209498384418,-0.003959508257561725,341.87
40.916,0.006598181818181819,-0.005394302876285094,0.0003777209498384348,-0.003619508257561718,341.87
40.92,0.006948181818181836,-0.005054302876285087,-5.227905016160666e-05,-0.00335950825756168,341.87
40.924,0.0071981818181818084,-0.00470430287628507,-0.0003922790501615581,-0.003019508257561673,341.87
40.928,0.007368181818181812,-0.004364302876285063,-0.0006422790501615861,-0.0026795082575617217,341.87
40.932,0.007708181818181819,-0.003944302876285087,-0.0009922790501616032,-0.0021695082575617112,341.87
40.936,0.007968181818181801,-0.00359430287628507,-0.0013322790501616101,-0.0017395082575617255,341.87
40.94,0.00822818181818184,-0.0034243028762850664,-0.001752279050161586,-0.0014795082575616875,341.87
40.944,0.008478181818181812,-0.0030843028762850594,-0.002102279050161603,-0.001309508257561684,341.87
40.948,0.008648181818181815,-0.0026543028762850735,-0.002182279050161572,-0.0009695082575616771,341.87
40.952,0.008908181818181798,-0.0023143028762850665,-0.002522279050161579,-0.0006295082575617256,341.87
40.956,0.008998181818181832,-0.0019743028762850595,-0.002872279050161596,-0.00019950825756168413,341.87
40.96,0.009248181818181805,-0.0018043028762851116,-0.003212279050161603,0.00014049174243832284,341.87
40.964,0.009418181818181808,-0.0014643028762851046,-0.0034622790501615754,0.0004004917424383053,341.87
40.968,0.00967818181818179,-0.0010343028762850631,-0.0038122790501615923,0.0007404917424383122,341.87
40.972,0.009848181818181794,-0.0006043028762850773,-0.004152279050161599,0.0010804917424383192,341.87
40.976,0.010108181818181832,-0.00026430287628507034,-0.004582279050161585,0.0015104917424383052,341.87
40.98,0.010188181818181801,0.00016569712371491561,-0.004922279050161592,0.0018504917424383121,341.87
40.984,0.010358181818181805,0.0005856971237148916,-0.005092279050161595,0.002110491742438295,341.87
40.988,0.010448181818181839,0.0008456971237149295,-0.005432279050161602,0.0022804917424382983,341.87
40.992,0.010538181818181818,0.0011056971237149121,-0.005692279050161585,0.0026204917424383052,341.87
40.996,0.010618181818181843,0.001445697123714919,-0.005942279050161557,0.0031304917424383157,341.87
41.0,0.010618181818181843,0.001875697123714905,-0.006282279050161564,0.0035604917424383016,341.87
41.004,0.010618181818181843,0.0022956971237149365,-0.006632279050161581,0.003820491742438284,341.87
41.008,0.010538181818181818,0.002645697123714898,-0.006882279050161609,0.003990491742438288,341.87
41.012,0.010538181818181818,0.002895697123714926,-0.007052279050161557,0.0043304917424382946,341.87
41.016,0.010538181818181818,0.0030656971237149294,-0.007312279050161595,0.0047604917424382805,341.87
41.02,0.010618181818181843,0.0034056971237149364,-0.0075722790501615775,0.0050104917424383085,341.87
41.024,0.010618181818181843,0.0038356971237149223,-0.007912279050161584,0.005180491742438312,341.87
41.028,0.010618181818181843,0.004175697123714929,-0.008162279050161557,0.005530491742438273,341.87
41.032,0.010618181818181843,0.004435697123714911,-0.008422279050161595,0.00587049174243828,341.87
41.036,0.010538181818181818,0.004695697123714894,-0.008682279050161577,0.006040491742438284,341.87
41.04,0.010618181818181843,0.004945697123714922,-0.008762279050161602,0.006380491742438291,341.87
41.044,0.010538181818181818,0.005205697123714904,-0.009022279050161584,0.006720491742438298,341.87
41.048,0.010618181818181843,0.005545697123714911,-0.009192279050161588,0.006890491742438301,341.87
41.052,0.010618181818181843,0.005975697123714897,-0.00945227905016157,0.007240491742438318,341.87
41.056,0.010538181818181818,0.006315697123714904,-0.009532279050161595,0.007580491742438325,341.87
41.06,0.010278181818181836,0.006405697123714939,-0.009622279050161574,0.007750491742438273,341.87
41.064,0.010358181818181805,0.006655697123714911,-0.009872279050161602,0.0080004917424383,341.87
41.068,0.010278181818181836,0.006995697123714918,-0.009872279050161602,0.00809049174243828,341.87
41.072,0.010018181818181798,0.0072556971237149005,-0.009872279050161602,0.008350491742438317,341.87
41.076,0.010018181818181798,0.0075156971237149385,-0.009872279050161602,0.00860049174243829,341.87
41.08,0.009848181818181794,0.0076856971237148864,-0.009872279050161602,0.008770491742438293,341.87
41.084,0.009848181818181794,0.008025697123714894,-0.010132279050161584,0.008690491742438324,341.87
41.088,0.009768181818181825,0.008195697123714898,-0.010222279050161563,0.00852049174243832,341.87
41.092,0.009508181818181843,0.008285697123714932,-0.010222279050161563,0.00852049174243832,341.87
41.096,0.00933818181818184,0.008705697123714908,-0.010302279050161588,0.008690491742438324,341.87
41.1,0.008998181818181832,0.008875697123714912,-0.010472279050161591,0.009030491742438276,341.87
41.104,0.008738181818181794,0.009135697123714894,-0.010732279050161574,0.009460491742438317,341.87
41.108,0.00856818181818179,0.009225697123714929,-0.010732279050161574,0.00963049174243832,341.87
41.112,0.00822818181818184,0.009475697123714901,-0.010732279050161574,0.00963049174243832,341.87
41.116,0.007888181818181832,0.009565697123714936,-0.010732279050161574,0.00963049174243832,341.87
41.12,0.007628181818181794,0.009735697123714939,-0.010732279050161574,0.009800491742438324,341.87
41.124,0.007288181818181843,0.009995697123714922,-0.010732279050161574,0.010060491742438307,341.87
41.128,0.006948181818181836,0.009995697123714922,-0.010732279050161574,0.010060491742438307,341.87
41.132,0.006688181818181798,0.009995697123714922,-0.010642279050161595,0.009970491742438272,341.87
41.136,0.0065181818181817945,0.009995697123714922,-0.010732279050161574,0.010060491742438307,341.87
41.14,0.006178181818181843,0.01007569712371489,-0.010732279050161574,0.010060491742438307,341.87
41.144,0.005748181818181802,0.01007569712371489,-0.010732279050161574,0.010060491742438307,341.87
41.148,0.005318181818181816,0.010165697123714925,-0.010642279050161595,0.010060491742438307,341.87
41.152,0.004978181818181809,0.010335697123714929,-0.010392279050161567,0.010060491742438307,341.87
41.156,0.004718181818181826,0.010335697123714929,-0.010392279050161567,0.010060491742438307,341.87
41.16,0.004378181818181819,0.010415697123714898,-0.010222279050161563,0.009970491742438272,341.87
41.164,0.004038181818181812,0.010505697123714932,-0.00996227905016158,0.009800491742438324,341.87
41.168,0.0036981818181818053,0.010415697123714898,-0.00996227905016158,0.00971049174243829,341.87
41.172,0.0032681818181818194,0.010415697123714898,-0.009702279050161598,0.00963049174243832,341.87
41.176,0.002758181818181809,0.010415697123714898,-0.009192279050161588,0.00971049174243829,341.87
41.18,0.002418181818181802,0.010415697123714898,-0.008932279050161605,0.00963049174243832,341.87
41.184,0.002238181818181844,0.010415697123714898,-0.008682279050161577,0.009460491742438317,341.87
41.188,0.0018981818181818368,0.010415697123714898,-0.008512279050161574,0.009460491742438317,341.87
41.192,0.0015581818181818299,0.010415697123714898,-0.008252279050161591,0.009370491742438283,341.87
41.196,0.001218181818181823,0.010415697123714898,-0.008162279050161557,0.00912049174243831,341.87
41.2,0.0007081818181818124,0.010245697123714894,-0.007822279050161605,0.008690491742438324,341.87
41.204,0.0002781818181818265,0.010245697123714894,-0.0075722790501615775,0.008430491742438286,341.87
41.208,1.8181818181844034e-05,0.01007569712371489,-0.007402279050161574,0.008350491742438317,341.87
41.212,-0.00023181818181818394,0.01007569712371489,-0.007052279050161557,0.00809049174243828,341.87
41.216,-0.0005818181818182009,0.009995697123714922,-0.006712279050161606,0.0080004917424383,341.87
41.22,-0.0009218181818182079,0.009815697123714908,-0.006462279050161578,0.007750491742438273,341.87
41.224,-0.0012618181818181593,0.009735697123714939,-0.006112279050161561,0.007580491742438325,341.87
41.228,-0.0016918181818182008,0.009475697123714901,-0.005862279050161588,0.007580491742438325,341.87
41.232,-0.0021118181818181765,0.009225697123714929,-0.005772279050161609,0.007580491742438325,341.87
41.236,-0.002371818181818159,0.009135697123714894,-0.005432279050161602,0.007320491742438287,341.87
41.24,-0.002631818181818197,0.008875697123714912,-0.005002279050161561,0.007150491742438284,341.87
41.244,-0.002971818181818204,0.008795697123714887,-0.004582279050161585,0.006890491742438301,341.87
41.248,-0.0033118181818181554,0.00862569712371494,-0.004232279050161568,0.006640491742438273,341.87
41.252,-0.003741818181818197,0.008535697123714905,-0.004062279050161564,0.006300491742438322,341.87
41.256,-0.004171818181818183,0.008115697123714929,-0.003722279050161558,0.006040491742438284,341.87
41.26,-0.004421818181818155,0.008025697123714894,-0.0033822790501616064,0.00587049174243828,341.87
41.264,-0.004681818181818193,0.008025697123714894,-0.002872279050161596,0.005610491742438298,341.87
41.268,-0.0050218181818182,0.007935697123714915,-0.00244227905016161,0.005440491742438294,341.87
41.272,-0.005281818181818183,0.0075956971237149075,-0.0022722790501616065,0.0051004917424382875,341.87
41.276,-0.005451818181818186,0.0072556971237149005,-0.002102279050161603,0.004840491742438305,341.87
41.28,-0.005791818181818193,0.007085697123714897,-0.0016722790501615616,0.004590491742438277,341.87
41.284,-0.0061318181818182,0.006655697123714911,-0.0012422790501615756,0.0042404917424383156,341.87
41.288,-0.0063018181818182036,0.006405697123714939,-0.0009022790501615686,0.003990491742438288,341.87
41.292,-0.006641818181818155,0.006235697123714935,-0.0004722790501615826,0.003820491742438284,341.87
41.296,-0.006991818181818172,0.005885697123714918,-5.227905016160666e-05,0.0034704917424383227,341.87
41.3,-0.007331818181818179,0.00563569712371489,0.0002977209498384103,0.0031304917424383157,341.87
41.304,-0.007411818181818203,0.005375697123714908,0.0005477209498384383,0.0027904917424383087,341.87
41.308,-0.007671818181818186,0.005035697123714901,0.0008077209498384208,0.0025304917424383263,341.87
41.312,-0.007931818181818168,0.004775697123714918,0.0011477209498384276,0.0022804917424382983,341.87
41.316,-0.008271818181818175,0.00452569712371489,0.0014877209498384346,0.0018504917424383121,341.87
41.32,-0.008611818181818182,0.004175697123714929,0.0019177209498384205,0.0014204917424383262,341.87
41.324,-0.008871818181818165,0.0038356971237149223,0.0023477209498384065,0.0011704917424382982,341.87
41.328,-0.009121818181818193,0.0034956971237149153,0.0026877209498384134,0.0010004917424382947,341.87
41.332,-0.009211818181818172,0.0031556971237149084,0.002947720949838396,0.0006504917424382777,341.87
41.336,-0.0094618181818182,0.002985697123714905,0.003287720949838403,0.00023049174243830182,341.87
41.34,-0.0094618181818182,0.002645697123714898,0.003537720949838431,-2.9508257561680645e-05,341.87
41.344,-0.009641818181818158,0.002215697123714912,0.003717720949838389,-0.00019950825756168413,341.87
41.348,-0.009891818181818186,0.001875697123714905,0.004057720949838396,-0.0005395082575616911,341.87
41.352,-0.009981818181818165,0.001525697123714888,0.004477720949838428,-0.0008795082575616981,341.87
41.356,-0.010151818181818168,0.0011056971237149121,0.004907720949838414,-0.0010495082575617016,341.87
41.36,-0.010231818181818193,0.0006756971237149261,0.005167720949838396,-0.0013995082575617185,341.87
41.364,-0.010401818181818196,0.0004156971237148881,0.005417720949838424,-0.001649508257561691,341.87
41.368,-0.010661818181818179,7.569712371493663e-05,0.005767720949838441,-0.0018195082575616945,341.87
41.372,-0.010751818181818158,-0.00026430287628507034,0.005937720949838389,-0.00224950825756168,341.87
41.376,-0.011001818181818186,-0.0006943028762851118,0.0061077209498383925,-0.0026795082575617217,341.87
41.38,-0.011091818181818165,-0.0010343028762850631,0.0063577209498384205,-0.002939508257561704,341.87
41.384,-0.011171818181818189,-0.0014643028762851046,0.006617720949838403,-0.0031895082575616766,341.87
41.388,-0.011261818181818168,-0.0018843028762850805,0.00695772094983841,-0.0035295082575616836,341.87
41.392,-0.011261818181818168,-0.002144302876285063,0.007217720949838392,-0.0037895082575617215,341.87
41.396,-0.011171818181818189,-0.0023143028762850665,0.007387720949838396,-0.003959508257561725,341.87
41.4,-0.011171818181818189,-0.0026543028762850735,0.007647720949838434,-0.0042995082575616765,341.87
41.404,-0.011171818181818189,-0.0030843028762850594,0.007727720949838403,-0.0045595082575617145,341.87
41.408,-0.011091818181818165,-0.0034243028762850664,0.00798772094983844,-0.004819508257561697,341.87
41.412,-0.011091818181818165,-0.003854302876285108,0.008157720949838389,-0.005069508257561725,341.87
41.416,-0.011001818181818186,-0.004364302876285063,0.008417720949838427,-0.005159508257561704,341.87
41.42,-0.010751818181818158,-0.00470430287628507,0.0086677209498384,-0.005499508257561711,341.87
41.424,-0.010751818181818158,-0.004884302876285084,0.008927720949838437,-0.005839508257561718,341.87
41.428,-0.010751818181818158,-0.005224302876285091,0.008927720949838437,-0.006009508257561721,341.87
41.432,-0.010831818181818182,-0.005564302876285098,0.009007720949838406,-0.006269508257561704,341.87
41.436,-0.010831818181818182,-0.006074302876285108,0.00917772094983841,-0.006519508257561676,341.87
41.44,-0.010661818181818179,-0.0064143028762850595,0.00917772094983841,-0.006949508257561718,341.87
41.444,-0.010401818181818196,-0.006504302876285094,0.009357720949838423,-0.007039508257561697,341.87
41.448,-0.010231818181818193,-0.006844302876285101,0.009357720949838423,-0.007379508257561704,341.87
41.452,-0.010151818181818168,-0.007184302876285108,0.009357720949838423,-0.007639508257561686,341.87
41.456,-0.010061818181818189,-0.00744430287628509,0.009527720949838427,-0.007889508257561715,341.87
41.46,-0.009981818181818165,-0.007704302876285073,0.009777720949838399,-0.007979508257561694,341.87
41.464,-0.009811818181818161,-0.0079543028762851,0.009777720949838399,-0.008229508257561722,341.87
41.468,-0.009551818181818179,-0.008214302876285082,0.009777720949838399,-0.008319508257561701,341.87
41.472,-0.009381818181818175,-0.00855430287628509,0.009777720949838399,-0.00840950825756168,341.87
41.476,-0.009211818181818172,-0.008814302876285072,0.009777720949838399,-0.008659508257561708,341.87
41.48,-0.009041818181818168,-0.008894302876285096,0.009867720949838434,-0.008829508257561711,341.87
41.484,-0.008781818181818186,-0.009154302876285079,0.010127720949838416,-0.009089508257561694,341.87
41.488,-0.008611818181818182,-0.009324302876285082,0.01020772094983844,-0.009169508257561718,341.87
41.492,-0.0083518181818182,-0.009584302876285065,0.01020772094983844,-0.009349508257561676,341.87
41.496,-0.008181818181818196,-0.009834302876285093,0.01020772094983844,-0.009689508257561683,341.87
41.5,-0.00784181818181819,-0.010094302876285075,0.010127720949838416,-0.009769508257561708,341.87
41.504,-0.007581818181818207,-0.010094302876285075,0.010127720949838416,-0.01002950825756169,341.87
41.508,-0.007411818181818203,-0.0101743028762851,0.009867720949838434,-0.01002950825756169,341.87
41.512,-0.0070718181818181965,-0.010434302876285082,0.009777720949838399,-0.009859508257561687,341.87
41.516,-0.0067318181818181895,-0.010524302876285061,0.009777720949838399,-0.009689508257561683,341.87
41.52,-0.006471818181818207,-0.010774302876285089,0.009777720949838399,-0.009689508257561683,341.87
41.524,-0.0061318181818182,-0.010944302876285093,0.009867720949838434,-0.009689508257561683,341.87
41.528,-0.005871818181818162,-0.011204302876285075,0.009777720949838399,-0.009939508257561711,341.87
41.532,-0.005791818181818193,-0.01129430287628511,0.009527720949838427,-0.009939508257561711,341.87
41.536,-0.005361818181818207,-0.01129430287628511,0.009437720949838392,-0.01002950825756169,341.87
41.54,-0.004931818181818166,-0.01129430287628511,0.009267720949838389,-0.01002950825756169,341.87
41.544,-0.004761818181818162,-0.01129430287628511,0.009007720949838406,-0.01002950825756169,341.87
41.548,-0.004591818181818159,-0.01129430287628511,0.008927720949838437,-0.01002950825756169,341.87
41.552,-0.004171818181818183,-0.01129430287628511,0.008837720949838403,-0.01002950825756169,341.87
41.556,-0.003741818181818197,-0.01129430287628511,0.0086677209498384,-0.01002950825756169,341.87
41.56,-0.0033118181818181554,-0.01129430287628511,0.008497720949838396,-0.01002950825756169,341.87
41.564,-0.002971818181818204,-0.01129430287628511,0.008237720949838413,-0.009939508257561711,341.87
41.568,-0.0028818181818181694,-0.01129430287628511,0.008157720949838389,-0.009859508257561687,341.87
41.572,-0.0025418181818181625,-0.01129430287628511,0.008157720949838389,-0.009769508257561708,341.87
41.576,-0.0021118181818181765,-0.01129430287628511,0.00806772094983841,-0.009689508257561683,341.87
41.58,-0.0016918181818182008,-0.011204302876285075,0.007647720949838434,-0.009599508257561704,341.87
41.584,-0.0013418181818181838,-0.011034302876285072,0.007297720949838417,-0.00951950825756168,341.87
41.588,-0.0009218181818182079,-0.010864302876285068,0.007217720949838392,-0.009259508257561697,341.87
41.592,-0.0005818181818182009,-0.010604302876285086,0.007047720949838389,-0.009259508257561697,341.87
41.596,-0.0004018181818181874,-0.010524302876285061,0.00695772094983841,-0.009089508257561694,341.87
41.6,-6.181818181818046e-05,-0.010604302876285086,0.006707720949838437,-0.008829508257561711,341.87
41.604,0.0002781818181818265,-0.010434302876285082,0.0063577209498384205,-0.008829508257561711,341.87
41.608,0.000788181818181837,-0.0101743028762851,0.0063577209498384205,-0.008749508257561687,341.87
41.612,0.001218181818181823,-0.010004302876285096,0.00584772094983841,-0.008489508257561704,341.87
41.616,0.0014781818181818054,-0.009754302876285068,0.0053377209498383996,-0.008229508257561722,341.87
41.62,0.0016481818181818088,-0.009584302876285065,0.005247720949838421,-0.007979508257561694,341.87
41.624,0.001988181818181816,-0.009324302876285082,0.004997720949838393,-0.007889508257561715,341.87
41.628,0.002418181818181802,-0.009324302876285082,0.004827720949838389,-0.007639508257561686,341.87
41.632,0.0028381818181818334,-0.009234302876285103,0.004397720949838403,-0.007289508257561725,341.87
41.636,0.0031781818181818404,-0.008894302876285096,0.003967720949838417,-0.007039508257561697,341.87
41.64,0.0033581818181817984,-0.00855430287628509,0.003717720949838389,-0.006779508257561714,341.87
41.644,0.0036981818181818053,-0.008384302876285086,0.003537720949838431,-0.00669950825756169,341.87
41.648,0.004128181818181791,-0.008124302876285103,0.0031177209498383994,-0.006349508257561673,341.87
41.652,0.004378181818181819,-0.007874302876285075,0.002857720949838417,-0.006009508257561721,341.87
41.656,0.004468181818181798,-0.007524302876285059,0.0026877209498384134,-0.005839508257561718,341.87
41.66,0.004808181818181805,-0.007184302876285108,0.002427720949838431,-0.00557950825756168,341.87
41.664,0.005238181818181791,-0.00693430287628508,0.0020077209498383995,-0.005069508257561725,341.87
41.668,0.005578181818181798,-0.0067643028762850764,0.001657720949838438,-0.004729508257561718,341.87
41.672,0.005748181818181802,-0.0064143028762850595,0.0015777209498384136,-0.0046395082575616834,341.87
41.676,0.0060881818181818086,-0.006074302876285108,0.0011477209498384276,-0.0042195082575617075,341.87
41.68,0.006348181818181791,-0.00582430287628508,0.0007177209498384418,-0.0037895082575617215,341.87
41.684,0.006598181818181819,-0.005474302876285063,0.0003777209498384348,-0.003619508257561718,341.87
41.688,0.006948181818181836,-0.005134302876285112,3.772094983842784e-05,-0.00335950825756168,341.87
41.692,0.007288181818181843,-0.004794302876285105,-0.00022227905016161014,-0.003019508257561673,341.87
41.696,0.007458181818181791,-0.004454302876285098,-0.0004722790501615826,-0.002589508257561687,341.87
41.7,0.007708181818181819,-0.00419430287628506,-0.0009022790501615686,-0.0023395082575617147,341.87
41.704,0.007798181818181798,-0.003854302876285108,-0.0012422790501615756,-0.0019995082575617077,341.87
41.708,0.008138181818181805,-0.003514302876285101,-0.001502279050161558,-0.0017395082575617255,341.87
41.712,0.008398181818181843,-0.003174302876285094,-0.001842279050161565,-0.0013995082575617185,341.87
41.716,0.00856818181818179,-0.0029143028762851114,-0.0019322790501615996,-0.0010495082575617016,341.87
41.72,0.008828181818181829,-0.0025743028762851045,-0.002522279050161579,-0.0006295082575617256,341.87
41.724,0.009078181818181801,-0.002064302876285094,-0.002872279050161596,-0.00019950825756168413,341.87
41.728,0.00933818181818184,-0.0018043028762851116,-0.003292279050161572,0.00014049174243832284,341.87
41.732,0.009418181818181808,-0.0014643028762851046,-0.003642279050161589,0.0004004917424383053,341.87
41.736,0.00967818181818179,-0.0011143028762850876,-0.0038922790501615613,0.0007404917424383122,341.87
41.74,0.009768181818181825,-0.0006943028762851118,-0.004232279050161568,0.0010804917424383192,341.87
41.744,0.009848181818181794,-0.00035430287628510483,-0.004662279050161609,0.0015104917424383052,341.87
41.748,0.010278181818181836,-0.00017430287628509135,-0.005002279050161561,0.0018504917424383121,341.87
41.752,0.010448181818181839,0.00016569712371491561,-0.005172279050161564,0.002110491742438295,341.87
41.756,0.010538181818181818,0.0005856971237148916,-0.005522279050161581,0.0023604917424383228,341.87
41.76,0.010538181818181818,0.0010156971237149331,-0.005862279050161588,0.0027104917424382842,341.87
41.764,0.010618181818181843,0.001445697123714919,-0.006112279050161561,0.0031304917424383157,341.87
41.768,0.010538181818181818,0.001785697123714926,-0.006282279050161564,0.0035604917424383016,341.87
41.772,0.010538181818181818,0.0020456971237149085,-0.006632279050161581,0.003820491742438284,341.87
41.776,0.010538181818181818,0.0022956971237149365,-0.006882279050161609,0.003990491742438288,341.87
41.78,0.010618181818181843,0.002645697123714898,-0.0071422790501615915,0.0043304917424382946,341.87
41.784,0.010618181818181843,0.0030656971237149294,-0.0074822790501615985,0.004840491742438305,341.87
41.788,0.010538181818181818,0.0034956971237149153,-0.007742279050161581,0.005180491742438312,341.87
41.792,0.010618181818181843,0.003665697123714919,-0.007912279050161584,0.005270491742438291,341.87
41.796,0.010618181818181843,0.003925697123714901,-0.008162279050161557,0.005530491742438273,341.87
41.8,0.010618181818181843,0.004265697123714908,-0.00834227905016157,0.00587049174243828,341.87
41.804,0.010538181818181818,0.004695697123714894,-0.008682279050161577,0.006040491742438284,341.87
41.808,0.010538181818181818,0.005115697123714925,-0.008932279050161605,0.006380491742438291,341.87
41.812,0.010618181818181843,0.005465697123714887,-0.009192279050161588,0.006720491742438298,341.87
41.816,0.010538181818181818,0.00563569712371489,-0.00945227905016157,0.006890491742438301,341.87
41.82,0.010538181818181818,0.005975697123714897,-0.009532279050161595,0.007240491742438318,341.87
41.824,0.010278181818181836,0.006235697123714935,-0.009622279050161574,0.007580491742438325,341.87
41.828,0.010188181818181801,0.006315697123714904,-0.009872279050161602,0.007750491742438273,341.87
41.832,0.010188181818181801,0.0065756971237148866,-0.009872279050161602,0.0080004917424383,341.87
41.836,0.010188181818181801,0.0068256971237149145,-0.009872279050161602,0.00809049174243828,341.87
41.84,0.010018181818181798,0.0071756971237149315,-0.009872279050161602,0.008350491742438317,341.87
41.844,0.010018181818181798,0.0075156971237149385,-0.00996227905016158,0.008350491742438317,341.87
41.848,0.009848181818181794,0.0076856971237148864,-0.010222279050161563,0.00852049174243832,341.87
41.852,0.00967818181818179,0.007935697123714915,-0.010392279050161567,0.008770491742438293,341.87
41.856,0.009418181818181808,0.007935697123714915,-0.010472279050161591,0.008860491742438272,341.87
41.86,0.00933818181818184,0.008115697123714929,-0.010472279050161591,0.008940491742438297,341.87
41.864,0.009078181818181801,0.008455697123714936,-0.010392279050161567,0.00912049174243831,341.87
41.868,0.008908181818181798,0.008795697123714887,-0.01056227905016157,0.00912049174243831,341.87
41.872,0.008648181818181815,0.009135697123714894,-0.010732279050161574,0.009460491742438317,341.87
41.876,0.008398181818181843,0.009225697123714929,-0.010812279050161598,0.009540491742438286,341.87
41.88,0.008058181818181836,0.009305697123714898,-0.01107227905016158,0.00963049174243832,341.87
41.884,0.007708181818181819,0.009475697123714901,-0.01116227905016156,0.00963049174243832,341.87
41.888,0.007628181818181794,0.009645697123714905,-0.01116227905016156,0.00963049174243832,341.87
41.892,0.007368181818181812,0.009905697123714887,-0.010902279050161577,0.009800491742438324,341.87
41.896,0.0068581818181818015,0.009995697123714922,-0.010642279050161595,0.009970491742438272,341.87
41.9,0.0065181818181817945,0.009995697123714922,-0.010472279050161591,0.009970491742438272,341.87
41.904,0.006348181818181791,0.009995697123714922,-0.010642279050161595,0.010060491742438307,341.87
41.908,0.00600818181818184,0.010165697123714925,-0.010732279050161574,0.010060491742438307,341.87
41.912,0.005658181818181823,0.01007569712371489,-0.010732279050161574,0.010060491742438307,341.87
41.916,0.005318181818181816,0.01007569712371489,-0.01056227905016157,0.010060491742438307,341.87
41.92,0.004978181818181809,0.010165697123714925,-0.010472279050161591,0.010060491742438307,341.87
41.924,0.004808181818181805,0.010415697123714898,-0.010392279050161567,0.009970491742438272,341.87
41.928,0.004468181818181798,0.010505697123714932,-0.010132279050161584,0.009800491742438324,341.87
41.932,0.004038181818181812,0.010415697123714898,-0.009872279050161602,0.00963049174243832,341.87
41.936,0.0036081818181818263,0.010415697123714898,-0.009792279050161577,0.00963049174243832,341.87
41.94,0.0031781818181818404,0.010415697123714898,-0.009702279050161598,0.00963049174243832,341.87
41.944,0.0029281818181818124,0.010415697123714898,-0.009192279050161588,0.00971049174243829,341.87
41.948,0.002758181818181809,0.010415697123714898,-0.009022279050161584,0.00963049174243832,341.87
41.952,0.002418181818181802,0.010415697123714898,-0.008762279050161602,0.009370491742438283,341.87
41.956,0.001988181818181816,0.010505697123714932,-0.008682279050161577,0.00920049174243828,341.87
41.96,0.0016481818181818088,0.010505697123714932,-0.008422279050161595,0.009030491742438276,341.87
41.964,0.001218181818181823,0.010335697123714929,-0.008162279050161557,0.00912049174243831,341.87
41.968,0.000788181818181837,0.01007569712371489,-0.007822279050161605,0.008860491742438272,341.87
41.972,0.0003581818181817955,0.01007569712371489,-0.0074822790501615985,0.008690491742438324,341.87
41.976,1.8181818181844034e-05,0.01007569712371489,-0.007402279050161574,0.00852049174243832,341.87
41.98,-0.00015181818181815945,0.009995697123714922,-0.0071422790501615915,0.008260491742438283,341.87
41.984,-0.0004918181818181664,0.009815697123714908,-0.006972279050161588,0.008260491742438283,341.87
41.988,-0.0009218181818182079,0.009565697123714936,-0.006632279050161581,0.007920491742438276,341.87
41.992,-0.0012618181818181593,0.009565697123714936,-0.006282279050161564,0.007660491742438294,341.87
41.996,-0.0016018181818181663,0.009565697123714936,-0.005862279050161588,0.007490491742438291,341.87
42.0,-0.0018618181818182043,0.009395697123714932,-0.005602279050161606,0.007240491742438318,341.87
42.004,-0.0021118181818181765,0.009395697123714932,-0.005262279050161599,0.007060491742438305,341.87
42.008,-0.0025418181818181625,0.00896569712371489,-0.004922279050161592,0.006810491742438277,341.87
42.012,-0.002971818181818204,0.008705697123714908,-0.004662279050161609,0.006720491742438298,341.87
42.016,-0.0033118181818181554,0.008455697123714936,-0.004492279050161606,0.006720491742438298,341.87
42.02,-0.0036518181818181623,0.008285697123714932,-0.004152279050161599,0.006470491742438325,341.87
42.024,-0.003991818181818169,0.008115697123714929,-0.0038122790501615923,0.006380491742438291,341.87
42.028,-0.004251818181818207,0.008115697123714929,-0.0033822790501616064,0.006120491742438308,341.87
42.032,-0.004591818181818159,0.00785569712371489,-0.002872279050161596,0.005950491742438305,341.87
42.036,-0.0050218181818182,0.007765697123714911,-0.002522279050161579,0.005610491742438298,341.87
42.04,-0.005281818181818183,0.007345697123714935,-0.0023522790501615755,0.005270491742438291,341.87
42.044,-0.005531818181818155,0.0071756971237149315,-0.0020122790501615685,0.0051004917424382875,341.87
42.048,-0.005871818181818162,0.007085697123714897,-0.0016722790501615616,0.0047604917424382805,341.87
42.052,-0.006221818181818179,0.00674569712371489,-0.0012422790501615756,0.0043304917424382946,341.87
42.056,-0.006471818181818207,0.006485697123714908,-0.0009922790501616032,0.004070491742438312,341.87
42.06,-0.0067318181818181895,0.006315697123714904,-0.0004722790501615826,0.003820491742438284,341.87
42.064,-0.006991818181818172,0.005975697123714897,-0.00013227905016157564,0.0034704917424383227,341.87
42.068,-0.0071618181818181754,0.005805697123714894,0.00012772094983840682,0.0032204917424382947,341.87
42.072,-0.007501818181818182,0.005545697123714911,0.0004677209498384138,0.003050491742438291,341.87
42.076,-0.007751818181818155,0.005115697123714925,0.0008077209498384208,0.0027104917424382842,341.87
42.08,-0.007931818181818168,0.004695697123714894,0.0011477209498384276,0.0023604917424383228,341.87
42.084,-0.008271818181818175,0.004355697123714887,0.0015777209498384136,0.002020491742438316,341.87
42.088,-0.008521818181818203,0.004265697123714908,0.0020077209498383995,0.0018504917424383121,341.87
42.092,-0.008701818181818161,0.0038356971237149223,0.0022577209498384275,0.0015104917424383052,341.87
42.096,-0.00895181818181819,0.0034056971237149364,0.002427720949838431,0.0010004917424382947,341.87
42.1,-0.009121818181818193,0.0030656971237149294,0.002767720949838438,0.0006504917424382777,341.87
42.104,-0.009211818181818172,0.0028156971237149014,0.003287720949838403,0.0005704917424383088,341.87
42.108,-0.0094618181818182,0.002555697123714919,0.00362772094983841,0.00023049174243830182,341.87
42.112,-0.009551818181818179,0.002125697123714933,0.003717720949838389,-0.00019950825756168413,341.87
42.116,-0.009811818181818161,0.0017056971237149015,0.004057720949838396,-0.0005395082575616911,341.87
42.12,-0.009981818181818165,0.001445697123714919,0.004397720949838403,-0.0007095082575616946,341.87
42.124,-0.010151818181818168,0.0010156971237149331,0.004657720949838441,-0.0010495082575617016,341.87
42.128,-0.01058181818181821,0.0005856971237148916,0.004907720949838414,-0.0013995082575617185,341.87
42.132,-0.010751818181818158,0.0002456971237149401,0.0053377209498383996,-0.001649508257561691,341.87
42.136,-0.010751818181818158,7.569712371493663e-05,0.005767720949838441,-0.0018195082575616945,341.87
42.14,-0.010751818181818158,-0.00026430287628507034,0.0060177209498384135,-0.00224950825756168,341.87
42.144,-0.010751818181818158,-0.0006043028762850773,0.006187720949838417,-0.002589508257561687,341.87
42.148,-0.010831818181818182,-0.0010343028762850631,0.0064477209498383994,-0.0026795082575617217,341.87
42.152,-0.011001818181818186,-0.0015443028762850736,0.006617720949838403,-0.0031095082575617076,341.87
42.156,-0.011171818181818189,-0.002064302876285094,0.00695772094983841,-0.0035295082575616836,341.87
42.16,-0.011171818181818189,-0.0023143028762850665,0.007127720949838413,-0.0037895082575617215,341.87
42.164,-0.011171818181818189,-0.0025743028762851045,0.007297720949838417,-0.003959508257561725,341.87
42.168,-0.011091818181818165,-0.002744302876285108,0.007647720949838434,-0.0042995082575616765,341.87
42.172,-0.011091818181818165,-0.003174302876285094,0.007897720949838406,-0.0046395082575616834,341.87
42.176,-0.011091818181818165,-0.00359430287628507,0.00806772094983841,-0.004819508257561697,341.87
42.18,-0.010831818181818182,-0.003944302876285087,0.008157720949838389,-0.005069508257561725,341.87
42.184,-0.010751818181818158,-0.00419430287628506,0.008417720949838427,-0.005159508257561704,341.87
42.188,-0.010831818181818182,-0.004364302876285063,0.008497720949838396,-0.005499508257561711,341.87
42.192,-0.010831818181818182,-0.00470430287628507,0.0086677209498384,-0.005839508257561718,341.87
42.196,-0.010751818181818158,-0.005134302876285112,0.008837720949838403,-0.006009508257561721,341.87
42.2,-0.010751818181818158,-0.005474302876285063,0.008927720949838437,-0.006269508257561704,341.87
42.204,-0.010751818181818158,-0.00582430287628508,0.008927720949838437,-0.006349508257561673,341.87
42.208,-0.010661818181818179,-0.006074302876285108,0.009007720949838406,-0.006609508257561711,341.87
42.212,-0.010401818181818196,-0.0064143028762850595,0.00909772094983844,-0.006949508257561718,341.87
42.216,-0.010401818181818196,-0.006844302876285101,0.009357720949838423,-0.007379508257561704,341.87
42.22,-0.010231818181818193,-0.007184302876285108,0.009357720949838423,-0.007549508257561707,341.87
42.224,-0.009981818181818165,-0.007524302876285059,0.009437720949838392,-0.00780950825756169,341.87
42.228,-0.009891818181818186,-0.007784302876285097,0.00969772094983843,-0.008059508257561718,341.87
42.232,-0.009811818181818161,-0.008044302876285079,0.00969772094983843,-0.008319508257561701,341.87
42.236,-0.009551818181818179,-0.008124302876285103,0.009777720949838399,-0.008319508257561701,341.87
42.24,-0.0094618181818182,-0.008474302876285065,0.009867720949838434,-0.008489508257561704,341.87
42.244,-0.009211818181818172,-0.008724302876285093,0.009867720949838434,-0.008749508257561687,341.87
42.248,-0.009041818181818168,-0.008894302876285096,0.009777720949838399,-0.00891950825756169,341.87
42.252,-0.008781818181818186,-0.009154302876285079,0.009777720949838399,-0.009169508257561718,341.87
42.256,-0.008521818181818203,-0.009414302876285061,0.009777720949838399,-0.009169508257561718,341.87
42.26,-0.008271818181818175,-0.00966430287628509,0.009777720949838399,-0.009259508257561697,341.87
42.264,-0.008101818181818172,-0.009834302876285093,0.009777720949838399,-0.00951950825756168,341.87
42.268,-0.008011818181818193,-0.010094302876285075,0.009777720949838399,-0.009599508257561704,341.87
42.272,-0.00784181818181819,-0.0101743028762851,0.009777720949838399,-0.009599508257561704,341.87
42.276,-0.007411818181818203,-0.010434302876285082,0.009867720949838434,-0.009599508257561704,341.87
42.28,-0.006991818181818172,-0.010524302876285061,0.009867720949838434,-0.009599508257561704,341.87
42.284,-0.0067318181818181895,-0.010524302876285061,0.009777720949838399,-0.009689508257561683,341.87
42.288,-0.006561818181818186,-0.010694302876285065,0.009777720949838399,-0.009769508257561708,341.87
42.292,-0.006221818181818179,-0.011204302876285075,0.009607720949838396,-0.009939508257561711,341.87
42.296,-0.005871818181818162,-0.01129430287628511,0.009357720949838423,-0.01002950825756169,341.87
42.3,-0.005791818181818193,-0.01129430287628511,0.009357720949838423,-0.01002950825756169,341.87
42.304,-0.005451818181818186,-0.01129430287628511,0.009267720949838389,-0.01002950825756169,341.87
42.308,-0.0050218181818182,-0.01129430287628511,0.00909772094983844,-0.01002950825756169,341.87
42.312,-0.004681818181818193,-0.011204302876285075,0.009007720949838406,-0.01002950825756169,341.87
42.316,-0.00451181818181819,-0.01129430287628511,0.008837720949838403,-0.01002950825756169,341.87
42.32,-0.004171818181818183,-0.01129430287628511,0.00858772094983843,-0.01002950825756169,341.87
42.324,-0.003821818181818166,-0.011374302876285079,0.00858772094983843,-0.01002950825756169,341.87
42.328,-0.00340181818181819,-0.011544302876285082,0.008417720949838427,-0.01002950825756169,341.87
42.332,-0.002971818181818204,-0.011374302876285079,0.008157720949838389,-0.01002950825756169,341.87
42.336,-0.002631818181818197,-0.011374302876285079,0.00798772094983844,-0.009939508257561711,341.87
42.34,-0.0024618181818181935,-0.01129430287628511,0.007817720949838437,-0.009689508257561683,341.87
42.344,-0.0021118181818181765,-0.011034302876285072,0.007727720949838403,-0.009689508257561683,341.87
42.348,-0.0017718181818181698,-0.010944302876285093,0.007557720949838399,-0.009599508257561704,341.87
42.352,-0.0013418181818181838,-0.010864302876285068,0.007557720949838399,-0.00951950825756168,341.87
42.356,-0.0010018181818181769,-0.010864302876285068,0.007387720949838396,-0.009259508257561697,341.87
42.36,-0.0007518181818182044,-0.010864302876285068,0.007127720949838413,-0.009259508257561697,341.87
42.364,-0.0004018181818181874,-0.010604302876285086,0.006707720949838437,-0.009089508257561694,341.87
42.368,-6.181818181818046e-05,-0.010524302876285061,0.006707720949838437,-0.008829508257561711,341.87
42.372,0.0003581818181817955,-0.010434302876285082,0.0064477209498383994,-0.008749508257561687,341.87
42.376,0.0006181818181818335,-0.0101743028762851,0.0061077209498383925,-0.008749508257561687,341.87
42.38,0.000788181818181837,-0.010004302876285096,0.005767720949838441,-0.008489508257561704,341.87
42.384,0.001128181818181844,-0.009924302876285072,0.005417720949838424,-0.008319508257561701,341.87
42.388,0.0016481818181818088,-0.009754302876285068,0.005247720949838421,-0.007979508257561694,341.87
42.392,0.0020681818181818405,-0.00966430287628509,0.004907720949838414,-0.007639508257561686,341.87
42.396,0.002418181818181802,-0.009414302876285061,0.004567720949838407,-0.007459508257561673,341.87
42.4,0.00266818181818183,-0.009154302876285079,0.004307720949838424,-0.0072095082575617,341.87
42.404,0.0029281818181818124,-0.008894302876285096,0.003967720949838417,-0.007039508257561697,341.87
42.408,0.0032681818181818194,-0.008724302876285093,0.003717720949838389,-0.006779508257561714,341.87
42.412,0.0036081818181818263,-0.008384302876285086,0.00362772094983841,-0.00669950825756169,341.87
42.416,0.004038181818181812,-0.008044302876285079,0.003197720949838424,-0.006349508257561673,341.87
42.42,0.004378181818181819,-0.0079543028762851,0.002857720949838417,-0.006009508257561721,341.87
42.424,0.004548181818181823,-0.007614302876285094,0.0026877209498384134,-0.005759508257561693,341.87
42.428,0.00488818181818183,-0.007354302876285111,0.0023477209498384065,-0.005409508257561676,341.87
42.432,0.005148181818181812,-0.007104302876285083,0.0019177209498384205,-0.005069508257561725,341.87
42.436,0.005318181818181816,-0.0067643028762850764,0.0015777209498384136,-0.004729508257561718,341.87
42.44,0.005748181818181802,-0.006584302876285063,0.001317720949838431,-0.0045595082575617145,341.87
42.444,0.006178181818181843,-0.0063343028762850905,0.0011477209498384276,-0.0042195082575617075,341.87
42.448,0.0064281818181818155,-0.0059943028762850835,0.0008077209498384208,-0.0038795082575617005,341.87
42.452,0.006598181818181819,-0.0056443028762850666,0.0004677209498384138,-0.0035295082575616836,341.87
42.456,0.006948181818181836,-0.005224302876285091,0.00020772094983843132,-0.00335950825756168,341.87
42.46,0.007288181818181843,-0.004884302876285084,-5.227905016160666e-05,-0.003019508257561673,341.87
42.464,0.007458181818181791,-0.004624302876285101,-0.0003022790501615791,-0.0026795082575617217,341.87
42.468,0.007708181818181819,-0.004284302876285094,-0.0008122790501615896,-0.00224950825756168,341.87
42.472,0.007798181818181798,-0.003944302876285087,-0.0011622790501616066,-0.0019095082575616735,341.87
42.476,0.008138181818181805,-0.00359430287628507,-0.001502279050161558,-0.001649508257561691,341.87
42.48,0.008478181818181812,-0.0033443028762850974,-0.0016722790501615616,-0.001309508257561684,341.87
42.484,0.008648181818181815,-0.002824302876285077,-0.0020122790501615685,-0.0009695082575616771,341.87
42.488,0.008908181818181798,-0.0026543028762850735,-0.0023522790501615755,-0.0006295082575617256,341.87
42.492,0.008998181818181832,-0.0023143028762850665,-0.002872279050161596,-0.00019950825756168413,341.87
42.496,0.009248181818181805,-0.0019743028762850595,-0.003292279050161572,6.049174243829834e-05,341.87
42.5,0.009508181818181843,-0.0015443028762850736,-0.003642279050161589,0.0003104917424383263,341.87
42.504,0.009768181818181825,-0.0011143028762850876,-0.0038922790501615613,0.0006504917424382777,341.87
42.508,0.009768181818181825,-0.0008643028762850598,-0.004232279050161568,0.0010804917424383192,341.87
42.512,0.009848181818181794,-0.0006043028762850773,-0.004492279050161606,0.0015104917424383052,341.87
42.516,0.010108181818181832,-0.00026430287628507034,-0.004922279050161592,0.0017704917424382876,341.87
42.52,0.010188181818181801,0.00016569712371491561,-0.005262279050161599,0.001940491742438291,341.87
42.524,0.010448181818181839,0.0005856971237148916,-0.005522279050161581,0.0022804917424382983,341.87
42.528,0.010538181818181818,0.0009356971237149085,-0.005862279050161588,0.0027104917424382842,341.87
42.532,0.010618181818181843,0.00135569712371494,-0.006112279050161561,0.0031304917424383157,341.87
42.536,0.010618181818181843,0.0017056971237149015,-0.006372279050161599,0.0034704917424383227,341.87
42.54,0.010618181818181843,0.0019556971237149295,-0.006712279050161606,0.0035604917424383016,341.87
42.544,0.010618181818181843,0.0022956971237149365,-0.006972279050161588,0.003990491742438288,341.87
42.548,0.010538181818181818,0.0027256971237149224,-0.007052279050161557,0.0044204917424382735,341.87
42.552,0.010618181818181843,0.0031556971237149084,-0.007402279050161574,0.0046704917424383015,341.87
42.556,0.010618181818181843,0.003325697123714912,-0.007742279050161581,0.0047604917424382805,341.87
42.56,0.010618181818181843,0.0034956971237149153,-0.007912279050161584,0.0051004917424382875,341.87
42.564,0.010618181818181843,0.0038356971237149223,-0.008162279050161557,0.005530491742438273,341.87
42.568,0.010618181818181843,0.004265697123714908,-0.008422279050161595,0.00587049174243828,341.87
42.572,0.010618181818181843,0.004605697123714915,-0.008762279050161602,0.006040491742438284,341.87
42.576,0.010618181818181843,0.004775697123714918,-0.009022279050161584,0.006380491742438291,341.87
42.58,0.010538181818181818,0.005115697123714925,-0.009112279050161563,0.006720491742438298,341.87
42.584,0.010538181818181818,0.005375697123714908,-0.009362279050161591,0.006890491742438301,341.87
42.588,0.010618181818181843,0.005545697123714911,-0.00945227905016157,0.007150491742438284,341.87
42.592,0.010538181818181818,0.005885697123714918,-0.009622279050161574,0.007320491742438287,341.87
42.596,0.010358181818181805,0.006315697123714904,-0.009872279050161602,0.007580491742438325,341.87
42.6,0.010188181818181801,0.006655697123714911,-0.00996227905016158,0.007920491742438276,341.87
42.604,0.010188181818181801,0.0068256971237149145,-0.01005227905016156,0.0080004917424383,341.87
42.608,0.010188181818181801,0.007085697123714897,-0.01005227905016156,0.00809049174243828,341.87
42.612,0.010278181818181836,0.0072556971237149005,-0.01005227905016156,0.008350491742438317,341.87
42.616,0.010188181818181801,0.0075956971237149075,-0.010302279050161588,0.00852049174243832,341.87
42.62,0.009938181818181829,0.00785569712371489,-0.010302279050161588,0.008770491742438293,341.87
42.624,0.009768181818181825,0.008025697123714894,-0.010392279050161567,0.008860491742438272,341.87
42.628,0.009508181818181843,0.008285697123714932,-0.010302279050161588,0.008770491742438293,341.87
42.632,0.00933818181818184,0.008365697123714901,-0.010302279050161588,0.008770491742438293,341.87
42.636,0.009168181818181836,0.00862569712371494,-0.010472279050161591,0.008860491742438272,341.87
42.64,0.008908181818181798,0.008875697123714912,-0.010732279050161574,0.008940491742438297,341.87
42.644,0.008478181818181812,0.009135697123714894,-0.010732279050161574,0.009030491742438276,341.87
42.648,0.008308181818181808,0.009225697123714929,-0.010732279050161574,0.00920049174243828,341.87
42.652,0.008138181818181805,0.009475697123714901,-0.010642279050161595,0.009290491742438314,341.87
42.656,0.007708181818181819,0.009645697123714905,-0.010732279050161574,0.009540491742438286,341.87
42.66,0.007368181818181812,0.009735697123714939,-0.010732279050161574,0.00971049174243829,341.87
42.664,0.0071981818181818084,0.009815697123714908,-0.010732279050161574,0.009880491742438293,341.87
42.668,0.0068581818181818015,0.009905697123714887,-0.010732279050161574,0.009970491742438272,341.87
42.672,0.0065181818181817945,0.009995697123714922,-0.010732279050161574,0.010060491742438307,341.87
42.676,0.0060881818181818086,0.009995697123714922,-0.010732279050161574,0.010060491742438307,341.87
42.68,0.005828181818181826,0.01007569712371489,-0.010642279050161595,0.010060491742438307,341.87
42.684,0.005578181818181798,0.01007569712371489,-0.010392279050161567,0.010060491742438307,341.87
42.688,0.005238181818181791,0.010165697123714925,-0.010302279050161588,0.010060491742438307,341.87
42.692,0.00488818181818183,0.010335697123714929,-0.010392279050161567,0.009970491742438272,341.87
42.696,0.004548181818181823,0.010335697123714929,-0.010222279050161563,0.009800491742438324,341.87
42.7,0.004128181818181791,0.010335697123714929,-0.00996227905016158,0.00963049174243832,341.87
42.704,0.00377818181818183,0.010335697123714929,-0.00996227905016158,0.00963049174243832,341.87
42.708,0.003528181818181802,0.010335697123714929,-0.009792279050161577,0.00963049174243832,341.87
42.712,0.0031781818181818404,0.010415697123714898,-0.009362279050161591,0.00963049174243832,341.87
42.716,0.0028381818181818334,0.010505697123714932,-0.009022279050161584,0.00963049174243832,341.87
42.72,0.0024981818181818265,0.010415697123714898,-0.008682279050161577,0.009370491742438283,341.87
42.724,0.0020681818181818405,0.010415697123714898,-0.008512279050161574,0.009290491742438314,341.87
42.728,0.0015581818181818299,0.010415697123714898,-0.008422279050161595,0.009290491742438314,341.87
42.732,0.001128181818181844,0.010335697123714929,-0.008252279050161591,0.00920049174243828,341.87
42.736,0.0008781818181818159,0.01007569712371489,-0.007912279050161584,0.008860491742438272,341.87
42.74,0.0006181818181818335,0.009995697123714922,-0.007652279050161602,0.008690491742438324,341.87
42.744,0.0002781818181818265,0.009905697123714887,-0.007402279050161574,0.00860049174243829,341.87
42.748,-6.181818181818046e-05,0.009905697123714887,-0.006972279050161588,0.008180491742438314,341.87
42.752,-0.0004018181818181874,0.009905697123714887,-0.006632279050161581,0.00809049174243828,341.87
42.756,-0.0008318181818181734,0.009735697123714939,-0.006462279050161578,0.0080004917424383,341.87
42.76,-0.0013418181818181838,0.009645697123714905,-0.006202279050161595,0.007830491742438297,341.87
42.764,-0.0016918181818182008,0.009565697123714936,-0.005942279050161557,0.007750491742438273,341.87
42.768,-0.0019418181818181733,0.009305697123714898,-0.005692279050161585,0.007320491742438287,341.87
42.772,-0.002371818181818159,0.009055697123714925,-0.005342279050161568,0.007240491742438318,341.87
42.776,-0.0025418181818181625,0.008795697123714887,-0.005092279050161595,0.007240491742438318,341.87
42.78,-0.0028818181818181694,0.00862569712371494,-0.004752279050161588,0.007150491742438284,341.87
42.784,-0.00340181818181819,0.008365697123714901,-0.004492279050161606,0.006810491742438277,341.87
42.788,-0.003821818181818166,0.008285697123714932,-0.004152279050161599,0.006470491742438325,341.87
42.792,-0.004081818181818204,0.008195697123714898,-0.0038122790501615923,0.006380491742438291,341.87
42.796,-0.004341818181818186,0.008195697123714898,-0.0033822790501616064,0.006120491742438308,341.87
42.8,-0.004681818181818193,0.00785569712371489,-0.0030422790501615994,0.005950491742438305,341.87
42.804,-0.0050218181818182,0.00785569712371489,-0.002872279050161596,0.005700491742438277,341.87
42.808,-0.005281818181818183,0.0075956971237149075,-0.002522279050161579,0.005530491742438273,341.87
42.812,-0.005451818181818186,0.0072556971237149005,-0.002182279050161572,0.005180491742438312,341.87
42.816,-0.005791818181818193,0.007085697123714897,-0.0016722790501615616,0.0047604917424382805,341.87
42.82,-0.0063018181818182036,0.00674569712371489,-0.0012422790501615756,0.0044204917424382735,341.87
42.824,-0.006641818181818155,0.006405697123714939,-0.0009922790501616032,0.0043304917424382946,341.87
42.828,-0.0067318181818181895,0.006235697123714935,-0.0008122790501615896,0.0039004917424383086,341.87
42.832,-0.006991818181818172,0.005975697123714897,-0.0004722790501615826,0.0035604917424383016,341.87
42.836,-0.007331818181818179,0.005885697123714918,-5.227905016160666e-05,0.0034704917424383227,341.87
42.84,-0.007501818181818182,0.005545697123714911,0.0002977209498384103,0.0031304917424383157,341.87
42.844,-0.00784181818181819,0.005035697123714901,0.0006377209498384173,0.0027104917424382842,341.87
42.848,-0.007931818181818168,0.004695697123714894,0.0009777209498384241,0.0022804917424382983,341.87
42.852,-0.0083518181818182,0.004605697123714915,0.0012377209498384066,0.002020491742438316,341.87
42.856,-0.008701818181818161,0.004265697123714908,0.001657720949838438,0.0018504917424383121,341.87
42.86,-0.008871818181818165,0.0038356971237149223,0.0020077209498383995,0.0015104917424383052,341.87
42.864,-0.009041818181818168,0.0034056971237149364,0.0023477209498384065,0.0010004917424382947,341.87
42.868,-0.009121818181818193,0.0031556971237149084,0.002767720949838438,0.0006504917424382777,341.87
42.872,-0.009381818181818175,0.002895697123714926,0.0031177209498383994,0.0005704917424383088,341.87
42.876,-0.009641818181818158,0.002555697123714919,0.003197720949838424,0.00023049174243830182,341.87
42.88,-0.009891818181818186,0.0022956971237149365,0.00362772094983841,-0.00019950825756168413,341.87
42.884,-0.009891818181818186,0.001875697123714905,0.004057720949838396,-0.0005395082575616911,341.87
42.888,-0.009891818181818186,0.001445697123714919,0.004307720949838424,-0.0007095082575616946,341.87
42.892,-0.009981818181818165,0.0010156971237149331,0.004477720949838428,-0.0010495082575617016,341.87
42.896,-0.010231818181818193,0.0006756971237149261,0.004827720949838389,-0.0013995082575617185,341.87
42.9,-0.010661818181818179,0.0004156971237148881,0.005247720949838421,-0.0017395082575617255,341.87
42.904,-0.010921818181818161,0.00016569712371491561,0.005507720949838403,-0.0019095082575616735,341.87
42.908,-0.011091818181818165,-0.00026430287628507034,0.005767720949838441,-0.00224950825756168,341.87
42.912,-0.011171818181818189,-0.0006043028762850773,0.0061077209498383925,-0.0026795082575617217,341.87
42.916,-0.011171818181818189,-0.0010343028762850631,0.0063577209498384205,-0.002939508257561704,341.87
42.92,-0.011261818181818168,-0.0014643028762851046,0.006617720949838403,-0.0031895082575616766,341.87
42.924,-0.011261818181818168,-0.0018843028762850805,0.006877720949838441,-0.0035295082575616836,341.87
42.928,-0.011261818181818168,-0.0022343028762850975,0.007047720949838389,-0.0037895082575617215,341.87
42.932,-0.011521818181818206,-0.0025743028762851045,0.007297720949838417,-0.003959508257561725,341.87
42.936,-0.011521818181818206,-0.002824302876285077,0.007387720949838396,-0.0042995082575616765,341.87
42.94,-0.011601818181818175,-0.003174302876285094,0.007727720949838403,-0.0046395082575616834,341.87
42.944,-0.011521818181818206,-0.003514302876285101,0.00798772094983844,-0.004819508257561697,341.87
42.948,-0.011091818181818165,-0.003944302876285087,0.00806772094983841,-0.005069508257561725,341.87
42.952,-0.010921818181818161,-0.00419430287628506,0.008237720949838413,-0.005239508257561673,341.87
42.956,-0.010831818181818182,-0.004364302876285063,0.008497720949838396,-0.00557950825756168,341.87
42.96,-0.010751818181818158,-0.00470430287628507,0.0086677209498384,-0.005839508257561718,341.87
42.964,-0.010751818181818158,-0.005224302876285091,0.008927720949838437,-0.006009508257561721,341.87
42.968,-0.010831818181818182,-0.0056443028762850666,0.008927720949838437,-0.006269508257561704,341.87
42.972,-0.010831818181818182,-0.0059943028762850835,0.008927720949838437,-0.006439508257561707,341.87
42.976,-0.010751818181818158,-0.0062443028762851115,0.009007720949838406,-0.006779508257561714,341.87
42.98,-0.01058181818181821,-0.0064143028762850595,0.009007720949838406,-0.006949508257561718,341.87
42.984,-0.010231818181818193,-0.0067643028762850764,0.00917772094983841,-0.007379508257561704,341.87
42.988,-0.010231818181818193,-0.007104302876285083,0.009357720949838423,-0.007549508257561707,341.87
42.992,-0.010231818181818193,-0.007274302876285087,0.009357720949838423,-0.00780950825756169,341.87
42.996,-0.009981818181818165,-0.007614302876285094,0.009437720949838392,-0.008059508257561718,341.87
43.0,-0.009721818181818182,-0.0079543028762851,0.00969772094983843,-0.008319508257561701,341.87
43.004,-0.0094618181818182,-0.008124302876285103,0.00969772094983843,-0.008319508257561701,341.87
43.008,-0.0094618181818182,-0.008474302876285065,0.009777720949838399,-0.008489508257561704,341.87
43.012,-0.009381818181818175,-0.008724302876285093,0.009867720949838434,-0.008749508257561687,341.87
43.016,-0.009121818181818193,-0.008984302876285075,0.009777720949838399,-0.008829508257561711,341.87
43.02,-0.00895181818181819,-0.009234302876285103,0.009777720949838399,-0.009089508257561694,341.87
43.024,-0.008781818181818186,-0.009324302876285082,0.009867720949838434,-0.009169508257561718,341.87
43.028,-0.008701818181818161,-0.009584302876285065,0.009867720949838434,-0.009259508257561697,341.87
43.032,-0.008271818181818175,-0.009754302876285068,0.009867720949838434,-0.00951950825756168,341.87
43.036,-0.007931818181818168,-0.010094302876285075,0.009777720949838399,-0.009689508257561683,341.87
43.04,-0.007751818181818155,-0.0101743028762851,0.009777720949838399,-0.009689508257561683,341.87
43.044,-0.007411818181818203,-0.0101743028762851,0.009777720949838399,-0.009689508257561683,341.87
43.048,-0.0071618181818181754,-0.010434302876285082,0.009777720949838399,-0.009689508257561683,341.87
43.052,-0.006991818181818172,-0.010434302876285082,0.009777720949838399,-0.009599508257561704,341.87
43.056,-0.006641818181818155,-0.010694302876285065,0.009777720949838399,-0.009599508257561704,341.87
43.06,-0.0063018181818182036,-0.011204302876285075,0.009777720949838399,-0.009599508257561704,341.87
43.064,-0.0061318181818182,-0.01129430287628511,0.009527720949838427,-0.009689508257561683,341.87
43.068,-0.005791818181818193,-0.01129430287628511,0.009437720949838392,-0.009939508257561711,341.87
43.072,-0.005451818181818186,-0.01129430287628511,0.009437720949838392,-0.01002950825756169,341.87
43.076,-0.005191818181818204,-0.01129430287628511,0.009267720949838389,-0.01002950825756169,341.87
43.08,-0.0050218181818182,-0.01129430287628511,0.009007720949838406,-0.009939508257561711,341.87
43.084,-0.004681818181818193,-0.01129430287628511,0.008837720949838403,-0.009939508257561711,341.87
43.088,-0.004171818181818183,-0.01129430287628511,0.00858772094983843,-0.01002950825756169,341.87
43.092,-0.003741818181818197,-0.01129430287628511,0.00858772094983843,-0.01002950825756169,341.87
43.096,-0.003481818181818159,-0.01129430287628511,0.008497720949838396,-0.01002950825756169,341.87
43.1,-0.0033118181818181554,-0.01129430287628511,0.008327720949838392,-0.01002950825756169,341.87
43.104,-0.002971818181818204,-0.011204302876285075,0.008237720949838413,-0.009939508257561711,341.87
43.108,-0.0024618181818181935,-0.011114302876285096,0.007817720949838437,-0.009689508257561683,341.87
43.112,-0.0020318181818182075,-0.011114302876285096,0.007727720949838403,-0.009599508257561704,341.87
43.116,-0.0017718181818181698,-0.010864302876285068,0.007727720949838403,-0.009599508257561704,341.87
43.12,-0.0012618181818181593,-0.010864302876285068,0.007647720949838434,-0.009599508257561704,341.87
43.124,-0.0009218181818182079,-0.010774302876285089,0.007387720949838396,-0.009349508257561676,341.87
43.128,-0.0007518181818182044,-0.010524302876285061,0.007297720949838417,-0.009259508257561697,341.87
43.132,-0.0004918181818181664,-0.010524302876285061,0.007047720949838389,-0.009089508257561694,341.87
43.136,-6.181818181818046e-05,-0.010524302876285061,0.006787720949838406,-0.008829508257561711,341.87
43.14,0.00044818181818183,-0.010434302876285082,0.0064477209498383994,-0.008749508257561687,341.87
43.144,0.0008781818181818159,-0.0101743028762851,0.006187720949838417,-0.008489508257561704,341.87
43.148,0.001128181818181844,-0.0101743028762851,0.00584772094983841,-0.00840950825756168,341.87
43.152,0.0012981818181817919,-0.010004302876285096,0.005507720949838403,-0.008319508257561701,341.87
43.156,0.0016481818181818088,-0.009754302876285068,0.005507720949838403,-0.008059508257561718,341.87
43.16,0.001988181818181816,-0.00966430287628509,0.004907720949838414,-0.007889508257561715,341.87
43.164,0.0024981818181818265,-0.009414302876285061,0.004567720949838407,-0.007549508257561707,341.87
43.168,0.0028381818181818334,-0.009154302876285079,0.004307720949838424,-0.007289508257561725,341.87
43.172,0.0029281818181818124,-0.008894302876285096,0.003967720949838417,-0.007039508257561697,341.87
43.176,0.0031781818181818404,-0.008724302876285093,0.003717720949838389,-0.006779508257561714,341.87
43.18,0.0036081818181818263,-0.008474302876285065,0.0034577209498384063,-0.00669950825756169,341.87
43.184,0.003868181818181809,-0.008214302876285082,0.0031177209498383994,-0.006349508257561673,341.87
43.188,0.004038181818181812,-0.0079543028762851,0.002857720949838417,-0.006009508257561721,341.87
43.192,0.004378181818181819,-0.007614302876285094,0.0026877209498384134,-0.005759508257561693,341.87
43.196,0.00488818181818183,-0.007354302876285111,0.0023477209498384065,-0.005409508257561676,341.87
43.2,0.005238181818181791,-0.007104302876285083,0.0020077209498383995,-0.005159508257561704,341.87
43.204,0.005408181818181795,-0.0067643028762850764,0.0015777209498384136,-0.0049895082575617,341.87
43.208,0.005748181818181802,-0.006504302876285094,0.001317720949838431,-0.0046395082575616834,341.87
43.212,0.00600818181818184,-0.0063343028762850905,0.0010677209498384031,-0.0042995082575616765,341.87
43.216,0.006178181818181843,-0.0059943028762850835,0.0007177209498384418,-0.004049508257561704,341.87
43.22,0.006598181818181819,-0.005564302876285098,0.0002977209498384103,-0.0037895082575617215,341.87
43.224,0.0068581818181818015,-0.00530430287628506,-0.00013227905016157564,-0.0034495082575617146,341.87
43.228,0.0068581818181818015,-0.005054302876285087,-0.0003922790501615581,-0.003019508257561673,341.87
43.232,0.007288181818181843,-0.00470430287628507,-0.0004722790501615826,-0.002589508257561687,341.87
43.236,0.007628181818181794,-0.004364302876285063,-0.0009022790501615686,-0.0023395082575617147,341.87
43.24,0.007798181818181798,-0.003944302876285087,-0.0013322790501616101,-0.0021695082575617112,341.87
43.244,0.008058181818181836,-0.003514302876285101,-0.0016722790501615616,-0.0018195082575616945,341.87
43.248,0.00822818181818184,-0.003254302876285063,-0.0020122790501615685,-0.0014795082575616875,341.87
43.252,0.00856818181818179,-0.0030043028762850904,-0.0022722790501616065,-0.0010495082575617016,341.87
43.256,0.008908181818181798,-0.0026543028762850735,-0.002612279050161558,-0.0007095082575616946,341.87
43.26,0.009078181818181801,-0.0023143028762850665,-0.002952279050161565,-0.00045950825756172213,341.87
43.264,0.009248181818181805,-0.0018843028762850805,-0.003292279050161572,-0.00010950825756170514,341.87
43.268,0.009248181818181805,-0.0014643028762851046,-0.0038122790501615923,0.00023049174243830182,341.87
43.272,0.009418181818181808,-0.0010343028762850631,-0.004062279050161564,0.0006504917424382777,341.87
43.276,0.009848181818181794,-0.0006943028762851118,-0.004062279050161564,0.0010804917424383192,341.87
43.28,0.010188181818181801,-0.0005243028762851083,-0.004582279050161585,0.0014204917424383262,341.87
43.284,0.010188181818181801,-0.00017430287628509135,-0.005002279050161561,0.0015904917424382741,341.87
43.288,0.010188181818181801,0.0002456971237149401,-0.005342279050161568,0.001940491742438291,341.87
43.292,0.010358181818181805,0.0005056971237149226,-0.005522279050161581,0.0022804917424382983,341.87
43.296,0.010618181818181843,0.0009356971237149085,-0.005862279050161588,0.0027104917424382842,341.87
43.3,0.010708181818181822,0.00135569712371494,-0.006202279050161595,0.002960491742438312,341.87
43.304,0.010708181818181822,0.0017056971237149015,-0.006462279050161578,0.0031304917424383157,341.87
43.308,0.010958181818181794,0.0019556971237149295,-0.006712279050161606,0.0034704917424383227,341.87
43.312,0.010878181818181825,0.0022956971237149365,-0.007052279050161557,0.003990491742438288,341.87
43.316,0.010708181818181822,0.002555697123714919,-0.007312279050161595,0.0043304917424382946,341.87
43.32,0.010618181818181843,0.0030656971237149294,-0.0074822790501615985,0.004500491742438298,341.87
43.324,0.010618181818181843,0.0034056971237149364,-0.007742279050161581,0.0047604917424382805,341.87
43.328,0.010618181818181843,0.0035856971237148943,-0.007912279050161584,0.005180491742438312,341.87
43.332,0.010618181818181843,0.003925697123714901,-0.008252279050161591,0.005530491742438273,341.87
43.336,0.010618181818181843,0.004355697123714887,-0.008512279050161574,0.005700491742438277,341.87
43.34,0.010618181818181843,0.004605697123714915,-0.008762279050161602,0.006040491742438284,341.87
43.344,0.010538181818181818,0.004695697123714894,-0.009022279050161584,0.006300491742438322,341.87
43.348,0.010618181818181843,0.005035697123714901,-0.009112279050161563,0.006470491742438325,341.87
43.352,0.010618181818181843,0.005375697123714908,-0.009362279050161591,0.006810491742438277,341.87
43.356,0.010538181818181818,0.00563569712371489,-0.00945227905016157,0.007060491742438305,341.87
43.36,0.010448181818181839,0.005975697123714897,-0.009702279050161598,0.007240491742438318,341.87
43.364,0.010278181818181836,0.006405697123714939,-0.009872279050161602,0.007490491742438291,341.87
43.368,0.010278181818181836,0.006655697123714911,-0.00996227905016158,0.007580491742438325,341.87
43.372,0.010278181818181836,0.00674569712371489,-0.010222279050161563,0.007830491742438297,341.87
43.376,0.010188181818181801,0.006995697123714918,-0.010302279050161588,0.00809049174243828,341.87
43.38,0.010188181818181801,0.0072556971237149005,-0.010302279050161588,0.008350491742438317,341.87
43.384,0.010108181818181832,0.0075956971237149075,-0.010302279050161588,0.008350491742438317,341.87
43.388,0.009848181818181794,0.00785569712371489,-0.010302279050161588,0.008430491742438286,341.87
43.392,0.00967818181818179,0.008025697123714894,-0.010392279050161567,0.008690491742438324,341.87
43.396,0.009418181818181808,0.008365697123714901,-0.010392279050161567,0.008860491742438272,341.87
43.4,0.009248181818181805,0.008455697123714936,-0.01056227905016157,0.00912049174243831,341.87
43.404,0.008998181818181832,0.00862569712371494,-0.010812279050161598,0.00920049174243828,341.87
43.408,0.008828181818181829,0.008875697123714912,-0.01107227905016158,0.009290491742438314,341.87
43.412,0.008478181818181812,0.009135697123714894,-0.01107227905016158,0.009290491742438314,341.87
43.416,0.00822818181818184,0.009305697123714898,-0.01107227905016158,0.009290491742438314,341.87
43.42,0.008058181818181836,0.009565697123714936,-0.01116227905016156,0.009370491742438283,341.87
43.424,0.007708181818181819,0.009565697123714936,-0.011242279050161584,0.009540491742438286,341.87
43.428,0.007368181818181812,0.009645697123714905,-0.011242279050161584,0.00971049174243829,341.87
43.432,0.007028181818181805,0.009815697123714908,-0.010992279050161612,0.00971049174243829,341.87
43.436,0.0068581818181818015,0.009735697123714939,-0.010732279050161574,0.00971049174243829,341.87
43.44,0.0065181818181817945,0.009815697123714908,-0.010642279050161595,0.009970491742438272,341.87
43.444,0.0060881818181818086,0.009995697123714922,-0.010732279050161574,0.010060491742438307,341.87
43.448,0.005748181818181802,0.009995697123714922,-0.010732279050161574,0.009970491742438272,341.87
43.452,0.005658181818181823,0.009995697123714922,-0.010642279050161595,0.010060491742438307,341.87
43.456,0.005318181818181816,0.01007569712371489,-0.010472279050161591,0.010060491742438307,341.87
43.46,0.00488818181818183,0.010335697123714929,-0.010392279050161567,0.009970491742438272,341.87
43.464,0.004468181818181798,0.010335697123714929,-0.010222279050161563,0.009800491742438324,341.87
43.468,0.004038181818181812,0.010335697123714929,-0.00996227905016158,0.00963049174243832,341.87
43.472,0.00377818181818183,0.010415697123714898,-0.00996227905016158,0.00963049174243832,341.87
43.476,0.0036081818181818263,0.010505697123714932,-0.009702279050161598,0.00963049174243832,341.87
43.48,0.0032681818181818194,0.010415697123714898,-0.009282279050161567,0.00971049174243829,341.87
43.484,0.002758181818181809,0.010415697123714898,-0.009192279050161588,0.00963049174243832,341.87
43.488,0.002328181818181823,0.010415697123714898,-0.008762279050161602,0.009370491742438283,341.87
43.492,0.001988181818181816,0.010415697123714898,-0.008512279050161574,0.009290491742438314,341.87
43.496,0.0015581818181818299,0.010505697123714932,-0.008252279050161591,0.009290491742438314,341.87
43.5,0.001128181818181844,0.010335697123714929,-0.008162279050161557,0.00912049174243831,341.87
43.504,0.000788181818181837,0.009995697123714922,-0.007912279050161584,0.008770491742438293,341.87
43.508,0.0006181818181818335,0.009995697123714922,-0.007822279050161605,0.00860049174243829,341.87
43.512,0.0003581818181817955,0.01007569712371489,-0.0074822790501615985,0.00860049174243829,341.87
43.516,-6.181818181818046e-05,0.010165697123714925,-0.0071422790501615915,0.008180491742438314,341.87
43.52,-0.0004918181818181664,0.009815697123714908,-0.006972279050161588,0.008180491742438314,341.87
43.524,-0.0009218181818182079,0.009815697123714908,-0.006632279050161581,0.008180491742438314,341.87
43.528,-0.0011718181818181803,0.009735697123714939,-0.006372279050161599,0.007920491742438276,341.87
43.532,-0.0016018181818181663,0.009305697123714898,-0.006112279050161561,0.007830491742438297,341.87
43.536,-0.0018618181818182043,0.009225697123714929,-0.005772279050161609,0.007320491742438287,341.87
43.54,-0.0021118181818181765,0.009225697123714929,-0.005342279050161568,0.007150491742438284,341.87
43.544,-0.0024618181818181935,0.009135697123714894,-0.005092279050161595,0.007150491742438284,341.87
43.548,-0.0028818181818181694,0.008795697123714887,-0.004922279050161592,0.007060491742438305,341.87
43.552,-0.00340181818181819,0.008535697123714905,-0.004582279050161585,0.006810491742438277,341.87
43.556,-0.003821818181818166,0.008455697123714936,-0.004062279050161564,0.006550491742438294,341.87
43.56,-0.003991818181818169,0.008195697123714898,-0.003642279050161589,0.006300491742438322,341.87
43.564,-0.004251818181818207,0.008195697123714898,-0.0033822790501616064,0.006040491742438284,341.87
43.568,-0.004591818181818159,0.008025697123714894,-0.003292279050161572,0.005950491742438305,341.87
43.572,-0.004931818181818166,0.007935697123714915,-0.002872279050161596,0.005610491742438298,341.87
43.576,-0.005281818181818183,0.0075956971237149075,-0.00244227905016161,0.005270491742438291,341.87
43.58,-0.005451818181818186,0.0072556971237149005,-0.002182279050161572,0.0051004917424382875,341.87
43.584,-0.005791818181818193,0.007085697123714897,-0.0016722790501615616,0.0047604917424382805,341.87
43.588,-0.0061318181818182,0.00674569712371489,-0.0012422790501615756,0.0044204917424382735,341.87
43.592,-0.006221818181818179,0.006485697123714908,-0.0010722790501615721,0.0043304917424382946,341.87
43.596,-0.006641818181818155,0.006235697123714935,-0.0009022790501615686,0.003990491742438288,341.87
43.6,-0.006991818181818172,0.005975697123714897,-0.0003922790501615581,0.0035604917424383016,341.87
43.604,-0.0071618181818181754,0.005885697123714918,-5.227905016160666e-05,0.0032204917424382947,341.87
43.608,-0.007501818181818182,0.005545697123714911,0.0003777209498384348,0.002960491742438312,341.87
43.612,-0.007931818181818168,0.005035697123714901,0.0008077209498384208,0.0026204917424383052,341.87
43.616,-0.008181818181818196,0.004695697123714894,0.0011477209498384276,0.0022804917424382983,341.87
43.62,-0.0083518181818182,0.004605697123714915,0.00140772094983841,0.0018504917424383121,341.87
43.624,-0.008611818181818182,0.004265697123714908,0.0015777209498384136,0.0015104917424383052,341.87
43.628,-0.008781818181818186,0.003925697123714901,0.0020077209498383995,0.0014204917424383262,341.87
43.632,-0.009041818181818168,0.0035856971237148943,0.002427720949838431,0.0010004917424382947,341.87
43.636,-0.009211818181818172,0.003325697123714912,0.002767720949838438,0.0005704917424383088,341.87
43.64,-0.0094618181818182,0.002985697123714905,0.0031177209498383994,0.00023049174243830182,341.87
43.644,-0.009551818181818179,0.002555697123714919,0.003287720949838403,-0.00010950825756170514,341.87
43.648,-0.009811818181818161,0.002215697123714912,0.00362772094983841,-0.00036950825756168764,341.87
43.652,-0.009981818181818165,0.001785697123714926,0.003967720949838417,-0.0007095082575616946,341.87
43.656,-0.010061818181818189,0.001445697123714919,0.004307720949838424,-0.0010495082575617016,341.87
43.66,-0.010321818181818172,0.00135569712371494,0.004567720949838407,-0.001309508257561684,341.87
43.664,-0.010321818181818172,0.0009356971237149085,0.004907720949838414,-0.0014795082575616875,341.87
43.668,-0.010321818181818172,0.0005056971237149226,0.005077720949838417,-0.0018195082575616945,341.87
43.672,-0.010491818181818175,0.00016569712371491561,0.0053377209498383996,-0.0020795082575616767,341.87
43.676,-0.011001818181818186,-0.00017430287628509135,0.0056777209498384065,-0.0023395082575617147,341.87
43.68,-0.011001818181818186,-0.0006043028762850773,0.0060177209498384135,-0.0027595082575616907,341.87
43.684,-0.011001818181818186,-0.0010343028762850631,0.0061077209498383925,-0.0031895082575616766,341.87
43.688,-0.011091818181818165,-0.0012943028762851011,0.006537720949838434,-0.00335950825756168,341.87
43.692,-0.011171818181818189,-0.0015443028762850736,0.006877720949838441,-0.0035295082575616836,341.87
43.696,-0.011261818181818168,-0.0018843028762850805,0.00695772094983841,-0.0038795082575617005,341.87
43.7,-0.011261818181818168,-0.0023143028762850665,0.007217720949838392,-0.0042195082575617075,341.87
43.704,-0.011091818181818165,-0.002744302876285108,0.00747772094983843,-0.00446950825756168,341.87
43.708,-0.011091818181818165,-0.0030843028762850594,0.007727720949838403,-0.004819508257561697,341.87
43.712,-0.011091818181818165,-0.0033443028762850974,0.007897720949838406,-0.005069508257561725,341.87
43.716,-0.011001818181818186,-0.003514302876285101,0.00806772094983841,-0.005239508257561673,341.87
43.72,-0.010831818181818182,-0.003854302876285108,0.008237720949838413,-0.005499508257561711,341.87
43.724,-0.010831818181818182,-0.004364302876285063,0.008497720949838396,-0.005669508257561714,341.87
43.728,-0.010751818181818158,-0.004794302876285105,0.00858772094983843,-0.006009508257561721,341.87
43.732,-0.010831818181818182,-0.005134302876285112,0.008837720949838403,-0.006269508257561704,341.87
43.736,-0.010921818181818161,-0.005394302876285094,0.008837720949838403,-0.006349508257561673,341.87
43.74,-0.010751818181818158,-0.0056443028762850666,0.008837720949838403,-0.006609508257561711,341.87
43.744,-0.01058181818181821,-0.006074302876285108,0.008927720949838437,-0.006869508257561693,341.87
43.748,-0.010321818181818172,-0.006504302876285094,0.00909772094983844,-0.007549508257561707,341.87
43.752,-0.010321818181818172,-0.0066743028762850974,0.009357720949838423,-0.007639508257561686,341.87
43.756,-0.010151818181818168,-0.00693430287628508,0.009357720949838423,-0.007639508257561686,341.87
43.76,-0.009981818181818165,-0.007274302876285087,0.009357720949838423,-0.007889508257561715,341.87
43.764,-0.009981818181818165,-0.007614302876285094,0.009437720949838392,-0.008059508257561718,341.87
43.768,-0.009811818181818161,-0.007874302876285075,0.00969772094983843,-0.008319508257561701,341.87
43.772,-0.009551818181818179,-0.008044302876285079,0.00969772094983843,-0.00840950825756168,341.87
43.776,-0.009381818181818175,-0.008294302876285107,0.009777720949838399,-0.008659508257561708,341.87
43.78,-0.009121818181818193,-0.00855430287628509,0.009867720949838434,-0.008749508257561687,341.87
43.784,-0.00895181818181819,-0.008814302876285072,0.009867720949838434,-0.008829508257561711,341.87
43.788,-0.008701818181818161,-0.008984302876285075,0.009867720949838434,-0.009089508257561694,341.87
43.792,-0.008521818181818203,-0.009324302876285082,0.010037720949838437,-0.009259508257561697,341.87
43.796,-0.008271818181818175,-0.009584302876285065,0.01020772094983844,-0.0094295082575617,341.87
43.8,-0.008181818181818196,-0.009584302876285065,0.01020772094983844,-0.00951950825756168,341.87
43.804,-0.008011818181818193,-0.009754302876285068,0.010127720949838416,-0.009599508257561704,341.87
43.808,-0.007751818181818155,-0.010004302876285096,0.010127720949838416,-0.009769508257561708,341.87
43.812,-0.007411818181818203,-0.0101743028762851,0.009867720949838434,-0.009859508257561687,341.87
43.816,-0.0070718181818181965,-0.010434302876285082,0.009867720949838434,-0.009939508257561711,341.87
43.82,-0.006991818181818172,-0.010434302876285082,0.009777720949838399,-0.01002950825756169,341.87
43.824,-0.006641818181818155,-0.010604302876285086,0.009777720949838399,-0.010109508257561715,341.87
43.828,-0.0063918181818181825,-0.011034302876285072,0.009777720949838399,-0.010109508257561715,341.87
43.832,-0.0061318181818182,-0.011374302876285079,0.00969772094983843,-0.01002950825756169,341.87
43.836,-0.005791818181818193,-0.011374302876285079,0.009357720949838423,-0.01002950825756169,341.87
43.84,-0.005451818181818186,-0.011374302876285079,0.009357720949838423,-0.01002950825756169,341.87
43.844,-0.005111818181818179,-0.011374302876285079,0.009357720949838423,-0.01002950825756169,341.87
43.848,-0.004851818181818197,-0.011374302876285079,0.009267720949838389,-0.01002950825756169,341.87
43.852,-0.00451181818181819,-0.011374302876285079,0.00909772094983844,-0.01002950825756169,341.87
43.856,-0.004171818181818183,-0.011374302876285079,0.008837720949838403,-0.01002950825756169,341.87
43.86,-0.003821818181818166,-0.01129430287628511,0.00858772094983843,-0.01002950825756169,341.87
43.864,-0.003481818181818159,-0.011204302876285075,0.008497720949838396,-0.009939508257561711,341.87
43.868,-0.0032318181818181864,-0.01129430287628511,0.008327720949838392,-0.01002950825756169,341.87
43.872,-0.0028818181818181694,-0.01129430287628511,0.008237720949838413,-0.009939508257561711,341.87
43.876,-0.0025418181818181625,-0.01129430287628511,0.008327720949838392,-0.009689508257561683,341.87
43.88,-0.0021118181818181765,-0.011204302876285075,0.00798772094983844,-0.009599508257561704,341.87
43.884,-0.0016018181818181663,-0.011204302876285075,0.007727720949838403,-0.009599508257561704,341.87
43.888,-0.0012618181818181593,-0.011034302876285072,0.00747772094983843,-0.00951950825756168,341.87
43.892,-0.0011718181818181803,-0.010774302876285089,0.007387720949838396,-0.009259508257561697,341.87
43.896,-0.0009218181818182079,-0.010524302876285061,0.007217720949838392,-0.009259508257561697,341.87
43.9,-0.0004918181818181664,-0.010524302876285061,0.00695772094983841,-0.009169508257561718,341.87
43.904,-6.181818181818046e-05,-0.010524302876285061,0.006877720949838441,-0.00891950825756169,341.87
43.908,0.0002781818181818265,-0.010434302876285082,0.006617720949838403,-0.00891950825756169,341.87
43.912,0.0003581818181817955,-0.0101743028762851,0.0064477209498383994,-0.008749508257561687,341.87
43.916,0.0007081818181818124,-0.010094302876285075,0.0060177209498384135,-0.008489508257561704,341.87
43.92,0.001128181818181844,-0.010004302876285096,0.005507720949838403,-0.008319508257561701,341.87
43.924,0.0016481818181818088,-0.009754302876285068,0.005247720949838421,-0.008059508257561718,341.87
43.928,0.0020681818181818405,-0.009584302876285065,0.004827720949838389,-0.007889508257561715,341.87
43.932,0.002238181818181844,-0.009324302876285082,0.004477720949838428,-0.007639508257561686,341.87
43.936,0.002418181818181802,-0.009234302876285103,0.004307720949838424,-0.007379508257561704,341.87
43.94,0.002758181818181809,-0.008984302876285075,0.004057720949838396,-0.007039508257561697,341.87
43.944,0.0031781818181818404,-0.008814302876285072,0.003717720949838389,-0.006869508257561693,341.87
43.948,0.0036081818181818263,-0.00855430287628509,0.00362772094983841,-0.00669950825756169,341.87
43.952,0.003948181818181833,-0.008384302876285086,0.003197720949838424,-0.006269508257561704,341.87
43.956,0.004208181818181816,-0.008044302876285079,0.002767720949838438,-0.005929508257561697,341.87
43.96,0.004548181818181823,-0.007784302876285097,0.00251772094983841,-0.005839508257561718,341.87
43.964,0.004808181818181805,-0.007614302876285094,0.0023477209498384065,-0.005499508257561711,341.87
43.968,0.00488818181818183,-0.007274302876285087,0.0020077209498383995,-0.005239508257561673,341.87
43.972,0.005238181818181791,-0.007014302876285104,0.0015777209498384136,-0.0049895082575617,341.87
43.976,0.005748181818181802,-0.0067643028762850764,0.0011477209498384276,-0.0046395082575616834,341.87
43.98,0.0060881818181818086,-0.0064143028762850595,0.0008077209498384208,-0.0042995082575616765,341.87
43.984,0.006258181818181812,-0.0059943028762850835,0.0006377209498384173,-0.004049508257561704,341.87
43.988,0.0065181818181817945,-0.005474302876285063,0.0002977209498384103,-0.0037895082575617215,341.87
43.992,0.0067681818181818225,-0.005134302876285112,-0.00013227905016157564,-0.0034495082575617146,341.87
43.996,0.006948181818181836,-0.005054302876285087,-0.0003922790501615581,-0.0031095082575617076,341.87
44.0,0.007288181818181843,-0.004794302876285105,-0.0006422790501615861,-0.002849508257561725,341.87
44.004,0.007538181818181815,-0.004364302876285063,-0.0009922790501616032,-0.002589508257561687,341.87
44.008,0.007798181818181798,-0.003944302876285087,-0.0013322790501616101,-0.00224950825756168,341.87
44.012,0.008058181818181836,-0.00359430287628507,-0.0016722790501615616,-0.0019095082575616735,341.87
44.016,0.00822818181818184,-0.0034243028762850664,-0.0020122790501615685,-0.0014795082575616875,341.87
44.02,0.008398181818181843,-0.0030843028762850594,-0.00244227905016161,-0.0010495082575617016,341.87
44.024,0.00856818181818179,-0.002744302876285108,-0.0027822790501615615,-0.0007095082575616946,341.87
44.028,0.008908181818181798,-0.0023143028762850665,-0.002952279050161565,-0.00045950825756172213,341.87
44.032,0.009168181818181836,-0.0018843028762850805,-0.003212279050161603,-0.00010950825756170514,341.87
44.036,0.009418181818181808,-0.0014643028762851046,-0.0034622790501615754,0.00023049174243830182,341.87
44.04,0.009508181818181843,-0.0012043028762850666,-0.004152279050161599,0.0006504917424382777,341.87
44.044,0.009768181818181825,-0.0009443028762850843,-0.004492279050161606,0.0009104917424383157,341.87
44.048,0.009848181818181794,-0.0006043028762850773,-0.004662279050161609,0.0010804917424383192,341.87
44.052,0.010108181818181832,-0.00026430287628507034,-0.005002279050161561,0.0014204917424383262,341.87
44.056,0.010108181818181832,0.00016569712371491561,-0.005342279050161568,0.0018504917424383121,341.87
44.06,0.010278181818181836,0.0005856971237148916,-0.005692279050161585,0.0022804917424382983,341.87
44.064,0.010538181818181818,0.0010156971237149331,-0.005862279050161588,0.0026204917424383052,341.87
44.068,0.010618181818181843,0.00135569712371494,-0.006202279050161595,0.0027904917424383087,341.87
44.072,0.010618181818181843,0.001445697123714919,-0.006462279050161578,0.0031304917424383157,341.87
44.076,0.010618181818181843,0.001785697123714926,-0.006712279050161606,0.0035604917424383016,341.87
44.08,0.01078818181818179,0.002215697123714912,-0.007052279050161557,0.003820491742438284,341.87
44.084,0.010708181818181822,0.002645697123714898,-0.007312279050161595,0.003990491742438288,341.87
44.088,0.010708181818181822,0.002895697123714926,-0.0074822790501615985,0.0043304917424382946,341.87
44.092,0.010618181818181843,0.0031556971237149084,-0.007742279050161581,0.0046704917424383015,341.87
44.096,0.010538181818181818,0.0034956971237149153,-0.007912279050161584,0.0050104917424383085,341.87
44.1,0.010538181818181818,0.0038356971237149223,-0.008252279050161591,0.005270491742438291,341.87
44.104,0.010538181818181818,0.004265697123714908,-0.008592279050161598,0.005610491742438298,341.87
44.108,0.010618181818181843,0.004605697123714915,-0.008762279050161602,0.005780491742438301,341.87
44.112,0.010618181818181843,0.004695697123714894,-0.009112279050161563,0.006040491742438284,341.87
44.116,0.010538181818181818,0.005115697123714925,-0.009192279050161588,0.006380491742438291,341.87
44.12,0.010618181818181843,0.005465697123714887,-0.009532279050161595,0.006720491742438298,341.87
44.124,0.010618181818181843,0.00563569712371489,-0.009622279050161574,0.006890491742438301,341.87
44.128,0.010538181818181818,0.005975697123714897,-0.009702279050161598,0.007240491742438318,341.87
44.132,0.010278181818181836,0.006235697123714935,-0.009872279050161602,0.007490491742438291,341.87
44.136,0.010188181818181801,0.006405697123714939,-0.00996227905016158,0.007660491742438294,341.87
44.14,0.010188181818181801,0.00674569712371489,-0.00996227905016158,0.007830491742438297,341.87
44.144,0.010278181818181836,0.006995697123714918,-0.009872279050161602,0.00809049174243828,341.87
44.148,0.010278181818181836,0.0072556971237149005,-0.009872279050161602,0.008350491742438317,341.87
44.152,0.010108181818181832,0.0075156971237149385,-0.00996227905016158,0.008350491742438317,341.87
44.156,0.009848181818181794,0.0075956971237149075,-0.010222279050161563,0.008430491742438286,341.87
44.16,0.009848181818181794,0.007935697123714915,-0.010392279050161567,0.008690491742438324,341.87
44.164,0.009768181818181825,0.008195697123714898,-0.010392279050161567,0.008860491742438272,341.87
44.168,0.009418181818181808,0.008455697123714936,-0.010472279050161591,0.008860491742438272,341.87
44.172,0.009078181818181801,0.008705697123714908,-0.01056227905016157,0.008860491742438272,341.87
44.176,0.008908181818181798,0.008875697123714912,-0.010642279050161595,0.008860491742438272,341.87
44.18,0.008648181818181815,0.009135697123714894,-0.010732279050161574,0.008940491742438297,341.87
44.184,0.008478181818181812,0.009305697123714898,-0.010732279050161574,0.009290491742438314,341.87
44.188,0.008058181818181836,0.009475697123714901,-0.010642279050161595,0.00963049174243832,341.87
44.192,0.007628181818181794,0.009475697123714901,-0.010642279050161595,0.00971049174243829,341.87
44.196,0.007458181818181791,0.009475697123714901,-0.010732279050161574,0.00963049174243832,341.87
44.2,0.007288181818181843,0.009565697123714936,-0.010732279050161574,0.00971049174243829,341.87
44.204,0.0068581818181818015,0.009645697123714905,-0.010732279050161574,0.00963049174243832,341.87
44.208,0.0064281818181818155,0.009735697123714939,-0.010642279050161595,0.009800491742438324,341.87
44.212,0.006178181818181843,0.009815697123714908,-0.01056227905016157,0.010060491742438307,341.87
44.216,0.00600818181818184,0.009905697123714887,-0.010302279050161588,0.010060491742438307,341.87
44.22,0.005658181818181823,0.009995697123714922,-0.010302279050161588,0.010060491742438307,341.87
44.224,0.005238181818181791,0.009995697123714922,-0.010302279050161588,0.010060491742438307,341.87
44.228,0.004978181818181809,0.01007569712371489,-0.010302279050161588,0.010060491742438307,341.87
44.232,0.004808181818181805,0.010335697123714929,-0.01005227905016156,0.009970491742438272,341.87
44.236,0.004468181818181798,0.010335697123714929,-0.00996227905016158,0.009800491742438324,341.87
44.24,0.004128181818181791,0.010335697123714929,-0.009792279050161577,0.00971049174243829,341.87
44.244,0.0036081818181818263,0.010335697123714929,-0.009532279050161595,0.00971049174243829,341.87
44.248,0.0031781818181818404,0.010335697123714929,-0.00945227905016157,0.00971049174243829,341.87
44.252,0.0028381818181818334,0.010415697123714898,-0.009282279050161567,0.00963049174243832,341.87
44.256,0.0025881818181818055,0.010585697123714901,-0.008762279050161602,0.009540491742438286,341.87
44.26,0.002328181818181823,0.010675697123714935,-0.008592279050161598,0.00920049174243828,341.87
44.264,0.001988181818181816,0.010505697123714932,-0.008422279050161595,0.009030491742438276,341.87
44.268,0.0016481818181818088,0.010415697123714898,-0.008252279050161591,0.00920049174243828,341.87
44.272,0.001218181818181823,0.010165697123714925,-0.007912279050161584,0.009030491742438276,341.87
44.276,0.0007081818181818124,0.01007569712371489,-0.007652279050161602,0.00852049174243832,341.87
44.28,0.0002781818181818265,0.01007569712371489,-0.007312279050161595,0.008430491742438286,341.87
44.284,-6.181818181818046e-05,0.01007569712371489,-0.007052279050161557,0.008430491742438286,341.87
44.288,-0.00032181818181816293,0.009995697123714922,-0.006882279050161609,0.008180491742438314,341.87
44.292,-0.0004918181818181664,0.009735697123714939,-0.006542279050161602,0.007920491742438276,341.87
44.296,-0.0008318181818181734,0.009565697123714936,-0.006282279050161564,0.007660491742438294,341.87
44.3,-0.0013418181818181838,0.009475697123714901,-0.006202279050161595,0.007660491742438294,341.87
44.304,-0.0017718181818181698,0.009395697123714932,-0.005772279050161609,0.007660491742438294,341.87
44.308,-0.0021118181818181765,0.009395697123714932,-0.005342279050161568,0.007410491742438322,341.87
44.312,-0.0024618181818181935,0.00896569712371489,-0.005172279050161564,0.00698049174243828,341.87
44.316,-0.0028018181818182004,0.008705697123714908,-0.004922279050161592,0.006890491742438301,341.87
44.32,-0.003051818181818173,0.008455697123714936,-0.004582279050161585,0.006890491742438301,341.87
44.324,-0.00340181818181819,0.008365697123714901,-0.004152279050161599,0.006640491742438273,341.87
44.328,-0.003741818181818197,0.008365697123714901,-0.0038922790501615613,0.006120491742438308,341.87
44.332,-0.004171818181818183,0.008285697123714932,-0.003642279050161589,0.006040491742438284,341.87
44.336,-0.004591818181818159,0.008025697123714894,-0.003292279050161572,0.005950491742438305,341.87
44.34,-0.004931818181818166,0.00785569712371489,-0.002952279050161565,0.005700491742438277,341.87
44.344,-0.0050218181818182,0.0075156971237149385,-0.002612279050161558,0.005530491742438273,341.87
44.348,-0.005451818181818186,0.007345697123714935,-0.002182279050161572,0.005180491742438312,341.87
44.352,-0.005791818181818193,0.007085697123714897,-0.001842279050161565,0.0047604917424382805,341.87
44.356,-0.005961818181818197,0.00674569712371489,-0.0015822790501615826,0.0044204917424382735,341.87
44.36,-0.0063018181818182036,0.006655697123714911,-0.0012422790501615756,0.004160491742438291,341.87
44.364,-0.006561818181818186,0.006315697123714904,-0.0009022790501615686,0.003820491742438284,341.87
44.368,-0.006641818181818155,0.005975697123714897,-0.0005622790501615616,0.0034704917424383227,341.87
44.372,-0.006991818181818172,0.00563569712371489,-0.00013227905016157564,0.0032204917424382947,341.87
44.376,-0.007331818181818179,0.005375697123714908,0.0003777209498384348,0.003050491742438291,341.87
44.38,-0.007501818181818182,0.005035697123714901,0.0007177209498384418,0.0027104917424382842,341.87
44.384,-0.00784181818181819,0.004775697123714918,0.0008877209498383897,0.0022804917424382983,341.87
44.388,-0.008181818181818196,0.004605697123714915,0.0012377209498384066,0.001940491742438291,341.87
44.392,-0.008271818181818175,0.004265697123714908,0.001657720949838438,0.0015104917424383052,341.87
44.396,-0.008521818181818203,0.003925697123714901,0.0020077209498383995,0.0011704917424382982,341.87
44.4,-0.008701818181818161,0.0035856971237148943,0.0023477209498384065,0.0010004917424382947,341.87
44.404,-0.00895181818181819,0.003325697123714912,0.0026877209498384134,0.0006504917424382777,341.87
44.408,-0.009211818181818172,0.002985697123714905,0.002947720949838396,0.0003104917424383263,341.87
44.412,-0.0094618181818182,0.002645697123714898,0.003287720949838403,-0.00010950825756170514,341.87
44.416,-0.009551818181818179,0.002215697123714912,0.003717720949838389,-0.00036950825756168764,341.87
44.42,-0.009811818181818161,0.001875697123714905,0.003967720949838417,-0.0007095082575616946,341.87
44.424,-0.009811818181818161,0.001445697123714919,0.004307720949838424,-0.0010495082575617016,341.87
44.428,-0.009981818181818165,0.0011056971237149121,0.004567720949838407,-0.001309508257561684,341.87
44.432,-0.010231818181818193,0.0009356971237149085,0.004907720949838414,-0.0014795082575616875,341.87
44.436,-0.010401818181818196,0.0005056971237149226,0.005167720949838396,-0.0018195082575616945,341.87
44.44,-0.010661818181818179,0.00016569712371491561,0.0053377209498383996,-0.0021695082575617112,341.87
44.444,-0.010831818181818182,-0.00017430287628509135,0.0056777209498384065,-0.0024195082575616837,341.87
44.448,-0.011001818181818186,-0.0006043028762850773,0.006187720949838417,-0.0026795082575617217,341.87
44.452,-0.011171818181818189,-0.0011143028762850876,0.006537720949838434,-0.003019508257561673,341.87
44.456,-0.011261818181818168,-0.0015443028762850736,0.006617720949838403,-0.0034495082575617146,341.87
44.46,-0.011171818181818189,-0.0018043028762851116,0.006787720949838406,-0.0037895082575617215,341.87
44.464,-0.011171818181818189,-0.0019743028762850595,0.00695772094983841,-0.0038795082575617005,341.87
44.468,-0.011261818181818168,-0.0023143028762850665,0.007217720949838392,-0.0042995082575616765,341.87
44.472,-0.011521818181818206,-0.0026543028762850735,0.007557720949838399,-0.0046395082575616834,341.87
44.476,-0.011521818181818206,-0.0030043028762850904,0.007727720949838403,-0.004729508257561718,341.87
44.48,-0.011431818181818171,-0.0034243028762850664,0.00798772094983844,-0.005069508257561725,341.87
44.484,-0.011171818181818189,-0.003854302876285108,0.008237720949838413,-0.005329508257561707,341.87
44.488,-0.011261818181818168,-0.004284302876285094,0.00858772094983843,-0.00557950825756168,341.87
44.492,-0.011261818181818168,-0.004454302876285098,0.0086677209498384,-0.005839508257561718,341.87
44.496,-0.010921818181818161,-0.004794302876285105,0.008837720949838403,-0.006009508257561721,341.87
44.5,-0.010921818181818161,-0.005134302876285112,0.009007720949838406,-0.006269508257561704,341.87
44.504,-0.010921818181818161,-0.005564302876285098,0.00917772094983841,-0.006349508257561673,341.87
44.508,-0.010831818181818182,-0.0059043028762851045,0.009357720949838423,-0.00669950825756169,341.87
44.512,-0.010751818181818158,-0.006074302876285108,0.009357720949838423,-0.007119508257561721,341.87
44.516,-0.010661818181818179,-0.0064143028762850595,0.009437720949838392,-0.007379508257561704,341.87
44.52,-0.010401818181818196,-0.0067643028762850764,0.009437720949838392,-0.007639508257561686,341.87
44.524,-0.010401818181818196,-0.007104302876285083,0.009527720949838427,-0.007889508257561715,341.87
44.528,-0.010231818181818193,-0.007184302876285108,0.00969772094983843,-0.008059508257561718,341.87
44.532,-0.009981818181818165,-0.007614302876285094,0.009867720949838434,-0.008319508257561701,341.87
44.536,-0.009891818181818186,-0.0079543028762851,0.009947720949838403,-0.00840950825756168,341.87
44.54,-0.009891818181818186,-0.008124302876285103,0.010127720949838416,-0.008659508257561708,341.87
44.544,-0.009641818181818158,-0.008474302876285065,0.01020772094983844,-0.008749508257561687,341.87
44.548,-0.009381818181818175,-0.008814302876285072,0.01020772094983844,-0.008829508257561711,341.87
44.552,-0.009121818181818193,-0.008894302876285096,0.01020772094983844,-0.009089508257561694,341.87
44.556,-0.009041818181818168,-0.009154302876285079,0.01020772094983844,-0.009169508257561718,341.87
44.56,-0.008781818181818186,-0.009234302876285103,0.010127720949838416,-0.009349508257561676,341.87
44.564,-0.008521818181818203,-0.009584302876285065,0.01020772094983844,-0.009599508257561704,341.87
44.568,-0.008271818181818175,-0.009834302876285093,0.01020772094983844,-0.009599508257561704,341.87
44.572,-0.008101818181818172,-0.010094302876285075,0.010127720949838416,-0.009599508257561704,341.87
44.576,-0.00784181818181819,-0.010094302876285075,0.010127720949838416,-0.009689508257561683,341.87
44.58,-0.007581818181818207,-0.0101743028762851,0.010127720949838416,-0.009939508257561711,341.87
44.584,-0.007331818181818179,-0.010434302876285082,0.009867720949838434,-0.01002950825756169,341.87
44.588,-0.006991818181818172,-0.010604302876285086,0.009867720949838434,-0.01002950825756169,341.87
44.592,-0.0067318181818181895,-0.010694302876285065,0.009777720949838399,-0.01002950825756169,341.87
44.596,-0.006561818181818186,-0.011204302876285075,0.009777720949838399,-0.01002950825756169,341.87
44.6,-0.006221818181818179,-0.01129430287628511,0.00969772094983843,-0.01002950825756169,341.87
44.604,-0.005791818181818193,-0.01129430287628511,0.009437720949838392,-0.01002950825756169,341.87
44.608,-0.005531818181818155,-0.01129430287628511,0.009437720949838392,-0.01002950825756169,341.87
44.612,-0.005361818181818207,-0.01129430287628511,0.009357720949838423,-0.01002950825756169,341.87
44.616,-0.0050218181818182,-0.01129430287628511,0.00909772094983844,-0.01002950825756169,341.87
44.62,-0.00451181818181819,-0.011374302876285079,0.00909772094983844,-0.01002950825756169,341.87
44.624,-0.004081818181818204,-0.011634302876285061,0.008927720949838437,-0.01002950825756169,341.87
44.628,-0.003821818181818166,-0.011714302876285086,0.0086677209498384,-0.01002950825756169,341.87
44.632,-0.003741818181818197,-0.011634302876285061,0.008497720949838396,-0.009939508257561711,341.87
44.636,-0.0033118181818181554,-0.011374302876285079,0.008327720949838392,-0.009939508257561711,341.87
44.64,-0.0028818181818181694,-0.011374302876285079,0.008237720949838413,-0.01002950825756169,341.87
44.644,-0.002631818181818197,-0.011374302876285079,0.00798772094983844,-0.009939508257561711,341.87
44.648,-0.0021118181818181765,-0.011374302876285079,0.00806772094983841,-0.009689508257561683,341.87
44.652,-0.0017718181818181698,-0.01129430287628511,0.007897720949838406,-0.009689508257561683,341.87
44.656,-0.0016018181818181663,-0.011034302876285072,0.007727720949838403,-0.009599508257561704,341.87
44.66,-0.0012618181818181593,-0.010864302876285068,0.00747772094983843,-0.00951950825756168,341.87
44.664,-0.0008318181818181734,-0.010774302876285089,0.007297720949838417,-0.009259508257561697,341.87
44.668,-0.0004018181818181874,-0.010694302876285065,0.00695772094983841,-0.009259508257561697,341.87
44.672,-6.181818181818046e-05,-0.010604302876285086,0.006617720949838403,-0.009169508257561718,341.87
44.676,1.8181818181844034e-05,-0.010434302876285082,0.006277720949838396,-0.00891950825756169,341.87
44.68,0.0003581818181817955,-0.0101743028762851,0.005937720949838389,-0.008659508257561708,341.87
44.684,0.0007081818181818124,-0.0101743028762851,0.00584772094983841,-0.00840950825756168,341.87
44.688,0.001128181818181844,-0.010004302876285096,0.0053377209498383996,-0.008319508257561701,341.87
44.692,0.0015581818181818299,-0.009754302876285068,0.004997720949838393,-0.008059508257561718,341.87
44.696,0.001988181818181816,-0.009584302876285065,0.00473772094983841,-0.007889508257561715,341.87
44.7,0.002328181818181823,-0.009324302876285082,0.004397720949838403,-0.007639508257561686,341.87
44.704,0.0024981818181818265,-0.009234302876285103,0.004137720949838421,-0.007459508257561673,341.87
44.708,0.0028381818181818334,-0.008984302876285075,0.0038877209498383923,-0.007119508257561721,341.87
44.712,0.0031781818181818404,-0.008724302876285093,0.003537720949838431,-0.006869508257561693,341.87
44.716,0.003528181818181802,-0.008384302876285086,0.003287720949838403,-0.00669950825756169,341.87
44.72,0.0036081818181818263,-0.008044302876285079,0.0030277209498384204,-0.006269508257561704,341.87
44.724,0.004038181818181812,-0.007874302876285075,0.0026877209498384134,-0.005929508257561697,341.87
44.728,0.004468181818181798,-0.007704302876285073,0.0023477209498384065,-0.005839508257561718,341.87
44.732,0.004718181818181826,-0.007524302876285059,0.0020077209498383995,-0.005499508257561711,341.87
44.736,0.004978181818181809,-0.007184302876285108,0.0019177209498384205,-0.005239508257561673,341.87
44.74,0.005318181818181816,-0.006844302876285101,0.0015777209498384136,-0.0049895082575617,341.87
44.744,0.005658181818181823,-0.006504302876285094,0.0010677209498384031,-0.0046395082575616834,341.87
44.748,0.005918181818181805,-0.0063343028762850905,0.0008077209498384208,-0.0042995082575616765,341.87
44.752,0.006178181818181843,-0.0059943028762850835,0.0007177209498384418,-0.004049508257561704,341.87
44.756,0.0065181818181817945,-0.005564302876285098,0.0003777209498384348,-0.0037895082575617215,341.87
44.76,0.0067681818181818225,-0.005134302876285112,-5.227905016160666e-05,-0.0034495082575617146,341.87
44.764,0.007028181818181805,-0.004794302876285105,-0.0004722790501615826,-0.0031095082575617076,341.87
44.768,0.007288181818181843,-0.00470430287628507,-0.0007322790501615651,-0.0026795082575617217,341.87
44.772,0.007458181818181791,-0.004284302876285094,-0.0009922790501616032,-0.0023395082575617147,341.87
44.776,0.007708181818181819,-0.003854302876285108,-0.0013322790501616101,-0.0020795082575616767,341.87
44.78,0.007968181818181801,-0.00359430287628507,-0.0016722790501615616,-0.0017395082575617255,341.87
44.784,0.00822818181818184,-0.003254302876285063,-0.0020122790501615685,-0.0014795082575616875,341.87
44.788,0.008478181818181812,-0.0030043028762850904,-0.0023522790501615755,-0.0009695082575616771,341.87
44.792,0.008648181818181815,-0.0026543028762850735,-0.002522279050161579,-0.0006295082575617256,341.87
44.796,0.008908181818181798,-0.0023143028762850665,-0.0027822790501615615,-0.00045950825756172213,341.87
44.8,0.008998181818181832,-0.0018843028762850805,-0.0033822790501616064,-0.00010950825756170514,341.87
44.804,0.009248181818181805,-0.0014643028762851046,-0.003722279050161558,0.00023049174243830182,341.87
44.808,0.009418181818181808,-0.0012043028762850666,-0.004062279050161564,,341.87
44.812,0.00967818181818179,-0.0010343028762850631,-0.004322279050161602,,341.87
44.816,0.009768181818181825,-0.0006943028762851118,-0.004662279050161609,,341.87
44.82,0.009938181818181829,-0.00026430287628507034,-0.005002279050161561,,341.87
44.824,0.010188181818181801,0.00016569712371491561,-0.005262279050161599,,341.87
44.828,0.010278181818181836,0.0005856971237148916,-0.005432279050161602,,341.87
44.832,0.010448181818181839,0.0010156971237149331,-0.005772279050161609,,341.87
44.836,0.010538181818181818,0.00135569712371494,-0.006032279050161592,,341.87
44.84,0.010618181818181843,0.001445697123714919,-0.006282279050161564,,341.87
44.844,0.010618181818181843,0.001785697123714926,-0.006632279050161581,,341.87
44.848,0.010618181818181843,0.002215697123714912,-0.006882279050161609,,341.87
44.852,0.010618181818181843,0.002645697123714898,-0.007052279050161557,,341.87
44.856,0.010618181818181843,0.002895697123714926,-0.007402279050161574,,341.87
44.86,0.010618181818181843,0.0030656971237149294,-0.007822279050161605,,341.87
44.864,0.010618181818181843,0.0034056971237149364,-0.008082279050161588,,341.87
44.868,0.010618181818181843,0.0038356971237149223,-0.008252279050161591,,341.87
44.872,0.010618181818181843,0.004265697123714908,-0.00834227905016157,,341.87
44.876,0.010538181818181818,0.004605697123714915,-0.008512279050161574,,341.87
44.88,0.010618181818181843,0.004775697123714918,-0.008762279050161602,,341.87
44.884,0.010618181818181843,0.005115697123714925,-0.009022279050161584,,341.87
44.888,0.010538181818181818,0.005465697123714887,-0.009112279050161563,,341.87
44.892,0.010538181818181818,0.005545697123714911,-0.009362279050161591,,341.87
44.896,0.010538181818181818,0.005885697123714918,-0.009532279050161595,,341.87
44.9,0.010358181818181805,0.006145697123714901,-0.009792279050161577,,341.87
44.904,0.010358181818181805,0.006405697123714939,-0.009872279050161602,,341.87
44.908,0.010448181818181839,0.00674569712371489,-0.009872279050161602,,341.87
44.912,0.010278181818181836,0.006995697123714918,-0.009872279050161602,,341.87
44.916,0.010018181818181798,0.0071756971237149315,-0.009872279050161602,,341.87
44.92,0.010108181818181832,0.007425697123714904,-0.00996227905016158,,341.87
44.924,0.009768181818181825,0.0075956971237149075,-0.010302279050161588,,341.87
44.928,0.00967818181818179,0.007935697123714915,-0.01056227905016157,,341.87
44.932,0.009418181818181808,0.008285697123714932,-0.01056227905016157,,341.87
44.936,0.00933818181818184,0.008535697123714905,-0.010642279050161595,,341.87
44.94,0.00933818181818184,0.008795697123714887,-0.010732279050161574,,341.87
44.944,0.008908181818181798,0.008875697123714912,-0.010642279050161595,,341.87
44.948,0.00856818181818179,0.009055697123714925,-0.010732279050161574,,341.87
44.952,0.008478181818181812,0.009305697123714898,-0.010732279050161574,,341.87
44.956,0.00822818181818184,0.009645697123714905,-0.010732279050161574,,341.87
44.96,0.007888181818181832,0.009735697123714939,-0.010642279050161595,,341.87
44.964,0.007628181818181794,0.009815697123714908,-0.010642279050161595,,341.87
44.968,0.007288181818181843,0.009995697123714922,-0.010732279050161574,,341.87
44.972,0.007028181818181805,0.009995697123714922,-0.010732279050161574,,341.87
44.976,0.006948181818181836,0.009995697123714922,-0.010642279050161595,,341.87
44.98,0.0065181818181817945,0.009995697123714922,-0.010732279050161574,,341.87
44.984,0.0060881818181818086,0.009995697123714922,-0.010642279050161595,,341.87
44.988,0.005658181818181823,0.009995697123714922,-0.010392279050161567,,341.87
44.992,0.005318181818181816,0.009995697123714922,-0.010302279050161588,,341.87
44.996,0.005238181818181791,0.010165697123714925,-0.010392279050161567,,341.87
45.0,0.004808181818181805,0.010415697123714898,-0.010222279050161563,,341.87
45.004,0.004378181818181819,0.010415697123714898,-0.009872279050161602,,341.87
45.008,0.004038181818181812,0.010415697123714898,-0.009622279050161574,,341.87
45.012,0.0036981818181818053,0.010415697123714898,-0.00945227905016157,,341.87
45.016,0.0033581818181817984,0.010505697123714932,-0.009282279050161567,,341.87
45.02,0.003098181818181816,0.010415697123714898,-0.009192279050161588,,341.87
45.024,0.002758181818181809,0.010415697123714898,-0.009022279050161584,,341.87
45.028,0.002418181818181802,0.010505697123714932,-0.008762279050161602,,341.87
45.032,0.0020681818181818405,0.010335697123714929,-0.008512279050161574,,341.87
45.036,0.0015581818181818299,0.01007569712371489,-0.008162279050161557,,341.87
45.04,0.001128181818181844,0.01007569712371489,-0.007912279050161584,,341.87
45.044,0.0007081818181818124,0.01007569712371489,-0.007822279050161605,,341.87
45.048,0.0002781818181818265,0.01007569712371489,-0.0074822790501615985,,341.87
45.052,1.8181818181844034e-05,0.009905697123714887,-0.0071422790501615915,,341.87
45.056,-0.00023181818181818394,0.009645697123714905,-0.006972279050161588,,341.87
45.06,-0.0005818181818182009,0.009645697123714905,-0.006712279050161606,,341.87
45.064,-0.0009218181818182079,0.009735697123714939,-0.006542279050161602,,341.87
45.068,-0.0012618181818181593,0.009305697123714898,-0.006282279050161564,,341.87
45.072,-0.0016918181818182008,0.009135697123714894,-0.005942279050161557,,341.87
45.076,-0.0021118181818181765,0.00896569712371489,-0.005692279050161585,,341.87
45.08,-0.0024618181818181935,0.008875697123714912,-0.005342279050161568,,341.87
45.084,-0.0028018181818182004,0.008875697123714912,-0.005002279050161561,,341.87
45.088,-0.003051818181818173,0.008455697123714936,-0.004582279050161585,,341.87
45.092,-0.0033118181818181554,0.008195697123714898,-0.004152279050161599,,341.87
45.096,-0.003741818181818197,0.008115697123714929,-0.0038922790501615613,,341.87
45.1,-0.004171818181818183,0.008025697123714894,-0.0038122790501615923,,341.87
45.104,-0.004591818181818159,0.0076856971237148864,-0.0033822790501616064,,341.87
45.108,-0.004931818181818166,0.0076856971237148864,-0.002952279050161565,,341.87
45.112,-0.005111818181818179,0.0075156971237149385,-0.002612279050161558,,341.87
45.116,-0.005451818181818186,0.0072556971237149005,-0.002182279050161572,,341.87
45.12,-0.005701818181818159,0.007085697123714897,-0.001842279050161565,,341.87
45.124,-0.005791818181818193,0.00674569712371489,-0.0015822790501615826,,341.87
45.128,-0.0061318181818182,0.006485697123714908,-0.0012422790501615756,,341.87
45.132,-0.006641818181818155,0.006315697123714904,-0.0009022790501615686,,341.87
45.136,-0.006991818181818172,0.005885697123714918,-0.0004722790501615826,,341.87
45.14,-0.0070718181818181965,0.005545697123714911,-0.00013227905016157564,,341.87
45.144,-0.007411818181818203,0.005375697123714908,0.0003777209498384348,,341.87
45.148,-0.007671818181818186,0.005035697123714901,0.0007177209498384418,,341.87
45.152,-0.00784181818181819,0.004775697123714918,0.0008077209498384208,,341.87
45.156,-0.008101818181818172,0.004695697123714894,0.0010677209498384031,,341.87
45.16,-0.008271818181818175,0.004355697123714887,0.0014877209498384346,,341.87
45.164,-0.008611818181818182,0.003925697123714901,0.0019177209498384205,,341.87
45.168,-0.008871818181818165,0.0035856971237148943,0.002427720949838431,,341.87
45.172,-0.009121818181818193,0.003325697123714912,0.0026877209498384134,,341.87
45.176,-0.009211818181818172,0.002985697123714905,0.002947720949838396,,341.87
45.18,-0.0094618181818182,0.002645697123714898,0.003287720949838403,,341.87
45.184,-0.009641818181818158,0.002125697123714933,0.003717720949838389,,341.87
45.188,-0.009891818181818186,0.0017056971237149015,0.003967720949838417,,341.87
45.192,-0.009981818181818165,0.001445697123714919,0.004307720949838424,,341.87
45.196,-0.009981818181818165,0.0011056971237149121,0.004567720949838407,,341.87
45.2,-0.010231818181818193,0.0009356971237149085,0.004907720949838414,,341.87
45.204,-0.010321818181818172,0.0005856971237148916,0.005167720949838396,,341.87
45.208,-0.010491818181818175,0.0002456971237149401,0.0053377209498383996,,341.87
45.212,-0.010921818181818161,-0.00026430287628507034,0.0056777209498384065,,341.87
45.216,-0.011091818181818165,-0.0006943028762851118,0.0060177209498384135,,341.87
45.22,-0.011171818181818189,-0.0009443028762850843,0.0061077209498383925,,341.87
45.224,-0.011171818181818189,-0.0012943028762851011,0.006537720949838434,,341.87
45.228,-0.011261818181818168,-0.0015443028762850736,0.006877720949838441,,341.87
45.232,-0.011261818181818168,-0.0019743028762850595,0.007047720949838389,,341.87
45.236,-0.011261818181818168,-0.002404302876285101,0.007297720949838417,,341.87
45.24,-0.011521818181818206,-0.0026543028762850735,0.007557720949838399,,341.87
45.244,-0.011521818181818206,-0.003174302876285094,0.007817720949838437,,341.87
45.248,-0.011431818181818171,-0.00359430287628507,0.00806772094983841,,341.87
45.252,-0.011091818181818165,-0.003854302876285108,0.008237720949838413,,341.87
45.256,-0.011091818181818165,-0.004024302876285112,0.008497720949838396,,341.87
45.26,-0.011091818181818165,-0.004364302876285063,0.008497720949838396,,341.87
45.264,-0.010831818181818182,-0.00470430287628507,0.0086677209498384,,341.87
45.268,-0.010751818181818158,-0.005224302876285091,0.008927720949838437,,341.87
45.272,-0.010751818181818158,-0.005564302876285098,0.009007720949838406,,341.87
45.276,-0.010831818181818182,-0.005734302876285101,0.009007720949838406,,341.87
45.28,-0.010831818181818182,-0.006074302876285108,0.00909772094983844,,341.87
45.284,-0.01058181818181821,-0.0064143028762850595,0.009357720949838423,,341.87
45.288,-0.010321818181818172,-0.0066743028762850974,0.009437720949838392,,341.87
45.292,-0.010231818181818193,-0.006844302876285101,0.009527720949838427,,341.87
45.296,-0.010231818181818193,-0.007184302876285108,0.00969772094983843,,341.87
45.3,-0.009981818181818165,-0.00744430287628509,0.009867720949838434,,341.87
45.304,-0.009981818181818165,-0.007704302876285073,0.009867720949838434,,341.87
45.308,-0.009811818181818161,-0.008044302876285079,0.009777720949838399,,341.87
45.312,-0.009551818181818179,-0.008384302876285086,0.009947720949838403,,341.87
45.316,-0.009381818181818175,-0.008644302876285068,0.010127720949838416,,341.87
45.32,-0.009211818181818172,-0.008894302876285096,0.01020772094983844,,341.87
45.324,-0.00895181818181819,-0.009154302876285079,0.010127720949838416,,341.87
45.328,-0.008781818181818186,-0.009324302876285082,0.010127720949838416,,341.87
45.332,-0.008701818181818161,-0.009584302876285065,0.01020772094983844,,341.87
45.336,-0.008441818181818179,-0.00966430287628509,0.01020772094983844,,341.87
45.34,-0.008181818181818196,-0.009924302876285072,0.01020772094983844,,341.87
45.344,-0.00784181818181819,-0.010004302876285096,0.010127720949838416,,341.87
45.348,-0.007581818181818207,-0.010094302876285075,0.010127720949838416,,341.87
45.352,-0.007411818181818203,-0.010264302876285079,0.010127720949838416,,341.87
45.356,-0.0070718181818181965,-0.010524302876285061,0.009867720949838434,,341.87
45.36,-0.0067318181818181895,-0.010774302876285089,0.009777720949838399,,341.87
45.364,-0.006561818181818186,-0.011034302876285072,0.009777720949838399,,341.87
45.368,-0.006221818181818179,-0.01129430287628511,0.00969772094983843,,341.87
45.372,-0.005791818181818193,-0.01129430287628511,0.009357720949838423,,341.87
45.376,-0.005531818181818155,-0.011374302876285079,0.009357720949838423,,341.87
45.38,-0.005281818181818183,-0.011374302876285079,0.009357720949838423,,341.87
45.384,-0.004931818181818166,-0.01129430287628511,0.009267720949838389,,341.87
45.388,-0.004591818181818159,-0.01129430287628511,0.00909772094983844,,341.87
45.392,-0.004341818181818186,-0.01129430287628511,0.008837720949838403,,341.87
45.396,-0.004081818181818204,-0.01129430287628511,0.00858772094983843,,341.87
45.4,-0.003741818181818197,-0.01129430287628511,0.008497720949838396,,341.87
45.404,-0.00340181818181819,-0.01129430287628511,0.008237720949838413,,341.87
45.408,-0.002971818181818204,-0.011204302876285075,0.008157720949838389,,341.87
45.412,-0.002631818181818197,-0.011034302876285072,0.00806772094983841,,341.87
45.416,-0.002371818181818159,-0.010944302876285093,0.00806772094983841,,341.87
45.42,-0.0020318181818182075,-0.010944302876285093,0.007897720949838406,,341.87
45.424,-0.0017718181818181698,-0.011114302876285096,0.007647720949838434,,341.87
45.428,-0.0013418181818181838,-0.010944302876285093,0.007387720949838396,,341.87
45.432,-0.0009218181818182079,-0.010694302876285065,0.007297720949838417,,341.87
45.436,-0.0004918181818181664,-0.010524302876285061,0.00695772094983841,,341.87
45.44,-0.00023181818181818394,-0.010524302876285061,0.006617720949838403,,341.87
45.444,-6.181818181818046e-05,-0.010434302876285082,0.0064477209498383994,,341.87
45.448,0.0002781818181818265,-0.0101743028762851,0.0061077209498383925,,341.87
45.452,0.000788181818181837,-0.009924302876285072,0.005937720949838389,,341.87
45.456,0.001218181818181823,-0.009754302876285068,0.005507720949838403,,341.87
45.46,0.0015581818181818299,-0.009754302876285068,0.004997720949838393,,341.87
45.464,0.0018181818181818123,-0.00966430287628509,0.00473772094983841,,341.87
45.468,0.0020681818181818405,-0.009414302876285061,0.004397720949838403,,341.87
45.472,0.002418181818181802,-0.009234302876285103,0.004137720949838421,,341.87
45.476,0.0028381818181818334,-0.008984302876285075,0.003967720949838417,,341.87
45.48,0.0031781818181818404,-0.008724302876285093,0.00362772094983841,,341.87
45.484,0.0032681818181818194,-0.008384302876285086,0.003287720949838403,,341.87
45.488,0.0036981818181818053,-0.008124302876285103,0.002947720949838396,,341.87
45.492,0.004118181818181837,-0.00796430287628511,0.0026777209498384034,,341.87
45.496,0.004468181818181798,-0.007704302876285073,0.0023477209498384065,,341.87
45.5,0.004708181818181816,-0.007624302876285104,0.0019077209498384105,,341.87
45.504,0.00488818181818183,-0.007184302876285108,0.001657720949838438,,341.87
45.508,0.005228181818181837,-0.0067643028762850764,0.0014777209498384246,,341.87
45.512,0.005578181818181798,-0.006504302876285094,0.0011477209498384276,,341.87
45.516,0.005738181818181792,-0.0063443028762851005,0.0007177209498384418,,341.87
45.52,0.0060881818181818086,-0.0059943028762850835,0.0004677209498384138,,341.87
45.524,0.0063381818181818365,-0.005574302876285108,0.0003677209498384248,,341.87
45.528,0.006598181818181819,-0.00530430287628506,0.00020772094983843132,,341.87
45.532,0.006938181818181826,-0.005054302876285087,-0.00014227905016158564,,341.87
45.536,0.007288181818181843,-0.00470430287628507,-0.0005622790501615616,,341.87
45.54,0.007358181818181802,-0.004464302876285108,-0.0010822790501615821,,341.87
45.544,0.007708181818181819,-0.004024302876285112,-0.0012422790501615756,,341.87
45.548,0.007958181818181791,-0.00360430287628508,-0.001512279050161568,,341.87
45.552,0.008138181818181805,-0.003254302876285063,-0.0020122790501615685,,341.87
45.556,0.008388181818181833,-0.0030043028762850904,-0.002532279050161589,,341.87
45.56,0.00856818181818179,-0.0026543028762850735,-0.002952279050161565,,341.87
45.564,0.008898181818181843,-0.0022343028762850975,-0.0031322790501615784,,341.87
45.568,0.009168181818181836,-0.0018043028762851116,-0.0034622790501615754,,341.87
45.572,0.00932818181818183,-0.0015543028762850836,-0.0038122790501615923,,341.87
45.576,0.009418181818181808,-0.0012043028762850666,-0.004062279050161564,,341.87
45.58,0.009668181818181836,-0.0009543028762850943,-0.004242279050161578,,341.87
45.584,0.009768181818181825,-0.0006043028762850773,-0.004582279050161585,,341.87
45.588,0.00983818181818184,-0.00027430287628508034,-0.004932279050161602,,341.87
45.592,0.010188181818181801,0.00016569712371491561,-0.005262279050161599,,341.87
45.596,0.010268181818181826,0.0005856971237148916,-0.005522279050161581,,341.87
45.6,0.010448181818181839,0.0010156971237149331,-0.005862279050161588,,341.87
45.604,0.010528181818181808,0.00135569712371494,-0.006122279050161571,,341.87
45.608,0.010538181818181818,0.001445697123714919,-0.006282279050161564,,341.87
45.612,0.010528181818181808,0.001865697123714895,-0.006552279050161612,,341.87
45.616,0.010538181818181818,0.0022956971237149365,-0.006882279050161609,,341.87
45.62,0.010608181818181833,0.002545697123714909,-0.007062279050161567,,341.87
45.624,0.010618181818181843,0.002985697123714905,-0.007402279050161574,,341.87
45.628,0.010608181818181833,0.003235697123714933,-0.007752279050161591,,341.87
45.632,0.010538181818181818,0.0034956971237149153,-0.007992279050161609,,341.87
45.636,0.010528181818181808,0.0038256971237149123,-0.008262279050161601,,341.87
45.64,0.010618181818181843,0.004265697123714908,-0.00834227905016157,,341.87
45.644,0.010608181818181833,0.004595697123714905,-0.008512279050161574,,341.87
45.648,0.010618181818181843,0.004775697123714918,-0.008682279050161577,,341.87
45.652,0.010608181818181833,0.005115697123714925,-0.00894227905016156,,341.87
45.656,0.010618181818181843,0.005465697123714887,-0.009112279050161563,,341.87
45.66,0.010608181818181833,0.005795697123714939,-0.009372279050161601,,341.87
45.664,0.010448181818181839,0.005975697123714897,-0.009532279050161595,,341.87
45.668,0.010178181818181791,0.006225697123714925,-0.009712279050161608,,341.87
45.672,0.010188181818181801,0.006405697123714939,-0.009872279050161602,,341.87
45.676,0.010268181818181826,0.0067356971237149356,-0.01005227905016156,,341.87
45.68,0.010278181818181836,0.006995697123714918,-0.010222279050161563,,341.87
45.684,0.010268181818181826,0.0071656971237149215,-0.010222279050161563,,341.87
45.688,0.010108181818181832,0.007425697123714904,-0.010302279050161588,,341.87
45.692,0.00983818181818184,0.0075856971237148975,-0.010312279050161598,,341.87
45.696,0.00967818181818179,0.007935697123714915,-0.010392279050161567,,341.87
45.7,0.009418181818181808,0.008185697123714888,-0.010652279050161605,,341.87
45.704,0.00933818181818184,0.008365697123714901,-0.010732279050161574,,341.87
45.708,0.009238181818181795,0.00861569712371493,-0.010742279050161584,,341.87
45.712,0.008908181818181798,0.008795697123714887,-0.010642279050161595,,341.87
45.716,0.008648181818181815,0.009045697123714915,-0.010652279050161605,,341.87
45.72,0.008398181818181843,0.009305697123714898,-0.010732279050161574,,341.87
45.724,0.008128181818181795,0.009555697123714926,-0.010742279050161584,,341.87
45.728,0.008058181818181836,0.009565697123714936,-0.010642279050161595,,341.87
45.732,0.007708181818181819,0.009555697123714926,-0.010742279050161584,,341.87
45.736,0.007368181818181812,0.009565697123714936,-0.010732279050161574,,341.87
45.74,0.007018181818181795,0.009555697123714926,-0.010742279050161584,,341.87
45.744,0.0068581818181818015,0.009815697123714908,-0.010642279050161595,,341.87
45.748,0.00650818181818184,0.010155697123714915,-0.010652279050161605,,341.87
45.752,0.00600818181818184,0.01007569712371489,-0.010732279050161574,,341.87
45.756,0.005568181818181844,0.010065697123714936,-0.010652279050161605,,341.87
45.76,0.005318181818181816,0.010165697123714925,-0.010472279050161591,,341.87
45.764,0.005138181818181802,0.010325697123714919,-0.010402279050161577,,341.87
45.768,0.004808181818181805,0.010335697123714929,-0.010302279050161588,,341.87
45.772,0.004458181818181844,0.010325697123714919,-0.01005227905016156,,341.87
45.776,0.004038181818181812,0.010335697123714929,-0.009792279050161577,,341.87
45.78,0.00377818181818183,0.010335697123714929,-0.009532279050161595,,341.87
45.784,0.003528181818181802,0.010335697123714929,-0.009362279050161591,,341.87
45.788,0.0031781818181818404,0.010335697123714929,-0.009112279050161563,,341.87
45.792,0.0028381818181818334,0.010335697123714929,-0.009022279050161584,,341.87
45.796,0.0024981818181818265,0.010335697123714929,-0.008762279050161602,,341.87
45.8,0.0020681818181818405,0.010415697123714898,-0.008682279050161577,,341.87
45.804,0.0015581818181818299,0.010415697123714898,-0.008422279050161595,,341.87
45.808,0.001128181818181844,0.010165697123714925,-0.008162279050161557,,341.87
45.812,0.0008781818181818159,0.009995697123714922,-0.007912279050161584,,341.87
45.816,0.0007081818181818124,0.009905697123714887,-0.007742279050161581,,341.87
45.82,0.0003581818181817955,0.009995697123714922,-0.007402279050161574,,341.87
45.824,-6.181818181818046e-05,0.009905697123714887,-0.0071422790501615915,,341.87
45.828,-0.0004918181818181664,0.009735697123714939,-0.006882279050161609,,341.87
45.832,-0.0009218181818182079,0.009735697123714939,-0.006542279050161602,,341.87
45.836,-0.0012618181818181593,0.009565697123714936,-0.006282279050161564,,341.87
45.84,-0.0016018181818181663,0.009305697123714898,-0.005942279050161557,,341.87
45.844,-0.0018618181818182043,0.009135697123714894,-0.005692279050161585,,341.87
45.848,-0.0021118181818181765,0.00896569712371489,-0.005342279050161568,,341.87
45.852,-0.0025418181818181625,0.008875697123714912,-0.005002279050161561,,341.87
45.856,-0.002971818181818204,0.008455697123714936,-0.004662279050161609,,341.87
45.86,-0.00340181818181819,0.008195697123714898,-0.004402279050161571,,341.87
45.864,-0.003821818181818166,0.008115697123714929,-0.004062279050161564,,341.87
45.868,-0.003991818181818169,0.008285697123714932,-0.003722279050161558,,341.87
45.872,-0.004251818181818207,0.008025697123714894,-0.0033822790501616064,,341.87
45.876,-0.004591818181818159,0.007935697123714915,-0.0030422790501615994,,341.87
45.88,-0.004931818181818166,0.0075956971237149075,-0.0027822790501615615,,341.87
45.884,-0.005451818181818186,0.0072556971237149005,-0.00244227905016161,,341.87
45.888,-0.005791818181818193,0.007085697123714897,-0.002102279050161603,,341.87
45.892,-0.005871818181818162,0.0068256971237149145,-0.001752279050161586,,341.87
45.896,-0.0061318181818182,0.006655697123714911,-0.0013322790501616101,,341.87
45.9,-0.006221818181818179,0.006405697123714939,-0.0009022790501615686,,341.87
45.904,-0.006641818181818155,0.005975697123714897,-0.0005622790501615616,,341.87
45.908,-0.0070718181818181965,0.005715697123714915,-0.00022227905016161014,,341.87
45.912,-0.007331818181818179,0.005545697123714911,3.772094983842784e-05,,341.87
45.916,-0.007581818181818207,0.005295697123714939,0.0004677209498384138,,341.87
45.92,-0.007931818181818168,0.005035697123714901,0.0008077209498384208,,341.87
45.924,-0.008181818181818196,0.004605697123714915,0.0011477209498384276,,341.87
45.928,-0.0083518181818182,0.004265697123714908,0.0015777209498384136,,341.87
45.932,-0.008611818181818182,0.003925697123714901,0.0020077209498383995,,341.87
45.936,-0.008701818181818161,0.003665697123714919,0.0023477209498384065,,341.87
45.94,-0.00895181818181819,0.0034056971237149364,0.0025977209498384344,,341.87
45.944,-0.009211818181818172,0.0030656971237149294,0.002857720949838417,,341.87
45.948,-0.0094618181818182,0.002645697123714898,0.003287720949838403,,341.87
45.952,-0.0094618181818182,0.002215697123714912,0.003717720949838389,,341.87
45.956,-0.0094618181818182,0.001875697123714905,0.004057720949838396,,341.87
45.96,-0.009811818181818161,0.001525697123714888,0.004307720949838424,,341.87
45.964,-0.010061818181818189,0.0012756971237149156,0.004567720949838407,,341.87
45.968,-0.010321818181818172,0.0009356971237149085,0.004907720949838414,,341.87
45.972,-0.010401818181818196,0.0005856971237148916,0.005077720949838417,,341.87
45.976,-0.010401818181818196,0.00016569712371491561,0.005247720949838421,,341.87
45.98,-0.010401818181818196,-0.00026430287628507034,0.0056777209498384065,,341.87
45.984,-0.010751818181818158,-0.0006943028762851118,0.0061077209498383925,,341.87
45.988,-0.011001818181818186,-0.0010343028762850631,0.0063577209498384205,,341.87
45.992,-0.011091818181818165,-0.0012943028762851011,0.006617720949838403,,341.87
45.996,-0.011171818181818189,-0.0014643028762851046,0.00695772094983841,,341.87
46.0,-0.011171818181818189,-0.0018043028762851116,0.007217720949838392,,341.87
46.004,-0.011171818181818189,-0.0023143028762850665,0.007297720949838417,,341.87
46.008,-0.011091818181818165,-0.002744302876285108,0.007557720949838399,,341.87
46.012,-0.011091818181818165,-0.0030843028762850594,0.007817720949838437,,341.87
46.016,-0.011091818181818165,-0.0034243028762850664,0.008157720949838389,,341.87
46.02,-0.011091818181818165,-0.0037643028762850733,0.008417720949838427,,341.87
46.024,-0.011001818181818186,-0.004024302876285112,0.008497720949838396,,341.87
46.028,-0.010831818181818182,-0.004454302876285098,0.00858772094983843,,341.87
46.032,-0.010831818181818182,-0.00470430287628507,0.008837720949838403,,341.87
46.036,-0.010831818181818182,-0.005134302876285112,0.009007720949838406,,341.87
46.04,-0.010751818181818158,-0.005394302876285094,0.00917772094983841,,341.87
46.044,-0.010751818181818158,-0.005564302876285098,0.009267720949838389,,341.87
46.048,-0.010751818181818158,-0.0059043028762851045,0.009357720949838423,,341.87
46.052,-0.010751818181818158,-0.0064143028762850595,0.009357720949838423,,341.87
46.056,-0.010491818181818175,-0.0067643028762850764,0.009437720949838392,,341.87
46.06,-0.010401818181818196,-0.00693430287628508,0.00969772094983843,,341.87
46.064,-0.010231818181818193,-0.007274302876285087,0.00969772094983843,,341.87
46.068,-0.009981818181818165,-0.007704302876285073,0.00969772094983843,,341.87
46.072,-0.009891818181818186,-0.0079543028762851,0.009777720949838399,,341.87
46.076,-0.009891818181818186,-0.008124302876285103,0.010037720949838437,,341.87
46.08,-0.009641818181818158,-0.008384302876285086,0.010127720949838416,,341.87
46.084,-0.0094618181818182,-0.00855430287628509,0.01020772094983844,,341.87
46.088,-0.009211818181818172,-0.008894302876285096,0.01020772094983844,,341.87
46.092,-0.009041818181818168,-0.009154302876285079,0.01020772094983844,,341.87
46.096,-0.008781818181818186,-0.009324302876285082,0.010127720949838416,,341.87
46.1,-0.008521818181818203,-0.009584302876285065,0.010127720949838416,,341.87
46.104,-0.008271818181818175,-0.009754302876285068,0.01020772094983844,,341.87
46.108,-0.008181818181818196,-0.010094302876285075,0.010127720949838416,,341.87
46.112,-0.007931818181818168,-0.0101743028762851,0.010127720949838416,,341.87
46.116,-0.007501818181818182,-0.010264302876285079,0.01020772094983844,,341.87
46.12,-0.0072418181818182,-0.010434302876285082,0.010127720949838416,,341.87
46.124,-0.006901818181818193,-0.010434302876285082,0.009947720949838403,,341.87
46.128,-0.006641818181818155,-0.010524302876285061,0.009777720949838399,,341.87
46.132,-0.006561818181818186,-0.010864302876285068,0.009777720949838399,,341.87
46.136,-0.006221818181818179,-0.011204302876285075,0.009777720949838399,,341.87
46.14,-0.005871818181818162,-0.01129430287628511,0.009607720949838396,,341.87
46.144,-0.005791818181818193,-0.01129430287628511,0.009357720949838423,,341.87
46.148,-0.005451818181818186,-0.01129430287628511,0.009267720949838389,,341.87
46.152,-0.0050218181818182,-0.01129430287628511,0.009267720949838389,,341.87
46.156,-0.00451181818181819,-0.01129430287628511,0.00909772094983844,,341.87
46.16,-0.004171818181818183,-0.01129430287628511,0.008927720949838437,,341.87
46.164,-0.004081818181818204,-0.01129430287628511,0.0086677209498384,,341.87
46.168,-0.003821818181818166,-0.01129430287628511,0.008497720949838396,,341.87
46.172,-0.0033118181818181554,-0.01129430287628511,0.008237720949838413,,341.87
46.176,-0.0028818181818181694,-0.01129430287628511,0.00806772094983841,,341.87
46.18,-0.002631818181818197,-0.01129430287628511,0.00806772094983841,,341.87
46.184,-0.0024618181818181935,-0.01129430287628511,0.00806772094983841,,341.87
46.188,-0.0021118181818181765,-0.011374302876285079,0.007897720949838406,,341.87
46.192,-0.0016918181818182008,-0.01129430287628511,0.007727720949838403,,341.87
46.196,-0.0013418181818181838,-0.010944302876285093,0.00747772094983843,,341.87
46.2,-0.0010018181818181769,-0.010864302876285068,0.007217720949838392,,341.87
46.204,-0.0006618181818181699,-0.010604302876285086,0.00695772094983841,,341.87
46.208,-0.0004018181818181874,-0.010524302876285061,0.006877720949838441,,341.87
46.212,1.8181818181844034e-05,-0.010354302876285113,0.0063577209498384205,,341.87
46.216,0.0003581818181817955,-0.010094302876285075,0.005937720949838389,,341.87
46.22,0.000788181818181837,-0.010094302876285075,0.00584772094983841,,341.87
46.224,0.001128181818181844,-0.010004302876285096,0.005417720949838424,,341.87
46.228,0.0012981818181817919,-0.009834302876285093,0.005167720949838396,,341.87
46.232,0.0016481818181818088,-0.009584302876285065,0.004827720949838389,,341.87
46.236,0.0020681818181818405,-0.009324302876285082,0.004567720949838407,,341.87
46.24,0.002328181818181823,-0.009154302876285079,0.004307720949838424,,341.87
46.244,0.0028381818181818334,-0.008894302876285096,0.003967720949838417,,341.87
46.248,0.0031781818181818404,-0.008814302876285072,0.00362772094983841,,341.87
46.252,0.0033581818181817984,-0.008474302876285065,0.0033677209498384274,,341.87
46.256,0.0036081818181818263,-0.008214302876285082,0.003197720949838424,,341.87
46.26,0.004038181818181812,-0.0079543028762851,0.002857720949838417,,341.87
46.264,0.004378181818181819,-0.007704302876285073,0.002427720949838431,,341.87
46.268,0.004548181818181823,-0.007524302876285059,0.002087720949838424,,341.87
46.272,0.00488818181818183,-0.007184302876285108,0.0018277209498384415,,341.87
46.276,0.005148181818181812,-0.0067643028762850764,0.0014877209498384346,,341.87
46.28,0.005408181818181795,-0.006504302876285094,0.0010677209498384031,,341.87
46.284,0.005748181818181802,-0.0063343028762850905,0.0008077209498384208,,341.87
46.288,0.006178181818181843,-0.0059943028762850835,0.0006377209498384173,,341.87
46.292,0.0064281818181818155,-0.005564302876285098,0.0002977209498384103,,341.87
46.296,0.006598181818181819,-0.00530430287628506,-5.227905016160666e-05,,341.87
46.3,0.0068581818181818015,-0.005134302876285112,-0.0004722790501615826,,341.87
46.304,0.006948181818181836,-0.004794302876285105,-0.0006422790501615861,,341.87
46.308,0.007288181818181843,-0.004364302876285063,-0.0006422790501615861,,341.87
46.312,0.007538181818181815,-0.003944302876285087,-0.0012422790501615756,,341.87
46.316,0.007798181818181798,-0.003514302876285101,-0.0016722790501615616,,341.87
46.32,0.008058181818181836,-0.003254302876285063,-0.002102279050161603,,341.87
46.324,0.008308181818181808,-0.0030043028762850904,-0.00244227905016161,,341.87
46.328,0.008648181818181815,-0.0026543028762850735,-0.002522279050161579,,341.87
46.332,0.008908181818181798,-0.0023143028762850665,-0.002952279050161565,,341.87
46.336,0.009078181818181801,-0.0018843028762850805,-0.0033822790501616064,,341.87
46.34,0.009418181818181808,-0.0014643028762851046,-0.003642279050161589,,341.87
46.344,0.009508181818181843,-0.0012043028762850666,-0.0038922790501615613,,341.87
46.348,0.009588181818181812,-0.0009443028762850843,-0.004232279050161568,,341.87
46.352,0.009768181818181825,-0.0006043028762850773,-0.004582279050161585,,341.87
46.356,0.009768181818181825,-0.00026430287628507034,-0.004832279050161557,,341.87
46.36,0.009848181818181794,0.00016569712371491561,-0.005002279050161561,,341.87
46.364,0.010108181818181832,0.0005856971237148916,-0.005342279050161568,,341.87
46.368,0.010278181818181836,0.0010156971237149331,-0.005772279050161609,,341.87
46.372,0.010538181818181818,0.00135569712371494,-0.006032279050161592,,341.87
46.376,0.010618181818181843,0.001525697123714888,-0.006282279050161564,,341.87
46.38,0.010618181818181843,0.001875697123714905,-0.006712279050161606,,341.87
46.384,0.010618181818181843,0.002215697123714912,-0.007052279050161557,,341.87
46.388,0.010618181818181843,0.002555697123714919,-0.0071422790501615915,,341.87
46.392,0.010618181818181843,0.0030656971237149294,-0.007402279050161574,,341.87
46.396,0.010618181818181843,0.0034056971237149364,-0.0074822790501615985,,341.87
46.4,0.010618181818181843,0.0034956971237149153,-0.007912279050161584,,341.87
46.404,0.010618181818181843,0.003925697123714901,-0.008252279050161591,,341.87
46.408,0.010538181818181818,0.004355697123714887,-0.008422279050161595,,341.87
46.412,0.010618181818181843,0.00452569712371489,-0.008592279050161598,,341.87
46.416,0.010618181818181843,0.004695697123714894,-0.00885227905016158,,341.87
46.42,0.010538181818181818,0.005115697123714925,-0.009112279050161563,,341.87
46.424,0.010538181818181818,0.005465697123714887,-0.009192279050161588,,341.87
46.428,0.010618181818181843,0.00563569712371489,-0.009362279050161591,,341.87
46.432,0.010538181818181818,0.005885697123714918,-0.00945227905016157,,341.87
46.436,0.010358181818181805,0.006235697123714935,-0.009622279050161574,,341.87
46.44,0.010188181818181801,0.006315697123714904,-0.009872279050161602,,341.87
46.444,0.010278181818181836,0.006655697123714911,-0.00996227905016158,,341.87
46.448,0.010278181818181836,0.006995697123714918,-0.01005227905016156,,341.87
46.452,0.010018181818181798,0.0072556971237149005,-0.01005227905016156,,341.87
46.456,0.010278181818181836,0.0075156971237149385,-0.01005227905016156,,341.87
46.46,0.010188181818181801,0.0076856971237148864,-0.010222279050161563,,341.87
46.464,0.009938181818181829,0.007935697123714915,-0.010222279050161563,,341.87
46.468,0.009768181818181825,0.008195697123714898,-0.010302279050161588,,341.87
46.472,0.009508181818181843,0.008455697123714936,-0.010392279050161567,,341.87
46.476,0.009248181818181805,0.008705697123714908,-0.010472279050161591,,341.87
46.48,0.008998181818181832,0.008875697123714912,-0.01056227905016157,,341.87
46.484,0.008908181818181798,0.009135697123714894,-0.01056227905016157,,341.87
46.488,0.008648181818181815,0.009135697123714894,-0.010732279050161574,,341.87
46.492,0.008478181818181812,0.009225697123714929,-0.010732279050161574,,341.87
46.496,0.008138181818181805,0.009475697123714901,-0.010642279050161595,,341.87
46.5,0.007888181818181832,0.009565697123714936,-0.010642279050161595,,341.87
46.504,0.007628181818181794,0.009645697123714905,-0.010732279050161574,,341.87
46.508,0.007288181818181843,0.009645697123714905,-0.010642279050161595,,341.87
46.512,0.007028181818181805,0.009645697123714905,-0.010732279050161574,,341.87
46.516,0.006598181818181819,0.009905697123714887,-0.010732279050161574,,341.87
46.52,0.006348181818181791,0.009995697123714922,-0.010732279050161574,,341.87
46.524,0.00600818181818184,0.009995697123714922,-0.010732279050161574,,341.87
46.528,0.005658181818181823,0.009995697123714922,-0.010642279050161595,,341.87
46.532,0.005238181818181791,0.010165697123714925,-0.010392279050161567,,341.87
46.536,0.005068181818181843,0.010505697123714932,-0.010302279050161588,,341.87
46.54,0.004808181818181805,0.010505697123714932,-0.010302279050161588,,341.87
46.544,0.004468181818181798,0.010415697123714898,-0.01005227905016156,,341.87
46.548,0.004128181818181791,0.010505697123714932,-0.009872279050161602,,341.87
46.552,0.0036081818181818263,0.010415697123714898,-0.009532279050161595,,341.87
46.556,0.0031781818181818404,0.010415697123714898,-0.009282279050161567,,341.87
46.56,0.002758181818181809,0.010415697123714898,-0.009022279050161584,,341.87
46.564,0.002418181818181802,0.010505697123714932,-0.008682279050161577,,341.87
46.568,0.002328181818181823,0.010505697123714932,-0.008512279050161574,,341.87
46.572,0.0020681818181818405,0.010335697123714929,-0.008422279050161595,,341.87
46.576,0.0016481818181818088,0.009995697123714922,-0.008252279050161591,,341.87
46.58,0.001218181818181823,0.009995697123714922,-0.007992279050161609,,341.87
46.584,0.0007081818181818124,0.009995697123714922,-0.007822279050161605,,341.87
46.588,0.0002781818181818265,0.009995697123714922,-0.0074822790501615985,,341.87
46.592,-6.181818181818046e-05,0.009905697123714887,-0.0072222790501615605,,341.87
46.596,-0.00032181818181816293,0.009735697123714939,-0.006972279050161588,,341.87
46.6,-0.0004918181818181664,0.009645697123714905,-0.006542279050161602,,341.87
46.604,-0.0008318181818181734,0.009475697123714901,-0.006282279050161564,,341.87
46.608,-0.0013418181818181838,0.009225697123714929,-0.006202279050161595,,341.87
46.612,-0.0017718181818181698,0.009135697123714894,-0.005772279050161609,,341.87
46.616,-0.0022018181818181555,0.008875697123714912,-0.005342279050161568,,341.87
46.62,-0.002631818181818197,0.008705697123714908,-0.005092279050161595,,341.87
46.624,-0.0028818181818181694,0.008455697123714936,-0.005002279050161561,,341.87
46.628,-0.00340181818181819,0.008285697123714932,-0.004582279050161585,,341.87
46.632,-0.003741818181818197,0.008115697123714929,-0.004152279050161599,,341.87
46.636,-0.0039118181818182,0.008025697123714894,-0.0038122790501615923,,341.87
46.64,-0.004251818181818207,0.007765697123714911,-0.0033822790501616064,,341.87
46.644,-0.004681818181818193,0.00785569712371489,-0.0030422790501615994,,341.87
46.648,-0.004931818181818166,0.0076856971237148864,-0.002872279050161596,,341.87
46.652,-0.005111818181818179,0.0075156971237149385,-0.002522279050161579,,341.87
46.656,-0.005451818181818186,0.007085697123714897,-0.002102279050161603,,341.87
46.66,-0.005791818181818193,0.00674569712371489,-0.0016722790501615616,,341.87
46.664,-0.0061318181818182,0.0065756971237148866,-0.0013322790501616101,,341.87
46.668,-0.0063018181818182036,0.006235697123714935,-0.0008122790501615896,,341.87
46.672,-0.006641818181818155,0.005975697123714897,-0.0003922790501615581,,341.87
46.676,-0.006901818181818193,0.005885697123714918,-0.00013227905016157564,,341.87
46.68,-0.0071618181818181754,0.005545697123714911,0.0003777209498384348,,341.87
46.684,-0.007501818181818182,0.005205697123714904,0.0007177209498384418,,341.87
46.688,-0.00784181818181819,0.005035697123714901,0.0008077209498384208,,341.87
46.692,-0.008181818181818196,0.004695697123714894,0.0010677209498384031,,341.87
46.696,-0.008441818181818179,0.004355697123714887,0.0015777209498384136,,341.87
46.7,-0.008701818181818161,0.003925697123714901,0.0020077209498383995,,341.87
46.704,-0.008781818181818186,0.003665697123714919,0.002427720949838431,,341.87
46.708,-0.009041818181818168,0.0034056971237149364,0.002857720949838417,,341.87
46.712,-0.009121818181818193,0.002985697123714905,0.0031177209498383994,,341.87
46.716,-0.009381818181818175,0.002555697123714919,0.003287720949838403,,341.87
46.72,-0.009551818181818179,0.002215697123714912,0.00362772094983841,,341.87
46.724,-0.009811818181818161,0.0019556971237149295,0.003967720949838417,,341.87
46.728,-0.009891818181818186,0.001785697123714926,0.004397720949838403,,341.87
46.732,-0.010061818181818189,0.001445697123714919,0.00473772094983841,,341.87
46.736,-0.010151818181818168,0.0010156971237149331,0.004997720949838393,,341.87
46.74,-0.010231818181818193,0.0005856971237148916,0.0053377209498383996,,341.87
46.744,-0.010321818181818172,0.00016569712371491561,0.0055977209498384375,,341.87
46.748,-0.010401818181818196,-0.00017430287628509135,0.005767720949838441,,341.87
46.752,-0.01058181818181821,-0.0006943028762851118,0.0061077209498383925,,341.87
46.756,-0.010921818181818161,-0.0012943028762851011,0.0064477209498383994,,341.87
46.76,-0.011171818181818189,-0.0014643028762851046,0.006707720949838437,,341.87
46.764,-0.011171818181818189,-0.0015443028762850736,0.00695772094983841,,341.87
46.768,-0.011261818181818168,-0.0018843028762850805,0.007387720949838396,,341.87
46.772,-0.011521818181818206,-0.0023143028762850665,0.007727720949838403,,341.87
46.776,-0.011521818181818206,-0.002744302876285108,0.007897720949838406,,341.87
46.78,-0.011521818181818206,-0.0030843028762850594,0.00798772094983844,,341.87
46.784,-0.011521818181818206,-0.0034243028762850664,0.008157720949838389,,341.87
46.788,-0.011341818181818192,-0.0036843028762851044,0.008417720949838427,,341.87
46.792,-0.011091818181818165,-0.003944302876285087,0.00858772094983843,,341.87
46.796,-0.011091818181818165,-0.004284302876285094,0.008837720949838403,,341.87
46.8,-0.011091818181818165,-0.00470430287628507,0.008927720949838437,,341.87
46.804,-0.011001818181818186,-0.005134302876285112,0.009007720949838406,,341.87
46.808,-0.010921818181818161,-0.005394302876285094,0.009007720949838406,,341.87
46.812,-0.010831818181818182,-0.0056443028762850666,0.009007720949838406,,341.87
46.816,-0.010751818181818158,-0.006074302876285108,0.009267720949838389,,341.87
46.82,-0.010751818181818158,-0.006504302876285094,0.009357720949838423,,341.87
46.824,-0.01058181818181821,-0.0067643028762850764,0.009357720949838423,,341.87
46.828,-0.010321818181818172,-0.00693430287628508,0.009607720949838396,,341.87
46.832,-0.010321818181818172,-0.007274302876285087,0.00969772094983843,,341.87
46.836,-0.010231818181818193,-0.007524302876285059,0.009777720949838399,,341.87
46.84,-0.009981818181818165,-0.007614302876285094,0.009947720949838403,,341.87
46.844,-0.009891818181818186,-0.008044302876285079,0.010127720949838416,,341.87
46.848,-0.009891818181818186,-0.008384302876285086,0.010127720949838416,,341.87
46.852,-0.009641818181818158,-0.00855430287628509,0.010127720949838416,,341.87
46.856,-0.009381818181818175,-0.008894302876285096,0.01020772094983844,,341.87
46.86,-0.009121818181818193,-0.009154302876285079,0.010127720949838416,,341.87
46.864,-0.009041818181818168,-0.009414302876285061,0.010127720949838416,,341.87
46.868,-0.008871818181818165,-0.00966430287628509,0.01020772094983844,,341.87
46.872,-0.008611818181818182,-0.009754302876285068,0.01020772094983844,,341.87
46.876,-0.008181818181818196,-0.009834302876285093,0.01020772094983844,,341.87
46.88,-0.007931818181818168,-0.010094302876285075,0.010127720949838416,,341.87
46.884,-0.00784181818181819,-0.0101743028762851,0.010127720949838416,,341.87
46.888,-0.007501818181818182,-0.010434302876285082,0.01020772094983844,,341.87
46.892,-0.0071618181818181754,-0.010524302876285061,0.010037720949838437,,341.87
46.896,-0.006991818181818172,-0.010774302876285089,0.009777720949838399,,341.87
46.9,-0.006641818181818155,-0.010864302876285068,0.009777720949838399,,341.87
46.904,-0.0063018181818182036,-0.010944302876285093,0.009777720949838399,,341.87
46.908,-0.0061318181818182,-0.011204302876285075,0.009777720949838399,,341.87
46.912,-0.005791818181818193,-0.01129430287628511,0.009527720949838427,,341.87
46.916,-0.005451818181818186,-0.01129430287628511,0.009437720949838392,,341.87
46.92,-0.005191818181818204,-0.01129430287628511,0.009357720949838423,,341.87
46.924,-0.004931818181818166,-0.01129430287628511,0.00909772094983844,,341.87
46.928,-0.00451181818181819,-0.01129430287628511,0.008837720949838403,,341.87
46.932,-0.004081818181818204,-0.01129430287628511,0.00858772094983843,,341.87
46.936,-0.003741818181818197,-0.01129430287628511,0.008497720949838396,,341.87
46.94,-0.003481818181818159,-0.01129430287628511,0.008327720949838392,,341.87
46.944,-0.0032318181818181864,-0.011204302876285075,0.008237720949838413,,341.87
46.948,-0.0028818181818181694,-0.010944302876285093,0.00798772094983844,,341.87
46.952,-0.0024618181818181935,-0.010864302876285068,0.007897720949838406,,341.87
46.956,-0.0020318181818182075,-0.010864302876285068,0.007557720949838399,,341.87
46.96,-0.0017718181818181698,-0.010944302876285093,0.007557720949838399,,341.87
46.964,-0.0016018181818181663,-0.010774302876285089,0.007387720949838396,,341.87
46.968,-0.0012618181818181593,-0.010524302876285061,0.007217720949838392,,341.87
46.972,-0.0008318181818181734,-0.010524302876285061,0.007047720949838389,,341.87
46.976,-0.0005818181818182009,-0.010524302876285061,0.006877720949838441,,341.87
46.98,-6.181818181818046e-05,-0.010434302876285082,0.0064477209498383994,,341.87
46.984,0.0003581818181817955,-0.010094302876285075,0.0061077209498383925,,341.87
46.988,0.0006181818181818335,-0.010094302876285075,0.00584772094983841,,341.87
46.992,0.000788181818181837,-0.010004302876285096,0.0053377209498383996,,341.87
46.996,0.001128181818181844,-0.009754302876285068,0.004997720949838393,,341.87
47.0,0.0015581818181818299,-0.009584302876285065,0.004907720949838414,,341.87
47.004,0.001988181818181816,-0.009324302876285082,0.004567720949838407,,341.87
47.008,0.002328181818181823,-0.009234302876285103,0.004397720949838403,,341.87
47.012,0.0024981818181818265,-0.008984302876285075,0.004057720949838396,,341.87
47.016,0.0028381818181818334,-0.008814302876285072,0.00362772094983841,,341.87
47.02,0.0031781818181818404,-0.00855430287628509,0.0033677209498384274,,341.87
47.024,0.0036981818181818053,-0.008384302876285086,0.003197720949838424,,341.87
47.028,0.004038181818181812,-0.008044302876285079,0.002857720949838417,,341.87
47.032,0.004128181818181791,-0.007704302876285073,0.00251772094983841,,341.87
47.036,0.004378181818181819,-0.007524302876285059,0.0023477209498384065,,341.87
47.04,0.00488818181818183,-0.007184302876285108,0.0020077209498383995,,341.87
47.044,0.005238181818181791,-0.0067643028762850764,0.001657720949838438,,341.87
47.048,0.005408181818181795,-0.006504302876285094,0.001317720949838431,,341.87
47.052,0.005748181818181802,-0.0063343028762850905,0.0010677209498384031,,341.87
47.056,0.00600818181818184,-0.0059943028762850835,0.0007177209498384418,,341.87
47.06,0.0060881818181818086,-0.005734302876285101,0.0002977209498384103,,341.87
47.064,0.0065181818181817945,-0.005474302876285063,-0.00013227905016157564,,341.87
47.068,0.0068581818181818015,-0.005134302876285112,-0.0003922790501615581,,341.87
47.072,0.006948181818181836,-0.00470430287628507,-0.0005622790501615616,,341.87
47.076,0.007288181818181843,-0.004454302876285098,-0.0009022790501615686,,341.87
47.08,0.007628181818181794,-0.00419430287628506,-0.0012422790501615756,,341.87
47.084,0.007798181818181798,-0.003854302876285108,-0.0015822790501615826,,341.87
47.088,0.008138181818181805,-0.003514302876285101,-0.0016722790501615616,,341.87
47.092,0.008398181818181843,-0.003174302876285094,-0.0019322790501615996,,341.87
47.096,0.008648181818181815,-0.002744302876285108,-0.002522279050161579,,341.87
47.1,0.008908181818181798,-0.0022343028762850975,-0.0030422790501615994,,341.87
47.104,0.008998181818181832,-0.0018843028762850805,-0.003292279050161572,,341.87
47.108,0.009248181818181805,-0.0018043028762851116,-0.0034622790501615754,,341.87
47.112,0.00933818181818184,-0.0015443028762850736,-0.0038122790501615923,,341.87
47.116,0.009508181818181843,-0.0011143028762850876,-0.004152279050161599,,341.87
47.12,0.009588181818181812,-0.0006943028762851118,-0.004492279050161606,,341.87
47.124,0.009768181818181825,-0.00026430287628507034,-0.004662279050161609,,341.87
47.128,0.010018181818181798,0.00016569712371491561,-0.005002279050161561,,341.87
47.132,0.010188181818181801,0.0005856971237148916,-0.005432279050161602,,341.87
47.136,0.010358181818181805,0.0008456971237149295,-0.005692279050161585,,341.87
47.14,0.010448181818181839,0.0010156971237149331,-0.005862279050161588,,341.87
47.144,0.010538181818181818,0.00135569712371494,-0.006202279050161595,,341.87
47.148,0.010618181818181843,0.001785697123714926,-0.006462279050161578,,341.87
47.152,0.010538181818181818,0.002215697123714912,-0.006632279050161581,,341.87
47.156,0.010538181818181818,0.002645697123714898,-0.007052279050161557,,341.87
47.16,0.010618181818181843,0.002895697123714926,-0.007402279050161574,,341.87
47.164,0.010538181818181818,0.0031556971237149084,-0.0074822790501615985,,341.87
47.168,0.010538181818181818,0.0034956971237149153,-0.007742279050161581,,341.87
47.172,0.010618181818181843,0.003755697123714898,-0.007912279050161584,,341.87
47.176,0.010538181818181818,0.004265697123714908,-0.008252279050161591,,341.87
47.18,0.010538181818181818,0.004605697123714915,-0.008512279050161574,,341.87
47.184,0.010618181818181843,0.004775697123714918,-0.008682279050161577,,341.87
47.188,0.010618181818181843,0.005115697123714925,-0.008932279050161605,,341.87
47.192,0.010618181818181843,0.005465697123714887,-0.009112279050161563,,341.87
47.196,0.010538181818181818,0.005545697123714911,-0.009362279050161591,,341.87
47.2,0.010538181818181818,0.005885697123714918,-0.009622279050161574,,341.87
47.204,0.010618181818181843,0.006145697123714901,-0.009872279050161602,,341.87
47.208,0.010538181818181818,0.006405697123714939,-0.009872279050161602,,341.87
47.212,0.010358181818181805,0.00674569712371489,-0.00996227905016158,,341.87
47.216,0.010358181818181805,0.006995697123714918,-0.010222279050161563,,341.87
47.22,0.010278181818181836,0.0072556971237149005,-0.010132279050161584,,341.87
47.224,0.010018181818181798,0.0075956971237149075,-0.010132279050161584,,341.87
47.228,0.010018181818181798,0.00785569712371489,-0.010302279050161588,,341.87
47.232,0.009768181818181825,0.008025697123714894,-0.010302279050161588,,341.87
47.236,0.009588181818181812,0.008285697123714932,-0.010392279050161567,,341.87
47.24,0.00933818181818184,0.008455697123714936,-0.010392279050161567,,341.87
47.244,0.00933818181818184,0.008705697123714908,-0.010392279050161567,,341.87
47.248,0.00933818181818184,0.008875697123714912,-0.01056227905016157,,341.87
47.252,0.008908181818181798,0.009135697123714894,-0.010642279050161595,,341.87
47.256,0.00856818181818179,0.009225697123714929,-0.010812279050161598,,341.87
47.26,0.008478181818181812,0.009225697123714929,-0.01107227905016158,,341.87
47.264,0.00822818181818184,0.009305697123714898,-0.01107227905016158,,341.87
47.268,0.007888181818181832,0.009565697123714936,-0.01107227905016158,,341.87
47.272,0.007628181818181794,0.009645697123714905,-0.010992279050161612,,341.87
47.276,0.007288181818181843,0.009645697123714905,-0.010812279050161598,,341.87
47.28,0.006948181818181836,0.009735697123714939,-0.010732279050161574,,341.87
47.284,0.006688181818181798,0.009995697123714922,-0.010642279050161595,,341.87
47.288,0.0064281818181818155,0.009995697123714922,-0.010642279050161595,,341.87
47.292,0.0060881818181818086,0.010165697123714925,-0.010732279050161574,,341.87
47.296,0.005658181818181823,0.010415697123714898,-0.010642279050161595,,341.87
47.3,0.005238181818181791,0.010505697123714932,-0.010392279050161567,,341.87
47.304,0.004978181818181809,0.010415697123714898,-0.010392279050161567,,341.87
47.308,0.004808181818181805,0.010415697123714898,-0.010392279050161567,,341.87
47.312,0.004468181818181798,0.010415697123714898,-0.010222279050161563,,341.87
47.316,0.004038181818181812,0.010415697123714898,-0.009872279050161602,,341.87
47.32,0.0036981818181818053,0.010415697123714898,-0.00945227905016157,,341.87
47.324,0.0032681818181818194,0.010505697123714932,-0.009192279050161588,,341.87
47.328,0.0029281818181818124,0.010505697123714932,-0.009112279050161563,,341.87
47.332,0.002758181818181809,0.010415697123714898,-0.008932279050161605,,341.87
47.336,0.002418181818181802,0.010415697123714898,-0.008592279050161598,,341.87
47.34,0.0018981818181818368,0.010335697123714929,-0.008422279050161595,,341.87
47.344,0.0014781818181818054,0.01007569712371489,-0.008252279050161591,,341.87
47.348,0.001128181818181844,0.01007569712371489,-0.007992279050161609,,341.87
47.352,0.000788181818181837,0.01007569712371489,-0.007742279050161581,,341.87
47.356,0.00044818181818183,0.01007569712371489,-0.007402279050161574,,341.87
47.36,1.8181818181844034e-05,0.009905697123714887,-0.0071422790501615915,,341.87
47.364,-0.0004018181818181874,0.009645697123714905,-0.006972279050161588,,341.87
47.368,-0.0006618181818181699,0.009645697123714905,-0.006632279050161581,,341.87
47.372,-0.0010018181818181769,0.009815697123714908,-0.006282279050161564,,341.87
47.376,-0.0013418181818181838,0.009565697123714936,-0.006112279050161561,,341.87
47.38,-0.0016918181818182008,0.009135697123714894,-0.005772279050161609,,341.87
47.384,-0.0021118181818181765,0.008795697123714887,-0.005342279050161568,,341.87
47.388,-0.0024618181818181935,0.008705697123714908,-0.005002279050161561,,341.87
47.392,-0.0028818181818181694,0.00862569712371494,-0.004752279050161588,,341.87
47.396,-0.0032318181818181864,0.008365697123714901,-0.004492279050161606,,341.87
47.4,-0.0033118181818181554,0.008285697123714932,-0.004152279050161599,,341.87
47.404,-0.003741818181818197,0.007935697123714915,-0.003722279050161558,,341.87
47.408,-0.004171818181818183,0.0076856971237148864,-0.003292279050161572,,341.87
47.412,-0.004421818181818155,0.0075956971237149075,-0.0030422790501615994,,341.87
47.416,-0.004681818181818193,0.007425697123714904,-0.002612279050161558,,341.87
47.42,-0.0050218181818182,0.007345697123714935,-0.0023522790501615755,,341.87
47.424,-0.005361818181818207,0.007085697123714897,-0.0020122790501615685,,341.87
47.428,-0.005701818181818159,0.0068256971237149145,-0.0016722790501615616,,341.87
47.432,-0.005961818181818197,0.00674569712371489,-0.0013322790501616101,,341.87
47.436,-0.006221818181818179,0.006405697123714939,-0.0009022790501615686,,341.87
47.44,-0.006561818181818186,0.006055697123714922,-0.0005622790501615616,,341.87
47.444,-0.0068118181818181585,0.005885697123714918,-0.00013227905016157564,,341.87
47.448,-0.0070718181818181965,0.00563569712371489,0.0003777209498384348,,341.87
47.452,-0.007501818181818182,0.005375697123714908,0.0007177209498384418,,341.87
47.456,-0.00784181818181819,0.005035697123714901,0.0008877209498383897,,341.87
47.46,-0.008011818181818193,0.004695697123714894,0.0012377209498384066,,341.87
47.464,-0.0083518181818182,0.004355697123714887,0.0015777209498384136,,341.87
47.468,-0.008611818181818182,0.004265697123714908,0.0019177209498384205,,341.87
47.472,-0.008781818181818186,0.0038356971237149223,0.002427720949838431,,341.87
47.476,-0.009041818181818168,0.0034056971237149364,0.002857720949838417,,341.87
47.48,-0.009211818181818172,0.0030656971237149294,0.0030277209498384204,,341.87
47.484,-0.0094618181818182,0.0028156971237149014,0.003287720949838403,,341.87
47.488,-0.009551818181818179,0.002645697123714898,0.003717720949838389,,341.87
47.492,-0.009811818181818161,0.002215697123714912,0.004057720949838396,,341.87
47.496,-0.009891818181818186,0.0017056971237149015,0.004307720949838424,,341.87
47.5,-0.009981818181818165,0.00135569712371494,0.004567720949838407,,341.87
47.504,-0.010231818181818193,0.0010156971237149331,0.004907720949838414,,341.87
47.508,-0.010321818181818172,0.0005856971237148916,0.005247720949838421,,341.87
47.512,-0.010401818181818196,0.00016569712371491561,0.005507720949838403,,341.87
47.516,-0.010751818181818158,-9.430287628506685e-05,0.005767720949838441,,341.87
47.52,-0.011001818181818186,-0.00026430287628507034,0.0061077209498383925,,341.87
47.524,-0.011001818181818186,-0.0006043028762850773,0.0063577209498384205,,341.87
47.528,-0.011091818181818165,-0.0010343028762850631,0.006537720949838434,,341.87
47.532,-0.011171818181818189,-0.0014643028762851046,0.006877720949838441,,341.87
47.536,-0.011261818181818168,-0.0019743028762850595,0.007217720949838392,,341.87
47.54,-0.011521818181818206,-0.00248430287628507,0.007387720949838396,,341.87
47.544,-0.011521818181818206,-0.002744302876285108,0.007647720949838434,,341.87
47.548,-0.011521818181818206,-0.0030843028762850594,0.007897720949838406,,341.87
47.552,-0.011521818181818206,-0.003254302876285063,0.008157720949838389,,341.87
47.556,-0.011431818181818171,-0.00359430287628507,0.008237720949838413,,341.87
47.56,-0.011171818181818189,-0.003944302876285087,0.008497720949838396,,341.87
47.564,-0.011171818181818189,-0.004284302876285094,0.00858772094983843,,341.87
47.568,-0.011171818181818189,-0.004534302876285067,0.008837720949838403,,341.87
47.572,-0.011091818181818165,-0.004794302876285105,0.008837720949838403,,341.87
47.576,-0.010831818181818182,-0.005134302876285112,0.008837720949838403,,341.87
47.58,-0.010751818181818158,-0.005564302876285098,0.008837720949838403,,341.87
47.584,-0.010751818181818158,-0.0059943028762850835,0.009007720949838406,,341.87
47.588,-0.010831818181818182,-0.0062443028762851115,0.009267720949838389,,341.87
47.592,-0.010751818181818158,-0.0064143028762850595,0.009357720949838423,,341.87
47.596,-0.010401818181818196,-0.0067643028762850764,0.009437720949838392,,341.87
47.6,-0.010231818181818193,-0.007104302876285083,0.00969772094983843,,341.87
47.604,-0.010151818181818168,-0.007524302876285059,0.00969772094983843,,341.87
47.608,-0.009981818181818165,-0.007784302876285097,0.00969772094983843,,341.87
47.612,-0.009891818181818186,-0.008124302876285103,0.009777720949838399,,341.87
47.616,-0.009811818181818161,-0.008384302876285086,0.010037720949838437,,341.87
47.62,-0.009551818181818179,-0.008474302876285065,0.01020772094983844,,341.87
47.624,-0.0094618181818182,-0.008724302876285093,0.01020772094983844,,341.87
47.628,-0.009211818181818172,-0.008984302876285075,0.01020772094983844,,341.87
47.632,-0.00895181818181819,-0.009234302876285103,0.010127720949838416,,341.87
47.636,-0.008701818181818161,-0.009324302876285082,0.010127720949838416,,341.87
47.64,-0.008611818181818182,-0.009584302876285065,0.01020772094983844,,341.87
47.644,-0.008271818181818175,-0.00966430287628509,0.010127720949838416,,341.87
47.648,-0.007931818181818168,-0.009924302876285072,0.010127720949838416,,341.87
47.652,-0.007751818181818155,-0.010094302876285075,0.01020772094983844,,341.87
47.656,-0.007411818181818203,-0.010524302876285061,0.010127720949838416,,341.87
47.66,-0.0070718181818181965,-0.010864302876285068,0.009947720949838403,,341.87
47.664,-0.006991818181818172,-0.010944302876285093,0.009867720949838434,,341.87
47.668,-0.006641818181818155,-0.011034302876285072,0.009777720949838399,,341.87
47.672,-0.0063918181818181825,-0.01129430287628511,0.009777720949838399,,341.87
47.676,-0.006221818181818179,-0.01129430287628511,0.00969772094983843,,341.87
47.68,-0.005871818181818162,-0.011204302876285075,0.009437720949838392,,341.87
47.684,-0.005361818181818207,-0.01129430287628511,0.009357720949838423,,341.87
47.688,-0.0050218181818182,-0.01129430287628511,0.009267720949838389,,341.87
47.692,-0.004851818181818197,-0.01129430287628511,0.00909772094983844,,341.87
47.696,-0.004591818181818159,-0.01129430287628511,0.008927720949838437,,341.87
47.7,-0.004171818181818183,-0.01129430287628511,0.0086677209498384,,341.87
47.704,-0.0036518181818181623,-0.01129430287628511,0.0086677209498384,,341.87
47.708,-0.0033118181818181554,-0.01129430287628511,0.008757720949838434,,341.87
47.712,-0.0032318181818181864,-0.01129430287628511,0.008417720949838427,,341.87
47.716,-0.0028818181818181694,-0.011204302876285075,0.008327720949838392,,341.87
47.72,-0.0025418181818181625,-0.011034302876285072,0.00798772094983844,,341.87
47.724,-0.0021118181818181765,-0.011034302876285072,0.00806772094983841,,341.87
47.728,-0.0016918181818182008,-0.010944302876285093,0.007817720949838437,,341.87
47.732,-0.0014318181818181628,-0.010864302876285068,0.00747772094983843,,341.87
47.736,-0.0012618181818181593,-0.010774302876285089,0.007217720949838392,,341.87
47.74,-0.0009218181818182079,-0.010694302876285065,0.00695772094983841,,341.87
47.744,-0.0004018181818181874,-0.010604302876285086,0.006707720949838437,,341.87
47.748,1.8181818181844034e-05,-0.010524302876285061,0.0061077209498383925,,341.87
47.752,0.0002781818181818265,-0.010434302876285082,0.00584772094983841,,341.87
47.756,0.0006181818181818335,-0.0101743028762851,0.005767720949838441,,341.87
47.76,0.0008781818181818159,-0.009924302876285072,0.0056777209498384065,,341.87
47.764,0.001218181818181823,-0.009754302876285068,0.005247720949838421,,341.87
47.768,0.0014781818181818054,-0.00966430287628509,0.004907720949838414,,341.87
47.772,0.001988181818181816,-0.009414302876285061,0.00473772094983841,,341.87
47.776,0.002418181818181802,-0.009324302876285082,0.004397720949838403,,341.87
47.78,0.00266818181818183,-0.009154302876285079,0.004057720949838396,,341.87
47.784,0.0028381818181818334,-0.008814302876285072,0.0038877209498383923,,341.87
47.788,0.0031781818181818404,-0.00855430287628509,0.003537720949838431,,341.87
47.792,0.003528181818181802,-0.008294302876285107,0.003197720949838424,,341.87
47.796,0.003948181818181833,-0.008044302876285079,0.002857720949838417,,341.87
47.8,0.004208181818181816,-0.0079543028762851,0.002767720949838438,,341.87
47.804,0.004548181818181823,-0.007614302876285094,0.0023477209498384065,,341.87
47.808,0.00488818181818183,-0.007354302876285111,0.0019177209498384205,,341.87
47.812,0.005148181818181812,-0.007104302876285083,0.001657720949838438,,341.87
47.816,0.005408181818181795,-0.0067643028762850764,0.0015777209498384136,,341.87
47.82,0.005748181818181802,-0.006504302876285094,0.0011477209498384276,,341.87
47.824,0.0060881818181818086,-0.006164302876285087,0.0007177209498384418,,341.87
47.828,0.006178181818181843,-0.0059043028762851045,0.0004677209498384138,,341.87
47.832,0.0064281818181818155,-0.005564302876285098,0.00020772094983843132,,341.87
47.836,0.0068581818181818015,-0.005134302876285112,-0.00013227905016157564,,341.87
47.84,0.007028181818181805,-0.00470430287628507,-0.0003922790501615581,,341.87
47.844,0.007288181818181843,-0.004364302876285063,-0.0006422790501615861,,341.87
47.848,0.007628181818181794,-0.004114302876285091,-0.0010722790501615721,,341.87
47.852,0.007888181818181832,-0.003854302876285108,-0.0014122790501615791,,341.87
47.856,0.008138181818181805,-0.003514302876285101,-0.001752279050161586,,341.87
47.86,0.008308181818181808,-0.0030843028762850594,-0.002102279050161603,,341.87
47.864,0.00856818181818179,-0.0026543028762850735,-0.00244227905016161,,341.87
47.868,0.008828181818181829,-0.0022343028762850975,-0.0027022790501615925,,341.87
47.872,0.008998181818181832,-0.0018843028762850805,-0.0027822790501615615,,341.87
47.876,0.009168181818181836,-0.0018043028762851116,-0.003292279050161572,,341.87
47.88,0.00933818181818184,-0.0015443028762850736,-0.0038122790501615923,,341.87
47.884,0.009418181818181808,-0.0011143028762850876,-0.004152279050161599,,341.87
47.888,0.00967818181818179,-0.0006943028762851118,-0.004232279050161568,,341.87
47.892,0.009848181818181794,-0.00026430287628507034,-0.004582279050161585,,341.87
47.896,0.010108181818181832,-4.302876285087868e-06,-0.004922279050161592,,341.87
47.9,0.010108181818181832,0.0002456971237149401,-0.005262279050161599,,341.87
47.904,0.010278181818181836,0.0005856971237148916,-0.005522279050161581,,341.87
47.908,0.010538181818181818,0.0009356971237149085,-0.005862279050161588,,341.87
47.912,0.010618181818181843,0.00135569712371494,-0.006282279050161564,,341.87
47.916,0.010618181818181843,0.001785697123714926,-0.006542279050161602,,341.87
47.92,0.010618181818181843,0.002215697123714912,-0.006712279050161606,,341.87
47.924,0.010618181818181843,0.002645697123714898,-0.007052279050161557,,341.87
47.928,0.010618181818181843,0.002895697123714926,-0.007402279050161574,,341.87
47.932,0.010618181818181843,0.0030656971237149294,-0.0074822790501615985,,341.87
47.936,0.010618181818181843,0.0034056971237149364,-0.007742279050161581,,341.87
47.94,0.010618181818181843,0.0038356971237149223,-0.007992279050161609,,341.87
47.944,0.010618181818181843,0.004095697123714904,-0.00834227905016157,,341.87
47.948,0.010618181818181843,0.004265697123714908,-0.008592279050161598,,341.87
47.952,0.010618181818181843,0.004605697123714915,-0.008762279050161602,,341.87
47.956,0.010538181818181818,0.005035697123714901,-0.009112279050161563,,341.87
47.96,0.010618181818181843,0.005295697123714939,-0.009192279050161588,,341.87
47.964,0.010618181818181843,0.005545697123714911,-0.009362279050161591,,341.87
47.968,0.010618181818181843,0.005885697123714918,-0.00945227905016157,,341.87
47.972,0.010708181818181822,0.006145697123714901,-0.009622279050161574,,341.87
47.976,0.010708181818181822,0.006405697123714939,-0.009872279050161602,,341.87
47.98,0.010278181818181836,0.00674569712371489,-0.009872279050161602,,341.87
47.984,0.010188181818181801,0.006995697123714918,-0.009872279050161602,,341.87
47.988,0.010278181818181836,0.0072556971237149005,-0.009792279050161577,,341.87
47.992,0.010278181818181836,0.0075156971237149385,-0.009872279050161602,,341.87
47.996,0.010188181818181801,0.00785569712371489,-0.00996227905016158,,341.87
48.0,0.010108181818181832,0.008115697123714929,-0.010302279050161588,,341.87
48.004,0.009848181818181794,0.008365697123714901,-0.010472279050161591,,341.87
48.008,0.009588181818181812,0.008535697123714905,-0.010472279050161591,,341.87
48.012,0.00933818181818184,0.008705697123714908,-0.010472279050161591,,341.87
48.016,0.009248181818181805,0.008875697123714912,-0.010472279050161591,,341.87
48.02,0.008998181818181832,0.009135697123714894,-0.01056227905016157,,341.87
48.024,0.008828181818181829,0.009305697123714898,-0.010732279050161574,,341.87
48.028,0.008478181818181812,0.009565697123714936,-0.010732279050161574,,341.87
48.032,0.00822818181818184,0.009565697123714936,-0.010732279050161574,,341.87
48.036,0.008058181818181836,0.009645697123714905,-0.010642279050161595,,341.87
48.04,0.007708181818181819,0.009735697123714939,-0.010732279050161574,,341.87
48.044,0.007458181818181791,0.009735697123714939,-0.010732279050161574,,341.87
48.048,0.007288181818181843,0.009735697123714939,-0.010732279050161574,,341.87
48.052,0.006948181818181836,0.009995697123714922,-0.010732279050161574,,341.87
48.056,0.0065181818181817945,0.009995697123714922,-0.010642279050161595,,341.87
48.06,0.006178181818181843,0.009995697123714922,-0.010642279050161595,,341.87
48.064,0.005918181818181805,0.01007569712371489,-0.010392279050161567,,341.87
48.068,0.005578181818181798,0.010505697123714932,-0.010302279050161588,,341.87
48.072,0.005238181818181791,0.010675697123714935,-0.010302279050161588,,341.87
48.076,0.00488818181818183,0.010765697123714914,-0.010302279050161588,,341.87
48.08,0.004468181818181798,0.010845697123714939,-0.01005227905016156,,341.87
48.084,0.004128181818181791,0.010845697123714939,-0.00996227905016158,,341.87
48.088,0.003948181818181833,0.010765697123714914,-0.009792279050161577,,341.87
48.092,0.0036081818181818263,0.010505697123714932,-0.009362279050161591,,341.87
48.096,0.0032681818181818194,0.010415697123714898,-0.009022279050161584,,341.87
48.1,0.0028381818181818334,0.010415697123714898,-0.008762279050161602,,341.87
48.104,0.002418181818181802,0.010415697123714898,-0.008512279050161574,,341.87
48.108,0.001988181818181816,0.010415697123714898,-0.00834227905016157,,341.87
48.112,0.0016481818181818088,0.010415697123714898,-0.008252279050161591,,341.87
48.116,0.0012981818181817919,0.010415697123714898,-0.007992279050161609,,341.87
48.12,0.0010481818181818194,0.010165697123714925,-0.007742279050161581,,341.87
48.124,0.0007081818181818124,0.01007569712371489,-0.007402279050161574,,341.87
48.128,0.0003581818181817955,0.009905697123714887,-0.0072222790501615605,,341.87
48.132,1.8181818181844034e-05,0.009645697123714905,-0.006972279050161588,,341.87
48.136,-0.0004918181818181664,0.009645697123714905,-0.006632279050161581,,341.87
48.14,-0.0009218181818182079,0.009565697123714936,-0.006282279050161564,,341.87
48.144,-0.0012618181818181593,0.009305697123714898,-0.006202279050161595,,341.87
48.148,-0.0015218181818181973,0.009305697123714898,-0.005772279050161609,,341.87
48.152,-0.0016918181818182008,0.009055697123714925,-0.005342279050161568,,341.87
48.156,-0.0020318181818182075,0.008795697123714887,-0.005172279050161564,,341.87
48.16,-0.0025418181818181625,0.008705697123714908,-0.005002279050161561,,341.87
48.164,-0.002971818181818204,0.008535697123714905,-0.004582279050161585,,341.87
48.168,-0.0033118181818181554,0.008535697123714905,-0.004152279050161599,,341.87
48.172,-0.003741818181818197,0.008195697123714898,-0.003722279050161558,,341.87
48.176,-0.004251818181818207,0.008195697123714898,-0.0033822790501616064,,341.87
48.18,-0.004591818181818159,0.007935697123714915,-0.003292279050161572,,341.87
48.184,-0.004681818181818193,0.0075956971237149075,-0.002952279050161565,,341.87
48.188,-0.004931818181818166,0.0075156971237149385,-0.002522279050161579,,341.87
48.192,-0.005451818181818186,0.0072556971237149005,-0.0020122790501615685,,341.87
48.196,-0.005791818181818193,0.0071756971237149315,-0.0015822790501615826,,341.87
48.2,-0.005961818181818197,0.00674569712371489,-0.0013322790501616101,,341.87
48.204,-0.0063018181818182036,0.006405697123714939,-0.0009022790501615686,,341.87
48.208,-0.006561818181818186,0.006235697123714935,-0.0006422790501615861,,341.87
48.212,-0.0067318181818181895,0.005885697123714918,-0.0004722790501615826,,341.87
48.216,-0.0070718181818181965,0.005545697123714911,-0.00013227905016157564,,341.87
48.22,-0.007331818181818179,0.005205697123714904,0.0002977209498384103,,341.87
48.224,-0.007501818181818182,0.004945697123714922,0.0007177209498384418,,341.87
48.228,-0.00784181818181819,0.004605697123714915,,,341.87
48.232,-0.008181818181818196,0.004355697123714887,,,341.87
48.236,-0.0083518181818182,0.004005697123714925,,,341.87
48.24,-0.008701818181818161,0.003755697123714898,,,341.87
48.244,-0.00895181818181819,0.0034056971237149364,,,341.87
48.248,-0.009041818181818168,0.0031556971237149084,,,341.87
48.252,-0.009211818181818172,0.002895697123714926,,,341.87
48.256,-0.0094618181818182,0.002555697123714919,,,341.87
48.26,-0.009551818181818179,0.002215697123714912,,,341.87
48.264,-0.009811818181818161,0.001875697123714905,,,341.87
48.268,-0.009981818181818165,0.001445697123714919,,,341.87
48.272,-0.010321818181818172,0.0010156971237149331,,,341.87
48.276,-0.010661818181818179,0.0006756971237149261,,,341.87
48.28,-0.010831818181818182,0.0003356971237149191,,,341.87
48.284,-0.010831818181818182,7.569712371493663e-05,,,341.87
48.288,-0.011091818181818165,-0.00035430287628510483,,,341.87
48.292,-0.011171818181818189,-0.0006943028762851118,,,341.87
48.296,-0.011261818181818168,-0.0010343028762850631,,,341.87
48.3,-0.011261818181818168,-0.0015443028762850736,,,341.87
48.304,-0.011261818181818168,-0.002064302876285094,,,341.87
48.308,-0.011521818181818206,-0.0023143028762850665,,,341.87
48.312,-0.011521818181818206,-0.0025743028762851045,,,341.87
48.316,-0.011521818181818206,-0.002824302876285077,,,341.87
48.32,-0.011431818181818171,-0.003174302876285094,,,341.87
48.324,-0.011431818181818171,-0.003514302876285101,,,341.87
48.328,-0.011261818181818168,-0.003854302876285108,,,341.87
48.332,-0.011091818181818165,-0.004284302876285094,,,341.87
48.336,-0.011091818181818165,-0.004454302876285098,,,341.87
48.34,-0.011171818181818189,-0.00470430287628507,,,341.87
48.344,-0.011091818181818165,-0.005134302876285112,,,341.87
48.348,-0.010831818181818182,-0.005564302876285098,,,341.87
48.352,-0.010751818181818158,-0.0059043028762851045,,,341.87
48.356,-0.010751818181818158,-0.006074302876285108,,,341.87
48.36,-0.010661818181818179,-0.0064143028762850595,,,341.87
48.364,-0.010401818181818196,-0.0067643028762850764,,,341.87
48.368,-0.010401818181818196,-0.007104302876285083,,,341.87
48.372,-0.010321818181818172,-0.007274302876285087,,,341.87
48.376,-0.010061818181818189,-0.007614302876285094,,,341.87
48.38,-0.009891818181818186,-0.0079543028762851,,,341.87
48.384,-0.009811818181818161,-0.008124302876285103,,,341.87
48.388,-0.009551818181818179,-0.008474302876285065,,,341.87
48.392,-0.0094618181818182,-0.008724302876285093,,,341.87
48.396,-0.009211818181818172,-0.008984302876285075,,,341.87
48.4,-0.009041818181818168,-0.009234302876285103,,,341.87
48.404,-0.008781818181818186,-0.009324302876285082,,,341.87
48.408,-0.008521818181818203,-0.009584302876285065,,,341.87
48.412,-0.008271818181818175,-0.009754302876285068,,,341.87
48.416,-0.008101818181818172,-0.010094302876285075,,,341.87
48.42,-0.00784181818181819,-0.0101743028762851,,,341.87
48.424,-0.007581818181818207,-0.0101743028762851,,,341.87
48.428,-0.007411818181818203,-0.010524302876285061,,,341.87
48.432,-0.0070718181818181965,-0.010774302876285089,,,341.87
48.436,-0.0067318181818181895,-0.010944302876285093,,,341.87
48.44,-0.006561818181818186,-0.010944302876285093,,,341.87
48.444,-0.006221818181818179,-0.011204302876285075,,,341.87
48.448,-0.005791818181818193,-0.01129430287628511,,,341.87
48.452,-0.005531818181818155,-0.01129430287628511,,,341.87
48.456,-0.005361818181818207,-0.01129430287628511,,,341.87
48.46,-0.0050218181818182,-0.01129430287628511,,,341.87
48.464,-0.00451181818181819,-0.01129430287628511,,,341.87
48.468,-0.004171818181818183,-0.011204302876285075,,,341.87
48.472,-0.004081818181818204,-0.011204302876285075,,,341.87
48.476,-0.003821818181818166,-0.011204302876285075,,,341.87
48.48,-0.0033118181818181554,-0.011204302876285075,,,341.87
48.484,-0.0028818181818181694,-0.010944302876285093,,,341.87
48.488,-0.002711818181818166,-0.010944302876285093,,,341.87
48.492,-0.0024618181818181935,-0.010944302876285093,,,341.87
48.496,-0.0021118181818181765,-0.010864302876285068,,,341.87
48.5,-0.0016918181818182008,-0.010944302876285093,,,341.87
48.504,-0.0012618181818181593,-0.010864302876285068,,,341.87
48.508,-0.0008318181818181734,-0.010604302876285086,,,341.87
48.512,-0.0005818181818182009,-0.010524302876285061,,,341.87
48.516,-0.00015181818181815945,-0.010524302876285061,,,341.87
48.52,0.00010818181818182302,-0.010354302876285113,,,341.87
48.524,0.00044818181818183,-0.010094302876285075,,,341.87
48.528,0.000788181818181837,-0.010004302876285096,,,341.87
48.532,0.001128181818181844,-0.009754302876285068,,,341.87
48.536,0.0014781818181818054,-0.00966430287628509,,,341.87
48.54,0.0016481818181818088,-0.00966430287628509,,,341.87
48.544,0.001988181818181816,-0.009414302876285061,,,341.87
48.548,0.002418181818181802,-0.009154302876285079,,,341.87
48.552,0.002758181818181809,-0.008894302876285096,,,341.87
48.556,0.003098181818181816,-0.008724302876285093,,,341.87
48.56,0.0032681818181818194,-0.008384302876285086,,,341.87
48.564,0.003528181818181802,-0.008124302876285103,,,341.87
48.568,0.004038181818181812,-0.0079543028762851,,,341.87
48.572,0.004378181818181819,-0.007614302876285094,,,341.87
48.576,0.004548181818181823,-0.007354302876285111,,,341.87
48.58,0.00488818181818183,-0.007184302876285108,,,341.87
48.584,0.005238181818181791,-0.006844302876285101,,,341.87
48.588,0.005578181818181798,-0.006504302876285094,,,341.87
48.592,0.005828181818181826,-0.0063343028762850905,,,341.87
48.596,0.006178181818181843,-0.0059943028762850835,,,341.87
48.6,0.0064281818181818155,-0.005564302876285098,,,341.87
48.604,0.006598181818181819,-0.00530430287628506,,,341.87
48.608,0.006948181818181836,-0.005134302876285112,,,341.87
48.612,0.0071981818181818084,-0.004794302876285105,,,341.87
48.616,0.007368181818181812,-0.004364302876285063,,,341.87
48.62,0.007538181818181815,-0.003944302876285087,,,341.87
48.624,0.007798181818181798,-0.003514302876285101,,,341.87
48.628,0.008138181818181805,-0.003174302876285094,,,341.87
48.632,0.008478181818181812,-0.0029143028762851114,,,341.87
48.636,0.008648181818181815,-0.0026543028762850735,,,341.87
48.64,0.008908181818181798,-0.0023143028762850665,,,341.87
48.644,0.009078181818181801,-0.0018843028762850805,,,341.87
48.648,0.00933818181818184,-0.0014643028762851046,,,341.87
48.652,0.009418181818181808,-0.0010343028762850631,,,341.87
48.656,0.009418181818181808,-0.0006043028762850773,,,341.87
48.66,0.00967818181818179,-0.0004343028762850738,,,341.87
48.664,0.009938181818181829,-0.00026430287628507034,,,341.87
48.668,0.010188181818181801,0.00016569712371491561,,,341.87
48.672,0.010358181818181805,0.0005056971237149226,,,341.87
48.676,0.010448181818181839,0.0009356971237149085,,,341.87
48.68,0.010538181818181818,0.00135569712371494,,,341.87
48.684,0.010618181818181843,0.001875697123714905,,,341.87
48.688,0.010618181818181843,0.0022956971237149365,,,341.87
48.692,0.010618181818181843,0.00246569712371494,,,341.87
48.696,0.010618181818181843,0.0027256971237149224,,,341.87
48.7,0.010538181818181818,0.0030656971237149294,,,341.87
48.704,0.010618181818181843,0.0034956971237149153,,,341.87
48.708,0.010618181818181843,0.003755697123714898,,,341.87
48.712,0.010618181818181843,0.004005697123714925,,,341.87
48.716,0.010538181818181818,0.004355697123714887,,,341.87
48.72,0.010538181818181818,0.004605697123714915,,,341.87
48.724,0.010538181818181818,0.005035697123714901,,,341.87
48.728,0.010538181818181818,0.005295697123714939,,,341.87
48.732,0.010538181818181818,0.005545697123714911,,,341.87
48.736,0.010538181818181818,0.005885697123714918,,,341.87
48.74,0.010618181818181843,0.006145697123714901,,,341.87
48.744,0.010618181818181843,0.006405697123714939,,,341.87
48.748,0.010538181818181818,0.00674569712371489,,,341.87
48.752,0.010358181818181805,0.006995697123714918,,,341.87
48.756,0.010618181818181843,0.0071756971237149315,,,341.87
48.76,0.010538181818181818,0.0075156971237149385,,,341.87
48.764,0.010278181818181836,0.007765697123714911,,,341.87
48.768,0.010188181818181801,0.00785569712371489,,,341.87
48.772,0.010108181818181832,0.008195697123714898,,,341.87
48.776,0.009848181818181794,0.008455697123714936,,,341.87
48.78,0.00967818181818179,0.00862569712371494,,,341.87
48.784,0.009418181818181808,0.008705697123714908,,,341.87
48.788,0.009248181818181805,0.009055697123714925,,,341.87
48.792,0.008998181818181832,0.009135697123714894,,,341.87
48.796,0.008828181818181829,0.009225697123714929,,,341.87
48.8,0.008478181818181812,0.009305697123714898,,,341.87
48.804,0.008308181818181808,0.009395697123714932,,,341.87
48.808,0.008058181818181836,0.009645697123714905,,,341.87
48.812,0.007708181818181819,0.009645697123714905,,,341.87
48.816,0.007288181818181843,0.009995697123714922,,,341.87
48.82,0.0071181818181818395,0.010165697123714925,,,341.87
48.824,0.0068581818181818015,0.01007569712371489,,,341.87
48.828,0.0065181818181817945,0.010165697123714925,,,341.87
48.832,0.006178181818181843,0.010335697123714929,,,341.87
48.836,0.005658181818181823,0.010335697123714929,,,341.87
48.84,0.005318181818181816,0.010415697123714898,,,341.87
48.844,0.005148181818181812,0.010505697123714932,,,341.87
48.848,0.004808181818181805,0.010505697123714932,,,341.87
48.852,0.004468181818181798,0.010415697123714898,,,341.87
48.856,0.004128181818181791,0.010415697123714898,,,341.87
48.86,0.0036081818181818263,0.010415697123714898,,,341.87
48.864,0.0031781818181818404,0.010415697123714898,,,341.87
48.868,0.0029281818181818124,0.010415697123714898,,,341.87
48.872,0.00266818181818183,0.010505697123714932,,,341.87
48.876,0.002328181818181823,0.010765697123714914,,,341.87
48.88,0.001988181818181816,0.010675697123714935,,,341.87
48.884,0.0015581818181818299,0.010335697123714929,,,341.87
48.888,0.001128181818181844,0.009995697123714922,,,341.87
48.892,0.0007081818181818124,0.009995697123714922,,,341.87
48.896,0.0002781818181818265,0.009995697123714922,,,341.87
48.9,-6.181818181818046e-05,0.009905697123714887,,,341.87
48.904,-0.00032181818181816293,0.009645697123714905,,,341.87
48.908,-0.0004918181818181664,0.009645697123714905,,,341.87
48.912,-0.0008318181818181734,0.009475697123714901,,,341.87
48.916,-0.0013418181818181838,0.009225697123714929,,,341.87
48.92,-0.0017718181818181698,0.009055697123714925,,,341.87
48.924,-0.0021118181818181765,0.008875697123714912,,,341.87
48.928,-0.0025418181818181625,0.008875697123714912,,,341.87
48.932,-0.0028818181818181694,0.008535697123714905,,,341.87
48.936,-0.003051818181818173,0.008455697123714936,,,341.87
48.94,-0.00340181818181819,0.008195697123714898,,,341.87
48.944,-0.003741818181818197,0.008115697123714929,,,341.87
48.948,-0.004171818181818183,0.00785569712371489,,,341.87
48.952,-0.004681818181818193,0.00785569712371489,,,341.87
48.956,-0.004931818181818166,0.0075956971237149075,,,341.87
48.96,-0.005111818181818179,0.0072556971237149005,,,341.87
48.964,-0.005451818181818186,0.006995697123714918,,,341.87
48.968,-0.005791818181818193,0.00674569712371489,,,341.87
48.972,-0.0061318181818182,0.006655697123714911,,,341.87
48.976,-0.0063018181818182036,0.006405697123714939,,,341.87
48.98,-0.006641818181818155,0.006055697123714922,,,341.87
48.984,-0.006901818181818193,0.005885697123714918,,,341.87
48.988,-0.0071618181818181754,0.005545697123714911,,,341.87
48.992,-0.007501818181818182,0.005205697123714904,,,341.87
48.996,-0.007751818181818155,0.005035697123714901,,,341.87
49.0,-0.007931818181818168,0.004695697123714894,,,341.87
49.004,-0.008271818181818175,0.004265697123714908,,,341.87
49.008,-0.008611818181818182,0.004005697123714925,,,341.87
49.012,-0.008871818181818165,0.003755697123714898,,,341.87
49.016,-0.009041818181818168,0.0034056971237149364,,,341.87
49.02,-0.009121818181818193,0.002985697123714905,,,341.87
49.024,-0.009381818181818175,0.002555697123714919,,,341.87
49.028,-0.0094618181818182,0.002215697123714912,,,341.87
49.032,-0.009551818181818179,0.0019556971237149295,,,341.87
49.036,-0.009811818181818161,0.001785697123714926,,,341.87
49.04,-0.010061818181818189,0.001445697123714919,,,341.87
49.044,-0.010321818181818172,0.0009356971237149085,,,341.87
49.048,-0.010491818181818175,0.0005056971237149226,,,341.87
49.052,-0.010661818181818179,0.00016569712371491561,,,341.87
49.056,-0.010831818181818182,-0.00017430287628509135,,,341.87
49.06,-0.011001818181818186,-0.0006043028762850773,,,341.87
49.064,-0.011171818181818189,-0.0009443028762850843,,,341.87
49.068,-0.011171818181818189,-0.0010343028762850631,,,341.87
49.072,-0.011091818181818165,-0.0014643028762851046,,,341.87
49.076,-0.011091818181818165,-0.0018843028762850805,,,341.87
49.08,-0.011091818181818165,-0.0023143028762850665,,,341.87
49.084,-0.011261818181818168,-0.002744302876285108,,,341.87
49.088,-0.011521818181818206,-0.0030843028762850594,,,341.87
49.092,-0.011521818181818206,-0.0034243028762850664,,,341.87
49.096,-0.011341818181818192,-0.0036843028762851044,,,341.87
49.1,-0.011261818181818168,-0.004024302876285112,,,341.87
49.104,-0.011091818181818165,-0.004364302876285063,,,341.87
49.108,-0.010831818181818182,-0.00470430287628507,,,341.87
49.112,-0.010751818181818158,-0.005054302876285087,,,341.87
49.116,-0.010751818181818158,-0.005224302876285091,,,341.87
49.12,-0.010921818181818161,-0.005564302876285098,,,341.87
49.124,-0.011001818181818186,-0.0059943028762850835,,,341.87
49.128,-0.010661818181818179,-0.006504302876285094,,,341.87
49.132,-0.010321818181818172,-0.0067643028762850764,,,341.87
49.136,-0.010231818181818193,-0.00693430287628508,,,341.87
49.14,-0.010321818181818172,-0.007274302876285087,,,341.87
49.144,-0.010231818181818193,-0.007524302876285059,,,341.87
49.148,-0.009981818181818165,-0.007704302876285073,,,341.87
49.152,-0.009891818181818186,-0.0079543028762851,,,341.87
49.156,-0.009641818181818158,-0.008294302876285107,,,341.87
49.16,-0.009381818181818175,-0.00855430287628509,,,341.87
49.164,-0.009121818181818193,-0.008814302876285072,,,341.87
49.168,-0.009041818181818168,-0.008894302876285096,,,341.87
49.172,-0.009041818181818168,-0.009234302876285103,,,341.87
49.176,-0.008701818181818161,-0.009584302876285065,,,341.87
49.18,-0.008441818181818179,-0.009834302876285093,,,341.87
49.184,-0.008181818181818196,-0.010094302876285075,,,341.87
49.188,-0.007931818181818168,-0.010094302876285075,,,341.87
49.192,-0.007751818181818155,-0.010354302876285113,,,341.87
49.196,-0.007411818181818203,-0.010774302876285089,,,341.87
49.2,-0.0070718181818181965,-0.010774302876285089,,,341.87
49.204,-0.006901818181818193,-0.010864302876285068,,,341.87
49.208,-0.006641818181818155,-0.011034302876285072,,,341.87
49.212,-0.0063918181818181825,-0.01129430287628511,,,341.87
49.216,-0.0061318181818182,-0.01129430287628511,,,341.87
49.22,-0.005791818181818193,-0.01129430287628511,,,341.87
49.224,-0.005451818181818186,-0.01129430287628511,,,341.87
49.228,-0.005111818181818179,-0.01129430287628511,,,341.87
49.232,-0.004851818181818197,-0.01129430287628511,,,341.87
49.236,-0.00451181818181819,-0.01129430287628511,,,341.87
49.24,-0.004171818181818183,-0.01129430287628511,,,341.87
49.244,-0.0036518181818181623,-0.01129430287628511,,,341.87
49.248,-0.0032318181818181864,-0.01129430287628511,,,341.87
49.252,-0.003051818181818173,-0.01129430287628511,,,341.87
49.256,-0.0028018181818182004,-0.01129430287628511,,,341.87
49.26,-0.0024618181818181935,-0.011204302876285075,,,341.87
49.264,-0.0021118181818181765,-0.011034302876285072,,,341.87
49.268,-0.0017718181818181698,-0.010944302876285093,,,341.87
49.272,-0.0014318181818181628,-0.010864302876285068,,,341.87
49.276,-0.0011718181818181803,-0.010864302876285068,,,341.87
49.28,-0.0008318181818181734,-0.010604302876285086,,,341.87
49.284,-0.0005818181818182009,-0.010524302876285061,,,341.87
49.288,-6.181818181818046e-05,-0.010524302876285061,,,341.87
49.292,0.00044818181818183,-0.010264302876285079,,,341.87
49.296,0.0008781818181818159,-0.0101743028762851,,,341.87
49.3,0.001128181818181844,-0.010004302876285096,,,341.87
49.304,0.0012981818181817919,-0.009754302876285068,,,341.87
49.308,0.0016481818181818088,-0.009584302876285065,,,341.87
49.312,0.001988181818181816,-0.009324302876285082,,,341.87
49.316,0.002418181818181802,-0.009234302876285103,,,341.87
49.32,0.00266818181818183,-0.008984302876285075,,,341.87
49.324,0.0028381818181818334,-0.008814302876285072,,,341.87
49.328,0.0031781818181818404,-0.00855430287628509,,,341.87
49.332,0.0036981818181818053,-0.008384302876285086,,,341.87
49.336,0.004038181818181812,-0.008044302876285079,,,341.87
49.34,0.004128181818181791,-0.007614302876285094,,,341.87
49.344,0.004468181818181798,-0.007354302876285111,,,341.87
49.348,0.004808181818181805,-0.007104302876285083,,,341.87
49.352,0.005148181818181812,-0.0067643028762850764,,,341.87
49.356,0.005408181818181795,-0.006504302876285094,,,341.87
49.36,0.005748181818181802,-0.0062443028762851115,,,341.87
49.364,0.00600818181818184,-0.0059043028762851045,,,341.87
49.368,0.006178181818181843,-0.005564302876285098,,,341.87
49.372,0.0065181818181817945,-0.00530430287628506,,,341.87
49.376,0.0067681818181818225,-0.005134302876285112,,,341.87
49.38,0.006948181818181836,-0.004794302876285105,,,341.87
49.384,0.007288181818181843,-0.004364302876285063,,,341.87
49.388,0.007628181818181794,-0.003944302876285087,,,341.87
49.392,0.007798181818181798,-0.003514302876285101,,,341.87
49.396,0.008138181818181805,-0.003254302876285063,,,341.87
49.4,0.008398181818181843,-0.0030843028762850594,,,341.87
49.404,0.00856818181818179,-0.002744302876285108,,,341.87
49.408,0.008738181818181794,-0.0022343028762850975,,,341.87
49.412,0.008998181818181832,-0.0018043028762851116,,,341.87
49.416,0.009248181818181805,-0.0014643028762851046,,,341.87
49.42,0.009508181818181843,-0.0011143028762850876,,,341.87
49.424,0.009768181818181825,-0.0007743028762850808,,,341.87
49.428,0.009768181818181825,-0.0005243028762851083,,,341.87
49.432,0.009848181818181794,-0.00017430287628509135,,,341.87
49.436,0.010108181818181832,0.00016569712371491561,,,341.87
49.44,0.010278181818181836,0.0005856971237148916,,,341.87
49.444,0.010538181818181818,0.0010156971237149331,,,341.87
49.448,0.010618181818181843,0.00135569712371494,,,341.87
49.452,0.010618181818181843,0.001445697123714919,,,341.87
49.456,0.010618181818181843,0.0017056971237149015,,,341.87
49.46,0.010878181818181825,0.002215697123714912,,,341.87
49.464,0.010878181818181825,0.002645697123714898,,,341.87
49.468,0.010708181818181822,0.0030656971237149294,,,341.87
49.472,0.010618181818181843,0.0034056971237149364,,,341.87
49.476,0.010618181818181843,0.0035856971237148943,,,341.87
49.48,0.010878181818181825,0.003925697123714901,,,341.87
49.484,0.010958181818181794,0.004265697123714908,,,341.87
49.488,0.010958181818181794,0.004695697123714894,,,341.87
49.492,0.010958181818181794,0.004945697123714922,,,341.87
49.496,0.010878181818181825,0.005205697123714904,,,341.87
49.5,0.010708181818181822,0.005545697123714911,,,341.87
49.504,0.010708181818181822,0.005715697123714915,,,341.87
49.508,0.010618181818181843,0.005885697123714918,,,341.87
49.512,0.010538181818181818,0.006315697123714904,,,341.87
49.516,0.010618181818181843,0.006655697123714911,,,341.87
49.52,0.010618181818181843,0.0068256971237149145,,,341.87
49.524,0.010618181818181843,0.0071756971237149315,,,341.87
49.528,0.010448181818181839,0.0075156971237149385,,,341.87
49.532,0.010188181818181801,0.0075956971237149075,,,341.87
49.536,0.010188181818181801,0.007765697123714911,,,341.87
49.54,0.010108181818181832,0.008025697123714894,,,341.87
49.544,0.009848181818181794,0.008365697123714901,,,341.87
49.548,0.00967818181818179,0.008705697123714908,,,341.87
49.552,0.009418181818181808,0.008875697123714912,,,341.87
49.556,0.00933818181818184,0.009055697123714925,,,341.87
49.56,0.009078181818181801,0.009055697123714925,,,341.87
49.564,0.008908181818181798,0.009395697123714932,,,341.87
49.568,0.00856818181818179,0.009475697123714901,,,341.87
49.572,0.00822818181818184,0.009645697123714905,,,341.87
49.576,0.008138181818181805,0.009815697123714908,,,341.87
49.58,0.007708181818181819,0.009735697123714939,,,341.87
49.584,0.007368181818181812,0.009815697123714908,,,341.87
49.588,0.0071981818181818084,0.009905697123714887,,,341.87
49.592,0.0068581818181818015,0.009995697123714922,,,341.87
49.596,0.0064281818181818155,0.01007569712371489,,,341.87
49.6,0.006178181818181843,0.010335697123714929,,,341.87
49.604,0.00600818181818184,0.010415697123714898,,,341.87
49.608,0.005658181818181823,0.010505697123714932,,,341.87
49.612,0.005318181818181816,0.010415697123714898,,,341.87
49.616,0.004808181818181805,0.010415697123714898,,,341.87
49.62,0.004378181818181819,0.010415697123714898,,,341.87
49.624,0.004128181818181791,0.010415697123714898,,,341.87
49.628,0.003868181818181809,0.010415697123714898,,,341.87
49.632,0.003528181818181802,0.010415697123714898,,,341.87
49.636,0.0032681818181818194,0.010505697123714932,,,341.87
49.64,0.002758181818181809,0.010505697123714932,,,341.87
49.644,0.002328181818181823,0.010415697123714898,,,341.87
49.648,0.0018981818181818368,0.010415697123714898,,,341.87
49.652,0.0014781818181818054,0.010415697123714898,,,341.87
49.656,0.001128181818181844,0.010415697123714898,,,341.87
49.66,0.0008781818181818159,0.01007569712371489,,,341.87
49.664,0.0007081818181818124,0.009995697123714922,,,341.87
49.668,0.0003581818181817955,0.009995697123714922,,,341.87
49.672,-6.181818181818046e-05,0.009905697123714887,,,341.87
49.676,-0.0004918181818181664,0.009735697123714939,,,341.87
49.68,-0.0009218181818182079,0.009475697123714901,,,341.87
49.684,-0.0012618181818181593,0.009225697123714929,,,341.87
49.688,-0.0016018181818181663,0.009305697123714898,,,341.87
49.692,-0.0020318181818182075,0.009305697123714898,,,341.87
49.696,-0.002371818181818159,0.00896569712371489,,,341.87
49.7,-0.0025418181818181625,0.00896569712371489,,,341.87
49.704,-0.0028818181818181694,0.00862569712371494,,,341.87
49.708,-0.0033118181818181554,0.00862569712371494,,,341.87
49.712,-0.003741818181818197,0.008285697123714932,,,341.87
49.716,-0.004171818181818183,0.008025697123714894,,,341.87
49.72,-0.004421818181818155,0.00785569712371489,,,341.87
49.724,-0.004681818181818193,0.0075956971237149075,,,341.87
49.728,-0.0050218181818182,0.0075156971237149385,,,341.87
49.732,-0.005361818181818207,0.0071756971237149315,,,341.87
49.736,-0.00562181818181819,0.0069156971237148935,,,341.87
49.74,-0.005791818181818193,0.006655697123714911,,,341.87
49.744,-0.0061318181818182,0.006315697123714904,,,341.87
49.748,-0.006471818181818207,0.006055697123714922,,,341.87
49.752,-0.006641818181818155,0.005805697123714894,,,341.87
49.756,-0.006991818181818172,0.005465697123714887,,,341.87
49.76,-0.007331818181818179,0.005205697123714904,,,341.87
49.764,-0.007581818181818207,0.005035697123714901,,,341.87
49.768,-0.007931818181818168,0.004695697123714894,,,341.87
49.772,-0.008181818181818196,0.004435697123714911,,,341.87
49.776,-0.008271818181818175,0.004175697123714929,,,341.87
49.78,-0.008701818181818161,0.0038356971237149223,,,341.87
49.784,-0.009041818181818168,0.0034056971237149364,,,341.87
49.788,-0.009121818181818193,0.0030656971237149294,,,341.87
49.792,-0.009121818181818193,0.0028156971237149014,,,341.87
49.796,-0.009381818181818175,0.002645697123714898,,,341.87
49.8,-0.0094618181818182,0.0022956971237149365,,,341.87
49.804,-0.009721818181818182,0.001785697123714926,,,341.87
49.808,-0.009981818181818165,0.00135569712371494,,,341.87
49.812,-0.010231818181818193,0.0009356971237149085,,,341.87
49.816,-0.010491818181818175,0.0005056971237149226,,,341.87
49.82,-0.010751818181818158,0.0002456971237149401,,,341.87
49.824,-0.010921818181818161,-4.302876285087868e-06,,,341.87
49.828,-0.011091818181818165,-0.00035430287628510483,,,341.87
49.832,-0.011091818181818165,-0.0006043028762850773,,,341.87
49.836,-0.011091818181818165,-0.0010343028762850631,,,341.87
49.84,-0.011171818181818189,-0.0014643028762851046,,,341.87
49.844,-0.011171818181818189,-0.0018843028762850805,,,341.87
49.848,-0.011171818181818189,-0.0022343028762850975,,,341.87
49.852,-0.011341818181818192,-0.0025743028762851045,,,341.87
49.856,-0.011521818181818206,-0.002824302876285077,,,341.87
49.86,-0.011521818181818206,-0.003174302876285094,,,341.87
49.864,-0.011521818181818206,-0.00359430287628507,,,341.87
49.868,-0.011521818181818206,-0.003944302876285087,,,341.87
49.872,-0.011431818181818171,-0.00419430287628506,,,341.87
49.876,-0.011261818181818168,-0.004364302876285063,,,341.87
49.88,-0.011091818181818165,-0.00470430287628507,,,341.87
49.884,-0.010831818181818182,-0.005224302876285091,,,341.87
49.888,-0.010751818181818158,-0.0056443028762850666,,,341.87
49.892,-0.010751818181818158,-0.0059943028762850835,,,341.87
49.896,-0.010751818181818158,-0.0062443028762851115,,,341.87
49.9,-0.010751818181818158,-0.0064143028762850595,,,341.87
49.904,-0.010401818181818196,-0.0067643028762850764,,,341.87
49.908,-0.010231818181818193,-0.007104302876285083,,,341.87
49.912,-0.010151818181818168,-0.007354302876285111,,,341.87
49.916,-0.009891818181818186,-0.007704302876285073,,,341.87
49.92,-0.009891818181818186,-0.008044302876285079,,,341.87
49.924,-0.009811818181818161,-0.008294302876285107,,,341.87
49.928,-0.009551818181818179,-0.008474302876285065,,,341.87
49.932,-0.0094618181818182,-0.008724302876285093,,,341.87
49.936,-0.009211818181818172,-0.008894302876285096,,,341.87
49.94,-0.009041818181818168,-0.009154302876285079,,,341.87
49.944,-0.008611818181818182,-0.009414302876285061,,,341.87
49.948,-0.008271818181818175,-0.00966430287628509,,,341.87
49.952,-0.008181818181818196,-0.009754302876285068,,,341.87
49.956,-0.007931818181818168,-0.010004302876285096,,,341.87
49.96,-0.007671818181818186,-0.010094302876285075,,,341.87
49.964,-0.007411818181818203,-0.010434302876285082,,,341.87
49.968,-0.0072418181818182,-0.010604302876285086,,,341.87
49.972,-0.006991818181818172,-0.010774302876285089,,,341.87
49.976,-0.006641818181818155,-0.011034302876285072,,,341.87
49.98,-0.0063918181818181825,-0.01129430287628511,,,341.87
49.984,-0.006221818181818179,-0.01129430287628511,,,341.87
49.988,-0.005871818181818162,-0.011204302876285075,,,341.87
49.992,-0.005361818181818207,-0.011204302876285075,,,341.87
49.996,-0.0050218181818182,-0.01129430287628511,,,341.87
50.0,-0.004851818181818197,-0.011464302876285113,,,341.87
50.004,-0.00451181818181819,-0.011714302876285086,,,341.87
50.008,-0.004171818181818183,-0.011714302876285086,,,341.87
50.012,-0.003821818181818166,-0.011714302876285086,,,341.87
50.016,-0.003481818181818159,-0.011714302876285086,,,341.87
50.02,-0.0032318181818181864,-0.011714302876285086,,,341.87
50.024,-0.0028818181818181694,-0.011464302876285113,,,341.87
50.028,-0.0025418181818181625,-0.011204302876285075,,,341.87
50.032,-0.0021118181818181765,-0.010944302876285093,,,341.87
50.036,-0.0016918181818182008,-0.010864302876285068,,,341.87
50.04,-0.0014318181818181628,-0.010864302876285068,,,341.87
50.044,-0.0012618181818181593,-0.010864302876285068,,,341.87
50.048,-0.0009218181818182079,-0.010864302876285068,,,341.87
50.052,-0.0004018181818181874,-0.010604302876285086,,,341.87
50.056,1.8181818181844034e-05,-0.010524302876285061,,,341.87
50.06,0.0003581818181817955,-0.010434302876285082,,,341.87
50.064,0.0006181818181818335,-0.0101743028762851,,,341.87
50.068,0.0008781818181818159,-0.010094302876285075,,,341.87
50.072,0.001218181818181823,-0.009924302876285072,,,341.87
50.076,0.0015581818181818299,-0.009754302876285068,,,341.87
50.08,0.0020681818181818405,-0.00966430287628509,,,341.87
50.084,0.002418181818181802,-0.009414302876285061,,,341.87
50.088,0.00266818181818183,-0.009154302876285079,,,341.87
50.092,0.0028381818181818334,-0.008814302876285072,,,341.87
50.096,0.0031781818181818404,-0.00855430287628509,,,341.87
50.1,0.003528181818181802,-0.008384302876285086,,,341.87
50.104,0.003948181818181833,-0.008124302876285103,,,341.87
50.108,0.004208181818181816,-0.0079543028762851,,,341.87
50.112,0.004548181818181823,-0.007614302876285094,,,341.87
50.116,0.00488818181818183,-0.007354302876285111,,,341.87
50.12,0.005148181818181812,-0.007104302876285083,,,341.87
50.124,0.005408181818181795,-0.0067643028762850764,,,341.87
50.128,0.005748181818181802,-0.0064143028762850595,,,341.87
50.132,0.0060881818181818086,-0.006164302876285087,,,341.87
50.136,0.006258181818181812,-0.0059943028762850835,,,341.87
50.14,0.006598181818181819,-0.0056443028762850666,,,341.87
50.144,0.0068581818181818015,-0.005224302876285091,,,341.87
50.148,0.006948181818181836,-0.004794302876285105,,,341.87
50.152,0.007288181818181843,-0.004454302876285098,,,341.87
50.156,0.007628181818181794,-0.004284302876285094,,,341.87
50.16,0.007888181818181832,-0.003944302876285087,,,341.87
50.164,0.008138181818181805,-0.00359430287628507,,,341.87
50.168,0.008308181818181808,-0.0030843028762850594,,,341.87
50.172,0.00856818181818179,-0.0026543028762850735,,,341.87
50.176,0.008828181818181829,-0.0023143028762850665,,,341.87
50.18,0.009078181818181801,-0.0019743028762850595,,,341.87
50.184,0.00933818181818184,-0.001714302876285077,,,341.87
50.188,0.009418181818181808,-0.00137430287628507,,,341.87
50.192,0.00967818181818179,-0.0010343028762850631,,,341.87
50.196,0.009768181818181825,-0.0006943028762851118,,,341.87
50.2,0.009938181818181829,-0.00017430287628509135,,,341.87
50.204,0.010278181818181836,0.0002456971237149401,,,341.87
50.208,0.010278181818181836,0.0005856971237148916,,,341.87
50.212,0.010278181818181836,0.0008456971237149295,,,341.87
50.216,0.010538181818181818,0.0010156971237149331,,,341.87
50.22,0.010618181818181843,0.00135569712371494,,,341.87
50.224,0.010618181818181843,0.001785697123714926,,,341.87
50.228,0.010618181818181843,0.002215697123714912,,,341.87
50.232,0.010618181818181843,0.002645697123714898,,,341.87
50.236,0.010618181818181843,0.002895697123714926,,,341.87
50.24,0.010708181818181822,0.0030656971237149294,,,341.87
50.244,0.010708181818181822,0.0034056971237149364,,,341.87
50.248,0.010708181818181822,0.0038356971237149223,,,341.87
50.252,0.010958181818181794,0.004265697123714908,,,341.87
50.256,0.010958181818181794,0.004605697123714915,,,341.87
50.26,0.010958181818181794,0.004775697123714918,,,341.87
50.264,0.010878181818181825,0.005115697123714925,,,341.87
50.268,0.010618181818181843,0.005465697123714887,,,341.87
50.272,0.010618181818181843,0.005805697123714894,,,341.87
50.276,0.010618181818181843,0.005975697123714897,,,341.87
50.28,0.010618181818181843,0.006315697123714904,,,341.87
50.284,0.010538181818181818,0.006655697123714911,,,341.87
50.288,0.010448181818181839,0.0068256971237149145,,,341.87
50.292,0.010278181818181836,0.0071756971237149315,,,341.87
50.296,0.010358181818181805,0.007345697123714935,,,341.87
50.3,0.010358181818181805,0.007425697123714904,,,341.87
50.304,0.010188181818181801,0.00785569712371489,,,341.87
50.308,0.010108181818181832,0.008115697123714929,,,341.87
50.312,0.009848181818181794,0.008455697123714936,,,341.87
50.316,0.009848181818181794,0.008705697123714908,,,341.87
50.32,0.00967818181818179,0.008875697123714912,,,341.87
50.324,0.009418181818181808,0.009135697123714894,,,341.87
50.328,0.009248181818181805,0.009135697123714894,,,341.87
50.332,0.008908181818181798,0.009135697123714894,,,341.87
50.336,0.008648181818181815,0.009135697123714894,,,341.87
50.34,0.008398181818181843,0.009225697123714929,,,341.87
50.344,0.008058181818181836,0.009305697123714898,,,341.87
50.348,0.007798181818181798,0.009395697123714932,,,341.87
50.352,0.007628181818181794,0.009735697123714939,,,341.87
50.356,0.007368181818181812,0.010245697123714894,,,341.87
50.36,0.006948181818181836,0.010245697123714894,,,341.87
50.364,0.006688181818181798,0.010245697123714894,,,341.87
50.368,0.0064281818181818155,0.010415697123714898,,,341.87
50.372,0.00600818181818184,0.010415697123714898,,,341.87
50.376,0.005578181818181798,0.010415697123714898,,,341.87
50.38,0.005238181818181791,0.010415697123714898,,,341.87
50.384,0.004978181818181809,0.010415697123714898,,,341.87
50.388,0.004808181818181805,0.010415697123714898,,,341.87
50.392,0.004468181818181798,0.010415697123714898,,,341.87
50.396,0.004038181818181812,0.010505697123714932,,,341.87
50.4,0.0036981818181818053,0.010415697123714898,,,341.87
50.404,0.0033581818181817984,0.010415697123714898,,,341.87
50.408,0.0029281818181818124,0.010415697123714898,,,341.87
50.412,0.0025881818181818055,0.010415697123714898,,,341.87
50.416,0.002418181818181802,0.010505697123714932,,,341.87
50.42,0.0020681818181818405,0.010505697123714932,,,341.87
50.424,0.0015581818181818299,0.010585697123714901,,,341.87
50.428,0.001128181818181844,0.010335697123714929,,,341.87
50.432,0.000788181818181837,0.01007569712371489,,,341.87
50.436,0.0003581818181817955,0.01007569712371489,,,341.87
50.44,-6.181818181818046e-05,0.009905697123714887,,,341.87
50.444,-0.0004018181818181874,0.009565697123714936,,,341.87
50.448,-0.0007518181818182044,0.009395697123714932,,,341.87
50.452,-0.0010018181818181769,0.009305697123714898,,,341.87
50.456,-0.0013418181818181838,0.009225697123714929,,,341.87
50.46,-0.0016918181818182008,0.009225697123714929,,,341.87
50.464,-0.0022018181818181555,0.00896569712371489,,,341.87
50.468,-0.002631818181818197,0.008875697123714912,,,341.87
50.472,-0.002971818181818204,0.008795697123714887,,,341.87
50.476,-0.0033118181818181554,0.008535697123714905,,,341.87
50.48,-0.0036518181818181623,0.008285697123714932,,,341.87
50.484,-0.0039118181818182,0.008025697123714894,,,341.87
50.488,-0.004251818181818207,0.007935697123714915,,,341.87
50.492,-0.004591818181818159,0.00785569712371489,,,341.87
50.496,-0.004851818181818197,0.0075956971237149075,,,341.87
50.5,-0.0050218181818182,0.0072556971237149005,,,341.87
50.504,-0.005361818181818207,0.007085697123714897,,,341.87
50.508,-0.005791818181818193,0.0068256971237149145,,,341.87
50.512,-0.0061318181818182,0.006655697123714911,,,341.87
50.516,-0.0063918181818181825,0.006315697123714904,,,341.87
50.52,-0.0067318181818181895,0.006055697123714922,,,341.87
50.524,-0.006991818181818172,0.005885697123714918,,,341.87
50.528,-0.0071618181818181754,0.005545697123714911,,,341.87
50.532,-0.007501818181818182,0.005035697123714901,,,341.87
50.536,-0.007751818181818155,0.004695697123714894,,,341.87
50.54,-0.008011818181818193,0.00452569712371489,,,341.87
50.544,-0.008271818181818175,0.004175697123714929,,,341.87
50.548,-0.0083518181818182,0.003925697123714901,,,341.87
50.552,-0.008701818181818161,0.0038356971237149223,,,341.87
50.556,-0.00895181818181819,0.0034956971237149153,,,341.87
50.56,-0.009211818181818172,0.002985697123714905,,,341.87
50.564,-0.0094618181818182,0.002555697123714919,,,341.87
50.568,-0.0094618181818182,0.002215697123714912,,,341.87
50.572,-0.009641818181818158,0.001785697123714926,,,341.87
50.576,-0.009981818181818165,0.001445697123714919,,,341.87
50.58,-0.010061818181818189,0.00135569712371494,,,341.87
50.584,-0.010061818181818189,0.0010156971237149331,,,341.87
50.588,-0.010401818181818196,0.0006756971237149261,,,341.87
50.592,-0.010661818181818179,0.0002456971237149401,,,341.87
50.596,-0.010661818181818179,-0.00035430287628510483,,,341.87
50.6,-0.010751818181818158,-0.0007743028762850808,,,341.87
50.604,-0.011001818181818186,-0.0012043028762850666,,,341.87
50.608,-0.011001818181818186,-0.0012043028762850666,,,341.87
50.612,-0.011001818181818186,-0.0014643028762851046,,,341.87
50.616,-0.011091818181818165,-0.0018843028762850805,,,341.87
50.62,-0.011171818181818189,-0.0023143028762850665,,,341.87
50.624,-0.011261818181818168,-0.002744302876285108,,,341.87
50.628,-0.011341818181818192,-0.0030843028762850594,,,341.87
50.632,-0.011171818181818189,-0.003514302876285101,,,341.87
50.636,-0.011091818181818165,-0.003854302876285108,,,341.87
50.64,-0.011001818181818186,-0.003944302876285087,,,341.87
50.644,-0.010921818181818161,-0.004364302876285063,,,341.87
50.648,-0.010751818181818158,-0.004794302876285105,,,341.87
50.652,-0.010751818181818158,-0.005224302876285091,,,341.87
50.656,-0.010831818181818182,-0.005564302876285098,,,341.87
50.66,-0.010751818181818158,-0.0056443028762850666,,,341.87
50.664,-0.01058181818181821,-0.0059943028762850835,,,341.87
50.668,-0.010321818181818172,-0.0063343028762850905,,,341.87
50.672,-0.010321818181818172,-0.0067643028762850764,,,341.87
50.676,-0.010321818181818172,-0.007104302876285083,,,341.87
50.68,-0.010231818181818193,-0.007274302876285087,,,341.87
50.684,-0.010061818181818189,-0.007614302876285094,,,341.87
50.688,-0.009891818181818186,-0.007874302876285075,,,341.87
50.692,-0.009811818181818161,-0.008124302876285103,,,341.87
50.696,-0.009551818181818179,-0.008384302876285086,,,341.87
50.7,-0.009381818181818175,-0.00855430287628509,,,341.87
50.704,-0.009121818181818193,-0.008814302876285072,,,341.87
50.708,-0.009041818181818168,-0.009154302876285079,,,341.87
50.712,-0.008871818181818165,-0.009324302876285082,,,341.87
50.716,-0.008611818181818182,-0.009584302876285065,,,341.87
50.72,-0.008181818181818196,-0.009834302876285093,,,341.87
50.724,-0.007931818181818168,-0.010354302876285113,,,341.87
50.728,-0.00784181818181819,-0.010524302876285061,,,341.87
50.732,-0.007581818181818207,-0.010604302876285086,,,341.87
50.736,-0.007411818181818203,-0.010944302876285093,,,341.87
50.74,-0.0070718181818181965,-0.011034302876285072,,,341.87
50.744,-0.0067318181818181895,-0.011034302876285072,,,341.87
50.748,-0.006561818181818186,-0.01129430287628511,,,341.87
50.752,-0.006221818181818179,-0.011374302876285079,,,341.87
50.756,-0.005791818181818193,-0.011374302876285079,,,341.87
50.76,-0.005531818181818155,-0.011374302876285079,,,341.87
50.764,-0.005361818181818207,-0.011374302876285079,,,341.87
50.768,-0.0050218181818182,-0.011464302876285113,,,341.87
50.772,-0.00451181818181819,-0.011634302876285061,,,341.87
50.776,-0.004171818181818183,-0.011634302876285061,,,341.87
50.78,-0.003991818181818169,-0.011634302876285061,,,341.87
50.784,-0.003741818181818197,-0.011714302876285086,,,341.87
50.788,-0.0033118181818181554,-0.011804302876285064,,,341.87
50.792,-0.0028818181818181694,-0.011714302876285086,,,341.87
50.796,-0.002631818181818197,-0.011634302876285061,,,341.87
50.8,-0.00229181818181819,-0.01129430287628511,,,341.87
50.804,-0.0020318181818182075,-0.010944302876285093,,,341.87
50.808,-0.0016918181818182008,-0.010944302876285093,,,341.87
50.812,-0.0013418181818181838,-0.010944302876285093,,,341.87
50.816,-0.0010018181818181769,-0.010864302876285068,,,341.87
50.82,-0.0005818181818182009,-0.010604302876285086,,,341.87
50.824,-0.00023181818181818394,-0.010524302876285061,,,341.87
50.828,1.8181818181844034e-05,-0.010354302876285113,,,341.87
50.832,0.0003581818181817955,-0.010094302876285075,,,341.87
50.836,0.0007081818181818124,-0.010004302876285096,,,341.87
50.84,0.001128181818181844,-0.010004302876285096,,,341.87
50.844,0.0015581818181818299,-0.009754302876285068,,,341.87
50.848,0.0018181818181818123,-0.00966430287628509,,,341.87
50.852,0.001988181818181816,-0.009414302876285061,,,341.87
50.856,0.002328181818181823,-0.009234302876285103,,,341.87
50.86,0.002758181818181809,-0.008984302876285075,,,341.87
50.864,0.0031781818181818404,-0.008724302876285093,,,341.87
50.868,0.003528181818181802,-0.008384302876285086,,,341.87
50.872,0.0036981818181818053,-0.008124302876285103,,,341.87
50.876,0.004038181818181812,-0.0079543028762851,,,341.87
50.88,0.004468181818181798,-0.007614302876285094,,,341.87
50.884,0.004718181818181826,-0.007354302876285111,,,341.87
50.888,0.004978181818181809,-0.007184302876285108,,,341.87
50.892,0.005318181818181816,-0.006844302876285101,,,341.87
50.896,0.005578181818181798,-0.006504302876285094,,,341.87
50.9,0.005748181818181802,-0.0063343028762850905,,,341.87
50.904,0.0060881818181818086,-0.0059943028762850835,,,341.87
50.908,0.006348181818181791,-0.005564302876285098,,,341.87
50.912,0.006598181818181819,-0.005134302876285112,,,341.87
50.916,0.006948181818181836,-0.00470430287628507,,,341.87
50.92,0.0071981818181818084,-0.004534302876285067,,,341.87
50.924,0.007458181818181791,-0.004284302876285094,,,341.87
50.928,0.007798181818181798,-0.003944302876285087,,,341.87
50.932,0.008058181818181836,-0.003514302876285101,,,341.87
50.936,0.008138181818181805,-0.003174302876285094,,,341.87
50.94,0.008398181818181843,-0.0029143028762851114,,,341.87
50.944,0.008648181818181815,-0.0025743028762851045,,,341.87
50.948,0.008908181818181798,-0.0019743028762850595,,,341.87
50.952,0.008998181818181832,-0.0018043028762851116,,,341.87
50.956,0.009248181818181805,-0.0014643028762851046,,,341.87
50.96,0.009418181818181808,-0.0010343028762850631,,,341.87
50.964,0.009588181818181812,-0.0006043028762850773,,,341.87
50.968,0.00967818181818179,-0.00026430287628507034,,,341.87
50.972,0.009938181818181829,-4.302876285087868e-06,,,341.87
50.976,0.010188181818181801,0.00016569712371491561,,,341.87
50.98,0.010358181818181805,0.0005056971237149226,,,341.87
50.984,0.010448181818181839,0.0009356971237149085,,,341.87
50.988,0.010538181818181818,0.00135569712371494,,,341.87
50.992,0.010618181818181843,0.001875697123714905,,,341.87
50.996,0.010618181818181843,0.0022956971237149365,,,341.87
51.0,0.010618181818181843,0.00246569712371494,,,341.87
51.004,0.010538181818181818,0.0027256971237149224,,,341.87
51.008,0.010618181818181843,0.0030656971237149294,,,341.87
51.012,0.010618181818181843,0.0034956971237149153,,,341.87
51.016,0.010618181818181843,0.0038356971237149223,,,341.87
51.02,0.010538181818181818,0.004175697123714929,,,341.87
51.024,0.010538181818181818,0.004435697123714911,,,341.87
51.028,0.010618181818181843,0.004775697123714918,,,341.87
51.032,0.010618181818181843,0.005115697123714925,,,341.87
51.036,0.010618181818181843,0.005465697123714887,,,341.87
51.04,0.010538181818181818,0.005545697123714911,,,341.87
51.044,0.010538181818181818,0.005885697123714918,,,341.87
51.048,0.010618181818181843,0.006145697123714901,,,341.87
51.052,0.010618181818181843,0.006405697123714939,,,341.87
51.056,0.010538181818181818,0.00674569712371489,,,341.87
51.06,0.010278181818181836,0.006995697123714918,,,341.87
51.064,0.010278181818181836,0.0072556971237149005,,,341.87
51.068,0.010448181818181839,0.0075956971237149075,,,341.87
51.072,0.010278181818181836,0.00785569712371489,,,341.87
51.076,0.010108181818181832,0.008115697123714929,,,341.87
51.08,0.009848181818181794,0.008365697123714901,,,341.87
51.084,0.009848181818181794,0.008455697123714936,,,341.87
51.088,0.009768181818181825,0.008705697123714908,,,341.87
51.092,0.009508181818181843,0.008795697123714887,,,341.87
51.096,0.009248181818181805,0.009055697123714925,,,341.87
51.1,0.008908181818181798,0.009225697123714929,,,341.87
51.104,0.008648181818181815,0.009475697123714901,,,341.87
51.108,0.00856818181818179,0.009565697123714936,,,341.87
51.112,0.00822818181818184,0.009645697123714905,,,341.87
51.116,0.007888181818181832,0.009905697123714887,,,341.87
51.12,0.007708181818181819,0.009995697123714922,,,341.87
51.124,0.007368181818181812,0.009995697123714922,,,341.87
51.128,0.007028181818181805,0.009995697123714922,,,341.87
51.132,0.0068581818181818015,0.009905697123714887,,,341.87
51.136,0.0065181818181817945,0.01007569712371489,,,341.87
51.14,0.0060881818181818086,0.010415697123714898,,,341.87
51.144,0.005828181818181826,0.010675697123714935,,,341.87
51.148,0.005578181818181798,0.010845697123714939,,,341.87
51.152,0.005238181818181791,0.010845697123714939,,,341.87
51.156,0.00488818181818183,0.010765697123714914,,,341.87
51.16,0.004468181818181798,0.010585697123714901,,,341.87
51.164,0.004038181818181812,0.010415697123714898,,,341.87
51.168,0.00377818181818183,0.010415697123714898,,,341.87
51.172,0.003528181818181802,0.010415697123714898,,,341.87
51.176,0.0031781818181818404,0.010415697123714898,,,341.87
51.18,0.002758181818181809,0.010415697123714898,,,341.87
51.184,0.002328181818181823,0.010505697123714932,,,341.87
51.188,0.001988181818181816,0.010505697123714932,,,341.87
51.192,0.0016481818181818088,0.010335697123714929,,,341.87
51.196,0.0013881818181818264,0.01007569712371489,,,341.87
51.2,0.001128181818181844,0.01007569712371489,,,341.87
51.204,0.0007081818181818124,0.010165697123714925,,,341.87
51.208,0.0002781818181818265,0.010245697123714894,,,341.87
51.212,-6.181818181818046e-05,0.009815697123714908,,,341.87
51.216,-0.0004018181818181874,0.009565697123714936,,,341.87
51.22,-0.0007518181818182044,0.009475697123714901,,,341.87
51.224,-0.0011718181818181803,0.009395697123714932,,,341.87
51.228,-0.0016918181818182008,0.009225697123714929,,,341.87
51.232,-0.0018618181818182043,0.009135697123714894,,,341.87
51.236,-0.0022018181818181555,0.008875697123714912,,,341.87
51.24,-0.002631818181818197,0.008705697123714908,,,341.87
51.244,-0.0028818181818181694,0.008455697123714936,,,341.87
51.248,-0.0033118181818181554,0.008285697123714932,,,341.87
51.252,-0.0036518181818181623,0.008025697123714894,,,341.87
51.256,-0.003991818181818169,0.008025697123714894,,,341.87
51.26,-0.004251818181818207,0.007935697123714915,,,341.87
51.264,-0.004591818181818159,0.0076856971237148864,,,341.87
51.268,-0.0050218181818182,0.0075156971237149385,,,341.87
51.272,-0.005281818181818183,0.007085697123714897,,,341.87
51.276,-0.005451818181818186,0.00674569712371489,,,341.87
51.28,-0.005791818181818193,0.006655697123714911,,,341.87
51.284,-0.006221818181818179,0.006315697123714904,,,341.87
51.288,-0.006471818181818207,0.006055697123714922,,,341.87
51.292,-0.0067318181818181895,0.005885697123714918,,,341.87
51.296,-0.0070718181818181965,0.00563569712371489,,,341.87
51.3,-0.007331818181818179,0.005375697123714908,,,341.87
51.304,-0.007501818181818182,0.005035697123714901,,,341.87
51.308,-0.00784181818181819,0.004695697123714894,,,341.87
51.312,-0.008101818181818172,0.004265697123714908,,,341.87
51.316,-0.0083518181818182,0.004005697123714925,,,341.87
51.32,-0.008611818181818182,0.003755697123714898,,,341.87
51.324,-0.008701818181818161,0.0034056971237149364,,,341.87
51.328,-0.00895181818181819,0.002985697123714905,,,341.87
51.332,-0.009211818181818172,0.002645697123714898,,,341.87
51.336,-0.009641818181818158,0.00246569712371494,,,341.87
51.34,-0.009811818181818161,0.002125697123714933,,,341.87
51.344,-0.009981818181818165,0.001785697123714926,,,341.87
51.348,-0.010061818181818189,0.001445697123714919,,,341.87
51.352,-0.010151818181818168,0.0009356971237149085,,,341.87
51.356,-0.010321818181818172,0.0005056971237149226,,,341.87
51.36,-0.010321818181818172,0.0002456971237149401,,,341.87
51.364,-0.010321818181818172,7.569712371493663e-05,,,341.87
51.368,-0.010751818181818158,-0.00035430287628510483,,,341.87
51.372,-0.011091818181818165,-0.0008643028762850598,,,341.87
51.376,-0.011171818181818189,-0.0011143028762850876,,,341.87
51.38,-0.011171818181818189,-0.001714302876285077,,,341.87
51.384,-0.011091818181818165,-0.0019743028762850595,,,341.87
51.388,-0.011171818181818189,-0.0022343028762850975,,,341.87
51.392,-0.011171818181818189,-0.002404302876285101,,,341.87
51.396,-0.011171818181818189,-0.002744302876285108,,,341.87
51.4,-0.011171818181818189,-0.0030843028762850594,,,341.87
51.404,-0.011001818181818186,-0.003514302876285101,,,341.87
51.408,-0.010921818181818161,-0.004024302876285112,,,341.87
51.412,-0.010831818181818182,-0.004364302876285063,,,341.87
51.416,-0.010751818181818158,-0.004454302876285098,,,341.87
51.42,-0.010751818181818158,-0.00470430287628507,,,341.87
51.424,-0.010751818181818158,-0.005224302876285091,,,341.87
51.428,-0.010751818181818158,-0.0056443028762850666,,,341.87
51.432,-0.010661818181818179,-0.0059043028762851045,,,341.87
51.436,-0.010401818181818196,-0.0062443028762851115,,,341.87
51.44,-0.010231818181818193,-0.006504302876285094,,,341.87
51.444,-0.010231818181818193,-0.006844302876285101,,,341.87
51.448,-0.010231818181818193,-0.007184302876285108,,,341.87
51.452,-0.010061818181818189,-0.007524302876285059,,,341.87
51.456,-0.009891818181818186,-0.007784302876285097,,,341.87
51.46,-0.009811818181818161,-0.008124302876285103,,,341.87
51.464,-0.009551818181818179,-0.008384302876285086,,,341.87
51.468,-0.0094618181818182,-0.008474302876285065,,,341.87
51.472,-0.009211818181818172,-0.008814302876285072,,,341.87
51.476,-0.00895181818181819,-0.009154302876285079,,,341.87
51.48,-0.008701818181818161,-0.009324302876285082,,,341.87
51.484,-0.008611818181818182,-0.009584302876285065,,,341.87
51.488,-0.0083518181818182,-0.009754302876285068,,,341.87
51.492,-0.008271818181818175,-0.009834302876285093,,,341.87
51.496,-0.007931818181818168,-0.010004302876285096,,,341.87
51.5,-0.007581818181818207,-0.0101743028762851,,,341.87
51.504,-0.007331818181818179,-0.010694302876285065,,,341.87
51.508,-0.006991818181818172,-0.010774302876285089,,,341.87
51.512,-0.0067318181818181895,-0.010944302876285093,,,341.87
51.516,-0.006641818181818155,-0.011204302876285075,,,341.87
51.52,-0.0063018181818182036,-0.01129430287628511,,,341.87
51.524,-0.005961818181818197,-0.01129430287628511,,,341.87
51.528,-0.005701818181818159,-0.01129430287628511,,,341.87
51.532,-0.005361818181818207,-0.01129430287628511,,,341.87
51.536,-0.004931818181818166,-0.011464302876285113,,,341.87
51.54,-0.004591818181818159,-0.011714302876285086,,,341.87
51.544,-0.004341818181818186,-0.011714302876285086,,,341.87
51.548,-0.004081818181818204,-0.011804302876285064,,,341.87
51.552,-0.003741818181818197,-0.011714302876285086,,,341.87
51.556,-0.00340181818181819,-0.011714302876285086,,,341.87
51.56,-0.002971818181818204,-0.011714302876285086,,,341.87
51.564,-0.002631818181818197,-0.011714302876285086,,,341.87
51.568,-0.0024618181818181935,-0.011714302876285086,,,341.87
51.572,-0.0021118181818181765,-0.011374302876285079,,,341.87
51.576,-0.0017718181818181698,-0.011034302876285072,,,341.87
51.58,-0.0013418181818181838,-0.010864302876285068,,,341.87
51.584,-0.0009218181818182079,-0.010864302876285068,,,341.87
51.588,-0.0005818181818182009,-0.010774302876285089,,,341.87
51.592,-0.0004018181818181874,-0.010524302876285061,,,341.87
51.596,-6.181818181818046e-05,-0.010524302876285061,,,341.87
51.6,0.0002781818181818265,-0.010434302876285082,,,341.87
51.604,0.0007081818181818124,-0.0101743028762851,,,341.87
51.608,0.001128181818181844,-0.010004302876285096,,,341.87
51.612,0.0014781818181818054,-0.009754302876285068,,,341.87
51.616,0.0016481818181818088,-0.00966430287628509,,,341.87
51.62,0.001988181818181816,-0.00966430287628509,,,341.87
51.624,0.002418181818181802,-0.009324302876285082,,,341.87
51.628,0.002758181818181809,-0.008984302876285075,,,341.87
51.632,0.003098181818181816,-0.008724302876285093,,,341.87
51.636,0.0033581818181817984,-0.008474302876285065,,,341.87
51.64,0.0036981818181818053,-0.008294302876285107,,,341.87
51.644,0.004128181818181791,-0.008044302876285079,,,341.87
51.648,0.004378181818181819,-0.0079543028762851,,,341.87
51.652,0.004468181818181798,-0.007704302876285073,,,341.87
51.656,0.00488818181818183,-0.007274302876285087,,,341.87
51.66,0.005318181818181816,-0.006844302876285101,,,341.87
51.664,0.005488181818181819,-0.006504302876285094,,,341.87
51.668,0.005748181818181802,-0.0062443028762851115,,,341.87
51.672,0.0060881818181818086,-0.0059043028762851045,,,341.87
51.676,0.0064281818181818155,-0.0056443028762850666,,,341.87
51.68,0.006598181818181819,-0.005564302876285098,,,341.87
51.684,0.006948181818181836,-0.005224302876285091,,,341.87
51.688,0.0071981818181818084,-0.004794302876285105,,,341.87
51.692,0.007368181818181812,-0.004364302876285063,,,341.87
51.696,0.007628181818181794,-0.004024302876285112,,,341.87
51.7,0.007798181818181798,-0.00359430287628507,,,341.87
51.704,0.008138181818181805,-0.003254302876285063,,,341.87
51.708,0.008398181818181843,-0.0030043028762850904,,,341.87
51.712,0.008648181818181815,-0.0026543028762850735,,,341.87
51.716,0.008908181818181798,-0.0023143028762850665,,,341.87
51.72,0.009168181818181836,-0.0018843028762850805,,,341.87
51.724,0.00933818181818184,-0.0014643028762851046,,,341.87
51.728,0.009418181818181808,-0.0011143028762850876,,,341.87
51.732,0.00967818181818179,-0.0006943028762851118,,,341.87
51.736,0.009768181818181825,-0.00035430287628510483,,,341.87
51.74,0.009848181818181794,-0.00017430287628509135,,,341.87
51.744,0.010108181818181832,0.00016569712371491561,,,341.87
51.748,0.010188181818181801,0.0005856971237148916,,,341.87
51.752,0.010358181818181805,,,,341.87
51.756,0.010618181818181843,,,,341.87
51.76,0.010618181818181843,,,,341.87
51.764,0.010618181818181843,,,,341.87
51.768,0.010878181818181825,,,,341.87
51.772,0.011048181818181829,,,,341.87
51.776,0.011048181818181829,,,,341.87
51.78,0.01078818181818179,,,,341.87
51.784,0.010708181818181822,,,,341.87
51.788,0.010708181818181822,,,,341.87
51.792,0.010708181818181822,,,,341.87
51.796,0.010618181818181843,,,,341.87
51.8,0.010538181818181818,,,,341.87
51.804,0.010618181818181843,,,,341.87
51.808,0.010618181818181843,,,,341.87
51.812,0.010618181818181843,,,,341.87
51.816,0.010538181818181818,,,,341.87
51.82,0.010618181818181843,,,,341.87
51.824,0.010538181818181818,,,,341.87
51.828,0.010278181818181836,,,,341.87
51.832,0.010278181818181836,,,,341.87
51.836,0.010448181818181839,,,,341.87
51.84,0.010188181818181801,,,,341.87
51.844,0.010188181818181801,,,,341.87
51.848,0.010018181818181798,,,,341.87
51.852,0.009768181818181825,,,,341.87
51.856,0.009588181818181812,,,,341.87
51.86,0.009418181818181808,,,,341.87
51.864,0.00933818181818184,,,,341.87
51.868,0.009078181818181801,,,,341.87
51.872,0.008828181818181829,,,,341.87
51.876,0.008478181818181812,,,,341.87
51.88,0.00822818181818184,,,,341.87
51.884,0.007968181818181801,,,,341.87
51.888,0.007628181818181794,,,,341.87
51.892,0.007288181818181843,,,,341.87
51.896,0.007028181818181805,,,,341.87
51.9,0.0068581818181818015,,,,341.87
51.904,0.0065181818181817945,,,,341.87
51.908,0.0060881818181818086,,,,341.87
51.912,0.005828181818181826,,,,341.87
51.916,0.005658181818181823,,,,341.87
51.92,0.005318181818181816,,,,341.87
51.924,0.004808181818181805,,,,341.87
51.928,0.004378181818181819,,,,341.87
51.932,0.004128181818181791,,,,341.87
51.936,0.003948181818181833,,,,341.87
51.94,0.0036081818181818263,,,,341.87
51.944,0.0032681818181818194,,,,341.87
51.948,0.0028381818181818334,,,,341.87
51.952,0.002418181818181802,,,,341.87
51.956,0.0018981818181818368,,,,341.87
51.96,0.0014781818181818054,,,,341.87
51.964,0.001218181818181823,,,,341.87
51.968,0.0010481818181818194,,,,341.87
51.972,0.0007081818181818124,,,,341.87
51.976,0.0003581818181817955,,,,341.87
51.98,1.8181818181844034e-05,,,,341.87
51.984,-0.0004018181818181874,,,,341.87
51.988,-0.0008318181818181734,,,,341.87
51.992,-0.0013418181818181838,,,,341.87
51.996,-0.0016918181818182008,,,,341.87
52.0,-0.0017718181818181698,,,,341.87
52.004,-0.0021118181818181765,,,,341.87
52.008,-0.0024618181818181935,,,,341.87
52.012,-0.0028818181818181694,,,,341.87
52.016,-0.00340181818181819,,,,341.87
52.02,-0.003821818181818166,,,,341.87
52.024,-0.004081818181818204,,,,341.87
52.028,-0.004251818181818207,,,,341.87
52.032,-0.004591818181818159,,,,341.87
52.036,-0.004931818181818166,,,,341.87
52.04,-0.005281818181818183,,,,341.87
52.044,-0.005451818181818186,,,,341.87
52.048,-0.005791818181818193,,,,341.87
52.052,-0.0061318181818182,,,,341.87
52.056,-0.006221818181818179,,,,341.87
52.06,-0.006641818181818155,,,,341.87
52.064,-0.006991818181818172,,,,341.87
52.068,-0.0070718181818181965,,,,341.87
52.072,-0.007501818181818182,,,,341.87
52.076,-0.007931818181818168,,,,341.87
52.08,-0.008181818181818196,,,,341.87
52.084,-0.008271818181818175,,,,341.87
52.088,-0.008521818181818203,,,,341.87
52.092,-0.008781818181818186,,,,341.87
52.096,-0.009041818181818168,,,,341.87
52.1,-0.009211818181818172,,,,341.87
52.104,-0.009381818181818175,,,,341.87
52.108,-0.0094618181818182,,,,341.87
52.112,-0.009641818181818158,,,,341.87
52.116,-0.009811818181818161,,,,341.87
52.12,-0.009891818181818186,,,,341.87
52.124,-0.010151818181818168,,,,341.87
52.128,-0.010321818181818172,,,,341.87
52.132,-0.010401818181818196,,,,341.87
52.136,-0.010491818181818175,,,,341.87
52.14,-0.010831818181818182,,,,341.87
52.144,-0.011001818181818186,,,,341.87
52.148,-0.011091818181818165,,,,341.87
52.152,-0.011171818181818189,,,,341.87
52.156,-0.011091818181818165,,,,341.87
52.16,-0.010831818181818182,,,,341.87
52.164,-0.010751818181818158,,,,341.87
52.168,-0.010751818181818158,,,,341.87
52.172,-0.010831818181818182,,,,341.87
52.176,-0.010921818181818161,,,,341.87
52.18,-0.010751818181818158,,,,341.87
52.184,-0.010751818181818158,,,,341.87
52.188,-0.010751818181818158,,,,341.87
52.192,-0.010751818181818158,,,,341.87
52.196,-0.010751818181818158,,,,341.87
52.2,-0.010751818181818158,,,,341.87
52.204,-0.010661818181818179,,,,341.87
52.208,-0.010401818181818196,,,,341.87
52.212,-0.010321818181818172,,,,341.87
52.216,-0.010151818181818168,,,,341.87
52.22,-0.009891818181818186,,,,341.87
52.224,-0.009891818181818186,,,,341.87
52.228,-0.009811818181818161,,,,341.87
52.232,-0.009551818181818179,,,,341.87
52.236,-0.0094618181818182,,,,341.87
52.24,-0.009211818181818172,,,,341.87
52.244,-0.009041818181818168,,,,341.87
52.248,-0.008781818181818186,,,,341.87
52.252,-0.008521818181818203,,,,341.87
52.256,-0.008271818181818175,,,,341.87
52.26,-0.008181818181818196,,,,341.87
52.264,-0.00784181818181819,,,,341.87
52.268,-0.007581818181818207,,,,341.87
52.272,-0.007331818181818179,,,,341.87
52.276,-0.0070718181818181965,,,,341.87
52.28,-0.006991818181818172,,,,341.87
52.284,-0.006561818181818186,,,,341.87
52.288,-0.0061318181818182,,,,341.87
52.292,-0.005871818181818162,,,,341.87
52.296,-0.005791818181818193,,,,341.87
52.3,-0.005451818181818186,,,,341.87
52.304,-0.0050218181818182,,,,341.87
52.308,-0.004681818181818193,,,,341.87
52.312,-0.00451181818181819,,,,341.87
52.316,-0.004171818181818183,,,,341.87
52.32,-0.003821818181818166,,,,341.87
52.324,-0.00340181818181819,,,,341.87
52.328,-0.0031418181818182074,,,,341.87
52.332,-0.0028818181818181694,,,,341.87
52.336,-0.0024618181818181935,,,,341.87
52.34,-0.0020318181818182075,,,,341.87
52.344,-0.0016918181818182008,,,,341.87
52.348,-0.0013418181818181838,,,,341.87
52.352,-0.0009218181818182079,,,,341.87
52.356,-0.0005818181818182009,,,,341.87
52.36,-0.00032181818181816293,,,,341.87
52.364,1.8181818181844034e-05,,,,341.87
52.368,0.0003581818181817955,,,,341.87
52.372,0.000788181818181837,,,,341.87
52.376,0.001218181818181823,,,,341.87
52.38,0.0014781818181818054,,,,341.87
52.384,0.0017281818181818333,,,,341.87
52.388,0.0020681818181818405,,,,341.87
52.392,0.002418181818181802,,,,341.87
52.396,0.0028381818181818334,,,,341.87
52.4,0.0031781818181818404,,,,341.87
52.404,0.0032681818181818194,,,,341.87
52.408,0.0036081818181818263,,,,341.87
52.412,0.004038181818181812,,,,341.87
52.416,0.004378181818181819,,,,341.87
52.42,0.004548181818181823,,,,341.87
52.424,0.00488818181818183,,,,341.87
52.428,0.005238181818181791,,,,341.87
52.432,0.005578181818181798,,,,341.87
52.436,0.005828181818181826,,,,341.87
52.44,0.006178181818181843,,,,341.87
52.444,0.006348181818181791,,,,341.87
52.448,0.006598181818181819,,,,341.87
52.452,0.006948181818181836,,,,341.87
52.456,0.007288181818181843,,,,341.87
52.46,0.007368181818181812,,,,341.87
52.464,0.007538181818181815,,,,341.87
52.468,0.007798181818181798,,,,341.87
52.472,0.008138181818181805,,,,341.87
52.476,0.008478181818181812,,,,341.87
52.48,0.008648181818181815,,,,341.87
52.484,0.008908181818181798,,,,341.87
52.488,0.009078181818181801,,,,341.87
52.492,0.00933818181818184,,,,341.87
52.496,0.009418181818181808,,,,341.87
52.5,0.00967818181818179,,,,341.87
52.504,0.009768181818181825,,,,341.87
52.508,0.009848181818181794,,,,341.87
52.512,0.010188181818181801,,,,341.87
52.516,0.010188181818181801,,,,341.87
52.52,0.010278181818181836,,,,341.87
52.524,0.010538181818181818,,,,341.87
52.528,0.010618181818181843,,,,341.87
52.532,0.010618181818181843,,,,341.87
52.536,0.010618181818181843,,,,341.87
52.54,0.010618181818181843,,,,341.87
52.544,0.010538181818181818,,,,341.87
52.548,0.010618181818181843,,,,341.87
52.552,0.010538181818181818,,,,341.87
52.556,0.010618181818181843,,,,341.87
52.56,0.010618181818181843,,,,341.87
52.564,0.010618181818181843,,,,341.87
52.568,0.010618181818181843,,,,341.87
52.572,0.010538181818181818,,,,341.87
52.576,0.010538181818181818,,,,341.87
52.58,0.010618181818181843,,,,341.87
52.584,0.010618181818181843,,,,341.87
52.588,0.010618181818181843,,,,341.87
52.592,0.010538181818181818,,,,341.87
52.596,0.010278181818181836,,,,341.87
52.6,0.010278181818181836,,,,341.87
52.604,0.010448181818181839,,,,341.87
52.608,0.010188181818181801,,,,341.87
52.612,0.010108181818181832,,,,341.87
52.616,0.009848181818181794,,,,341.87
52.62,0.009848181818181794,,,,341.87
52.624,0.00967818181818179,,,,341.87
52.628,0.009418181818181808,,,,341.87
52.632,0.009248181818181805,,,,341.87
52.636,0.009078181818181801,,,,341.87
52.64,0.008998181818181832,,,,341.87
52.644,0.00856818181818179,,,,341.87
52.648,0.00822818181818184,,,,341.87
52.652,0.008058181818181836,,,,341.87
52.656,0.007708181818181819,,,,341.87
52.66,0.007368181818181812,,,,341.87
52.664,0.0071981818181818084,,,,341.87
52.668,0.0068581818181818015,,,,341.87
52.672,0.0065181818181817945,,,,341.87
52.676,0.006258181818181812,,,,341.87
52.68,0.0060881818181818086,,,,341.87
52.684,0.005658181818181823,,,,341.87
52.688,0.005238181818181791,,,,341.87
52.692,0.00488818181818183,,,,341.87
52.696,0.004638181818181802,,,,341.87
52.7,0.004378181818181819,,,,341.87
52.704,0.004038181818181812,,,,341.87
52.708,0.0036981818181818053,,,,341.87
52.712,0.0032681818181818194,,,,341.87
52.716,0.002758181818181809,,,,341.87
52.72,0.002418181818181802,,,,341.87
52.724,0.002328181818181823,,,,341.87
52.728,0.001988181818181816,,,,341.87
52.732,0.0016481818181818088,,,,341.87
52.736,0.001218181818181823,,,,341.87
52.74,0.0007081818181818124,,,,341.87
52.744,0.0002781818181818265,,,,341.87
52.748,-6.181818181818046e-05,,,,341.87
52.752,-0.00032181818181816293,,,,341.87
52.756,-0.0005818181818182009,,,,341.87
52.76,-0.0009218181818182079,,,,341.87
52.764,-0.0012618181818181593,,,,341.87
52.768,-0.0016018181818181663,,,,341.87
52.772,-0.0020318181818182075,,,,341.87
52.776,-0.0024618181818181935,,,,341.87
52.78,-0.0025418181818181625,,,,341.87
52.784,-0.0028818181818181694,,,,341.87
52.788,-0.0033118181818181554,,,,341.87
52.792,-0.003741818181818197,,,,341.87
52.796,-0.004171818181818183,,,,341.87
52.8,-0.004421818181818155,,,,341.87
52.804,-0.004591818181818159,,,,341.87
52.808,-0.004931818181818166,,,,341.87
52.812,-0.005361818181818207,,,,341.87
52.816,-0.005701818181818159,,,,341.87
52.82,-0.005871818181818162,,,,341.87
52.824,-0.0063018181818182036,,,,341.87
52.828,-0.0067318181818181895,,,,341.87
52.832,-0.006991818181818172,,,,341.87
52.836,-0.0071618181818181754,,,,341.87
52.84,-0.007411818181818203,,,,341.87
52.844,-0.007581818181818207,,,,341.87
52.848,-0.007931818181818168,,,,341.87
52.852,-0.008181818181818196,,,,341.87
52.856,-0.0083518181818182,,,,341.87
52.86,-0.008611818181818182,,,,341.87
52.864,-0.008701818181818161,,,,341.87
52.868,-0.00895181818181819,,,,341.87
52.872,-0.009211818181818172,,,,341.87
52.876,-0.0094618181818182,,,,341.87
52.88,-0.009641818181818158,,,,341.87
52.884,-0.009891818181818186,,,,341.87
52.888,-0.009891818181818186,,,,341.87
52.892,-0.009891818181818186,,,,341.87
52.896,-0.010061818181818189,,,,341.87
52.9,-0.010231818181818193,,,,341.87
52.904,-0.010401818181818196,,,,341.87
52.908,-0.010751818181818158,,,,341.87
52.912,-0.011001818181818186,,,,341.87
52.916,-0.011001818181818186,,,,341.87
52.92,-0.011001818181818186,,,,341.87
52.924,-0.011091818181818165,,,,341.87
52.928,-0.011091818181818165,,,,341.87
52.932,-0.010921818181818161,,,,341.87
52.936,-0.011001818181818186,,,,341.87
52.94,-0.010921818181818161,,,,341.87
52.944,-0.010831818181818182,,,,341.87
52.948,-0.010751818181818158,,,,341.87
52.952,-0.010751818181818158,,,,341.87
52.956,-0.010751818181818158,,,,341.87
52.96,-0.010751818181818158,,,,341.87
52.964,-0.010751818181818158,,,,341.87
52.968,-0.010751818181818158,,,,341.87
52.972,-0.010661818181818179,,,,341.87
52.976,-0.010401818181818196,,,,341.87
52.98,-0.010321818181818172,,,,341.87
52.984,-0.010321818181818172,,,,341.87
52.988,-0.010231818181818193,,,,341.87
52.992,-0.009981818181818165,,,,341.87
52.996,-0.009891818181818186,,,,341.87
53.0,-0.009641818181818158,,,,341.87
53.004,-0.009381818181818175,,,,341.87
53.008,-0.009121818181818193,,,,341.87
53.012,-0.009041818181818168,,,,341.87
53.016,-0.009041818181818168,,,,341.87
53.02,-0.008701818181818161,,,,341.87
53.024,-0.0083518181818182,,,,341.87
53.028,-0.008101818181818172,,,,341.87
53.032,-0.00784181818181819,,,,341.87
53.036,-0.007751818181818155,,,,341.87
53.04,-0.007411818181818203,,,,341.87
53.044,-0.0070718181818181965,,,,341.87
53.048,-0.006901818181818193,,,,341.87
53.052,-0.006641818181818155,,,,341.87
53.056,-0.0063918181818181825,,,,341.87
53.06,-0.0061318181818182,,,,341.87
53.064,-0.005791818181818193,,,,341.87
53.068,-0.005451818181818186,,,,341.87
53.072,-0.005111818181818179,,,,341.87
53.076,-0.004851818181818197,,,,341.87
53.08,-0.00451181818181819,,,,341.87
53.084,-0.004081818181818204,,,,341.87
53.088,-0.003741818181818197,,,,341.87
53.092,-0.0033118181818181554,,,,341.87
53.096,-0.002971818181818204,,,,341.87
53.1,-0.0028018181818182004,,,,341.87
53.104,-0.0025418181818181625,,,,341.87
53.108,-0.0021118181818181765,,,,341.87
53.112,-0.0016918181818182008,,,,341.87
53.116,-0.0014318181818181628,,,,341.87
53.12,-0.0011718181818181803,,,,341.87
53.124,-0.0008318181818181734,,,,341.87
53.128,-0.0004918181818181664,,,,341.87
53.132,-6.181818181818046e-05,,,,341.87
53.136,0.00044818181818183,,,,341.87
53.14,0.0008781818181818159,,,,341.87
53.144,0.001128181818181844,,,,341.87
53.148,0.001218181818181823,,,,341.87
53.152,0.0015581818181818299,,,,341.87
53.156,0.0018981818181818368,,,,341.87
53.16,0.002328181818181823,,,,341.87
53.164,0.00266818181818183,,,,341.87
53.168,0.0028381818181818334,,,,341.87
53.172,0.0031781818181818404,,,,341.87
53.176,0.0036981818181818053,,,,341.87
53.18,0.004038181818181812,,,,341.87
53.184,0.004128181818181791,,,,341.87
53.188,0.004378181818181819,,,,341.87
53.192,0.004808181818181805,,,,341.87
53.196,0.005148181818181812,,,,341.87
53.2,0.005408181818181795,,,,341.87
53.204,0.005748181818181802,,,,341.87
53.208,0.0060881818181818086,,,,341.87
53.212,0.006178181818181843,,,,341.87
53.216,0.0064281818181818155,,,,341.87
53.22,0.0067681818181818225,,,,341.87
53.224,0.007028181818181805,,,,341.87
53.228,0.007368181818181812,,,,341.87
53.232,0.007628181818181794,,,,341.87
53.236,0.007798181818181798,,,,341.87
53.24,0.008058181818181836,,,,341.87
53.244,0.00822818181818184,,,,341.87
53.248,0.008478181818181812,,,,341.87
53.252,0.008648181818181815,,,,341.87
53.256,0.008908181818181798,,,,341.87
53.26,0.008998181818181832,,,,341.87
53.264,0.009248181818181805,,,,341.87
53.268,0.009508181818181843,,,,341.87
53.272,0.009768181818181825,,,,341.87
53.276,0.009768181818181825,,,,341.87
53.28,0.009938181818181829,,,,341.87
53.284,0.010188181818181801,,,,341.87
53.288,0.010358181818181805,,,,341.87
53.292,0.010448181818181839,,,,341.87
53.296,0.010448181818181839,,,,341.87
53.3,0.010538181818181818,,,,341.87
53.304,0.010708181818181822,,,,341.87
53.308,0.010878181818181825,,,,341.87
53.312,0.01078818181818179,,,,341.87
53.316,0.010708181818181822,,,,341.87
53.32,0.010618181818181843,,,,341.87
53.324,0.010538181818181818,,,,341.87
53.328,0.010538181818181818,,,,341.87
53.332,0.010538181818181818,,,,341.87
53.336,0.010618181818181843,,,,341.87
53.34,0.010618181818181843,,,,341.87
53.344,0.010618181818181843,,,,341.87
53.348,0.010538181818181818,,,,341.87
53.352,0.010538181818181818,,,,341.87
53.356,0.010618181818181843,,,,341.87
53.36,0.010538181818181818,,,,341.87
53.364,0.010278181818181836,,,,341.87
53.368,0.010278181818181836,,,,341.87
53.372,0.010108181818181832,,,,341.87
53.376,0.009938181818181829,,,,341.87
53.38,0.010108181818181832,,,,341.87
53.384,0.010018181818181798,,,,341.87
53.388,0.009768181818181825,,,,341.87
53.392,0.00967818181818179,,,,341.87
53.396,0.009508181818181843,,,,341.87
53.4,0.00933818181818184,,,,341.87
53.404,0.009078181818181801,,,,341.87
53.408,0.008908181818181798,,,,341.87
53.412,0.00856818181818179,,,,341.87
53.416,0.008308181818181808,,,,341.87
53.42,0.008058181818181836,,,,341.87
53.424,0.007708181818181819,,,,341.87
53.428,0.007368181818181812,,,,341.87
53.432,0.0071981818181818084,,,,341.87
53.436,0.0068581818181818015,,,,341.87
53.44,0.0065181818181817945,,,,341.87
53.444,0.006348181818181791,,,,341.87
53.448,0.00600818181818184,,,,341.87
53.452,0.005658181818181823,,,,341.87
53.456,0.005318181818181816,,,,341.87
53.46,0.004978181818181809,,,,341.87
53.464,0.004808181818181805,,,,341.87
53.468,0.004468181818181798,,,,341.87
53.472,0.003948181818181833,,,,341.87
53.476,0.003528181818181802,,,,341.87
53.48,0.0032681818181818194,,,,341.87
53.484,0.0031781818181818404,,,,341.87
53.488,0.0028381818181818334,,,,341.87
53.492,0.002418181818181802,,,,341.87
53.496,0.0018981818181818368,,,,341.87
53.5,0.0014781818181818054,,,,341.87
53.504,0.001128181818181844,,,,341.87
53.508,0.0008781818181818159,,,,341.87
53.512,0.0006181818181818335,,,,341.87
53.516,0.0002781818181818265,,,,341.87
53.52,-6.181818181818046e-05,,,,341.87
53.524,-0.0004018181818181874,,,,341.87
53.528,-0.0008318181818181734,,,,341.87
53.532,-0.0013418181818181838,,,,341.87
53.536,-0.0016018181818181663,,,,341.87
53.54,-0.0017718181818181698,,,,341.87
53.544,-0.0021118181818181765,,,,341.87
53.548,-0.0025418181818181625,,,,341.87
53.552,-0.002971818181818204,,,,341.87
53.556,-0.0033118181818181554,,,,341.87
53.56,-0.0036518181818181623,,,,341.87
53.564,-0.0039118181818182,,,,341.87
53.568,-0.004171818181818183,,,,341.87
53.572,-0.00451181818181819,,,,341.87
53.576,-0.004931818181818166,,,,341.87
53.58,-0.005281818181818183,,,,341.87
53.584,-0.005451818181818186,,,,341.87
53.588,-0.005791818181818193,,,,341.87
53.592,-0.0061318181818182,,,,341.87
53.596,-0.006221818181818179,,,,341.87
53.6,-0.006641818181818155,,,,341.87
53.604,-0.006991818181818172,,,,341.87
53.608,-0.0071618181818181754,,,,341.87
53.612,-0.007501818181818182,,,,341.87
53.616,-0.007751818181818155,,,,341.87
53.62,-0.00784181818181819,,,,341.87
53.624,-0.008101818181818172,,,,341.87
53.628,-0.0083518181818182,,,,341.87
53.632,-0.008611818181818182,,,,341.87
53.636,-0.008781818181818186,,,,341.87
53.64,-0.009041818181818168,,,,341.87
53.644,-0.009121818181818193,,,,341.87
53.648,-0.009381818181818175,,,,341.87
53.652,-0.009551818181818179,,,,341.87
53.656,-0.009811818181818161,,,,341.87
53.66,-0.009981818181818165,,,,341.87
53.664,-0.010061818181818189,,,,341.87
53.668,-0.010321818181818172,,,,341.87
53.672,-0.010491818181818175,,,,341.87
53.676,-0.010661818181818179,,,,341.87
53.68,-0.010751818181818158,,,,341.87
53.684,-0.010831818181818182,,,,341.87
53.688,-0.011091818181818165,,,,341.87
53.692,-0.011091818181818165,,,,341.87
53.696,-0.011091818181818165,,,,341.87
53.7,-0.011091818181818165,,,,341.87
53.704,-0.011171818181818189,,,,341.87
53.708,-0.011091818181818165,,,,341.87
53.712,-0.010921818181818161,,,,341.87
53.716,-0.011171818181818189,,,,341.87
53.72,-0.011091818181818165,,,,341.87
53.724,-0.010831818181818182,,,,341.87
53.728,-0.010751818181818158,,,,341.87
53.732,-0.010751818181818158,,,,341.87
53.736,-0.010751818181818158,,,,341.87
53.74,-0.010661818181818179,,,,341.87
53.744,-0.010401818181818196,,,,341.87
53.748,-0.010321818181818172,,,,341.87
53.752,-0.010151818181818168,,,,341.87
53.756,-0.009891818181818186,,,,341.87
53.76,-0.009891818181818186,,,,341.87
53.764,-0.009891818181818186,,,,341.87
53.768,-0.009811818181818161,,,,341.87
53.772,-0.009551818181818179,,,,341.87
53.776,-0.0094618181818182,,,,341.87
53.78,-0.009211818181818172,,,,341.87
53.784,-0.00895181818181819,,,,341.87
53.788,-0.008701818181818161,,,,341.87
53.792,-0.008611818181818182,,,,341.87
53.796,-0.008271818181818175,,,,341.87
53.8,-0.007931818181818168,,,,341.87
53.804,-0.00784181818181819,,,,341.87
53.808,-0.007501818181818182,,,,341.87
53.812,-0.007331818181818179,,,,341.87
53.816,-0.0070718181818181965,,,,341.87
53.82,-0.0067318181818181895,,,,341.87
53.824,-0.006561818181818186,,,,341.87
53.828,-0.006221818181818179,,,,341.87
53.832,-0.005871818181818162,,,,341.87
53.836,-0.005451818181818186,,,,341.87
53.84,-0.005191818181818204,,,,341.87
53.844,-0.004851818181818197,,,,341.87
53.848,-0.00451181818181819,,,,341.87
53.852,-0.004171818181818183,,,,341.87
53.856,-0.003821818181818166,,,,341.87
53.86,-0.003741818181818197,,,,341.87
53.864,-0.00340181818181819,,,,341.87
53.868,-0.002971818181818204,,,,341.87
53.872,-0.0024618181818181935,,,,341.87
53.876,-0.0020318181818182075,,,,341.87
53.88,-0.0017718181818181698,,,,341.87
53.884,-0.0016918181818182008,,,,341.87
53.888,-0.0013418181818181838,,,,341.87
53.892,-0.0009218181818182079,,,,341.87
53.896,-0.0004018181818181874,,,,341.87
53.9,1.8181818181844034e-05,,,,341.87
53.904,0.0002781818181818265,,,,341.87
53.908,0.0006181818181818335,,,,341.87
53.912,0.000788181818181837,,,,341.87
53.916,0.001128181818181844,,,,341.87
53.92,0.0014781818181818054,,,,341.87
53.924,0.001988181818181816,,,,341.87
53.928,0.002328181818181823,,,,341.87
53.932,0.0024981818181818265,,,,341.87
53.936,0.0028381818181818334,,,,341.87
53.94,0.0031781818181818404,,,,341.87
53.944,0.003528181818181802,,,,341.87
53.948,0.003948181818181833,,,,341.87
53.952,0.004208181818181816,,,,341.87
53.956,0.004548181818181823,,,,341.87
53.96,0.004808181818181805,,,,341.87
53.964,0.004978181818181809,,,,341.87
53.968,0.005318181818181816,,,,341.87
53.972,0.005488181818181819,,,,341.87
53.976,0.005658181818181823,,,,341.87
53.98,0.0060881818181818086,,,,341.87
53.984,0.0065181818181817945,,,,341.87
53.988,0.0067681818181818225,,,,341.87
53.992,0.006948181818181836,,,,341.87
53.996,0.0071981818181818084,,,,341.87
54.0,0.007368181818181812,,,,341.87
54.004,0.007798181818181798,,,,341.87
54.008,0.008138181818181805,,,,341.87
54.012,0.008308181818181808,,,,341.87
54.016,0.008478181818181812,,,,341.87
54.02,0.008648181818181815,,,,341.87
54.024,0.008908181818181798,,,,341.87
54.028,0.008998181818181832,,,,341.87
54.032,0.009248181818181805,,,,341.87
54.036,0.009418181818181808,,,,341.87
54.04,0.00967818181818179,,,,341.87
54.044,0.009768181818181825,,,,341.87
54.048,0.009768181818181825,,,,341.87
54.052,0.010018181818181798,,,,341.87
54.056,0.010108181818181832,,,,341.87
54.06,0.010278181818181836,,,,341.87
54.064,0.010538181818181818,,,,341.87
54.068,0.010618181818181843,,,,341.87
54.072,0.010618181818181843,,,,341.87
54.076,0.010618181818181843,,,,341.87
54.08,0.010538181818181818,,,,341.87
54.084,0.010538181818181818,,,,341.87
54.088,0.010538181818181818,,,,341.87
54.092,0.010618181818181843,,,,341.87
54.096,0.010618181818181843,,,,341.87
54.1,0.010618181818181843,,,,341.87
54.104,0.010538181818181818,,,,341.87
54.108,0.010538181818181818,,,,341.87
54.112,0.010618181818181843,,,,341.87
54.116,0.010618181818181843,,,,341.87
54.12,0.010618181818181843,,,,341.87
54.124,0.010538181818181818,,,,341.87
54.128,0.010278181818181836,,,,341.87
54.132,0.010188181818181801,,,,341.87
54.136,0.010278181818181836,,,,341.87
54.14,0.010188181818181801,,,,341.87
54.144,0.009768181818181825,,,,341.87
54.148,0.00967818181818179,,,,341.87
54.152,0.009768181818181825,,,,341.87
54.156,0.009768181818181825,,,,341.87
54.16,0.00967818181818179,,,,341.87
54.164,0.009418181818181808,,,,341.87
54.168,0.009248181818181805,,,,341.87
54.172,0.009078181818181801,,,,341.87
54.176,0.008828181818181829,,,,341.87
54.18,0.00856818181818179,,,,341.87
54.184,0.008398181818181843,,,,341.87
54.188,0.008058181818181836,,,,341.87
54.192,0.007798181818181798,,,,341.87
54.196,0.007538181818181815,,,,341.87
54.2,0.0071981818181818084,,,,341.87
54.204,0.0068581818181818015,,,,341.87
54.208,0.006598181818181819,,,,341.87
54.212,0.0064281818181818155,,,,341.87
54.216,0.0060881818181818086,,,,341.87
54.22,0.005658181818181823,,,,341.87
54.224,0.005318181818181816,,,,341.87
54.228,0.005148181818181812,,,,341.87
54.232,0.00488818181818183,,,,341.87
54.236,0.004378181818181819,,,,341.87
54.24,0.004038181818181812,,,,341.87
54.244,0.00377818181818183,,,,341.87
54.248,0.003528181818181802,,,,341.87
54.252,0.0031781818181818404,,,,341.87
54.256,0.0028381818181818334,,,,341.87
54.26,0.002328181818181823,,,,341.87
54.264,0.001988181818181816,,,,341.87
54.268,0.0015581818181818299,,,,341.87
54.272,0.001218181818181823,,,,341.87
54.276,0.0010481818181818194,,,,341.87
54.28,0.0007081818181818124,,,,341.87
54.284,0.0003581818181817955,,,,341.87
54.288,1.8181818181844034e-05,,,,341.87
54.292,-0.0004018181818181874,,,,341.87
54.296,-0.0008318181818181734,,,,341.87
54.3,-0.0011718181818181803,,,,341.87
54.304,-0.0014318181818181628,,,,341.87
54.308,-0.0017718181818181698,,,,341.87
54.312,-0.0020318181818182075,,,,341.87
54.316,-0.0024618181818181935,,,,341.87
54.32,-0.0028818181818181694,,,,341.87
54.324,-0.00340181818181819,,,,341.87
54.328,-0.003741818181818197,,,,341.87
54.332,-0.0039118181818182,,,,341.87
54.336,-0.004251818181818207,,,,341.87
54.34,-0.004591818181818159,,,,341.87
54.344,-0.004851818181818197,,,,341.87
54.348,-0.005111818181818179,,,,341.87
54.352,-0.005451818181818186,,,,341.87
54.356,-0.005791818181818193,,,,341.87
54.36,-0.0061318181818182,,,,341.87
54.364,-0.0063018181818182036,,,,341.87
54.368,-0.006641818181818155,,,,341.87
54.372,-0.006901818181818193,,,,341.87
54.376,-0.0070718181818181965,,,,341.87
54.38,-0.007501818181818182,,,,341.87
54.384,-0.00784181818181819,,,,341.87
54.388,-0.008011818181818193,,,,341.87
54.392,-0.008181818181818196,,,,341.87
54.396,-0.008271818181818175,,,,341.87
54.4,-0.008521818181818203,,,,341.87
54.404,-0.008701818181818161,,,,341.87
54.408,-0.00895181818181819,,,,341.87
54.412,-0.009041818181818168,,,,341.87
54.416,-0.009291818181818196,,,,341.87
54.42,-0.009551818181818179,,,,341.87
54.424,-0.009811818181818161,,,,341.87
54.428,-0.009811818181818161,,,,341.87
54.432,-0.009981818181818165,,,,341.87
54.436,-0.010231818181818193,,,,341.87
54.44,-0.010321818181818172,,,,341.87
54.444,-0.010401818181818196,,,,341.87
54.448,-0.010661818181818179,,,,341.87
54.452,-0.010831818181818182,,,,341.87
54.456,-0.011091818181818165,,,,341.87
54.46,-0.011171818181818189,,,,341.87
54.464,-0.011171818181818189,,,,341.87
54.468,-0.011091818181818165,,,,341.87
54.472,-0.011171818181818189,,,,341.87
54.476,-0.011171818181818189,,,,341.87
54.48,-0.011171818181818189,,,,341.87
54.484,-0.011091818181818165,,,,341.87
54.488,-0.010921818181818161,,,,341.87
54.492,-0.011091818181818165,,,,341.87
54.496,-0.010921818181818161,,,,341.87
54.5,-0.010751818181818158,,,,341.87
54.504,-0.010661818181818179,,,,341.87
54.508,-0.01058181818181821,,,,341.87
54.512,-0.010321818181818172,,,,341.87
54.516,-0.010321818181818172,,,,341.87
54.52,-0.010321818181818172,,,,341.87
54.524,-0.010151818181818168,,,,341.87
54.528,-0.010061818181818189,,,,341.87
54.532,-0.009981818181818165,,,,341.87
54.536,-0.009811818181818161,,,,341.87
54.54,-0.009551818181818179,,,,341.87
54.544,-0.0094618181818182,,,,341.87
54.548,-0.009211818181818172,,,,341.87
54.552,-0.00895181818181819,,,,341.87
54.556,-0.008611818181818182,,,,341.87
54.56,-0.0083518181818182,,,,341.87
54.564,-0.008101818181818172,,,,341.87
54.568,-0.007931818181818168,,,,341.87
54.572,-0.00784181818181819,,,,341.87
54.576,-0.007411818181818203,,,,341.87
54.58,-0.0070718181818181965,,,,341.87
54.584,-0.006991818181818172,,,,341.87
54.588,-0.0067318181818181895,,,,341.87
54.592,-0.0063018181818182036,,,,341.87
54.596,-0.006051818181818176,,,,341.87
54.6,-0.005701818181818159,,,,341.87
54.604,-0.005451818181818186,,,,341.87
54.608,-0.005281818181818183,,,,341.87
54.612,-0.004931818181818166,,,,341.87
54.616,-0.00451181818181819,,,,341.87
54.62,-0.004081818181818204,,,,341.87
54.624,-0.003821818181818166,,,,341.87
54.628,-0.003741818181818197,,,,341.87
54.632,-0.0033118181818181554,,,,341.87
54.636,-0.0028818181818181694,,,,341.87
54.64,-0.002631818181818197,,,,341.87
54.644,-0.0021118181818181765,,,,341.87
54.648,-0.0017718181818181698,,,,341.87
54.652,-0.0016018181818181663,,,,341.87
54.656,-0.0012618181818181593,,,,341.87
54.66,-0.0009218181818182079,,,,341.87
54.664,-0.0004918181818181664,,,,341.87
54.668,-0.00015181818181815945,,,,341.87
54.672,0.00010818181818182302,,,,341.87
54.676,0.0003581818181817955,,,,341.87
54.68,0.000788181818181837,,,,341.87
54.684,0.001218181818181823,,,,341.87
54.688,0.0015581818181818299,,,,341.87
54.692,0.0018981818181818368,,,,341.87
54.696,0.0021581818181818195,,,,341.87
54.7,0.002418181818181802,,,,341.87
54.704,0.0028381818181818334,,,,341.87
54.708,0.0031781818181818404,,,,341.87
54.712,0.0033581818181817984,,,,341.87
54.716,0.0036981818181818053,,,,341.87
54.72,0.004038181818181812,,,,341.87
54.724,0.004468181818181798,,,,341.87
54.728,0.004718181818181826,,,,341.87
54.732,0.00488818181818183,,,,341.87
54.736,0.005238181818181791,,,,341.87
54.74,0.005578181818181798,,,,341.87
54.744,0.005748181818181802,,,,341.87
54.748,0.0060881818181818086,,,,341.87
54.752,0.006348181818181791,,,,341.87
54.756,0.0065181818181817945,,,,341.87
54.76,0.006948181818181836,,,,341.87
54.764,0.007288181818181843,,,,341.87
54.768,0.007458181818181791,,,,341.87
54.772,0.007708181818181819,,,,341.87
54.776,0.007798181818181798,,,,341.87
54.78,0.008058181818181836,,,,341.87
54.784,0.008308181818181808,,,,341.87
54.788,0.00856818181818179,,,,341.87
54.792,0.008648181818181815,,,,341.87
54.796,0.008908181818181798,,,,341.87
54.8,0.008998181818181832,,,,341.87
54.804,0.009248181818181805,,,,341.87
54.808,0.009418181818181808,,,,341.87
54.812,0.00967818181818179,,,,341.87
54.816,0.009768181818181825,,,,341.87
54.82,0.009938181818181829,,,,341.87
54.824,0.010278181818181836,,,,341.87
54.828,0.010278181818181836,,,,341.87
54.832,0.010278181818181836,,,,341.87
54.836,0.010538181818181818,,,,341.87
54.84,0.010618181818181843,,,,341.87
54.844,0.010618181818181843,,,,341.87
54.848,0.010618181818181843,,,,341.87
54.852,0.010618181818181843,,,,341.87
54.856,0.010618181818181843,,,,341.87
54.86,0.010618181818181843,,,,341.87
54.864,0.010538181818181818,,,,341.87
54.868,0.010618181818181843,,,,341.87
54.872,0.010618181818181843,,,,341.87
54.876,0.010618181818181843,,,,341.87
54.88,0.010618181818181843,,,,341.87
54.884,0.010448181818181839,,,,341.87
54.888,0.010188181818181801,,,,341.87
54.892,0.010188181818181801,,,,341.87
54.896,0.010278181818181836,,,,341.87
54.9,0.010278181818181836,,,,341.87
54.904,0.010188181818181801,,,,341.87
54.908,0.010188181818181801,,,,341.87
54.912,0.010018181818181798,,,,341.87
54.916,0.010018181818181798,,,,341.87
54.92,0.009768181818181825,,,,341.87
54.924,0.009768181818181825,,,,341.87
54.928,0.00967818181818179,,,,341.87
54.932,0.009508181818181843,,,,341.87
54.936,0.009248181818181805,,,,341.87
54.94,0.008998181818181832,,,,341.87
54.944,0.008908181818181798,,,,341.87
54.948,0.00856818181818179,,,,341.87
54.952,0.008308181818181808,,,,341.87
54.956,0.008138181818181805,,,,341.87
54.96,0.007888181818181832,,,,341.87
54.964,0.007708181818181819,,,,341.87
54.968,0.007368181818181812,,,,341.87
54.972,0.0068581818181818015,,,,341.87
54.976,0.0065181818181817945,,,,341.87
54.98,0.0064281818181818155,,,,341.87
54.984,0.006178181818181843,,,,341.87
54.988,0.005658181818181823,,,,341.87
54.992,0.005318181818181816,,,,341.87
54.996,0.005238181818181791,,,,341.87
55.0,0.00488818181818183,,,,341.87
55.004,0.004468181818181798,,,,341.87
55.008,0.004038181818181812,,,,341.87
55.012,0.00377818181818183,,,,341.87
55.016,0.003528181818181802,,,,341.87
55.02,0.0031781818181818404,,,,341.87
55.024,0.002758181818181809,,,,341.87
55.028,0.002328181818181823,,,,341.87
55.032,0.001988181818181816,,,,341.87
55.036,0.0017281818181818333,,,,341.87
55.04,0.0015581818181818299,,,,341.87
55.044,0.001218181818181823,,,,341.87
55.048,0.0007081818181818124,,,,341.87
55.052,0.0002781818181818265,,,,341.87
55.056,-6.181818181818046e-05,,,,341.87
55.06,-0.0004918181818181664,,,,341.87
55.064,-0.0008318181818181734,,,,341.87
55.068,-0.0010018181818181769,,,,341.87
55.072,-0.0013418181818181838,,,,341.87
55.076,-0.0017718181818181698,,,,341.87
55.08,-0.0021118181818181765,,,,341.87
55.084,-0.0025418181818181625,,,,341.87
55.088,-0.002971818181818204,,,,341.87
55.092,-0.0032318181818181864,,,,341.87
55.096,-0.00340181818181819,,,,341.87
55.1,-0.003741818181818197,,,,341.87
55.104,-0.004171818181818183,,,,341.87
55.108,-0.004421818181818155,,,,341.87
55.112,-0.004591818181818159,,,,341.87
55.116,-0.004931818181818166,,,,341.87
55.12,-0.005281818181818183,,,,341.87
55.124,-0.00562181818181819,,,,341.87
55.128,-0.005791818181818193,,,,341.87
55.132,-0.0061318181818182,,,,341.87
55.136,-0.006561818181818186,,,,341.87
55.14,-0.0068118181818181585,,,,341.87
55.144,-0.0071618181818181754,,,,341.87
55.148,-0.007411818181818203,,,,341.87
55.152,-0.007501818181818182,,,,341.87
55.156,-0.00784181818181819,,,,341.87
55.16,-0.008181818181818196,,,,341.87
55.164,-0.0083518181818182,,,,341.87
55.168,-0.008611818181818182,,,,341.87
55.172,-0.008701818181818161,,,,341.87
55.176,-0.008781818181818186,,,,341.87
55.18,-0.009121818181818193,,,,341.87
55.184,-0.009381818181818175,,,,341.87
55.188,-0.0094618181818182,,,,341.87
55.192,-0.009641818181818158,,,,341.87
55.196,-0.009891818181818186,,,,341.87
55.2,-0.009981818181818165,,,,341.87
55.204,-0.010061818181818189,,,,341.87
55.208,-0.010151818181818168,,,,341.87
55.212,-0.010321818181818172,,,,341.87
55.216,-0.010401818181818196,,,,341.87
55.22,-0.010491818181818175,,,,341.87
55.224,-0.010751818181818158,,,,341.87
55.228,-0.011001818181818186,,,,341.87
55.232,-0.011091818181818165,,,,341.87
55.236,-0.011171818181818189,,,,341.87
55.24,-0.011091818181818165,,,,341.87
55.244,-0.011171818181818189,,,,341.87
55.248,-0.011171818181818189,,,,341.87
55.252,-0.011171818181818189,,,,341.87
55.256,-0.011091818181818165,,,,341.87
55.26,-0.011091818181818165,,,,341.87
55.264,-0.010831818181818182,,,,341.87
55.268,-0.010661818181818179,,,,341.87
55.272,-0.010491818181818175,,,,341.87
55.276,-0.01058181818181821,,,,341.87
55.28,-0.010401818181818196,,,,341.87
55.284,-0.010231818181818193,,,,341.87
55.288,-0.009981818181818165,,,,341.87
55.292,-0.009891818181818186,,,,341.87
55.296,-0.009891818181818186,,,,341.87
55.3,-0.009811818181818161,,,,341.87
55.304,-0.009551818181818179,,,,341.87
55.308,-0.009381818181818175,,,,341.87
55.312,-0.009121818181818193,,,,341.87
55.316,-0.009041818181818168,,,,341.87
55.32,-0.00895181818181819,,,,341.87
55.324,-0.008611818181818182,,,,341.87
55.328,-0.0083518181818182,,,,341.87
55.332,-0.008181818181818196,,,,341.87
55.336,-0.007931818181818168,,,,341.87
55.34,-0.00784181818181819,,,,341.87
55.344,-0.007581818181818207,,,,341.87
55.348,-0.0071618181818181754,,,,341.87
55.352,-0.006901818181818193,,,,341.87
55.356,-0.006561818181818186,,,,341.87
55.36,-0.0063018181818182036,,,,341.87
55.364,-0.0061318181818182,,,,341.87
55.368,-0.005701818181818159,,,,341.87
55.372,-0.005361818181818207,,,,341.87
55.376,-0.005281818181818183,,,,341.87
55.38,-0.0050218181818182,,,,341.87
55.384,-0.004591818181818159,,,,341.87
55.388,-0.004341818181818186,,,,341.87
55.392,-0.004171818181818183,,,,341.87
55.396,-0.003741818181818197,,,,341.87
55.4,-0.0033118181818181554,,,,341.87
55.404,-0.002971818181818204,,,,341.87
55.408,-0.0025418181818181625,,,,341.87
55.412,-0.00229181818181819,,,,341.87
55.416,-0.0021118181818181765,,,,341.87
55.42,-0.0017718181818181698,,,,341.87
55.424,-0.0012618181818181593,,,,341.87
55.428,-0.0008318181818181734,,,,341.87
55.432,-0.0005818181818182009,,,,341.87
55.436,-0.0004018181818181874,,,,341.87
55.44,-6.181818181818046e-05,,,,341.87
55.444,0.0003581818181817955,,,,341.87
55.448,0.0007081818181818124,,,,341.87
55.452,0.0009581818181818404,,,,341.87
55.456,0.001218181818181823,,,,341.87
55.46,0.0016481818181818088,,,,341.87
55.464,0.0020681818181818405,,,,341.87
55.468,0.002418181818181802,,,,341.87
55.472,0.00266818181818183,,,,341.87
55.476,0.0028381818181818334,,,,341.87
55.48,0.0031781818181818404,,,,341.87
55.484,0.0036981818181818053,,,,341.87
55.488,0.004038181818181812,,,,341.87
55.492,0.004118181818181837,,,,341.87
55.496,0.004468181818181798,,,,341.87
55.5,0.004798181818181795,,,,341.87
55.504,0.005148181818181812,,,,341.87
55.508,0.00539818181818184,,,,341.87
55.512,0.005748181818181802,,,,341.87
55.516,0.00599818181818183,,,,341.87
55.52,0.006258181818181812,,,,341.87
55.524,0.006598181818181819,,,,341.87
55.528,0.0068581818181818015,,,,341.87
55.532,0.006938181818181826,,,,341.87
55.536,0.0071981818181818084,,,,341.87
55.54,0.007448181818181836,,,,341.87
55.544,0.007798181818181798,,,,341.87
55.548,0.008048181818181826,,,,341.87
55.552,0.00822818181818184,,,,341.87
55.556,0.008478181818181812,,,,341.87
55.56,0.00856818181818179,,,,341.87
55.564,0.008818181818181819,,,,341.87
55.568,0.009078181818181801,,,,341.87
55.572,0.00932818181818183,,,,341.87
55.576,0.009418181818181808,,,,341.87
55.58,0.009498181818181833,,,,341.87
55.584,0.009768181818181825,,,,341.87
55.588,0.009758181818181815,,,,341.87
55.592,0.009938181818181829,,,,341.87
55.596,0.010268181818181826,,,,341.87
55.6,0.010278181818181836,,,,341.87
55.604,0.010268181818181826,,,,341.87
55.608,0.010538181818181818,,,,341.87
55.612,0.010608181818181833,,,,341.87
55.616,0.010708181818181822,,,,341.87
55.62,0.010698181818181812,,,,341.87
55.624,0.010618181818181843,,,,341.87
55.628,0.010608181818181833,,,,341.87
55.632,0.010618181818181843,,,,341.87
55.636,0.010528181818181808,,,,341.87
55.64,0.010538181818181818,,,,341.87
55.644,0.010528181818181808,,,,341.87
55.648,0.010618181818181843,,,,341.87
55.652,0.010608181818181833,,,,341.87
55.656,0.010538181818181818,,,,341.87
55.66,0.010268181818181826,,,,341.87
55.664,0.010188181818181801,,,,341.87
55.668,0.010178181818181791,,,,341.87
55.672,0.010188181818181801,,,,341.87
55.676,0.010098181818181822,,,,341.87
55.68,0.010018181818181798,,,,341.87
55.684,0.010268181818181826,,,,341.87
55.688,0.010188181818181801,,,,341.87
55.692,0.009928181818181819,,,,341.87
55.696,0.009768181818181825,,,,341.87
55.7,0.009498181818181833,,,,341.87
55.704,0.00933818181818184,,,,341.87
55.708,0.009068181818181791,,,,341.87
55.712,0.008908181818181798,,,,341.87
55.716,0.008648181818181815,,,,341.87
55.72,0.008478181818181812,,,,341.87
55.724,0.008048181818181826,,,,341.87
55.728,0.007708181818181819,,,,341.87
55.732,0.007538181818181815,,,,341.87
55.736,0.0071981818181818084,,,,341.87
55.74,0.006938181818181826,,,,341.87
55.744,0.0067681818181818225,,,,341.87
55.748,0.0064181818181818055,,,,341.87
55.752,0.0060881818181818086,,,,341.87
55.756,0.005828181818181826,,,,341.87
55.76,0.005658181818181823,,,,341.87
55.764,0.005308181818181806,,,,341.87
55.768,0.004808181818181805,,,,341.87
55.772,0.004458181818181844,,,,341.87
55.776,0.004378181818181819,,,,341.87
55.78,0.004038181818181812,,,,341.87
55.784,0.0036081818181818263,,,,341.87
55.788,0.0031781818181818404,,,,341.87
55.792,0.0028381818181818334,,,,341.87
55.796,0.0025881818181818055,,,,341.87
55.8,0.002328181818181823,,,,341.87
55.804,0.0018981818181818368,,,,341.87
55.808,0.0014781818181818054,,,,341.87
55.812,0.001218181818181823,,,,341.87
55.816,0.000788181818181837,,,,341.87
55.82,0.0003581818181817955,,,,341.87
55.824,1.8181818181844034e-05,,,,341.87
55.828,-0.00015181818181815945,,,,341.87
55.832,-0.0004918181818181664,,,,341.87
55.836,-0.0008318181818181734,,,,341.87
55.84,-0.0013418181818181838,,,,341.87
55.844,-0.0017718181818181698,,,,341.87
55.848,-0.0021118181818181765,,,,341.87
55.852,-0.002371818181818159,,,,341.87
55.856,-0.002631818181818197,,,,341.87
55.86,-0.002971818181818204,,,,341.87
55.864,-0.0033118181818181554,,,,341.87
55.868,-0.0036518181818181623,,,,341.87
55.872,-0.0039118181818182,,,,341.87
55.876,-0.004171818181818183,,,,341.87
55.88,-0.004591818181818159,,,,341.87
55.884,-0.0050218181818182,,,,341.87
55.888,-0.005281818181818183,,,,341.87
55.892,-0.005531818181818155,,,,341.87
55.896,-0.005871818181818162,,,,341.87
55.9,-0.0061318181818182,,,,341.87
55.904,-0.0063018181818182036,,,,341.87
55.908,-0.006641818181818155,,,,341.87
55.912,-0.006901818181818193,,,,341.87
55.916,-0.0071618181818181754,,,,341.87
55.92,-0.007501818181818182,,,,341.87
55.924,-0.007751818181818155,,,,341.87
55.928,-0.00784181818181819,,,,341.87
55.932,-0.008101818181818172,,,,341.87
55.936,-0.0083518181818182,,,,341.87
55.94,-0.008611818181818182,,,,341.87
55.944,-0.008781818181818186,,,,341.87
55.948,-0.009041818181818168,,,,341.87
55.952,-0.009211818181818172,,,,341.87
55.956,-0.0094618181818182,,,,341.87
55.96,-0.009551818181818179,,,,341.87
55.964,-0.009811818181818161,,,,341.87
55.968,-0.009891818181818186,,,,341.87
55.972,-0.009981818181818165,,,,341.87
55.976,-0.010151818181818168,,,,341.87
55.98,-0.01058181818181821,,,,341.87
55.984,-0.010661818181818179,,,,341.87
55.988,-0.010661818181818179,,,,341.87
55.992,-0.010751818181818158,,,,341.87
55.996,-0.010751818181818158,,,,341.87
56.0,-0.010831818181818182,,,,341.87
56.004,-0.011091818181818165,,,,341.87
56.008,-0.011171818181818189,,,,341.87
56.012,-0.011171818181818189,,,,341.87
56.016,-0.011091818181818165,,,,341.87
56.02,-0.011091818181818165,,,,341.87
56.024,-0.011091818181818165,,,,341.87
56.028,-0.011091818181818165,,,,341.87
56.032,-0.010831818181818182,,,,341.87
56.036,-0.01058181818181821,,,,341.87
56.04,-0.010321818181818172,,,,341.87
56.044,-0.010231818181818193,,,,341.87
56.048,-0.010321818181818172,,,,341.87
56.052,-0.010321818181818172,,,,341.87
56.056,-0.010151818181818168,,,,341.87
56.06,-0.010061818181818189,,,,341.87
56.064,-0.009981818181818165,,,,341.87
56.068,-0.009811818181818161,,,,341.87
56.072,-0.009551818181818179,,,,341.87
56.076,-0.009551818181818179,,,,341.87
56.08,-0.0094618181818182,,,,341.87
56.084,-0.009211818181818172,,,,341.87
56.088,-0.009041818181818168,,,,341.87
56.092,-0.008781818181818186,,,,341.87
56.096,-0.008521818181818203,,,,341.87
56.1,-0.008271818181818175,,,,341.87
56.104,-0.008181818181818196,,,,341.87
56.108,-0.007931818181818168,,,,341.87
56.112,-0.007581818181818207,,,,341.87
56.116,-0.007411818181818203,,,,341.87
56.12,-0.0070718181818181965,,,,341.87
56.124,-0.0067318181818181895,,,,341.87
56.128,-0.006471818181818207,,,,341.87
56.132,-0.0061318181818182,,,,341.87
56.136,-0.005961818181818197,,,,341.87
56.14,-0.005791818181818193,,,,341.87
56.144,-0.005451818181818186,,,,341.87
56.148,-0.005111818181818179,,,,341.87
56.152,-0.004761818181818162,,,,341.87
56.156,-0.00451181818181819,,,,341.87
56.16,-0.004171818181818183,,,,341.87
56.164,-0.003741818181818197,,,,341.87
56.168,-0.0033118181818181554,,,,341.87
56.172,-0.002971818181818204,,,,341.87
56.176,-0.0028818181818181694,,,,341.87
56.18,-0.0024618181818181935,,,,341.87
56.184,-0.0020318181818182075,,,,341.87
56.188,-0.0016918181818182008,,,,341.87
56.192,-0.0012618181818181593,,,,341.87
56.196,-0.0009218181818182079,,,,341.87
56.2,-0.0007518181818182044,,,,341.87
56.204,-0.0004018181818181874,,,,341.87
56.208,1.8181818181844034e-05,,,,341.87
56.212,0.0002781818181818265,,,,341.87
56.216,0.0006181818181818335,,,,341.87
56.22,0.0008781818181818159,,,,341.87
56.224,0.001218181818181823,,,,341.87
56.228,0.0014781818181818054,,,,341.87
56.232,0.001988181818181816,,,,341.87
56.236,0.002328181818181823,,,,341.87
56.24,0.0024981818181818265,,,,341.87
56.244,0.0028381818181818334,,,,341.87
56.248,0.0031781818181818404,,,,341.87
56.252,0.0036081818181818263,,,,341.87
56.256,0.003948181818181833,,,,341.87
56.26,0.004208181818181816,,,,341.87
56.264,0.004548181818181823,,,,341.87
56.268,0.004808181818181805,,,,341.87
56.272,0.004978181818181809,,,,341.87
56.276,0.005318181818181816,,,,341.87
56.28,0.005658181818181823,,,,341.87
56.284,0.005918181818181805,,,,341.87
56.288,0.006178181818181843,,,,341.87
56.292,0.0065181818181817945,,,,341.87
56.296,0.0067681818181818225,,,,341.87
56.3,0.006948181818181836,,,,341.87
56.304,0.007288181818181843,,,,341.87
56.308,0.007538181818181815,,,,341.87
56.312,0.007798181818181798,,,,341.87
56.316,0.008138181818181805,,,,341.87
56.32,0.008308181818181808,,,,341.87
56.324,0.008478181818181812,,,,341.87
56.328,0.008648181818181815,,,,341.87
56.332,0.008908181818181798,,,,341.87
56.336,0.008998181818181832,,,,341.87
56.34,0.009248181818181805,,,,341.87
56.344,0.009418181818181808,,,,341.87
56.348,0.00967818181818179,,,,341.87
56.352,0.009768181818181825,,,,341.87
56.356,0.009848181818181794,,,,341.87
56.36,0.010108181818181832,,,,341.87
56.364,0.010108181818181832,,,,341.87
56.368,0.010278181818181836,,,,341.87
56.372,0.010538181818181818,,,,341.87
56.376,0.010618181818181843,,,,341.87
56.38,0.010538181818181818,,,,341.87
56.384,0.010618181818181843,,,,341.87
56.388,0.010618181818181843,,,,341.87
56.392,0.010618181818181843,,,,341.87
56.396,0.010618181818181843,,,,341.87
56.4,0.010618181818181843,,,,341.87
56.404,0.010618181818181843,,,,341.87
56.408,0.010618181818181843,,,,341.87
56.412,0.010618181818181843,,,,341.87
56.416,0.010538181818181818,,,,341.87
56.42,0.010538181818181818,,,,341.87
56.424,0.010618181818181843,,,,341.87
56.428,0.010448181818181839,,,,341.87
56.432,0.010278181818181836,,,,341.87
56.436,0.010188181818181801,,,,341.87
56.44,0.010188181818181801,,,,341.87
56.444,0.010108181818181832,,,,341.87
56.448,0.009768181818181825,,,,341.87
56.452,0.009768181818181825,,,,341.87
56.456,0.009938181818181829,,,,341.87
56.46,0.009848181818181794,,,,341.87
56.464,0.009768181818181825,,,,341.87
56.468,0.009508181818181843,,,,341.87
56.472,0.009248181818181805,,,,341.87
56.476,0.008998181818181832,,,,341.87
56.48,0.008998181818181832,,,,341.87
56.484,0.008908181818181798,,,,341.87
56.488,0.00856818181818179,,,,341.87
56.492,0.00822818181818184,,,,341.87
56.496,0.008058181818181836,,,,341.87
56.5,0.007708181818181819,,,,341.87
56.504,0.007368181818181812,,,,341.87
56.508,0.007288181818181843,,,,341.87
56.512,0.006948181818181836,,,,341.87
56.516,0.006598181818181819,,,,341.87
56.52,0.006258181818181812,,,,341.87
56.524,0.00600818181818184,,,,341.87
56.528,0.005658181818181823,,,,341.87
56.532,0.005238181818181791,,,,341.87
56.536,0.004978181818181809,,,,341.87
56.54,0.00488818181818183,,,,341.87
56.544,0.004468181818181798,,,,341.87
56.548,0.004038181818181812,,,,341.87
56.552,0.0036981818181818053,,,,341.87
56.556,0.0032681818181818194,,,,341.87
56.56,0.0029281818181818124,,,,341.87
56.564,0.002758181818181809,,,,341.87
56.568,0.002418181818181802,,,,341.87
56.572,0.0020681818181818405,,,,341.87
56.576,0.0015581818181818299,,,,341.87
56.58,0.001128181818181844,,,,341.87
56.584,0.0007081818181818124,,,,341.87
56.588,0.0003581818181817955,,,,341.87
56.592,0.0002781818181818265,,,,341.87
56.596,1.8181818181844034e-05,,,,341.87
56.6,-0.0004918181818181664,,,,341.87
56.604,-0.0009218181818182079,,,,341.87
56.608,-0.0012618181818181593,,,,341.87
56.612,-0.0016918181818182008,,,,341.87
56.616,-0.0022018181818181555,,,,341.87
56.62,-0.0025418181818181625,,,,341.87
56.624,-0.002631818181818197,,,,341.87
56.628,-0.0028818181818181694,,,,341.87
56.632,-0.00340181818181819,,,,341.87
56.636,-0.003821818181818166,,,,341.87
56.64,-0.004081818181818204,,,,341.87
56.644,-0.004251818181818207,,,,341.87
56.648,-0.004591818181818159,,,,341.87
56.652,-0.004931818181818166,,,,341.87
56.656,-0.005281818181818183,,,,341.87
56.66,-0.005451818181818186,,,,341.87
56.664,-0.005791818181818193,,,,341.87
56.668,-0.0061318181818182,,,,341.87
56.672,-0.0063018181818182036,,,,341.87
56.676,-0.006641818181818155,,,,341.87
56.68,-0.006901818181818193,,,,341.87
56.684,-0.0070718181818181965,,,,341.87
56.688,-0.007501818181818182,,,,341.87
56.692,-0.00784181818181819,,,,341.87
56.696,-0.007931818181818168,,,,341.87
56.7,-0.0083518181818182,,,,341.87
56.704,-0.008701818181818161,,,,341.87
56.708,-0.008781818181818186,,,,341.87
56.712,-0.009121818181818193,,,,341.87
56.716,-0.009211818181818172,,,,341.87
56.72,-0.009211818181818172,,,,341.87
56.724,-0.0094618181818182,,,,341.87
56.728,-0.009641818181818158,,,,341.87
56.732,-0.009891818181818186,,,,341.87
56.736,-0.009891818181818186,,,,341.87
56.74,-0.009981818181818165,,,,341.87
56.744,-0.010151818181818168,,,,341.87
56.748,-0.010321818181818172,,,,341.87
56.752,-0.010321818181818172,,,,341.87
56.756,-0.010401818181818196,,,,341.87
56.76,-0.010401818181818196,,,,341.87
56.764,-0.01058181818181821,,,,341.87
56.768,-0.011091818181818165,,,,341.87
56.772,-0.011171818181818189,,,,341.87
56.776,-0.011091818181818165,,,,341.87
56.78,-0.011171818181818189,,,,341.87
56.784,-0.011091818181818165,,,,341.87
56.788,-0.011001818181818186,,,,341.87
56.792,-0.011001818181818186,,,,341.87
56.796,-0.010921818181818161,,,,341.87
56.8,-0.010661818181818179,,,,341.87
56.804,-0.010401818181818196,,,,341.87
56.808,-0.010401818181818196,,,,341.87
56.812,-0.010401818181818196,,,,341.87
56.816,-0.010321818181818172,,,,341.87
56.82,-0.010151818181818168,,,,341.87
56.824,-0.009981818181818165,,,,341.87
56.828,-0.009891818181818186,,,,341.87
56.832,-0.009891818181818186,,,,341.87
56.836,-0.009891818181818186,,,,341.87
56.84,-0.009641818181818158,,,,341.87
56.844,-0.0094618181818182,,,,341.87
56.848,-0.009211818181818172,,,,341.87
56.852,-0.00895181818181819,,,,341.87
56.856,-0.008701818181818161,,,,341.87
56.86,-0.008701818181818161,,,,341.87
56.864,-0.008611818181818182,,,,341.87
56.868,-0.008271818181818175,,,,341.87
56.872,-0.007931818181818168,,,,341.87
56.876,-0.007751818181818155,,,,341.87
56.88,-0.007411818181818203,,,,341.87
56.884,-0.0071618181818181754,,,,341.87
56.888,-0.006991818181818172,,,,341.87
56.892,-0.0068118181818181585,,,,341.87
56.896,-0.006561818181818186,,,,341.87
56.9,-0.006221818181818179,,,,341.87
56.904,-0.005791818181818193,,,,341.87
56.908,-0.005531818181818155,,,,341.87
56.912,-0.005361818181818207,,,,341.87
56.916,-0.0050218181818182,,,,341.87
56.92,-0.004591818181818159,,,,341.87
56.924,-0.004251818181818207,,,,341.87
56.928,-0.003991818181818169,,,,341.87
56.932,-0.0036518181818181623,,,,341.87
56.936,-0.0033118181818181554,,,,341.87
56.94,-0.002971818181818204,,,,341.87
56.944,-0.0028018181818182004,,,,341.87
56.948,-0.0025418181818181625,,,,341.87
56.952,-0.0021118181818181765,,,,341.87
56.956,-0.0016918181818182008,,,,341.87
56.96,-0.0012618181818181593,,,,341.87
56.964,-0.0009218181818182079,,,,341.87
56.968,-0.0008318181818181734,,,,341.87
56.972,-0.0004918181818181664,,,,341.87
56.976,-6.181818181818046e-05,,,,341.87
56.98,0.0003581818181817955,,,,341.87
56.984,,,,,341.87
56.988,,,,,341.87
56.992,,,,,341.87
56.996,,,,,341.87
57.0,,,,,341.87
57.004,,,,,341.87
57.008,,,,,341.87
57.012,,,,,341.87
57.016,,,,,341.87
57.02,,,,,341.87
57.024,,,,,341.87
57.028,,,,,341.87
57.032,,,,,341.87
57.036,,,,,341.87
57.04,,,,,341.87
57.044,,,,,341.87
57.048,,,,,341.87
57.052,,,,,341.87
57.056,,,,,341.87
57.06,,,,,341.87
57.064,,,,,341.87
57.068,,,,,341.87
57.072,,,,,341.87
57.076,,,,,341.87
57.08,,,,,341.87
57.084,,,,,341.87
57.088,,,,,341.87
57.092,,,,,341.87
57.096,,,,,341.87
57.1,,,,,341.87
57.104,,,,,341.87
57.108,,,,,341.87
57.112,,,,,341.87
57.116,,,,,341.87
57.12,,,,,341.87
57.124,,,,,341.87
57.128,,,,,341.87
57.132,,,,,341.87
57.136,,,,,341.87
57.14,,,,,341.87
57.144,,,,,341.87
57.148,,,,,341.87
57.152,,,,,341.87
57.156,,,,,341.87
57.16,,,,,341.87
57.164,,,,,341.87
57.168,,,,,341.87
57.172,,,,,341.87
57.176,,,,,341.87
57.18,,,,,341.87
57.184,,,,,341.87
57.188,,,,,341.87
57.192,,,,,341.87
57.196,,,,,341.87
57.2,,,,,341.87
57.204,,,,,341.87
57.208,,,,,341.87
57.212,,,,,341.87
57.216,,,,,341.87
57.22,,,,,341.87
57.224,,,,,341.87
57.228,,,,,341.87
57.232,,,,,341.87
57.236,,,,,341.87
57.24,,,,,341.87
57.244,,,,,341.87
57.248,,,,,341.87
57.252,,,,,341.87
57.256,,,,,341.87
57.26,,,,,341.87
57.264,,,,,341.87
57.268,,,,,341.87
57.272,,,,,341.87
57.276,,,,,341.87
57.28,,,,,341.87
57.284,,,,,341.87
57.288,,,,,341.87
57.292,,,,,341.87
57.296,,,,,341.87
57.3,,,,,341.87
57.304,,,,,341.87
57.308,,,,,341.87
57.312,,,,,341.87
57.316,,,,,341.87
57.32,,,,,341.87
57.324,,,,,341.87
57.328,,,,,341.87
57.332,,,,,341.87
57.336,,,,,341.87
57.34,,,,,341.87
57.344,,,,,341.87
57.348,,,,,341.87
57.352,,,,,341.87
57.356,,,,,341.87
57.36,,,,,341.87
57.364,,,,,341.87
57.368,,,,,341.87
57.372,,,,,341.87
57.376,,,,,341.87
57.38,,,,,341.87
57.384,,,,,341.87
57.388,,,,,341.87
57.392,,,,,341.87
57.396,,,,,341.87
57.4,,,,,341.87
57.404,,,,,341.87
57.408,,,,,341.87
57.412,,,,,341.87
57.416,,,,,341.87
57.42,,,,,341.87
57.424,,,,,341.87
57.428,,,,,341.87
57.432,,,,,341.87
57.436,,,,,341.87
57.44,,,,,341.87
57.444,,,,,341.87
57.448,,,,,341.87
57.452,,,,,341.87
57.456,,,,,341.87
57.46,,,,,341.87
57.464,,,,,341.87
57.468,,,,,341.87
57.472,,,,,341.87
57.476,,,,,341.87
57.48,,,,,341.87
57.484,,,,,341.87
57.488,,,,,341.87
57.492,,,,,341.87
57.496,,,,,341.87
57.5,,,,,341.87
57.504,,,,,341.87
57.508,,,,,341.87
57.512,,,,,341.87
57.516,,,,,341.87
57.52,,,,,341.87
57.524,,,,,341.87
57.528,,,,,341.87
57.532,,,,,341.87
57.536,,,,,341.87
57.54,,,,,341.87
57.544,,,,,341.87
57.548,,,,,341.87
57.552,,,,,341.87
57.556,,,,,341.87
57.56,,,,,341.87
57.564,,,,,341.87
57.568,,,,,341.87
57.572,,,,,341.87
57.576,,,,,341.87
57.58,,,,,341.87
57.584,,,,,341.87
57.588,,,,,341.87
57.592,,,,,341.87
57.596,,,,,341.87
57.6,,,,,341.87
57.604,,,,,341.87
57.608,,,,,341.87
57.612,,,,,341.87
57.616,,,,,341.87
57.62,,,,,341.87
57.624,,,,,341.87
57.628,,,,,341.87
57.632,,,,,341.87
57.636,,,,,341.87
57.64,,,,,341.87
57.644,,,,,341.87
57.648,,,,,341.87
57.652,,,,,341.87
57.656,,,,,341.87
57.66,,,,,341.87
57.664,,,,,341.87
57.668,,,,,341.87
57.672,,,,,341.87
57.676,,,,,341.87
57.68,,,,,341.87
57.684,,,,,341.87
57.688,,,,,341.87
57.692,,,,,341.87
57.696,,,,,341.87
57.7,,,,,341.87
57.704,,,,,341.87
57.708,,,,,341.87
57.712,,,,,341.87
57.716,,,,,341.87
57.72,,,,,341.87
57.724,,,,,341.87
57.728,,,,,341.87
57.732,,,,,341.87
57.736,,,,,341.87
57.74,,,,,341.87
57.744,,,,,341.87
57.748,,,,,341.87
57.752,,,,,341.87
57.756,,,,,341.87
57.76,,,,,341.87
57.764,,,,,341.87
57.768,,,,,341.87
57.772,,,,,341.87
57.776,,,,,341.87
57.78,,,,,341.87
57.784,,,,,341.87
57.788,,,,,341.87
57.792,,,,,341.87
57.796,,,,,341.87
57.8,,,,,341.87
57.804,,,,,341.87
57.808,,,,,341.87
57.812,,,,,341.87
57.816,,,,,341.87
57.82,,,,,341.87
57.824,,,,,341.87
57.828,,,,,341.87
57.832,,,,,341.87
57.836,,,,,341.87
57.84,,,,,341.87
57.844,,,,,341.87
57.848,,,,,341.87
57.852,,,,,341.87
57.856,,,,,341.87
57.86,,,,,341.87
57.864,,,,,341.87
57.868,,,,,341.87
57.872,,,,,341.87
57.876,,,,,341.87
57.88,,,,,341.87
57.884,,,,,341.87
57.888,,,,,341.87
57.892,,,,,341.87
57.896,,,,,341.87
57.9,,,,,341.87
57.904,,,,,341.87
57.908,,,,,341.87
57.912,,,,,341.87
57.916,,,,,341.87
57.92,,,,,341.87
57.924,,,,,341.87
57.928,,,,,341.87
57.932,,,,,341.87
57.936,,,,,341.87
57.94,,,,,341.87
57.944,,,,,341.87
57.948,,,,,341.87
57.952,,,,,341.87
57.956,,,,,341.87
57.96,,,,,341.87
57.964,,,,,341.87
57.968,,,,,341.87
57.972,,,,,341.87
57.976,,,,,341.87
57.98,,,,,341.87
57.984,,,,,341.87
57.988,,,,,341.87
57.992,,,,,341.87
57.996,,,,,341.87
58.0,,,,,341.87
58.004,,,,,341.87
58.008,,,,,341.87
58.012,,,,,341.87
58.016,,,,,341.87
58.02,,,,,341.87
58.024,,,,,341.87
58.028,,,,,341.87
58.032,,,,,341.87
58.036,,,,,341.87
58.04,,,,,341.87
58.044,,,,,341.87
58.048,,,,,341.87
58.052,,,,,341.87
58.056,,,,,341.87
58.06,,,,,341.87
58.064,,,,,341.87
58.068,,,,,341.87
58.072,,,,,341.87
58.076,,,,,341.87
58.08,,,,,341.87
58.084,,,,,341.87
58.088,,,,,341.87
58.092,,,,,341.87
58.096,,,,,341.87
58.1,,,,,341.87
58.104,,,,,341.87
58.108,,,,,341.87
58.112,,,,,341.87
58.116,,,,,341.87
58.12,,,,,341.87
58.124,,,,,341.87
58.128,,,,,341.87
58.132,,,,,341.87
58.136,,,,,341.87
58.14,,,,,341.87
58.144,,,,,341.87
58.148,,,,,341.87
58.152,,,,,341.87
58.156,,,,,341.87
58.16,,,,,341.87
58.164,,,,,341.87
58.168,,,,,341.87
58.172,,,,,341.87
58.176,,,,,341.87
58.18,,,,,341.87
58.184,,,,,341.87
58.188,,,,,341.87
58.192,,,,,341.87
58.196,,,,,341.87
58.2,,,,,341.87
58.204,,,,,341.87
58.208,,,,,341.87
58.212,,,,,341.87
58.216,,,,,341.87
58.22,,,,,341.87
58.224,,,,,341.87
58.228,,,,,341.87
58.232,,,,,341.87
58.236,,,,,341.87
58.24,,,,,341.87
58.244,,,,,341.87
58.248,,,,,341.87
58.252,,,,,341.87
58.256,,,,,341.87
58.26,,,,,341.87
58.264,,,,,341.87
58.268,,,,,341.87
58.272,,,,,341.87
58.276,,,,,341.87
58.28,,,,,341.87
58.284,,,,,341.87
58.288,,,,,341.87
58.292,,,,,341.87
58.296,,,,,341.87
58.3,,,,,341.87
58.304,,,,,341.87
58.308,,,,,341.87
58.312,,,,,341.87
58.316,,,,,341.87
58.32,,,,,341.87
58.324,,,,,341.87
58.328,,,,,341.87
58.332,,,,,341.87
58.336,,,,,341.87
58.34,,,,,341.87
58.344,,,,,341.87
58.348,,,,,341.87
58.352,,,,,341.87
58.356,,,,,341.87
58.36,,,,,341.87
58.364,,,,,341.87
58.368,,,,,341.87
58.372,,,,,341.87
58.376,,,,,341.87
58.38,,,,,341.87
58.384,,,,,341.87
58.388,,,,,341.87
58.392,,,,,341.87
58.396,,,,,341.87
58.4,,,,,341.87
58.404,,,,,341.87
58.408,,,,,341.87
58.412,,,,,341.87
58.416,,,,,341.87
58.42,,,,,341.87
58.424,,,,,341.87
58.428,,,,,341.87
58.432,,,,,341.87
58.436,,,,,341.87
58.44,,,,,341.87
58.444,,,,,341.87
58.448,,,,,341.87
58.452,,,,,341.87
58.456,,,,,341.87
58.46,,,,,341.87
58.464,,,,,341.87
58.468,,,,,341.87
58.472,,,,,341.87
58.476,,,,,341.87
58.48,,,,,341.87
58.484,,,,,341.87
58.488,,,,,341.87
58.492,,,,,341.87
58.496,,,,,341.87
58.5,,,,,341.87
58.504,,,,,341.87
58.508,,,,,341.87
58.512,,,,,341.87
58.516,,,,,341.87
58.52,,,,,341.87
58.524,,,,,341.87
58.528,,,,,341.87
58.532,,,,,341.87
58.536,,,,,341.87
58.54,,,,,341.87
58.544,,,,,341.87
58.548,,,,,341.87
58.552,,,,,341.87
58.556,,,,,341.87
58.56,,,,,341.87
58.564,,,,,341.87
58.568,,,,,341.87
58.572,,,,,341.87
58.576,,,,,341.87
58.58,,,,,341.87
58.584,,,,,341.87
58.588,,,,,341.87
58.592,,,,,341.87
58.596,,,,,341.87
58.6,,,,,341.87
58.604,,,,,341.87
58.608,,,,,341.87
58.612,,,,,341.87
58.616,,,,,341.87
58.62,,,,,341.87
58.624,,,,,341.87
58.628,,,,,341.87
58.632,,,,,341.87
58.636,,,,,341.87
58.64,,,,,341.87
58.644,,,,,341.87
58.648,,,,,341.87
58.652,,,,,341.87
58.656,,,,,341.87
58.66,,,,,341.87
58.664,,,,,341.87
58.668,,,,,341.87
58.672,,,,,341.87
58.676,,,,,341.87
58.68,,,,,341.87
58.684,,,,,341.87
58.688,,,,,341.87
58.692,,,,,341.87
58.696,,,,,341.87
58.7,,,,,341.87
58.704,,,,,341.87
58.708,,,,,341.87
58.712,,,,,341.87
58.716,,,,,341.87
58.72,,,,,341.87
58.724,,,,,341.87
58.728,,,,,341.87
58.732,,,,,341.87
58.736,,,,,341.87
58.74,,,,,341.87
58.744,,,,,341.87
58.748,,,,,341.87
58.752,,,,,341.87
58.756,,,,,341.87
58.76,,,,,341.87
58.764,,,,,341.87
58.768,,,,,341.87
58.772,,,,,341.87
58.776,,,,,341.87
58.78,,,,,341.87
58.784,,,,,341.87
58.788,,,,,341.87
58.792,,,,,341.87
58.796,,,,,341.87
58.8,,,,,341.87
58.804,,,,,341.87
58.808,,,,,341.87
58.812,,,,,341.87
58.816,,,,,341.87
58.82,,,,,341.87
58.824,,,,,341.87
58.828,,,,,341.87
58.832,,,,,341.87
58.836,,,,,341.87
58.84,,,,,341.87
58.844,,,,,341.87
58.848,,,,,341.87
58.852,,,,,341.87
58.856,,,,,341.87
58.86,,,,,341.87
58.864,,,,,341.87
58.868,,,,,341.87
58.872,,,,,341.87
58.876,,,,,341.87
58.88,,,,,341.87
58.884,,,,,341.87
58.888,,,,,341.87
58.892,,,,,341.87
58.896,,,,,341.87
58.9,,,,,341.87
58.904,,,,,341.87
58.908,,,,,341.87
58.912,,,,,341.87
58.916,,,,,341.87
58.92,,,,,341.87
58.924,,,,,341.87
58.928,,,,,341.87
58.932,,,,,341.87
58.936,,,,,341.87
58.94,,,,,341.87
58.944,,,,,341.87
58.948,,,,,341.87
58.952,,,,,341.87
58.956,,,,,341.87
58.96,,,,,341.87
58.964,,,,,341.87
58.968,,,,,341.87
58.972,,,,,341.87
58.976,,,,,341.87
58.98,,,,,341.87
58.984,,,,,341.87
58.988,,,,,341.87
58.992,,,,,341.87
58.996,,,,,341.87
59.0,,,,,341.87
59.004,,,,,341.87
59.008,,,,,341.87
59.012,,,,,341.87
59.016,,,,,341.87
59.02,,,,,341.87
59.024,,,,,341.87
59.028,,,,,341.87
59.032,,,,,341.87
59.036,,,,,341.87
59.04,,,,,341.87
59.044,,,,,341.87
59.048,,,,,341.87
59.052,,,,,341.87
59.056,,,,,341.87
59.06,,,,,341.87
59.064,,,,,341.87
59.068,,,,,341.87
59.072,,,,,341.87
59.076,,,,,341.87
59.08,,,,,341.87
59.084,,,,,341.87
59.088,,,,,341.87
59.092,,,,,341.87
59.096,,,,,341.87
59.1,,,,,341.87
59.104,,,,,341.87
59.108,,,,,341.87
59.112,,,,,341.87
59.116,,,,,341.87
59.12,,,,,341.87
59.124,,,,,341.87
59.128,,,,,341.87
59.132,,,,,341.87
59.136,,,,,341.87
59.14,,,,,341.87
59.144,,,,,341.87
59.148,,,,,341.87
59.152,,,,,341.87
59.156,,,,,341.87
59.16,,,,,341.87
59.164,,,,,341.87
59.168,,,,,341.87
59.172,,,,,341.87
59.176,,,,,341.87
59.18,,,,,341.87
59.184,,,,,341.87
59.188,,,,,341.87
59.192,,,,,341.87
59.196,,,,,341.87
59.2,,,,,341.87
59.204,,,,,341.87
59.208,,,,,341.87
59.212,,,,,341.87
59.216,,,,,341.87
59.22,,,,,341.87
59.224,,,,,341.87
59.228,,,,,341.87
59.232,,,,,341.87
59.236,,,,,341.87
59.24,,,,,341.87
59.244,,,,,341.87
59.248,,,,,341.87
59.252,,,,,341.87
59.256,,,,,341.87
59.26,,,,,341.87
59.264,,,,,341.87
59.268,,,,,341.87
59.272,,,,,341.87
59.276,,,,,341.87
59.28,,,,,341.87
59.284,,,,,341.87
59.288,,,,,341.87
59.292,,,,,341.87
59.296,,,,,341.87
59.3,,,,,341.87
59.304,,,,,341.87
59.308,,,,,341.87
59.312,,,,,341.87
59.316,,,,,341.87
59.32,,,,,341.87
59.324,,,,,341.87
59.328,,,,,341.87
59.332,,,,,341.87
59.336,,,,,341.87
59.34,,,,,341.87
59.344,,,,,341.87
59.348,,,,,341.87
59.352,,,,,341.87
59.356,,,,,341.87
59.36,,,,,341.87
59.364,,,,,341.87
59.368,,,,,341.87
59.372,,,,,341.87
59.376,,,,,341.87
59.38,,,,,341.87
59.384,,,,,341.87
59.388,,,,,341.87
59.392,,,,,341.87
59.396,,,,,341.87
59.4,,,,,341.87
59.404,,,,,341.87
59.408,,,,,341.87
59.412,,,,,341.87
59.416,,,,,341.87
59.42,,,,,341.87
59.424,,,,,341.87
59.428,,,,,341.87
59.432,,,,,341.87
59.436,,,,,341.87
59.44,,,,,341.87
59.444,,,,,341.87
59.448,,,,,341.87
59.452,,,,,341.87
59.456,,,,,341.87
59.46,,,,,341.87
59.464,,,,,341.87
59.468,,,,,341.87
59.472,,,,,341.87
59.476,,,,,341.87
59.48,,,,,341.87
59.484,,,,,341.87
59.488,,,,,341.87
59.492,,,,,341.87
59.496,,,,,341.87
59.5,,,,,341.87
59.504,,,,,341.87
59.508,,,,,341.87
59.512,,,,,341.87
59.516,,,,,341.87
59.52,,,,,341.87
59.524,,,,,341.87
59.528,,,,,341.87
59.532,,,,,341.87
59.536,,,,,341.87
59.54,,,,,341.87
59.544,,,,,341.87
59.548,,,,,341.87
59.552,,,,,341.87
59.556,,,,,341.87
59.56,,,,,341.87
59.564,,,,,341.87
59.568,,,,,341.87
59.572,,,,,341.87
59.576,,,,,341.87
59.58,,,,,341.87
59.584,,,,,341.87
59.588,,,,,341.87
59.592,,,,,341.87
59.596,,,,,341.87
59.6,,,,,341.87
59.604,,,,,341.87
59.608,,,,,341.87
59.612,,,,,341.87
59.616,,,,,341.87
59.62,,,,,341.87
59.624,,,,,341.87
59.628,,,,,341.87
59.632,,,,,341.87
59.636,,,,,341.87
59.64,,,,,341.87
59.644,,,,,341.87
59.648,,,,,341.87
59.652,,,,,341.87
59.656,,,,,341.87
59.66,,,,,341.87
59.664,,,,,341.87
59.668,,,,,341.87
59.672,,,,,341.87
59.676,,,,,341.87
59.68,,,,,341.87
59.684,,,,,341.87
59.688,,,,,341.87
59.692,,,,,341.87
59.696,,,,,341.87
59.7,,,,,341.87
59.704,,,,,341.87
59.708,,,,,341.87
59.712,,,,,341.87
59.716,,,,,341.87
59.72,,,,,341.87
59.724,,,,,341.87
59.728,,,,,341.87
59.732,,,,,341.87
59.736,,,,,341.87
59.74,,,,,341.87
59.744,,,,,341.87
59.748,,,,,341.87
59.752,,,,,341.87
59.756,,,,,341.87
59.76,,,,,341.87
59.764,,,,,341.87
59.768,,,,,341.87
59.772,,,,,341.87
59.776,,,,,341.87
59.78,,,,,341.87
59.784,,,,,341.87
59.788,,,,,341.87
59.792,,,,,341.87
59.796,,,,,341.87
59.8,,,,,341.87
59.804,,,,,341.87
59.808,,,,,341.87
59.812,,,,,341.87
59.816,,,,,341.87
59.82,,,,,341.87
59.824,,,,,341.87
59.828,,,,,341.87
59.832,,,,,341.87
59.836,,,,,341.87
59.84,,,,,341.87
59.844,,,,,341.87
59.848,,,,,341.87
59.852,,,,,341.87
59.856,,,,,341.87
59.86,,,,,341.87
59.864,,,,,341.87
59.868,,,,,341.87
59.872,,,,,341.87
59.876,,,,,341.87
59.88,,,,,341.87
59.884,,,,,341.87
59.888,,,,,341.87
59.892,,,,,341.87
59.896,,,,,341.87
59.9,,,,,341.87
59.904,,,,,341.87
59.908,,,,,341.87
59.912,,,,,341.87
59.916,,,,,341.87
59.92,,,,,341.87
59.924,,,,,341.87
59.928,,,,,341.87
59.932,,,,,341.87
59.936,,,,,341.87
59.94,,,,,341.87
59.944,,,,,341.87
59.948,,,,,341.87
59.952,,,,,341.87
59.956,,,,,341.87
59.96,,,,,341.87
59.964,,,,,341.87
59.968,,,,,341.87
59.972,,,,,341.87
59.976,,,,,341.87
59.98,,,,,341.87
59.984,,,,,341.87
59.988,,,,,341.87
