time,P_0,P_1,P_2,P_3,sound_speed
0.0,,,,,341.56
0.004,,,,,341.56
0.008,,,,,341.56
0.012,,,,,341.56
0.016,,,,,341.56
0.02,,,,,341.56
0.024,,,,,341.56
0.028,,,,,341.56
0.032,,,,,341.56
0.036,,,,,341.56
0.04,,,,,341.56
0.044,,,,,341.56
0.048,,,,,341.56
0.052,,,,,341.56
0.056,,,,,341.56
0.06,,,,,341.56
0.064,,,,,341.56
0.068,,,,,341.56
0.072,,,,,341.56
0.076,,,,,341.56
0.08,,,,,341.56
0.084,,,,,341.56
0.088,,,,,341.56
0.092,,,,,341.56
0.096,,,,,341.56
0.1,,,,,341.56
0.104,,,,,341.56
0.108,,,,,341.56
0.112,,,,,341.56
0.116,,,,,341.56
0.12,,,,,341.56
0.124,,,,,341.56
0.128,,,,,341.56
0.132,,,,,341.56
0.136,,,,,341.56
0.14,,,,,341.56
0.144,,,,,341.56
0.148,,,,,341.56
0.152,,,,,341.56
0.156,,,,,341.56
0.16,,,,,341.56
0.164,,,,,341.56
0.168,,,,,341.56
0.172,,,,,341.56
0.176,,,,,341.56
0.18,,,,,341.56
0.184,,,,,341.56
0.188,,,,,341.56
0.192,,,,,341.56
0.196,,,,,341.56
0.2,,,,,341.56
0.204,,,,,341.56
0.208,,,,,341.56
0.212,,,,,341.56
0.216,,,,,341.56
0.22,,,,,341.56
0.224,,,,,341.56
0.228,,,,,341.56
0.232,,,,,341.56
0.236,,,,,341.56
0.24,,,,,341.56
0.244,,,,,341.56
0.248,,,,,341.56
0.252,,,,,341.56
0.256,,,,,341.56
0.26,,,,,341.56
0.264,,,,,341.56
0.268,,,,,341.56
0.272,,,,,341.56
0.276,,,,,341.56
0.28,,,,,341.56
0.284,,,,,341.56
0.288,,,,,341.56
0.292,,,,,341.56
0.296,,,,,341.56
0.3,,,,,341.56
0.304,,,,,341.56
0.308,,,,,341.56
0.312,,,,,341.56
0.316,,,,,341.56
0.32,,,,,341.56
0.324,,,,,341.56
0.328,,,,,341.56
0.332,,,,,341.56
0.336,,,,,341.56
0.34,,,,,341.56
0.344,,,,,341.56
0.348,,,,,341.56
0.352,,,,,341.56
0.356,,,,,341.56
0.36,,,,,341.56
0.364,,,,,341.56
0.368,,,,,341.56
0.372,,,,,341.56
0.376,,,,,341.56
0.38,,,,,341.56
0.384,,,,,341.56
0.388,,,,,341.56
0.392,,,,,341.56
0.396,,,,,341.56
0.4,,,,,341.56
0.404,,,,,341.56
0.408,,,,,341.56
0.412,,,,,341.56
0.416,,,,,341.56
0.42,,,,,341.56
0.424,,,,,341.56
0.428,,,,,341.56
0.432,,,,,341.56
0.436,,,,,341.56
0.44,,,,,341.56
0.444,,,,,341.56
0.448,,,,,341.56
0.452,,,,,341.56
0.456,,,,,341.56
0.46,,,,,341.56
0.464,,,,,341.56
0.468,,,,,341.56
0.472,,,,,341.56
0.476,,,,,341.56
0.48,,,,,341.56
0.484,,,,,341.56
0.488,,,,,341.56
0.492,,,,,341.56
0.496,,,,,341.56
0.5,,,,,341.56
0.504,,,,,341.56
0.508,,,,,341.56
0.512,,,,,341.56
0.516,,,,,341.56
0.52,,,,,341.56
0.524,,,,,341.56
0.528,,,,,341.56
0.532,,,,,341.56
0.536,,,,,341.56
0.54,,,,,341.56
0.544,,,,,341.56
0.548,,,,,341.56
0.552,,,,,341.56
0.556,,,,,341.56
0.56,,,,,341.56
0.564,,,,,341.56
0.568,,,,,341.56
0.572,,,,,341.56
0.576,,,,,341.56
0.58,,,,,341.56
0.584,,,,,341.56
0.588,,,,,341.56
0.592,,,,,341.56
0.596,,,,,341.56
0.6,,,,,341.56
0.604,,,,,341.56
0.608,,,,,341.56
0.612,,,,,341.56
0.616,,,,,341.56
0.62,,,,,341.56
0.624,,,,,341.56
0.628,,,,,341.56
0.632,,,,,341.56
0.636,,,,,341.56
0.64,,,,,341.56
0.644,,,,,341.56
0.648,,,,,341.56
0.652,,,,,341.56
0.656,,,,,341.56
0.66,,,,,341.56
0.664,,,,,341.56
0.668,,,,,341.56
0.672,,,,,341.56
0.676,,,,,341.56
0.68,,,,,341.56
0.684,,,,,341.56
0.688,,,,,341.56
0.692,,,,,341.56
0.696,,,,,341.56
0.7,,,,,341.56
0.704,,,,,341.56
0.708,,,,,341.56
0.712,,,,,341.56
0.716,,,,,341.56
0.72,,,,,341.56
0.724,,,,,341.56
0.728,,,,,341.56
0.732,,,,,341.56
0.736,,,,,341.56
0.74,,,,,341.56
0.744,,,,,341.56
0.748,,,,,341.56
0.752,,,,,341.56
0.756,,,,,341.56
0.76,,,,,341.56
0.764,,,,,341.56
0.768,,,,,341.56
0.772,,,,,341.56
0.776,,,,,341.56
0.78,,,,,341.56
0.784,,,,,341.56
0.788,,,,,341.56
0.792,,,,,341.56
0.796,,,,,341.56
0.8,,,,,341.56
0.804,,,,,341.56
0.808,,,,,341.56
0.812,,,,,341.56
0.816,,,,,341.56
0.82,,,,,341.56
0.824,,,,,341.56
0.828,,,,,341.56
0.832,,,,,341.56
0.836,,,,,341.56
0.84,,,,,341.56
0.844,,,,,341.56
0.848,,,,,341.56
0.852,,,,,341.56
0.856,,,,,341.56
0.86,,,,,341.56
0.864,,,,,341.56
0.868,,,,,341.56
0.872,,,,,341.56
0.876,,,,,341.56
0.88,,,,,341.56
0.884,,,,,341.56
0.888,,,,,341.56
0.892,,,,,341.56
0.896,,,,,341.56
0.9,,,,,341.56
0.904,,,,,341.56
0.908,,,,,341.56
0.912,,,,,341.56
0.916,,,,,341.56
0.92,,,,,341.56
0.924,,,,,341.56
0.928,,,,,341.56
0.932,,,,,341.56
0.936,,,,,341.56
0.94,,,,,341.56
0.944,,,,,341.56
0.948,,,,,341.56
0.952,,,,,341.56
0.956,,,,,341.56
0.96,,,,,341.56
0.964,,,,,341.56
0.968,,,,,341.56
0.972,,,,,341.56
0.976,,,,,341.56
0.98,,,,,341.56
0.984,,,,,341.56
0.988,,,,,341.56
0.992,,,,,341.56
0.996,,,,,341.56
1.0,,,,,341.56
1.004,,,,,341.56
1.008,,,,,341.56
1.012,,,,,341.56
1.016,,,,,341.56
1.02,,,,,341.56
1.024,,,,,341.56
1.028,,,,,341.56
1.032,,,,,341.56
1.036,,,,,341.56
1.04,,,,,341.56
1.044,,,,,341.56
1.048,,,,,341.56
1.052,,,,,341.56
1.056,,,,,341.56
1.06,,,,,341.56
1.064,,,,,341.56
1.068,,,,,341.56
1.072,,,,,341.56
1.076,,,,,341.56
1.08,,,,,341.56
1.084,,,,,341.56
1.088,,,,,341.56
1.092,,,,,341.56
1.096,,,,,341.56
1.1,,,,,341.56
1.104,,,,,341.56
1.108,,,,,341.56
1.112,,,,,341.56
1.116,,,,,341.56
1.12,,,,,341.56
1.124,,,,,341.56
1.128,,,,,341.56
1.132,,,,,341.56
1.136,,,,,341.56
1.14,,,,,341.56
1.144,,,,,341.56
1.148,,,,,341.56
1.152,,,,,341.56
1.156,,,,,341.56
1.16,,,,,341.56
1.164,,,,,341.56
1.168,,,,,341.56
1.172,,,,,341.56
1.176,,,,,341.56
1.18,,,,,341.56
1.184,,,,,341.56
1.188,,,,,341.56
1.192,,,,,341.56
1.196,,,,,341.56
1.2,,,,,341.56
1.204,,,,,341.56
1.208,,,,,341.56
1.212,,,,,341.56
1.216,,,,,341.56
1.22,,,,,341.56
1.224,,,,,341.56
1.228,,,,,341.56
1.232,,,,,341.56
1.236,,,,,341.56
1.24,,,,,341.56
1.244,,,,,341.56
1.248,,,,,341.56
1.252,,,,,341.56
1.256,,,,,341.56
1.26,,,,,341.56
1.264,,,,,341.56
1.268,,,,,341.56
1.272,,,,,341.56
1.276,,,,,341.56
1.28,,,,,341.56
1.284,,,,,341.56
1.288,,,,,341.56
1.292,,,,,341.56
1.296,,,,,341.56
1.3,,,,,341.56
1.304,,,,,341.56
1.308,,,,,341.56
1.312,,,,,341.56
1.316,,,,,341.56
1.32,,,,,341.56
1.324,,,,,341.56
1.328,,,,,341.56
1.332,,,,,341.56
1.336,,,,,341.56
1.34,,,,,341.56
1.344,,,,,341.56
1.348,,,,,341.56
1.352,,,,,341.56
1.356,,,,,341.56
1.36,,,,,341.56
1.364,,,,,341.56
1.368,,,,,341.56
1.372,,,,,341.56
1.376,,,,,341.56
1.38,,,,,341.56
1.384,,,,,341.56
1.388,,,,,341.56
1.392,,,,,341.56
1.396,,,,,341.56
1.4,,,,,341.56
1.404,,,,,341.56
1.408,,,,,341.56
1.412,,,,,341.56
1.416,,,,,341.56
1.42,,,,,341.56
1.424,,,,,341.56
1.428,,,,,341.56
1.432,,,,,341.56
1.436,,,,,341.56
1.44,,,,,341.56
1.444,,,,,341.56
1.448,,,,,341.56
1.452,,,,,341.56
1.456,,,,,341.56
1.46,,,,,341.56
1.464,,,,,341.56
1.468,,,,,341.56
1.472,,,,,341.56
1.476,,,,,341.56
1.48,,,,,341.56
1.484,,,,,341.56
1.488,,,,,341.56
1.492,,,,,341.56
1.496,,,,,341.56
1.5,,,,,341.56
1.504,,,,,341.56
1.508,,,,,341.56
1.512,,,,,341.56
1.516,,,,,341.56
1.52,,,,,341.56
1.524,,,,,341.56
1.528,,,,,341.56
1.532,,,,,341.56
1.536,,,,,341.56
1.54,,,,,341.56
1.544,,,,,341.56
1.548,,,,,341.56
1.552,,,,,341.56
1.556,,,,,341.56
1.56,,,,,341.56
1.564,,,,,341.56
1.568,,,,,341.56
1.572,,,,,341.56
1.576,,,,,341.56
1.58,,,,,341.56
1.584,,,,,341.56
1.588,,,,,341.56
1.592,,,,,341.56
1.596,,,,,341.56
1.6,,,,,341.56
1.604,,,,,341.56
1.608,,,,,341.56
1.612,,,,,341.56
1.616,,,,,341.56
1.62,,,,,341.56
1.624,,,,,341.56
1.628,,,,,341.56
1.632,,,,,341.56
1.636,,,,,341.56
1.64,,,,,341.56
1.644,,,,,341.56
1.648,,,,,341.56
1.652,,,,,341.56
1.656,,,,,341.56
1.66,,,,,341.56
1.664,,,,,341.56
1.668,,,,,341.56
1.672,,,,,341.56
1.676,,,,,341.56
1.68,,,,,341.56
1.684,,,,,341.56
1.688,,,,,341.56
1.692,,,,,341.56
1.696,,,,,341.56
1.7,,,,,341.56
1.704,,,,,341.56
1.708,,,,,341.56
1.712,,,,,341.56
1.716,,,,,341.56
1.72,,,,,341.56
1.724,,,,,341.56
1.728,,,,,341.56
1.732,,,,,341.56
1.736,,,,,341.56
1.74,,,,,341.56
1.744,,,,,341.56
1.748,,,,,341.56
1.752,,,,,341.56
1.756,,,,,341.56
1.76,,,,,341.56
1.764,,,,,341.56
1.768,,,,,341.56
1.772,,,,,341.56
1.776,,,,,341.56
1.78,,,,,341.56
1.784,,,,,341.56
1.788,,,,,341.56
1.792,,,,,341.56
1.796,,,,,341.56
1.8,,,,,341.56
1.804,,,,,341.56
1.808,,,,,341.56
1.812,,,,,341.56
1.816,,,,,341.56
1.82,,,,,341.56
1.824,,,,,341.56
1.828,,,,,341.56
1.832,,,,,341.56
1.836,,,,,341.56
1.84,,,,,341.56
1.844,,,,,341.56
1.848,,,,,341.56
1.852,,,,,341.56
1.856,,,,,341.56
1.86,,,,,341.56
1.864,,,,,341.56
1.868,,,,,341.56
1.872,,,,,341.56
1.876,,,,,341.56
1.88,,,,,341.56
1.884,,,,,341.56
1.888,,,,,341.56
1.892,,,,,341.56
1.896,,,,,341.56
1.9,,,,,341.56
1.904,,,,,341.56
1.908,,,,,341.56
1.912,,,,,341.56
1.916,,,,,341.56
1.92,,,,,341.56
1.924,,,,,341.56
1.928,,,,,341.56
1.932,,,,,341.56
1.936,,,,,341.56
1.94,,,,,341.56
1.944,,,,,341.56
1.948,,,,,341.56
1.952,,,,,341.56
1.956,,,,,341.56
1.96,,,,,341.56
1.964,,,,,341.56
1.968,,,,,341.56
1.972,,,,,341.56
1.976,,,,,341.56
1.98,,,,,341.56
1.984,,,,,341.56
1.988,,,,,341.56
1.992,,,,,341.56
1.996,,,,,341.56
2.0,,,,,341.56
2.004,,,,,341.56
2.008,,,,,341.56
2.012,,,,,341.56
2.016,,,,,341.56
2.02,,,,,341.56
2.024,,,,,341.56
2.028,,,,,341.56
2.032,,,,,341.56
2.036,,,,,341.56
2.04,,,,,341.56
2.044,,,,,341.56
2.048,,,,,341.56
2.052,,,,,341.56
2.056,,,,,341.56
2.06,,,,,341.56
2.064,,,,,341.56
2.068,,,,,341.56
2.072,,,,,341.56
2.076,,,,,341.56
2.08,,,,,341.56
2.084,,,,,341.56
2.088,,,,,341.56
2.092,,,,,341.56
2.096,,,,,341.56
2.1,,,,,341.56
2.104,,,,,341.56
2.108,,,,,341.56
2.112,,,,,341.56
2.116,,,,,341.56
2.12,,,,,341.56
2.124,,,,,341.56
2.128,,,,,341.56
2.132,,,,,341.56
2.136,,,,,341.56
2.14,,,,,341.56
2.144,,,,,341.56
2.148,,,,,341.56
2.152,,,,,341.56
2.156,,,,,341.56
2.16,,,,,341.56
2.164,,,,,341.56
2.168,,,,,341.56
2.172,,,,,341.56
2.176,,,,,341.56
2.18,,,,,341.56
2.184,,,,,341.56
2.188,,,,,341.56
2.192,,,,,341.56
2.196,,,,,341.56
2.2,,,,,341.56
2.204,,,,,341.56
2.208,,,,,341.56
2.212,,,,,341.56
2.216,,,,,341.56
2.22,,,,,341.56
2.224,,,,,341.56
2.228,,,,,341.56
2.232,,,,,341.56
2.236,,,,,341.56
2.24,,,,,341.56
2.244,,,,,341.56
2.248,,,,,341.56
2.252,,,,,341.56
2.256,,,,,341.56
2.26,,,,,341.56
2.264,,,,,341.56
2.268,,,,,341.56
2.272,,,,,341.56
2.276,,,,,341.56
2.28,,,,,341.56
2.284,,,,,341.56
2.288,,,,,341.56
2.292,,,,,341.56
2.296,,,,,341.56
2.3,,,,,341.56
2.304,,,,,341.56
2.308,,,,,341.56
2.312,,,,,341.56
2.316,,,,,341.56
2.32,,,,,341.56
2.324,,,,,341.56
2.328,,,,,341.56
2.332,,,,,341.56
2.336,,,,,341.56
2.34,,,,,341.56
2.344,,,,,341.56
2.348,,,,,341.56
2.352,,,,,341.56
2.356,,,,,341.56
2.36,,,,,341.56
2.364,,,,,341.56
2.368,,,,,341.56
2.372,,,,,341.56
2.376,,,,,341.56
2.38,,,,,341.56
2.384,,,,,341.56
2.388,,,,,341.56
2.392,,,,,341.56
2.396,,,,,341.56
2.4,,,,,341.56
2.404,,,,,341.56
2.408,,,,,341.56
2.412,,,,,341.56
2.416,,,,,341.56
2.42,,,,,341.56
2.424,,,,,341.56
2.428,,,,,341.56
2.432,,,,,341.56
2.436,,,,,341.56
2.44,,,,,341.56
2.444,,,,,341.56
2.448,,,,,341.56
2.452,,,,,341.56
2.456,,,,,341.56
2.46,,,,,341.56
2.464,,,,,341.56
2.468,,,,,341.56
2.472,,,,,341.56
2.476,,,,,341.56
2.48,,,,,341.56
2.484,,,,,341.56
2.488,,,,,341.56
2.492,,,,,341.56
2.496,,,,,341.56
2.5,,,,,341.56
2.504,,,,,341.56
2.508,,,,,341.56
2.512,,,,,341.56
2.516,,,,,341.56
2.52,,,,,341.56
2.524,,,,,341.56
2.528,,,,,341.56
2.532,,,,,341.56
2.536,,,,,341.56
2.54,,,,,341.56
2.544,,,,,341.56
2.548,,,,,341.56
2.552,,,,,341.56
2.556,,,,,341.56
2.56,,,,,341.56
2.564,,,,,341.56
2.568,,,,,341.56
2.572,,,,,341.56
2.576,,,,,341.56
2.58,,,,,341.56
2.584,,,,,341.56
2.588,,,,,341.56
2.592,,,,,341.56
2.596,,,,,341.56
2.6,,,,,341.56
2.604,,,,,341.56
2.608,,,,,341.56
2.612,,,,,341.56
2.616,,,,,341.56
2.62,,,,,341.56
2.624,,,,,341.56
2.628,,,,,341.56
2.632,,,,,341.56
2.636,,,,,341.56
2.64,,,,,341.56
2.644,,,,,341.56
2.648,,,,,341.56
2.652,,,,,341.56
2.656,,,,,341.56
2.66,,,,,341.56
2.664,,,,,341.56
2.668,,,,,341.56
2.672,,,,,341.56
2.676,,,,,341.56
2.68,,,,,341.56
2.684,,,,,341.56
2.688,,,,,341.56
2.692,,,,,341.56
2.696,,,,,341.56
2.7,,,,,341.56
2.704,,,,,341.56
2.708,,,,,341.56
2.712,,,,,341.56
2.716,,,,,341.56
2.72,,,,,341.56
2.724,,,,,341.56
2.728,,,,,341.56
2.732,,,,,341.56
2.736,,,,,341.56
2.74,,,,,341.56
2.744,,,,,341.56
2.748,,,,,341.56
2.752,,,,,341.56
2.756,,,,,341.56
2.76,,,,,341.56
2.764,,,,,341.56
2.768,,,,,341.56
2.772,,,,,341.56
2.776,,,,,341.56
2.78,,,,,341.56
2.784,,,,,341.56
2.788,,,,,341.56
2.792,,,,,341.56
2.796,,,,,341.56
2.8,,,,,341.56
2.804,,,,,341.56
2.808,,,,,341.56
2.812,,,,,341.56
2.816,,,,,341.56
2.82,,,,,341.56
2.824,,,,,341.56
2.828,,,,,341.56
2.832,,,,,341.56
2.836,,,,,341.56
2.84,,,,,341.56
2.844,,,,,341.56
2.848,,,,,341.56
2.852,,,,,341.56
2.856,,,,,341.56
2.86,,,,,341.56
2.864,,,,,341.56
2.868,,,,,341.56
2.872,,,,,341.56
2.876,,,,,341.56
2.88,,,,,341.56
2.884,,,,,341.56
2.888,,,,,341.56
2.892,,,,,341.56
2.896,,,,,341.56
2.9,,,,,341.56
2.904,,,,,341.56
2.908,,,,,341.56
2.912,,,,,341.56
2.916,,,,,341.56
2.92,,,,,341.56
2.924,,,,,341.56
2.928,,,,,341.56
2.932,,,,,341.56
2.936,,,,,341.56
2.94,,,,,341.56
2.944,,,,,341.56
2.948,,,,,341.56
2.952,,,,,341.56
2.956,,,,,341.56
2.96,,,,,341.56
2.964,,,,,341.56
2.968,,,,,341.56
2.972,,,,,341.56
2.976,,,,,341.56
2.98,,,,,341.56
2.984,,,,,341.56
2.988,,,,,341.56
2.992,,,,,341.56
2.996,,,,,341.56
3.0,,,,,341.56
3.004,,,,,341.56
3.008,,,,,341.56
3.012,,,,,341.56
3.016,,,,,341.56
3.02,,,,,341.56
3.024,,,,,341.56
3.028,,,,,341.56
3.032,,,,,341.56
3.036,,,,,341.56
3.04,,,,,341.56
3.044,,,,,341.56
3.048,,,,,341.56
3.052,,,,,341.56
3.056,,,,,341.56
3.06,,,,,341.56
3.064,,,,,341.56
3.068,,,,,341.56
3.072,,,,,341.56
3.076,,,,,341.56
3.08,,,,,341.56
3.084,,,,,341.56
3.088,,,,,341.56
3.092,,,,,341.56
3.096,,,,,341.56
3.1,,,,,341.56
3.104,,,,,341.56
3.108,,,,,341.56
3.112,,,,,341.56
3.116,,,,,341.56
3.12,,,,,341.56
3.124,,,,,341.56
3.128,,,,,341.56
3.132,,,,,341.56
3.136,,,,,341.56
3.14,,,,,341.56
3.144,,,,,341.56
3.148,,,,,341.56
3.152,,,,,341.56
3.156,,,,,341.56
3.16,,,,,341.56
3.164,,,,,341.56
3.168,,,,,341.56
3.172,,,,,341.56
3.176,,,,,341.56
3.18,,,,,341.56
3.184,,,,,341.56
3.188,,,,,341.56
3.192,,,,,341.56
3.196,,,,,341.56
3.2,,,,,341.56
3.204,,,,,341.56
3.208,,,,,341.56
3.212,,,,,341.56
3.216,,,,,341.56
3.22,,,,,341.56
3.224,,,,,341.56
3.228,,,,,341.56
3.232,,,,,341.56
3.236,,,,,341.56
3.24,,,,,341.56
3.244,,,,,341.56
3.248,,,,,341.56
3.252,,,,,341.56
3.256,,,,,341.56
3.26,,,,,341.56
3.264,,,,,341.56
3.268,,,,,341.56
3.272,,,,,341.56
3.276,,,,,341.56
3.28,,,,,341.56
3.284,,,,,341.56
3.288,,,,,341.56
3.292,,,,,341.56
3.296,,,,,341.56
3.3,,,,,341.56
3.304,,,,,341.56
3.308,,,,,341.56
3.312,,,,,341.56
3.316,,,,,341.56
3.32,,,,,341.56
3.324,,,,,341.56
3.328,,,,,341.56
3.332,,,,,341.56
3.336,,,,,341.56
3.34,,,,,341.56
3.344,,,,,341.56
3.348,,,,,341.56
3.352,,,,,341.56
3.356,,,,,341.56
3.36,,,,,341.56
3.364,,,,,341.56
3.368,,,,,341.56
3.372,,,,,341.56
3.376,,,,,341.56
3.38,,,,,341.56
3.384,,,,,341.56
3.388,,,,,341.56
3.392,,,,,341.56
3.396,,,,,341.56
3.4,,,,,341.56
3.404,,,,,341.56
3.408,,,,,341.56
3.412,,,,,341.56
3.416,,,,,341.56
3.42,,,,,341.56
3.424,,,,,341.56
3.428,,,,,341.56
3.432,,,,,341.56
3.436,,,,,341.56
3.44,,,,,341.56
3.444,,,,,341.56
3.448,,,,,341.56
3.452,,,,,341.56
3.456,,,,,341.56
3.46,,,,,341.56
3.464,,,,,341.56
3.468,,,,,341.56
3.472,,,,,341.56
3.476,,,,,341.56
3.48,,,,,341.56
3.484,,,,,341.56
3.488,,,,,341.56
3.492,,,,,341.56
3.496,,,,,341.56
3.5,,,,,341.56
3.504,,,,,341.56
3.508,,,,,341.56
3.512,,,,,341.56
3.516,,,,,341.56
3.52,,,,,341.56
3.524,,,,,341.56
3.528,,,,,341.56
3.532,,,,,341.56
3.536,,,,,341.56
3.54,,,,,341.56
3.544,,,,,341.56
3.548,,,,,341.56
3.552,,,,,341.56
3.556,,,,,341.56
3.56,,,,,341.56
3.564,,,,,341.56
3.568,,,,,341.56
3.572,,,,,341.56
3.576,,,,,341.56
3.58,,,,,341.56
3.584,,,,,341.56
3.588,,,,,341.56
3.592,,,,,341.56
3.596,,,,,341.56
3.6,,,,,341.56
3.604,,,,,341.56
3.608,,,,,341.56
3.612,,,,,341.56
3.616,,,,,341.56
3.62,,,,,341.56
3.624,,,,,341.56
3.628,,,,,341.56
3.632,,,,,341.56
3.636,,,,,341.56
3.64,,,,,341.56
3.644,,,,,341.56
3.648,,,,,341.56
3.652,,,,,341.56
3.656,,,,,341.56
3.66,,,,,341.56
3.664,,,,,341.56
3.668,,,,,341.56
3.672,,,,,341.56
3.676,,,,,341.56
3.68,,,,,341.56
3.684,,,,,341.56
3.688,,,,,341.56
3.692,,,,,341.56
3.696,,,,,341.56
3.7,,,,,341.56
3.704,,,,,341.56
3.708,,,,,341.56
3.712,,,,,341.56
3.716,,,,,341.56
3.72,,,,,341.56
3.724,,,,,341.56
3.728,,,,,341.56
3.732,,,,,341.56
3.736,,,,,341.56
3.74,,,,,341.56
3.744,,,,,341.56
3.748,,,,,341.56
3.752,,,,,341.56
3.756,,,,,341.56
3.76,,,,,341.56
3.764,,,,,341.56
3.768,,,,,341.56
3.772,,,,,341.56
3.776,,,,,341.56
3.78,,,,,341.56
3.784,,,,,341.56
3.788,,,,,341.56
3.792,,,,,341.56
3.796,,,,,341.56
3.8,,,,,341.56
3.804,,,,,341.56
3.808,,,,,341.56
3.812,,,,,341.56
3.816,,,,,341.56
3.82,,,,,341.56
3.824,,,,,341.56
3.828,,,,,341.56
3.832,,,,,341.56
3.836,,,,,341.56
3.84,,,,,341.56
3.844,,,,,341.56
3.848,,,,,341.56
3.852,,,,,341.56
3.856,,,,,341.56
3.86,,,,,341.56
3.864,,,,,341.56
3.868,,,,,341.56
3.872,,,,,341.56
3.876,,,,,341.56
3.88,,,,,341.56
3.884,,,,,341.56
3.888,,,,,341.56
3.892,,,,,341.56
3.896,,,,,341.56
3.9,,,,,341.56
3.904,,,,,341.56
3.908,,,,,341.56
3.912,,,,,341.56
3.916,,,,,341.56
3.92,,,,,341.56
3.924,,,,,341.56
3.928,,,,,341.56
3.932,,,,,341.56
3.936,,,,,341.56
3.94,,,,,341.56
3.944,,,,,341.56
3.948,,,,,341.56
3.952,,,,,341.56
3.956,,,,,341.56
3.96,,,,,341.56
3.964,,,,,341.56
3.968,,,,,341.56
3.972,,,,,341.56
3.976,,,,,341.56
3.98,,,,,341.56
3.984,,,,,341.56
3.988,,,,,341.56
3.992,,,,,341.56
3.996,,,,,341.56
4.0,,,,,341.56
4.004,,,,,341.56
4.008,,,,,341.56
4.012,,,,,341.56
4.016,,,,,341.56
4.02,,,,,341.56
4.024,,,,,341.56
4.028,,,,,341.56
4.032,,,,,341.56
4.036,,,,,341.56
4.04,,,,,341.56
4.044,,,,,341.56
4.048,,,,,341.56
4.052,,,,,341.56
4.056,,,,,341.56
4.06,,,,,341.56
4.064,,,,,341.56
4.068,,,,,341.56
4.072,,,,,341.56
4.076,,,,,341.56
4.08,,,,,341.56
4.084,,,,,341.56
4.088,,,,,341.56
4.092,,,,,341.56
4.096,,,,,341.56
4.1,,,,,341.56
4.104,,,,,341.56
4.108,,,,,341.56
4.112,,,,,341.56
4.116,,,,,341.56
4.12,,,,,341.56
4.124,,,,,341.56
4.128,,,,,341.56
4.132,,,,,341.56
4.136,,,,,341.56
4.14,,,,,341.56
4.144,,,,,341.56
4.148,,,,,341.56
4.152,,,,,341.56
4.156,,,,,341.56
4.16,,,,,341.56
4.164,,,,,341.56
4.168,,,,,341.56
4.172,,,,,341.56
4.176,,,,,341.56
4.18,,,,,341.56
4.184,,,,,341.56
4.188,,,,,341.56
4.192,,,,,341.56
4.196,,,,,341.56
4.2,,,,,341.56
4.204,,,,,341.56
4.208,,,,,341.56
4.212,,,,,341.56
4.216,,,,,341.56
4.22,,,,,341.56
4.224,,,,,341.56
4.228,,,,,341.56
4.232,,,,,341.56
4.236,,,,,341.56
4.24,,,,,341.56
4.244,,,,,341.56
4.248,,,,,341.56
4.252,,,,,341.56
4.256,,,,,341.56
4.26,,,,,341.56
4.264,,,,,341.56
4.268,,,,,341.56
4.272,,,,,341.56
4.276,,,,,341.56
4.28,,,,,341.56
4.284,,,,,341.56
4.288,,,,,341.56
4.292,,,,,341.56
4.296,,,,,341.56
4.3,,,,,341.56
4.304,,,,,341.56
4.308,,,,,341.56
4.312,,,,,341.56
4.316,,,,,341.56
4.32,,,,,341.56
4.324,,,,,341.56
4.328,,,,,341.56
4.332,,,,,341.56
4.336,,,,,341.56
4.34,,,,,341.56
4.344,,,,,341.56
4.348,,,,,341.56
4.352,,,,,341.56
4.356,,,,,341.56
4.36,,,,,341.56
4.364,,,,,341.56
4.368,,,,,341.56
4.372,,,,,341.56
4.376,,,,,341.56
4.38,,,,,341.56
4.384,,,,,341.56
4.388,,,,,341.56
4.392,,,,,341.56
4.396,,,,,341.56
4.4,,,,,341.56
4.404,,,,,341.56
4.408,,,,,341.56
4.412,,,,,341.56
4.416,,,,,341.56
4.42,,,,,341.56
4.424,,,,,341.56
4.428,,,,,341.56
4.432,,,,,341.56
4.436,,,,,341.56
4.44,,,,,341.56
4.444,,,,,341.56
4.448,,,,,341.56
4.452,,,,,341.56
4.456,,,,,341.56
4.46,,,,,341.56
4.464,,,,,341.56
4.468,,,,,341.56
4.472,,,,,341.56
4.476,,,,,341.56
4.48,,,,,341.56
4.484,,,,,341.56
4.488,,,,,341.56
4.492,,,,,341.56
4.496,,,,,341.56
4.5,,,,,341.56
4.504,,,,,341.56
4.508,,,,,341.56
4.512,,,,,341.56
4.516,,,,,341.56
4.52,,,,,341.56
4.524,,,,,341.56
4.528,,,,,341.56
4.532,,,,,341.56
4.536,,,,,341.56
4.54,,,,,341.56
4.544,,,,,341.56
4.548,,,,,341.56
4.552,,,,,341.56
4.556,,,,,341.56
4.56,,,,,341.56
4.564,,,,,341.56
4.568,,,,,341.56
4.572,,,,,341.56
4.576,,,,,341.56
4.58,,,,,341.56
4.584,,,,,341.56
4.588,,,,,341.56
4.592,,,,,341.56
4.596,,,,,341.56
4.6,,,,,341.56
4.604,,,,,341.56
4.608,,,,,341.56
4.612,,,,,341.56
4.616,,,,,341.56
4.62,,,,,341.56
4.624,,,,,341.56
4.628,,,,,341.56
4.632,,,,,341.56
4.636,,,,,341.56
4.64,,,,,341.56
4.644,,,,,341.56
4.648,,,,,341.56
4.652,,,,,341.56
4.656,,,,,341.56
4.66,,,,,341.56
4.664,,,,,341.56
4.668,,,,,341.56
4.672,,,,,341.56
4.676,,,,,341.56
4.68,,,,,341.56
4.684,,,,,341.56
4.688,,,,,341.56
4.692,,,,,341.56
4.696,,,,,341.56
4.7,,,,,341.56
4.704,,,,,341.56
4.708,,,,,341.56
4.712,,,,,341.56
4.716,,,,,341.56
4.72,,,,,341.56
4.724,,,,,341.56
4.728,,,,,341.56
4.732,,,,,341.56
4.736,,,,,341.56
4.74,,,,,341.56
4.744,,,,,341.56
4.748,,,,,341.56
4.752,,,,,341.56
4.756,,,,,341.56
4.76,,,,,341.56
4.764,,,,,341.56
4.768,,,,,341.56
4.772,,,,,341.56
4.776,,,,,341.56
4.78,,,,,341.56
4.784,,,,,341.56
4.788,,,,,341.56
4.792,,,,,341.56
4.796,,,,,341.56
4.8,,,,,341.56
4.804,,,,,341.56
4.808,,,,,341.56
4.812,,,,,341.56
4.816,,,,,341.56
4.82,,,,,341.56
4.824,,,,,341.56
4.828,,,,,341.56
4.832,,,,,341.56
4.836,,,,,341.56
4.84,,,,,341.56
4.844,,,,,341.56
4.848,,,,,341.56
4.852,,,,,341.56
4.856,,,,,341.56
4.86,,,,,341.56
4.864,,,,,341.56
4.868,,,,,341.56
4.872,,,,,341.56
4.876,,,,,341.56
4.88,,,,,341.56
4.884,,,,,341.56
4.888,,,,,341.56
4.892,,,,,341.56
4.896,,,,,341.56
4.9,,,,,341.56
4.904,,,,,341.56
4.908,,,,,341.56
4.912,,,,,341.56
4.916,,,,,341.56
4.92,,,,,341.56
4.924,,,,,341.56
4.928,,,,,341.56
4.932,,,,,341.56
4.936,,,,,341.56
4.94,,,,,341.56
4.944,,,,,341.56
4.948,,,,,341.56
4.952,,,,,341.56
4.956,,,,,341.56
4.96,,,,,341.56
4.964,,,,,341.56
4.968,,,,,341.56
4.972,,,,,341.56
4.976,,,,,341.56
4.98,,,,,341.56
4.984,,,,,341.56
4.988,,,,,341.56
4.992,,,,,341.56
4.996,,,,,341.56
5.0,,,,,341.56
5.004,,,,,341.56
5.008,,,,,341.56
5.012,,,,,341.56
5.016,,,,,341.56
5.02,,,,,341.56
5.024,,,,,341.56
5.028,,,,,341.56
5.032,,,,,341.56
5.036,,,,,341.56
5.04,,,,,341.56
5.044,,,,,341.56
5.048,,,,,341.56
5.052,,,,,341.56
5.056,,,,,341.56
5.06,,,,,341.56
5.064,,,,,341.56
5.068,,,,,341.56
5.072,,,,,341.56
5.076,,,,,341.56
5.08,,,,,341.56
5.084,,,,,341.56
5.088,,,,,341.56
5.092,,,,,341.56
5.096,,,,,341.56
5.1,,,,,341.56
5.104,,,,,341.56
5.108,,,,,341.56
5.112,,,,,341.56
5.116,,,,,341.56
5.12,,,,,341.56
5.124,,,,,341.56
5.128,,,,,341.56
5.132,,,,,341.56
5.136,,,,,341.56
5.14,,,,,341.56
5.144,,,,,341.56
5.148,,,,,341.56
5.152,,,,,341.56
5.156,,,,,341.56
5.16,,,,,341.56
5.164,,,,,341.56
5.168,,,,,341.56
5.172,,,,,341.56
5.176,,,,,341.56
5.18,,,,,341.56
5.184,,,,,341.56
5.188,,,,,341.56
5.192,,,,,341.56
5.196,,,,,341.56
5.2,,,,,341.56
5.204,,,,,341.56
5.208,,,,,341.56
5.212,,,,,341.56
5.216,,,,,341.56
5.22,,,,,341.56
5.224,,,,,341.56
5.228,,,,,341.56
5.232,,,,,341.56
5.236,,,,,341.56
5.24,,,,,341.56
5.244,,,,,341.56
5.248,,,,,341.56
5.252,,,,,341.56
5.256,,,,,341.56
5.26,,,,,341.56
5.264,,,,,341.56
5.268,,,,,341.56
5.272,,,,,341.56
5.276,,,,,341.56
5.28,,,,,341.56
5.284,,,,,341.56
5.288,,,,,341.56
5.292,,,,,341.56
5.296,,,,,341.56
5.3,,,,,341.56
5.304,,,,,341.56
5.308,,,,,341.56
5.312,,,,,341.56
5.316,,,,,341.56
5.32,,,,,341.56
5.324,,,,,341.56
5.328,,,,,341.56
5.332,,,,,341.56
5.336,,,,,341.56
5.34,,,,,341.56
5.344,,,,,341.56
5.348,,,,,341.56
5.352,,,,,341.56
5.356,,,,,341.56
5.36,,,,,341.56
5.364,,,,,341.56
5.368,,,,,341.56
5.372,,,,,341.56
5.376,,,,,341.56
5.38,,,,,341.56
5.384,,,,,341.56
5.388,,,,,341.56
5.392,,,,,341.56
5.396,,,,,341.56
5.4,,,,,341.56
5.404,,,,,341.56
5.408,,,,,341.56
5.412,,,,,341.56
5.416,,,,,341.56
5.42,,,,,341.56
5.424,,,,,341.56
5.428,,,,,341.56
5.432,,,,,341.56
5.436,,,,,341.56
5.44,,,,,341.56
5.444,,,,,341.56
5.448,,,,,341.56
5.452,,,,,341.56
5.456,,,,,341.56
5.46,,,,,341.56
5.464,,,,,341.56
5.468,,,,,341.56
5.472,,,,,341.56
5.476,,,,,341.56
5.48,,,,,341.56
5.484,,,,,341.56
5.488,,,,,341.56
5.492,,,,,341.56
5.496,,,,,341.56
5.5,,,,,341.56
5.504,,,,,341.56
5.508,,,,,341.56
5.512,,,,,341.56
5.516,,,,,341.56
5.52,,,,,341.56
5.524,,,,,341.56
5.528,,,,,341.56
5.532,,,,,341.56
5.536,,,,,341.56
5.54,,,,,341.56
5.544,,,,,341.56
5.548,,,,,341.56
5.552,,,,,341.56
5.556,,,,,341.56
5.56,,,,,341.56
5.564,,,,,341.56
5.568,,,,,341.56
5.572,,,,,341.56
5.576,,,,,341.56
5.58,,,,,341.56
5.584,,,,,341.56
5.588,,,,,341.56
5.592,,,,,341.56
5.596,,,,,341.56
5.6,,,,,341.56
5.604,,,,,341.56
5.608,,,,,341.56
5.612,,,,,341.56
5.616,,,,,341.56
5.62,,,,,341.56
5.624,,,,,341.56
5.628,,,,,341.56
5.632,,,,,341.56
5.636,,,,,341.56
5.64,,,,,341.56
5.644,,,,,341.56
5.648,,,,,341.56
5.652,,,,,341.56
5.656,,,,,341.56
5.66,,,,,341.56
5.664,,,,,341.56
5.668,,,,,341.56
5.672,,,,,341.56
5.676,,,,,341.56
5.68,,,,,341.56
5.684,,,,,341.56
5.688,,,,,341.56
5.692,,,,,341.56
5.696,,,,,341.56
5.7,,,,,341.56
5.704,,,,,341.56
5.708,,,,,341.56
5.712,,,,,341.56
5.716,,,,,341.56
5.72,,,,,341.56
5.724,,,,,341.56
5.728,,,,,341.56
5.732,,,,,341.56
5.736,,,,,341.56
5.74,,,,,341.56
5.744,,,,,341.56
5.748,,,,,341.56
5.752,,,,,341.56
5.756,,,,,341.56
5.76,,,,,341.56
5.764,,,,,341.56
5.768,,,,,341.56
5.772,,,,,341.56
5.776,,,,,341.56
5.78,,,,,341.56
5.784,,,,,341.56
5.788,,,,,341.56
5.792,,,,,341.56
5.796,,,,,341.56
5.8,,,,,341.56
5.804,,,,,341.56
5.808,,,,,341.56
5.812,,,,,341.56
5.816,,,,,341.56
5.82,,,,,341.56
5.824,,,,,341.56
5.828,,,,,341.56
5.832,,,,,341.56
5.836,,,,,341.56
5.84,,,,,341.56
5.844,,,,,341.56
5.848,,,,,341.56
5.852,,,,,341.56
5.856,,,,,341.56
5.86,,,,,341.56
5.864,,,,,341.56
5.868,,,,,341.56
5.872,,,,,341.56
5.876,,,,,341.56
5.88,,,,,341.56
5.884,,,,,341.56
5.888,,,,,341.56
5.892,,,,,341.56
5.896,,,,,341.56
5.9,,,,,341.56
5.904,,,,,341.56
5.908,,,,,341.56
5.912,,,,,341.56
5.916,,,,,341.56
5.92,,,,,341.56
5.924,,,,,341.56
5.928,,,,,341.56
5.932,,,,,341.56
5.936,,,,,341.56
5.94,,,,,341.56
5.944,,,,,341.56
5.948,,,,,341.56
5.952,,,,,341.56
5.956,,,,,341.56
5.96,,,,,341.56
5.964,,,,,341.56
5.968,,,,,341.56
5.972,,,,,341.56
5.976,,,,,341.56
5.98,,,,,341.56
5.984,,,,,341.56
5.988,,,,,341.56
5.992,,,,,341.56
5.996,,,,,341.56
6.0,,,,,341.56
6.004,,,,,341.56
6.008,,,,,341.56
6.012,,,,,341.56
6.016,,,,,341.56
6.02,,,,,341.56
6.024,,,,,341.56
6.028,,,,,341.56
6.032,,,,,341.56
6.036,,,,,341.56
6.04,,,,,341.56
6.044,,,,,341.56
6.048,,,,,341.56
6.052,,,,,341.56
6.056,,,,,341.56
6.06,,,,,341.56
6.064,,,,,341.56
6.068,,,,,341.56
6.072,,,,,341.56
6.076,,,,,341.56
6.08,,,,,341.56
6.084,,,,,341.56
6.088,,,,,341.56
6.092,,,,,341.56
6.096,,,,,341.56
6.1,,,,,341.56
6.104,,,,,341.56
6.108,,,,,341.56
6.112,,,,,341.56
6.116,,,,,341.56
6.12,,,,,341.56
6.124,,,,,341.56
6.128,,,,,341.56
6.132,,,,,341.56
6.136,,,,,341.56
6.14,,,,,341.56
6.144,,,,,341.56
6.148,,,,,341.56
6.152,,,,,341.56
6.156,,,,,341.56
6.16,,,,,341.56
6.164,,,,,341.56
6.168,,,,,341.56
6.172,,,,,341.56
6.176,,,,,341.56
6.18,,,,,341.56
6.184,,,,,341.56
6.188,,,,,341.56
6.192,,,,,341.56
6.196,,,,,341.56
6.2,,,,,341.56
6.204,,,,,341.56
6.208,,,,,341.56
6.212,,,,,341.56
6.216,,,,,341.56
6.22,,,,,341.56
6.224,,,,,341.56
6.228,,,,,341.56
6.232,,,,,341.56
6.236,,,,,341.56
6.24,,,,,341.56
6.244,,,,,341.56
6.248,,,,,341.56
6.252,,,,,341.56
6.256,,,,,341.56
6.26,,,,,341.56
6.264,,,,,341.56
6.268,,,,,341.56
6.272,,,,,341.56
6.276,,,,,341.56
6.28,,,,,341.56
6.284,,,,,341.56
6.288,,,,,341.56
6.292,,,,,341.56
6.296,,,,,341.56
6.3,,,,,341.56
6.304,,,,,341.56
6.308,,,,,341.56
6.312,,,,,341.56
6.316,,,,,341.56
6.32,,,,,341.56
6.324,,,,,341.56
6.328,,,,,341.56
6.332,,,,,341.56
6.336,,,,,341.56
6.34,,,,,341.56
6.344,,,,,341.56
6.348,,,,,341.56
6.352,,,,,341.56
6.356,,,,,341.56
6.36,,,,,341.56
6.364,,,,,341.56
6.368,,,,,341.56
6.372,,,,,341.56
6.376,,,,,341.56
6.38,,,,,341.56
6.384,,,,,341.56
6.388,,,,,341.56
6.392,,,,,341.56
6.396,,,,,341.56
6.4,,,,,341.56
6.404,,,,,341.56
6.408,,,,,341.56
6.412,,,,,341.56
6.416,,,,,341.56
6.42,,,,,341.56
6.424,,,,,341.56
6.428,,,,,341.56
6.432,,,,,341.56
6.436,,,,,341.56
6.44,,,,,341.56
6.444,,,,,341.56
6.448,,,,,341.56
6.452,,,,,341.56
6.456,,,,,341.56
6.46,,,,,341.56
6.464,,,,,341.56
6.468,,,,,341.56
6.472,,,,,341.56
6.476,,,,,341.56
6.48,,,,,341.56
6.484,,,,,341.56
6.488,,,,,341.56
6.492,,,,,341.56
6.496,,,,,341.56
6.5,,,,,341.56
6.504,,,,,341.56
6.508,,,,,341.56
6.512,,,,,341.56
6.516,,,,,341.56
6.52,,,,,341.56
6.524,,,,,341.56
6.528,,,,,341.56
6.532,,,,,341.56
6.536,,,,,341.56
6.54,,,,,341.56
6.544,,,,,341.56
6.548,,,,,341.56
6.552,,,,,341.56
6.556,,,,,341.56
6.56,,,,,341.56
6.564,,,,,341.56
6.568,,,,,341.56
6.572,,,,,341.56
6.576,,,,,341.56
6.58,,,,,341.56
6.584,,,,,341.56
6.588,,,,,341.56
6.592,,,,,341.56
6.596,,,,,341.56
6.6,,,,,341.56
6.604,,,,,341.56
6.608,,,,,341.56
6.612,,,,,341.56
6.616,,,,,341.56
6.62,,,,,341.56
6.624,,,,,341.56
6.628,,,,,341.56
6.632,,,,,341.56
6.636,,,,,341.56
6.64,,,,,341.56
6.644,,,,,341.56
6.648,,,,,341.56
6.652,,,,,341.56
6.656,,,,,341.56
6.66,,,,,341.56
6.664,,,,,341.56
6.668,,,,,341.56
6.672,,,,,341.56
6.676,,,,,341.56
6.68,,,,,341.56
6.684,,,,,341.56
6.688,,,,,341.56
6.692,,,,,341.56
6.696,,,,,341.56
6.7,,,,,341.56
6.704,,,,,341.56
6.708,,,,,341.56
6.712,,,,,341.56
6.716,,,,,341.56
6.72,,,,,341.56
6.724,,,,,341.56
6.728,,,,,341.56
6.732,,,,,341.56
6.736,,,,,341.56
6.74,,,,,341.56
6.744,,,,,341.56
6.748,,,,,341.56
6.752,,,,,341.56
6.756,,,,,341.56
6.76,,,,,341.56
6.764,,,,,341.56
6.768,,,,,341.56
6.772,,,,,341.56
6.776,,,,,341.56
6.78,,,,,341.56
6.784,,,,,341.56
6.788,,,,,341.56
6.792,,,,,341.56
6.796,,,,,341.56
6.8,,,,,341.56
6.804,,,,,341.56
6.808,,,,,341.56
6.812,,,,,341.56
6.816,,,,,341.56
6.82,,,,,341.56
6.824,,,,,341.56
6.828,,,,,341.56
6.832,,,,,341.56
6.836,,,,,341.56
6.84,,,,,341.56
6.844,,,,,341.56
6.848,,,,,341.56
6.852,,,,,341.56
6.856,,,,,341.56
6.86,,,,,341.56
6.864,,,,,341.56
6.868,,,,,341.56
6.872,,,,,341.56
6.876,,,,,341.56
6.88,,,,,341.56
6.884,,,,,341.56
6.888,,,,,341.56
6.892,,,,,341.56
6.896,,,,,341.56
6.9,,,,,341.56
6.904,,,,,341.56
6.908,,,,,341.56
6.912,,,,,341.56
6.916,,,,,341.56
6.92,,,,,341.56
6.924,,,,,341.56
6.928,,,,,341.56
6.932,,,,,341.56
6.936,,,,,341.56
6.94,,,,,341.56
6.944,,,,,341.56
6.948,,,,,341.56
6.952,,,,,341.56
6.956,,,,,341.56
6.96,,,,,341.56
6.964,,,,,341.56
6.968,,,,,341.56
6.972,,,,,341.56
6.976,,,,,341.56
6.98,,,,,341.56
6.984,,,,,341.56
6.988,,,,,341.56
6.992,,,,,341.56
6.996,,,,,341.56
7.0,,,,,341.56
7.004,,,,,341.56
7.008,,,,,341.56
7.012,,,,,341.56
7.016,,,,,341.56
7.02,,,,,341.56
7.024,,,,,341.56
7.028,,,,,341.56
7.032,,,,,341.56
7.036,,,,,341.56
7.04,,,,,341.56
7.044,,,,,341.56
7.048,,,,,341.56
7.052,,,,,341.56
7.056,,,,,341.56
7.06,,,,,341.56
7.064,,,,,341.56
7.068,,,,,341.56
7.072,,,,,341.56
7.076,,,,,341.56
7.08,,,,,341.56
7.084,,,,,341.56
7.088,,,,,341.56
7.092,,,,,341.56
7.096,,,,,341.56
7.1,,,,,341.56
7.104,,,,,341.56
7.108,,,,,341.56
7.112,,,,,341.56
7.116,,,,,341.56
7.12,,,,,341.56
7.124,,,,,341.56
7.128,,,,,341.56
7.132,,,,,341.56
7.136,,,,,341.56
7.14,,,,,341.56
7.144,,,,,341.56
7.148,,,,,341.56
7.152,,,,,341.56
7.156,,,,,341.56
7.16,,,,,341.56
7.164,,,,,341.56
7.168,,,,,341.56
7.172,,,,,341.56
7.176,,,,,341.56
7.18,,,,,341.56
7.184,,,,,341.56
7.188,,,,,341.56
7.192,,,,,341.56
7.196,,,,,341.56
7.2,,,,,341.56
7.204,,,,,341.56
7.208,,,,,341.56
7.212,,,,,341.56
7.216,,,,,341.56
7.22,,,,,341.56
7.224,,,,,341.56
7.228,,,,,341.56
7.232,,,,,341.56
7.236,,,,,341.56
7.24,,,,,341.56
7.244,,,,,341.56
7.248,,,,,341.56
7.252,,,,,341.56
7.256,,,,,341.56
7.26,,,,,341.56
7.264,,,,,341.56
7.268,,,,,341.56
7.272,,,,,341.56
7.276,,,,,341.56
7.28,,,,,341.56
7.284,,,,,341.56
7.288,,,,,341.56
7.292,,,,,341.56
7.296,,,,,341.56
7.3,,,,,341.56
7.304,,,,,341.56
7.308,,,,,341.56
7.312,,,,,341.56
7.316,,,,,341.56
7.32,,,,,341.56
7.324,,,,,341.56
7.328,,,,,341.56
7.332,,,,,341.56
7.336,,,,,341.56
7.34,,,,,341.56
7.344,,,,,341.56
7.348,,,,,341.56
7.352,,,,,341.56
7.356,,,,,341.56
7.36,,,,,341.56
7.364,,,,,341.56
7.368,,,,,341.56
7.372,,,,,341.56
7.376,,,,,341.56
7.38,,,,,341.56
7.384,,,,,341.56
7.388,,,,,341.56
7.392,,,,,341.56
7.396,,,,,341.56
7.4,,,,,341.56
7.404,,,,,341.56
7.408,,,,,341.56
7.412,,,,,341.56
7.416,,,,,341.56
7.42,,,,,341.56
7.424,,,,,341.56
7.428,,,,,341.56
7.432,,,,,341.56
7.436,,,,,341.56
7.44,,,,,341.56
7.444,,,,,341.56
7.448,,,,,341.56
7.452,,,,,341.56
7.456,,,,,341.56
7.46,,,,,341.56
7.464,,,,,341.56
7.468,,,,,341.56
7.472,,,,,341.56
7.476,,,,,341.56
7.48,,,,,341.56
7.484,,,,,341.56
7.488,,,,,341.56
7.492,,,,,341.56
7.496,,,,,341.56
7.5,,,,,341.56
7.504,,,,,341.56
7.508,,,,,341.56
7.512,,,,,341.56
7.516,,,,,341.56
7.52,,,,,341.56
7.524,,,,,341.56
7.528,,,,,341.56
7.532,,,,,341.56
7.536,,,,,341.56
7.54,,,,,341.56
7.544,,,,,341.56
7.548,,,,,341.56
7.552,,,,,341.56
7.556,,,,,341.56
7.56,,,,,341.56
7.564,,,,,341.56
7.568,,,,,341.56
7.572,,,,,341.56
7.576,,,,,341.56
7.58,,,,,341.56
7.584,,,,,341.56
7.588,,,,,341.56
7.592,,,,,341.56
7.596,,,,,341.56
7.6,,,,,341.56
7.604,,,,,341.56
7.608,,,,,341.56
7.612,,,,,341.56
7.616,,,,,341.56
7.62,,,,,341.56
7.624,,,,,341.56
7.628,,,,,341.56
7.632,,,,,341.56
7.636,,,,,341.56
7.64,,,,,341.56
7.644,,,,,341.56
7.648,,,,,341.56
7.652,,,,,341.56
7.656,,,,,341.56
7.66,,,,,341.56
7.664,,,,,341.56
7.668,,,,,341.56
7.672,,,,,341.56
7.676,,,,,341.56
7.68,,,,,341.56
7.684,,,,,341.56
7.688,,,,,341.56
7.692,,,,,341.56
7.696,,,,,341.56
7.7,,,,,341.56
7.704,,,,,341.56
7.708,,,,,341.56
7.712,,,,,341.56
7.716,,,,,341.56
7.72,,,,,341.56
7.724,,,,,341.56
7.728,,,,,341.56
7.732,,,,,341.56
7.736,,,,,341.56
7.74,,,,,341.56
7.744,,,,,341.56
7.748,,,,,341.56
7.752,,,,,341.56
7.756,,,,,341.56
7.76,,,,,341.56
7.764,,,,,341.56
7.768,,,,,341.56
7.772,,,,,341.56
7.776,,,,,341.56
7.78,,,,,341.56
7.784,,,,,341.56
7.788,,,,,341.56
7.792,,,,,341.56
7.796,,,,,341.56
7.8,,,,,341.56
7.804,,,,,341.56
7.808,,,,,341.56
7.812,,,,,341.56
7.816,,,,,341.56
7.82,,,,,341.56
7.824,,,,,341.56
7.828,,,,,341.56
7.832,,,,,341.56
7.836,,,,,341.56
7.84,,,,,341.56
7.844,,,,,341.56
7.848,,,,,341.56
7.852,,,,,341.56
7.856,,,,,341.56
7.86,,,,,341.56
7.864,,,,,341.56
7.868,,,,,341.56
7.872,,,,,341.56
7.876,,,,,341.56
7.88,,,,,341.56
7.884,,,,,341.56
7.888,,,,,341.56
7.892,,,,,341.56
7.896,,,,,341.56
7.9,,,,,341.56
7.904,,,,,341.56
7.908,,,,,341.56
7.912,,,,,341.56
7.916,,,,,341.56
7.92,,,,,341.56
7.924,,,,,341.56
7.928,,,,,341.56
7.932,,,,,341.56
7.936,,,,,341.56
7.94,,,,,341.56
7.944,,,,,341.56
7.948,,,,,341.56
7.952,,,,,341.56
7.956,,,,,341.56
7.96,,,,,341.56
7.964,,,,,341.56
7.968,,,,,341.56
7.972,,,,,341.56
7.976,,,,,341.56
7.98,,,,,341.56
7.984,,,,,341.56
7.988,,,,,341.56
7.992,,,,,341.56
7.996,,,,,341.56
8.0,,,,,341.56
8.004,,,,,341.56
8.008,,,,,341.56
8.012,,,,,341.56
8.016,,,,,341.56
8.02,,,,,341.56
8.024,,,,,341.56
8.028,,,,,341.56
8.032,,,,,341.56
8.036,,,,,341.56
8.04,,,,,341.56
8.044,,,,,341.56
8.048,,,,,341.56
8.052,,,,,341.56
8.056,,,,,341.56
8.06,,,,,341.56
8.064,,,,,341.56
8.068,,,,,341.56
8.072,,,,,341.56
8.076,,,,,341.56
8.08,,,,,341.56
8.084,,,,,341.56
8.088,,,,,341.56
8.092,,,,,341.56
8.096,,,,,341.56
8.1,,,,,341.56
8.104,,,,,341.56
8.108,,,,,341.56
8.112,,,,,341.56
8.116,,,,,341.56
8.12,,,,,341.56
8.124,,,,,341.56
8.128,,,,,341.56
8.132,,,,,341.56
8.136,,,,,341.56
8.14,,,,,341.56
8.144,,,,,341.56
8.148,,,,,341.56
8.152,,,,,341.56
8.156,,,,,341.56
8.16,,,,,341.56
8.164,,,,,341.56
8.168,,,,,341.56
8.172,,,,,341.56
8.176,,,,,341.56
8.18,,,,,341.56
8.184,,,,,341.56
8.188,,,,,341.56
8.192,,,,,341.56
8.196,,,,,341.56
8.2,,,,,341.56
8.204,,,,,341.56
8.208,,,,,341.56
8.212,,,,,341.56
8.216,,,,,341.56
8.22,,,,,341.56
8.224,,,,,341.56
8.228,,,,,341.56
8.232,,,,,341.56
8.236,,,,,341.56
8.24,,,,,341.56
8.244,,,,,341.56
8.248,,,,,341.56
8.252,,,,,341.56
8.256,,,,,341.56
8.26,,,,,341.56
8.264,,,,,341.56
8.268,,,,,341.56
8.272,,,,,341.56
8.276,,,,,341.56
8.28,,,,,341.56
8.284,,,,,341.56
8.288,,,,,341.56
8.292,,,,,341.56
8.296,,,,,341.56
8.3,,,,,341.56
8.304,,,,,341.56
8.308,,,,,341.56
8.312,,,,,341.56
8.316,,,,,341.56
8.32,,,,,341.56
8.324,,,,,341.56
8.328,,,,,341.56
8.332,,,,,341.56
8.336,,,,,341.56
8.34,,,,,341.56
8.344,,,,,341.56
8.348,,,,,341.56
8.352,,,,,341.56
8.356,,,,,341.56
8.36,,,,,341.56
8.364,,,,,341.56
8.368,,,,,341.56
8.372,,,,,341.56
8.376,,,,,341.56
8.38,,,,,341.56
8.384,,,,,341.56
8.388,,,,,341.56
8.392,,,,,341.56
8.396,,,,,341.56
8.4,,,,,341.56
8.404,,,,,341.56
8.408,,,,,341.56
8.412,,,,,341.56
8.416,,,,,341.56
8.42,,,,,341.56
8.424,,,,,341.56
8.428,,,,,341.56
8.432,,,,,341.56
8.436,,,,,341.56
8.44,,,,,341.56
8.444,,,,,341.56
8.448,,,,,341.56
8.452,,,,,341.56
8.456,,,,,341.56
8.46,,,,,341.56
8.464,,,,,341.56
8.468,,,,,341.56
8.472,,,,,341.56
8.476,,,,,341.56
8.48,,,,,341.56
8.484,,,,,341.56
8.488,,,,,341.56
8.492,,,,,341.56
8.496,,,,,341.56
8.5,,,,,341.56
8.504,,,,,341.56
8.508,,,,,341.56
8.512,,,,,341.56
8.516,,,,,341.56
8.52,,,,,341.56
8.524,,,,,341.56
8.528,,,,,341.56
8.532,,,,,341.56
8.536,,,,,341.56
8.54,,,,,341.56
8.544,,,,,341.56
8.548,,,,,341.56
8.552,,,,,341.56
8.556,,,,,341.56
8.56,,,,,341.56
8.564,,,,,341.56
8.568,,,,,341.56
8.572,,,,,341.56
8.576,,,,,341.56
8.58,,,,,341.56
8.584,,,,,341.56
8.588,,,,,341.56
8.592,,,,,341.56
8.596,,,,,341.56
8.6,,,,,341.56
8.604,,,,,341.56
8.608,,,,,341.56
8.612,,,,,341.56
8.616,,,,,341.56
8.62,,,,,341.56
8.624,,,,,341.56
8.628,,,,,341.56
8.632,,,,,341.56
8.636,,,,,341.56
8.64,,,,,341.56
8.644,,,,,341.56
8.648,,,,,341.56
8.652,,,,,341.56
8.656,,,,,341.56
8.66,,,,,341.56
8.664,,,,,341.56
8.668,,,,,341.56
8.672,,,,,341.56
8.676,,,,,341.56
8.68,,,,,341.56
8.684,,,,,341.56
8.688,,,,,341.56
8.692,,,,,341.56
8.696,,,,,341.56
8.7,,,,,341.56
8.704,,,,,341.56
8.708,,,,,341.56
8.712,,,,,341.56
8.716,,,,,341.56
8.72,,,,,341.56
8.724,,,,,341.56
8.728,,,,,341.56
8.732,,,,,341.56
8.736,,,,,341.56
8.74,,,,,341.56
8.744,,,,,341.56
8.748,,,,,341.56
8.752,,,,,341.56
8.756,,,,,341.56
8.76,,,,,341.56
8.764,,,,,341.56
8.768,,,,,341.56
8.772,,,,,341.56
8.776,,,,,341.56
8.78,,,,,341.56
8.784,,,,,341.56
8.788,,,,,341.56
8.792,,,,,341.56
8.796,,,,,341.56
8.8,,,,,341.56
8.804,,,,,341.56
8.808,,,,,341.56
8.812,,,,,341.56
8.816,,,,,341.56
8.82,,,,,341.56
8.824,,,,,341.56
8.828,,,,,341.56
8.832,,,,,341.56
8.836,,,,,341.56
8.84,,,,,341.56
8.844,,,,,341.56
8.848,,,,,341.56
8.852,,,,,341.56
8.856,,,,,341.56
8.86,,,,,341.56
8.864,,,,,341.56
8.868,,,,,341.56
8.872,,,,,341.56
8.876,,,,,341.56
8.88,,,,,341.56
8.884,,,,,341.56
8.888,,,,,341.56
8.892,,,,,341.56
8.896,,,,,341.56
8.9,,,,,341.56
8.904,,,,,341.56
8.908,,,,,341.56
8.912,,,,,341.56
8.916,,,,,341.56
8.92,,,,,341.56
8.924,,,,,341.56
8.928,,,,,341.56
8.932,,,,,341.56
8.936,,,,,341.56
8.94,,,,,341.56
8.944,,,,,341.56
8.948,,,,,341.56
8.952,,,,,341.56
8.956,,,,,341.56
8.96,,,,,341.56
8.964,,,,,341.56
8.968,,,,,341.56
8.972,,,,,341.56
8.976,,,,,341.56
8.98,,,,,341.56
8.984,,,,,341.56
8.988,,,,,341.56
8.992,,,,,341.56
8.996,,,,,341.56
9.0,,,,,341.56
9.004,,,,,341.56
9.008,,,,,341.56
9.012,,,,,341.56
9.016,,,,,341.56
9.02,,,,,341.56
9.024,,,,,341.56
9.028,,,,,341.56
9.032,,,,,341.56
9.036,,,,,341.56
9.04,,,,,341.56
9.044,,,,,341.56
9.048,,,,,341.56
9.052,,,,,341.56
9.056,,,,,341.56
9.06,,,,,341.56
9.064,,,,,341.56
9.068,,,,,341.56
9.072,,,,,341.56
9.076,,,,,341.56
9.08,,,,,341.56
9.084,,,,,341.56
9.088,,,,,341.56
9.092,,,,,341.56
9.096,,,,,341.56
9.1,,,,,341.56
9.104,,,,,341.56
9.108,,,,,341.56
9.112,,,,,341.56
9.116,,,,,341.56
9.12,,,,,341.56
9.124,,,,,341.56
9.128,,,,,341.56
9.132,,,,,341.56
9.136,,,,,341.56
9.14,,,,,341.56
9.144,,,,,341.56
9.148,,,,,341.56
9.152,,,,,341.56
9.156,,,,,341.56
9.16,,,,,341.56
9.164,,,,,341.56
9.168,,,,,341.56
9.172,,,,,341.56
9.176,,,,,341.56
9.18,,,,,341.56
9.184,,,,,341.56
9.188,,,,,341.56
9.192,,,,,341.56
9.196,,,,,341.56
9.2,,,,,341.56
9.204,,,,,341.56
9.208,,,,,341.56
9.212,,,,,341.56
9.216,,,,,341.56
9.22,,,,,341.56
9.224,,,,,341.56
9.228,,,,,341.56
9.232,,,,,341.56
9.236,,,,,341.56
9.24,,,,,341.56
9.244,,,,,341.56
9.248,,,,,341.56
9.252,,,,,341.56
9.256,,,,,341.56
9.26,,,,,341.56
9.264,,,,,341.56
9.268,,,,,341.56
9.272,,,,,341.56
9.276,,,,,341.56
9.28,,,,,341.56
9.284,,,,,341.56
9.288,,,,,341.56
9.292,,,,,341.56
9.296,,,,,341.56
9.3,,,,,341.56
9.304,,,,,341.56
9.308,,,,,341.56
9.312,,,,,341.56
9.316,,,,,341.56
9.32,,,,,341.56
9.324,,,,,341.56
9.328,,,,,341.56
9.332,,,,,341.56
9.336,,,,,341.56
9.34,,,,,341.56
9.344,,,,,341.56
9.348,,,,,341.56
9.352,,,,,341.56
9.356,,,,,341.56
9.36,,,,,341.56
9.364,,,,,341.56
9.368,,,,,341.56
9.372,,,,,341.56
9.376,,,,,341.56
9.38,,,,,341.56
9.384,,,,,341.56
9.388,,,,,341.56
9.392,,,,,341.56
9.396,,,,,341.56
9.4,,,,,341.56
9.404,,,,,341.56
9.408,,,,,341.56
9.412,,,,,341.56
9.416,,,,,341.56
9.42,,,,,341.56
9.424,,,,,341.56
9.428,,,,,341.56
9.432,,,,,341.56
9.436,,,,,341.56
9.44,,,,,341.56
9.444,,,,,341.56
9.448,,,,,341.56
9.452,,,,,341.56
9.456,,,,,341.56
9.46,,,,,341.56
9.464,,,,,341.56
9.468,,,,,341.56
9.472,,,,,341.56
9.476,,,,,341.56
9.48,,,,,341.56
9.484,,,,,341.56
9.488,,,,,341.56
9.492,,,,,341.56
9.496,,,,,341.56
9.5,,,,,341.56
9.504,,,,,341.56
9.508,,,,,341.56
9.512,,,,,341.56
9.516,,,,,341.56
9.52,,,,,341.56
9.524,,,,,341.56
9.528,,,,,341.56
9.532,,,,,341.56
9.536,,,,,341.56
9.54,,,,,341.56
9.544,,,,,341.56
9.548,,,,,341.56
9.552,,,,,341.56
9.556,,,,,341.56
9.56,,,,,341.56
9.564,,,,,341.56
9.568,,,,,341.56
9.572,,,,,341.56
9.576,,,,,341.56
9.58,,,,,341.56
9.584,,,,,341.56
9.588,,,,,341.56
9.592,,,,,341.56
9.596,,,,,341.56
9.6,,,,,341.56
9.604,,,,,341.56
9.608,,,,,341.56
9.612,,,,,341.56
9.616,,,,,341.56
9.62,,,,,341.56
9.624,,,,,341.56
9.628,,,,,341.56
9.632,,,,,341.56
9.636,,,,,341.56
9.64,,,,,341.56
9.644,,,,,341.56
9.648,,,,,341.56
9.652,,,,,341.56
9.656,,,,,341.56
9.66,,,,,341.56
9.664,,,,,341.56
9.668,,,,,341.56
9.672,,,,,341.56
9.676,,,,,341.56
9.68,,,,,341.56
9.684,,,,,341.56
9.688,,,,,341.56
9.692,,,,,341.56
9.696,,,,,341.56
9.7,,,,,341.56
9.704,,,,,341.56
9.708,,,,,341.56
9.712,,,,,341.56
9.716,,,,,341.56
9.72,,,,,341.56
9.724,,,,,341.56
9.728,,,,,341.56
9.732,,,,,341.56
9.736,,,,,341.56
9.74,,,,,341.56
9.744,,,,,341.56
9.748,,,,,341.56
9.752,,,,,341.56
9.756,,,,,341.56
9.76,,,,,341.56
9.764,,,,,341.56
9.768,,,,,341.56
9.772,,,,,341.56
9.776,,,,,341.56
9.78,,,,,341.56
9.784,,,,,341.56
9.788,,,,,341.56
9.792,,,,,341.56
9.796,,,,,341.56
9.8,,,,,341.56
9.804,,,,,341.56
9.808,,,,,341.56
9.812,,,,,341.56
9.816,,,,,341.56
9.82,,,,,341.56
9.824,,,,,341.56
9.828,,,,,341.56
9.832,,,,,341.56
9.836,,,,,341.56
9.84,,,,,341.56
9.844,,,,,341.56
9.848,,,,,341.56
9.852,,,,,341.56
9.856,,,,,341.56
9.86,,,,,341.56
9.864,,,,,341.56
9.868,,,,,341.56
9.872,,,,,341.56
9.876,,,,,341.56
9.88,,,,,341.56
9.884,,,,,341.56
9.888,,,,,341.56
9.892,,,,,341.56
9.896,,,,,341.56
9.9,,,,,341.56
9.904,,,,,341.56
9.908,,,,,341.56
9.912,,,,,341.56
9.916,,,,,341.56
9.92,,,,,341.56
9.924,,,,,341.56
9.928,,,,,341.56
9.932,,,,,341.56
9.936,,,,,341.56
9.94,,,,,341.56
9.944,,,,,341.56
9.948,,,,,341.56
9.952,,,,,341.56
9.956,,,,,341.56
9.96,,,,,341.56
9.964,,,,,341.56
9.968,,,,,341.56
9.972,,,,,341.56
9.976,,,,,341.56
9.98,,,,,341.56
9.984,,,,,341.56
9.988,,,,,341.56
9.992,,,,,341.56
9.996,,,,,341.56
10.0,,,,,341.56
10.004,,,,,341.56
10.008,,,,,341.56
10.012,,,,,341.56
10.016,,,,,341.56
10.02,,,,,341.56
10.024,,,,,341.56
10.028,,,,,341.56
10.032,,,,,341.56
10.036,,,,,341.56
10.04,,,,,341.56
10.044,,,,,341.56
10.048,,,,,341.56
10.052,,,,,341.56
10.056,,,,,341.56
10.06,,,,,341.56
10.064,,,,,341.56
10.068,,,,,341.56
10.072,,,,,341.56
10.076,,,,,341.56
10.08,,,,,341.56
10.084,,,,,341.56
10.088,,,,,341.56
10.092,,,,,341.56
10.096,,,,,341.56
10.1,,,,,341.56
10.104,,,,,341.56
10.108,,,,,341.56
10.112,,,,,341.56
10.116,,,,,341.56
10.12,,,,,341.56
10.124,,,,,341.56
10.128,,,,,341.56
10.132,,,,,341.56
10.136,,,,,341.56
10.14,,,,,341.56
10.144,,,,,341.56
10.148,,,,,341.56
10.152,,,,,341.56
10.156,,,,,341.56
10.16,,,,,341.56
10.164,,,,,341.56
10.168,,,,,341.56
10.172,,,,,341.56
10.176,,,,,341.56
10.18,,,,,341.56
10.184,,,,,341.56
10.188,,,,,341.56
10.192,,,,,341.56
10.196,,,,,341.56
10.2,,,,,341.56
10.204,,,,,341.56
10.208,,,,,341.56
10.212,,,,,341.56
10.216,,,,,341.56
10.22,,,,,341.56
10.224,,,,,341.56
10.228,,,,,341.56
10.232,,,,,341.56
10.236,,,,,341.56
10.24,,,,,341.56
10.244,,,,,341.56
10.248,,,,,341.56
10.252,,,,,341.56
10.256,,,,,341.56
10.26,,,,,341.56
10.264,,,,,341.56
10.268,,,,,341.56
10.272,,,,,341.56
10.276,,,,,341.56
10.28,,,,,341.56
10.284,,,,,341.56
10.288,,,,,341.56
10.292,,,,,341.56
10.296,,,,,341.56
10.3,,,,,341.56
10.304,,,,,341.56
10.308,,,,,341.56
10.312,,,,,341.56
10.316,,,,,341.56
10.32,,,,,341.56
10.324,,,,,341.56
10.328,,,,,341.56
10.332,,,,,341.56
10.336,,,,,341.56
10.34,,,,,341.56
10.344,,,,,341.56
10.348,,,,,341.56
10.352,,,,,341.56
10.356,,,,,341.56
10.36,,,,,341.56
10.364,,,,,341.56
10.368,,,,,341.56
10.372,,,,,341.56
10.376,,,,,341.56
10.38,,,,,341.56
10.384,,,,,341.56
10.388,,,,,341.56
10.392,,,,,341.56
10.396,,,,,341.56
10.4,,,,,341.56
10.404,,,,,341.56
10.408,,,,,341.56
10.412,,,,,341.56
10.416,,,,,341.56
10.42,,,,,341.56
10.424,,,,,341.56
10.428,,,,,341.56
10.432,,,,,341.56
10.436,,,,,341.56
10.44,,,,,341.56
10.444,,,,,341.56
10.448,,,,,341.56
10.452,,,,,341.56
10.456,,,,,341.56
10.46,,,,,341.56
10.464,,,,,341.56
10.468,,,,,341.56
10.472,,,,,341.56
10.476,,,,,341.56
10.48,,,,,341.56
10.484,,,,,341.56
10.488,,,,,341.56
10.492,,,,,341.56
10.496,,,,,341.56
10.5,,,,,341.56
10.504,,,,,341.56
10.508,,,,,341.56
10.512,,,,,341.56
10.516,,,,,341.56
10.52,,,,,341.56
10.524,,,,,341.56
10.528,,,,,341.56
10.532,,,,,341.56
10.536,,,,,341.56
10.54,,,,,341.56
10.544,,,,,341.56
10.548,,,,,341.56
10.552,,,,,341.56
10.556,,,,,341.56
10.56,,,,,341.56
10.564,,,,,341.56
10.568,,,,,341.56
10.572,,,,,341.56
10.576,,,,,341.56
10.58,,,,,341.56
10.584,,,,,341.56
10.588,,,,,341.56
10.592,,,,,341.56
10.596,,,,,341.56
10.6,,,,,341.56
10.604,,,,,341.56
10.608,,,,,341.56
10.612,,,,,341.56
10.616,,,,,341.56
10.62,,,,,341.56
10.624,,,,,341.56
10.628,,,,,341.56
10.632,,,,,341.56
10.636,,,,,341.56
10.64,,,,,341.56
10.644,,,,,341.56
10.648,,,,,341.56
10.652,,,,,341.56
10.656,,,,,341.56
10.66,,,,,341.56
10.664,,,,,341.56
10.668,,,,,341.56
10.672,,,,,341.56
10.676,,,,,341.56
10.68,,,,,341.56
10.684,,,,,341.56
10.688,,,,,341.56
10.692,,,,,341.56
10.696,,,,,341.56
10.7,,,,,341.56
10.704,,,,,341.56
10.708,,,,,341.56
10.712,,,,,341.56
10.716,,,,,341.56
10.72,,,,,341.56
10.724,,,,,341.56
10.728,,,,,341.56
10.732,,,,,341.56
10.736,,,,,341.56
10.74,,,,,341.56
10.744,,,,,341.56
10.748,,,,,341.56
10.752,,,,,341.56
10.756,,,,,341.56
10.76,,,,,341.56
10.764,,,,,341.56
10.768,,,,,341.56
10.772,,,,,341.56
10.776,,,,,341.56
10.78,,,,,341.56
10.784,,,,,341.56
10.788,,,,,341.56
10.792,,,,,341.56
10.796,,,,,341.56
10.8,,,,,341.56
10.804,,,,,341.56
10.808,,,,,341.56
10.812,,,,,341.56
10.816,,,,,341.56
10.82,,,,,341.56
10.824,,,,,341.56
10.828,,,,,341.56
10.832,,,,,341.56
10.836,,,,,341.56
10.84,,,,,341.56
10.844,,,,,341.56
10.848,,,,,341.56
10.852,,,,,341.56
10.856,,,,,341.56
10.86,,,,,341.56
10.864,,,,,341.56
10.868,,,,,341.56
10.872,,,,,341.56
10.876,,,,,341.56
10.88,,,,,341.56
10.884,,,,,341.56
10.888,,,,,341.56
10.892,,,,,341.56
10.896,,,,,341.56
10.9,,,,,341.56
10.904,,,,,341.56
10.908,,,,,341.56
10.912,,,,,341.56
10.916,,,,,341.56
10.92,,,,,341.56
10.924,,,,,341.56
10.928,,,,,341.56
10.932,,,,,341.56
10.936,,,,,341.56
10.94,,,,,341.56
10.944,,,,,341.56
10.948,,,,,341.56
10.952,,,,,341.56
10.956,,,,,341.56
10.96,,,,,341.56
10.964,,,,,341.56
10.968,,,,,341.56
10.972,,,,,341.56
10.976,,,,,341.56
10.98,,,,,341.56
10.984,,,,,341.56
10.988,,,,,341.56
10.992,,,,,341.56
10.996,,,,,341.56
11.0,,,,,341.56
11.004,,,,,341.56
11.008,,,,,341.56
11.012,,,,,341.56
11.016,,,,,341.56
11.02,,,,,341.56
11.024,,,,,341.56
11.028,,,,,341.56
11.032,,,,,341.56
11.036,,,,,341.56
11.04,,,,,341.56
11.044,,,,,341.56
11.048,,,,,341.56
11.052,,,,,341.56
11.056,,,,,341.56
11.06,,,,,341.56
11.064,,,,,341.56
11.068,,,,,341.56
11.072,,,,,341.56
11.076,,,,,341.56
11.08,,,,,341.56
11.084,,,,,341.56
11.088,,,,,341.56
11.092,,,,,341.56
11.096,,,,,341.56
11.1,,,,,341.56
11.104,,,,,341.56
11.108,,,,,341.56
11.112,,,,,341.56
11.116,,,,,341.56
11.12,,,,,341.56
11.124,,,,,341.56
11.128,,,,,341.56
11.132,,,,,341.56
11.136,,,,,341.56
11.14,,,,,341.56
11.144,,,,,341.56
11.148,,,,,341.56
11.152,,,,,341.56
11.156,,,,,341.56
11.16,,,,,341.56
11.164,,,,,341.56
11.168,,,,,341.56
11.172,,,,,341.56
11.176,,,,,341.56
11.18,,,,,341.56
11.184,,,,,341.56
11.188,,,,,341.56
11.192,,,,,341.56
11.196,,,,,341.56
11.2,,,,,341.56
11.204,,,,,341.56
11.208,,,,,341.56
11.212,,,,,341.56
11.216,,,,,341.56
11.22,,,,,341.56
11.224,,,,,341.56
11.228,,,,,341.56
11.232,,,,,341.56
11.236,,,,,341.56
11.24,,,,,341.56
11.244,,,,,341.56
11.248,,,,,341.56
11.252,,,,,341.56
11.256,,,,,341.56
11.26,,,,,341.56
11.264,,,,,341.56
11.268,,,,,341.56
11.272,,,,,341.56
11.276,,,,,341.56
11.28,,,,,341.56
11.284,,,,,341.56
11.288,,,,,341.56
11.292,,,,,341.56
11.296,,,,,341.56
11.3,,,,,341.56
11.304,,,,,341.56
11.308,,,,,341.56
11.312,,,,,341.56
11.316,,,,,341.56
11.32,,,,,341.56
11.324,,,,,341.56
11.328,,,,,341.56
11.332,,,,,341.56
11.336,,,,,341.56
11.34,,,,,341.56
11.344,,,,,341.56
11.348,,,,,341.56
11.352,,,,,341.56
11.356,,,,,341.56
11.36,,,,,341.56
11.364,,,,,341.56
11.368,,,,,341.56
11.372,,,,,341.56
11.376,,,,,341.56
11.38,,,,,341.56
11.384,,,,,341.56
11.388,,,,,341.56
11.392,,,,,341.56
11.396,,,,,341.56
11.4,,,,,341.56
11.404,,,,,341.56
11.408,,,,,341.56
11.412,,,,,341.56
11.416,,,,,341.56
11.42,,,,,341.56
11.424,,,,,341.56
11.428,,,,,341.56
11.432,,,,,341.56
11.436,,,,,341.56
11.44,,,,,341.56
11.444,,,,,341.56
11.448,,,,,341.56
11.452,,,,,341.56
11.456,,,,,341.56
11.46,,,,,341.56
11.464,,,,,341.56
11.468,,,,,341.56
11.472,,,,,341.56
11.476,,,,,341.56
11.48,,,,,341.56
11.484,,,,,341.56
11.488,,,,,341.56
11.492,,,,,341.56
11.496,,,,,341.56
11.5,,,,,341.56
11.504,,,,,341.56
11.508,,,,,341.56
11.512,,,,,341.56
11.516,,,,,341.56
11.52,,,,,341.56
11.524,,,,,341.56
11.528,,,,,341.56
11.532,,,,,341.56
11.536,,,,,341.56
11.54,,,,,341.56
11.544,,,,,341.56
11.548,,,,,341.56
11.552,,,,,341.56
11.556,,,,,341.56
11.56,,,,,341.56
11.564,,,,,341.56
11.568,,,,,341.56
11.572,,,,,341.56
11.576,,,,,341.56
11.58,,,,,341.56
11.584,,,,,341.56
11.588,,,,,341.56
11.592,,,,,341.56
11.596,,,,,341.56
11.6,,,,,341.56
11.604,,,,,341.56
11.608,,,,,341.56
11.612,,,,,341.56
11.616,,,,,341.56
11.62,,,,,341.56
11.624,,,,,341.56
11.628,,,,,341.56
11.632,,,,,341.56
11.636,,,,,341.56
11.64,,,,,341.56
11.644,,,,,341.56
11.648,,,,,341.56
11.652,,,,,341.56
11.656,,,,,341.56
11.66,,,,,341.56
11.664,,,,,341.56
11.668,,,,,341.56
11.672,,,,,341.56
11.676,,,,,341.56
11.68,,,,,341.56
11.684,,,,,341.56
11.688,,,,,341.56
11.692,,,,,341.56
11.696,,,,,341.56
11.7,,,,,341.56
11.704,,,,,341.56
11.708,,,,,341.56
11.712,,,,,341.56
11.716,,,,,341.56
11.72,,,,,341.56
11.724,,,,,341.56
11.728,,,,,341.56
11.732,,,,,341.56
11.736,,,,,341.56
11.74,,,,,341.56
11.744,,,,,341.56
11.748,,,,,341.56
11.752,,,,,341.56
11.756,,,,,341.56
11.76,,,,,341.56
11.764,,,,,341.56
11.768,,,,,341.56
11.772,,,,,341.56
11.776,,,,,341.56
11.78,,,,,341.56
11.784,,,,,341.56
11.788,,,,,341.56
11.792,,,,,341.56
11.796,,,,,341.56
11.8,,,,,341.56
11.804,,,,,341.56
11.808,,,,,341.56
11.812,,,,,341.56
11.816,,,,,341.56
11.82,,,,,341.56
11.824,,,,,341.56
11.828,,,,,341.56
11.832,,,,,341.56
11.836,,,,,341.56
11.84,,,,,341.56
11.844,,,,,341.56
11.848,,,,,341.56
11.852,,,,,341.56
11.856,,,,,341.56
11.86,,,,,341.56
11.864,,,,,341.56
11.868,,,,,341.56
11.872,,,,,341.56
11.876,,,,,341.56
11.88,,,,,341.56
11.884,,,,,341.56
11.888,,,,,341.56
11.892,,,,,341.56
11.896,,,,,341.56
11.9,,,,,341.56
11.904,,,,,341.56
11.908,,,,,341.56
11.912,,,,,341.56
11.916,,,,,341.56
11.92,,,,,341.56
11.924,,,,,341.56
11.928,,,,,341.56
11.932,,,,,341.56
11.936,,,,,341.56
11.94,,,,,341.56
11.944,,,,,341.56
11.948,,,,,341.56
11.952,,,,,341.56
11.956,,,,,341.56
11.96,,,,,341.56
11.964,,,,,341.56
11.968,,,,,341.56
11.972,,,,,341.56
11.976,,,,,341.56
11.98,,,,,341.56
11.984,,,,,341.56
11.988,,,,,341.56
11.992,,,,,341.56
11.996,,,,,341.56
12.0,,,,,341.56
12.004,,,,,341.56
12.008,,,,,341.56
12.012,,,,,341.56
12.016,,,,,341.56
12.02,,,,,341.56
12.024,,,,,341.56
12.028,,,,,341.56
12.032,,,,,341.56
12.036,,,,,341.56
12.04,,,,,341.56
12.044,,,,,341.56
12.048,,,,,341.56
12.052,,,,,341.56
12.056,,,,,341.56
12.06,,,,,341.56
12.064,,,,,341.56
12.068,,,,,341.56
12.072,,,,,341.56
12.076,,,,,341.56
12.08,,,,,341.56
12.084,,,,,341.56
12.088,,,,,341.56
12.092,,,,,341.56
12.096,,,,,341.56
12.1,,,,,341.56
12.104,,,,,341.56
12.108,,,,,341.56
12.112,,,,,341.56
12.116,,,,,341.56
12.12,,,,,341.56
12.124,,,,,341.56
12.128,,,,,341.56
12.132,,,,,341.56
12.136,,,,,341.56
12.14,,,,,341.56
12.144,,,,,341.56
12.148,,,,,341.56
12.152,,,,,341.56
12.156,,,,,341.56
12.16,,,,,341.56
12.164,,,,,341.56
12.168,,,,,341.56
12.172,,,,,341.56
12.176,,,,,341.56
12.18,,,,,341.56
12.184,,,,,341.56
12.188,,,,,341.56
12.192,,,,,341.56
12.196,,,,,341.56
12.2,,,,,341.56
12.204,,,,,341.56
12.208,,,,,341.56
12.212,,,,,341.56
12.216,,,,,341.56
12.22,,,,,341.56
12.224,,,,,341.56
12.228,,,,,341.56
12.232,,,,,341.56
12.236,,,,,341.56
12.24,,,,,341.56
12.244,,,,,341.56
12.248,,,,,341.56
12.252,,,,,341.56
12.256,,,,,341.56
12.26,,,,,341.56
12.264,,,,,341.56
12.268,,,,,341.56
12.272,,,,,341.56
12.276,,,,,341.56
12.28,,,,,341.56
12.284,,,,,341.56
12.288,,,,,341.56
12.292,,,,,341.56
12.296,,,,,341.56
12.3,,,,,341.56
12.304,,,,,341.56
12.308,,,,,341.56
12.312,,,,,341.56
12.316,,,,,341.56
12.32,,,,,341.56
12.324,,,,,341.56
12.328,,,,,341.56
12.332,,,,,341.56
12.336,,,,,341.56
12.34,,,,,341.56
12.344,,,,,341.56
12.348,,,,,341.56
12.352,,,,,341.56
12.356,,,,,341.56
12.36,,,,,341.56
12.364,,,,,341.56
12.368,,,,,341.56
12.372,,,,,341.56
12.376,,,,,341.56
12.38,,,,,341.56
12.384,,,,,341.56
12.388,,,,,341.56
12.392,,,,,341.56
12.396,,,,,341.56
12.4,,,,,341.56
12.404,,,,,341.56
12.408,,,,,341.56
12.412,,,,,341.56
12.416,,,,,341.56
12.42,,,,,341.56
12.424,,,,,341.56
12.428,,,,,341.56
12.432,,,,,341.56
12.436,,,,,341.56
12.44,,,,,341.56
12.444,,,,,341.56
12.448,,,,,341.56
12.452,,,,,341.56
12.456,,,,,341.56
12.46,,,,,341.56
12.464,,,,,341.56
12.468,,,,,341.56
12.472,,,,,341.56
12.476,,,,,341.56
12.48,,,,,341.56
12.484,,,,,341.56
12.488,,,,,341.56
12.492,,,,,341.56
12.496,,,,,341.56
12.5,,,,,341.56
12.504,,,,,341.56
12.508,,,,,341.56
12.512,,,,,341.56
12.516,,,,,341.56
12.52,,,,,341.56
12.524,,,,,341.56
12.528,,,,,341.56
12.532,,,,,341.56
12.536,,,,,341.56
12.54,,,,,341.56
12.544,,,,,341.56
12.548,,,,,341.56
12.552,,,,,341.56
12.556,,,,,341.56
12.56,,,,,341.56
12.564,,,,,341.56
12.568,,,,,341.56
12.572,,,,,341.56
12.576,,,,,341.56
12.58,,,,,341.56
12.584,,,,,341.56
12.588,,,,,341.56
12.592,,,,,341.56
12.596,,,,,341.56
12.6,,,,,341.56
12.604,,,,,341.56
12.608,,,,,341.56
12.612,,,,,341.56
12.616,,,,,341.56
12.62,,,,,341.56
12.624,,,,,341.56
12.628,,,,,341.56
12.632,,,,,341.56
12.636,,,,,341.56
12.64,,,,,341.56
12.644,,,,,341.56
12.648,,,,,341.56
12.652,,,,,341.56
12.656,,,,,341.56
12.66,,,,,341.56
12.664,,,,,341.56
12.668,,,,,341.56
12.672,,,,,341.56
12.676,,,,,341.56
12.68,,,,,341.56
12.684,,,,,341.56
12.688,,,,,341.56
12.692,,,,,341.56
12.696,,,,,341.56
12.7,,,,,341.56
12.704,,,,,341.56
12.708,,,,,341.56
12.712,,,,,341.56
12.716,,,,,341.56
12.72,,,,,341.56
12.724,,,,,341.56
12.728,,,,,341.56
12.732,,,,,341.56
12.736,,,,,341.56
12.74,,,,,341.56
12.744,,,,,341.56
12.748,,,,,341.56
12.752,,,,,341.56
12.756,,,,,341.56
12.76,,,,,341.56
12.764,,,,,341.56
12.768,,,,,341.56
12.772,,,,,341.56
12.776,,,,,341.56
12.78,,,,,341.56
12.784,,,,,341.56
12.788,,,,,341.56
12.792,,,,,341.56
12.796,,,,,341.56
12.8,,,,,341.56
12.804,,,,,341.56
12.808,,,,,341.56
12.812,,,,,341.56
12.816,,,,,341.56
12.82,,,,,341.56
12.824,,,,,341.56
12.828,,,,,341.56
12.832,,,,,341.56
12.836,,,,,341.56
12.84,,,,,341.56
12.844,,,,,341.56
12.848,,,,,341.56
12.852,,,,,341.56
12.856,,,,,341.56
12.86,,,,,341.56
12.864,,,,,341.56
12.868,,,,,341.56
12.872,,,,,341.56
12.876,,,,,341.56
12.88,,,,,341.56
12.884,,,,,341.56
12.888,,,,,341.56
12.892,,,,,341.56
12.896,,,,,341.56
12.9,,,,,341.56
12.904,,,,,341.56
12.908,,,,,341.56
12.912,,,,,341.56
12.916,,,,,341.56
12.92,,,,,341.56
12.924,,,,,341.56
12.928,,,,,341.56
12.932,,,,,341.56
12.936,,,,,341.56
12.94,,,,,341.56
12.944,,,,,341.56
12.948,,,,,341.56
12.952,,,,,341.56
12.956,,,,,341.56
12.96,,,,,341.56
12.964,,,,,341.56
12.968,,,,,341.56
12.972,,,,,341.56
12.976,,,,,341.56
12.98,,,,,341.56
12.984,,,,,341.56
12.988,,,,,341.56
12.992,,,,,341.56
12.996,,,,,341.56
13.0,,,,,341.56
13.004,,,,,341.56
13.008,,,,,341.56
13.012,,,,,341.56
13.016,,,,,341.56
13.02,,,,,341.56
13.024,,,,,341.56
13.028,,,,,341.56
13.032,,,,,341.56
13.036,,,,,341.56
13.04,,,,,341.56
13.044,,,,,341.56
13.048,,,,,341.56
13.052,,,,,341.56
13.056,,,,,341.56
13.06,,,,,341.56
13.064,,,,,341.56
13.068,,,,,341.56
13.072,,,,,341.56
13.076,,,,,341.56
13.08,,,,,341.56
13.084,,,,,341.56
13.088,,,,,341.56
13.092,,,,,341.56
13.096,,,,,341.56
13.1,,,,,341.56
13.104,,,,,341.56
13.108,,,,,341.56
13.112,,,,,341.56
13.116,,,,,341.56
13.12,,,,,341.56
13.124,,,,,341.56
13.128,,,,,341.56
13.132,,,,,341.56
13.136,,,,,341.56
13.14,,,,,341.56
13.144,,,,,341.56
13.148,,,,,341.56
13.152,,,,,341.56
13.156,,,,,341.56
13.16,,,,,341.56
13.164,,,,,341.56
13.168,,,,,341.56
13.172,,,,,341.56
13.176,,,,,341.56
13.18,,,,,341.56
13.184,,,,,341.56
13.188,,,,,341.56
13.192,,,,,341.56
13.196,,,,,341.56
13.2,,,,,341.56
13.204,,,,,341.56
13.208,,,,,341.56
13.212,,,,,341.56
13.216,,,,,341.56
13.22,,,,,341.56
13.224,,,,,341.56
13.228,,,,,341.56
13.232,,,,,341.56
13.236,,,,,341.56
13.24,,,,,341.56
13.244,,,,,341.56
13.248,,,,,341.56
13.252,,,,,341.56
13.256,,,,,341.56
13.26,,,,,341.56
13.264,,,,,341.56
13.268,,,,,341.56
13.272,,,,,341.56
13.276,,,,,341.56
13.28,,,,,341.56
13.284,,,,,341.56
13.288,,,,,341.56
13.292,,,,,341.56
13.296,,,,,341.56
13.3,,,,,341.56
13.304,,,,,341.56
13.308,,,,,341.56
13.312,,,,,341.56
13.316,,,,,341.56
13.32,,,,,341.56
13.324,,,,,341.56
13.328,,,,,341.56
13.332,,,,,341.56
13.336,,,,,341.56
13.34,,,,,341.56
13.344,,,,,341.56
13.348,,,,,341.56
13.352,,,,,341.56
13.356,,,,,341.56
13.36,,,,,341.56
13.364,,,,,341.56
13.368,,,,,341.56
13.372,,,,,341.56
13.376,,,,,341.56
13.38,,,,,341.56
13.384,,,,,341.56
13.388,,,,,341.56
13.392,,,,,341.56
13.396,,,,,341.56
13.4,,,,,341.56
13.404,,,,,341.56
13.408,,,,,341.56
13.412,,,,,341.56
13.416,,,,,341.56
13.42,,,,,341.56
13.424,,,,,341.56
13.428,,,,,341.56
13.432,,,,,341.56
13.436,,,,,341.56
13.44,,,,,341.56
13.444,,,,,341.56
13.448,,,,,341.56
13.452,,,,,341.56
13.456,,,,,341.56
13.46,,,,,341.56
13.464,,,,,341.56
13.468,,,,,341.56
13.472,,,,,341.56
13.476,,,,,341.56
13.48,,,,,341.56
13.484,,,,,341.56
13.488,,,,,341.56
13.492,,,,,341.56
13.496,,,,,341.56
13.5,,,,,341.56
13.504,,,,,341.56
13.508,,,,,341.56
13.512,,,,,341.56
13.516,,,,,341.56
13.52,,,,,341.56
13.524,,,,,341.56
13.528,,,,,341.56
13.532,,,,,341.56
13.536,,,,,341.56
13.54,,,,,341.56
13.544,,,,,341.56
13.548,,,,,341.56
13.552,,,,,341.56
13.556,,,,,341.56
13.56,,,,,341.56
13.564,,,,,341.56
13.568,,,,,341.56
13.572,,,,,341.56
13.576,,,,,341.56
13.58,,,,,341.56
13.584,,,,,341.56
13.588,,,,,341.56
13.592,,,,,341.56
13.596,,,,,341.56
13.6,,,,,341.56
13.604,,,,,341.56
13.608,,,,,341.56
13.612,,,,,341.56
13.616,,,,,341.56
13.62,,,,,341.56
13.624,,,,,341.56
13.628,,,,,341.56
13.632,,,,,341.56
13.636,,,,,341.56
13.64,,,,,341.56
13.644,,,,,341.56
13.648,,,,,341.56
13.652,,,,,341.56
13.656,,,,,341.56
13.66,,,,,341.56
13.664,,,,,341.56
13.668,,,,,341.56
13.672,,,,,341.56
13.676,,,,,341.56
13.68,,,,,341.56
13.684,,,,,341.56
13.688,,,,,341.56
13.692,,,,,341.56
13.696,,,,,341.56
13.7,,,,,341.56
13.704,,,,,341.56
13.708,,,,,341.56
13.712,,,,,341.56
13.716,,,,,341.56
13.72,,,,,341.56
13.724,,,,,341.56
13.728,,,,,341.56
13.732,,,,,341.56
13.736,,,,,341.56
13.74,,,,,341.56
13.744,,,,,341.56
13.748,,,,,341.56
13.752,,,,,341.56
13.756,,,,,341.56
13.76,,,,,341.56
13.764,,,,,341.56
13.768,,,,,341.56
13.772,,,,,341.56
13.776,,,,,341.56
13.78,,,,,341.56
13.784,,,,,341.56
13.788,,,,,341.56
13.792,,,,,341.56
13.796,,,,,341.56
13.8,,,,,341.56
13.804,,,,,341.56
13.808,,,,,341.56
13.812,,,,,341.56
13.816,,,,,341.56
13.82,,,,,341.56
13.824,,,,,341.56
13.828,,,,,341.56
13.832,,,,,341.56
13.836,,,,,341.56
13.84,,,,,341.56
13.844,,,,,341.56
13.848,,,,,341.56
13.852,,,,,341.56
13.856,,,,,341.56
13.86,,,,,341.56
13.864,,,,,341.56
13.868,,,,,341.56
13.872,,,,,341.56
13.876,,,,,341.56
13.88,,,,,341.56
13.884,,,,,341.56
13.888,,,,,341.56
13.892,,,,,341.56
13.896,,,,,341.56
13.9,,,,,341.56
13.904,,,,,341.56
13.908,,,,,341.56
13.912,,,,,341.56
13.916,,,,,341.56
13.92,,,,,341.56
13.924,,,,,341.56
13.928,,,,,341.56
13.932,,,,,341.56
13.936,,,,,341.56
13.94,,,,,341.56
13.944,,,,,341.56
13.948,,,,,341.56
13.952,,,,,341.56
13.956,,,,,341.56
13.96,,,,,341.56
13.964,,,,,341.56
13.968,,,,,341.56
13.972,,,,,341.56
13.976,,,,,341.56
13.98,,,,,341.56
13.984,,,,,341.56
13.988,,,,,341.56
13.992,,,,,341.56
13.996,,,,,341.56
14.0,,,,,341.56
14.004,,,,,341.56
14.008,,,,,341.56
14.012,,,,,341.56
14.016,,,,,341.56
14.02,,,,,341.56
14.024,,,,,341.56
14.028,,,,,341.56
14.032,,,,,341.56
14.036,,,,,341.56
14.04,,,,,341.56
14.044,,,,,341.56
14.048,,,,,341.56
14.052,,,,,341.56
14.056,,,,,341.56
14.06,,,,,341.56
14.064,,,,,341.56
14.068,,,,,341.56
14.072,,,,,341.56
14.076,,,,,341.56
14.08,,,,,341.56
14.084,,,,,341.56
14.088,,,,,341.56
14.092,,,,,341.56
14.096,,,,,341.56
14.1,,,,,341.56
14.104,,,,,341.56
14.108,,,,,341.56
14.112,,,,,341.56
14.116,,,,,341.56
14.12,,,,,341.56
14.124,,,,,341.56
14.128,,,,,341.56
14.132,,,,,341.56
14.136,,,,,341.56
14.14,,,,,341.56
14.144,,,,,341.56
14.148,,,,,341.56
14.152,,,,,341.56
14.156,,,,,341.56
14.16,,,,,341.56
14.164,,,,,341.56
14.168,,,,,341.56
14.172,,,,,341.56
14.176,,,,,341.56
14.18,,,,,341.56
14.184,,,,,341.56
14.188,,,,,341.56
14.192,,,,,341.56
14.196,,,,,341.56
14.2,,,,,341.56
14.204,,,,,341.56
14.208,,,,,341.56
14.212,,,,,341.56
14.216,,,,,341.56
14.22,,,,,341.56
14.224,,,,,341.56
14.228,,,,,341.56
14.232,,,,,341.56
14.236,,,,,341.56
14.24,,,,,341.56
14.244,,,,,341.56
14.248,,,,,341.56
14.252,,,,,341.56
14.256,,,,,341.56
14.26,,,,,341.56
14.264,,,,,341.56
14.268,,,,,341.56
14.272,,,,,341.56
14.276,,,,,341.56
14.28,,,,,341.56
14.284,,,,,341.56
14.288,,,,,341.56
14.292,,,,,341.56
14.296,,,,,341.56
14.3,,,,,341.56
14.304,,,,,341.56
14.308,,,,,341.56
14.312,,,,,341.56
14.316,,,,,341.56
14.32,,,,,341.56
14.324,,,,,341.56
14.328,,,,,341.56
14.332,,,,,341.56
14.336,,,,,341.56
14.34,,,,,341.56
14.344,,,,,341.56
14.348,,,,,341.56
14.352,,,,,341.56
14.356,,,,,341.56
14.36,,,,,341.56
14.364,,,,,341.56
14.368,,,,,341.56
14.372,,,,,341.56
14.376,,,,,341.56
14.38,,,,,341.56
14.384,,,,,341.56
14.388,,,,,341.56
14.392,,,,,341.56
14.396,,,,,341.56
14.4,,,,,341.56
14.404,,,,,341.56
14.408,,,,,341.56
14.412,,,,,341.56
14.416,,,,,341.56
14.42,,,,,341.56
14.424,,,,,341.56
14.428,,,,,341.56
14.432,,,,,341.56
14.436,,,,,341.56
14.44,,,,,341.56
14.444,,,,,341.56
14.448,,,,,341.56
14.452,,,,,341.56
14.456,,,,,341.56
14.46,,,,,341.56
14.464,,,,,341.56
14.468,,,,,341.56
14.472,,,,,341.56
14.476,,,,,341.56
14.48,,,,,341.56
14.484,,,,,341.56
14.488,,,,,341.56
14.492,,,,,341.56
14.496,,,,,341.56
14.5,,,,,341.56
14.504,,,,,341.56
14.508,,,,,341.56
14.512,,,,,341.56
14.516,,,,,341.56
14.52,,,,,341.56
14.524,,,,,341.56
14.528,,,,,341.56
14.532,,,,,341.56
14.536,,,,,341.56
14.54,,,,,341.56
14.544,,,,,341.56
14.548,,,,,341.56
14.552,,,,,341.56
14.556,,,,,341.56
14.56,,,,,341.56
14.564,,,,,341.56
14.568,,,,,341.56
14.572,,,,,341.56
14.576,,,,,341.56
14.58,,,,,341.56
14.584,,,,,341.56
14.588,,,,,341.56
14.592,,,,,341.56
14.596,,,,,341.56
14.6,,,,,341.56
14.604,,,,,341.56
14.608,,,,,341.56
14.612,,,,,341.56
14.616,,,,,341.56
14.62,,,,,341.56
14.624,,,,,341.56
14.628,,,,,341.56
14.632,,,,,341.56
14.636,0.0008788599239949227,,,,341.56
14.64,0.00146885992399493,,,,341.56
14.644,0.002158859923994926,,,,341.56
14.648,0.00257885992399493,,,,341.56
14.652,0.0030988599239949225,,,,341.56
14.656,0.0037788599239949364,,,,341.56
14.66,0.004288859923994947,,,,341.56
14.664,0.004718859923994933,,,,341.56
14.668,0.005148859923994947,,,,341.56
14.672,0.005398859923994947,,,,341.56
14.676,0.00590885992399493,,,,341.56
14.68,0.0064288599239949226,,,,341.56
14.684,0.00701885992399493,,,,341.56
14.688,0.0074488599239949434,,,,341.56
14.692,0.007958859923994926,,,,341.56
14.696,0.008298859923994933,,,,341.56
14.7,0.008818859923994954,,,,341.56
14.704,0.00923885992399493,,,,341.56
14.708,0.009588859923994946,,,,341.56
14.712,0.01026885992399496,,,,341.56
14.716,0.010778859923994915,,,,341.56
14.72,0.011208859923994957,,,,341.56
14.724,0.011628859923994933,,,,341.56
14.728,0.01197885992399495,,,,341.56
14.732,0.012398859923994926,,,,341.56
14.736,0.012918859923994946,,,,341.56
14.74,0.013508859923994926,,,,341.56
14.744,0.014028859923994946,,,,341.56
14.748,0.014448859923994922,,,,341.56
14.752,0.014968859923994942,,,,341.56
14.756,0.015388859923994918,,,,341.56
14.76,0.015728859923994924,,,,341.56
14.764,0.01607885992399494,,,,341.56
14.768,0.016498859923994916,,,,341.56
14.772,0.016928859923994958,,,,341.56
14.776,0.01726885992399491,,,,341.56
14.78,0.017358859923994944,,,,341.56
14.784,0.017438859923994913,,,,341.56
14.788,0.01777885992399492,,,,341.56
14.792,0.018038859923994958,,,,341.56
14.796,0.018208859923994906,,,,341.56
14.8,0.018468859923994944,,,,341.56
14.804,0.018718859923994916,,,,341.56
14.808,0.019058859923994923,,,,341.56
14.812,0.01940885992399494,,,,341.56
14.816,0.01948885992399491,,,,341.56
14.82,0.01948885992399491,,,,341.56
14.824,0.01948885992399491,,,,341.56
14.828,0.019748859923994947,,,,341.56
14.832,0.019828859923994916,,,,341.56
14.836,0.019748859923994947,,,,341.56
14.84,0.01948885992399491,,,,341.56
14.844,0.01940885992399494,,,,341.56
14.848,0.019228859923994927,,,,341.56
14.852,0.018978859923994954,,,,341.56
14.856,0.01880885992399495,,,,341.56
14.86,0.01880885992399495,,,,341.56
14.864,0.01888885992399492,,,,341.56
14.868,0.018718859923994916,,,,341.56
14.872,0.018468859923994944,,,,341.56
14.876,0.018118859923994927,,,,341.56
14.88,0.01769885992399495,,,,341.56
14.884,0.017358859923994944,,,,341.56
14.888,0.017098859923994906,,,,341.56
14.892,0.016838859923994923,,,,341.56
14.896,0.016498859923994916,,,,341.56
14.9,0.015988859923994906,,,,341.56
14.904,0.01530885992399495,,,,341.56
14.908,0.014788859923994929,,,,341.56
14.912,0.014448859923994922,,,,341.56
14.916,0.014108859923994915,,,,341.56
14.92,0.013678859923994929,,,,341.56
14.924,0.013258859923994953,,,,341.56
14.928,0.012738859923994933,,,,341.56
14.932,0.012148859923994953,,,,341.56
14.936,0.011628859923994933,,,,341.56
14.94,0.011208859923994957,,,,341.56
14.944,0.010948859923994919,,,,341.56
14.948,0.010608859923994912,,,,341.56
14.952,0.010008859923994922,,,,341.56
14.956,0.009408859923994933,,,,341.56
14.96,0.008728859923994947,,,,341.56
14.964,0.007958859923994926,,,,341.56
14.968,0.0074488599239949434,,,,341.56
14.972,0.006938859923994933,,,,341.56
14.976,0.006258859923994947,,,,341.56
14.98,0.005488859923994926,,,,341.56
14.984,0.0046288599239949265,,,,341.56
14.988,0.004118859923994944,,,,341.56
14.992,0.0034388599239949295,,,,341.56
14.996,0.0027488599239949333,,,,341.56
15.0,0.00283885992399494,,,,341.56
15.004,0.003858859923994933,,,,341.56
15.008,0.00454885992399493,,,,341.56
15.012,0.005318859923994923,,,,341.56
15.016,0.006258859923994947,,,,341.56
15.02,0.00727885992399494,,,,341.56
15.024,0.008218859923994936,,,,341.56
15.028,0.00915885992399496,,,,341.56
15.032,0.010098859923994957,,,,341.56
15.036,0.011038859923994953,,,,341.56
15.04,0.01197885992399495,,,,341.56
15.044,0.012918859923994946,,,,341.56
15.048,0.013848859923994932,,,,341.56
15.052,0.00915885992399496,,,,341.56
15.056,-0.00348114007600508,,,,341.56
15.06,-0.008431140076005062,,,,341.56
15.064,-0.010651140076005062,,,,341.56
15.068,-0.011931140076005065,,,,341.56
15.072,-0.012791140076005065,,,,341.56
15.076,-0.013471140076005078,,,,341.56
15.08,-0.014411140076005075,,,,341.56
15.084,-0.015011140076005064,,,,341.56
15.088,-0.01569114007600508,,,,341.56
15.092,-0.016201140076005063,,,,341.56
15.096,-0.01680114007600508,,,,341.56
15.1,-0.01740114007600507,,,,341.56
15.104,-0.01791114007600508,,,,341.56
15.108,-0.01851114007600507,,,,341.56
15.112,-0.01902114007600508,,,,341.56
15.116,-0.019531140076005062,,,,341.56
15.12,-0.019791140076005072,,,,341.56
15.124,-0.020041140076005073,,,,341.56
15.128,-0.020391140076005062,,,,341.56
15.132,-0.02073114007600507,,,,341.56
15.136,-0.02098114007600507,,,,341.56
15.14,-0.021071140076005076,,,,341.56
15.144,-0.021151140076005073,,,,341.56
15.148,-0.021411140076005055,,,,341.56
15.152,-0.02158114007600506,,,,341.56
15.156,-0.02158114007600506,,,,341.56
15.16,-0.02158114007600506,,,,341.56
15.164,-0.021501140076005062,,,,341.56
15.168,-0.021501140076005062,,,,341.56
15.172,-0.02158114007600506,,,,341.56
15.176,-0.02158114007600506,,,,341.56
15.18,-0.021501140076005062,,,,341.56
15.184,-0.02133114007600506,,,,341.56
15.188,-0.021071140076005076,,,,341.56
15.192,-0.020811140076005066,,,,341.56
15.196,-0.020641140076005062,,,,341.56
15.2,-0.020301140076005055,,,,341.56
15.204,-0.020041140076005073,,,,341.56
15.208,-0.019961140076005076,,,,341.56
15.212,-0.019531140076005062,,,,341.56
15.216,-0.01902114007600508,,,,341.56
15.22,-0.018591140076005066,,,,341.56
15.224,-0.01825114007600506,,,,341.56
15.228,-0.01791114007600508,,,,341.56
15.232,-0.01740114007600507,,,,341.56
15.236,-0.01680114007600508,,,,341.56
15.24,-0.016371140076005066,,,,341.56
15.244,-0.015951140076005062,,,,341.56
15.248,-0.015351140076005071,,,,341.56
15.252,-0.014671140076005057,,,,341.56
15.256,-0.014151140076005065,,,,341.56
15.26,-0.013731140076005061,,,,341.56
15.264,-0.013131140076005072,,,,341.56
15.268,-0.012531140076005054,,,,341.56
15.272,-0.011761140076005061,,,,341.56
15.276,-0.011161140076005072,,,,341.56
15.28,-0.010571140076005065,,,,341.56
15.284,-0.010051140076005072,,,,341.56
15.288,-0.009371140076005058,,,,341.56
15.292,-0.008771140076005069,,,,341.56
15.296,-0.008181140076005062,,,,341.56
15.3,-0.007581140076005072,,,,341.56
15.304,-0.006891140076005076,,,,341.56
15.308,-0.006301140076005069,,,,341.56
15.312,-0.005701140076005079,,,,341.56
15.316,-0.005101140076005062,,,,341.56
15.32,-0.004501140076005073,,,,341.56
15.324,-0.0039111400760050655,,,,341.56
15.328,-0.00322114007600507,,,,341.56
15.332,-0.0026311400760050626,,,,341.56
15.336,-0.0019411400760050664,,,,341.56
15.34,-0.001431140076005056,,,,341.56
15.344,-0.0008311400760050666,,,,341.56
15.348,-0.00023114007600507714,,,,341.56
15.352,0.00035885992399493005,,,,341.56
15.356,0.0008788599239949227,,,,341.56
15.36,0.0013888599239949332,,,,341.56
15.364,0.0018988599239949436,,,,341.56
15.368,0.002498859923994933,,,,341.56
15.372,0.0029288599239949468,,,,341.56
15.376,0.0033488599239949227,,,,341.56
15.38,0.00394885992399494,,,,341.56
15.384,0.00454885992399493,,,,341.56
15.388,0.00505885992399494,,,,341.56
15.392,0.005488859923994926,,,,341.56
15.396,0.00590885992399493,,,,341.56
15.4,0.0063388599239949436,,,,341.56
15.404,0.0067688599239949295,,,,341.56
15.408,0.007368859923994947,,,,341.56
15.412,0.00787885992399493,,,,341.56
15.416,0.008298859923994933,,,,341.56
15.42,0.008818859923994954,,,,341.56
15.424,0.00923885992399493,,,,341.56
15.428,0.009588859923994946,,,,341.56
15.432,0.01026885992399496,,,,341.56
15.436,0.010778859923994915,,,,341.56
15.44,0.011288859923994926,,,,341.56
15.444,0.011628859923994933,,,,341.56
15.448,0.01197885992399495,,,,341.56
15.452,0.012398859923994926,,,,341.56
15.456,0.012998859923994915,,,,341.56
15.46,0.01359885992399496,,,,341.56
15.464,0.014028859923994946,,,,341.56
15.468,0.014538859923994956,,,,341.56
15.472,0.014878859923994908,,,,341.56
15.476,0.01530885992399495,,,,341.56
15.48,0.015728859923994924,,,,341.56
15.484,0.01607885992399494,,,,341.56
15.488,0.016498859923994916,,,,341.56
15.492,0.017008859923994927,,,,341.56
15.496,0.017358859923994944,,,,341.56
15.5,0.017528859923994947,,,,341.56
15.504,0.017608859923994916,,,,341.56
15.508,0.01777885992399492,,,,341.56
15.512,0.018038859923994958,,,,341.56
15.516,0.018208859923994906,,,,341.56
15.52,0.018468859923994944,,,,341.56
15.524,0.018718859923994916,,,,341.56
15.528,0.018978859923994954,,,,341.56
15.532,0.018978859923994954,,,,341.56
15.536,0.019058859923994923,,,,341.56
15.54,0.019318859923994906,,,,341.56
15.544,0.019318859923994906,,,,341.56
15.548,0.01940885992399494,,,,341.56
15.552,0.01948885992399491,,,,341.56
15.556,0.01948885992399491,,,,341.56
15.56,0.01940885992399494,,,,341.56
15.564,0.01940885992399494,,,,341.56
15.568,0.01940885992399494,,,,341.56
15.572,0.019318859923994906,,,,341.56
15.576,0.019058859923994923,,,,341.56
15.58,0.01888885992399492,,,,341.56
15.584,0.018718859923994916,,,,341.56
15.588,0.01888885992399492,,,,341.56
15.592,0.018718859923994916,,,,341.56
15.596,0.018468859923994944,,,,341.56
15.6,0.018118859923994927,,,,341.56
15.604,0.01777885992399492,,,,341.56
15.608,0.017438859923994913,,,,341.56
15.612,0.016928859923994958,,,,341.56
15.616,0.016498859923994916,,,,341.56
15.62,0.01615885992399491,,,,341.56
15.624,0.015818859923994958,,,,341.56
15.628,0.015388859923994918,,,,341.56
15.632,0.014878859923994908,,,,341.56
15.636,0.014448859923994922,,,,341.56
15.64,0.013938859923994911,,,,341.56
15.644,0.013338859923994922,,,,341.56
15.648,0.012828859923994912,,,,341.56
15.652,0.012318859923994957,,,,341.56
15.656,0.011718859923994912,,,,341.56
15.66,0.011288859923994926,,,,341.56
15.664,0.011118859923994922,,,,341.56
15.668,0.010778859923994915,,,,341.56
15.672,0.010178859923994926,,,,341.56
15.676,0.009588859923994946,,,,341.56
15.68,0.00915885992399496,,,,341.56
15.684,0.008728859923994947,,,,341.56
15.688,0.007958859923994926,,,,341.56
15.692,0.0071088599239949365,,,,341.56
15.696,0.0063388599239949436,,,,341.56
15.7,0.005568859923994923,,,,341.56
15.704,0.0049688599239949335,,,,341.56
15.708,0.004118859923994944,,,,341.56
15.712,0.0033488599239949227,,,,341.56
15.716,0.00257885992399493,,,,341.56
15.72,0.0017288599239949401,,,,341.56
15.724,0.0012188599239949297,,,,341.56
15.728,0.0012188599239949297,,,,341.56
15.732,0.001128859923994923,,,,341.56
15.736,0.0010488599239949262,,,,341.56
15.74,0.0009588599239949195,,,,341.56
15.744,0.0009588599239949195,,,,341.56
15.748,0.0009588599239949195,,,,341.56
15.752,0.0009588599239949195,,,,341.56
15.756,0.0009588599239949195,,,,341.56
15.76,0.0009588599239949195,,,,341.56
15.764,0.0009588599239949195,,,,341.56
15.768,-0.0010911400760050768,,,,341.56
15.772,-0.006131140076005065,,,,341.56
15.776,-0.008601140076005065,,,,341.56
15.78,-0.010311140076005055,,,,341.56
15.784,-0.011511140076005061,,,,341.56
15.788,-0.012191140076005075,,,,341.56
15.792,-0.012961140076005068,,,,341.56
15.796,-0.013811140076005058,,,,341.56
15.8,-0.014671140076005057,,,,341.56
15.804,-0.015351140076005071,,,,341.56
15.808,-0.01603114007600506,,,,341.56
15.812,-0.01689114007600506,,,,341.56
15.816,-0.017481140076005066,,,,341.56
15.82,-0.01800114007600506,,,,341.56
15.824,-0.018421140076005062,,,,341.56
15.828,-0.01902114007600508,,,,341.56
15.832,-0.019281140076005062,,,,341.56
15.836,-0.019531140076005062,,,,341.56
15.84,-0.019961140076005076,,,,341.56
15.844,-0.020391140076005062,,,,341.56
15.848,-0.020641140076005062,,,,341.56
15.852,-0.020811140076005066,,,,341.56
15.856,-0.021071140076005076,,,,341.56
15.86,-0.02133114007600506,,,,341.56
15.864,-0.02158114007600506,,,,341.56
15.868,-0.02158114007600506,,,,341.56
15.872,-0.02158114007600506,,,,341.56
15.876,-0.02184114007600507,,,,341.56
15.88,-0.021921140076005066,,,,341.56
15.884,-0.021921140076005066,,,,341.56
15.888,-0.02184114007600507,,,,341.56
15.892,-0.021671140076005065,,,,341.56
15.896,-0.021671140076005065,,,,341.56
15.9,-0.021501140076005062,,,,341.56
15.904,-0.02124114007600508,,,,341.56
15.908,-0.021071140076005076,,,,341.56
15.912,-0.02073114007600507,,,,341.56
15.916,-0.02047114007600506,,,,341.56
15.92,-0.02022114007600506,,,,341.56
15.924,-0.01987114007600507,,,,341.56
15.928,-0.019451140076005066,,,,341.56
15.932,-0.019191140076005055,,,,341.56
15.936,-0.018681140076005073,,,,341.56
15.94,-0.01825114007600506,,,,341.56
15.944,-0.01791114007600508,,,,341.56
15.948,-0.017571140076005073,,,,341.56
15.952,-0.01714114007600506,,,,341.56
15.956,-0.01654114007600507,,,,341.56
15.96,-0.015861140076005056,,,,341.56
15.964,-0.015351140076005071,,,,341.56
15.968,-0.014921140076005058,,,,341.56
15.972,-0.014321140076005068,,,,341.56
15.976,-0.013811140076005058,,,,341.56
15.98,-0.013301140076005075,,,,341.56
15.984,-0.012621140076005061,,,,341.56
15.988,-0.012191140076005075,,,,341.56
15.992,-0.011591140076005058,,,,341.56
15.996,-0.010991140076005068,,,,341.56
16.0,-0.010481140076005058,,,,341.56
16.004,-0.009881140076005069,,,,341.56
16.008,-0.009371140076005058,,,,341.56
16.012,-0.008771140076005069,,,,341.56
16.016,-0.008091140076005055,,,,341.56
16.02,-0.007491140076005065,,,,341.56
16.024,-0.006891140076005076,,,,341.56
16.028,-0.006301140076005069,,,,341.56
16.032,-0.005701140076005079,,,,341.56
16.036,-0.005101140076005062,,,,341.56
16.04,-0.004501140076005073,,,,341.56
16.044,-0.0042511400760050725,,,,341.56
16.048,-0.0038211400760050592,,,,341.56
16.052,-0.0030511400760050663,,,,341.56
16.056,-0.002451140076005077,,,,341.56
16.06,-0.0018611400760050697,,,,341.56
16.064,-0.0011711400760050735,,,,341.56
16.068,-0.0006611400760050631,,,,341.56
16.072,-0.0001511400760050804,,,,341.56
16.076,0.0004488599239949368,,,,341.56
16.08,0.0008788599239949227,,,,341.56
16.084,0.0012988599239949264,,,,341.56
16.088,0.0018088599239949369,,,,341.56
16.092,0.0024088599239949263,,,,341.56
16.096,0.0030088599239949435,,,,341.56
16.1,0.0034388599239949295,,,,341.56
16.104,0.0037788599239949364,,,,341.56
16.108,0.004208859923994923,,,,341.56
16.112,0.0046288599239949265,,,,341.56
16.116,0.005148859923994947,,,,341.56
16.12,0.005738859923994926,,,,341.56
16.124,0.006258859923994947,,,,341.56
16.128,0.0067688599239949295,,,,341.56
16.132,0.007188859923994933,,,,341.56
16.136,0.007618859923994947,,,,341.56
16.14,0.008218859923994936,,,,341.56
16.144,0.008728859923994947,,,,341.56
16.148,0.00923885992399493,,,,341.56
16.152,0.00975885992399495,,,,341.56
16.156,0.01034885992399493,,,,341.56
16.16,0.010778859923994915,,,,341.56
16.164,0.011208859923994957,,,,341.56
16.168,0.011808859923994946,,,,341.56
16.172,0.01248885992399496,,,,341.56
16.176,0.012738859923994933,,,,341.56
16.18,0.013258859923994953,,,,341.56
16.184,0.013848859923994932,,,,341.56
16.188,0.014448859923994922,,,,341.56
16.192,0.014878859923994908,,,,341.56
16.196,0.01530885992399495,,,,341.56
16.2,0.015818859923994958,,,,341.56
16.204,0.016248859923994944,,,,341.56
16.208,0.016498859923994916,,,,341.56
16.212,0.016928859923994958,,,,341.56
16.216,0.01726885992399491,,,,341.56
16.22,0.017608859923994916,,,,341.56
16.224,0.017868859923994954,,,,341.56
16.228,0.018118859923994927,,,,341.56
16.232,0.018208859923994906,,,,341.56
16.236,0.018548859923994913,,,,341.56
16.24,0.01888885992399492,,,,341.56
16.244,0.019058859923994923,,,,341.56
16.248,0.019318859923994906,,,,341.56
16.252,0.019318859923994906,,,,341.56
16.256,0.01948885992399491,,,,341.56
16.26,0.019748859923994947,,,,341.56
16.264,0.01991885992399495,,,,341.56
16.268,0.020088859923994954,,,,341.56
16.272,0.01991885992399495,,,,341.56
16.276,0.01991885992399495,,,,341.56
16.28,0.019828859923994916,,,,341.56
16.284,0.019748859923994947,,,,341.56
16.288,0.019658859923994913,,,,341.56
16.292,0.01940885992399494,,,,341.56
16.296,0.01940885992399494,,,,341.56
16.3,0.01948885992399491,,,,341.56
16.304,0.019318859923994906,,,,341.56
16.308,0.019058859923994923,,,,341.56
16.312,0.018978859923994954,,,,341.56
16.316,0.018638859923994947,,,,341.56
16.32,0.018208859923994906,,,,341.56
16.324,0.01777885992399492,,,,341.56
16.328,0.017358859923994944,,,,341.56
16.332,0.016928859923994958,,,,341.56
16.336,0.016498859923994916,,,,341.56
16.34,0.01615885992399491,,,,341.56
16.344,0.015728859923994924,,,,341.56
16.348,0.01530885992399495,,,,341.56
16.352,0.014968859923994942,,,,341.56
16.356,0.014538859923994956,,,,341.56
16.36,0.014028859923994946,,,,341.56
16.364,0.013508859923994926,,,,341.56
16.368,0.012918859923994946,,,,341.56
16.372,0.012398859923994926,,,,341.56
16.376,0.011718859923994912,,,,341.56
16.38,0.011288859923994926,,,,341.56
16.384,0.011288859923994926,,,,341.56
16.388,0.011288859923994926,,,,341.56
16.392,0.010608859923994912,,,,341.56
16.396,0.010098859923994957,,,,341.56
16.4,0.009928859923994953,,,,341.56
16.404,0.00975885992399495,,,,341.56
16.408,0.00975885992399495,,,,341.56
16.412,0.009668859923994915,,,,341.56
16.416,0.008648859923994922,,,,341.56
16.42,0.006848859923994926,,,,341.56
16.424,0.00565885992399493,,,,341.56
16.428,0.0046288599239949265,,,,341.56
16.432,0.003518859923994926,,,,341.56
16.436,0.0027488599239949333,,,,341.56
16.44,0.002158859923994926,,,,341.56
16.444,0.0018088599239949369,,,,341.56
16.448,0.00146885992399493,,,,341.56
16.452,0.001128859923994923,,,,341.56
16.456,0.0007888599239949438,,,,341.56
16.46,0.0004488599239949368,,,,341.56
16.464,0.00010885992399492983,,,,341.56
16.468,-0.00023114007600507714,,,,341.56
16.472,-0.0005811400760050663,,,,341.56
16.476,-0.0009211400760050733,,,,341.56
16.48,-0.0012611400760050803,,,,341.56
16.484,-0.0016011400760050595,,,,341.56
16.488,-0.0019411400760050664,,,,341.56
16.492,-0.0033911400760050733,,,,341.56
16.496,-0.007151140076005058,,,,341.56
16.5,-0.010051140076005072,,,,341.56
16.504,-0.011591140076005058,,,,341.56
16.508,-0.012621140076005061,,,,341.56
16.512,-0.013731140076005061,,,,341.56
16.516,-0.014491140076005072,,,,341.56
16.52,-0.015091140076005061,,,,341.56
16.524,-0.01578114007600506,,,,341.56
16.528,-0.01629114007600507,,,,341.56
16.532,-0.01680114007600508,,,,341.56
16.536,-0.017481140076005066,,,,341.56
16.54,-0.018171140076005062,,,,341.56
16.544,-0.018681140076005073,,,,341.56
16.548,-0.019191140076005055,,,,341.56
16.552,-0.019531140076005062,,,,341.56
16.556,-0.019961140076005076,,,,341.56
16.56,-0.020301140076005055,,,,341.56
16.564,-0.02047114007600506,,,,341.56
16.568,-0.020811140076005066,,,,341.56
16.572,-0.021071140076005076,,,,341.56
16.576,-0.02124114007600508,,,,341.56
16.58,-0.021501140076005062,,,,341.56
16.584,-0.02158114007600506,,,,341.56
16.588,-0.021671140076005065,,,,341.56
16.592,-0.021921140076005066,,,,341.56
16.596,-0.021921140076005066,,,,341.56
16.6,-0.021921140076005066,,,,341.56
16.604,-0.021921140076005066,,,,341.56
16.608,-0.02184114007600507,,,,341.56
16.612,-0.021671140076005065,,,,341.56
16.616,-0.02158114007600506,,,,341.56
16.62,-0.021411140076005055,,,,341.56
16.624,-0.02124114007600508,,,,341.56
16.628,-0.021071140076005076,,,,341.56
16.632,-0.020811140076005066,,,,341.56
16.636,-0.02073114007600507,,,,341.56
16.64,-0.020391140076005062,,,,341.56
16.644,-0.01987114007600507,,,,341.56
16.648,-0.019451140076005066,,,,341.56
16.652,-0.01911114007600506,,,,341.56
16.656,-0.01876114007600507,,,,341.56
16.66,-0.018341140076005066,,,,341.56
16.664,-0.01791114007600508,,,,341.56
16.668,-0.01740114007600507,,,,341.56
16.672,-0.016631140076005076,,,,341.56
16.676,-0.016201140076005063,,,,341.56
16.68,-0.01569114007600508,,,,341.56
16.684,-0.015091140076005061,,,,341.56
16.688,-0.014671140076005057,,,,341.56
16.692,-0.014151140076005065,,,,341.56
16.696,-0.013471140076005078,,,,341.56
16.7,-0.012961140076005068,,,,341.56
16.704,-0.012451140076005058,,,,341.56
16.708,-0.011851140076005068,,,,341.56
16.712,-0.011251140076005079,,,,341.56
16.716,-0.010571140076005065,,,,341.56
16.72,-0.009971140076005075,,,,341.56
16.724,-0.009371140076005058,,,,341.56
16.728,-0.008941140076005072,,,,341.56
16.732,-0.008351140076005065,,,,341.56
16.736,-0.007751140076005076,,,,341.56
16.74,-0.007151140076005058,,,,341.56
16.744,-0.006551140076005069,,,,341.56
16.748,-0.005961140076005062,,,,341.56
16.752,-0.005271140076005066,,,,341.56
16.756,-0.004671140076005076,,,,341.56
16.76,-0.004081140076005069,,,,341.56
16.764,-0.0036511400760050557,,,,341.56
16.768,-0.0033911400760050733,,,,341.56
16.772,-0.002881140076005063,,,,341.56
16.776,-0.00237114007600508,,,,341.56
16.78,-0.0019411400760050664,,,,341.56
16.784,-0.0012611400760050803,,,,341.56
16.788,-0.00041114007600506286,,,,341.56
16.792,0.00010885992399492983,,,,341.56
16.796,0.0006188599239949403,,,,341.56
16.8,0.0010488599239949262,,,,341.56
16.804,0.0012988599239949264,,,,341.56
16.808,0.0018988599239949436,,,,341.56
16.812,0.00257885992399493,,,,341.56
16.816,0.0030988599239949225,,,,341.56
16.82,0.0034388599239949295,,,,341.56
16.824,0.0037788599239949364,,,,341.56
16.828,0.004208859923994923,,,,341.56
16.832,0.004718859923994933,,,,341.56
16.836,0.005148859923994947,,,,341.56
16.84,0.005568859923994923,,,,341.56
16.844,0.00616885992399494,,,,341.56
16.848,0.006678859923994923,,,,341.56
16.852,0.007188859923994933,,,,341.56
16.856,0.007538859923994922,,,,341.56
16.86,0.00787885992399493,,,,341.56
16.864,0.008298859923994933,,,,341.56
16.868,0.008728859923994947,,,,341.56
16.872,0.00923885992399493,,,,341.56
16.876,0.009838859923994919,,,,341.56
16.88,0.01034885992399493,,,,341.56
16.884,0.010778859923994915,,,,341.56
16.888,0.011208859923994957,,,,341.56
16.892,0.011628859923994933,,,,341.56
16.896,0.012148859923994953,,,,341.56
16.9,0.012738859923994933,,,,341.56
16.904,0.013258859923994953,,,,341.56
16.908,0.013678859923994929,,,,341.56
16.912,0.014028859923994946,,,,341.56
16.916,0.014368859923994953,,,,341.56
16.92,0.014878859923994908,,,,341.56
16.924,0.015648859923994955,,,,341.56
16.928,0.01615885992399491,,,,341.56
16.932,0.01658885992399495,,,,341.56
16.936,0.016928859923994958,,,,341.56
16.94,0.017358859923994944,,,,341.56
16.944,0.01769885992399495,,,,341.56
16.948,0.01777885992399492,,,,341.56
16.952,0.018118859923994927,,,,341.56
16.956,0.01837885992399491,,,,341.56
16.96,0.018548859923994913,,,,341.56
16.964,0.018718859923994916,,,,341.56
16.968,0.018978859923994954,,,,341.56
16.972,0.019228859923994927,,,,341.56
16.976,0.01940885992399494,,,,341.56
16.98,0.019578859923994944,,,,341.56
16.984,0.019828859923994916,,,,341.56
16.988,0.019828859923994916,,,,341.56
16.992,0.019748859923994947,,,,341.56
16.996,0.019748859923994947,,,,341.56
17.0,0.019828859923994916,,,,341.56
17.004,0.019828859923994916,,,,341.56
17.008,0.019828859923994916,,,,341.56
17.012,0.019828859923994916,,,,341.56
17.016,0.019748859923994947,,,,341.56
17.02,0.019748859923994947,,,,341.56
17.024,0.01948885992399491,,,,341.56
17.028,0.01940885992399494,,,,341.56
17.032,0.019318859923994906,,,,341.56
17.036,0.019058859923994923,,,,341.56
17.04,0.01888885992399492,,,,341.56
17.044,0.018548859923994913,,,,341.56
17.048,0.018118859923994927,,,,341.56
17.052,0.01769885992399495,,,,341.56
17.056,0.017438859923994913,,,,341.56
17.06,0.01726885992399491,,,,341.56
17.064,0.01666885992399492,,,,341.56
17.068,0.01615885992399491,,,,341.56
17.072,0.015648859923994955,,,,341.56
17.076,0.015218859923994915,,,,341.56
17.08,0.01470885992399496,,,,341.56
17.084,0.014108859923994915,,,,341.56
17.088,0.01359885992399496,,,,341.56
17.092,0.012998859923994915,,,,341.56
17.096,0.012398859923994926,,,,341.56
17.1,0.011718859923994912,,,,341.56
17.104,0.011718859923994912,,,,341.56
17.108,0.01197885992399495,,,,341.56
17.112,0.012228859923994922,,,,341.56
17.116,0.01248885992399496,,,,341.56
17.12,0.012738859923994933,,,,341.56
17.124,0.012998859923994915,,,,341.56
17.128,0.013258859923994953,,,,341.56
17.132,0.012828859923994912,,,,341.56
17.136,0.010698859923994946,,,,341.56
17.14,0.00838885992399494,,,,341.56
17.144,0.007188859923994933,,,,341.56
17.148,0.005828859923994933,,,,341.56
17.152,0.004038859923994947,,,,341.56
17.156,0.00257885992399493,,,,341.56
17.16,0.001128859923994923,,,,341.56
17.164,0.0002788599239949333,,,,341.56
17.168,-0.0005811400760050663,,,,341.56
17.172,-0.001431140076005056,,,,341.56
17.176,-0.00211114007600507,,,,341.56
17.18,-0.00237114007600508,,,,341.56
17.184,-0.0026311400760050626,,,,341.56
17.188,-0.002881140076005063,,,,341.56
17.192,-0.0030511400760050663,,,,341.56
17.196,-0.0033911400760050733,,,,341.56
17.2,-0.004331140076005069,,,,341.56
17.204,-0.005871140076005055,,,,341.56
17.208,-0.007751140076005076,,,,341.56
17.212,-0.009201140076005055,,,,341.56
17.216,-0.010401140076005061,,,,341.56
17.22,-0.011421140076005054,,,,341.56
17.224,-0.012361140076005079,,,,341.56
17.228,-0.013131140076005072,,,,341.56
17.232,-0.013901140076005064,,,,341.56
17.236,-0.01484114007600506,,,,341.56
17.24,-0.015521140076005075,,,,341.56
17.244,-0.016121140076005066,,,,341.56
17.248,-0.016631140076005076,,,,341.56
17.252,-0.01714114007600506,,,,341.56
17.256,-0.017821140076005073,,,,341.56
17.26,-0.018341140076005066,,,,341.56
17.264,-0.01876114007600507,,,,341.56
17.268,-0.019191140076005055,,,,341.56
17.272,-0.019451140076005066,,,,341.56
17.276,-0.01962114007600507,,,,341.56
17.28,-0.019961140076005076,,,,341.56
17.284,-0.020301140076005055,,,,341.56
17.288,-0.020641140076005062,,,,341.56
17.292,-0.020811140076005066,,,,341.56
17.296,-0.021071140076005076,,,,341.56
17.3,-0.021151140076005073,,,,341.56
17.304,-0.02124114007600508,,,,341.56
17.308,-0.02124114007600508,,,,341.56
17.312,-0.021151140076005073,,,,341.56
17.316,-0.02124114007600508,,,,341.56
17.32,-0.021151140076005073,,,,341.56
17.324,-0.02124114007600508,,,,341.56
17.328,-0.02124114007600508,,,,341.56
17.332,-0.021071140076005076,,,,341.56
17.336,-0.020811140076005066,,,,341.56
17.34,-0.02073114007600507,,,,341.56
17.344,-0.02047114007600506,,,,341.56
17.348,-0.020301140076005055,,,,341.56
17.352,-0.01987114007600507,,,,341.56
17.356,-0.019451140076005066,,,,341.56
17.36,-0.019281140076005062,,,,341.56
17.364,-0.01902114007600508,,,,341.56
17.368,-0.018681140076005073,,,,341.56
17.372,-0.018171140076005062,,,,341.56
17.376,-0.017481140076005066,,,,341.56
17.38,-0.01714114007600506,,,,341.56
17.384,-0.016711140076005073,,,,341.56
17.388,-0.01629114007600507,,,,341.56
17.392,-0.01578114007600506,,,,341.56
17.396,-0.015351140076005071,,,,341.56
17.4,-0.015091140076005061,,,,341.56
17.404,-0.014491140076005072,,,,341.56
17.408,-0.013811140076005058,,,,341.56
17.412,-0.013381140076005072,,,,341.56
17.416,-0.013041140076005065,,,,341.56
17.42,-0.012621140076005061,,,,341.56
17.424,-0.012191140076005075,,,,341.56
17.428,-0.011591140076005058,,,,341.56
17.432,-0.010991140076005068,,,,341.56
17.436,-0.010571140076005065,,,,341.56
17.44,-0.010141140076005079,,,,341.56
17.444,-0.009541140076005062,,,,341.56
17.448,-0.008941140076005072,,,,341.56
17.452,-0.008521140076005069,,,,341.56
17.456,-0.008091140076005055,,,,341.56
17.46,-0.007491140076005065,,,,341.56
17.464,-0.006811140076005079,,,,341.56
17.468,-0.006301140076005069,,,,341.56
17.472,-0.005871140076005055,,,,341.56
17.476,-0.005271140076005066,,,,341.56
17.48,-0.004931140076005059,,,,341.56
17.484,-0.004671140076005076,,,,341.56
17.488,-0.0042511400760050725,,,,341.56
17.492,-0.0037411400760050625,,,,341.56
17.496,-0.003141140076005073,,,,341.56
17.5,-0.00237114007600508,,,,341.56
17.504,-0.0018611400760050697,,,,341.56
17.508,-0.0015211400760050627,,,,341.56
17.512,-0.00100114007600507,,,,341.56
17.516,-0.0003211400760050561,,,,341.56
17.52,0.00018885992399492657,,,,341.56
17.524,0.0006188599239949403,,,,341.56
17.528,0.0010488599239949262,,,,341.56
17.532,0.0013888599239949332,,,,341.56
17.536,0.0018088599239949369,,,,341.56
17.54,0.002238859923994923,,,,341.56
17.544,0.00257885992399493,,,,341.56
17.548,0.0033488599239949227,,,,341.56
17.552,0.004118859923994944,,,,341.56
17.556,0.0046288599239949265,,,,341.56
17.56,0.005148859923994947,,,,341.56
17.564,0.005488859923994926,,,,341.56
17.568,0.005998859923994937,,,,341.56
17.572,0.006598859923994926,,,,341.56
17.576,0.0071088599239949365,,,,341.56
17.58,0.007708859923994926,,,,341.56
17.584,0.008298859923994933,,,,341.56
17.588,0.008728859923994947,,,,341.56
17.592,0.00923885992399493,,,,341.56
17.596,0.009838859923994919,,,,341.56
17.6,0.010438859923994908,,,,341.56
17.604,0.011118859923994922,,,,341.56
17.608,0.011628859923994933,,,,341.56
17.612,0.012148859923994953,,,,341.56
17.616,0.012828859923994912,,,,341.56
17.62,0.013258859923994953,,,,341.56
17.624,0.013678859923994929,,,,341.56
17.628,0.014368859923994953,,,,341.56
17.632,0.014878859923994908,,,,341.56
17.636,0.01530885992399495,,,,341.56
17.64,0.015728859923994924,,,,341.56
17.644,0.01607885992399494,,,,341.56
17.648,0.016498859923994916,,,,341.56
17.652,0.016928859923994958,,,,341.56
17.656,0.01726885992399491,,,,341.56
17.66,0.01769885992399495,,,,341.56
17.664,0.018038859923994958,,,,341.56
17.668,0.01829885992399494,,,,341.56
17.672,0.018638859923994947,,,,341.56
17.676,0.01888885992399492,,,,341.56
17.68,0.019058859923994923,,,,341.56
17.684,0.01940885992399494,,,,341.56
17.688,0.019748859923994947,,,,341.56
17.692,0.019748859923994947,,,,341.56
17.696,0.01991885992399495,,,,341.56
17.7,0.020168859923994923,,,,341.56
17.704,0.020168859923994923,,,,341.56
17.708,0.020168859923994923,,,,341.56
17.712,0.020258859923994958,,,,341.56
17.716,0.020338859923994927,,,,341.56
17.72,0.020258859923994958,,,,341.56
17.724,0.020168859923994923,,,,341.56
17.728,0.01991885992399495,,,,341.56
17.732,0.01991885992399495,,,,341.56
17.736,0.020088859923994954,,,,341.56
17.74,0.01991885992399495,,,,341.56
17.744,0.019828859923994916,,,,341.56
17.748,0.01948885992399491,,,,341.56
17.752,0.018978859923994954,,,,341.56
17.756,0.018548859923994913,,,,341.56
17.76,0.018208859923994906,,,,341.56
17.764,0.01777885992399492,,,,341.56
17.768,0.01726885992399491,,,,341.56
17.772,0.016928859923994958,,,,341.56
17.776,0.016758859923994954,,,,341.56
17.78,0.016248859923994944,,,,341.56
17.784,0.015988859923994906,,,,341.56
17.788,0.015648859923994955,,,,341.56
17.792,0.01530885992399495,,,,341.56
17.796,0.014788859923994929,,,,341.56
17.8,0.01419885992399495,,,,341.56
17.804,0.013678859923994929,,,,341.56
17.808,0.01308885992399495,,,,341.56
17.812,0.012318859923994957,,,,341.56
17.816,0.011628859923994933,,,,341.56
17.82,0.011038859923994953,,,,341.56
17.824,0.010518859923994933,,,,341.56
17.828,0.01026885992399496,,,,341.56
17.832,0.009668859923994915,,,,341.56
17.836,0.00923885992399493,,,,341.56
17.84,0.008648859923994922,,,,341.56
17.844,0.00787885992399493,,,,341.56
17.848,0.007188859923994933,,,,341.56
17.852,0.006678859923994923,,,,341.56
17.856,0.005998859923994937,,,,341.56
17.86,0.005148859923994947,,,,341.56
17.864,0.004118859923994944,,,,341.56
17.868,0.0031788599239949192,,,,341.56
17.872,0.0026688599239949365,,,,341.56
17.876,0.0020688599239949194,,,,341.56
17.88,0.0009588599239949195,,,,341.56
17.884,0.00010885992399492983,,,,341.56
17.888,-0.0006611400760050631,,,,341.56
17.892,-0.0015211400760050627,,,,341.56
17.896,-0.002031140076005073,,,,341.56
17.9,-0.0015211400760050627,,,,341.56
17.904,-0.0007511400760050698,,,,341.56
17.908,-0.0018611400760050697,,,,341.56
17.912,-0.0033911400760050733,,,,341.56
17.916,-0.004761140076005055,,,,341.56
17.92,-0.005871140076005055,,,,341.56
17.924,-0.006471140076005072,,,,341.56
17.928,-0.007411140076005069,,,,341.56
17.932,-0.008431140076005062,,,,341.56
17.936,-0.009291140076005061,,,,341.56
17.94,-0.010231140076005058,,,,341.56
17.944,-0.011421140076005054,,,,341.56
17.948,-0.012361140076005079,,,,341.56
17.952,-0.012961140076005068,,,,341.56
17.956,-0.013811140076005058,,,,341.56
17.96,-0.014671140076005057,,,,341.56
17.964,-0.015431140076005068,,,,341.56
17.968,-0.016121140076005066,,,,341.56
17.972,-0.016631140076005076,,,,341.56
17.976,-0.017231140076005066,,,,341.56
17.98,-0.017821140076005073,,,,341.56
17.984,-0.018171140076005062,,,,341.56
17.988,-0.018591140076005066,,,,341.56
17.992,-0.01911114007600506,,,,341.56
17.996,-0.019531140076005062,,,,341.56
18.0,-0.019791140076005072,,,,341.56
18.004,-0.019961140076005076,,,,341.56
18.008,-0.020301140076005055,,,,341.56
18.012,-0.020811140076005066,,,,341.56
18.016,-0.021151140076005073,,,,341.56
18.02,-0.021151140076005073,,,,341.56
18.024,-0.02124114007600508,,,,341.56
18.028,-0.021411140076005055,,,,341.56
18.032,-0.02158114007600506,,,,341.56
18.036,-0.02158114007600506,,,,341.56
18.04,-0.02158114007600506,,,,341.56
18.044,-0.02158114007600506,,,,341.56
18.048,-0.02158114007600506,,,,341.56
18.052,-0.02158114007600506,,,,341.56
18.056,-0.021411140076005055,,,,341.56
18.06,-0.021151140076005073,,,,341.56
18.064,-0.021071140076005076,,,,341.56
18.068,-0.020811140076005066,,,,341.56
18.072,-0.020641140076005062,,,,341.56
18.076,-0.020301140076005055,,,,341.56
18.08,-0.01987114007600507,,,,341.56
18.084,-0.019451140076005066,,,,341.56
18.088,-0.019191140076005055,,,,341.56
18.092,-0.018681140076005073,,,,341.56
18.096,-0.01825114007600506,,,,341.56
18.1,-0.018081140076005055,,,,341.56
18.104,-0.017741140076005076,,,,341.56
18.108,-0.01714114007600506,,,,341.56
18.112,-0.016631140076005076,,,,341.56
18.116,-0.016201140076005063,,,,341.56
18.12,-0.015861140076005056,,,,341.56
18.124,-0.015351140076005071,,,,341.56
18.128,-0.014671140076005057,,,,341.56
18.132,-0.014151140076005065,,,,341.56
18.136,-0.013731140076005061,,,,341.56
18.14,-0.013301140076005075,,,,341.56
18.144,-0.012961140076005068,,,,341.56
18.148,-0.012271140076005072,,,,341.56
18.152,-0.011761140076005061,,,,341.56
18.156,-0.011341140076005058,,,,341.56
18.16,-0.010741140076005068,,,,341.56
18.164,-0.010141140076005079,,,,341.56
18.168,-0.009371140076005058,,,,341.56
18.172,-0.008861140076005075,,,,341.56
18.176,-0.008261140076005058,,,,341.56
18.18,-0.007411140076005069,,,,341.56
18.184,-0.0067211400760050725,,,,341.56
18.188,-0.0060411400760050585,,,,341.56
18.192,-0.005441140076005069,,,,341.56
18.196,-0.004851140076005062,,,,341.56
18.2,-0.0042511400760050725,,,,341.56
18.204,-0.0037411400760050625,,,,341.56
18.208,-0.00348114007600508,,,,341.56
18.212,-0.0029711400760050696,,,,341.56
18.216,-0.002451140076005077,,,,341.56
18.22,-0.0019411400760050664,,,,341.56
18.224,-0.001341140076005077,,,,341.56
18.228,-0.0007511400760050698,,,,341.56
18.232,-0.0003211400760050561,,,,341.56
18.236,0.00010885992399492983,,,,341.56
18.24,0.0005288599239949335,,,,341.56
18.244,0.0010488599239949262,,,,341.56
18.248,0.0016388599239949334,,,,341.56
18.252,0.002158859923994926,,,,341.56
18.256,0.00257885992399493,,,,341.56
18.26,0.0030088599239949435,,,,341.56
18.264,0.0034388599239949295,,,,341.56
18.268,0.003858859923994933,,,,341.56
18.272,0.0046288599239949265,,,,341.56
18.276,0.005228859923994944,,,,341.56
18.28,0.005488859923994926,,,,341.56
18.284,0.005828859923994933,,,,341.56
18.288,0.006258859923994947,,,,341.56
18.292,0.006938859923994933,,,,341.56
18.296,0.007538859923994922,,,,341.56
18.3,0.007958859923994926,,,,341.56
18.304,0.00838885992399494,,,,341.56
18.308,0.008728859923994947,,,,341.56
18.312,0.00923885992399493,,,,341.56
18.316,0.009928859923994953,,,,341.56
18.32,0.010438859923994908,,,,341.56
18.324,0.010948859923994919,,,,341.56
18.328,0.011548859923994908,,,,341.56
18.332,0.012058859923994919,,,,341.56
18.336,0.01248885992399496,,,,341.56
18.34,0.012918859923994946,,,,341.56
18.344,0.013508859923994926,,,,341.56
18.348,0.014028859923994946,,,,341.56
18.352,0.014448859923994922,,,,341.56
18.356,0.014968859923994942,,,,341.56
18.36,0.015388859923994918,,,,341.56
18.364,0.015648859923994955,,,,341.56
18.368,0.01615885992399491,,,,341.56
18.372,0.01658885992399495,,,,341.56
18.376,0.016838859923994923,,,,341.56
18.38,0.017098859923994906,,,,341.56
18.384,0.017438859923994913,,,,341.56
18.388,0.01777885992399492,,,,341.56
18.392,0.018038859923994958,,,,341.56
18.396,0.018208859923994906,,,,341.56
18.4,0.018548859923994913,,,,341.56
18.404,0.01880885992399495,,,,341.56
18.408,0.019058859923994923,,,,341.56
18.412,0.019318859923994906,,,,341.56
18.416,0.01940885992399494,,,,341.56
18.42,0.01948885992399491,,,,341.56
18.424,0.019658859923994913,,,,341.56
18.428,0.019828859923994916,,,,341.56
18.432,0.019828859923994916,,,,341.56
18.436,0.019828859923994916,,,,341.56
18.44,0.019748859923994947,,,,341.56
18.444,0.019828859923994916,,,,341.56
18.448,0.019748859923994947,,,,341.56
18.452,0.01948885992399491,,,,341.56
18.456,0.01948885992399491,,,,341.56
18.46,0.019578859923994944,,,,341.56
18.464,0.01948885992399491,,,,341.56
18.468,0.01940885992399494,,,,341.56
18.472,0.018978859923994954,,,,341.56
18.476,0.018638859923994947,,,,341.56
18.48,0.018468859923994944,,,,341.56
18.484,0.018118859923994927,,,,341.56
18.488,0.01777885992399492,,,,341.56
18.492,0.017438859923994913,,,,341.56
18.496,0.016928859923994958,,,,341.56
18.5,0.016498859923994916,,,,341.56
18.504,0.01607885992399494,,,,341.56
18.508,0.015648859923994955,,,,341.56
18.512,0.015218859923994915,,,,341.56
18.516,0.014788859923994929,,,,341.56
18.52,0.014448859923994922,,,,341.56
18.524,0.014108859923994915,,,,341.56
18.528,0.01359885992399496,,,,341.56
18.532,0.012828859923994912,,,,341.56
18.536,0.012318859923994957,,,,341.56
18.54,0.011718859923994912,,,,341.56
18.544,0.01145885992399493,,,,341.56
18.548,0.011208859923994957,,,,341.56
18.552,0.010948859923994919,,,,341.56
18.556,0.010608859923994912,,,,341.56
18.56,0.010008859923994922,,,,341.56
18.564,0.009588859923994946,,,,341.56
18.568,0.009498859923994912,,,,341.56
18.572,0.009928859923994953,,,,341.56
18.576,0.009408859923994933,,,,341.56
18.58,0.008048859923994933,,,,341.56
18.584,0.006078859923994933,,,,341.56
18.588,0.00479885992399493,,,,341.56
18.592,0.004038859923994947,,,,341.56
18.596,0.00283885992399494,,,,341.56
18.6,0.0017288599239949401,,,,341.56
18.604,0.0008788599239949227,,,,341.56
18.608,-0.00023114007600507714,,,,341.56
18.612,-0.0009211400760050733,,,,341.56
18.616,-0.0004911400760050596,,,,341.56
18.62,0.0010488599239949262,,,,341.56
18.624,0.002238859923994923,,,,341.56
18.628,0.001128859923994923,,,,341.56
18.632,-0.002451140076005077,,,,341.56
18.636,-0.0033911400760050733,,,,341.56
18.64,-0.00348114007600508,,,,341.56
18.644,-0.00348114007600508,,,,341.56
18.648,-0.0038211400760050592,,,,341.56
18.652,-0.005361140076005072,,,,341.56
18.656,-0.007751140076005076,,,,341.56
18.66,-0.010051140076005072,,,,341.56
18.664,-0.011341140076005058,,,,341.56
18.668,-0.012531140076005054,,,,341.56
18.672,-0.013641140076005054,,,,341.56
18.676,-0.014491140076005072,,,,341.56
18.68,-0.015181140076005068,,,,341.56
18.684,-0.015861140076005056,,,,341.56
18.688,-0.016631140076005076,,,,341.56
18.692,-0.017311140076005063,,,,341.56
18.696,-0.017821140076005073,,,,341.56
18.7,-0.018341140076005066,,,,341.56
18.704,-0.018681140076005073,,,,341.56
18.708,-0.01902114007600508,,,,341.56
18.712,-0.019451140076005066,,,,341.56
18.716,-0.019961140076005076,,,,341.56
18.72,-0.020391140076005062,,,,341.56
18.724,-0.020641140076005062,,,,341.56
18.728,-0.020901140076005072,,,,341.56
18.732,-0.021151140076005073,,,,341.56
18.736,-0.02133114007600506,,,,341.56
18.74,-0.021501140076005062,,,,341.56
18.744,-0.021501140076005062,,,,341.56
18.748,-0.021501140076005062,,,,341.56
18.752,-0.02158114007600506,,,,341.56
18.756,-0.02158114007600506,,,,341.56
18.76,-0.02158114007600506,,,,341.56
18.764,-0.021501140076005062,,,,341.56
18.768,-0.021501140076005062,,,,341.56
18.772,-0.021411140076005055,,,,341.56
18.776,-0.02133114007600506,,,,341.56
18.78,-0.021151140076005073,,,,341.56
18.784,-0.020811140076005066,,,,341.56
18.788,-0.020641140076005062,,,,341.56
18.792,-0.020391140076005062,,,,341.56
18.796,-0.020041140076005073,,,,341.56
18.8,-0.019791140076005072,,,,341.56
18.804,-0.019451140076005066,,,,341.56
18.808,-0.019191140076005055,,,,341.56
18.812,-0.01876114007600507,,,,341.56
18.816,-0.018341140076005066,,,,341.56
18.82,-0.017741140076005076,,,,341.56
18.824,-0.01714114007600506,,,,341.56
18.828,-0.016711140076005073,,,,341.56
18.832,-0.01629114007600507,,,,341.56
18.836,-0.015861140076005056,,,,341.56
18.84,-0.015351140076005071,,,,341.56
18.844,-0.014671140076005057,,,,341.56
18.848,-0.014241140076005071,,,,341.56
18.852,-0.013811140076005058,,,,341.56
18.856,-0.013301140076005075,,,,341.56
18.86,-0.012701140076005058,,,,341.56
18.864,-0.012191140076005075,,,,341.56
18.868,-0.011761140076005061,,,,341.56
18.872,-0.011341140076005058,,,,341.56
18.876,-0.010741140076005068,,,,341.56
18.88,-0.010141140076005079,,,,341.56
18.884,-0.009711140076005065,,,,341.56
18.888,-0.009291140076005061,,,,341.56
18.892,-0.008691140076005072,,,,341.56
18.896,-0.008091140076005055,,,,341.56
18.9,-0.007581140076005072,,,,341.56
18.904,-0.006811140076005079,,,,341.56
18.908,-0.006211140076005062,,,,341.56
18.912,-0.005871140076005055,,,,341.56
18.916,-0.005441140076005069,,,,341.56
18.92,-0.004851140076005062,,,,341.56
18.924,-0.004081140076005069,,,,341.56
18.928,-0.0035611400760050768,,,,341.56
18.932,-0.003141140076005073,,,,341.56
18.936,-0.0029711400760050696,,,,341.56
18.94,-0.0026311400760050626,,,,341.56
18.944,-0.0019411400760050664,,,,341.56
18.948,-0.001431140076005056,,,,341.56
18.952,-0.0009211400760050733,,,,341.56
18.956,-0.00041114007600506286,,,,341.56
18.96,0.00010885992399492983,,,,341.56
18.964,0.0006188599239949403,,,,341.56
18.968,0.0010488599239949262,,,,341.56
18.972,0.0013888599239949332,,,,341.56
18.976,0.0017288599239949401,,,,341.56
18.98,0.002158859923994926,,,,341.56
18.984,0.0026688599239949365,,,,341.56
18.988,0.0030988599239949225,,,,341.56
18.992,0.0036888599239949297,,,,341.56
18.996,0.00454885992399493,,,,341.56
19.0,0.00505885992399494,,,,341.56
19.004,0.005568859923994923,,,,341.56
19.008,0.005998859923994937,,,,341.56
19.012,0.0063388599239949436,,,,341.56
19.016,0.006848859923994926,,,,341.56
19.02,0.007188859923994933,,,,341.56
19.024,0.007958859923994926,,,,341.56
19.028,0.008558859923994943,,,,341.56
19.032,0.008898859923994923,,,,341.56
19.036,0.009408859923994933,,,,341.56
19.04,0.009928859923994953,,,,341.56
19.044,0.010518859923994933,,,,341.56
19.048,0.011208859923994957,,,,341.56
19.052,0.011548859923994908,,,,341.56
19.056,0.012148859923994953,,,,341.56
19.06,0.012828859923994912,,,,341.56
19.064,0.013258859923994953,,,,341.56
19.068,0.013678859923994929,,,,341.56
19.072,0.014368859923994953,,,,341.56
19.076,0.014878859923994908,,,,341.56
19.08,0.015388859923994918,,,,341.56
19.084,0.015988859923994906,,,,341.56
19.088,0.016418859923994947,,,,341.56
19.092,0.016758859923994954,,,,341.56
19.096,0.017008859923994927,,,,341.56
19.1,0.017438859923994913,,,,341.56
19.104,0.01777885992399492,,,,341.56
19.108,0.018118859923994927,,,,341.56
19.112,0.018548859923994913,,,,341.56
19.116,0.01888885992399492,,,,341.56
19.12,0.019058859923994923,,,,341.56
19.124,0.01940885992399494,,,,341.56
19.128,0.01948885992399491,,,,341.56
19.132,0.019748859923994947,,,,341.56
19.136,0.01991885992399495,,,,341.56
19.14,0.020168859923994923,,,,341.56
19.144,0.020168859923994923,,,,341.56
19.148,0.020168859923994923,,,,341.56
19.152,0.020168859923994923,,,,341.56
19.156,0.020168859923994923,,,,341.56
19.16,0.020168859923994923,,,,341.56
19.164,0.020168859923994923,,,,341.56
19.168,0.020088859923994954,,,,341.56
19.172,0.01999885992399492,,,,341.56
19.176,0.020088859923994954,,,,341.56
19.18,0.01991885992399495,,,,341.56
19.184,0.01991885992399495,,,,341.56
19.188,0.019748859923994947,,,,341.56
19.192,0.019318859923994906,,,,341.56
19.196,0.01888885992399492,,,,341.56
19.2,0.018548859923994913,,,,341.56
19.204,0.01829885992399494,,,,341.56
19.208,0.018118859923994927,,,,341.56
19.212,0.01777885992399492,,,,341.56
19.216,0.017358859923994944,,,,341.56
19.22,0.016838859923994923,,,,341.56
19.224,0.016498859923994916,,,,341.56
19.228,0.01607885992399494,,,,341.56
19.232,0.015478859923994953,,,,341.56
19.236,0.014968859923994942,,,,341.56
19.24,0.014618859923994925,,,,341.56
19.244,0.014278859923994918,,,,341.56
19.248,0.013338859923994922,,,,341.56
19.252,0.012738859923994933,,,,341.56
19.256,0.012318859923994957,,,,341.56
19.26,0.011718859923994912,,,,341.56
19.264,0.011208859923994957,,,,341.56
19.268,0.010518859923994933,,,,341.56
19.272,0.009928859923994953,,,,341.56
19.276,0.00915885992399496,,,,341.56
19.28,0.008648859923994922,,,,341.56
19.284,0.008218859923994936,,,,341.56
19.288,0.007618859923994947,,,,341.56
19.292,0.0071088599239949365,,,,341.56
19.296,0.006258859923994947,,,,341.56
19.3,0.005398859923994947,,,,341.56
19.304,0.00454885992399493,,,,341.56
19.308,0.0034388599239949295,,,,341.56
19.312,0.002498859923994933,,,,341.56
19.316,0.0017288599239949401,,,,341.56
19.32,0.0009588599239949195,,,,341.56
19.324,0.00018885992399492657,,,,341.56
19.328,-0.0007511400760050698,,,,341.56
19.332,-0.0016011400760050595,,,,341.56
19.336,-0.00211114007600507,,,,341.56
19.34,-0.00211114007600507,,,,341.56
19.344,-0.00211114007600507,,,,341.56
19.348,-0.002031140076005073,,,,341.56
19.352,-0.0026311400760050626,,,,341.56
19.356,-0.0037411400760050625,,,,341.56
19.36,-0.0036511400760050557,,,,341.56
19.364,-0.003991140076005062,,,,341.56
19.368,-0.0042511400760050725,,,,341.56
19.372,-0.004501140076005073,,,,341.56
19.376,-0.005361140076005072,,,,341.56
19.38,-0.007751140076005076,,,,341.56
19.384,-0.010231140076005058,,,,341.56
19.388,-0.011851140076005068,,,,341.56
19.392,-0.012701140076005058,,,,341.56
19.396,-0.013811140076005058,,,,341.56
19.4,-0.014921140076005058,,,,341.56
19.404,-0.01569114007600508,,,,341.56
19.408,-0.016371140076005066,,,,341.56
19.412,-0.017061140076005062,,,,341.56
19.416,-0.017571140076005073,,,,341.56
19.42,-0.01800114007600506,,,,341.56
19.424,-0.018341140076005066,,,,341.56
19.428,-0.01902114007600508,,,,341.56
19.432,-0.019531140076005062,,,,341.56
19.436,-0.019961140076005076,,,,341.56
19.44,-0.020391140076005062,,,,341.56
19.444,-0.020641140076005062,,,,341.56
19.448,-0.020811140076005066,,,,341.56
19.452,-0.021071140076005076,,,,341.56
19.456,-0.02124114007600508,,,,341.56
19.46,-0.021501140076005062,,,,341.56
19.464,-0.02158114007600506,,,,341.56
19.468,-0.02158114007600506,,,,341.56
19.472,-0.02158114007600506,,,,341.56
19.476,-0.02158114007600506,,,,341.56
19.48,-0.02158114007600506,,,,341.56
19.484,-0.02158114007600506,,,,341.56
19.488,-0.021501140076005062,,,,341.56
19.492,-0.021501140076005062,,,,341.56
19.496,-0.021501140076005062,,,,341.56
19.5,-0.02133114007600506,,,,341.56
19.504,-0.021071140076005076,,,,341.56
19.508,-0.02073114007600507,,,,341.56
19.512,-0.020641140076005062,,,,341.56
19.516,-0.020391140076005062,,,,341.56
19.52,-0.020041140076005073,,,,341.56
19.524,-0.01987114007600507,,,,341.56
19.528,-0.019531140076005062,,,,341.56
19.532,-0.019191140076005055,,,,341.56
19.536,-0.018851140076005076,,,,341.56
19.54,-0.018341140076005066,,,,341.56
19.544,-0.01791114007600508,,,,341.56
19.548,-0.017571140076005073,,,,341.56
19.552,-0.01714114007600506,,,,341.56
19.556,-0.016711140076005073,,,,341.56
19.56,-0.016201140076005063,,,,341.56
19.564,-0.015431140076005068,,,,341.56
19.568,-0.015011140076005064,,,,341.56
19.572,-0.014671140076005057,,,,341.56
19.576,-0.014151140076005065,,,,341.56
19.58,-0.013471140076005078,,,,341.56
19.584,-0.012961140076005068,,,,341.56
19.588,-0.012621140076005061,,,,341.56
19.592,-0.012021140076005072,,,,341.56
19.596,-0.011081140076005075,,,,341.56
19.6,-0.010571140076005065,,,,341.56
19.604,-0.009971140076005075,,,,341.56
19.608,-0.009371140076005058,,,,341.56
19.612,-0.008861140076005075,,,,341.56
19.616,-0.008091140076005055,,,,341.56
19.62,-0.007491140076005065,,,,341.56
19.624,-0.006891140076005076,,,,341.56
19.628,-0.006301140076005069,,,,341.56
19.632,-0.005701140076005079,,,,341.56
19.636,-0.005101140076005062,,,,341.56
19.64,-0.004421140076005076,,,,341.56
19.644,-0.004081140076005069,,,,341.56
19.648,-0.0035611400760050768,,,,341.56
19.652,-0.003141140076005073,,,,341.56
19.656,-0.0029711400760050696,,,,341.56
19.66,-0.002451140076005077,,,,341.56
19.664,-0.0016911400760050662,,,,341.56
19.668,-0.0011711400760050735,,,,341.56
19.672,-0.0006611400760050631,,,,341.56
19.676,-0.0001511400760050804,,,,341.56
19.68,0.0004488599239949368,,,,341.56
19.684,0.0008788599239949227,,,,341.56
19.688,0.0012988599239949264,,,,341.56
19.692,0.0018088599239949369,,,,341.56
19.696,0.002238859923994923,,,,341.56
19.7,0.0027488599239949333,,,,341.56
19.704,0.0033488599239949227,,,,341.56
19.708,0.003858859923994933,,,,341.56
19.712,0.004288859923994947,,,,341.56
19.716,0.00454885992399493,,,,341.56
19.72,0.005148859923994947,,,,341.56
19.724,0.005738859923994926,,,,341.56
19.728,0.006258859923994947,,,,341.56
19.732,0.0067688599239949295,,,,341.56
19.736,0.00727885992399494,,,,341.56
19.74,0.00787885992399493,,,,341.56
19.744,0.008298859923994933,,,,341.56
19.748,0.008728859923994947,,,,341.56
19.752,0.00923885992399493,,,,341.56
19.756,0.009838859923994919,,,,341.56
19.76,0.01034885992399493,,,,341.56
19.764,0.010948859923994919,,,,341.56
19.768,0.011548859923994908,,,,341.56
19.772,0.01197885992399495,,,,341.56
19.776,0.012398859923994926,,,,341.56
19.78,0.012998859923994915,,,,341.56
19.784,0.01359885992399496,,,,341.56
19.788,0.014108859923994915,,,,341.56
19.792,0.014538859923994956,,,,341.56
19.796,0.014878859923994908,,,,341.56
19.8,0.015388859923994918,,,,341.56
19.804,0.015988859923994906,,,,341.56
19.808,0.016328859923994913,,,,341.56
19.812,0.01666885992399492,,,,341.56
19.816,0.017008859923994927,,,,341.56
19.82,0.017358859923994944,,,,341.56
19.824,0.01769885992399495,,,,341.56
19.828,0.01777885992399492,,,,341.56
19.832,0.018118859923994927,,,,341.56
19.836,0.018468859923994944,,,,341.56
19.84,0.018718859923994916,,,,341.56
19.844,0.018978859923994954,,,,341.56
19.848,0.019058859923994923,,,,341.56
19.852,0.019318859923994906,,,,341.56
19.856,0.01948885992399491,,,,341.56
19.86,0.019748859923994947,,,,341.56
19.864,0.019828859923994916,,,,341.56
19.868,0.019828859923994916,0.0010228168544569568,,,341.56
19.872,0.019828859923994916,0.0013628168544569637,,,341.56
19.876,0.019748859923994947,0.0017828168544569674,,,341.56
19.88,0.019748859923994947,0.002382816854456957,,,341.56
19.884,0.019748859923994947,0.0029028168544569773,,,341.56
19.888,0.019748859923994947,0.00341281685445696,,,341.56
19.892,0.019828859923994916,0.003752816854456967,,,341.56
19.896,0.019748859923994947,0.004262816854456977,,,341.56
19.9,0.019578859923994944,0.004942816854456964,,,341.56
19.904,0.019318859923994906,0.005372816854456977,,,341.56
19.908,0.019148859923994958,0.005802816854456963,,,341.56
19.912,0.019228859923994927,0.006232816854456977,,,341.56
19.916,0.018978859923994954,0.006652816854456953,,,341.56
19.92,0.018638859923994947,0.007082816854456967,,,341.56
19.924,0.01837885992399491,0.007592816854456977,,,341.56
19.928,0.018118859923994927,0.008022816854456962,,,341.56
19.932,0.01777885992399492,0.008272816854456962,,,341.56
19.936,0.01726885992399491,0.008872816854456952,,,341.56
19.94,0.016838859923994923,0.009472816854456941,,,341.56
19.944,0.01658885992399495,0.009982816854456952,,,341.56
19.948,0.015988859923994906,0.010412816854456938,,,341.56
19.952,0.015388859923994918,0.010752816854456945,,,341.56
19.956,0.014878859923994908,0.011182816854456986,,,341.56
19.96,0.014448859923994922,0.011602816854456962,,,341.56
19.964,0.01419885992399495,0.012032816854456948,,,341.56
19.968,0.013938859923994911,0.01246281685445699,,,341.56
19.972,0.013338859923994922,0.01280281685445694,,,341.56
19.976,0.01248885992399496,0.013232816854456982,,,341.56
19.98,0.011718859923994912,0.013652816854456958,,,341.56
19.984,0.011118859923994922,0.014002816854456975,,,341.56
19.988,0.010518859923994933,0.014342816854456982,,,341.56
19.992,0.010438859923994908,0.014762816854456958,,,341.56
19.996,0.010008859923994922,0.015282816854456979,,,341.56
20.0,0.009498859923994912,0.015702816854456954,,,341.56
20.004,0.00923885992399493,0.01605281685445697,,,341.56
20.008,0.009328859923994908,0.016472816854456947,,,341.56
20.012,0.00923885992399493,0.016812816854456954,,,341.56
20.016,0.008298859923994933,0.016982816854456958,,,341.56
20.02,0.007538859923994922,0.017332816854456975,,,341.56
20.024,0.00701885992399493,0.017582816854456947,,,341.56
20.028,0.005828859923994933,0.017582816854456947,,,341.56
20.032,0.003858859923994933,0.017842816854456985,,,341.56
20.036,0.0026688599239949365,0.018092816854456958,,,341.56
20.04,0.0015588599239949367,0.01827281685445697,,,341.56
20.044,0.0006188599239949403,0.018522816854456944,,,341.56
20.048,-0.00023114007600507714,0.018522816854456944,,,341.56
20.052,-0.00100114007600507,0.018612816854456978,,,341.56
20.056,-0.0016011400760050595,0.01886281685445695,,,341.56
20.06,-0.00211114007600507,0.01938281685445697,,,341.56
20.064,-0.0027111400760050594,0.01946281685445694,,,341.56
20.068,-0.0033111400760050765,0.01938281685445697,,,341.56
20.072,-0.0039111400760050655,0.01938281685445697,,,341.56
20.076,-0.004501140076005073,0.019292816854456937,,,341.56
20.08,-0.005101140076005062,0.01912281685445699,,,341.56
20.084,-0.005701140076005079,0.018952816854456985,,,341.56
20.088,-0.006301140076005069,0.01878281685445698,,,341.56
20.092,-0.006891140076005076,0.018612816854456978,,,341.56
20.096,-0.007491140076005065,0.018442816854456975,,,341.56
20.1,-0.008261140076005058,0.018182816854456937,,,341.56
20.104,-0.009541140076005062,0.018182816854456937,,,341.56
20.108,-0.011591140076005058,0.018092816854456958,,,341.56
20.112,-0.013051140076005075,0.017832816854456975,,,341.56
20.116,-0.014071140076005068,0.017672816854456982,,,341.56
20.12,-0.014761140076005064,0.017322816854456965,,,341.56
20.124,-0.01569114007600508,0.01690281685445699,,,341.56
20.128,-0.016471140076005055,0.016462816854456937,,,341.56
20.132,-0.01740114007600507,0.01613281685445694,,,341.56
20.136,-0.017921140076005062,0.01578281685445698,,,341.56
20.14,-0.01825114007600506,0.015362816854456948,,,341.56
20.144,-0.01877114007600508,0.014762816854456958,,,341.56
20.148,-0.019191140076005055,0.014172816854456979,,,341.56
20.152,-0.019541140076005072,0.013652816854456958,,,341.56
20.156,-0.01987114007600507,0.013232816854456982,,,341.56
20.16,-0.02014114007600506,0.012712816854456962,,,341.56
20.164,-0.020391140076005062,0.012122816854456982,,,341.56
20.168,-0.02073114007600507,0.011512816854456983,,,341.56
20.172,-0.021071140076005076,0.010922816854456948,,,341.56
20.176,-0.02125114007600506,0.010322816854456959,,,341.56
20.18,-0.021411140076005055,0.009472816854456941,,,341.56
20.184,-0.02159114007600507,0.008952816854456976,,,341.56
20.188,-0.02158114007600506,0.009042816854456955,,,341.56
20.192,-0.02159114007600507,0.009042816854456955,,,341.56
20.196,-0.021501140076005062,0.009042816854456955,,,341.56
20.2,-0.021501140076005062,0.009042816854456955,,,341.56
20.204,-0.02158114007600506,0.009042816854456955,,,341.56
20.208,-0.02159114007600507,0.00912281685445698,,,341.56
20.212,-0.021501140076005062,0.00913281685445699,,,341.56
20.216,-0.02133114007600506,0.00912281685445698,,,341.56
20.22,-0.021151140076005073,0.00913281685445699,,,341.56
20.224,-0.020951140076005067,0.009272816854456963,,,341.56
20.228,-0.02073114007600507,0.00913281685445699,,,341.56
20.232,-0.02026114007600507,0.009272816854456963,,,341.56
20.236,-0.02022114007600506,0.00674281685445696,,,341.56
20.24,-0.019841140076005067,0.0011528168544569757,,,341.56
20.244,-0.019531140076005062,-0.001197183145543043,,,341.56
20.248,-0.018981140076005067,-0.002437183145543034,,,341.56
20.252,-0.018681140076005073,-0.0035871831455430462,,,341.56
20.256,-0.018131140076005078,-0.004657183145543034,,,341.56
20.26,-0.01791114007600508,-0.005987183145543032,,,341.56
20.264,-0.017361140076005057,-0.006617183145543023,,,341.56
20.268,-0.017061140076005062,-0.007097183145543032,,,341.56
20.272,-0.016591140076005064,-0.007137183145543044,,,341.56
20.276,-0.01629114007600507,-0.0077771831455430455,,,341.56
20.28,-0.015651140076005068,-0.008497183145543045,,,341.56
20.284,-0.015181140076005068,-0.009737183145543036,,,341.56
20.288,-0.014541140076005066,-0.010807183145543024,,,341.56
20.292,-0.014241140076005071,-0.011617183145543029,,,341.56
20.296,-0.013681140076005066,-0.012087183145543027,,,341.56
20.3,-0.013301140076005075,-0.012987183145543039,,,341.56
20.304,-0.01249114007600507,-0.013537183145543034,,,341.56
20.308,-0.012101140076005068,-0.014347183145543039,,,341.56
20.312,-0.011551140076005073,-0.015167183145543026,,,341.56
20.316,-0.011081140076005075,-0.015887183145543025,,,341.56
20.32,-0.010441140076005074,-0.01644718314554303,,,341.56
20.324,-0.009971140076005075,-0.01708718314554303,,,341.56
20.328,-0.00916114007600507,-0.017387183145543026,,,341.56
20.332,-0.008771140076005069,-0.017847183145543042,,,341.56
20.336,-0.007961140076005064,-0.018157183145543047,,,341.56
20.34,-0.007321140076005062,-0.01878718314554304,,,341.56
20.344,-0.0065911400760050535,-0.019097183145543043,,,341.56
20.348,-0.006131140076005065,-0.01955718314554303,,,341.56
20.352,-0.005481140076005054,-0.01977718314554303,,,341.56
20.356,-0.0036511400760050557,-0.02015718314554305,,,341.56
20.36,-0.0014711400760050682,-0.020207183145543043,,,341.56
20.364,-0.0033111400760050765,-0.020587183145543034,,,341.56
20.368,-0.0035211400760050645,-0.020717183145543026,,,341.56
20.372,-0.0033911400760050733,-0.02117718314554304,,,341.56
20.376,-0.002581140076005068,-0.02114718314554304,,,341.56
20.38,-0.0019411400760050664,-0.02126718314554305,,,341.56
20.384,-0.0013011400760050648,-0.021317183145543043,,,341.56
20.388,-0.00100114007600507,-0.02152718314554303,,,341.56
20.392,-0.00036114007600506837,-0.021487183145543046,,,341.56
20.396,0.00010885992399492983,-0.02152718314554303,,,341.56
20.4,0.0005288599239949335,-0.021607183145543028,,,341.56
20.404,0.0008788599239949227,-0.021607183145543028,,,341.56
20.408,0.0012988599239949264,-0.02152718314554303,,,341.56
20.412,0.0018088599239949369,-0.02126718314554305,,,341.56
20.416,0.002238859923994923,-0.021097183145543045,,,341.56
20.42,0.0026688599239949365,-0.020837183145543035,,,341.56
20.424,0.0031788599239949192,-0.020757183145543038,,,341.56
20.428,0.0037788599239949364,-0.02041718314554303,,,341.56
20.432,0.004208859923994923,-0.019987183145543045,,,341.56
20.436,0.0046288599239949265,-0.01955718314554303,,,341.56
20.44,0.00505885992399494,-0.01904718314554305,,,341.56
20.444,0.005568859923994923,-0.018617183145543035,,,341.56
20.448,0.00616885992399494,-0.018277183145543028,,,341.56
20.452,0.006678859923994923,-0.01793718314554305,,,341.56
20.456,0.00701885992399493,-0.01742718314554304,,,341.56
20.46,0.0074488599239949434,-0.016737183145543042,,,341.56
20.464,0.00812885992399493,-0.01622718314554303,,,341.56
20.468,0.008728859923994947,-0.015887183145543025,,,341.56
20.472,0.00923885992399493,-0.015547183145543046,,,341.56
20.476,0.009588859923994946,-0.015037183145543035,,,341.56
20.48,0.010098859923994957,-0.014347183145543039,,,341.56
20.484,0.010698859923994946,-0.013837183145543028,,,341.56
20.488,0.011208859923994957,-0.013327183145543046,,,341.56
20.492,0.011628859923994933,-0.012647183145543032,,,341.56
20.496,0.01197885992399495,-0.012047183145543042,,,341.56
20.5,0.01248885992399496,-0.011447183145543025,,,341.56
20.504,0.013168859923994919,-0.01101718314554304,,,341.56
20.508,0.013678859923994929,-0.010427183145543032,,,341.56
20.512,0.014028859923994946,-0.00965718314554304,,,341.56
20.516,0.014368859923994953,-0.008967183145543043,,,341.56
20.52,0.014788859923994929,-0.008377183145543036,,,341.56
20.524,0.01530885992399495,-0.007517183145543035,,,341.56
20.528,0.015728859923994924,-0.006667183145543046,,,341.56
20.532,0.01607885992399494,-0.0060671831455430284,,,341.56
20.536,0.016498859923994916,-0.005217183145543039,,,341.56
20.54,0.016928859923994958,-0.004447183145543046,,,341.56
20.544,0.017358859923994944,-0.0039371831455430354,,,341.56
20.548,0.01777885992399492,-0.0035871831455430462,,,341.56
20.552,0.018118859923994927,-0.003077183145543036,,,341.56
20.556,0.01829885992399494,-0.0023971831455430496,,,341.56
20.56,0.018468859923994944,-0.0017971831455430324,,,341.56
20.564,0.018638859923994947,-0.0012871831455430497,,,341.56
20.568,0.01888885992399492,-0.001197183145543043,,,341.56
20.572,0.019058859923994923,-0.0009471831455430429,,,341.56
20.576,0.019318859923994906,-0.0003471831455430257,,,341.56
20.58,0.019318859923994906,8.281685445696025e-05,,,341.56
20.584,0.01940885992399494,0.000502816854456964,,,341.56
20.588,0.019578859923994944,0.0011028168544569535,,,341.56
20.592,0.019658859923994913,0.0017028168544569707,,,341.56
20.596,0.019748859923994947,0.0022128168544569534,,,341.56
20.6,0.019828859923994916,0.002642816854456967,,,341.56
20.604,0.019748859923994947,0.003072816854456953,,,341.56
20.608,0.019748859923994947,0.0034928168544569567,,,341.56
20.612,0.01948885992399491,0.004092816854456974,,,341.56
20.616,0.01940885992399494,0.00452281685445696,,,341.56
20.62,0.019318859923994906,0.00503281685445697,,,341.56
20.624,0.019148859923994958,0.005372816854456977,,,341.56
20.628,0.019148859923994958,0.00588281685445696,,,341.56
20.632,0.018978859923994954,0.006312816854456974,,,341.56
20.636,0.01888885992399492,0.00674281685445696,,,341.56
20.64,0.018548859923994913,0.007162816854456963,,,341.56
20.644,0.018118859923994927,0.0074228168544569735,,,341.56
20.648,0.01777885992399492,0.007852816854456959,,,341.56
20.652,0.017608859923994916,0.008272816854456962,,,341.56
20.656,0.01726885992399491,0.008702816854456976,,,341.56
20.66,0.016928859923994958,0.00913281685445699,,,341.56
20.664,0.01666885992399492,0.009642816854456945,,,341.56
20.668,0.016418859923994947,0.01024281685445699,,,341.56
20.672,0.01607885992399494,0.010752816854456945,,,341.56
20.676,0.015728859923994924,0.011182816854456986,,,341.56
20.68,0.015138859923994946,0.011602816854456962,,,341.56
20.684,0.014538859923994956,0.012032816854456948,,,341.56
20.688,0.014108859923994915,0.01246281685445699,,,341.56
20.692,0.013508859923994926,0.01280281685445694,,,341.56
20.696,0.012658859923994908,0.013142816854456948,,,341.56
20.7,0.012058859923994919,0.01357281685445699,,,341.56
20.704,0.011548859923994908,0.014082816854456944,,,341.56
20.708,0.011288859923994926,0.014512816854456986,,,341.56
20.712,0.011808859923994946,0.014942816854456972,,,341.56
20.716,0.01248885992399496,0.015282816854456979,,,341.56
20.72,0.01086885992399495,0.015452816854456982,,,341.56
20.724,0.009668859923994915,0.015702816854456954,,,341.56
20.728,0.008818859923994954,0.01605281685445697,,,341.56
20.732,0.008558859923994943,0.016472816854456947,,,341.56
20.736,0.008648859923994922,0.01690281685445699,,,341.56
20.74,0.00727885992399494,0.017072816854456937,,,341.56
20.744,0.006258859923994947,0.017072816854456937,,,341.56
20.748,0.0049688599239949335,0.017332816854456975,,,341.56
20.752,0.003608859923994933,0.01750281685445698,,,341.56
20.756,0.0026688599239949365,0.017582816854456947,,,341.56
20.76,0.0018088599239949369,0.01775281685445695,,,341.56
20.764,0.0008788599239949227,0.01801281685445699,,,341.56
20.768,-0.0001511400760050804,0.01827281685445697,,,341.56
20.772,-0.0009211400760050733,0.018612816854456978,,,341.56
20.776,-0.001341140076005077,0.01878281685445698,,,341.56
20.78,-0.0015211400760050627,0.018952816854456985,,,341.56
20.784,-0.0016911400760050662,0.018952816854456985,,,341.56
20.788,-0.00211114007600507,0.018952816854456985,,,341.56
20.792,-0.002801140076005066,0.018952816854456985,,,341.56
20.796,-0.002881140076005063,0.01886281685445695,,,341.56
20.8,-0.003141140076005073,0.018692816854456947,,,341.56
20.804,-0.00322114007600507,0.018522816854456944,,,341.56
20.808,-0.0038211400760050592,0.018522816854456944,,,341.56
20.812,-0.005961140076005062,0.018442816854456975,,,341.56
20.816,-0.008521140076005069,0.018182816854456937,,,341.56
20.82,-0.009971140076005075,0.018182816854456937,,,341.56
20.824,-0.010911140076005072,0.018182816854456937,,,341.56
20.828,-0.012101140076005068,0.018092816854456958,,,341.56
20.832,-0.013211140076005068,0.01775281685445695,,,341.56
20.836,-0.014241140076005071,0.017412816854456944,,,341.56
20.84,-0.015091140076005061,0.017072816854456937,,,341.56
20.844,-0.015861140076005056,0.016472816854456947,,,341.56
20.848,-0.01654114007600507,0.01613281685445694,,,341.56
20.852,-0.01714114007600506,0.015872816854456958,,,341.56
20.856,-0.017821140076005073,0.015622816854456986,,,341.56
20.86,-0.018341140076005066,0.015282816854456979,,,341.56
20.864,-0.01876114007600507,0.014852816854456937,,,341.56
20.868,-0.019191140076005055,0.014422816854456951,,,341.56
20.872,-0.01962114007600507,0.014082816854456944,,,341.56
20.876,-0.020041140076005073,0.01357281685445699,,,341.56
20.88,-0.020391140076005062,0.012972816854456944,,,341.56
20.884,-0.02073114007600507,0.012372816854456955,,,341.56
20.888,-0.021071140076005076,0.011602816854456962,,,341.56
20.892,-0.02133114007600506,0.011012816854456983,,,341.56
20.896,-0.02158114007600506,0.010492816854456962,,,341.56
20.9,-0.02158114007600506,0.01024281685445699,,,341.56
20.904,-0.021751140076005062,0.009642816854456945,,,341.56
20.908,-0.022011140076005072,0.009212816854456959,,,341.56
20.912,-0.022011140076005072,0.008792816854456983,,,341.56
20.916,-0.022011140076005072,0.008362816854456969,,,341.56
20.92,-0.022011140076005072,0.007932816854456955,,,341.56
20.924,-0.021921140076005066,0.0075128168544569525,,,341.56
20.928,-0.021671140076005065,0.007082816854456967,,,341.56
20.932,-0.021671140076005065,0.006652816854456953,,,341.56
20.936,-0.021501140076005062,0.006232816854456977,,,341.56
20.94,-0.02124114007600508,0.005802816854456963,,,341.56
20.944,-0.021071140076005076,0.005372816854456977,,,341.56
20.948,-0.02073114007600507,0.00452281685445696,,,341.56
20.952,-0.02047114007600506,0.0028128168544569706,,,341.56
20.956,-0.020301140076005055,0.0007628168544569742,,,341.56
20.96,-0.019961140076005076,-0.0007771831455430394,,,341.56
20.964,-0.019451140076005066,-0.0018871831455430392,,,341.56
20.968,-0.01911114007600506,-0.003077183145543036,,,341.56
20.972,-0.018681140076005073,-0.0039371831455430354,,,341.56
20.976,-0.01825114007600506,-0.004877183145543032,,,341.56
20.98,-0.01791114007600508,-0.005387183145543042,,,341.56
20.984,-0.017481140076005066,-0.0056371831455430425,,,341.56
20.988,-0.016971140076005056,-0.005897183145543025,,,341.56
20.992,-0.01654114007600507,-0.0060671831455430284,,,341.56
20.996,-0.016201140076005063,-0.006917183145543046,,,341.56
21.0,-0.01578114007600506,-0.008627183145543036,,,341.56
21.004,-0.015181140076005068,-0.009737183145543036,,,341.56
21.008,-0.014671140076005057,-0.010847183145543036,,,341.56
21.012,-0.014151140076005065,-0.011447183145543025,,,341.56
21.016,-0.013641140076005054,-0.01212718314554304,,,341.56
21.02,-0.013041140076005065,-0.012817183145543035,,,341.56
21.024,-0.012531140076005054,-0.01349718314554305,,,341.56
21.028,-0.012101140076005068,-0.014517183145543042,,,341.56
21.032,-0.011761140076005061,-0.015207183145543039,,,341.56
21.036,-0.011251140076005079,-0.015807183145543028,,,341.56
21.04,-0.010651140076005062,-0.01622718314554303,,,341.56
21.044,-0.010141140076005079,-0.01682718314554305,,,341.56
21.048,-0.009461140076005065,-0.01742718314554304,,,341.56
21.052,-0.008601140076005065,-0.01793718314554305,,,341.56
21.056,-0.008091140076005055,-0.018367183145543035,,,341.56
21.06,-0.007581140076005072,-0.01878718314554304,,,341.56
21.064,-0.006981140076005055,-0.019217183145543024,,,341.56
21.068,-0.0063811400760050655,-0.01955718314554303,,,341.56
21.072,-0.005701140076005079,-0.01981718314554304,,,341.56
21.076,-0.005021140076005065,-0.019987183145543045,,,341.56
21.08,-0.004501140076005073,-0.020327183145543024,,,341.56
21.084,-0.0042511400760050725,-0.02066718314554303,,,341.56
21.088,-0.0039111400760050655,-0.020837183145543035,,,341.56
21.092,-0.00348114007600508,-0.021097183145543045,,,341.56
21.096,-0.002881140076005063,-0.02117718314554304,,,341.56
21.1,-0.00237114007600508,-0.021437183145543024,,,341.56
21.104,-0.0018611400760050697,-0.02152718314554303,,,341.56
21.108,-0.0011711400760050735,-0.021607183145543028,,,341.56
21.112,-0.0007511400760050698,-0.021607183145543028,,,341.56
21.116,-0.00023114007600507714,-0.021607183145543028,,,341.56
21.12,0.00018885992399492657,-0.02152718314554303,,,341.56
21.124,0.0005288599239949335,-0.021607183145543028,,,341.56
21.128,0.0010488599239949262,-0.021437183145543024,,,341.56
21.132,0.0015588599239949367,-0.02092718314554304,,,341.56
21.136,0.002238859923994923,-0.020837183145543035,,,341.56
21.14,0.0029288599239949468,-0.020757183145543038,,,341.56
21.144,0.0034388599239949295,-0.02041718314554303,,,341.56
21.148,0.0037788599239949364,-0.01989718314554304,,,341.56
21.152,0.004208859923994923,-0.01955718314554303,,,341.56
21.156,0.00479885992399493,-0.019387183145543028,,,341.56
21.16,0.005398859923994947,-0.019137183145543028,,,341.56
21.164,0.005828859923994933,-0.01878718314554304,,,341.56
21.168,0.006258859923994947,-0.018367183145543035,,,341.56
21.172,0.006678859923994923,-0.01793718314554305,,,341.56
21.176,0.007188859923994933,-0.017507183145543035,,,341.56
21.18,0.00787885992399493,-0.01708718314554303,,,341.56
21.184,0.008218859923994936,-0.016657183145543045,,,341.56
21.188,0.00838885992399494,-0.016057183145543028,,,341.56
21.192,0.008818859923994954,-0.015547183145543046,,,341.56
21.196,0.009408859923994933,-0.015037183145543035,,,341.56
21.2,0.009928859923994953,-0.014517183145543042,,,341.56
21.204,0.010438859923994908,-0.013927183145543035,,,341.56
21.208,0.011118859923994922,-0.013407183145543042,,,341.56
21.212,0.011628859923994933,-0.012987183145543039,,,341.56
21.216,0.012058859923994919,-0.01238718314554305,,,341.56
21.22,0.012568859923994929,-0.011537183145543032,,,341.56
21.224,0.013168859923994919,-0.01101718314554304,,,341.56
21.228,0.01359885992399496,-0.010427183145543032,,,341.56
21.232,0.014108859923994915,-0.00965718314554304,,,341.56
21.236,0.014538859923994956,-0.008887183145543046,,,341.56
21.24,0.014788859923994929,-0.008207183145543032,,,341.56
21.244,0.01530885992399495,-0.007607183145543042,,,341.56
21.248,0.015648859923994955,-0.007007183145543025,,,341.56
21.252,0.015818859923994958,-0.006407183145543035,,,341.56
21.256,0.01615885992399491,-0.005807183145543046,,,341.56
21.26,0.01658885992399495,-0.005217183145543039,,,341.56
21.264,0.016838859923994923,-0.004447183145543046,,,341.56
21.268,0.017358859923994944,-0.0038471831455430287,,,341.56
21.272,0.01777885992399492,-0.003337183145543046,,,341.56
21.276,0.018038859923994958,-0.0031671831455430425,,,341.56
21.28,0.018208859923994906,-0.0028271831455430356,,,341.56
21.284,0.018548859923994913,-0.002307183145543043,,,341.56
21.288,0.01888885992399492,-0.0018871831455430392,,,341.56
21.292,0.019148859923994958,-0.0013671831455430465,,,341.56
21.296,0.01940885992399494,-0.0007771831455430394,,,341.56
21.3,0.01940885992399494,-0.0003471831455430257,,,341.56
21.304,0.01940885992399494,0.000162816854456957,,,341.56
21.308,0.01948885992399491,0.0008528168544569532,,,341.56
21.312,0.019658859923994913,0.0013628168544569637,,,341.56
21.316,0.019748859923994947,0.0018728168544569742,,,341.56
21.32,0.019828859923994916,0.0025528168544569603,,,341.56
21.324,0.019828859923994916,0.003072816854456953,,,341.56
21.328,0.019828859923994916,0.00341281685445696,,,341.56
21.332,0.019748859923994947,0.003752816854456967,,,341.56
21.336,0.01948885992399491,0.004182816854456953,,,341.56
21.34,0.01948885992399491,0.004692816854456963,,,341.56
21.344,0.019578859923994944,0.005202816854456974,,,341.56
21.348,0.019318859923994906,0.005802816854456963,,,341.56
21.352,0.019318859923994906,0.006232816854456977,,,341.56
21.356,0.019058859923994923,0.006652816854456953,,,341.56
21.36,0.018978859923994954,0.007082816854456967,,,341.56
21.364,0.018638859923994947,0.0075128168544569525,,,341.56
21.368,0.01829885992399494,0.007932816854456955,,,341.56
21.372,0.018118859923994927,0.008362816854456969,,,341.56
21.376,0.01777885992399492,0.008792816854456983,,,341.56
21.38,0.017438859923994913,0.009382816854456962,,,341.56
21.384,0.017008859923994927,0.009902816854456983,,,341.56
21.388,0.01666885992399492,0.010322816854456959,,,341.56
21.392,0.016328859923994913,0.010752816854456945,,,341.56
21.396,0.015728859923994924,0.011182816854456986,,,341.56
21.4,0.01530885992399495,0.011602816854456962,,,341.56
21.404,0.014968859923994942,0.012032816854456948,,,341.56
21.408,0.014538859923994956,0.01246281685445699,,,341.56
21.412,0.014028859923994946,0.01280281685445694,,,341.56
21.416,0.013508859923994926,0.013232816854456982,,,341.56
21.42,0.012918859923994946,0.013822816854456962,,,341.56
21.424,0.012318859923994957,0.014422816854456951,,,341.56
21.428,0.011808859923994946,0.014762816854456958,,,341.56
21.432,0.012058859923994919,0.015112816854456975,,,341.56
21.436,0.011888859923994915,0.015532816854456951,,,341.56
21.44,0.010948859923994919,0.015702816854456954,,,341.56
21.444,0.010518859923994933,0.01605281685445697,,,341.56
21.448,0.010608859923994912,0.016472816854456947,,,341.56
21.452,0.01026885992399496,0.016812816854456954,,,341.56
21.456,0.009068859923994926,0.01690281685445699,,,341.56
21.46,0.008478859923994947,0.016982816854456958,,,341.56
21.464,0.007618859923994947,0.01724281685445694,,,341.56
21.468,0.005998859923994937,0.017412816854456944,,,341.56
21.472,0.0046288599239949265,0.017672816854456982,,,341.56
21.476,0.003268859923994926,0.018182816854456937,,,341.56
21.48,0.002158859923994926,0.018522816854456944,,,341.56
21.484,0.001128859923994923,0.018612816854456978,,,341.56
21.488,0.00018885992399492657,0.018692816854456947,,,341.56
21.492,-0.0007511400760050698,0.01886281685445695,,,341.56
21.496,-0.0015211400760050627,0.018952816854456985,,,341.56
21.5,-0.0015211400760050627,0.018952816854456985,,,341.56
21.504,-0.0011711400760050735,0.018952816854456985,,,341.56
21.508,-0.0016011400760050595,0.018952816854456985,,,341.56
21.512,-0.00322114007600507,0.019032816854456954,,,341.56
21.516,-0.0042511400760050725,0.019032816854456954,,,341.56
21.52,-0.005191140076005069,0.018692816854456947,,,341.56
21.524,-0.006471140076005072,0.018522816854456944,,,341.56
21.528,-0.007921140076005079,0.018442816854456975,,,341.56
21.532,-0.009291140076005061,0.018522816854456944,,,341.56
21.536,-0.010311140076005055,0.018522816854456944,,,341.56
21.54,-0.010651140076005062,0.018092816854456958,,,341.56
21.544,-0.011251140076005079,0.01775281685445695,,,341.56
21.548,-0.012451140076005058,0.017672816854456982,,,341.56
21.552,-0.013381140076005072,0.017332816854456975,,,341.56
21.556,-0.014491140076005072,0.01690281685445699,,,341.56
21.56,-0.015521140076005075,0.016562816854456982,,,341.56
21.564,-0.016461140076005073,0.016472816854456947,,,341.56
21.568,-0.017061140076005062,0.01613281685445694,,,341.56
21.572,-0.01791114007600508,0.015702816854456954,,,341.56
21.576,-0.018681140076005073,0.015192816854456944,,,341.56
21.58,-0.019191140076005055,0.014762816854456958,,,341.56
21.584,-0.019531140076005062,0.014422816854456951,,,341.56
21.588,-0.01987114007600507,0.014082816854456944,,,341.56
21.592,-0.02022114007600506,0.013742816854456937,,,341.56
21.596,-0.020641140076005062,0.013312816854456951,,,341.56
21.6,-0.02098114007600507,0.01280281685445694,,,341.56
21.604,-0.021151140076005073,0.012292816854456986,,,341.56
21.608,-0.021411140076005055,0.011692816854456941,,,341.56
21.612,-0.021671140076005065,0.011182816854456986,,,341.56
21.616,-0.022011140076005072,0.010842816854456979,,,341.56
21.62,-0.022011140076005072,0.010492816854456962,,,341.56
21.624,-0.022011140076005072,0.010152816854456955,,,341.56
21.628,-0.022011140076005072,0.009642816854456945,,,341.56
21.632,-0.022011140076005072,0.009302816854456938,,,341.56
21.636,-0.022011140076005072,0.008872816854456952,,,341.56
21.64,-0.022011140076005072,0.008452816854456976,,,341.56
21.644,-0.022011140076005072,0.008022816854456962,,,341.56
21.648,-0.022011140076005072,0.007592816854456977,,,341.56
21.652,-0.021751140076005062,0.007162816854456963,,,341.56
21.656,-0.021501140076005062,0.00674281685445696,,,341.56
21.66,-0.02124114007600508,0.00614281685445697,,,341.56
21.664,-0.021071140076005076,0.004942816854456964,,,341.56
21.668,-0.020811140076005066,0.00341281685445696,,,341.56
21.672,-0.02073114007600507,0.0017828168544569674,,,341.56
21.676,-0.020391140076005062,0.0004228168544569672,,,341.56
21.68,-0.01987114007600507,-0.0006871831455430327,,,341.56
21.684,-0.019451140076005066,-0.0018871831455430392,,,341.56
21.688,-0.019191140076005055,-0.002737183145543029,,,341.56
21.692,-0.018681140076005073,-0.0034171831455430427,,,341.56
21.696,-0.01825114007600506,-0.003677183145543025,,,341.56
21.7,-0.017821140076005073,-0.0035071831455430495,,,341.56
21.704,-0.01740114007600507,-0.0034171831455430427,,,341.56
21.708,-0.017061140076005062,-0.004277183145543042,,,341.56
21.712,-0.016711140076005073,-0.006407183145543035,,,341.56
21.716,-0.01629114007600507,-0.0074371831455430385,,,341.56
21.72,-0.015861140076005056,-0.008287183145543029,,,341.56
21.724,-0.015351140076005071,-0.009227183145543025,,,341.56
21.728,-0.014751140076005054,-0.010077183145543043,,,341.56
21.732,-0.014241140076005071,-0.010937183145543043,,,341.56
21.736,-0.013731140076005061,-0.011877183145543039,,,341.56
21.74,-0.013211140076005068,-0.012727183145543029,,,341.56
21.744,-0.012621140076005061,-0.013327183145543046,,,341.56
21.748,-0.012191140076005075,-0.014007183145543032,,,341.56
21.752,-0.011761140076005061,-0.014867183145543032,,,341.56
21.756,-0.011251140076005079,-0.015457183145543039,,,341.56
21.76,-0.010571140076005065,-0.016147183145543035,,,341.56
21.764,-0.010051140076005072,-0.016657183145543045,,,341.56
21.768,-0.009541140076005062,-0.01708718314554303,,,341.56
21.772,-0.008941140076005072,-0.01742718314554304,,,341.56
21.776,-0.008351140076005065,-0.018027183145543028,,,341.56
21.78,-0.007581140076005072,-0.018617183145543035,,,341.56
21.784,-0.006981140076005055,-0.01904718314554305,,,341.56
21.788,-0.0063811400760050655,-0.01930718314554303,,,341.56
21.792,-0.005611140076005073,-0.01955718314554303,,,341.56
21.796,-0.005191140076005069,-0.019987183145543045,,,341.56
21.8,-0.004851140076005062,-0.02041718314554303,,,341.56
21.804,-0.004501140076005073,-0.02066718314554303,,,341.56
21.808,-0.004331140076005069,-0.020837183145543035,,,341.56
21.812,-0.0037411400760050625,-0.021097183145543045,,,341.56
21.816,-0.002881140076005063,-0.021097183145543045,,,341.56
21.82,-0.00237114007600508,-0.02126718314554305,,,341.56
21.824,-0.0018611400760050697,-0.021607183145543028,,,341.56
21.828,-0.0011711400760050735,-0.021947183145543035,,,341.56
21.832,-0.0006611400760050631,-0.02203718314554304,,,341.56
21.836,-0.0003211400760050561,-0.02203718314554304,,,341.56
21.84,0.00010885992399492983,-0.02203718314554304,,,341.56
21.844,0.0006188599239949403,-0.021867183145543038,,,341.56
21.848,0.001128859923994923,-0.02152718314554303,,,341.56
21.852,0.0017288599239949401,-0.02152718314554303,,,341.56
21.856,0.002158859923994926,-0.02117718314554304,,,341.56
21.86,0.00257885992399493,-0.02092718314554304,,,341.56
21.864,0.0030988599239949225,-0.02066718314554303,,,341.56
21.868,0.003858859923994933,-0.020327183145543024,,,341.56
21.872,0.00454885992399493,-0.020067183145543042,,,341.56
21.876,0.00505885992399494,-0.01989718314554304,,,341.56
21.88,0.005488859923994926,-0.01955718314554303,,,341.56
21.884,0.00590885992399493,-0.019137183145543028,,,341.56
21.888,0.006508859923994947,-0.01870718314554304,,,341.56
21.892,0.00701885992399493,-0.018277183145543028,,,341.56
21.896,0.0074488599239949434,-0.017847183145543042,,,341.56
21.9,0.008048859923994933,-0.01742718314554304,,,341.56
21.904,0.008558859923994943,-0.016997183145543025,,,341.56
21.908,0.008818859923994954,-0.016397183145543035,,,341.56
21.912,0.00923885992399493,-0.01597718314554303,,,341.56
21.916,0.009928859923994953,-0.015457183145543039,,,341.56
21.92,0.010438859923994908,-0.015037183145543035,,,341.56
21.924,0.01086885992399495,-0.014517183145543042,,,341.56
21.928,0.01137885992399496,-0.013837183145543028,,,341.56
21.932,0.01197885992399495,-0.013237183145543039,,,341.56
21.936,0.012398859923994926,-0.012557183145543025,,,341.56
21.94,0.012828859923994912,-0.011877183145543039,,,341.56
21.944,0.013338859923994922,-0.011367183145543028,,,341.56
21.948,0.014028859923994946,-0.010767183145543039,,,341.56
21.952,0.014538859923994956,-0.01016718314554305,,,341.56
21.956,0.014968859923994942,-0.009487183145543036,,,341.56
21.96,0.015388859923994918,-0.008377183145543036,,,341.56
21.964,0.015648859923994955,-0.007177183145543028,,,341.56
21.968,0.015728859923994924,-0.006157183145543035,,,341.56
21.972,0.01615885992399491,-0.0052971831455430355,,,341.56
21.976,0.01658885992399495,-0.004527183145543043,,,341.56
21.98,0.017008859923994927,-0.0039371831455430354,,,341.56
21.984,0.017438859923994913,-0.0035871831455430462,,,341.56
21.988,0.01769885992399495,-0.0032471831455430393,,,341.56
21.992,0.01777885992399492,-0.002997183145543039,,,341.56
21.996,0.018118859923994927,-0.0028271831455430356,,,341.56
22.0,0.01837885992399491,-0.002737183145543029,,,341.56
22.004,0.018638859923994947,-0.0025671831455430253,,,341.56
22.008,0.01888885992399492,-0.0020571831455430427,,,341.56
22.012,0.019148859923994958,-0.0014571831455430255,,,341.56
22.016,0.01940885992399494,-0.0008571831455430361,,,341.56
22.02,0.01948885992399491,-0.0002571831455430467,,,341.56
22.024,0.01948885992399491,0.0003328168544569605,,,341.56
22.028,0.01948885992399491,0.0008528168544569532,,,341.56
22.032,0.019748859923994947,0.0014428168544569605,,,341.56
22.036,0.019828859923994916,0.0021328168544569566,,,341.56
22.04,0.019828859923994916,0.0024728168544569636,,,341.56
22.044,0.019748859923994947,0.003072816854456953,,,341.56
22.048,0.019658859923994913,0.00366281685445696,,,341.56
22.052,0.01940885992399494,0.004182816854456953,,,341.56
22.056,0.01940885992399494,0.004692816854456963,,,341.56
22.06,0.01940885992399494,0.005122816854456977,,,341.56
22.064,0.019318859923994906,0.005462816854456956,,,341.56
22.068,0.019058859923994923,0.005972816854456967,,,341.56
22.072,0.01888885992399492,0.006572816854456956,,,341.56
22.076,0.018718859923994916,0.007082816854456967,,,341.56
22.08,0.01880885992399495,0.0075128168544569525,,,341.56
22.084,0.018468859923994944,0.007932816854456955,,,341.56
22.088,0.01829885992399494,0.008362816854456969,,,341.56
22.092,0.018208859923994906,0.008792816854456983,,,341.56
22.096,0.01777885992399492,0.009212816854456959,,,341.56
22.1,0.017358859923994944,0.009472816854456941,,,341.56
22.104,0.017008859923994927,0.010072816854456986,,,341.56
22.108,0.01658885992399495,0.010752816854456945,,,341.56
22.112,0.01607885992399494,0.011262816854456955,,,341.56
22.116,0.015648859923994955,0.011602816854456962,,,341.56
22.12,0.01530885992399495,0.012032816854456948,,,341.56
22.124,0.014968859923994942,0.01246281685445699,,,341.56
22.128,0.014448859923994922,0.01280281685445694,,,341.56
22.132,0.013768859923994908,0.013142816854456948,,,341.56
22.136,0.013338859923994922,0.01357281685445699,,,341.56
22.14,0.012738859923994933,0.014082816854456944,,,341.56
22.144,0.012148859923994953,0.014512816854456986,,,341.56
22.148,0.011548859923994908,0.014852816854456937,,,341.56
22.152,0.011118859923994922,0.015282816854456979,,,341.56
22.156,0.011038859923994953,0.015622816854456986,,,341.56
22.16,0.010608859923994912,0.01579281685445699,,,341.56
22.164,0.00975885992399495,0.01613281685445694,,,341.56
22.168,0.00923885992399493,0.016562816854456982,,,341.56
22.172,0.008728859923994947,0.016982816854456958,,,341.56
22.176,0.008218859923994936,0.017412816854456944,,,341.56
22.18,0.007708859923994926,0.01750281685445698,,,341.56
22.184,0.0067688599239949295,0.01750281685445698,,,341.56
22.188,0.005228859923994944,0.01775281685445695,,,341.56
22.192,0.004288859923994947,0.017842816854456985,,,341.56
22.196,0.003268859923994926,0.018092816854456958,,,341.56
22.2,0.0020688599239949194,0.018092816854456958,,,341.56
22.204,0.001128859923994923,0.01827281685445697,,,341.56
22.208,0.0002788599239949333,0.018522816854456944,,,341.56
22.212,-0.0005811400760050663,0.018522816854456944,,,341.56
22.216,-0.0012611400760050803,0.018522816854456944,,,341.56
22.22,-0.0015211400760050627,0.018522816854456944,,,341.56
22.224,-0.001771140076005063,0.018612816854456978,,,341.56
22.228,-0.002031140076005073,0.018612816854456978,,,341.56
22.232,-0.0022011400760050767,0.018522816854456944,,,341.56
22.236,-0.00237114007600508,0.018612816854456978,,,341.56
22.24,-0.002541140076005056,0.018522816854456944,,,341.56
22.244,-0.0027111400760050594,0.018522816854456944,,,341.56
22.248,-0.002881140076005063,0.01827281685445697,,,341.56
22.252,-0.0030511400760050663,0.018092816854456958,,,341.56
22.256,-0.00322114007600507,0.017922816854456954,,,341.56
22.26,-0.005191140076005069,0.01801281685445699,,,341.56
22.264,-0.009461140076005065,0.017842816854456985,,,341.56
22.268,-0.011591140076005058,0.017672816854456982,,,341.56
22.272,-0.013041140076005065,0.017332816854456975,,,341.56
22.276,-0.013901140076005064,0.017072816854456937,,,341.56
22.28,-0.015091140076005061,0.01690281685445699,,,341.56
22.284,-0.016121140076005066,0.016562816854456982,,,341.56
22.288,-0.016711140076005073,0.01613281685445694,,,341.56
22.292,-0.01740114007600507,0.015622816854456986,,,341.56
22.296,-0.018171140076005062,0.015282816854456979,,,341.56
22.3,-0.018681140076005073,0.014942816854456972,,,341.56
22.304,-0.019191140076005055,0.014512816854456986,,,341.56
22.308,-0.019531140076005062,0.014002816854456975,,,341.56
22.312,-0.01987114007600507,0.01357281685445699,,,341.56
22.316,-0.020301140076005055,0.013312816854456951,,,341.56
22.32,-0.020811140076005066,0.012892816854456975,,,341.56
22.324,-0.021151140076005073,0.012372816854456955,,,341.56
22.328,-0.02124114007600508,0.011782816854456975,,,341.56
22.332,-0.021501140076005062,0.011182816854456986,,,341.56
22.336,-0.021501140076005062,0.010492816854456962,,,341.56
22.34,-0.02158114007600506,0.009982816854456952,,,341.56
22.344,-0.02184114007600507,0.009642816854456945,,,341.56
22.348,-0.021921140076005066,0.009382816854456962,,,341.56
22.352,-0.022011140076005072,0.008702816854456976,,,341.56
22.356,-0.02209114007600507,0.007932816854456955,,,341.56
22.36,-0.02209114007600507,0.00725281685445697,,,341.56
22.364,-0.02184114007600507,0.006572816854456956,,,341.56
22.368,-0.02158114007600506,0.0057128168544569565,,,341.56
22.372,-0.021501140076005062,0.004862816854456967,,,341.56
22.376,-0.021501140076005062,0.004012816854456977,,,341.56
22.38,-0.02133114007600506,0.0031528168544569498,,,341.56
22.384,-0.021071140076005076,0.00230281685445696,,,341.56
22.388,-0.020811140076005066,0.0017828168544569674,,,341.56
22.392,-0.02073114007600507,0.0017028168544569707,,,341.56
22.396,-0.020391140076005062,0.0008528168544569532,,,341.56
22.4,-0.019961140076005076,-0.0002571831455430467,,,341.56
22.404,-0.019531140076005062,-0.0012871831455430497,,,341.56
22.408,-0.01911114007600506,-0.0025671831455430253,,,341.56
22.412,-0.01876114007600507,-0.0035071831455430495,,,341.56
22.416,-0.018341140076005066,-0.004277183145543042,,,341.56
22.42,-0.017821140076005073,-0.004787183145543025,,,341.56
22.424,-0.01740114007600507,-0.005047183145543035,,,341.56
22.428,-0.017061140076005062,-0.005217183145543039,,,341.56
22.432,-0.016711140076005073,-0.006157183145543035,,,341.56
22.436,-0.01629114007600507,-0.007347183145543032,,,341.56
22.44,-0.015861140076005056,-0.008377183145543036,,,341.56
22.444,-0.015521140076005075,-0.009227183145543025,,,341.56
22.448,-0.015011140076005064,-0.010077183145543043,,,341.56
22.452,-0.014321140076005068,-0.01101718314554304,,,341.56
22.456,-0.013811140076005058,-0.011787183145543032,,,341.56
22.46,-0.013381140076005072,-0.012477183145543028,,,341.56
22.464,-0.012961140076005068,-0.013157183145543042,,,341.56
22.468,-0.012361140076005079,-0.014007183145543032,,,341.56
22.472,-0.011851140076005068,-0.014697183145543028,,,341.56
22.476,-0.011341140076005058,-0.015287183145543035,,,341.56
22.48,-0.010741140076005068,-0.015807183145543028,,,341.56
22.484,-0.010141140076005079,-0.016397183145543035,,,341.56
22.488,-0.009541140076005062,-0.016997183145543025,,,341.56
22.492,-0.008941140076005072,-0.017507183145543035,,,341.56
22.496,-0.008351140076005065,-0.017847183145543042,,,341.56
22.5,-0.007581140076005072,-0.018277183145543028,,,341.56
22.504,-0.006891140076005076,-0.01878718314554304,,,341.56
22.508,-0.006301140076005069,-0.019217183145543024,,,341.56
22.512,-0.005781140076005076,-0.01955718314554303,,,341.56
22.516,-0.005441140076005069,-0.01989718314554304,,,341.56
22.52,-0.004931140076005059,-0.02015718314554305,,,341.56
22.524,-0.004501140076005073,-0.02041718314554303,,,341.56
22.528,-0.004161140076005066,-0.02066718314554303,,,341.56
22.532,-0.00348114007600508,-0.02092718314554304,,,341.56
22.536,-0.002801140076005066,-0.02126718314554305,,,341.56
22.54,-0.00237114007600508,-0.02152718314554303,,,341.56
22.544,-0.0018611400760050697,-0.021607183145543028,,,341.56
22.548,-0.0011711400760050735,-0.021697183145543034,,,341.56
22.552,-0.0006611400760050631,-0.021947183145543035,,,341.56
22.556,-0.0001511400760050804,-0.021947183145543035,,,341.56
22.56,0.00018885992399492657,-0.021867183145543038,,,341.56
22.564,0.000698859923994937,-0.021607183145543028,,,341.56
22.568,0.0012988599239949264,-0.02126718314554305,,,341.56
22.572,0.0017288599239949401,-0.021097183145543045,,,341.56
22.576,0.002158859923994926,-0.020837183145543035,,,341.56
22.58,0.0027488599239949333,-0.020757183145543038,,,341.56
22.584,0.0033488599239949227,-0.020497183145543028,,,341.56
22.588,0.00394885992399494,-0.020247183145543027,,,341.56
22.592,0.0046288599239949265,-0.019987183145543045,,,341.56
22.596,0.00505885992399494,-0.01989718314554304,,,341.56
22.6,0.005568859923994923,-0.01955718314554303,,,341.56
22.604,0.006258859923994947,-0.019137183145543028,,,341.56
22.608,0.0067688599239949295,-0.01870718314554304,,,341.56
22.612,0.007188859923994933,-0.018277183145543028,,,341.56
22.616,0.007538859923994922,-0.018027183145543028,,,341.56
22.62,0.008048859923994933,-0.017597183145543042,,,341.56
22.624,0.008558859923994943,-0.017167183145543028,,,341.56
22.628,0.008818859923994954,-0.01656718314554304,,,341.56
22.632,0.00923885992399493,-0.015887183145543025,,,341.56
22.636,0.009838859923994919,-0.015377183145543042,,,341.56
22.64,0.01034885992399493,-0.015037183145543035,,,341.56
22.644,0.01086885992399495,-0.014517183145543042,,,341.56
22.648,0.011288859923994926,-0.013927183145543035,,,341.56
22.652,0.011628859923994933,-0.013407183145543042,,,341.56
22.656,0.012228859923994922,-0.012987183145543039,,,341.56
22.66,0.012738859923994933,-0.01238718314554305,,,341.56
22.664,0.013168859923994919,-0.011537183145543032,,,341.56
22.668,0.01359885992399496,-0.010847183145543036,,,341.56
22.672,0.014108859923994915,-0.01016718314554305,,,341.56
22.676,0.014448859923994922,-0.009487183145543036,,,341.56
22.68,0.014878859923994908,-0.008627183145543036,,,341.56
22.684,0.015218859923994915,-0.008027183145543047,,,341.56
22.688,0.015478859923994953,-0.007177183145543028,,,341.56
22.692,0.015728859923994924,-0.006497183145543042,,,341.56
22.696,0.01607885992399494,-0.005727183145543049,,,341.56
22.7,0.016498859923994916,-0.004787183145543025,,,341.56
22.704,0.016928859923994958,-0.004017183145543032,,,341.56
22.708,0.01718885992399494,-0.0034171831455430427,,,341.56
22.712,0.017438859923994913,-0.0032471831455430393,,,341.56
22.716,0.01777885992399492,-0.003077183145543036,,,341.56
22.72,0.018038859923994958,-0.002997183145543039,,,341.56
22.724,0.018208859923994906,-0.002657183145543032,,,341.56
22.728,0.018548859923994913,-0.0021371831455430394,,,341.56
22.732,0.018638859923994947,-0.0015471831455430322,,,341.56
22.736,0.01888885992399492,-0.0010271831455430395,,,341.56
22.74,0.018978859923994954,-0.00043718314554303244,,,341.56
22.744,0.018978859923994954,0.000162816854456957,,,341.56
22.748,0.019228859923994927,0.0009328168544569499,,,341.56
22.752,0.01940885992399494,0.0013628168544569637,,,341.56
22.756,0.01948885992399491,0.001962816854456953,,,341.56
22.76,0.01948885992399491,0.002722816854456964,,,341.56
22.764,0.01940885992399494,0.002982816854456974,,,341.56
22.768,0.01940885992399494,0.00341281685445696,,,341.56
22.772,0.019228859923994927,0.00392281685445697,,,341.56
22.776,0.018978859923994954,0.004602816854456957,,,341.56
22.78,0.018978859923994954,0.005122816854456977,,,341.56
22.784,0.019058859923994923,0.005462816854456956,,,341.56
22.788,0.019058859923994923,0.00588281685445696,,,341.56
22.792,0.01880885992399495,0.006482816854456977,,,341.56
22.796,0.018718859923994916,0.00699281685445696,,,341.56
22.8,0.01837885992399491,0.0075128168544569525,,,341.56
22.804,0.01837885992399491,0.007852816854456959,,,341.56
22.808,0.018208859923994906,0.008272816854456962,,,341.56
22.812,0.018118859923994927,0.008792816854456983,,,341.56
22.816,0.01777885992399492,0.009382816854456962,,,341.56
22.82,0.017358859923994944,0.009902816854456983,,,341.56
22.824,0.017008859923994927,0.010322816854456959,,,341.56
22.828,0.01666885992399492,0.010752816854456945,,,341.56
22.832,0.016248859923994944,0.011092816854456952,,,341.56
22.836,0.015728859923994924,0.011522816854456937,,,341.56
22.84,0.01530885992399495,0.011952816854456979,,,341.56
22.844,0.014878859923994908,0.012372816854456955,,,341.56
22.848,0.014448859923994922,0.01280281685445694,,,341.56
22.852,0.014028859923994946,0.013232816854456982,,,341.56
22.856,0.013428859923994957,0.013652816854456958,,,341.56
22.86,0.012828859923994912,0.014082816854456944,,,341.56
22.864,0.012318859923994957,0.014512816854456986,,,341.56
22.868,0.011718859923994912,0.014852816854456937,,,341.56
22.872,0.011628859923994933,0.015282816854456979,,,341.56
22.876,0.011548859923994908,0.015702816854456954,,,341.56
22.88,0.01086885992399495,0.01613281685445694,,,341.56
22.884,0.010608859923994912,0.016562816854456982,,,341.56
22.888,0.01026885992399496,0.016812816854456954,,,341.56
22.892,0.009588859923994946,0.016982816854456958,,,341.56
22.896,0.008728859923994947,0.017072816854456937,,,341.56
22.9,0.00787885992399493,0.01724281685445694,,,341.56
22.904,0.00701885992399493,0.017412816854456944,,,341.56
22.908,0.005998859923994937,0.017672816854456982,,,341.56
22.912,0.004718859923994933,0.01775281685445695,,,341.56
22.916,0.003858859923994933,0.017842816854456985,,,341.56
22.92,0.0027488599239949333,0.018182816854456937,,,341.56
22.924,0.0018088599239949369,0.018522816854456944,,,341.56
22.928,0.0010488599239949262,0.018522816854456944,,,341.56
22.932,1.8859923994923086e-05,0.018612816854456978,,,341.56
22.936,-0.0009211400760050733,0.018522816854456944,,,341.56
22.94,-0.0009211400760050733,0.018612816854456978,,,341.56
22.944,0.00010885992399492983,0.018692816854456947,,,341.56
22.948,0.0007888599239949438,0.018442816854456975,,,341.56
22.952,0.0015588599239949367,0.018182816854456937,,,341.56
22.956,0.002498859923994933,0.018182816854456937,,,341.56
22.96,0.003518859923994926,0.018182816854456937,,,341.56
22.964,0.004458859923994923,0.018092816854456958,,,341.56
22.968,0.005398859923994947,0.017842816854456985,,,341.56
22.972,0.0063388599239949436,0.017842816854456985,,,341.56
22.976,0.005398859923994947,0.01775281685445695,,,341.56
22.98,-0.0004911400760050596,0.017582816854456947,,,341.56
22.984,-0.007581140076005072,0.017332816854456975,,,341.56
22.988,-0.011161140076005072,0.01724281685445694,,,341.56
22.992,-0.012531140076005054,0.01690281685445699,,,341.56
22.996,-0.013641140076005054,0.016562816854456982,,,341.56
23.0,-0.014671140076005057,0.016222816854456975,,,341.56
23.004,-0.01578114007600506,0.01613281685445694,,,341.56
23.008,-0.01654114007600507,0.015702816854456954,,,341.56
23.012,-0.017311140076005063,0.015282816854456979,,,341.56
23.016,-0.018081140076005055,0.014942816854456972,,,341.56
23.02,-0.018681140076005073,0.014512816854456986,,,341.56
23.024,-0.019191140076005055,0.014002816854456975,,,341.56
23.028,-0.019531140076005062,0.01357281685445699,,,341.56
23.032,-0.01987114007600507,0.013232816854456982,,,341.56
23.036,-0.020301140076005055,0.01280281685445694,,,341.56
23.04,-0.020811140076005066,0.012372816854456955,,,341.56
23.044,-0.02124114007600508,0.012032816854456948,,,341.56
23.048,-0.021501140076005062,0.011602816854456962,,,341.56
23.052,-0.021671140076005065,0.010922816854456948,0.001244537333333338,,341.56
23.056,-0.021921140076005066,0.010072816854456986,0.0020945373333333276,,341.56
23.06,-0.021921140076005066,0.009472816854456941,0.0029545373333333272,,341.56
23.064,-0.02209114007600507,0.00913281685445699,0.003724537333333348,,341.56
23.068,-0.02235114007600508,0.008962816854456986,0.0038045373333333446,,341.56
23.072,-0.02235114007600508,0.008792816854456983,0.0025245373333333413,,341.56
23.076,-0.022441140076005058,0.008022816854456962,0.001244537333333338,,341.56
23.08,-0.022441140076005058,0.0075128168544569525,0.001244537333333338,,341.56
23.084,-0.022441140076005058,0.00699281685445696,0.0014945373333333381,,341.56
23.088,-0.022271140076005055,0.006232816854456977,0.0018445373333333273,,341.56
23.092,-0.02209114007600507,0.00588281685445696,0.0024345373333333345,,341.56
23.096,-0.022011140076005072,0.006312816854456974,0.003034537333333324,,341.56
23.1,-0.021751140076005062,0.006572816854456956,0.0034645373333333377,,341.56
23.104,-0.021501140076005062,0.00563281685445696,0.0038945373333333236,,341.56
23.108,-0.02124114007600508,0.0032428168544569565,0.004314537333333327,,341.56
23.112,-0.021071140076005076,0.0021328168544569566,0.004744537333333341,,341.56
23.116,-0.02073114007600507,0.0011028168544569535,0.005254537333333324,,341.56
23.12,-0.020391140076005062,0.00025281685445696373,0.005684537333333337,,341.56
23.124,-0.019961140076005076,-0.0003471831455430257,0.005944537333333348,,341.56
23.128,-0.019531140076005062,-0.0012871831455430497,0.006534537333333327,,341.56
23.132,-0.01911114007600506,-0.002307183145543043,0.007134537333333344,,341.56
23.136,-0.01876114007600507,-0.0032471831455430393,0.00756453733333333,,341.56
23.14,-0.018341140076005066,-0.004357183145543039,0.007984537333333333,,341.56
23.144,-0.01791114007600508,-0.005217183145543039,0.008504537333333353,,341.56
23.148,-0.017571140076005073,-0.005727183145543049,0.00892453733333333,,341.56
23.152,-0.017061140076005062,-0.005807183145543046,0.009274537333333346,,341.56
23.156,-0.016371140076005066,-0.006497183145543042,0.009614537333333353,,341.56
23.16,-0.015861140076005056,-0.007267183145543035,0.01003453733333333,,341.56
23.164,-0.015351140076005071,-0.008027183145543047,0.010464537333333315,,341.56
23.168,-0.014921140076005058,-0.008887183145543046,0.010804537333333322,,341.56
23.172,-0.014411140076005075,-0.009737183145543036,0.011314537333333333,,341.56
23.176,-0.013811140076005058,-0.010597183145543036,0.012004537333333357,,341.56
23.18,-0.013381140076005072,-0.011367183145543028,0.012514537333333312,,341.56
23.184,-0.012961140076005068,-0.01212718314554304,0.013024537333333322,,341.56
23.188,-0.012451140076005058,-0.012987183145543039,0.01328453733333336,,341.56
23.192,-0.011851140076005068,-0.013927183145543035,0.013364537333333329,,341.56
23.196,-0.011421140076005054,-0.014697183145543028,0.013794537333333315,,341.56
23.2,-0.010911140076005072,-0.015377183145543042,0.014224537333333356,,341.56
23.204,-0.010141140076005079,-0.01597718314554303,0.014474537333333329,,341.56
23.208,-0.009631140076005068,-0.01656718314554304,0.014564537333333308,,341.56
23.212,-0.008941140076005072,-0.016997183145543025,0.01499453733333335,,341.56
23.216,-0.008181140076005062,-0.01742718314554304,0.015334537333333356,,341.56
23.22,-0.007581140076005072,-0.018027183145543028,0.01550453733333336,,341.56
23.224,-0.006891140076005076,-0.018537183145543038,0.01584453733333331,,341.56
23.228,-0.006301140076005069,-0.01878718314554304,0.01610453733333335,,341.56
23.232,-0.005701140076005079,-0.019217183145543024,0.01635453733333332,,341.56
23.236,-0.005191140076005069,-0.01955718314554303,0.01669453733333333,,341.56
23.24,-0.004671140076005076,-0.01989718314554304,0.01695453733333331,,341.56
23.244,-0.0042511400760050725,-0.020327183145543024,0.017124537333333315,,341.56
23.248,-0.0039111400760050655,-0.02066718314554303,0.017384537333333352,,341.56
23.252,-0.0033911400760050733,-0.02092718314554304,0.01746453733333332,,341.56
23.256,-0.002801140076005066,-0.02117718314554304,0.017554537333333356,,341.56
23.26,-0.0022811400760050734,-0.02126718314554305,0.01772453733333336,,341.56
23.264,-0.0016911400760050662,-0.021437183145543024,0.017554537333333356,,341.56
23.268,-0.0011711400760050735,-0.021697183145543034,0.01746453733333332,,341.56
23.272,-0.0006611400760050631,-0.021947183145543035,0.01746453733333332,,341.56
23.276,-0.00023114007600507714,-0.021947183145543035,0.01772453733333336,,341.56
23.28,0.0002788599239949333,-0.021947183145543035,0.017894537333333307,,341.56
23.284,0.0008788599239949227,-0.021947183145543035,0.017984537333333342,,341.56
23.288,0.0012988599239949264,-0.021947183145543035,0.017984537333333342,,341.56
23.292,0.0018088599239949369,-0.021947183145543035,0.01780453733333333,,341.56
23.296,0.002238859923994923,-0.021867183145543038,0.017554537333333356,,341.56
23.3,0.0027488599239949333,-0.021697183145543034,0.017554537333333356,,341.56
23.304,0.0033488599239949227,-0.02152718314554303,0.01746453733333332,,341.56
23.308,0.00394885992399494,-0.02126718314554305,0.017294537333333318,,341.56
23.312,0.00454885992399493,-0.021007183145543038,0.01721453733333335,,341.56
23.316,0.004888859923994937,-0.020497183145543028,0.01721453733333335,,341.56
23.32,0.005228859923994944,-0.020247183145543027,0.016784537333333308,,341.56
23.324,0.00590885992399493,-0.01989718314554304,0.01669453733333333,,341.56
23.328,0.006508859923994947,-0.019477183145543035,0.016444537333333356,,341.56
23.332,0.0067688599239949295,-0.019217183145543024,0.015934537333333346,,341.56
23.336,0.007188859923994933,-0.01878718314554304,0.01584453733333331,,341.56
23.34,0.0074488599239949434,-0.018367183145543035,0.015674537333333308,,341.56
23.344,0.008048859923994933,-0.01793718314554305,0.015334537333333356,,341.56
23.348,0.008728859923994947,-0.017597183145543042,0.01499453733333335,,341.56
23.352,0.00923885992399493,-0.01708718314554303,0.014654537333333342,,341.56
23.356,0.009668859923994915,-0.01631718314554304,0.014224537333333356,,341.56
23.36,0.010098859923994957,-0.015887183145543025,0.013714537333333346,,341.56
23.364,0.010438859923994908,-0.015377183145543042,0.013194537333333325,,341.56
23.368,0.011118859923994922,-0.014777183145543025,0.012604537333333346,,341.56
23.372,0.011628859923994933,-0.014267183145543042,0.01217453733333336,,341.56
23.376,0.01197885992399495,-0.013587183145543028,0.01166453733333335,,341.56
23.38,0.012398859923994926,-0.012727183145543029,0.011314537333333333,,341.56
23.384,0.012918859923994946,-0.01212718314554304,0.01114453733333333,,341.56
23.388,0.013428859923994957,-0.011707183145543035,0.01055453733333335,,341.56
23.392,0.014028859923994946,-0.011107183145543046,0.010124537333333308,,341.56
23.396,0.014448859923994922,-0.010507183145543029,0.009524537333333319,,341.56
23.4,0.014878859923994908,-0.009567183145543032,0.00892453733333333,,341.56
23.404,0.015138859923994946,-0.008457183145543033,0.008334537333333322,,341.56
23.408,0.015388859923994918,-0.007097183145543032,0.00756453733333333,,341.56
23.412,0.015728859923994924,-0.005987183145543032,0.006964537333333341,,341.56
23.416,0.01607885992399494,-0.005217183145543039,0.006624537333333334,,341.56
23.42,0.016418859923994947,-0.004447183145543046,0.006024537333333344,,341.56
23.424,0.01666885992399492,-0.0038471831455430287,0.0053445373333333305,,341.56
23.428,0.017008859923994927,-0.0034171831455430427,0.004654537333333334,,341.56
23.432,0.017358859923994944,-0.0029071831455430323,0.0035445373333333344,,341.56
23.436,0.017608859923994916,-0.002227183145543046,0.0026945373333333448,,341.56
23.44,0.017868859923994954,-0.0021371831455430394,0.0020945373333333276,,341.56
23.444,0.018118859923994927,-0.0015471831455430322,0.0016745373333333239,,341.56
23.448,0.018208859923994906,-0.0010271831455430395,0.0011545373333333312,,341.56
23.452,0.018468859923994944,-0.0005171831455430292,0.0010745373333333344,,341.56
23.456,0.018638859923994947,-0.00017718314554304997,0.0008145373333333242,,341.56
23.46,0.01888885992399492,0.000502816854456964,0.0009845373333333277,,341.56
23.464,0.019058859923994923,0.0009328168544569499,0.0014145373333333414,,341.56
23.468,0.019318859923994906,0.001272816854456957,0.0018445373333333273,,341.56
23.472,0.019318859923994906,0.0018728168544569742,0.0013245373333333347,,341.56
23.476,0.019318859923994906,0.0024728168544569636,-0.0009754626666666618,,341.56
23.48,0.019318859923994906,0.003072816854456953,-0.003705462666666672,,341.56
23.484,0.019318859923994906,0.0035828168544569635,-0.0056754626666666716,,341.56
23.488,0.019318859923994906,0.0038328168544569637,-0.006865462666666668,,341.56
23.492,0.019318859923994906,0.004432816854456953,-0.007635462666666661,,341.56
23.496,0.01940885992399494,0.00503281685445697,-0.008495462666666662,,341.56
23.5,0.01948885992399491,0.005462816854456956,-0.009255462666666672,,341.56
23.504,0.01940885992399494,0.00588281685445696,-0.010025462666666665,,341.56
23.508,0.019148859923994958,0.006402816854456953,-0.010885462666666665,,341.56
23.512,0.019058859923994923,0.00699281685445696,-0.011655462666666658,,341.56
23.516,0.018978859923994954,0.0075128168544569525,-0.012165462666666668,,341.56
23.52,0.01880885992399495,0.007852816854456959,-0.012675462666666679,,341.56
23.524,0.01880885992399495,0.008272816854456962,-0.013445462666666672,,341.56
23.528,0.018468859923994944,0.008702816854456976,-0.014125462666666658,,341.56
23.532,0.018208859923994906,0.00913281685445699,-0.014805462666666672,,341.56
23.536,0.018038859923994958,0.009562816854456976,-0.015405462666666661,,341.56
23.54,0.01769885992399495,0.009902816854456983,-0.016095462666666657,,341.56
23.544,0.017358859923994944,0.010322816854456959,-0.016685462666666664,,341.56
23.548,0.016928859923994958,0.010922816854456948,-0.01737546266666666,,341.56
23.552,0.016498859923994916,0.011522816854456937,-0.017795462666666664,,341.56
23.556,0.01615885992399491,0.011952816854456979,-0.01813546266666667,,341.56
23.56,0.015728859923994924,0.012372816854456955,-0.018565462666666657,,341.56
23.564,0.01530885992399495,0.012892816854456975,-0.01899546266666667,,341.56
23.568,0.014968859923994942,0.013312816854456951,-0.019425462666666657,,341.56
23.572,0.014538859923994956,0.013652816854456958,-0.01984546266666666,,341.56
23.576,0.013938859923994911,0.014082816854456944,-0.020275462666666674,,341.56
23.58,0.013168859923994919,0.014512816854456986,-0.02070546266666666,,341.56
23.584,0.01248885992399496,0.014762816854456958,-0.02095546266666666,,341.56
23.588,0.012058859923994919,0.014942816854456972,-0.021125462666666664,,341.56
23.592,0.011628859923994933,0.015282816854456979,-0.02146546266666667,,341.56
23.596,0.01137885992399496,0.015622816854456986,-0.021725462666666653,,341.56
23.6,0.011118859923994922,0.01579281685445699,-0.021985462666666664,,341.56
23.604,0.010178859923994926,0.01605281685445697,-0.022155462666666667,,341.56
23.608,0.009668859923994915,0.01613281685445694,-0.02206546266666666,,341.56
23.612,0.00923885992399493,0.016472816854456947,-0.022155462666666667,,341.56
23.616,0.008728859923994947,0.016812816854456954,-0.022155462666666667,,341.56
23.62,0.007958859923994926,0.016982816854456958,-0.022155462666666667,,341.56
23.624,0.00701885992399493,0.01724281685445694,-0.021645462666666657,,341.56
23.628,0.005998859923994937,0.017412816854456944,-0.02146546266666667,,341.56
23.632,0.0049688599239949335,0.017582816854456947,-0.021385462666666674,,341.56
23.636,0.003608859923994933,0.01801281685445699,-0.021125462666666664,,341.56
23.64,0.0026688599239949365,0.018092816854456958,-0.02095546266666666,,341.56
23.644,0.0018088599239949369,0.018092816854456958,-0.020615462666666654,,341.56
23.648,0.000698859923994937,0.018092816854456958,-0.02035546266666667,,341.56
23.652,-0.0006611400760050631,0.018092816854456958,-0.020015462666666664,,341.56
23.656,-0.0016011400760050595,0.018182816854456937,-0.019765462666666664,,341.56
23.66,-0.0022011400760050767,0.01827281685445697,-0.019425462666666657,,341.56
23.664,-0.0019411400760050664,0.018182816854456937,-0.019075462666666668,,341.56
23.668,-0.0004911400760050596,0.018092816854456958,-0.018825462666666667,,341.56
23.672,0.0005288599239949335,0.017842816854456985,-0.018565462666666657,,341.56
23.676,0.0017288599239949401,0.017842816854456985,-0.018225462666666678,,341.56
23.68,0.0030988599239949225,0.017842816854456985,-0.01788546266666667,,341.56
23.684,0.00454885992399493,0.017672816854456982,-0.017545462666666664,,341.56
23.688,0.005998859923994937,0.017412816854456944,-0.01702546266666667,,341.56
23.692,0.0074488599239949434,0.017332816854456975,-0.01626546266666666,,341.56
23.696,0.008898859923994923,0.017072816854456937,-0.015745462666666668,,341.56
23.7,0.007708859923994926,0.016982816854456958,-0.015235462666666658,,341.56
23.704,-0.0005811400760050663,0.016982816854456958,-0.014635462666666668,,341.56
23.708,-0.009371140076005058,0.01690281685445699,-0.014045462666666661,,341.56
23.712,-0.012361140076005079,0.01664281685445695,-0.013355462666666665,,341.56
23.716,-0.013731140076005061,0.01639281685445698,-0.012845462666666654,,341.56
23.72,-0.014921140076005058,0.01605281685445697,-0.012335462666666672,,341.56
23.724,-0.01578114007600506,0.015702816854456954,-0.011735462666666654,,341.56
23.728,-0.016631140076005076,0.015452816854456982,-0.011225462666666672,,341.56
23.732,-0.01740114007600507,0.015192816854456944,-0.010625462666666655,,341.56
23.736,-0.01800114007600506,0.014762816854456958,-0.009775462666666665,,341.56
23.74,-0.018591140076005066,0.014512816854456986,-0.009175462666666676,,341.56
23.744,-0.019191140076005055,0.014002816854456975,-0.008405462666666655,,341.56
23.748,-0.01987114007600507,0.01357281685445699,-0.007975462666666669,,341.56
23.752,-0.020391140076005062,0.013312816854456951,-0.007465462666666658,,341.56
23.756,-0.02073114007600507,0.013142816854456948,-0.006955462666666675,,341.56
23.76,-0.021071140076005076,0.01280281685445694,-0.0064454626666666645,,341.56
23.764,-0.02124114007600508,0.01246281685445699,-0.005925462666666672,,341.56
23.768,-0.021411140076005055,0.012032816854456948,-0.005415462666666661,,341.56
23.772,-0.021671140076005065,0.011522816854456937,-0.004905462666666679,,341.56
23.776,-0.021921140076005066,0.010752816854456945,-0.004395462666666668,,341.56
23.78,-0.022011140076005072,0.010072816854456986,-0.0038754626666666755,,341.56
23.784,-0.022181140076005076,0.00973281685445698,-0.003365462666666665,,341.56
23.788,-0.022441140076005058,0.009642816854456945,-0.0028554626666666546,,341.56
23.792,-0.022441140076005058,0.009382816854456962,-0.002345462666666672,,341.56
23.796,-0.02235114007600508,0.008622816854456952,-0.0011454626666666653,,341.56
23.8,-0.02235114007600508,0.007932816854456955,0.000564537333333324,,341.56
23.804,-0.022271140076005055,0.00725281685445697,0.0008145373333333242,,341.56
23.808,-0.022011140076005072,0.00674281685445696,0.0014145373333333414,,341.56
23.812,-0.022011140076005072,0.006232816854456977,0.0018445373333333273,,341.56
23.816,-0.021921140076005066,0.005462816854456956,0.0024345373333333345,,341.56
23.82,-0.021671140076005065,0.00477281685445696,0.003034537333333324,,341.56
23.824,-0.021411140076005055,0.004182816854456953,0.0034645373333333377,,341.56
23.828,-0.021151140076005073,0.00341281685445696,0.0038945373333333236,,341.56
23.832,-0.021071140076005076,0.0025528168544569603,0.004484537333333331,,341.56
23.836,-0.02073114007600507,0.0017828168544569674,0.005084537333333348,,341.56
23.84,-0.020391140076005062,0.0010228168544569568,0.005514537333333334,,341.56
23.844,-0.02013114007600508,0.000162816854456957,0.005944537333333348,,341.56
23.848,-0.01987114007600507,-0.0008571831455430361,0.00645453733333333,,341.56
23.852,-0.019451140076005066,-0.001967183145543036,0.006874537333333334,,341.56
23.856,-0.01911114007600506,-0.0028271831455430356,0.007304537333333348,,341.56
23.86,-0.018591140076005066,-0.003677183145543025,0.007904537333333336,,341.56
23.864,-0.01800114007600506,-0.004447183145543046,0.008414537333333347,,341.56
23.868,-0.017481140076005066,-0.004787183145543025,0.008754537333333326,,341.56
23.872,-0.017061140076005062,-0.005127183145543032,0.009184537333333312,,341.56
23.876,-0.016631140076005076,-0.0052971831455430355,0.009694537333333322,,341.56
23.88,-0.016201140076005063,-0.0056371831455430425,0.010464537333333315,,341.56
23.884,-0.01569114007600508,-0.006917183145543046,0.011234537333333308,,341.56
23.888,-0.015091140076005061,-0.007857183145543043,0.011744537333333319,,341.56
23.892,-0.014671140076005057,-0.008717183145543043,0.012084537333333326,,341.56
23.896,-0.014321140076005068,-0.009737183145543036,0.01217453733333336,,341.56
23.9,-0.013901140076005064,-0.010847183145543036,0.012604537333333346,,341.56
23.904,-0.013301140076005075,-0.011877183145543039,0.013024537333333322,,341.56
23.908,-0.012621140076005061,-0.013067183145543036,0.013364537333333329,,341.56
23.912,-0.012101140076005068,-0.014177183145543035,0.014054537333333353,,341.56
23.916,-0.011681140076005065,-0.015037183145543035,0.014474537333333329,,341.56
23.92,-0.011081140076005075,-0.01571718314554305,0.014734537333333311,,341.56
23.924,-0.010571140076005065,-0.016397183145543035,0.01499453733333335,,341.56
23.928,-0.009971140076005075,-0.01733718314554303,0.015074537333333318,,341.56
23.932,-0.009031140076005079,-0.017847183145543042,0.015414537333333325,,341.56
23.936,-0.008431140076005062,-0.018367183145543035,0.015674537333333308,,341.56
23.94,-0.007661140076005069,-0.019137183145543028,0.01584453733333331,,341.56
23.944,-0.007071140076005062,-0.01955718314554303,0.016184537333333318,,341.56
23.948,-0.006471140076005072,-0.01989718314554304,0.01661453733333336,,341.56
23.952,-0.0060411400760050585,-0.020327183145543024,0.01695453733333331,,341.56
23.956,-0.005611140076005073,-0.020837183145543035,0.01721453733333335,,341.56
23.96,-0.005191140076005069,-0.02126718314554305,0.01746453733333332,,341.56
23.964,-0.004761140076005055,-0.021437183145543024,0.017554537333333356,,341.56
23.968,-0.0042511400760050725,-0.021697183145543034,0.01780453733333333,,341.56
23.972,-0.00348114007600508,-0.021947183145543035,0.01780453733333333,,341.56
23.976,-0.002801140076005066,-0.02203718314554304,0.01780453733333333,,341.56
23.98,-0.00237114007600508,-0.022377183145543048,0.017894537333333307,,341.56
23.984,-0.0018611400760050697,-0.022717183145543027,0.01806453733333331,,341.56
23.988,-0.0010911400760050768,-0.02288718314554303,0.017984537333333342,,341.56
23.992,-0.0006611400760050631,-0.02314718314554304,0.017894537333333307,,341.56
23.996,-0.0003211400760050561,-0.023227183145543038,0.017894537333333307,,341.56
24.0,0.00018885992399492657,-0.023227183145543038,0.017894537333333307,,341.56
24.004,0.0007888599239949438,-0.023227183145543038,0.017894537333333307,,341.56
24.008,0.0012988599239949264,-0.02314718314554304,0.017894537333333307,,341.56
24.012,0.0017288599239949401,-0.02288718314554303,0.017894537333333307,,341.56
24.016,0.002158859923994926,-0.02288718314554303,0.017894537333333307,,341.56
24.02,0.0027488599239949333,-0.022717183145543027,0.01780453733333333,,341.56
24.024,0.0033488599239949227,-0.022297183145543024,0.01772453733333336,,341.56
24.028,0.0037788599239949364,-0.021947183145543035,0.01780453733333333,,341.56
24.032,0.004208859923994923,-0.02152718314554303,0.01746453733333332,,341.56
24.036,0.004888859923994937,-0.02117718314554304,0.017384537333333352,,341.56
24.04,0.005738859923994926,-0.02092718314554304,0.01695453733333331,,341.56
24.044,0.006258859923994947,-0.020757183145543038,0.01661453733333336,,341.56
24.048,0.006678859923994923,-0.02041718314554303,0.016524537333333325,,341.56
24.052,0.0071088599239949365,-0.01981718314554304,0.016274537333333353,,341.56
24.056,0.007538859923994922,-0.019217183145543024,0.015934537333333346,,341.56
24.06,0.00787885992399493,-0.01870718314554304,0.01584453733333331,,341.56
24.064,0.008218859923994936,-0.018277183145543028,0.015414537333333325,,341.56
24.068,0.008648859923994922,-0.017847183145543042,0.01499453733333335,,341.56
24.072,0.00923885992399493,-0.017257183145543035,0.014654537333333342,,341.56
24.076,0.009928859923994953,-0.016737183145543042,0.014224537333333356,,341.56
24.08,0.010438859923994908,-0.01622718314554303,0.013714537333333346,,341.56
24.084,0.010778859923994915,-0.015547183145543046,0.013194537333333325,,341.56
24.088,0.011208859923994957,-0.014947183145543028,0.012604537333333346,,341.56
24.092,0.011808859923994946,-0.014097183145543039,0.01217453733333336,,341.56
24.096,0.012398859923994926,-0.013407183145543042,0.011834537333333353,,341.56
24.1,0.012828859923994912,-0.012987183145543039,0.011574537333333315,,341.56
24.104,0.013258859923994953,-0.012297183145543043,0.01114453733333333,,341.56
24.108,0.013678859923994929,-0.011707183145543035,0.01055453733333335,,341.56
24.112,0.014028859923994946,-0.010767183145543039,0.01003453733333333,,341.56
24.116,0.014448859923994922,-0.009827183145543043,0.009524537333333319,,341.56
24.12,0.014878859923994908,-0.00905718314554305,0.008754537333333326,,341.56
24.124,0.01530885992399495,-0.008117183145543026,0.00807453733333334,,341.56
24.128,0.015728859923994924,-0.007347183145543032,0.00756453733333333,,341.56
24.132,0.01615885992399491,-0.006577183145543039,0.006964537333333341,,341.56
24.136,0.016498859923994916,-0.0056371831455430425,0.006364537333333324,,341.56
24.14,0.016498859923994916,-0.004697183145543046,0.005514537333333334,,341.56
24.144,0.01658885992399495,-0.003767183145543032,0.004834537333333348,,341.56
24.148,0.017008859923994927,-0.0028271831455430356,0.004234537333333331,,341.56
24.152,0.017438859923994913,-0.0018871831455430392,0.0034645373333333377,,341.56
24.156,0.01769885992399495,-0.0009471831455430429,0.0028645373333333205,,341.56
24.16,0.01777885992399492,-0.00017718314554304997,0.0026945373333333448,,341.56
24.164,0.018038859923994958,8.281685445696025e-05,0.0024345373333333345,,341.56
24.168,0.018208859923994906,8.281685445696025e-05,0.002264537333333331,,341.56
24.172,0.018468859923994944,0.0004228168544569672,0.0018445373333333273,,341.56
24.176,0.018638859923994947,0.0009328168544569499,0.0009845373333333277,,341.56
24.18,0.01888885992399492,0.001272816854456957,-0.00012546266666667218,,341.56
24.184,0.018978859923994954,0.0015328168544569672,-0.0011454626666666653,,341.56
24.188,0.018978859923994954,0.001612816854456964,-0.0020854626666666617,,341.56
24.192,0.019058859923994923,0.0021328168544569566,-0.0025154626666666754,,341.56
24.196,0.019318859923994906,0.002722816854456964,-0.003025462666666658,,341.56
24.2,0.019318859923994906,0.00341281685445696,-0.0043054626666666615,,341.56
24.204,0.01940885992399494,0.00392281685445697,-0.005845462666666675,,341.56
24.208,0.01948885992399491,0.004262816854456977,-0.007035462666666672,,341.56
24.212,0.01948885992399491,0.004602816854456957,-0.007805462666666665,,341.56
24.216,0.019318859923994906,0.00503281685445697,-0.008405462666666655,,341.56
24.22,0.019058859923994923,0.005462816854456956,-0.009255462666666672,,341.56
24.224,0.018978859923994954,0.00588281685445696,-0.010025462666666665,,341.56
24.228,0.01888885992399492,0.006312816854456974,-0.010795462666666658,,341.56
24.232,0.01888885992399492,0.006652816854456953,-0.011565462666666679,,341.56
24.236,0.018638859923994947,0.00725281685445697,-0.012335462666666672,,341.56
24.24,0.018548859923994913,0.007852816854456959,-0.012765462666666658,,341.56
24.244,0.01837885992399491,0.008272816854456962,-0.013695462666666672,,341.56
24.248,0.018468859923994944,0.008622816854456952,-0.014465462666666665,,341.56
24.252,0.018118859923994927,0.00913281685445699,-0.015325462666666664,,341.56
24.256,0.01777885992399492,0.009562816854456976,-0.01591546266666667,,341.56
24.26,0.01769885992399495,0.009902816854456983,-0.01651546266666666,,341.56
24.264,0.017358859923994944,0.010322816854456959,-0.01702546266666667,,341.56
24.268,0.016928859923994958,0.010752816854456945,-0.01762546266666666,,341.56
24.272,0.016498859923994916,0.011182816854456986,-0.01813546266666667,,341.56
24.276,0.01615885992399491,0.011602816854456962,-0.018655462666666664,,341.56
24.28,0.015728859923994924,0.012032816854456948,-0.01899546266666667,,341.56
24.284,0.015218859923994915,0.01246281685445699,-0.019335462666666678,,341.56
24.288,0.014788859923994929,0.01280281685445694,-0.019765462666666664,,341.56
24.292,0.014448859923994922,0.013232816854456982,-0.020185462666666668,,341.56
24.296,0.014028859923994946,0.01357281685445699,-0.020535462666666657,,341.56
24.3,0.013258859923994953,0.013742816854456937,-0.020875462666666664,,341.56
24.304,0.01248885992399496,0.014082816854456944,-0.021125462666666664,,341.56
24.308,0.01197885992399495,0.014512816854456986,-0.02146546266666667,,341.56
24.312,0.01145885992399493,0.014942816854456972,-0.021555462666666678,,341.56
24.316,0.010948859923994919,0.015362816854456948,-0.021725462666666653,,341.56
24.32,0.010778859923994915,0.015622816854456986,-0.02181546266666666,,341.56
24.324,0.01026885992399496,0.015622816854456986,-0.02181546266666666,,341.56
24.328,0.009498859923994912,0.015702816854456954,-0.021895462666666657,,341.56
24.332,0.008728859923994947,0.01613281685445694,-0.02181546266666666,,341.56
24.336,0.008048859923994933,0.016472816854456947,-0.02181546266666666,,341.56
24.34,0.0074488599239949434,0.01664281685445695,-0.021895462666666657,,341.56
24.344,0.006848859923994926,0.01690281685445699,-0.02181546266666666,,341.56
24.348,0.0063388599239949436,0.01690281685445699,-0.021555462666666678,,341.56
24.352,0.005148859923994947,0.016982816854456958,-0.02146546266666667,,341.56
24.356,0.004118859923994944,0.01724281685445694,-0.02121546266666667,,341.56
24.36,0.0027488599239949333,0.017412816854456944,-0.02095546266666666,,341.56
24.364,0.0018088599239949369,0.01775281685445695,-0.020615462666666654,,341.56
24.368,0.0009588599239949195,0.01801281685445699,-0.020275462666666674,,341.56
24.372,0.00018885992399492657,0.018092816854456958,-0.019935462666666667,,341.56
24.376,-0.0007511400760050698,0.018182816854456937,-0.01959546266666666,,341.56
24.38,-0.001771140076005063,0.01827281685445697,-0.019335462666666678,,341.56
24.384,-0.002451140076005077,0.018182816854456937,-0.01899546266666667,,341.56
24.388,-0.00237114007600508,0.018092816854456958,-0.018655462666666664,,341.56
24.392,-0.002451140076005077,0.01801281685445699,-0.018225462666666678,,341.56
24.396,-0.002541140076005056,0.017842816854456985,-0.017795462666666664,,341.56
24.4,-0.002541140076005056,0.01775281685445695,-0.01737546266666666,,341.56
24.404,-0.002541140076005056,0.017672816854456982,-0.01702546266666667,,341.56
24.408,-0.002541140076005056,0.017582816854456947,-0.016605462666666668,,341.56
24.412,-0.002541140076005056,0.017332816854456975,-0.01600546266666668,,341.56
24.416,-0.002541140076005056,0.017332816854456975,-0.015325462666666664,,341.56
24.42,-0.002541140076005056,0.01724281685445694,-0.014805462666666672,,341.56
24.424,-0.002541140076005056,0.016982816854456958,-0.014385462666666668,,341.56
24.428,-0.005101140076005062,0.016982816854456958,-0.013695462666666672,,341.56
24.432,-0.010821140076005065,0.016812816854456954,-0.012935462666666661,,341.56
24.436,-0.012791140076005065,0.016562816854456982,-0.012415462666666668,,341.56
24.44,-0.014491140076005072,0.016472816854456947,-0.011995462666666665,,341.56
24.444,-0.015601140076005071,0.01613281685445694,-0.011395462666666675,,341.56
24.448,-0.016371140076005066,0.015872816854456958,-0.010795462666666658,,341.56
24.452,-0.017311140076005063,0.015622816854456986,-0.010025462666666665,,341.56
24.456,-0.01791114007600508,0.015282816854456979,-0.009605462666666661,,341.56
24.46,-0.018591140076005066,0.014852816854456937,-0.009005462666666672,,341.56
24.464,-0.019191140076005055,0.014422816854456951,-0.008145462666666672,,341.56
24.468,-0.01987114007600507,0.014082816854456944,-0.007635462666666661,,341.56
24.472,-0.020391140076005062,0.013742816854456937,-0.007035462666666672,,341.56
24.476,-0.02073114007600507,0.013312816854456951,-0.0064454626666666645,,341.56
24.48,-0.02098114007600507,0.01280281685445694,-0.005845462666666675,,341.56
24.484,-0.021151140076005073,0.012372816854456955,-0.005245462666666658,,341.56
24.488,-0.021501140076005062,0.011952816854456979,-0.004645462666666668,,341.56
24.492,-0.02184114007600507,0.011522816854456937,-0.004055462666666661,,341.56
24.496,-0.021921140076005066,0.011092816854456952,-0.003455462666666672,,341.56
24.5,-0.022011140076005072,0.010412816854456938,-0.0028554626666666546,,341.56
24.504,-0.022271140076005055,0.009812816854456948,-0.002255462666666665,,341.56
24.508,-0.022441140076005058,0.009562816854456976,-0.0016554626666666758,,341.56
24.512,-0.022441140076005058,0.009212816854456959,-0.0010654626666666686,,341.56
24.516,-0.022441140076005058,0.008702816854456976,0.00021453733333333478,,341.56
24.52,-0.022441140076005058,0.008272816854456962,0.0017545373333333206,,341.56
24.524,-0.02235114007600508,0.007852816854456959,0.0015845373333333449,,341.56
24.528,-0.022441140076005058,0.0074228168544569735,0.0015845373333333449,,341.56
24.532,-0.02235114007600508,0.00699281685445696,0.001924537333333324,,341.56
24.536,-0.02209114007600507,0.006572816854456956,0.002614537333333348,,341.56
24.54,-0.02184114007600507,0.00614281685445697,0.0031245373333333307,,341.56
24.544,-0.02158114007600506,0.0057128168544569565,0.0034645373333333377,,341.56
24.548,-0.021501140076005062,0.005292816854456953,0.003974537333333348,,341.56
24.552,-0.02124114007600508,0.004862816854456967,0.004654537333333334,,341.56
24.556,-0.021071140076005076,0.004012816854456977,0.005174537333333327,,341.56
24.56,-0.02073114007600507,0.0022128168544569534,0.005514537333333334,,341.56
24.564,-0.020301140076005055,0.000502816854456964,0.005944537333333348,,341.56
24.568,-0.019961140076005076,-0.00043718314554303244,0.00645453733333333,,341.56
24.572,-0.019531140076005062,-0.0014571831455430255,0.006874537333333334,,341.56
24.576,-0.01911114007600506,-0.0024771831455430464,0.007224537333333323,,341.56
24.58,-0.01876114007600507,-0.0038471831455430287,0.00756453733333333,,341.56
24.584,-0.018421140076005062,-0.005047183145543035,0.00807453733333334,,341.56
24.588,-0.01800114007600506,-0.005807183145543046,0.008754537333333326,,341.56
24.592,-0.01740114007600507,-0.006327183145543039,0.009274537333333346,,341.56
24.596,-0.016711140076005073,-0.005987183145543032,0.009694537333333322,,341.56
24.6,-0.016201140076005063,-0.005557183145543046,0.01003453733333333,,341.56
24.604,-0.015861140076005056,-0.007177183145543028,0.010464537333333315,,341.56
24.608,-0.015351140076005071,-0.008887183145543046,0.010804537333333322,,341.56
24.612,-0.014751140076005054,-0.009567183145543032,0.011234537333333308,,341.56
24.616,-0.014241140076005071,-0.010257183145543029,0.01166453733333335,,341.56
24.62,-0.013811140076005058,-0.01127718314554305,0.01217453733333336,,341.56
24.624,-0.013301140076005075,-0.012217183145543046,0.012944537333333353,,341.56
24.628,-0.012701140076005058,-0.013067183145543036,0.013364537333333329,,341.56
24.632,-0.012191140076005075,-0.014007183145543032,0.013714537333333346,,341.56
24.636,-0.011681140076005065,-0.014697183145543028,0.014134537333333322,,341.56
24.64,-0.011081140076005075,-0.015547183145543046,0.014474537333333329,,341.56
24.644,-0.010481140076005058,-0.01656718314554304,0.014654537333333342,,341.56
24.648,-0.009631140076005068,-0.017167183145543028,0.014904537333333315,,341.56
24.652,-0.008941140076005072,-0.01767718314554304,0.015074537333333318,,341.56
24.656,-0.008351140076005065,-0.018277183145543028,0.015414537333333325,,341.56
24.66,-0.007751140076005076,-0.01870718314554304,0.01584453733333331,,341.56
24.664,-0.007151140076005058,-0.01904718314554305,0.016184537333333318,,341.56
24.668,-0.006301140076005069,-0.019477183145543035,0.016274537333333353,,341.56
24.672,-0.005361140076005072,-0.019987183145543045,0.016524537333333325,,341.56
24.676,-0.005021140076005065,-0.02041718314554303,0.01669453733333333,,341.56
24.68,-0.004671140076005076,-0.020757183145543038,0.01695453733333331,,341.56
24.684,-0.004331140076005069,-0.021097183145543045,0.017124537333333315,,341.56
24.688,-0.0038211400760050592,-0.021437183145543024,0.017384537333333352,,341.56
24.692,-0.00322114007600507,-0.021697183145543034,0.01746453733333332,,341.56
24.696,-0.002801140076005066,-0.02203718314554304,0.017634537333333325,,341.56
24.7,-0.0022011400760050767,-0.022297183145543024,0.017984537333333342,,341.56
24.704,-0.0015211400760050627,-0.022377183145543048,0.017894537333333307,,341.56
24.708,-0.00100114007600507,-0.022467183145543027,0.017894537333333307,,341.56
24.712,-0.0006611400760050631,-0.022547183145543024,0.017894537333333307,,341.56
24.716,-0.0001511400760050804,-0.022807183145543034,0.017894537333333307,,341.56
24.72,0.0004488599239949368,-0.022807183145543034,0.017894537333333307,,341.56
24.724,0.0008788599239949227,-0.022807183145543034,0.017894537333333307,,341.56
24.728,0.0012988599239949264,-0.022717183145543027,0.017894537333333307,,341.56
24.732,0.0017288599239949401,-0.022717183145543027,0.017894537333333307,,341.56
24.736,0.002238859923994923,-0.022717183145543027,0.017894537333333307,,341.56
24.74,0.0029288599239949468,-0.022377183145543048,0.017894537333333307,,341.56
24.744,0.0034388599239949295,-0.022117183145543038,0.01772453733333336,,341.56
24.748,0.0037788599239949364,-0.021947183145543035,0.01746453733333332,,341.56
24.752,0.004208859923994923,-0.021607183145543028,0.017294537333333318,,341.56
24.756,0.00479885992399493,-0.02126718314554305,0.01721453733333335,,341.56
24.76,0.005398859923994947,-0.020837183145543035,0.017384537333333352,,341.56
24.764,0.00590885992399493,-0.02041718314554303,0.01721453733333335,,341.56
24.768,0.0063388599239949436,-0.019987183145543045,0.017044537333333346,,341.56
24.772,0.006678859923994923,-0.01955718314554303,0.01669453733333333,,341.56
24.776,0.007188859923994933,-0.019137183145543028,0.016444537333333356,,341.56
24.78,0.00787885992399493,-0.01870718314554304,0.016184537333333318,,341.56
24.784,0.00838885992399494,-0.018277183145543028,0.015764537333333342,,341.56
24.788,0.008728859923994947,-0.01793718314554305,0.015334537333333356,,341.56
24.792,0.009068859923994926,-0.01742718314554304,0.01499453733333335,,341.56
24.796,0.009588859923994946,-0.016737183145543042,0.014654537333333342,,341.56
24.8,0.01026885992399496,-0.016147183145543035,0.014224537333333356,,341.56
24.804,0.010698859923994946,-0.015547183145543046,0.013714537333333346,,341.56
24.808,0.011208859923994957,-0.015117183145543032,0.013194537333333325,,341.56
24.812,0.011628859923994933,-0.014517183145543042,0.012604537333333346,,341.56
24.816,0.012058859923994919,-0.013757183145543032,0.012084537333333326,,341.56
24.82,0.01248885992399496,-0.012987183145543039,0.011574537333333315,,341.56
24.824,0.012828859923994912,-0.01212718314554304,0.01106453733333336,,341.56
24.828,0.013168859923994919,-0.011107183145543046,0.010804537333333322,,341.56
24.832,0.01359885992399496,-0.010507183145543029,0.010384537333333346,,341.56
24.836,0.014028859923994946,-0.009827183145543043,0.009694537333333322,,341.56
24.84,0.014448859923994922,-0.009227183145543025,0.009094537333333333,,341.56
24.844,0.014878859923994908,-0.008377183145543036,0.008414537333333347,,341.56
24.848,0.015218859923994915,-0.007607183145543042,0.007644537333333327,,341.56
24.852,0.015558859923994922,-0.006917183145543046,0.0070545373333333475,,341.56
24.856,0.015818859923994958,-0.005727183145543049,0.006284537333333327,,341.56
24.86,0.016248859923994944,-0.004877183145543032,0.005684537333333337,,341.56
24.864,0.01658885992399495,-0.004187183145543036,0.005084537333333348,,341.56
24.868,0.01658885992399495,-0.0032471831455430393,0.004314537333333327,,341.56
24.872,0.017008859923994927,-0.0025671831455430253,0.0034645373333333377,,341.56
24.876,0.017438859923994913,-0.002227183145543046,0.0026945373333333448,,341.56
24.88,0.01769885992399495,-0.0014571831455430255,0.002014537333333331,,341.56
24.884,0.01777885992399492,-0.00043718314554303244,0.0014945373333333381,,341.56
24.888,0.018038859923994958,0.0003328168544569605,0.0009845373333333277,,341.56
24.892,0.018208859923994906,0.0004228168544569672,0.00021453733333333478,,341.56
24.896,0.018468859923994944,0.0003328168544569605,-0.00046546266666667915,,341.56
24.9,0.018548859923994913,0.0005928168544569707,-0.0010654626666666686,,341.56
24.904,0.018638859923994947,0.0008528168544569532,-0.0018354626666666615,,341.56
24.908,0.01888885992399492,0.0011028168544569535,-0.002595462666666672,,341.56
24.912,0.018978859923994954,0.0017028168544569707,-0.0031954626666666616,,341.56
24.916,0.01888885992399492,0.00230281685445696,-0.0038754626666666755,,341.56
24.92,0.018978859923994954,0.0029028168544569773,-0.004645462666666668,,341.56
24.924,0.018978859923994954,0.00341281685445696,-0.005335462666666665,,341.56
24.928,0.018978859923994954,0.00392281685445697,-0.006525462666666661,,341.56
24.932,0.01888885992399492,0.00452281685445696,-0.007805462666666665,,341.56
24.936,0.01888885992399492,0.00503281685445697,-0.008745462666666662,,341.56
24.94,0.01888885992399492,0.005462816854456956,-0.009605462666666661,,341.56
24.944,0.018978859923994954,0.00588281685445696,-0.010455462666666679,,341.56
24.948,0.01888885992399492,0.006482816854456977,-0.011135462666666665,,341.56
24.952,0.01888885992399492,0.00699281685445696,-0.011735462666666654,,341.56
24.956,0.018718859923994916,0.0075128168544569525,-0.012505462666666675,,341.56
24.96,0.018468859923994944,0.007932816854456955,-0.013275462666666668,,341.56
24.964,0.01837885992399491,0.008362816854456969,-0.013955462666666654,,341.56
24.968,0.01837885992399491,0.008792816854456983,-0.014555462666666671,,341.56
24.972,0.017868859923994954,0.009212816854456959,-0.015325462666666664,,341.56
24.976,0.01777885992399492,0.009562816854456976,-0.016095462666666657,,341.56
24.98,0.01769885992399495,0.009902816854456983,-0.016685462666666664,,341.56
24.984,0.017358859923994944,0.010322816854456959,-0.017285462666666654,,341.56
24.988,0.016928859923994958,0.010842816854456979,-0.017795462666666664,,341.56
24.992,0.016498859923994916,0.011262816854456955,-0.018225462666666678,,341.56
24.996,0.01615885992399491,0.011692816854456941,-0.01873546266666666,,341.56
25.0,0.015818859923994958,0.012202816854456951,-0.019335462666666678,,341.56
25.004,0.015388859923994918,0.012712816854456962,-0.019675462666666657,,341.56
25.008,0.014878859923994908,0.012892816854456975,-0.019935462666666667,,341.56
25.012,0.014448859923994922,0.013232816854456982,-0.020275462666666674,,341.56
25.016,0.014028859923994946,0.01357281685445699,-0.020615462666666654,,341.56
25.02,0.013508859923994926,0.014082816854456944,-0.02095546266666666,,341.56
25.024,0.012828859923994912,0.014512816854456986,-0.021125462666666664,,341.56
25.028,0.012148859923994953,0.014942816854456972,-0.021385462666666674,,341.56
25.032,0.011548859923994908,0.015362816854456948,-0.021385462666666674,,341.56
25.036,0.011038859923994953,0.015622816854456986,-0.02146546266666667,,341.56
25.04,0.011038859923994953,0.015622816854456986,-0.02181546266666666,,341.56
25.044,0.010948859923994919,0.015702816854456954,-0.022155462666666667,,341.56
25.048,0.009928859923994953,0.01613281685445694,-0.022155462666666667,,341.56
25.052,0.008898859923994923,0.016472816854456947,-0.021985462666666664,,341.56
25.056,0.00838885992399494,0.01664281685445695,-0.021985462666666664,,341.56
25.06,0.00812885992399493,0.016812816854456954,-0.02181546266666666,,341.56
25.064,0.00787885992399493,0.016982816854456958,-0.02146546266666667,,341.56
25.068,0.007368859923994947,0.01724281685445694,-0.021295462666666667,,341.56
25.072,0.006258859923994947,0.017332816854456975,-0.02121546266666667,,341.56
25.076,0.0046288599239949265,0.017412816854456944,-0.020875462666666664,,341.56
25.08,0.0031788599239949192,0.017672816854456982,-0.020615462666666654,,341.56
25.084,0.002158859923994926,0.01775281685445695,-0.020275462666666674,,341.56
25.088,0.0012188599239949297,0.01775281685445695,-0.019935462666666667,,341.56
25.092,0.00018885992399492657,0.017672816854456982,-0.019505462666666654,,341.56
25.096,-0.0006611400760050631,0.017582816854456947,-0.019165462666666674,,341.56
25.1,-0.0015211400760050627,0.017582816854456947,-0.018905462666666664,,341.56
25.104,-0.0022811400760050734,0.017842816854456985,-0.018565462666666657,,341.56
25.108,-0.002801140076005066,0.01775281685445695,-0.018225462666666678,,341.56
25.112,-0.0033111400760050765,0.017672816854456982,-0.01788546266666667,,341.56
25.116,-0.0039111400760050655,0.01775281685445695,-0.017455462666666657,,341.56
25.12,-0.004501140076005073,0.017672816854456982,-0.016945462666666675,,341.56
25.124,-0.005101140076005062,0.017582816854456947,-0.01651546266666666,,341.56
25.128,-0.005701140076005079,0.017412816854456944,-0.016175462666666654,,341.56
25.132,-0.006301140076005069,0.017332816854456975,-0.015745462666666668,,341.56
25.136,-0.006891140076005076,0.016982816854456958,-0.015325462666666664,,341.56
25.14,-0.007491140076005065,0.016732816854456985,-0.014805462666666672,,341.56
25.144,-0.008351140076005065,0.016472816854456947,-0.014125462666666658,,341.56
25.148,-0.009631140076005068,0.01639281685445698,-0.013445462666666672,,341.56
25.152,-0.011341140076005058,0.016302816854456944,-0.012935462666666661,,341.56
25.156,-0.012871140076005061,0.01639281685445698,-0.012505462666666675,,341.56
25.16,-0.014241140076005071,0.01605281685445697,-0.011905462666666658,,341.56
25.164,-0.015351140076005071,0.01579281685445699,-0.011305462666666669,,341.56
25.168,-0.01629114007600507,0.015622816854456986,-0.010885462666666665,,341.56
25.172,-0.017231140076005066,0.015192816854456944,-0.010285462666666675,,341.56
25.176,-0.01791114007600508,0.014852816854456937,-0.009345462666666679,,341.56
25.18,-0.018681140076005073,0.014762816854456958,-0.008745462666666662,,341.56
25.184,-0.019191140076005055,0.014512816854456986,-0.008065462666666676,,341.56
25.188,-0.01962114007600507,0.014002816854456975,-0.007555462666666664,,341.56
25.192,-0.02022114007600506,0.01357281685445699,-0.006955462666666675,,341.56
25.196,-0.020641140076005062,0.013312816854456951,-0.006355462666666658,,341.56
25.2,-0.021151140076005073,0.01280281685445694,-0.005755462666666668,,341.56
25.204,-0.021501140076005062,0.012372816854456955,-0.005165462666666661,,341.56
25.208,-0.02158114007600506,0.012032816854456948,-0.004565462666666672,,341.56
25.212,-0.021921140076005066,0.011692816854456941,-0.0039654626666666545,,341.56
25.216,-0.022181140076005076,0.011182816854456986,-0.003365462666666665,,341.56
25.22,-0.022441140076005058,0.010412816854456938,-0.0027654626666666756,,341.56
25.224,-0.022441140076005058,0.009642816854456945,-0.0021754626666666685,,341.56
25.228,-0.02235114007600508,0.009302816854456938,-0.001575462666666679,,341.56
25.232,-0.02235114007600508,0.00913281685445699,-0.0009754626666666618,,341.56
25.236,-0.022521140076005055,0.009042816854456955,-0.00020546266666666892,,341.56
25.24,-0.02261114007600506,0.008622816854456952,0.00038453733333333826,,341.56
25.244,-0.02235114007600508,0.008022816854456962,0.0006445373333333207,,341.56
25.248,-0.02235114007600508,0.0074228168544569735,0.0010745373333333344,,341.56
25.252,-0.022441140076005058,0.006572816854456956,0.0017545373333333206,,341.56
25.256,-0.02235114007600508,0.005802816854456963,0.002264537333333331,,341.56
25.26,-0.02209114007600507,0.00503281685445697,0.0027845373333333237,,341.56
25.264,-0.021921140076005066,0.004262816854456977,0.0031245373333333307,,341.56
25.268,-0.021671140076005065,0.00366281685445696,0.003634537333333341,,341.56
25.272,-0.02158114007600506,0.0033228168544569532,0.004234537333333331,,341.56
25.276,-0.02124114007600508,0.0024728168544569636,0.004744537333333341,,341.56
25.28,-0.020901140076005072,0.0015328168544569672,0.005174537333333327,,341.56
25.284,-0.020641140076005062,0.0008528168544569532,0.005514537333333334,,341.56
25.288,-0.020301140076005055,-8.718314554304323e-05,0.005944537333333348,,341.56
25.292,-0.019961140076005076,-0.0010271831455430395,0.006534537333333327,,341.56
25.296,-0.019531140076005062,-0.0018871831455430392,0.007224537333333323,,341.56
25.3,-0.018931140076005073,-0.0028271831455430356,0.007644537333333327,,341.56
25.304,-0.018341140076005066,-0.004017183145543032,0.007984537333333333,,341.56
25.308,-0.01791114007600508,-0.005127183145543032,0.008414537333333347,,341.56
25.312,-0.017571140076005073,-0.006237183145543032,0.00892453733333333,,341.56
25.316,-0.01714114007600506,-0.006667183145543046,0.009524537333333319,,341.56
25.32,-0.01654114007600507,-0.006747183145543042,0.01003453733333333,,341.56
25.324,-0.015951140076005062,-0.006917183145543046,0.01055453733333335,,341.56
25.328,-0.015431140076005068,-0.007347183145543032,0.010974537333333326,,341.56
25.332,-0.014921140076005058,-0.008457183145543033,0.011314537333333333,,341.56
25.336,-0.014321140076005068,-0.009317183145543032,0.011834537333333353,,341.56
25.34,-0.013811140076005058,-0.01016718314554305,0.012424537333333333,,341.56
25.344,-0.013381140076005072,-0.011107183145543046,0.012944537333333353,,341.56
25.348,-0.012961140076005068,-0.012217183145543046,0.013364537333333329,,341.56
25.352,-0.012271140076005072,-0.013327183145543046,0.013714537333333346,,341.56
25.356,-0.011681140076005065,-0.014267183145543042,0.014134537333333322,,341.56
25.36,-0.010991140076005068,-0.015207183145543039,0.014654537333333342,,341.56
25.364,-0.010571140076005065,-0.01597718314554303,0.01499453733333335,,341.56
25.368,-0.010051140076005072,-0.016917183145543028,0.015164537333333353,,341.56
25.372,-0.009371140076005058,-0.017597183145543042,0.015244537333333322,,341.56
25.376,-0.008691140076005072,-0.01819718314554303,0.015414537333333325,,341.56
25.38,-0.007831140076005072,-0.01870718314554304,0.015674537333333308,,341.56
25.384,-0.007241140076005065,-0.01904718314554305,0.01584453733333331,,341.56
25.388,-0.0063811400760050655,-0.01955718314554303,0.016184537333333318,,341.56
25.392,-0.005611140076005073,-0.020327183145543024,0.016524537333333325,,341.56
25.396,-0.005191140076005069,-0.02066718314554303,0.01661453733333336,,341.56
25.4,-0.004931140076005059,-0.020837183145543035,0.016784537333333308,,341.56
25.404,-0.004421140076005076,-0.02117718314554304,0.01721453733333335,,341.56
25.408,-0.004081140076005069,-0.021607183145543028,0.017294537333333318,,341.56
25.412,-0.0037411400760050625,-0.021947183145543035,0.01746453733333332,,341.56
25.416,-0.0030511400760050663,-0.022117183145543038,0.01772453733333336,,341.56
25.42,-0.0022811400760050734,-0.022297183145543024,0.017894537333333307,,341.56
25.424,-0.0016011400760050595,-0.022547183145543024,0.017984537333333342,,341.56
25.428,-0.0010911400760050768,-0.022807183145543034,0.017894537333333307,,341.56
25.432,-0.0006611400760050631,-0.02288718314554303,0.017894537333333307,,341.56
25.436,-0.00023114007600507714,-0.02314718314554304,0.017894537333333307,,341.56
25.44,0.00035885992399493005,-0.023227183145543038,0.017894537333333307,,341.56
25.444,0.0008788599239949227,-0.023317183145543045,0.017894537333333307,,341.56
25.448,0.0013888599239949332,-0.023227183145543038,0.017894537333333307,,341.56
25.452,0.0017288599239949401,-0.02314718314554304,0.01772453733333336,,341.56
25.456,0.002238859923994923,-0.022807183145543034,0.01746453733333332,,341.56
25.46,0.00283885992399494,-0.022377183145543048,0.01746453733333332,,341.56
25.464,0.0033488599239949227,-0.022117183145543038,0.017384537333333352,,341.56
25.468,0.003858859923994933,-0.021867183145543038,0.01721453733333335,,341.56
25.472,0.004288859923994947,-0.02152718314554303,0.017124537333333315,,341.56
25.476,0.00454885992399493,-0.021357183145543027,0.017044537333333346,,341.56
25.48,0.005228859923994944,-0.02117718314554304,0.01695453733333331,,341.56
25.484,0.006078859923994933,-0.020757183145543038,0.01669453733333333,,341.56
25.488,0.006508859923994947,-0.020327183145543024,0.016444537333333356,,341.56
25.492,0.006678859923994923,-0.019987183145543045,0.016184537333333318,,341.56
25.496,0.0071088599239949365,-0.01955718314554303,0.01610453733333335,,341.56
25.5,0.007538859923994922,-0.01904718314554305,0.015764537333333342,,341.56
25.504,0.008048859923994933,-0.01844718314554303,0.015414537333333325,,341.56
25.508,0.008648859923994922,-0.01793718314554305,0.015074537333333318,,341.56
25.512,0.009068859923994926,-0.017507183145543035,0.014904537333333315,,341.56
25.516,0.009498859923994912,-0.01708718314554303,0.014564537333333308,,341.56
25.52,0.010008859923994922,-0.01656718314554304,0.014134537333333322,,341.56
25.524,0.010438859923994908,-0.01597718314554303,0.01388453733333335,,341.56
25.528,0.010778859923994915,-0.015377183145543042,0.013364537333333329,,341.56
25.532,0.011288859923994926,-0.014697183145543028,0.01277453733333335,,341.56
25.536,0.011718859923994912,-0.014177183145543035,0.01217453733333336,,341.56
25.54,0.012318859923994957,-0.013407183145543042,0.01166453733333335,,341.56
25.544,0.012828859923994912,-0.012647183145543032,0.01114453733333333,,341.56
25.548,0.013168859923994919,-0.012047183145543042,0.010634537333333319,,341.56
25.552,0.01359885992399496,-0.011187183145543043,0.010384537333333346,,341.56
25.556,0.014108859923994915,-0.010337183145543025,0.009864537333333326,,341.56
25.56,0.014538859923994956,-0.00965718314554304,0.009354537333333315,,341.56
25.564,0.014878859923994908,-0.008887183145543046,0.009094537333333333,,341.56
25.568,0.015218859923994915,-0.008377183145543036,0.008334537333333322,,341.56
25.572,0.015558859923994922,-0.0077771831455430455,0.0074745373333333235,,341.56
25.576,0.015818859923994958,-0.007177183145543028,0.006874537333333334,,341.56
25.58,0.01615885992399491,-0.006407183145543035,0.005944537333333348,,341.56
25.584,0.016498859923994916,-0.005727183145543049,0.005174537333333327,,341.56
25.588,0.01658885992399495,-0.005047183145543035,0.004404537333333334,,341.56
25.592,0.016838859923994923,-0.004357183145543039,0.004144537333333324,,341.56
25.596,0.017008859923994927,-0.003677183145543025,0.0035445373333333344,,341.56
25.6,0.017358859923994944,-0.002997183145543039,0.0027845373333333237,,341.56
25.604,0.017608859923994916,-0.0020571831455430427,0.002354537333333338,,341.56
25.608,0.017948859923994923,-0.0005171831455430292,0.001924537333333324,,341.56
25.612,0.01837885992399491,0.0007628168544569742,0.0015845373333333449,,341.56
25.616,0.018548859923994913,0.0009328168544569499,0.0014945373333333381,,341.56
25.62,0.018638859923994947,0.0007628168544569742,0.0010745373333333344,,341.56
25.624,0.018638859923994947,0.0011028168544569535,-0.00029546266666667566,,341.56
25.628,0.01888885992399492,0.001612816854456964,-0.0016554626666666758,,341.56
25.632,0.018978859923994954,0.0018728168544569742,-0.002595462666666672,,341.56
25.636,0.018978859923994954,0.002382816854456957,-0.003455462666666672,,341.56
25.64,0.019058859923994923,0.0029028168544569773,-0.0043054626666666615,,341.56
25.644,0.019318859923994906,0.0034928168544569567,-0.004565462666666672,,341.56
25.648,0.019318859923994906,0.004182816854456953,-0.005505462666666668,,341.56
25.652,0.019318859923994906,0.004602816854456957,-0.006955462666666675,,341.56
25.656,0.019318859923994906,0.00503281685445697,-0.008495462666666662,,341.56
25.66,0.019228859923994927,0.00563281685445696,-0.009515462666666655,,341.56
25.664,0.018978859923994954,0.006232816854456977,-0.010365462666666672,,341.56
25.668,0.018978859923994954,0.006572816854456956,-0.010795462666666658,,341.56
25.672,0.018978859923994954,0.007082816854456967,-0.011305462666666669,,341.56
25.676,0.01888885992399492,0.0075128168544569525,-0.012075462666666661,,341.56
25.68,0.018718859923994916,0.007932816854456955,-0.012935462666666661,,341.56
25.684,0.018718859923994916,0.008362816854456969,-0.013695462666666672,,341.56
25.688,0.018638859923994947,0.008792816854456983,-0.014385462666666668,,341.56
25.692,0.018548859923994913,0.009212816854456959,-0.014985462666666657,,341.56
25.696,0.018118859923994927,0.009472816854456941,-0.015835462666666675,,341.56
25.7,0.01777885992399492,0.009982816854456952,-0.01651546266666666,,341.56
25.704,0.01769885992399495,0.010412816854456938,-0.01702546266666667,,341.56
25.708,0.01726885992399491,0.010842816854456979,-0.017795462666666664,,341.56
25.712,0.016838859923994923,0.011262816854456955,-0.018565462666666657,,341.56
25.716,0.016498859923994916,0.011522816854456937,-0.019165462666666674,,341.56
25.72,0.01615885992399491,0.011952816854456979,-0.019765462666666664,,341.56
25.724,0.015818859923994958,0.012372816854456955,-0.020185462666666668,,341.56
25.728,0.015388859923994918,0.01280281685445694,-0.020535462666666657,,341.56
25.732,0.014878859923994908,0.013232816854456982,-0.020875462666666664,,341.56
25.736,0.014278859923994918,0.013652816854456958,-0.021125462666666664,,341.56
25.74,0.013678859923994929,0.014082816854456944,-0.02146546266666667,,341.56
25.744,0.013168859923994919,0.014512816854456986,-0.021725462666666653,,341.56
25.748,0.01248885992399496,0.014682816854456989,-0.021985462666666664,,341.56
25.752,0.011718859923994912,0.014942816854456972,-0.022235462666666664,,341.56
25.756,0.011208859923994957,0.015192816854456944,-0.02232546266666667,,341.56
25.76,0.01086885992399495,0.015452816854456982,-0.022585462666666653,,341.56
25.764,0.010948859923994919,0.015702816854456954,-0.022755462666666657,,341.56
25.768,0.011038859923994953,0.015872816854456958,-0.023005462666666657,,341.56
25.772,0.009498859923994912,0.016222816854456975,-0.023095462666666663,,341.56
25.776,0.00838885992399494,0.01639281685445698,-0.02292546266666666,,341.56
25.78,0.007538859923994922,0.016562816854456982,-0.022585462666666653,,341.56
25.784,0.006678859923994923,0.016812816854456954,-0.022755462666666657,,341.56
25.788,0.006078859923994933,0.01690281685445699,-0.022665462666666678,,341.56
25.792,0.005568859923994923,0.016982816854456958,-0.022235462666666664,,341.56
25.796,0.00454885992399493,0.01724281685445694,-0.02181546266666666,,341.56
25.8,0.003518859923994926,0.017332816854456975,-0.021555462666666678,,341.56
25.804,0.002498859923994933,0.017412816854456944,-0.021385462666666674,,341.56
25.808,0.0012188599239949297,0.017412816854456944,-0.021045462666666667,,341.56
25.812,0.00018885992399492657,0.017672816854456982,-0.020615462666666654,,341.56
25.816,-0.0006611400760050631,0.01775281685445695,-0.020275462666666674,,341.56
25.82,-0.0016011400760050595,0.01775281685445695,-0.01984546266666666,,341.56
25.824,-0.0027111400760050594,0.01775281685445695,-0.019425462666666657,,341.56
25.828,-0.0035611400760050768,0.017672816854456982,-0.019075462666666668,,341.56
25.832,,,-0.01873546266666666,,341.56
25.836,-0.0035611400760050768,0.017582816854456947,-0.018225462666666678,,341.56
25.84,-0.0029711400760050696,0.01775281685445695,-0.017795462666666664,,341.56
25.844,-0.0033111400760050765,0.017672816854456982,-0.01737546266666666,,341.56
25.848,-0.004761140076005055,0.017412816854456944,-0.01702546266666667,,341.56
25.852,-0.0060411400760050585,0.017332816854456975,-0.016435462666666664,,341.56
25.856,-0.005781140076005076,0.017332816854456975,-0.015575462666666665,,341.56
25.86,-0.005871140076005055,0.017072816854456937,-0.014725462666666675,,341.56
25.864,-0.005961140076005062,0.016812816854456954,-0.013695462666666672,,341.56
25.868,-0.005961140076005062,0.016562816854456982,-0.012935462666666661,,341.56
25.872,-0.007151140076005058,0.01639281685445698,-0.012075462666666661,,341.56
25.876,-0.010571140076005065,0.016302816854456944,-0.011055462666666668,,341.56
25.88,-0.012871140076005061,0.016472816854456947,-0.010025462666666665,,341.56
25.884,-0.014071140076005068,0.016222816854456975,-0.009005462666666672,,341.56
25.888,-0.015261140076005065,0.01579281685445699,-0.007975462666666669,,341.56
25.892,-0.01629114007600507,0.015532816854456951,-0.006955462666666675,,341.56
25.896,-0.01714114007600506,0.015192816854456944,-0.005925462666666672,,341.56
25.9,-0.01791114007600508,0.014942816854456972,-0.004905462666666679,,341.56
25.904,-0.018681140076005073,0.014852816854456937,-0.0038754626666666755,,341.56
25.908,-0.019191140076005055,0.014512816854456986,-0.0028554626666666546,,341.56
25.912,-0.019531140076005062,0.014082816854456944,-0.0018354626666666615,,341.56
25.916,-0.01987114007600507,0.013652816854456958,-0.0008054626666666584,,341.56
25.92,-0.020391140076005062,0.013232816854456982,0.00021453733333333478,,341.56
25.924,-0.021071140076005076,0.012892816854456975,0.001244537333333338,,341.56
25.928,-0.02158114007600506,0.012372816854456955,0.002264537333333331,,341.56
25.932,-0.02184114007600507,0.011862816854456944,0.003294537333333334,,341.56
25.936,-0.02209114007600507,0.011522816854456937,0.004314537333333327,,341.56
25.94,-0.02235114007600508,0.010842816854456979,0.0053445373333333305,,341.56
25.944,-0.02235114007600508,0.010322816854456959,0.006364537333333324,,341.56
25.948,-0.022521140076005055,0.009812816854456948,0.007394537333333327,,341.56
25.952,-0.022781140076005065,0.009302816854456938,0.008414537333333347,,341.56
25.956,-0.022781140076005065,0.009302816854456938,0.00944453733333335,,341.56
25.96,-0.022781140076005065,0.009302816854456938,0.00781453733333333,,341.56
25.964,-0.022781140076005065,0.008702816854456976,0.003034537333333324,,341.56
25.968,-0.022781140076005065,0.007932816854456955,0.0020945373333333276,,341.56
25.972,-0.02269114007600506,0.0074228168544569735,0.002264537333333331,,341.56
25.976,-0.02269114007600506,0.006652816854456953,0.0025245373333333413,,341.56
25.98,-0.022441140076005058,0.005202816854456974,0.0031245373333333307,,341.56
25.984,-0.02209114007600507,0.004262816854456977,0.0035445373333333344,,341.56
25.988,-0.021921140076005066,0.0033228168544569532,0.004144537333333324,,341.56
25.992,-0.021671140076005065,0.002382816854456957,0.004654537333333334,,341.56
25.996,-0.021411140076005055,0.001272816854456957,0.005174537333333327,,341.56
26.0,-0.021071140076005076,8.281685445696025e-05,0.005594537333333331,,341.56
26.004,-0.02073114007600507,-0.0010271831455430395,0.006024537333333344,,341.56
26.008,-0.020301140076005055,-0.0014571831455430255,0.006364537333333324,,341.56
26.012,-0.020041140076005073,-0.0010271831455430395,0.006794537333333337,,341.56
26.016,-0.019531140076005062,-0.0017171831455430357,0.007304537333333348,,341.56
26.02,-0.01911114007600506,-0.0028271831455430356,0.007734537333333334,,341.56
26.024,-0.018681140076005073,-0.0038471831455430287,0.007984537333333333,,341.56
26.028,-0.01825114007600506,-0.004787183145543025,0.008414537333333347,,341.56
26.032,-0.017821140076005073,-0.005897183145543025,0.00884453733333336,,341.56
26.036,-0.017231140076005066,-0.006667183145543046,0.009274537333333346,,341.56
26.04,-0.016711140076005073,-0.007007183145543025,0.009614537333333353,,341.56
26.044,-0.016201140076005063,-0.006747183145543042,0.01003453733333333,,341.56
26.048,-0.01569114007600508,-0.007177183145543028,0.010464537333333315,,341.56
26.052,-0.015091140076005061,-0.008887183145543046,0.010804537333333322,,341.56
26.056,-0.014581140076005078,-0.010077183145543043,0.011314537333333333,,341.56
26.06,-0.014071140076005068,-0.010937183145543043,0.012004537333333357,,341.56
26.064,-0.013471140076005078,-0.011787183145543032,0.012514537333333312,,341.56
26.068,-0.013041140076005065,-0.012557183145543025,0.012944537333333353,,341.56
26.072,-0.012451140076005058,-0.013327183145543046,0.01328453733333336,,341.56
26.076,-0.011851140076005068,-0.014267183145543042,0.013364537333333329,,341.56
26.08,-0.011251140076005079,-0.015117183145543032,0.013794537333333315,,341.56
26.084,-0.010651140076005062,-0.015887183145543025,0.014224537333333356,,341.56
26.088,-0.010141140076005079,-0.01656718314554304,0.014474537333333329,,341.56
26.092,-0.009541140076005062,-0.017167183145543028,0.014904537333333315,,341.56
26.096,-0.008771140076005069,-0.017767183145543045,0.015074537333333318,,341.56
26.1,-0.007921140076005079,-0.018277183145543028,0.015074537333333318,,341.56
26.104,-0.007241140076005065,-0.01878718314554304,0.015414537333333325,,341.56
26.108,-0.0067211400760050725,-0.019387183145543028,0.015674537333333308,,341.56
26.112,-0.005961140076005062,-0.01989718314554304,0.01584453733333331,,341.56
26.116,-0.005191140076005069,-0.020327183145543024,0.01610453733333335,,341.56
26.12,-0.004761140076005055,-0.020757183145543038,0.016444537333333356,,341.56
26.124,-0.004421140076005076,-0.021097183145543045,0.016874537333333342,,341.56
26.128,-0.003991140076005062,-0.021437183145543024,0.01695453733333331,,341.56
26.132,-0.00348114007600508,-0.021697183145543034,0.017124537333333315,,341.56
26.136,-0.002881140076005063,-0.021947183145543035,0.017384537333333352,,341.56
26.14,-0.00237114007600508,-0.02203718314554304,0.01746453733333332,,341.56
26.144,-0.0018611400760050697,-0.022297183145543024,0.017384537333333352,,341.56
26.148,-0.0011711400760050735,-0.022297183145543024,0.017554537333333356,,341.56
26.152,-0.0006611400760050631,-0.022467183145543027,0.01772453733333336,,341.56
26.156,-0.0001511400760050804,-0.022717183145543027,0.017554537333333356,,341.56
26.16,0.00035885992399493005,-0.022807183145543034,0.01746453733333332,,341.56
26.164,0.0009588599239949195,-0.022807183145543034,0.01746453733333332,,341.56
26.168,0.0012988599239949264,-0.022807183145543034,0.01746453733333332,,341.56
26.172,0.0018088599239949369,-0.022807183145543034,0.01746453733333332,,341.56
26.176,0.0023288599239949296,-0.022807183145543034,0.01746453733333332,,341.56
26.18,0.0029288599239949468,-0.02263718314554303,0.017384537333333352,,341.56
26.184,0.0033488599239949227,-0.022207183145543045,0.017384537333333352,,341.56
26.188,0.003858859923994933,-0.021947183145543035,0.017384537333333352,,341.56
26.192,0.004288859923994947,-0.021607183145543028,0.017124537333333315,,341.56
26.196,0.0046288599239949265,-0.02126718314554305,0.01695453733333331,,341.56
26.2,0.005228859923994944,-0.021097183145543045,0.016784537333333308,,341.56
26.204,0.006078859923994933,-0.020757183145543038,0.016874537333333342,,341.56
26.208,0.006678859923994923,-0.020327183145543024,0.01669453733333333,,341.56
26.212,0.0071088599239949365,-0.019987183145543045,0.016524537333333325,,341.56
26.216,0.00727885992399494,-0.01955718314554303,0.016184537333333318,,341.56
26.22,0.007538859923994922,-0.019137183145543028,0.015934537333333346,,341.56
26.224,0.008048859923994933,-0.01870718314554304,0.015674537333333308,,341.56
26.228,0.008648859923994922,-0.01819718314554303,0.015334537333333356,,341.56
26.232,0.00915885992399496,-0.017597183145543042,0.01499453733333335,,341.56
26.236,0.009588859923994946,-0.01708718314554303,0.014564537333333308,,341.56
26.24,0.009928859923994953,-0.016657183145543045,0.014224537333333356,,341.56
26.244,0.01034885992399493,-0.016057183145543028,0.014134537333333322,,341.56
26.248,0.010948859923994919,-0.015547183145543046,0.013714537333333346,,341.56
26.252,0.011548859923994908,-0.014947183145543028,0.013194537333333325,,341.56
26.256,0.01197885992399495,-0.014267183145543042,0.012514537333333312,,341.56
26.26,0.012398859923994926,-0.013587183145543028,0.011834537333333353,,341.56
26.264,0.012918859923994946,-0.012557183145543025,0.011494537333333346,,341.56
26.268,0.013338859923994922,-0.011877183145543039,0.011314537333333333,,341.56
26.272,0.01359885992399496,-0.01127718314554305,0.010894537333333357,,341.56
26.276,0.014028859923994946,-0.010677183145543032,0.010294537333333312,,341.56
26.28,0.014448859923994922,-0.009997183145543046,0.009864537333333326,,341.56
26.284,0.014878859923994908,-0.008887183145543046,0.009274537333333346,,341.56
26.288,0.01530885992399495,-0.008117183145543026,0.008674537333333357,,341.56
26.292,0.015728859923994924,-0.007607183145543042,0.00807453733333334,,341.56
26.296,0.015988859923994906,-0.006747183145543042,0.007644537333333327,,341.56
26.3,0.01615885992399491,-0.005807183145543046,0.006874537333333334,,341.56
26.304,0.016418859923994947,-0.005217183145543039,0.005944537333333348,,341.56
26.308,0.01666885992399492,-0.004357183145543039,0.005424537333333327,,341.56
26.312,0.017008859923994927,-0.0035071831455430495,0.005084537333333348,,341.56
26.316,0.01726885992399491,-0.002657183145543032,0.004404537333333334,,341.56
26.32,0.017438859923994913,-0.0017971831455430324,0.004404537333333334,,341.56
26.324,0.017948859923994923,-0.0010271831455430395,0.005424537333333327,,341.56
26.328,0.018468859923994944,-0.0006071831455430359,0.006024537333333344,,341.56
26.332,0.018638859923994947,0.000162816854456957,0.0067045373333333306,,341.56
26.336,0.01880885992399495,0.0006728168544569674,0.00756453733333333,,341.56
26.34,0.018718859923994916,0.0007628168544569742,0.008504537333333353,,341.56
26.344,0.01880885992399495,0.0013628168544569637,0.00944453733333335,,341.56
26.348,0.01888885992399492,0.001612816854456964,0.008754537333333326,,341.56
26.352,0.019058859923994923,0.0018728168544569742,0.003974537333333348,,341.56
26.356,0.019318859923994906,0.00230281685445696,-0.0013154626666666688,,341.56
26.36,0.01940885992399494,0.002642816854456967,-0.003365462666666665,,341.56
26.364,0.01948885992399491,0.0033228168544569532,-0.0037954626666666788,,341.56
26.368,0.01940885992399494,0.0038328168544569637,-0.0037954626666666788,,341.56
26.372,0.01940885992399494,0.004432816854456953,-0.0056754626666666716,,341.56
26.376,0.01940885992399494,0.00503281685445697,-0.007635462666666661,,341.56
26.38,0.01948885992399491,0.005462816854456956,-0.009005462666666672,,341.56
26.384,0.01940885992399494,0.00588281685445696,-0.009945462666666668,0.0007246873333333279,341.56
26.388,0.019148859923994958,0.006312816854456974,-0.010795462666666658,0.0009746873333333281,341.56
26.392,0.019058859923994923,0.00674281685445696,-0.011655462666666658,0.0014846873333333385,341.56
26.396,0.01888885992399492,0.00725281685445697,-0.012335462666666672,0.0019146873333333245,341.56
26.4,0.018638859923994947,0.007852816854456959,-0.012935462666666661,0.002344687333333338,341.56
26.404,0.018468859923994944,0.008192816854456966,-0.013695462666666672,0.002774687333333324,341.56
26.408,0.01829885992399494,0.008622816854456952,-0.014385462666666668,0.003194687333333328,341.56
26.412,0.01837885992399491,0.00913281685445699,-0.01515546266666666,0.003794687333333345,341.56
26.416,0.018118859923994927,0.009562816854456976,-0.016175462666666654,0.004304687333333328,341.56
26.42,0.017868859923994954,0.009982816854456952,-0.016945462666666675,0.004734687333333341,341.56
26.424,0.017608859923994916,0.010412816854456938,-0.017545462666666664,0.005164687333333327,341.56
26.428,0.01726885992399491,0.010842816854456979,-0.01813546266666667,0.005504687333333334,341.56
26.432,0.016928859923994958,0.011262816854456955,-0.018655462666666664,0.005934687333333348,341.56
26.436,0.01658885992399495,0.011522816854456937,-0.019425462666666657,0.0065246873333333275,341.56
26.44,0.016248859923994944,0.011952816854456979,-0.01984546266666666,0.007124687333333345,341.56
26.444,0.015728859923994924,0.012372816854456955,-0.020185462666666668,0.007554687333333331,341.56
26.448,0.01530885992399495,0.01280281685445694,-0.020615462666666654,0.007974687333333334,341.56
26.452,0.014788859923994929,0.013232816854456982,-0.021125462666666664,0.008404687333333348,341.56
26.456,0.014108859923994915,0.013652816854456958,-0.021555462666666678,0.008834687333333362,341.56
26.46,0.01359885992399496,0.014002816854456975,-0.021895462666666657,0.009434687333333351,341.56
26.464,0.013168859923994919,0.014422816854456951,-0.022235462666666664,0.01002468733333333,341.56
26.468,0.01248885992399496,0.014762816854456958,-0.022495462666666674,0.010454687333333317,341.56
26.472,0.011718859923994912,0.014852816854456937,-0.022755462666666657,0.010884687333333358,341.56
26.476,0.011118859923994922,0.014942816854456972,-0.022835462666666653,0.011394687333333313,341.56
26.48,0.010438859923994908,0.015112816854456975,-0.023095462666666663,0.011994687333333358,341.56
26.484,0.010008859923994922,0.015362816854456948,-0.023095462666666663,0.012504687333333313,341.56
26.488,0.009668859923994915,0.015702816854456954,-0.023095462666666663,0.012934687333333354,341.56
26.492,0.009068859923994926,0.015962816854456937,-0.023095462666666663,0.01335468733333333,341.56
26.496,0.007958859923994926,0.016222816854456975,-0.023095462666666663,0.013784687333333316,341.56
26.5,0.007188859923994933,0.016472816854456947,-0.02292546266666666,0.014214687333333358,341.56
26.504,0.006598859923994926,0.016562816854456982,-0.022755462666666657,0.014554687333333309,341.56
26.508,0.005828859923994933,0.016812816854456954,-0.022665462666666678,0.01498468733333335,341.56
26.512,0.0049688599239949335,0.016982816854456958,-0.022405462666666667,0.015494687333333361,341.56
26.516,0.004208859923994923,0.01724281685445694,-0.022235462666666664,0.015924687333333347,341.56
26.52,0.0033488599239949227,0.01724281685445694,-0.021895462666666657,0.016264687333333354,341.56
26.524,0.0023288599239949296,0.01724281685445694,-0.021555462666666678,0.01660468733333336,341.56
26.528,0.0013888599239949332,0.01724281685445694,-0.02121546266666667,0.016864687333333343,341.56
26.532,0.0004488599239949368,0.01724281685445694,-0.020875462666666664,0.017034687333333347,341.56
26.536,-0.0003211400760050561,0.017332816854456975,-0.020275462666666674,0.017114687333333316,341.56
26.54,-0.0012611400760050803,0.017412816854456944,-0.01984546266666666,0.017454687333333323,341.56
26.544,-0.0022011400760050767,0.017412816854456944,-0.019505462666666654,0.01779468733333333,341.56
26.548,-0.0027111400760050594,0.017332816854456975,-0.019335462666666678,0.018054687333333312,341.56
26.552,-0.0027111400760050594,0.017332816854456975,-0.01899546266666667,0.01831468733333335,341.56
26.556,-0.002801140076005066,0.017332816854456975,-0.018655462666666664,0.01839468733333332,341.56
26.56,-0.002801140076005066,0.017412816854456944,-0.01813546266666667,0.01839468733333332,341.56
26.564,-0.002801140076005066,0.01724281685445694,-0.017455462666666657,0.018654687333333357,341.56
26.568,-0.002801140076005066,0.016982816854456958,-0.016945462666666675,0.018654687333333357,341.56
26.572,-0.002801140076005066,0.016982816854456958,-0.016435462666666664,0.018564687333333323,341.56
26.576,-0.002801140076005066,0.01690281685445699,-0.015745462666666668,0.018654687333333357,341.56
26.58,-0.002801140076005066,0.01664281685445695,-0.014985462666666657,0.018654687333333357,341.56
26.584,-0.002801140076005066,0.01639281685445698,-0.014385462666666668,0.018654687333333357,341.56
26.588,-0.002801140076005066,0.016302816854456944,-0.013695462666666672,0.018564687333333323,341.56
26.592,-0.005101140076005062,0.01639281685445698,-0.012845462666666654,0.01831468733333335,341.56
26.596,-0.010651140076005062,0.01605281685445697,-0.012075462666666661,0.01831468733333335,341.56
26.6,-0.013041140076005065,0.01579281685445699,-0.011565462666666679,0.018144687333333347,341.56
26.604,-0.014491140076005072,0.015622816854456986,-0.011055462666666668,0.017974687333333343,341.56
26.608,-0.01569114007600508,0.015362816854456948,-0.010545462666666658,0.01771468733333336,341.56
26.612,-0.016711140076005073,0.015192816854456944,-0.009945462666666668,0.017374687333333354,341.56
26.616,-0.01765114007600507,0.014852816854456937,-0.009345462666666679,0.017114687333333316,341.56
26.62,-0.018171140076005062,0.014512816854456986,-0.008745462666666662,0.016944687333333312,341.56
26.624,-0.018681140076005073,0.014172816854456979,-0.008145462666666672,0.01660468733333336,341.56
26.628,-0.019281140076005062,0.01391281685445694,-0.007555462666666664,0.01617468733333332,341.56
26.632,-0.01987114007600507,0.01357281685445699,-0.006955462666666675,0.016004687333333316,341.56
26.636,-0.020391140076005062,0.013232816854456982,-0.006355462666666658,0.015754687333333343,341.56
26.64,-0.020811140076005066,0.012892816854456975,-0.005755462666666668,0.015404687333333326,341.56
26.644,-0.02124114007600508,0.012542816854456958,-0.005165462666666661,0.01506468733333332,341.56
26.648,-0.02158114007600506,0.012032816854456948,-0.004565462666666672,0.014554687333333309,341.56
26.652,-0.02184114007600507,0.01135281685445699,-0.0039654626666666545,0.014124687333333323,341.56
26.656,-0.021921140076005066,0.010842816854456979,-0.003365462666666665,0.013784687333333316,341.56
26.66,-0.02209114007600507,0.010412816854456938,-0.0027654626666666756,0.01335468733333333,341.56
26.664,-0.02235114007600508,0.009982816854456952,-0.0021754626666666685,0.012934687333333354,341.56
26.668,-0.022441140076005058,0.009642816854456945,-0.001575462666666679,0.012594687333333347,341.56
26.672,-0.02235114007600508,0.009382816854456962,4.45373333333313e-05,0.012074687333333327,341.56
26.676,-0.02235114007600508,0.00913281685445699,0.0021845373333333343,0.011394687333333313,341.56
26.68,-0.02235114007600508,0.008532816854456973,0.001244537333333338,0.010884687333333358,341.56
26.684,-0.022441140076005058,0.007932816854456955,0.0011545373333333312,0.010284687333333313,341.56
26.688,-0.022441140076005058,0.0074228168544569735,0.0015845373333333449,0.009684687333333324,341.56
26.692,-0.02235114007600508,0.00699281685445696,0.0020945373333333276,0.009344687333333317,341.56
26.696,-0.022271140076005055,0.006312816854456974,0.002614537333333348,0.008834687333333362,341.56
26.7,-0.022181140076005076,0.005462816854456956,0.0031245373333333307,0.008064687333333341,341.56
26.704,-0.022011140076005072,0.004602816854456957,0.003634537333333341,0.007384687333333327,341.56
26.708,-0.021671140076005065,0.003752816854456967,0.004234537333333331,0.006444687333333331,341.56
26.712,-0.021411140076005055,0.0029028168544569773,0.004654537333333334,0.005674687333333338,341.56
26.716,-0.02124114007600508,0.0022128168544569534,0.005084537333333348,0.005244687333333324,341.56
26.72,-0.021151140076005073,0.001612816854456964,0.005594537333333331,0.004734687333333341,341.56
26.724,-0.02073114007600507,0.0008528168544569532,0.006024537333333344,0.003884687333333324,341.56
26.728,-0.020301140076005055,0.000162816854456957,0.006284537333333327,0.003194687333333328,341.56
26.732,-0.01987114007600507,-0.0005171831455430292,0.006794537333333337,0.0026046873333333484,341.56
26.736,-0.019451140076005066,-0.0014571831455430255,0.007304537333333348,0.0018346873333333277,341.56
26.74,-0.019191140076005055,-0.002307183145543043,0.007734537333333334,0.0010646873333333348,341.56
26.744,-0.01876114007600507,-0.003337183145543046,0.00807453733333334,0.00020468733333333516,341.56
26.748,-0.018341140076005066,-0.004617183145543049,0.008414537333333347,-0.0005553126666666755,341.56
26.752,-0.01791114007600508,-0.005557183145543046,0.00884453733333336,-0.0013253126666666684,341.56
26.756,-0.01740114007600507,-0.006237183145543032,0.009274537333333346,-0.002185312666666668,341.56
26.76,-0.016711140076005073,-0.006157183145543035,0.009694537333333322,-0.0026053126666666718,341.56
26.764,-0.016201140076005063,-0.005987183145543032,0.010124537333333308,-0.0030353126666666577,341.56
26.768,-0.01578114007600506,-0.006917183145543046,0.010464537333333315,-0.003545312666666668,341.56
26.772,-0.015261140076005065,-0.008207183145543032,0.010894537333333357,-0.004145312666666658,341.56
26.776,-0.014671140076005057,-0.009567183145543032,0.011314537333333333,-0.004655312666666668,341.56
26.78,-0.014151140076005065,-0.010507183145543029,0.01166453733333335,-0.005175312666666661,341.56
26.784,-0.013731140076005061,-0.01127718314554305,0.012084537333333326,-0.005765312666666668,341.56
26.788,-0.013131140076005072,-0.012297183145543043,0.012514537333333312,-0.006365312666666657,341.56
26.792,-0.012621140076005061,-0.013237183145543039,0.012854537333333318,-0.007135312666666678,341.56
26.796,-0.012101140076005068,-0.014007183145543032,0.01328453733333336,-0.008245312666666678,341.56
26.8,-0.011511140076005061,-0.015037183145543035,0.013624537333333311,-0.009785312666666664,341.56
26.804,-0.010991140076005068,-0.015887183145543025,0.013714537333333346,-0.010895312666666664,341.56
26.808,-0.010481140076005058,-0.016657183145543045,0.01388453733333335,-0.011915312666666657,341.56
26.812,-0.009881140076005069,-0.01742718314554304,0.014224537333333356,-0.012685312666666677,341.56
26.816,-0.009291140076005061,-0.01819718314554303,0.014564537333333308,-0.013625312666666674,341.56
26.82,-0.008601140076005065,-0.01870718314554304,0.014824537333333346,-0.014395312666666667,341.56
26.824,-0.007921140076005079,-0.01930718314554303,0.01499453733333335,-0.015075312666666653,341.56
26.828,-0.007071140076005062,-0.01989718314554304,0.015244537333333322,-0.01592531266666667,341.56
26.832,-0.0067211400760050725,-0.020327183145543024,0.01550453733333336,-0.01652531266666666,341.56
26.836,-0.006131140076005065,-0.020837183145543035,0.015764537333333342,-0.017215312666666656,341.56
26.84,-0.005531140076005076,-0.02126718314554305,0.015934537333333346,-0.017725312666666666,341.56
26.844,-0.004931140076005059,-0.02152718314554303,0.016184537333333318,-0.018235312666666677,341.56
26.848,-0.004331140076005069,-0.021867183145543038,0.01635453733333332,-0.01874531266666666,341.56
26.852,-0.0036511400760050557,-0.022117183145543038,0.016874537333333342,-0.019435312666666656,341.56
26.856,-0.003141140076005073,-0.022377183145543048,0.01695453733333331,-0.02011531266666667,341.56
26.86,-0.002541140076005056,-0.022467183145543027,0.01695453733333331,-0.020455312666666677,341.56
26.864,-0.0019411400760050664,-0.022717183145543027,0.01695453733333331,-0.02071531266666666,341.56
26.868,-0.001431140076005056,-0.02288718314554303,0.01695453733333331,-0.021135312666666663,341.56
26.872,-0.0008311400760050666,-0.02314718314554304,0.017124537333333315,-0.021565312666666676,341.56
26.876,-0.0003211400760050561,-0.023227183145543038,0.017384537333333352,-0.021735312666666652,341.56
26.88,0.00018885992399492657,-0.023317183145543045,0.01746453733333332,-0.021655312666666655,341.56
26.884,0.0006188599239949403,-0.023227183145543038,0.017384537333333352,-0.021905312666666656,341.56
26.888,0.0012188599239949297,-0.023227183145543038,0.017384537333333352,-0.021995312666666662,341.56
26.892,0.0017288599239949401,-0.023227183145543038,0.01746453733333332,-0.022245312666666663,341.56
26.896,0.002238859923994923,-0.02314718314554304,0.01746453733333332,-0.022245312666666663,341.56
26.9,0.0027488599239949333,-0.02288718314554303,0.017554537333333356,-0.022245312666666663,341.56
26.904,0.0033488599239949227,-0.022807183145543034,0.017634537333333325,-0.022245312666666663,341.56
26.908,0.0037788599239949364,-0.022547183145543024,0.017294537333333318,-0.022165312666666666,341.56
26.912,0.004208859923994923,-0.022297183145543024,0.017124537333333315,-0.021995312666666662,341.56
26.916,0.0046288599239949265,-0.021947183145543035,0.017044537333333346,-0.021905312666666656,341.56
26.92,0.005148859923994947,-0.02152718314554303,0.017044537333333346,-0.02182531266666666,341.56
26.924,0.005738859923994926,-0.02117718314554304,0.017044537333333346,-0.021655312666666655,341.56
26.928,0.006258859923994947,-0.020837183145543035,0.01695453733333331,-0.021395312666666673,341.56
26.932,0.0067688599239949295,-0.020327183145543024,0.01669453733333333,-0.021055312666666666,341.56
26.936,0.00727885992399494,-0.019647183145543038,0.016524537333333325,-0.02071531266666666,341.56
26.94,0.00787885992399493,-0.019217183145543024,0.016184537333333318,-0.020625312666666652,341.56
26.944,0.008298859923994933,-0.01904718314554305,0.015934537333333346,-0.020285312666666673,341.56
26.948,0.008728859923994947,-0.01870718314554304,0.015674537333333308,-0.01985531266666666,341.56
26.952,0.00915885992399496,-0.018107183145543024,0.015334537333333356,-0.01925531266666667,341.56
26.956,0.009668859923994915,-0.017507183145543035,0.01499453733333335,-0.018665312666666663,341.56
26.96,0.010178859923994926,-0.017167183145543028,0.014564537333333308,-0.018065312666666673,341.56
26.964,0.010778859923994915,-0.01656718314554304,0.014224537333333356,-0.017125312666666677,341.56
26.968,0.011208859923994957,-0.015887183145543025,0.014134537333333322,-0.01592531266666667,341.56
26.972,0.011628859923994933,-0.015287183145543035,0.013624537333333311,-0.014905312666666677,341.56
26.976,0.01197885992399495,-0.014607183145543049,0.013024537333333322,-0.013885312666666656,341.56
26.98,0.012398859923994926,-0.013927183145543035,0.012424537333333333,-0.01259531266666667,341.56
26.984,0.012918859923994946,-0.012987183145543039,0.011914537333333322,-0.011315312666666667,341.56
26.988,0.013338859923994922,-0.011957183145543036,0.011744537333333319,-0.010035312666666664,341.56
26.992,0.013678859923994929,-0.011367183145543028,0.011744537333333319,-0.00875531266666666,341.56
26.996,0.014028859923994946,-0.010597183145543036,0.011494537333333346,-0.007475312666666657,341.56
27.0,0.014448859923994922,-0.009827183145543043,0.010724537333333353,-0.006195312666666654,341.56
27.004,0.014878859923994908,-0.008717183145543043,0.010384537333333346,-0.004915312666666678,341.56
27.008,0.01530885992399495,-0.008027183145543047,0.009614537333333353,-0.004405312666666668,341.56
27.012,0.015728859923994924,-0.007347183145543032,0.009014537333333308,-0.005765312666666668,341.56
27.016,0.01607885992399494,-0.006577183145543039,0.008754537333333326,-0.007475312666666657,341.56
27.02,0.016418859923994947,-0.005807183145543046,0.007904537333333336,-0.008075312666666674,341.56
27.024,0.01658885992399495,-0.005047183145543035,0.007224537333333323,-0.008155312666666671,341.56
27.028,0.01666885992399492,-0.004277183145543042,0.006794537333333337,-0.007905312666666671,341.56
27.032,0.016928859923994958,-0.0035071831455430495,0.006364537333333324,-0.007305312666666654,341.56
27.036,0.01718885992399494,-0.002737183145543029,0.006284537333333327,-0.007045312666666671,341.56
27.04,0.017438859923994913,-0.0020571831455430427,0.007134537333333344,-0.006365312666666657,341.56
27.044,0.01777885992399492,-0.0015471831455430322,0.007644537333333327,-0.005855312666666675,341.56
27.048,0.018118859923994927,-0.0011171831455430463,0.008164537333333347,-0.005345312666666664,341.56
27.052,0.01829885992399494,-0.0007771831455430394,0.00884453733333336,-0.004995312666666675,341.56
27.056,0.01829885992399494,-0.00043718314554303244,0.009614537333333353,-0.004575312666666671,341.56
27.06,0.018468859923994944,8.281685445696025e-05,0.010384537333333346,-0.003885312666666675,341.56
27.064,0.018638859923994947,0.000502816854456964,0.01106453733333336,-0.0034653126666666714,341.56
27.068,0.01888885992399492,0.0009328168544569499,0.011744537333333319,-0.0030353126666666577,341.56
27.072,0.018978859923994954,0.0013628168544569637,0.009014537333333308,-0.0023553126666666716,341.56
27.076,0.018978859923994954,0.00204281685445695,0.0010745373333333344,-0.001845312666666661,341.56
27.08,0.018978859923994954,0.002642816854456967,-0.002685462666666679,-0.001495312666666672,341.56
27.084,0.018978859923994954,0.0033228168544569532,-0.004225462666666665,-0.0010753126666666682,341.56
27.088,0.01888885992399492,0.003752816854456967,-0.004905462666666679,-0.0005553126666666755,341.56
27.092,0.018978859923994954,0.004262816854456977,-0.006185462666666654,-0.00021531266666666854,341.56
27.096,0.018978859923994954,0.004862816854456967,-0.007635462666666661,0.0002946873333333419,341.56
27.1,0.018978859923994954,0.005372816854456977,-0.009005462666666672,0.0007246873333333279,341.56
27.104,0.018978859923994954,0.00588281685445696,-0.009945462666666668,0.0009746873333333281,341.56
27.108,0.01888885992399492,0.006312816854456974,-0.010795462666666658,0.0014046873333333418,341.56
27.112,0.018638859923994947,0.006822816854456956,-0.011655462666666658,0.0018346873333333277,341.56
27.116,0.018638859923994947,0.0074228168544569735,-0.012415462666666668,0.002344687333333338,341.56
27.12,0.018638859923994947,0.007852816854456959,-0.013355462666666665,0.002774687333333324,341.56
27.124,0.018548859923994913,0.008272816854456962,-0.014125462666666658,0.0030246873333333243,341.56
27.128,0.01829885992399494,0.008702816854456976,-0.014985462666666657,0.003534687333333335,341.56
27.132,0.018038859923994958,0.009042816854456955,-0.015745462666666668,0.0039646873333333485,341.56
27.136,0.01777885992399492,0.009472816854456941,-0.016435462666666664,0.004304687333333328,341.56
27.14,0.01769885992399495,0.009902816854456983,-0.01702546266666667,0.004824687333333348,341.56
27.144,0.01726885992399491,0.01024281685445699,-0.01788546266666667,0.005414687333333328,341.56
27.148,0.016838859923994923,0.010672816854456976,-0.018565462666666657,0.005934687333333348,341.56
27.152,0.016498859923994916,0.011182816854456986,-0.019075462666666668,0.006444687333333331,341.56
27.156,0.01615885992399491,0.011602816854456962,-0.01959546266666666,0.006864687333333334,341.56
27.16,0.015728859923994924,0.012032816854456948,-0.020185462666666668,0.007124687333333345,341.56
27.164,0.015218859923994915,0.01246281685445699,-0.020615462666666654,0.007634687333333327,341.56
27.168,0.014788859923994929,0.01280281685445694,-0.02095546266666666,0.008064687333333341,341.56
27.172,0.014448859923994922,0.013062816854456979,-0.02146546266666667,0.008574687333333324,341.56
27.176,0.014028859923994946,0.013312816854456951,-0.021895462666666657,0.009174687333333313,341.56
27.18,0.013428859923994957,0.013652816854456958,-0.022235462666666664,0.009684687333333324,341.56
27.184,0.012918859923994946,0.014082816854456944,-0.022495462666666674,0.01011468733333331,341.56
27.188,0.012318859923994957,0.014512816854456986,-0.022755462666666657,0.010454687333333317,341.56
27.192,0.011548859923994908,0.014942816854456972,-0.023005462666666657,0.010794687333333323,341.56
27.196,0.01086885992399495,0.015282816854456979,-0.023095462666666663,0.01122468733333331,341.56
27.2,0.01026885992399496,0.015452816854456982,-0.02317546266666666,0.011654687333333351,341.56
27.204,0.009668859923994915,0.015532816854456951,-0.02343546266666667,0.012164687333333361,341.56
27.208,0.009838859923994919,0.015702816854456954,-0.023515462666666667,0.012934687333333354,341.56
27.212,0.00975885992399495,0.015962816854456937,-0.023605462666666674,0.01335468733333333,341.56
27.216,0.008478859923994947,0.016222816854456975,-0.023515462666666667,0.013784687333333316,341.56
27.22,0.007538859923994922,0.016472816854456947,-0.023345462666666664,0.014214687333333358,341.56
27.224,0.0067688599239949295,0.01664281685445695,-0.02343546266666667,0.014644687333333344,341.56
27.228,0.006258859923994947,0.01690281685445699,-0.023095462666666663,0.01506468733333332,341.56
27.232,0.005828859923994933,0.016982816854456958,-0.022755462666666657,0.015324687333333357,341.56
27.236,0.00505885992399494,0.01724281685445694,-0.022405462666666667,0.015404687333333326,341.56
27.24,0.004118859923994944,0.01724281685445694,-0.022235462666666664,0.015834687333333312,341.56
27.244,0.0029288599239949468,0.017332816854456975,-0.021985462666666664,0.016264687333333354,341.56
27.248,0.0018088599239949369,0.017412816854456944,-0.02181546266666666,0.016434687333333357,341.56
27.252,0.0009588599239949195,0.017332816854456975,-0.021295462666666667,0.01668468733333333,341.56
27.256,-6.114007600507365e-05,0.017332816854456975,-0.02070546266666666,0.017034687333333347,341.56
27.26,-0.001341140076005077,0.017412816854456944,-0.02035546266666667,0.01728468733333332,341.56
27.264,-0.0022811400760050734,0.017412816854456944,-0.01984546266666666,0.01720468733333335,341.56
27.268,-0.003141140076005073,0.017332816854456975,-0.019425462666666657,0.01728468733333332,341.56
27.272,-0.0038211400760050592,0.017332816854456975,-0.01899546266666667,0.017454687333333323,341.56
27.276,-0.004161140076005066,0.017412816854456944,-0.01848546266666666,0.01771468733333336,341.56
27.28,-0.004081140076005069,0.017412816854456944,-0.01788546266666667,0.01779468733333333,341.56
27.284,-0.003991140076005062,0.017332816854456975,-0.01737546266666666,0.01788468733333331,341.56
27.288,-0.0045911400760050795,0.017332816854456975,-0.016945462666666675,0.018144687333333347,341.56
27.292,-0.006301140076005069,0.017072816854456937,-0.016345462666666657,0.018224687333333316,341.56
27.296,-0.007751140076005076,0.01690281685445699,-0.015745462666666668,0.01831468733333335,341.56
27.3,-0.008521140076005069,0.01664281685445695,-0.014895462666666678,0.01831468733333335,341.56
27.304,-0.009201140076005055,0.01639281685445698,-0.014125462666666658,0.018224687333333316,341.56
27.308,-0.009631140076005068,0.016302816854456944,-0.013445462666666672,0.018224687333333316,341.56
27.312,-0.010051140076005072,0.01639281685445698,-0.012675462666666679,0.018144687333333347,341.56
27.316,-0.011931140076005065,0.01613281685445694,-0.011825462666666661,0.01788468733333331,341.56
27.32,-0.013301140076005075,0.01605281685445697,-0.010115462666666672,0.01788468733333331,341.56
27.324,-0.014321140076005068,0.015702816854456954,-0.008065462666666676,0.01771468733333336,341.56
27.328,-0.015431140076005068,0.015362816854456948,-0.006955462666666675,0.017454687333333323,341.56
27.332,-0.01629114007600507,0.015112816854456975,-0.006275462666666661,0.017374687333333354,341.56
27.336,-0.01714114007600506,0.014762816854456958,-0.005585462666666665,0.016944687333333312,341.56
27.34,-0.017741140076005076,0.014592816854456955,-0.004985462666666675,0.01660468733333336,341.56
27.344,-0.018341140076005066,0.014342816854456982,-0.004225462666666665,0.016514687333333326,341.56
27.348,-0.01902114007600508,0.014002816854456975,-0.0037954626666666788,0.01617468733333332,341.56
27.352,-0.019531140076005062,0.013652816854456958,-0.004645462666666668,0.015834687333333312,341.56
27.356,-0.020041140076005073,0.013312816854456951,-0.005415462666666661,0.015494687333333361,341.56
27.36,-0.020641140076005062,0.01280281685445694,-0.005165462666666661,0.015404687333333326,341.56
27.364,-0.021071140076005076,0.012372816854456955,-0.004565462666666672,0.015324687333333357,341.56
27.368,-0.021411140076005055,0.011862816854456944,-0.0037954626666666788,0.01498468733333335,341.56
27.372,-0.021671140076005065,0.011262816854456955,-0.0029454626666666614,0.014554687333333309,341.56
27.376,-0.022011140076005072,0.010842816854456979,-0.0021754626666666685,0.014124687333333323,341.56
27.38,-0.02235114007600508,0.010412816854456938,-0.0014854626666666723,0.013704687333333347,341.56
27.384,-0.02235114007600508,0.009982816854456952,-0.0008954626666666651,0.013184687333333327,341.56
27.388,-0.022441140076005058,0.009642816854456945,-0.00029546266666667566,0.012594687333333347,341.56
27.392,-0.022521140076005055,0.009302816854456938,4.45373333333313e-05,0.012164687333333361,341.56
27.396,-0.022781140076005065,0.009042816854456955,0.00021453733333333478,0.01173468733333332,341.56
27.4,-0.022781140076005065,0.008622816854456952,0.0006445373333333207,0.01122468733333331,341.56
27.404,-0.022781140076005065,0.008962816854456986,0.0010745373333333344,0.01062468733333332,341.56
27.408,-0.02269114007600506,0.009642816854456945,0.0014945373333333381,0.01011468733333331,341.56
27.412,-0.022521140076005055,0.0075128168544569525,0.001924537333333324,0.00951468733333332,341.56
27.416,-0.022441140076005058,0.006402816854456953,0.002354537333333338,0.00891468733333333,341.56
27.42,-0.02235114007600508,0.005542816854456953,0.0029545373333333272,0.008404687333333348,341.56
27.424,-0.02209114007600507,0.00477281685445696,0.0034645373333333377,0.007894687333333338,341.56
27.428,-0.022011140076005072,0.004092816854456974,0.0038045373333333446,0.007214687333333324,341.56
27.432,-0.02184114007600507,0.00341281685445696,0.004234537333333331,0.006444687333333331,341.56
27.436,-0.021501140076005062,0.0025528168544569603,0.004744537333333341,0.005844687333333341,341.56
27.44,-0.02124114007600508,0.0017028168544569707,0.005174537333333327,0.005164687333333327,341.56
27.444,-0.021151140076005073,0.0011028168544569535,0.005594537333333331,0.004474687333333331,341.56
27.448,-0.020811140076005066,0.0009328168544569499,0.006024537333333344,0.003884687333333324,341.56
27.452,-0.020391140076005062,0.0006728168544569674,0.00645453733333333,0.0030246873333333243,341.56
27.456,-0.01987114007600507,8.281685445696025e-05,0.0070545373333333475,0.0022546873333333314,341.56
27.46,-0.019451140076005066,-0.0013671831455430465,0.00756453733333333,0.0014846873333333385,341.56
27.464,-0.019191140076005055,-0.0031671831455430425,0.007984537333333333,0.0007246873333333279,341.56
27.468,-0.018591140076005066,-0.004527183145543043,0.008334537333333322,-0.00021531266666666854,341.56
27.472,-0.01791114007600508,-0.005557183145543046,0.00884453733333336,-0.0010753126666666682,341.56
27.476,-0.01740114007600507,-0.006237183145543032,0.009274537333333346,-0.001845312666666661,341.56
27.48,-0.017061140076005062,-0.006497183145543042,0.009614537333333353,-0.002525312666666675,341.56
27.484,-0.01654114007600507,-0.006747183145543042,0.01003453733333333,-0.002955312666666661,341.56
27.488,-0.015951140076005062,-0.007177183145543028,0.010464537333333315,-0.003295312666666668,341.56
27.492,-0.015521140076005075,-0.008117183145543026,0.010804537333333322,-0.003635312666666675,341.56
27.496,-0.015011140076005064,-0.009137183145543046,0.011234537333333308,-0.003885312666666675,341.56
27.5,-0.014411140076005075,-0.009997183145543046,0.01166453733333335,-0.004235312666666664,341.56
27.504,-0.013901140076005064,-0.010847183145543036,0.012084537333333326,-0.004575312666666671,341.56
27.508,-0.013381140076005072,-0.011877183145543039,0.012604537333333346,-0.004915312666666678,341.56
27.512,-0.012791140076005065,-0.012987183145543039,0.013024537333333322,-0.0052553126666666575,341.56
27.516,-0.012191140076005075,-0.013927183145543035,0.01328453733333336,-0.0055953126666666644,341.56
27.52,-0.011761140076005061,-0.014947183145543028,0.013364537333333329,-0.006365312666666657,341.56
27.524,-0.011251140076005079,-0.01571718314554305,0.013794537333333315,-0.008325312666666675,341.56
27.528,-0.010571140076005065,-0.016487183145543042,0.014224537333333356,-0.010555312666666657,341.56
27.532,-0.009971140076005075,-0.017257183145543035,0.014654537333333342,-0.012005312666666663,341.56
27.536,-0.009291140076005061,-0.01793718314554305,0.015074537333333318,-0.013115312666666663,341.56
27.54,-0.008771140076005069,-0.018617183145543035,0.015334537333333356,-0.01405531266666666,341.56
27.544,-0.008001140076005076,-0.01904718314554305,0.01550453733333336,-0.014905312666666677,341.56
27.548,-0.007241140076005065,-0.019477183145543035,0.015584537333333329,-0.015845312666666674,341.56
27.552,-0.006551140076005069,-0.019987183145543045,0.015764537333333342,-0.01678531266666667,341.56
27.556,-0.005961140076005062,-0.02041718314554303,0.015934537333333346,-0.017295312666666653,341.56
27.56,-0.005441140076005069,-0.020837183145543035,0.016184537333333318,-0.01789531266666667,341.56
27.564,-0.005101140076005062,-0.02126718314554305,0.016274537333333353,-0.018575312666666656,341.56
27.568,-0.004421140076005076,-0.021607183145543028,0.016444537333333356,-0.01900531266666667,341.56
27.572,-0.0039111400760050655,-0.021947183145543035,0.01669453733333333,-0.019345312666666677,341.56
27.576,-0.00348114007600508,-0.022207183145543045,0.01695453733333331,-0.019775312666666663,341.56
27.58,-0.002881140076005063,-0.022467183145543027,0.017044537333333346,-0.020285312666666673,341.56
27.584,-0.0022811400760050734,-0.022717183145543027,0.01721453733333335,-0.02071531266666666,341.56
27.588,-0.0016011400760050595,-0.022977183145543038,0.017294537333333318,-0.021055312666666666,341.56
27.592,-0.00100114007600507,-0.023227183145543038,0.017384537333333352,-0.021395312666666673,341.56
27.596,-0.0005811400760050663,-0.023227183145543038,0.01746453733333332,-0.021735312666666652,341.56
27.6,1.8859923994923086e-05,-0.023317183145543045,0.01746453733333332,-0.021995312666666662,341.56
27.604,0.0005288599239949335,-0.023487183145543048,0.017384537333333352,-0.022245312666666663,341.56
27.608,0.0008788599239949227,-0.023487183145543048,0.01746453733333332,-0.02233531266666667,341.56
27.612,0.0013888599239949332,-0.023577183145543027,0.01746453733333332,-0.022595312666666652,341.56
27.616,0.0020688599239949194,-0.023577183145543027,0.01746453733333332,-0.022765312666666655,341.56
27.62,0.00257885992399493,-0.023317183145543045,0.017384537333333352,-0.022765312666666655,341.56
27.624,0.0030088599239949435,-0.022807183145543034,0.017384537333333352,-0.022765312666666655,341.56
27.628,0.0034388599239949295,-0.022467183145543027,0.01746453733333332,-0.022595312666666652,341.56
27.632,0.004208859923994923,-0.022297183145543024,0.017384537333333352,-0.02233531266666667,341.56
27.636,0.00479885992399493,-0.021947183145543035,0.017294537333333318,-0.02233531266666667,341.56
27.64,0.00505885992399494,-0.021607183145543028,0.017294537333333318,-0.022245312666666663,341.56
27.644,0.005398859923994947,-0.02117718314554304,0.01721453733333335,-0.021905312666666656,341.56
27.648,0.005998859923994937,-0.02092718314554304,0.01695453733333331,-0.021565312666666676,341.56
27.652,0.006598859923994926,-0.020757183145543038,0.01695453733333331,-0.02147531266666667,341.56
27.656,0.0071088599239949365,-0.02041718314554303,0.01669453733333333,-0.021135312666666663,341.56
27.66,0.007538859923994922,-0.01981718314554304,0.01661453733333336,-0.02071531266666666,341.56
27.664,0.00787885992399493,-0.019217183145543024,0.016184537333333318,-0.020195312666666666,341.56
27.668,0.008298859923994933,-0.01878718314554304,0.01584453733333331,-0.019775312666666663,341.56
27.672,0.008898859923994923,-0.018367183145543035,0.01584453733333331,-0.019515312666666652,341.56
27.676,0.009498859923994912,-0.01793718314554305,0.01550453733333336,-0.019085312666666666,341.56
27.68,0.009928859923994953,-0.01742718314554304,0.015074537333333318,-0.018575312666666656,341.56
27.684,0.01034885992399493,-0.016737183145543042,0.014474537333333329,-0.01763531266666666,341.56
27.688,0.010778859923994915,-0.016147183145543035,0.013794537333333315,-0.016695312666666663,341.56
27.692,0.011208859923994957,-0.015457183145543039,0.01328453733333336,-0.01592531266666667,341.56
27.696,0.011718859923994912,-0.014867183145543032,0.012944537333333353,-0.015075312666666653,341.56
27.7,0.012148859923994953,-0.014097183145543039,0.012684537333333315,-0.014135312666666656,341.56
27.704,0.012568859923994929,-0.013327183145543046,0.012604537333333346,-0.013115312666666663,341.56
27.708,0.013168859923994919,-0.012297183145543043,0.013364537333333329,-0.01208531266666666,341.56
27.712,0.01359885992399496,-0.011537183145543032,0.014134537333333322,-0.011065312666666667,341.56
27.716,0.013938859923994911,-0.010847183145543036,0.01217453733333336,-0.010035312666666664,341.56
27.72,0.01419885992399495,-0.00990718314554304,0.01114453733333333,-0.009185312666666674,341.56
27.724,0.014618859923994925,-0.008627183145543036,0.010384537333333346,-0.008845312666666667,341.56
27.728,0.014968859923994942,-0.007687183145543039,0.009614537333333353,-0.008925312666666664,341.56
27.732,0.01530885992399495,-0.006747183145543042,0.00892453733333333,-0.009095312666666668,341.56
27.736,0.015558859923994922,-0.005807183145543046,0.008414537333333347,-0.00901531266666667,341.56
27.74,0.01607885992399494,-0.004787183145543025,0.007644537333333327,-0.00875531266666666,341.56
27.744,0.016418859923994947,-0.003767183145543032,0.006794537333333337,-0.00850531266666666,341.56
27.748,0.01658885992399495,-0.002737183145543029,0.006284537333333327,-0.008245312666666678,341.56
27.752,0.01666885992399492,-0.0017171831455430357,0.005854537333333341,-0.0077353126666666674,341.56
27.756,0.017008859923994927,-0.0006871831455430327,0.005084537333333348,-0.007305312666666654,341.56
27.76,0.017438859923994913,0.0003328168544569605,0.004404537333333334,-0.006625312666666668,341.56
27.764,0.017608859923994916,0.001272816854456957,0.004064537333333327,-0.006285312666666661,341.56
27.768,0.01777885992399492,0.0011028168544569535,0.003974537333333348,-0.0055953126666666644,341.56
27.772,0.018038859923994958,-8.718314554304323e-05,0.003724537333333348,-0.004995312666666675,341.56
27.776,0.018118859923994927,-0.0002571831455430467,0.0034645373333333377,-0.004405312666666668,341.56
27.78,0.018208859923994906,-8.718314554304323e-05,0.0026945373333333448,-0.004065312666666661,341.56
27.784,0.018468859923994944,0.000502816854456964,0.0009845373333333277,-0.003545312666666668,341.56
27.788,0.018638859923994947,0.0011928168544569602,-0.0009754626666666618,-0.0030353126666666577,341.56
27.792,0.018718859923994916,0.0015328168544569672,-0.002255462666666665,-0.0026053126666666718,341.56
27.796,0.01888885992399492,0.0021328168544569566,-0.003455462666666672,-0.0020153126666666646,341.56
27.8,0.01888885992399492,0.002722816854456964,-0.004645462666666668,-0.0014153126666666752,341.56
27.804,0.018978859923994954,0.0033228168544569532,-0.005755462666666668,-0.0009853126666666615,341.56
27.808,0.01888885992399492,0.003752816854456967,-0.006615462666666668,-0.0005553126666666755,341.56
27.812,0.018978859923994954,0.004262816854456977,-0.007555462666666664,-0.0001353126666666718,341.56
27.816,0.018978859923994954,0.004942816854456964,-0.00823546266666668,0.00012468733333333842,341.56
27.82,0.018978859923994954,0.005462816854456956,-0.008915462666666665,0.0006346873333333211,341.56
27.824,0.018978859923994954,0.00588281685445696,-0.010025462666666665,0.0010646873333333348,341.56
27.828,0.01888885992399492,0.006402816854456953,-0.011305462666666669,0.0014846873333333385,341.56
27.832,0.018638859923994947,0.00699281685445696,-0.012165462666666668,0.0019146873333333245,341.56
27.836,0.018548859923994913,0.0075128168544569525,-0.012505462666666675,0.0022546873333333314,341.56
27.84,0.018468859923994944,0.007852816854456959,-0.013275462666666668,0.002684687333333345,341.56
27.844,0.01837885992399491,0.008272816854456962,-0.014125462666666658,0.003114687333333331,341.56
27.848,0.018468859923994944,0.008792816854456983,-0.014985462666666657,0.003534687333333335,341.56
27.852,0.018118859923994927,0.009212816854456959,-0.01566546266666667,0.0039646873333333485,341.56
27.856,0.01777885992399492,0.009562816854456976,-0.01626546266666666,0.004304687333333328,341.56
27.86,0.01769885992399495,0.009902816854456983,-0.01702546266666667,0.004734687333333341,341.56
27.864,0.017528859923994947,0.010322816854456959,-0.017715462666666668,0.005164687333333327,341.56
27.868,0.017358859923994944,0.010842816854456979,-0.018225462666666678,0.005504687333333334,341.56
27.872,0.016928859923994958,0.011262816854456955,-0.018825462666666667,0.005934687333333348,341.56
27.876,0.016498859923994916,0.011692816854456941,-0.019335462666666678,0.0065246873333333275,341.56
27.88,0.01615885992399491,0.012122816854456982,-0.019935462666666667,0.007214687333333324,341.56
27.884,0.015818859923994958,0.01246281685445699,-0.020615462666666654,0.007724687333333334,341.56
27.888,0.01530885992399495,0.01280281685445694,-0.021045462666666667,0.008064687333333341,341.56
27.892,0.014618859923994925,0.013142816854456948,-0.021385462666666674,0.008404687333333348,341.56
27.896,0.014108859923994915,0.01357281685445699,-0.021645462666666657,0.008834687333333362,341.56
27.9,0.013768859923994908,0.01391281685445694,-0.021985462666666664,0.009434687333333351,341.56
27.904,0.013258859923994953,0.014172816854456979,-0.022235462666666664,0.01002468733333333,341.56
27.908,0.01248885992399496,0.014512816854456986,-0.02232546266666667,0.010374687333333348,341.56
27.912,0.011888859923994915,0.014942816854456972,-0.022585462666666653,0.010794687333333323,341.56
27.916,0.011038859923994953,0.015362816854456948,-0.022755462666666657,0.01122468733333331,341.56
27.92,0.01026885992399496,0.015452816854456982,-0.022755462666666657,0.011824687333333354,341.56
27.924,0.009928859923994953,0.015452816854456982,-0.022665462666666678,0.012414687333333334,341.56
27.928,0.009328859923994908,0.015702816854456954,-0.022755462666666657,0.012934687333333354,341.56
27.932,0.009068859923994926,0.01579281685445699,-0.022755462666666657,0.01335468733333333,341.56
27.936,0.008558859923994943,0.01613281685445694,-0.022755462666666657,0.013784687333333316,341.56
27.94,0.007538859923994922,0.01639281685445698,-0.022585462666666653,0.014214687333333358,341.56
27.944,0.006678859923994923,0.016472816854456947,-0.022495462666666674,0.014554687333333309,341.56
27.948,0.006078859923994933,0.01664281685445695,-0.022495462666666674,0.01498468733333335,341.56
27.952,0.005488859923994926,0.01690281685445699,-0.022155462666666667,0.015404687333333326,341.56
27.956,0.00479885992399493,0.01690281685445699,-0.02206546266666666,0.01566468733333331,341.56
27.96,0.003858859923994933,0.017072816854456937,-0.02146546266666667,0.015834687333333312,341.56
27.964,0.0029288599239949468,0.017332816854456975,-0.021125462666666664,0.01609468733333335,341.56
27.968,0.0018088599239949369,0.017412816854456944,-0.02070546266666666,0.016264687333333354,341.56
27.972,0.0009588599239949195,0.017332816854456975,-0.020185462666666668,0.01660468733333336,341.56
27.976,0.00018885992399492657,0.017332816854456975,-0.019765462666666664,0.016944687333333312,341.56
27.98,-0.0006611400760050631,0.017332816854456975,-0.019425462666666657,0.017114687333333316,341.56
27.984,-0.0016911400760050662,0.017412816854456944,-0.01899546266666667,0.01728468733333332,341.56
27.988,-0.0029711400760050696,0.017332816854456975,-0.018655462666666664,0.017544687333333357,341.56
27.992,-0.0037411400760050625,0.017412816854456944,-0.01848546266666666,0.01779468733333333,341.56
27.996,-0.004081140076005069,0.017412816854456944,-0.01813546266666667,0.01788468733333331,341.56
28.0,-0.0039111400760050655,0.01724281685445694,-0.017545462666666664,0.01788468733333331,341.56
28.004,-0.0038211400760050592,0.016982816854456958,-0.01702546266666667,0.01788468733333331,341.56
28.008,-0.0037411400760050625,0.016982816854456958,-0.016605462666666668,0.01788468733333331,341.56
28.012,-0.0035611400760050768,0.01690281685445699,-0.01600546266666668,0.01788468733333331,341.56
28.016,-0.00348114007600508,0.01664281685445695,-0.015325462666666664,0.01788468733333331,341.56
28.02,-0.0033911400760050733,0.016562816854456982,-0.014635462666666668,0.01788468733333331,341.56
28.024,-0.0033111400760050765,0.016302816854456944,-0.014045462666666661,0.01788468733333331,341.56
28.028,-0.00322114007600507,0.01613281685445694,-0.013355462666666665,0.01788468733333331,341.56
28.032,-0.0042511400760050725,0.015872816854456958,-0.012935462666666661,0.01779468733333333,341.56
28.036,-0.008091140076005055,0.015962816854456937,-0.012415462666666668,0.017544687333333357,341.56
28.04,-0.012101140076005068,0.01579281685445699,-0.011655462666666658,0.01728468733333332,341.56
28.044,-0.013811140076005058,0.015702816854456954,-0.010885462666666665,0.017034687333333347,341.56
28.048,-0.015011140076005064,0.015452816854456982,-0.010285462666666675,0.016944687333333312,341.56
28.052,-0.016201140076005063,0.015192816854456944,-0.009685462666666658,0.01668468733333333,341.56
28.056,-0.01714114007600506,0.014762816854456958,-0.009005462666666672,0.016514687333333326,341.56
28.06,-0.017741140076005076,0.014422816854456951,-0.008065462666666676,0.01617468733333332,341.56
28.064,-0.018341140076005066,0.014172816854456979,-0.007895462666666672,0.015924687333333347,341.56
28.068,-0.01902114007600508,0.014002816854456975,-0.007465462666666658,0.015834687333333312,341.56
28.072,-0.019531140076005062,0.013652816854456958,-0.006865462666666668,0.015754687333333343,341.56
28.076,-0.019961140076005076,0.013312816854456951,-0.006275462666666661,0.015404687333333326,341.56
28.08,-0.020391140076005062,0.01280281685445694,-0.005505462666666668,0.01498468733333335,341.56
28.084,-0.020811140076005066,0.012372816854456955,-0.004815462666666672,0.014644687333333344,341.56
28.088,-0.02133114007600506,0.012032816854456948,-0.004055462666666661,0.014214687333333358,341.56
28.092,-0.02158114007600506,0.011602816854456962,-0.0037954626666666788,0.013704687333333347,341.56
28.096,-0.021921140076005066,0.011182816854456986,-0.0035354626666666686,0.01335468733333333,341.56
28.1,-0.022181140076005076,0.010842816854456979,-0.0031954626666666616,0.013274687333333361,341.56
28.104,-0.02235114007600508,0.010322816854456959,-0.0027654626666666756,0.012934687333333354,341.56
28.108,-0.022441140076005058,0.009642816854456945,-0.0024254626666666687,0.012594687333333347,341.56
28.112,-0.022441140076005058,0.009212816854456959,-0.0020854626666666617,0.012164687333333361,341.56
28.116,-0.02269114007600506,0.009042816854456955,-0.0011454626666666653,0.011564687333333316,341.56
28.12,-0.022781140076005065,0.008702816854456976,0.0003045373333333415,0.010964687333333327,341.56
28.124,-0.022781140076005065,0.008362816854456969,0.0006445373333333207,0.010454687333333317,341.56
28.128,-0.022781140076005065,0.008362816854456969,0.0010745373333333344,0.01002468733333333,341.56
28.132,-0.02269114007600506,0.008532816854456973,0.0015845373333333449,0.009604687333333355,341.56
28.136,-0.022441140076005058,0.007082816854456967,0.0021845373333333343,0.009084687333333334,341.56
28.14,-0.022441140076005058,0.005972816854456967,0.0026945373333333448,0.008494687333333355,341.56
28.144,-0.022271140076005055,0.00503281685445697,0.0031245373333333307,0.008064687333333341,341.56
28.148,-0.022011140076005072,0.004352816854456956,0.003634537333333341,0.007384687333333327,341.56
28.152,-0.021921140076005066,0.0035828168544569635,0.004234537333333331,0.0065246873333333275,341.56
28.156,-0.021671140076005065,0.0025528168544569603,0.004654537333333334,0.005934687333333348,341.56
28.16,-0.021501140076005062,0.00204281685445695,0.005084537333333348,0.005244687333333324,341.56
28.164,-0.021151140076005073,0.0011928168544569602,0.005514537333333334,0.004734687333333341,341.56
28.168,-0.020901140076005072,0.0004228168544569672,0.005854537333333341,0.004224687333333331,341.56
28.172,-0.020641140076005062,-0.00017718314554304997,0.006284537333333327,0.0036246873333333415,341.56
28.176,-0.020301140076005055,-0.0008571831455430361,0.006794537333333337,0.0030246873333333243,341.56
28.18,-0.019961140076005076,-0.0018871831455430392,0.007224537333333323,0.0021746873333333347,341.56
28.184,-0.019451140076005066,-0.0029071831455430323,0.00756453733333333,0.0010646873333333348,341.56
28.188,-0.018851140076005076,-0.0039371831455430354,0.007984537333333333,0.00020468733333333516,341.56
28.192,-0.018341140076005066,-0.004877183145543032,0.008414537333333347,-0.0005553126666666755,341.56
28.196,-0.017821140076005073,-0.0056371831455430425,0.00884453733333336,-0.0013253126666666684,341.56
28.2,-0.01740114007600507,-0.006237183145543032,0.009354537333333315,-0.0020953126666666613,341.56
28.204,-0.017061140076005062,-0.006407183145543035,0.009864537333333326,-0.0026053126666666718,341.56
28.208,-0.016371140076005066,-0.006667183145543046,0.010384537333333346,-0.0031253126666666645,341.56
28.212,-0.015861140076005056,-0.007267183145543035,0.010894537333333357,-0.0037153126666666716,341.56
28.216,-0.015351140076005071,-0.008457183145543033,0.011314537333333333,-0.004315312666666661,341.56
28.22,-0.014581140076005078,-0.009567183145543032,0.01166453733333335,-0.004915312666666678,341.56
28.224,-0.014151140076005065,-0.010597183145543036,0.012084537333333326,-0.005515312666666668,341.56
28.228,-0.013641140076005054,-0.011707183145543035,0.012514537333333312,-0.006105312666666675,341.56
28.232,-0.013041140076005065,-0.012557183145543025,0.012854537333333318,-0.006705312666666664,341.56
28.236,-0.012621140076005061,-0.013407183145543042,0.01328453733333336,-0.007305312666666654,341.56
28.24,-0.012101140076005068,-0.014517183145543042,0.013624537333333311,-0.007905312666666671,341.56
28.244,-0.011421140076005054,-0.015457183145543039,0.013794537333333315,-0.00850531266666666,341.56
28.248,-0.010821140076005065,-0.01622718314554303,0.014134537333333322,-0.009095312666666668,341.56
28.252,-0.010141140076005079,-0.01708718314554303,0.014564537333333308,-0.010205312666666667,341.56
28.256,-0.009631140076005068,-0.017767183145543045,0.014904537333333315,-0.012255312666666664,341.56
28.26,-0.008941140076005072,-0.018277183145543028,0.015244537333333322,-0.01345531266666667,341.56
28.264,-0.008091140076005055,-0.01878718314554304,0.015334537333333356,-0.014225312666666663,341.56
28.268,-0.007321140076005062,-0.019387183145543028,0.015414537333333325,-0.015335312666666663,341.56
28.272,-0.0067211400760050725,-0.01989718314554304,0.015674537333333308,-0.016355312666666656,341.56
28.276,-0.006131140076005065,-0.02041718314554303,0.01584453733333331,-0.016955312666666673,341.56
28.28,-0.005781140076005076,-0.020757183145543038,0.016184537333333318,-0.017725312666666666,341.56
28.284,-0.005271140076005066,-0.021097183145543045,0.016524537333333325,-0.01814531266666667,341.56
28.288,-0.004671140076005076,-0.02152718314554303,0.01661453733333336,-0.018575312666666656,341.56
28.292,-0.003991140076005062,-0.021947183145543035,0.01669453733333333,-0.019175312666666673,341.56
28.296,-0.0036511400760050557,-0.022207183145543045,0.01695453733333331,-0.019775312666666663,341.56
28.3,-0.0030511400760050663,-0.022467183145543027,0.017044537333333346,-0.020195312666666666,341.56
28.304,-0.00237114007600508,-0.022717183145543027,0.01721453733333335,-0.020545312666666656,341.56
28.308,-0.001771140076005063,-0.02288718314554303,0.01746453733333332,-0.02096531266666666,341.56
28.312,-0.0010911400760050768,-0.023227183145543038,0.01746453733333332,-0.021395312666666673,341.56
28.316,-0.0007511400760050698,-0.023407183145543024,0.01746453733333332,-0.021565312666666676,341.56
28.32,-0.0001511400760050804,-0.023407183145543024,0.01746453733333332,-0.02182531266666666,341.56
28.324,0.0005288599239949335,-0.023577183145543027,0.017384537333333352,-0.022165312666666666,341.56
28.328,0.0010488599239949262,-0.023577183145543027,0.017384537333333352,-0.022415312666666666,341.56
28.332,0.0013888599239949332,-0.023577183145543027,0.01746453733333332,-0.022675312666666676,341.56
28.336,0.0018988599239949436,-0.023657183145543024,0.01746453733333332,-0.022765312666666655,341.56
28.34,0.002498859923994933,-0.023577183145543027,0.01746453733333332,-0.022765312666666655,341.56
28.344,0.0030088599239949435,-0.023317183145543045,0.017384537333333352,-0.022675312666666676,341.56
28.348,0.0034388599239949295,-0.022977183145543038,0.017124537333333315,-0.022675312666666676,341.56
28.352,0.00394885992399494,-0.022547183145543024,0.017044537333333346,-0.022765312666666655,341.56
28.356,0.00454885992399493,-0.022467183145543027,0.01695453733333331,-0.022595312666666652,341.56
28.36,0.00505885992399494,-0.022117183145543038,0.01669453733333333,-0.02233531266666667,341.56
28.364,0.005488859923994926,-0.021607183145543028,0.016874537333333342,-0.022165312666666666,341.56
28.368,0.005828859923994933,-0.02126718314554305,0.01669453733333333,-0.021905312666666656,341.56
28.372,0.006258859923994947,-0.021097183145543045,0.01661453733333336,-0.02182531266666666,341.56
28.376,0.006848859923994926,-0.02066718314554303,0.01635453733333332,-0.02147531266666667,341.56
28.38,0.007538859923994922,-0.020067183145543042,0.01610453733333335,-0.021135312666666663,341.56
28.384,0.008048859923994933,-0.01955718314554303,0.015764537333333342,-0.02071531266666666,341.56
28.388,0.00838885992399494,-0.019137183145543028,0.01550453733333336,-0.020285312666666673,341.56
28.392,0.008728859923994947,-0.01878718314554304,0.015244537333333322,-0.01985531266666666,341.56
28.396,0.00915885992399496,-0.018277183145543028,0.014904537333333315,-0.019435312666666656,341.56
28.4,0.00975885992399495,-0.017507183145543035,0.014474537333333329,-0.01900531266666667,341.56
28.404,0.01034885992399493,-0.016917183145543028,0.014134537333333322,-0.018405312666666652,341.56
28.408,0.010778859923994915,-0.01631718314554304,0.013714537333333346,-0.017465312666666656,341.56
28.412,0.011208859923994957,-0.015887183145543025,0.013114537333333356,-0.01652531266666666,341.56
28.416,0.011628859923994933,-0.015287183145543035,0.012604537333333346,-0.015755312666666667,341.56
28.42,0.012058859923994919,-0.014347183145543039,0.01217453733333336,-0.014905312666666677,341.56
28.424,0.01248885992399496,-0.013587183145543028,0.011834537333333353,-0.013965312666666653,341.56
28.428,0.012828859923994912,-0.012817183145543035,0.011574537333333315,-0.01294531266666666,341.56
28.432,0.013258859923994953,-0.011877183145543039,0.01114453733333333,-0.011915312666666657,341.56
28.436,0.013768859923994908,-0.010937183145543043,0.010634537333333319,-0.010895312666666664,341.56
28.44,0.01419885992399495,-0.00990718314554304,0.010384537333333346,-0.00986531266666666,341.56
28.444,0.014538859923994956,-0.009137183145543046,0.009784537333333357,-0.008845312666666667,341.56
28.448,0.014878859923994908,-0.008207183145543032,0.009094537333333333,-0.008075312666666674,341.56
28.452,0.01530885992399495,-0.007347183145543032,0.008504537333333353,-0.008075312666666674,341.56
28.456,0.015728859923994924,-0.005897183145543025,0.007984537333333333,-0.00875531266666666,341.56
28.46,0.015988859923994906,-0.004787183145543025,0.007134537333333344,-0.00901531266666667,341.56
28.464,0.01615885992399491,-0.004277183145543042,0.006284537333333327,-0.008675312666666664,341.56
28.468,0.016498859923994916,-0.004357183145543039,0.005684537333333337,-0.008075312666666674,341.56
28.472,0.016838859923994923,-0.004447183145543046,0.005084537333333348,-0.007645312666666661,341.56
28.476,0.016928859923994958,-0.004617183145543049,0.004234537333333331,-0.007305312666666654,341.56
28.48,0.017008859923994927,-0.004877183145543032,0.003294537333333334,-0.006795312666666671,341.56
28.484,0.017358859923994944,-0.0038471831455430287,0.002614537333333348,-0.006285312666666661,341.56
28.488,0.017608859923994916,-0.0009471831455430429,0.002014537333333331,-0.005765312666666668,341.56
28.492,0.017948859923994923,-8.718314554304323e-05,0.0014945373333333381,-0.005425312666666661,341.56
28.496,0.018468859923994944,-7.183145543046489e-06,0.000904537333333331,-0.004745312666666675,341.56
28.5,0.018548859923994913,0.000162816854456957,0.0003045373333333415,-0.004145312666666658,341.56
28.504,0.018548859923994913,0.0006728168544569674,4.45373333333313e-05,-0.003545312666666668,341.56
28.508,0.018548859923994913,0.001272816854456957,-0.0006354626666666549,-0.0030353126666666577,341.56
28.512,0.018718859923994916,0.0017828168544569674,-0.0014054626666666755,-0.002525312666666675,341.56
28.516,0.01888885992399492,0.00230281685445696,-0.002345462666666672,-0.0019253126666666578,341.56
28.52,0.018978859923994954,0.002722816854456964,-0.003365462666666665,-0.0014153126666666752,341.56
28.524,0.018978859923994954,0.0032428168544569565,-0.004225462666666665,-0.0009853126666666615,341.56
28.528,0.018978859923994954,0.003752816854456967,-0.005075462666666654,-0.0005553126666666755,341.56
28.532,0.018978859923994954,0.004352816854456956,-0.005335462666666665,3.468733333333168e-05,341.56
28.536,0.018978859923994954,0.004942816854456964,-0.004905462666666679,0.0005546873333333244,341.56
28.54,0.018978859923994954,0.005462816854456956,-0.006615462666666668,0.0010646873333333348,341.56
28.544,0.01888885992399492,0.005802816854456963,-0.008575462666666658,0.001314687333333335,341.56
28.548,0.01888885992399492,0.006312816854456974,-0.009855462666666662,0.0014846873333333385,341.56
28.552,0.018718859923994916,0.00699281685445696,-0.010795462666666658,0.0018346873333333277,341.56
28.556,0.018638859923994947,0.0075128168544569525,-0.011655462666666658,0.0022546873333333314,341.56
28.56,0.018468859923994944,0.007932816854456955,-0.012335462666666672,0.002684687333333345,341.56
28.564,0.01837885992399491,0.008362816854456969,-0.012935462666666661,0.003114687333333331,341.56
28.568,0.018468859923994944,0.008792816854456983,-0.013785462666666679,0.003454687333333338,341.56
28.572,0.018208859923994906,0.009212816854456959,-0.014555462666666671,0.003884687333333324,341.56
28.576,0.018118859923994927,0.009472816854456941,-0.01515546266666666,0.004304687333333328,341.56
28.58,0.01777885992399492,0.009902816854456983,-0.015745462666666668,0.004644687333333335,341.56
28.584,0.017438859923994913,0.010322816854456959,-0.016605462666666668,0.005074687333333348,341.56
28.588,0.01726885992399491,0.010752816854456945,-0.01737546266666666,0.005504687333333334,341.56
28.592,0.016928859923994958,0.011182816854456986,-0.017795462666666664,0.005934687333333348,341.56
28.596,0.016498859923994916,0.011602816854456962,-0.018315462666666657,0.0065246873333333275,341.56
28.6,0.01615885992399491,0.012032816854456948,-0.01899546266666667,0.007124687333333345,341.56
28.604,0.015818859923994958,0.012372816854456955,-0.019505462666666654,0.007554687333333331,341.56
28.608,0.015388859923994918,0.01246281685445699,-0.01984546266666666,0.007974687333333334,341.56
28.612,0.014788859923994929,0.01280281685445694,-0.020185462666666668,0.008404687333333348,341.56
28.616,0.014108859923994915,0.013232816854456982,-0.020615462666666654,0.008834687333333362,341.56
28.62,0.01359885992399496,0.013652816854456958,-0.021125462666666664,0.009434687333333351,341.56
28.624,0.01308885992399495,0.014002816854456975,-0.021555462666666678,0.01002468733333333,341.56
28.628,0.01248885992399496,0.014422816854456951,-0.021985462666666664,0.010454687333333317,341.56
28.632,0.012058859923994919,0.014762816854456958,-0.02232546266666667,0.010884687333333358,341.56
28.636,0.011548859923994908,0.014942816854456972,-0.022405462666666667,0.011304687333333334,341.56
28.64,0.010778859923994915,0.015192816854456944,-0.022665462666666678,0.011654687333333351,341.56
28.644,0.010008859923994922,0.015282816854456979,-0.022665462666666678,0.012164687333333361,341.56
28.648,0.009328859923994908,0.015362816854456948,-0.022665462666666678,0.01284468733333332,341.56
28.652,0.008818859923994954,0.015702816854456954,-0.022755462666666657,0.01335468733333333,341.56
28.656,0.008218859923994936,0.015962816854456937,-0.022835462666666653,0.013784687333333316,341.56
28.66,0.007538859923994922,0.01613281685445694,-0.023095462666666663,0.014214687333333358,341.56
28.664,0.006678859923994923,0.01639281685445698,-0.023095462666666663,0.014554687333333309,341.56
28.668,0.005828859923994933,0.016472816854456947,-0.023005462666666657,0.01498468733333335,341.56
28.672,0.005148859923994947,0.01664281685445695,-0.022835462666666653,0.015324687333333357,341.56
28.676,0.00454885992399493,0.01690281685445699,-0.022665462666666678,0.015404687333333326,341.56
28.68,0.003858859923994933,0.016982816854456958,-0.022235462666666664,0.015494687333333361,341.56
28.684,0.0030988599239949225,0.017072816854456937,-0.02181546266666666,0.015834687333333312,341.56
28.688,0.002238859923994923,0.01724281685445694,-0.021645462666666657,0.016264687333333354,341.56
28.692,0.0013888599239949332,0.01724281685445694,-0.02146546266666667,0.016514687333333326,341.56
28.696,0.0004488599239949368,0.017332816854456975,-0.021125462666666664,0.01660468733333336,341.56
28.7,-0.0005811400760050663,0.017412816854456944,-0.020785462666666657,0.016864687333333343,341.56
28.704,-0.0016011400760050595,0.017332816854456975,-0.02035546266666667,0.017114687333333316,341.56
28.708,-0.0027111400760050594,0.017332816854456975,-0.01984546266666666,0.017374687333333354,341.56
28.712,-0.0036511400760050557,0.017332816854456975,-0.019425462666666657,0.017454687333333323,341.56
28.716,-0.004331140076005069,0.017412816854456944,-0.01899546266666667,0.01771468733333336,341.56
28.72,-0.004851140076005062,0.01724281685445694,-0.018565462666666657,0.01779468733333333,341.56
28.724,-0.005021140076005065,0.016982816854456958,-0.018225462666666678,0.01779468733333333,341.56
28.728,-0.005271140076005066,0.016982816854456958,-0.017795462666666664,0.01788468733333331,341.56
28.732,-0.005611140076005073,0.016982816854456958,-0.017285462666666654,0.018144687333333347,341.56
28.736,-0.006301140076005069,0.016812816854456954,-0.016685462666666664,0.018144687333333347,341.56
28.74,-0.006981140076005055,0.016562816854456982,-0.01626546266666666,0.018224687333333316,341.56
28.744,-0.007661140076005069,0.016472816854456947,-0.015575462666666665,0.018224687333333316,341.56
28.748,-0.008261140076005058,0.01639281685445698,-0.014635462666666668,0.017974687333333343,341.56
28.752,-0.008941140076005072,0.01613281685445694,-0.014045462666666661,0.01788468733333331,341.56
28.756,-0.009711140076005065,0.01613281685445694,-0.013445462666666672,0.01788468733333331,341.56
28.76,-0.011081140076005075,0.01613281685445694,-0.012935462666666661,0.01779468733333333,341.56
28.764,-0.013041140076005065,0.01579281685445699,-0.012335462666666672,0.017544687333333357,341.56
28.768,-0.014241140076005071,0.015532816854456951,-0.011735462666666654,0.01728468733333332,341.56
28.772,-0.015351140076005071,0.015282816854456979,-0.011135462666666665,0.017034687333333347,341.56
28.776,-0.016461140076005073,0.015192816854456944,-0.010545462666666658,0.016944687333333312,341.56
28.78,-0.017231140076005066,0.014852816854456937,-0.009855462666666662,0.01660468733333336,341.56
28.784,-0.018171140076005062,0.014512816854456986,-0.008915462666666665,0.016344687333333323,341.56
28.788,-0.018681140076005073,0.014172816854456979,-0.00823546266666668,0.01617468733333332,341.56
28.792,-0.01911114007600506,0.014002816854456975,-0.007635462666666661,0.015834687333333312,341.56
28.796,-0.01962114007600507,0.013652816854456958,-0.007125462666666678,0.015494687333333361,341.56
28.8,-0.02013114007600508,0.013232816854456982,-0.006355462666666658,0.01506468733333332,341.56
28.804,-0.020561140076005065,0.01280281685445694,-0.005755462666666668,0.014644687333333344,341.56
28.808,-0.021071140076005076,0.012292816854456986,-0.005075462666666654,0.014384687333333361,341.56
28.812,-0.02158114007600506,0.011692816854456941,-0.0043054626666666615,0.014044687333333354,341.56
28.816,-0.02184114007600507,0.011262816854456955,-0.0035354626666666686,0.013784687333333316,341.56
28.82,-0.022011140076005072,0.010672816854456976,-0.0027654626666666756,0.013524687333333334,341.56
28.824,-0.022271140076005055,0.010322816854456959,-0.002005462666666665,0.013014687333333323,341.56
28.828,-0.022271140076005055,0.009982816854456952,-0.001235462666666672,0.01276468733333335,341.56
28.832,-0.02235114007600508,0.009562816854456976,-0.00046546266666667915,0.01224468733333333,341.56
28.836,-0.022521140076005055,0.009302816854456938,0.0003045373333333415,0.01173468733333332,341.56
28.84,-0.022781140076005065,0.009212816854456959,0.0011545373333333312,0.011304687333333334,341.56
28.844,-0.022781140076005065,0.008452816854456976,0.002264537333333331,0.010964687333333327,341.56
28.848,-0.022781140076005065,0.007852816854456959,0.0028645373333333205,0.010454687333333317,341.56
28.852,-0.02269114007600506,0.007162816854456963,0.0024345373333333345,0.009944687333333362,341.56
28.856,-0.022441140076005058,0.006572816854456956,0.0024345373333333345,0.009344687333333317,341.56
28.86,-0.022441140076005058,0.00614281685445697,0.0026945373333333448,0.00891468733333333,341.56
28.864,-0.022441140076005058,0.005462816854456956,0.0032045373333333274,0.008324687333333324,341.56
28.868,-0.022271140076005055,0.004602816854456957,0.0038945373333333236,0.007724687333333334,341.56
28.872,-0.022011140076005072,0.0038328168544569637,0.004404537333333334,0.007044687333333348,341.56
28.876,-0.021921140076005066,0.003072816854456953,0.004834537333333348,0.006184687333333348,341.56
28.88,-0.02158114007600506,0.0021328168544569566,0.005254537333333324,0.005504687333333334,341.56
28.884,-0.02124114007600508,0.001272816854456957,0.005854537333333341,0.004824687333333348,341.56
28.888,-0.021071140076005076,0.0007628168544569742,0.006364537333333324,0.004224687333333331,341.56
28.892,-0.02073114007600507,0.00025281685445696373,0.0067045373333333306,0.003534687333333335,341.56
28.896,-0.020391140076005062,-0.0009471831455430429,0.007134537333333344,0.0029446873333333276,341.56
28.9,-0.019961140076005076,-0.001967183145543036,0.007644537333333327,0.0022546873333333314,341.56
28.904,-0.019531140076005062,-0.0028271831455430356,0.00807453733333334,0.0014846873333333385,341.56
28.908,-0.01911114007600506,-0.003767183145543032,0.008504537333333353,0.0007246873333333279,341.56
28.912,-0.01876114007600507,-0.004877183145543032,0.00892453733333333,-0.0001353126666666718,341.56
28.916,-0.018341140076005066,-0.005897183145543025,0.009274537333333346,-0.0009053126666666647,341.56
28.92,-0.017741140076005076,-0.006667183145543046,0.009694537333333322,-0.0014153126666666752,341.56
28.924,-0.01714114007600506,-0.007267183145543035,0.010124537333333308,-0.0017553126666666544,341.56
28.928,-0.016711140076005073,-0.007687183145543039,0.010464537333333315,-0.0020953126666666613,341.56
28.932,-0.016201140076005063,-0.007687183145543039,0.010894537333333357,-0.0024353126666666683,341.56
28.936,-0.015521140076005075,-0.007687183145543039,0.011404537333333312,-0.0027753126666666753,341.56
28.94,-0.015011140076005064,-0.008377183145543036,0.011834537333333353,-0.0031253126666666645,341.56
28.944,-0.014491140076005072,-0.010077183145543043,0.01217453733333336,-0.0034653126666666714,341.56
28.948,-0.013901140076005064,-0.011537183145543032,0.012604537333333346,-0.0038053126666666784,341.56
28.952,-0.013381140076005072,-0.012477183145543028,0.013024537333333322,-0.004145312666666658,341.56
28.956,-0.012791140076005065,-0.013327183145543046,0.01328453733333336,-0.0044853126666666646,341.56
28.96,-0.012191140076005075,-0.014267183145543042,0.013364537333333329,-0.0048253126666666715,341.56
28.964,-0.011761140076005061,-0.015117183145543032,0.013794537333333315,-0.005685312666666671,341.56
28.968,-0.011161140076005072,-0.016147183145543035,0.014224537333333356,-0.007985312666666668,341.56
28.972,-0.010571140076005065,-0.016737183145543042,0.014474537333333329,-0.010465312666666678,341.56
28.976,-0.009971140076005075,-0.01742718314554304,0.014564537333333308,-0.011915312666666657,341.56
28.98,-0.009371140076005058,-0.018027183145543028,0.014654537333333342,-0.013025312666666657,341.56
28.984,-0.008771140076005069,-0.018617183145543035,0.01499453733333335,-0.013795312666666677,341.56
28.988,-0.007661140076005069,-0.019137183145543028,0.015334537333333356,-0.01481531266666667,341.56
28.992,-0.006891140076005076,-0.01955718314554303,0.01550453733333336,-0.015755312666666667,341.56
28.996,-0.006301140076005069,-0.019987183145543045,0.015764537333333342,-0.016615312666666666,341.56
29.0,-0.005701140076005079,-0.02041718314554303,0.01584453733333331,-0.017295312666666653,341.56
29.004,-0.005271140076005066,-0.020757183145543038,0.01610453733333335,-0.017805312666666663,341.56
29.008,-0.004851140076005062,-0.02117718314554304,0.016274537333333353,-0.018235312666666677,341.56
29.012,-0.004331140076005069,-0.021697183145543034,0.016444537333333356,-0.018575312666666656,341.56
29.016,-0.0037411400760050625,-0.022117183145543038,0.01661453733333336,-0.019085312666666666,341.56
29.02,-0.003141140076005073,-0.022377183145543048,0.01669453733333333,-0.019685312666666656,341.56
29.024,-0.0026311400760050626,-0.022547183145543024,0.01695453733333331,-0.020195312666666666,341.56
29.028,-0.002031140076005073,-0.023057183145543034,0.01695453733333331,-0.02071531266666666,341.56
29.032,-0.001431140076005056,-0.023057183145543034,0.01695453733333331,-0.021055312666666666,341.56
29.036,-0.0007511400760050698,-0.023057183145543034,0.01695453733333331,-0.021305312666666666,341.56
29.04,-0.00023114007600507714,-0.023487183145543048,0.017044537333333346,-0.02147531266666667,341.56
29.044,0.0002788599239949333,-0.023657183145543024,0.01721453733333335,-0.021735312666666652,341.56
29.048,0.0008788599239949227,-0.023657183145543024,0.017384537333333352,-0.021995312666666662,341.56
29.052,0.0013888599239949332,-0.023657183145543024,0.017384537333333352,-0.022245312666666663,341.56
29.056,0.0017288599239949401,-0.023487183145543048,0.01746453733333332,-0.02233531266666667,341.56
29.06,0.002238859923994923,-0.023227183145543038,0.017384537333333352,-0.022595312666666652,341.56
29.064,0.0029288599239949468,-0.023227183145543038,0.017124537333333315,-0.022765312666666655,341.56
29.068,0.0034388599239949295,-0.02314718314554304,0.017044537333333346,-0.022765312666666655,341.56
29.072,0.003858859923994933,-0.02288718314554303,0.017124537333333315,-0.022765312666666655,341.56
29.076,0.004378859923994926,-0.022807183145543034,0.01721453733333335,-0.022595312666666652,341.56
29.08,0.0049688599239949335,-0.022467183145543027,0.016784537333333308,-0.02233531266666667,341.56
29.084,0.005488859923994926,-0.021947183145543035,0.016784537333333308,-0.022245312666666663,341.56
29.088,0.005828859923994933,-0.021607183145543028,0.016874537333333342,-0.021995312666666662,341.56
29.092,0.006258859923994947,-0.02152718314554303,0.01669453733333333,-0.021905312666666656,341.56
29.096,0.0067688599239949295,-0.02126718314554305,0.016524537333333325,-0.02147531266666667,341.56
29.1,0.007368859923994947,-0.020837183145543035,0.016274537333333353,-0.021135312666666663,341.56
29.104,0.00787885992399493,-0.020327183145543024,0.01610453733333335,-0.021055312666666666,341.56
29.108,0.008298859923994933,-0.01955718314554303,0.01584453733333331,-0.02071531266666666,341.56
29.112,0.008728859923994947,-0.01878718314554304,0.015764537333333342,-0.020285312666666673,341.56
29.116,0.00923885992399493,-0.018277183145543028,0.015414537333333325,-0.019945312666666666,341.56
29.12,0.009838859923994919,-0.017847183145543042,0.01499453733333335,-0.019435312666666656,341.56
29.124,0.01034885992399493,-0.017257183145543035,0.014654537333333342,-0.018575312666666656,341.56
29.128,0.01086885992399495,-0.016737183145543042,0.014304537333333325,-0.017805312666666663,341.56
29.132,0.011288859923994926,-0.01622718314554303,0.013964537333333318,-0.01678531266666667,341.56
29.136,0.011628859923994933,-0.015457183145543039,0.013454537333333308,-0.01541531266666666,341.56
29.14,0.012058859923994919,-0.014777183145543025,0.012944537333333353,-0.014395312666666667,341.56
29.144,0.01248885992399496,-0.013757183145543032,0.012604537333333346,-0.013285312666666667,341.56
29.148,0.012738859923994933,-0.012817183145543035,0.01217453733333336,-0.011915312666666657,341.56
29.152,0.013258859923994953,-0.01212718314554304,0.012514537333333312,-0.010635312666666653,341.56
29.156,0.013678859923994929,-0.01101718314554304,0.013364537333333329,-0.009785312666666664,341.56
29.16,0.014028859923994946,-0.010077183145543043,0.011914537333333322,-0.00986531266666666,341.56
29.164,0.014448859923994922,-0.009487183145543036,0.010974537333333326,-0.010555312666666657,341.56
29.168,0.014878859923994908,-0.008457183145543033,0.010294537333333312,-0.010375312666666671,341.56
29.172,0.015218859923994915,-0.007687183145543039,0.009614537333333353,-0.010635312666666653,341.56
29.176,0.015648859923994955,-0.0074371831455430385,0.009014537333333308,-0.010465312666666678,341.56
29.18,0.01607885992399494,-0.006667183145543046,0.008584537333333322,-0.010205312666666667,341.56
29.184,0.016328859923994913,-0.006407183145543035,0.007644537333333327,-0.009695312666666657,341.56
29.188,0.016498859923994916,-0.005897183145543025,0.006794537333333337,-0.009095312666666668,341.56
29.192,0.01658885992399495,-0.005217183145543039,0.005944537333333348,-0.008415312666666654,341.56
29.196,0.016838859923994923,-0.004187183145543036,0.005174537333333327,-0.007985312666666668,341.56
29.2,0.017008859923994927,-0.0028271831455430356,0.004314537333333327,-0.007565312666666664,341.56
29.204,0.017358859923994944,-0.0018871831455430392,0.0038045373333333446,-0.007045312666666671,341.56
29.208,0.017608859923994916,-0.001627183145543029,0.0032045373333333274,-0.006455312666666664,341.56
29.212,0.017868859923994954,-0.0012871831455430497,0.0026945373333333448,-0.005855312666666675,341.56
29.216,0.018118859923994927,-0.0007771831455430394,0.001924537333333324,-0.005175312666666661,341.56
29.22,0.018208859923994906,-0.00043718314554303244,0.0009845373333333277,-0.004575312666666671,341.56
29.224,0.018468859923994944,0.0003328168544569605,0.00021453733333333478,-0.004065312666666661,341.56
29.228,0.018468859923994944,0.0011028168544569535,-0.0006354626666666549,-0.0037153126666666716,341.56
29.232,0.018638859923994947,0.0015328168544569672,-0.0014854626666666723,-0.0030353126666666577,341.56
29.236,0.01888885992399492,0.0021328168544569566,-0.0024254626666666687,-0.002265312666666665,341.56
29.24,0.018978859923994954,0.002722816854456964,-0.003455462666666672,-0.0017553126666666544,341.56
29.244,0.018978859923994954,0.003072816854456953,-0.0043054626666666615,-0.0012453126666666717,341.56
29.248,0.018978859923994954,0.003752816854456967,-0.005075462666666654,-0.0006453126666666545,341.56
29.252,0.018978859923994954,0.004182816854456953,-0.005925462666666672,-0.00021531266666666854,341.56
29.256,0.018978859923994954,0.004692816854456963,-0.0067854626666666714,0.00020468733333333516,341.56
29.26,0.01888885992399492,0.005372816854456977,-0.007805462666666665,0.0005546873333333244,341.56
29.264,0.01888885992399492,0.005802816854456963,-0.009085462666666669,0.0009746873333333281,341.56
29.268,0.01888885992399492,0.006232816854456977,-0.010195462666666669,0.0014046873333333418,341.56
29.272,0.018638859923994947,0.006822816854456956,-0.011225462666666672,0.0019146873333333245,341.56
29.276,0.018638859923994947,0.0074228168544569735,-0.011995462666666665,0.002684687333333345,341.56
29.28,0.018468859923994944,0.007932816854456955,-0.012585462666666672,0.0030246873333333243,341.56
29.284,0.01829885992399494,0.008362816854456969,-0.013275462666666668,0.003114687333333331,341.56
29.288,0.01837885992399491,0.008702816854456976,-0.014125462666666658,0.003534687333333335,341.56
29.292,0.018118859923994927,0.00913281685445699,-0.014985462666666657,0.0039646873333333485,341.56
29.296,0.017868859923994954,0.009472816854456941,-0.015745462666666668,0.0043946873333333344,341.56
29.3,0.01769885992399495,0.009982816854456952,-0.016435462666666664,0.004904687333333345,341.56
29.304,0.017358859923994944,0.010412816854456938,-0.01702546266666667,0.005504687333333334,341.56
29.308,0.017098859923994906,0.010752816854456945,-0.01788546266666667,0.005934687333333348,341.56
29.312,0.016838859923994923,0.011092816854456952,-0.018565462666666657,0.006444687333333331,341.56
29.316,0.016498859923994916,0.011522816854456937,-0.01899546266666667,0.006864687333333334,341.56
29.32,0.01615885992399491,0.011952816854456979,-0.019505462666666654,0.007124687333333345,341.56
29.324,0.015728859923994924,0.012372816854456955,-0.02010546266666667,0.007724687333333334,341.56
29.328,0.015218859923994915,0.01280281685445694,-0.020615462666666654,0.008404687333333348,341.56
29.332,0.014618859923994925,0.013232816854456982,-0.021125462666666664,0.00891468733333333,341.56
29.336,0.014108859923994915,0.013652816854456958,-0.021555462666666678,0.009264687333333348,341.56
29.34,0.01359885992399496,0.014002816854456975,-0.021895462666666657,0.009684687333333324,341.56
29.344,0.013168859923994919,0.014252816854456948,-0.022235462666666664,0.010194687333333334,341.56
29.348,0.012568859923994929,0.014512816854456986,-0.022495462666666674,0.010794687333333323,341.56
29.352,0.012058859923994919,0.014852816854456937,-0.022755462666666657,0.01122468733333331,341.56
29.356,0.011548859923994908,0.015112816854456975,-0.023005462666666657,0.01173468733333332,341.56
29.36,0.010778859923994915,0.015192816854456944,-0.023095462666666663,0.012164687333333361,341.56
29.364,0.010098859923994957,0.015282816854456979,-0.023095462666666663,0.012504687333333313,341.56
29.368,0.009498859923994912,0.015532816854456951,-0.023265462666666667,0.013014687333333323,341.56
29.372,0.008648859923994922,0.01579281685445699,-0.02343546266666667,0.013524687333333334,341.56
29.376,0.008048859923994933,0.01605281685445697,-0.02317546266666666,0.01387468733333335,341.56
29.38,0.007538859923994922,0.01613281685445694,-0.023265462666666667,0.01446468733333333,341.56
29.384,0.00701885992399493,0.01639281685445698,-0.023345462666666664,0.014894687333333316,341.56
29.388,0.006258859923994947,0.016562816854456982,-0.02317546266666666,0.01506468733333332,341.56
29.392,0.005398859923994947,0.01664281685445695,-0.023095462666666663,0.015234687333333323,341.56
29.396,0.004718859923994933,0.016732816854456985,-0.022835462666666653,0.015404687333333326,341.56
29.4,0.004208859923994923,0.016812816854456954,-0.022665462666666678,0.015834687333333312,341.56
29.404,0.0034388599239949295,0.01690281685445699,-0.022405462666666667,0.01617468733333332,341.56
29.408,0.00257885992399493,0.01690281685445699,-0.021895462666666657,0.016264687333333354,341.56
29.412,0.0017288599239949401,0.016982816854456958,-0.02146546266666667,0.01660468733333336,341.56
29.416,0.0007888599239949438,0.01724281685445694,-0.021045462666666667,0.016864687333333343,341.56
29.42,-0.0003211400760050561,0.017412816854456944,-0.020615462666666654,0.017114687333333316,341.56
29.424,-0.001431140076005056,0.017412816854456944,-0.020275462666666674,0.017374687333333354,341.56
29.428,-0.0022811400760050734,0.01724281685445694,-0.019935462666666667,0.017454687333333323,341.56
29.432,-0.00322114007600507,0.016982816854456958,-0.019505462666666654,0.017454687333333323,341.56
29.436,-0.004331140076005069,0.016982816854456958,-0.01899546266666667,0.01771468733333336,341.56
29.44,-0.005191140076005069,0.016982816854456958,-0.018395462666666654,0.01779468733333333,341.56
29.444,-0.005871140076005055,0.01690281685445699,-0.01788546266666667,0.01779468733333333,341.56
29.448,-0.006211140076005062,0.016732816854456985,-0.01737546266666666,0.01779468733333333,341.56
29.452,-0.006131140076005065,0.016562816854456982,-0.016855462666666668,0.01779468733333333,341.56
29.456,-0.006131140076005065,0.016472816854456947,-0.016175462666666654,0.01779468733333333,341.56
29.46,-0.0063811400760050655,0.01639281685445698,-0.015495462666666668,0.01779468733333333,341.56
29.464,-0.007491140076005065,0.01613281685445694,-0.014895462666666678,0.01779468733333333,341.56
29.468,-0.008691140076005072,0.01605281685445697,-0.014215462666666664,0.01779468733333333,341.56
29.472,-0.008601140076005065,0.01579281685445699,-0.013695462666666672,0.01771468733333336,341.56
29.476,-0.008941140076005072,0.015702816854456954,-0.013015462666666658,0.017544687333333357,341.56
29.48,-0.010051140076005072,0.015622816854456986,-0.011995462666666665,0.017454687333333323,341.56
29.484,-0.012021140076005072,0.015622816854456986,-0.010965462666666662,0.01720468733333335,341.56
29.488,-0.013731140076005061,0.015362816854456948,-0.010455462666666679,0.016944687333333312,341.56
29.492,-0.01484114007600506,0.015192816854456944,-0.010195462666666669,0.01668468733333333,341.56
29.496,-0.015601140076005071,0.014852816854456937,-0.009685462666666658,0.01660468733333336,341.56
29.5,-0.016631140076005076,0.014592816854456955,-0.009175462666666676,0.016344687333333323,341.56
29.504,-0.01740114007600507,0.014422816854456951,-0.008405462666666655,0.01609468733333335,341.56
29.508,-0.01800114007600506,0.014172816854456979,-0.007975462666666669,0.015754687333333343,341.56
29.512,-0.018681140076005073,0.01391281685445694,-0.007465462666666658,0.015404687333333326,341.56
29.516,-0.01936114007600506,0.01357281685445699,-0.006695462666666665,0.01506468733333332,341.56
29.52,-0.01987114007600507,0.013232816854456982,-0.005925462666666672,0.01498468733333335,341.56
29.524,-0.02047114007600506,0.012892816854456975,-0.005335462666666665,0.014724687333333313,341.56
29.528,-0.021071140076005076,0.012372816854456955,-0.004565462666666672,0.014294687333333327,341.56
29.532,-0.021411140076005055,0.011692816854456941,-0.0035354626666666686,0.014124687333333323,341.56
29.536,-0.02158114007600506,0.011182816854456986,-0.0027654626666666756,0.013704687333333347,341.56
29.54,-0.02184114007600507,0.010752816854456945,-0.002005462666666665,0.013274687333333361,341.56
29.544,-0.02209114007600507,0.010322816854456959,-0.0014054626666666755,0.012934687333333354,341.56
29.548,-0.02235114007600508,0.009982816854456952,-0.0008054626666666584,0.012504687333333313,341.56
29.552,-0.02235114007600508,0.00973281685445698,-0.00012546266666667218,0.012074687333333327,341.56
29.556,-0.022441140076005058,0.009562816854456976,0.000474537333333345,0.01173468733333332,341.56
29.56,-0.02269114007600506,0.009212816854456959,0.0008145373333333242,0.011304687333333334,341.56
29.564,-0.022781140076005065,0.008622816854456952,0.000904537333333331,0.010884687333333358,341.56
29.568,-0.022781140076005065,0.009042816854456955,0.0010745373333333344,0.010544687333333351,341.56
29.572,-0.022781140076005065,0.010072816854456986,0.0014145373333333414,0.01002468733333333,341.56
29.576,-0.02269114007600506,0.007852816854456959,0.001924537333333324,0.009264687333333348,341.56
29.58,-0.022521140076005055,0.006482816854456977,0.002614537333333348,0.008834687333333362,341.56
29.584,-0.022441140076005058,0.005372816854456977,0.003034537333333324,0.008324687333333324,341.56
29.588,-0.022271140076005055,0.004352816854456956,0.003634537333333341,0.007634687333333327,341.56
29.592,-0.02209114007600507,0.0035828168544569635,0.004234537333333331,0.006954687333333341,341.56
29.596,-0.021921140076005066,0.0028128168544569706,0.004654537333333334,0.006104687333333324,341.56
29.6,-0.021671140076005065,0.0024728168544569636,0.005084537333333348,0.005504687333333334,341.56
29.604,-0.021411140076005055,0.0017028168544569707,0.005594537333333331,0.004734687333333341,341.56
29.608,-0.021071140076005076,0.0010228168544569568,0.006024537333333344,0.004224687333333331,341.56
29.612,-0.020811140076005066,0.0004228168544569672,0.00645453733333333,0.003794687333333345,341.56
29.616,-0.02073114007600507,-0.0003471831455430257,0.006874537333333334,0.003114687333333331,341.56
29.62,-0.020391140076005062,-0.001197183145543043,0.007304537333333348,0.0022546873333333314,341.56
29.624,-0.01987114007600507,-0.0020571831455430427,0.007904537333333336,0.0014046873333333418,341.56
29.628,-0.019451140076005066,-0.0029071831455430323,0.008414537333333347,0.0005546873333333244,341.56
29.632,-0.01902114007600508,-0.004017183145543032,0.008754537333333326,-0.00021531266666666854,341.56
29.636,-0.018421140076005062,-0.005217183145543039,0.009184537333333312,-0.0009853126666666615,341.56
29.64,-0.01791114007600508,-0.006327183145543039,0.009614537333333353,-0.0016653126666666754,341.56
29.644,-0.017481140076005066,-0.007517183145543035,0.01003453733333333,-0.002185312666666668,341.56
29.648,-0.01689114007600506,-0.008287183145543029,0.010464537333333315,-0.0026053126666666718,341.56
29.652,-0.01629114007600507,-0.00854718314554304,0.010894537333333357,-0.002955312666666661,341.56
29.656,-0.01578114007600506,-0.008717183145543043,0.011314537333333333,-0.0033753126666666647,341.56
29.66,-0.015261140076005065,-0.00854718314554304,0.01166453733333335,-0.0038053126666666784,341.56
29.664,-0.014671140076005057,-0.008377183145543036,0.012084537333333326,-0.004235312666666664,341.56
29.668,-0.014071140076005068,-0.009227183145543025,0.012514537333333312,-0.004655312666666668,341.56
29.672,-0.013471140076005078,-0.011447183145543025,0.012944537333333353,-0.005085312666666654,341.56
29.676,-0.013041140076005065,-0.012987183145543039,0.013454537333333308,-0.005515312666666668,341.56
29.68,-0.012451140076005058,-0.014177183145543035,0.01388453733333335,-0.005935312666666671,341.56
29.684,-0.011761140076005061,-0.014947183145543028,0.014224537333333356,-0.006365312666666657,341.56
29.688,-0.011161140076005072,-0.015627183145543042,0.014564537333333308,-0.007645312666666661,341.56
29.692,-0.010571140076005065,-0.016487183145543042,0.014904537333333315,-0.010375312666666671,341.56
29.696,-0.010051140076005072,-0.01708718314554303,0.015074537333333318,-0.01183531266666666,341.56
29.7,-0.009371140076005058,-0.017847183145543042,0.015244537333333322,-0.01294531266666666,341.56
29.704,-0.008691140076005072,-0.01844718314554303,0.015414537333333325,-0.01405531266666666,341.56
29.708,-0.007921140076005079,-0.01904718314554305,0.015764537333333342,-0.014905312666666677,341.56
29.712,-0.007411140076005069,-0.01955718314554303,0.016014537333333315,-0.015845312666666674,341.56
29.716,-0.006471140076005072,-0.01989718314554304,0.016184537333333318,-0.016865312666666667,341.56
29.72,-0.005701140076005079,-0.020327183145543024,0.016274537333333353,-0.017465312666666656,341.56
29.724,-0.005101140076005062,-0.020837183145543035,0.016524537333333325,-0.017975312666666667,341.56
29.728,-0.0045911400760050795,-0.02126718314554305,0.01669453733333333,-0.018575312666666656,341.56
29.732,-0.0042511400760050725,-0.021697183145543034,0.01695453733333331,-0.01900531266666667,341.56
29.736,-0.0035611400760050768,-0.022117183145543038,0.01695453733333331,-0.019345312666666677,341.56
29.74,-0.0030511400760050663,-0.022467183145543027,0.017124537333333315,-0.019775312666666663,341.56
29.744,-0.0026311400760050626,-0.022807183145543034,0.017384537333333352,-0.020195312666666666,341.56
29.748,-0.002031140076005073,-0.023057183145543034,0.01746453733333332,-0.020625312666666652,341.56
29.752,-0.001431140076005056,-0.02314718314554304,0.01746453733333332,-0.021055312666666666,341.56
29.756,-0.0007511400760050698,-0.023317183145543045,0.017384537333333352,-0.02147531266666667,341.56
29.76,-0.00023114007600507714,-0.023577183145543027,0.01746453733333332,-0.021905312666666656,341.56
29.764,0.0002788599239949333,-0.023657183145543024,0.01746453733333332,-0.022165312666666666,341.56
29.768,0.0008788599239949227,-0.023657183145543024,0.017384537333333352,-0.022245312666666663,341.56
29.772,0.0012988599239949264,-0.023577183145543027,0.017384537333333352,-0.022415312666666666,341.56
29.776,0.0018088599239949369,-0.023577183145543027,0.01746453733333332,-0.022675312666666676,341.56
29.78,0.0024088599239949263,-0.023577183145543027,0.017384537333333352,-0.022765312666666655,341.56
29.784,0.0029288599239949468,-0.023317183145543045,0.01721453733333335,-0.022765312666666655,341.56
29.788,0.0034388599239949295,-0.023317183145543045,0.017044537333333346,-0.022675312666666676,341.56
29.792,0.0037788599239949364,-0.02314718314554304,0.017044537333333346,-0.022675312666666676,341.56
29.796,0.004288859923994947,-0.02288718314554303,0.01695453733333331,-0.022675312666666676,341.56
29.8,0.0049688599239949335,-0.022717183145543027,0.016784537333333308,-0.022415312666666666,341.56
29.804,0.005398859923994947,-0.022377183145543048,0.016784537333333308,-0.022245312666666663,341.56
29.808,0.005828859923994933,-0.02203718314554304,0.01661453733333336,-0.021995312666666662,341.56
29.812,0.006258859923994947,-0.021607183145543028,0.016524537333333325,-0.021735312666666652,341.56
29.816,0.006848859923994926,-0.02117718314554304,0.01635453733333332,-0.021395312666666673,341.56
29.82,0.0074488599239949434,-0.020757183145543038,0.016184537333333318,-0.021055312666666666,341.56
29.824,0.007958859923994926,-0.020247183145543027,0.015764537333333342,-0.020625312666666652,341.56
29.828,0.00838885992399494,-0.019647183145543038,0.015414537333333325,-0.020285312666666673,341.56
29.832,0.008728859923994947,-0.019137183145543028,0.015334537333333356,-0.01985531266666666,341.56
29.836,0.00915885992399496,-0.01878718314554304,0.01499453733333335,-0.019435312666666656,341.56
29.84,0.009588859923994946,-0.018277183145543028,0.014564537333333308,-0.01900531266666667,341.56
29.844,0.010008859923994922,-0.017597183145543042,0.014134537333333322,-0.01849531266666666,341.56
29.848,0.010608859923994912,-0.01708718314554303,0.01388453733333335,-0.017725312666666666,341.56
29.852,0.011208859923994957,-0.01656718314554304,0.013624537333333311,-0.01678531266666667,341.56
29.856,0.011548859923994908,-0.01597718314554303,0.013194537333333325,-0.016015312666666677,341.56
29.86,0.01197885992399495,-0.015287183145543035,0.012604537333333346,-0.01516531266666666,341.56
29.864,0.012398859923994926,-0.014347183145543039,0.012084537333333326,-0.014225312666666663,341.56
29.868,0.012918859923994946,-0.013667183145543025,0.011404537333333312,-0.013285312666666667,341.56
29.872,0.013338859923994922,-0.012647183145543032,0.010974537333333326,-0.01234531266666667,341.56
29.876,0.013678859923994929,-0.011787183145543032,0.010974537333333326,-0.011405312666666674,341.56
29.88,0.014108859923994915,-0.01101718314554304,0.010894537333333357,-0.010465312666666678,341.56
29.884,0.014538859923994956,-0.010257183145543029,0.010124537333333308,-0.009525312666666653,341.56
29.888,0.014878859923994908,-0.009317183145543032,0.009524537333333319,-0.008585312666666657,341.56
29.892,0.015138859923994946,-0.008377183145543036,0.00892453733333333,-0.007905312666666671,341.56
29.896,0.015388859923994918,-0.0074371831455430385,0.008334537333333322,-0.007905312666666671,341.56
29.9,0.015728859923994924,-0.006407183145543035,0.00756453733333333,-0.008245312666666678,341.56
29.904,0.01615885992399491,-0.0052971831455430355,0.006794537333333337,-0.008325312666666675,341.56
29.908,0.01658885992399495,-0.004787183145543025,0.006194537333333348,-0.008325312666666675,341.56
29.912,0.016838859923994923,-0.004277183145543042,0.005424537333333327,-0.007985312666666668,341.56
29.916,0.016928859923994958,-0.0032471831455430393,0.004404537333333334,-0.0073953126666666605,341.56
29.92,0.017008859923994927,-0.0020571831455430427,0.0035445373333333344,-0.006535312666666661,341.56
29.924,0.01726885992399491,-0.0009471831455430429,0.0028645373333333205,-0.006105312666666675,341.56
29.928,0.017528859923994947,-0.00043718314554303244,0.0025245373333333413,-0.005765312666666668,341.56
29.932,0.01769885992399495,-0.0006871831455430327,0.0018445373333333273,-0.0052553126666666575,341.56
29.936,0.01777885992399492,-0.0008571831455430361,0.0010745373333333344,-0.004915312666666678,341.56
29.94,0.018038859923994958,-0.00043718314554303244,0.00013453733333333804,-0.004315312666666661,341.56
29.944,0.018208859923994906,-8.718314554304323e-05,-0.0006354626666666549,-0.003975312666666654,341.56
29.948,0.018468859923994944,0.0005928168544569707,-0.001235462666666672,-0.0033753126666666647,341.56
29.952,0.018468859923994944,0.0011928168544569602,-0.0014854626666666723,-0.0026953126666666785,341.56
29.956,0.018638859923994947,0.0017828168544569674,-0.002345462666666672,-0.002185312666666668,341.56
29.96,0.01888885992399492,0.002642816854456967,-0.0035354626666666686,-0.0017553126666666544,341.56
29.964,0.018978859923994954,0.0032428168544569565,-0.004565462666666672,-0.001155312666666665,341.56
29.968,0.01888885992399492,0.0035828168544569635,-0.005335462666666665,-0.0006453126666666545,341.56
29.972,0.018978859923994954,0.004092816854456974,-0.0060154626666666785,-0.00021531266666666854,341.56
29.976,0.018978859923994954,0.004602816854456957,-0.0067854626666666714,0.00012468733333333842,341.56
29.98,0.01888885992399492,0.005122816854456977,-0.007555462666666664,0.0007246873333333279,341.56
29.984,0.018978859923994954,0.005802816854456963,-0.008405462666666655,0.0014046873333333418,341.56
29.988,0.01888885992399492,0.006312816854456974,-0.009425462666666676,0.0018346873333333277,341.56
29.992,0.018638859923994947,0.00674281685445696,-0.010455462666666679,0.002004687333333331,341.56
29.996,0.018548859923994913,0.00725281685445697,-0.011305462666666669,0.002344687333333338,341.56
30.0,0.018548859923994913,0.007852816854456959,-0.012075462666666661,0.002684687333333345,341.56
30.004,0.018468859923994944,0.008272816854456962,-0.012935462666666661,0.003114687333333331,341.56
30.008,0.01837885992399491,0.008702816854456976,-0.013615462666666675,0.003534687333333335,341.56
30.012,0.018208859923994906,0.00913281685445699,-0.014215462666666664,0.0039646873333333485,341.56
30.016,0.018118859923994927,0.009562816854456976,-0.014895462666666678,0.004304687333333328,341.56
30.02,0.01777885992399492,0.009982816854456952,-0.01566546266666667,0.004824687333333348,341.56
30.024,0.017438859923994913,0.010412816854456938,-0.016435462666666664,0.005504687333333334,341.56
30.028,0.01726885992399491,0.010752816854456945,-0.01702546266666667,0.005934687333333348,341.56
30.032,0.016928859923994958,0.011182816854456986,-0.017715462666666668,0.006274687333333327,341.56
30.036,0.01658885992399495,0.011602816854456962,-0.018315462666666657,0.006784687333333338,341.56
30.04,0.01607885992399494,0.012032816854456948,-0.01899546266666667,0.007214687333333324,341.56
30.044,0.015648859923994955,0.01246281685445699,-0.019505462666666654,0.007724687333333334,341.56
30.048,0.01530885992399495,0.01280281685445694,-0.019935462666666667,0.008324687333333324,341.56
30.052,0.014788859923994929,0.013142816854456948,-0.020535462666666657,0.008834687333333362,341.56
30.056,0.01419885992399495,0.01357281685445699,-0.021045462666666667,0.009264687333333348,341.56
30.06,0.013678859923994929,0.014002816854456975,-0.02146546266666667,0.009684687333333324,341.56
30.064,0.013258859923994953,0.014172816854456979,-0.02181546266666666,0.010284687333333313,341.56
30.068,0.012738859923994933,0.014512816854456986,-0.021985462666666664,0.010884687333333358,341.56
30.072,0.012148859923994953,0.014942816854456972,-0.022235462666666664,0.011304687333333334,341.56
30.076,0.011548859923994908,0.015362816854456948,-0.022405462666666667,0.01173468733333332,341.56
30.08,0.01086885992399495,0.015452816854456982,-0.022585462666666653,0.012164687333333361,341.56
30.084,0.01026885992399496,0.015452816854456982,-0.022835462666666653,0.012504687333333313,341.56
30.088,0.009588859923994946,0.015702816854456954,-0.023095462666666663,0.012934687333333354,341.56
30.092,0.008898859923994923,0.01579281685445699,-0.023095462666666663,0.01335468733333333,341.56
30.096,0.008298859923994933,0.01605281685445697,-0.023095462666666663,0.013784687333333316,341.56
30.1,0.0074488599239949434,0.01613281685445694,-0.023005462666666657,0.014214687333333358,341.56
30.104,0.006848859923994926,0.01639281685445698,-0.022835462666666653,0.014554687333333309,341.56
30.108,0.006258859923994947,0.01664281685445695,-0.023095462666666663,0.01498468733333335,341.56
30.112,0.005478859923994944,0.01689281685445698,-0.023015462666666667,0.015404687333333326,341.56
30.116,0.004718859923994933,0.01690281685445699,-0.022835462666666653,0.01566468733333331,341.56
30.12,0.00393885992399493,0.01689281685445698,-0.02267546266666666,0.015824687333333358,341.56
30.124,0.0030988599239949225,0.016982816854456958,-0.02232546266666667,0.016004687333333316,341.56
30.128,0.0024088599239949263,0.017232816854456986,-0.02207546266666667,0.016344687333333323,341.56
30.132,0.00146885992399493,0.01724281685445694,-0.021895462666666657,0.01660468733333336,341.56
30.136,0.0006088599239949303,0.017322816854456965,-0.02156546266666666,0.01668468733333333,341.56
30.14,-0.00023114007600507714,0.017412816854456944,-0.021125462666666664,0.016944687333333312,341.56
30.144,-0.001101140076005059,0.017322816854456965,-0.02070546266666666,0.01710468733333336,341.56
30.148,-0.0019411400760050664,0.017332816854456975,-0.020275462666666674,0.017374687333333354,341.56
30.152,-0.0029711400760050696,0.017322816854456965,-0.01985546266666667,0.017454687333333323,341.56
30.156,-0.003991140076005062,0.017332816854456975,-0.019425462666666657,0.017454687333333323,341.56
30.16,-0.004851140076005062,0.016982816854456958,-0.019085462666666678,0.017534687333333347,341.56
30.164,-0.005611140076005073,0.016812816854456954,-0.018565462666666657,0.01779468733333333,341.56
30.168,-0.006221140076005072,0.016812816854456954,-0.017895462666666653,0.01779468733333333,341.56
30.172,-0.006471140076005072,0.016812816854456954,-0.01737546266666666,0.01779468733333333,341.56
30.176,-0.006731140076005055,0.016552816854456972,-0.016865462666666678,0.01779468733333333,341.56
30.18,-0.007071140076005062,0.016562816854456982,-0.01626546266666666,0.01771468733333336,341.56
30.184,-0.007671140076005079,0.01638281685445697,-0.015415462666666671,0.017534687333333347,341.56
30.188,-0.008521140076005069,0.01613281685445694,-0.014805462666666672,0.017454687333333323,341.56
30.192,-0.009041140076005061,0.015952816854456982,-0.014215462666666664,0.017454687333333323,341.56
30.196,-0.009111140076005076,0.015702816854456954,-0.013785462666666679,0.017374687333333354,341.56
30.2,-0.009631140076005068,0.015612816854456976,-0.013275462666666668,0.01719468733333334,341.56
30.204,-0.010991140076005068,0.015622816854456986,-0.012505462666666675,0.01728468733333332,341.56
30.208,-0.012961140076005068,0.015612816854456976,-0.011655462666666658,0.01710468733333336,341.56
30.212,-0.014241140076005071,0.015192816854456944,-0.010795462666666658,0.017034687333333347,341.56
30.216,-0.015441140076005078,0.014842816854456983,-0.009865462666666672,0.01659468733333335,341.56
30.22,-0.01654114007600507,0.014762816854456958,-0.008745462666666662,0.016264687333333354,341.56
30.224,-0.017491140076005076,0.014502816854456976,-0.008835462666666669,0.01608468733333334,341.56
30.228,-0.018171140076005062,0.014422816854456951,-0.008405462666666655,0.015494687333333361,341.56
30.232,-0.01877114007600508,0.01407281685445699,-0.008325462666666658,0.015144687333333344,341.56
30.236,-0.019451140076005066,0.013742816854456937,-0.00823546266666668,0.015154687333333354,341.56
30.24,-0.01988114007600508,0.013312816854456951,-0.008075462666666658,0.014884687333333362,341.56
30.244,-0.020391140076005062,0.012972816854456944,-0.007975462666666669,0.014554687333333309,341.56
30.248,-0.021161140076005055,0.012792816854456986,-0.007895462666666672,0.014204687333333348,341.56
30.252,-0.021501140076005062,0.012292816854456986,-0.007805462666666665,0.013704687333333347,341.56
30.256,-0.021671140076005065,0.011602816854456962,-0.007725462666666668,0.013264687333333351,341.56
30.26,-0.021921140076005066,0.011182816854456986,-0.007635462666666661,0.013014687333333323,341.56
30.264,-0.02210114007600508,0.010832816854456969,-0.007555462666666664,0.01283468733333331,341.56
30.268,-0.02235114007600508,0.010322816854456959,-0.007465462666666658,0.012504687333333313,341.56
30.272,-0.022441140076005058,0.00972281685445697,-0.007385462666666661,0.012154687333333351,341.56
30.276,-0.022441140076005058,0.009382816854456962,-0.007295462666666654,0.01173468733333332,341.56
30.28,-0.02261114007600506,0.009042816854456955,-0.007215462666666657,0.011304687333333334,341.56
30.284,-0.02269114007600506,0.008702816854456976,-0.004225462666666665,0.010794687333333323,341.56
30.288,-0.022781140076005065,0.008352816854456959,0.0014945373333333381,0.010194687333333334,341.56
30.292,-0.022781140076005065,0.007932816854456955,0.0016745373333333239,0.009684687333333324,341.56
30.296,-0.02270114007600507,0.007582816854456967,0.002264537333333331,0.009334687333333362,341.56
30.3,-0.022521140076005055,0.00699281685445696,0.002614537333333348,0.00891468733333333,341.56
30.304,-0.022531140076005065,0.00588281685445696,0.0031145373333333207,0.008314687333333341,341.56
30.308,-0.022521140076005055,0.004942816854456964,0.0038045373333333446,0.007724687333333334,341.56
30.312,-0.02236114007600506,0.0038328168544569637,0.004314537333333327,0.007034687333333338,341.56
30.316,-0.02209114007600507,0.002982816854456974,0.0049145373333333445,0.006184687333333348,341.56
30.32,-0.021931140076005076,0.002202816854456971,0.005594537333333331,0.005494687333333324,341.56
30.324,-0.02158114007600506,0.0014428168544569605,0.005944537333333348,0.004994687333333324,341.56
30.328,-0.02133114007600506,0.0008428168544569709,0.006444537333333348,0.004554687333333328,341.56
30.332,-0.021071140076005076,0.0003328168544569605,0.006874537333333334,0.0039646873333333485,341.56
30.336,-0.020651140076005072,-1.7183145543028734e-05,0.007124537333333334,0.0033646873333333313,341.56
30.34,-0.020391140076005062,-0.0003471831455430257,0.007644537333333327,0.0026046873333333484,341.56
30.344,-0.019971140076005058,-0.0010371831455430495,0.00806453733333333,0.0018246873333333455,341.56
30.348,-0.019531140076005062,-0.0021371831455430394,0.008414537333333347,0.0010646873333333348,341.56
30.352,-0.01911114007600506,-0.003687183145543035,0.00883453733333335,0.00020468733333333516,341.56
30.356,-0.018681140076005073,-0.004877183145543032,0.009274537333333346,-0.0005553126666666755,341.56
30.36,-0.018091140076005065,-0.0060771831455430384,0.009774537333333347,-0.0013353126666666784,341.56
30.364,-0.017571140076005073,-0.007177183145543028,0.010384537333333346,-0.002265312666666665,341.56
30.368,-0.017061140076005062,-0.008037183145543029,0.010804537333333322,-0.002955312666666661,341.56
30.372,-0.01654114007600507,-0.00879718314554304,0.01106453733333336,-0.003205312666666661,341.56
30.376,-0.015951140076005062,-0.009147183145543029,0.011314537333333333,-0.0030453126666666677,341.56
30.38,-0.015431140076005068,-0.008887183145543046,0.011744537333333319,-0.002955312666666661,341.56
30.384,-0.01484114007600506,-0.008037183145543029,0.01216453733333335,-0.0028753126666666642,341.56
30.388,-0.014241140076005071,-0.007347183145543032,0.012514537333333312,-0.0026953126666666785,341.56
30.392,-0.013731140076005061,-0.008377183145543036,0.012934537333333343,-0.002615312666666654,341.56
30.396,-0.013211140076005068,-0.011617183145543029,0.013364537333333329,-0.002525312666666675,341.56
30.4,-0.012621140076005061,-0.013327183145543046,0.013714537333333346,-0.0024353126666666683,341.56
30.404,-0.011931140076005065,-0.014517183145543042,0.013964537333333318,-0.0023553126666666716,341.56
30.408,-0.011161140076005072,-0.015457183145543039,0.014054537333333353,-0.004235312666666664,341.56
30.412,-0.010821140076005065,-0.01622718314554303,0.014224537333333356,-0.008925312666666664,341.56
30.416,-0.010141140076005079,-0.01708718314554303,0.014654537333333342,-0.011065312666666667,341.56
30.42,-0.009371140076005058,-0.01767718314554304,0.01499453733333335,-0.01234531266666667,341.56
30.424,-0.008771140076005069,-0.018277183145543028,0.015074537333333318,-0.01319531266666666,341.56
30.428,-0.008001140076005076,-0.01870718314554304,0.015244537333333322,-0.01405531266666666,341.56
30.432,-0.007411140076005069,-0.019137183145543028,0.01550453733333336,-0.014995312666666656,341.56
30.436,-0.006811140076005079,-0.019647183145543038,0.015764537333333342,-0.01592531266666667,341.56
30.44,-0.0060411400760050585,-0.020247183145543027,0.01584453733333331,-0.016615312666666666,341.56
30.444,-0.005361140076005072,-0.02066718314554303,0.01610453733333335,-0.017295312666666653,341.56
30.448,-0.004851140076005062,-0.020837183145543035,0.016274537333333353,-0.017725312666666666,341.56
30.452,-0.004331140076005069,-0.02117718314554304,0.016524537333333325,-0.018235312666666677,341.56
30.456,-0.003991140076005062,-0.021607183145543028,0.01661453733333336,-0.01874531266666666,341.56
30.46,-0.0033911400760050733,-0.021947183145543035,0.01661453733333336,-0.019345312666666677,341.56
30.464,-0.002801140076005066,-0.022377183145543048,0.01669453733333333,-0.01985531266666666,341.56
30.468,-0.0022811400760050734,-0.02288718314554303,0.01695453733333331,-0.020195312666666666,341.56
30.472,-0.0016911400760050662,-0.023227183145543038,0.01695453733333331,-0.020625312666666652,341.56
30.476,-0.0011711400760050735,-0.023227183145543038,0.01695453733333331,-0.021055312666666666,341.56
30.48,-0.0005811400760050663,-0.023317183145543045,0.01695453733333331,-0.02147531266666667,341.56
30.484,0.00010885992399492983,-0.023577183145543027,0.017044537333333346,-0.02182531266666666,341.56
30.488,0.0005288599239949335,-0.023577183145543027,0.017124537333333315,-0.021905312666666656,341.56
30.492,0.0008788599239949227,-0.023577183145543027,0.017044537333333346,-0.022165312666666666,341.56
30.496,0.0013888599239949332,-0.023577183145543027,0.017044537333333346,-0.022245312666666663,341.56
30.5,0.002158859923994926,-0.023577183145543027,0.017044537333333346,-0.022245312666666663,341.56
30.504,0.0029288599239949468,-0.023407183145543024,0.016874537333333342,-0.02233531266666667,341.56
30.508,0.0031788599239949192,-0.023227183145543038,0.01661453733333336,-0.022595312666666652,341.56
30.512,0.0036888599239949297,-0.02314718314554304,0.016524537333333325,-0.022595312666666652,341.56
30.516,0.00454885992399493,-0.022807183145543034,0.01661453733333336,-0.02233531266666667,341.56
30.52,0.00505885992399494,-0.022467183145543027,0.01661453733333336,-0.02233531266666667,341.56
30.524,0.005318859923994923,-0.02203718314554304,0.01661453733333336,-0.022165312666666666,341.56
30.528,0.005488859923994926,-0.021867183145543038,0.016524537333333325,-0.021905312666666656,341.56
30.532,0.005998859923994937,-0.021867183145543038,0.01635453733333332,-0.02182531266666666,341.56
30.536,0.006678859923994923,-0.021607183145543028,0.016184537333333318,-0.02147531266666667,341.56
30.54,0.0071088599239949365,-0.02117718314554304,0.015934537333333346,-0.02122531266666667,341.56
30.544,0.0074488599239949434,-0.020757183145543038,0.015764537333333342,-0.021055312666666666,341.56
30.548,0.007958859923994926,-0.02015718314554305,0.01550453733333336,-0.02071531266666666,341.56
30.552,0.00838885992399494,-0.019647183145543038,0.015414537333333325,-0.02011531266666667,341.56
30.556,0.008818859923994954,-0.019137183145543028,0.015164537333333353,-0.019515312666666652,341.56
30.56,0.009498859923994912,-0.018367183145543035,0.014904537333333315,-0.019085312666666666,341.56
30.564,0.009928859923994953,-0.01793718314554305,0.014564537333333308,-0.01874531266666666,341.56
30.568,0.01034885992399493,-0.01742718314554304,0.014134537333333322,-0.018235312666666677,341.56
30.572,0.010778859923994915,-0.016737183145543042,0.013714537333333346,-0.017295312666666653,341.56
30.576,0.011118859923994922,-0.016057183145543028,0.013114537333333356,-0.01627531266666666,341.56
30.58,0.011548859923994908,-0.015287183145543035,0.012514537333333312,-0.01541531266666666,341.56
30.584,0.01197885992399495,-0.014517183145543042,0.012084537333333326,-0.014475312666666663,341.56
30.588,0.012398859923994926,-0.013407183145543042,0.011744537333333319,-0.013365312666666664,341.56
30.592,0.012918859923994946,-0.012217183145543046,0.011404537333333312,-0.012255312666666664,341.56
30.596,0.013338859923994922,-0.011537183145543032,0.011234537333333308,-0.011145312666666664,341.56
30.6,0.01359885992399496,-0.010937183145543043,0.01106453733333336,-0.01012531266666667,341.56
30.604,0.014028859923994946,-0.009737183145543036,0.010724537333333353,-0.009435312666666675,341.56
30.608,0.014368859923994953,-0.008717183145543043,0.010204537333333333,-0.009095312666666668,341.56
30.612,0.014788859923994929,-0.008117183145543026,0.009864537333333326,-0.009095312666666668,341.56
30.616,0.01530885992399495,-0.007607183145543042,0.009274537333333346,-0.009355312666666678,341.56
30.62,0.015648859923994955,-0.006917183145543046,0.008584537333333322,-0.009785312666666664,341.56
30.624,0.015988859923994906,-0.006327183145543039,0.007984537333333333,-0.009695312666666657,341.56
30.628,0.016248859923994944,-0.006157183145543035,0.007134537333333344,-0.009435312666666675,341.56
30.632,0.01658885992399495,-0.005387183145543042,0.006284537333333327,-0.008845312666666667,341.56
30.636,0.016928859923994958,-0.004617183145543049,0.005424537333333327,-0.008245312666666678,341.56
30.64,0.017098859923994906,-0.0038471831455430287,0.0050045373333333235,-0.007565312666666664,341.56
30.644,0.017098859923994906,-0.0034171831455430427,0.004234537333333331,-0.007045312666666671,341.56
30.648,0.017438859923994913,-0.002657183145543032,0.003634537333333341,-0.006365312666666657,341.56
30.652,0.01769885992399495,-0.001967183145543036,0.0032045373333333274,-0.005855312666666675,341.56
30.656,0.01777885992399492,-0.0015471831455430322,0.0026945373333333448,-0.005425312666666661,341.56
30.66,0.018038859923994958,-0.0010271831455430395,0.002264537333333331,-0.005085312666666654,341.56
30.664,0.01829885992399494,-0.0002571831455430467,0.002354537333333338,-0.004575312666666671,341.56
30.668,0.018548859923994913,0.0005928168544569707,0.002614537333333348,-0.003885312666666675,341.56
30.672,0.018638859923994947,0.001272816854456957,0.0028645373333333205,-0.0034653126666666714,341.56
30.676,0.018638859923994947,0.0017828168544569674,0.0024345373333333345,-0.002955312666666661,341.56
30.68,0.018638859923994947,0.002382816854456957,0.00021453733333333478,-0.002265312666666665,341.56
30.684,0.01888885992399492,0.002982816854456974,-0.002345462666666672,-0.001845312666666661,341.56
30.688,0.018978859923994954,0.00341281685445696,-0.0039654626666666545,-0.0012453126666666717,341.56
30.692,0.018978859923994954,0.0038328168544569637,-0.004985462666666675,-0.0005553126666666755,341.56
30.696,0.018978859923994954,0.004432816854456953,-0.0060154626666666785,-4.531266666666506e-05,341.56
30.7,0.018978859923994954,0.00503281685445697,-0.007125462666666678,0.0005546873333333244,341.56
30.704,0.01888885992399492,0.005802816854456963,-0.007975462666666669,0.0010646873333333348,341.56
30.708,0.018718859923994916,0.006312816854456974,-0.008915462666666665,0.0014046873333333418,341.56
30.712,0.018548859923994913,0.006822816854456956,-0.010025462666666665,0.0018346873333333277,341.56
30.716,0.018548859923994913,0.0074228168544569735,-0.010885462666666665,0.0021746873333333347,341.56
30.72,0.018468859923994944,0.007932816854456955,-0.011655462666666658,0.002424687333333335,341.56
30.724,0.01837885992399491,0.008362816854456969,-0.012415462666666668,0.002774687333333324,341.56
30.728,0.018208859923994906,0.008792816854456983,-0.013355462666666665,0.003114687333333331,341.56
30.732,0.017948859923994923,0.009212816854456959,-0.014385462666666668,0.003534687333333335,341.56
30.736,0.018038859923994958,0.009562816854456976,-0.014895462666666678,0.0039646873333333485,341.56
30.74,0.01777885992399492,0.009902816854456983,-0.015405462666666661,0.0043946873333333344,341.56
30.744,0.01726885992399491,0.010412816854456938,-0.01626546266666666,0.005074687333333348,341.56
30.748,0.016928859923994958,0.011012816854456983,-0.01702546266666667,0.005844687333333341,341.56
30.752,0.016758859923994954,0.011522816854456937,-0.017715462666666668,0.006354687333333324,341.56
30.756,0.016418859923994947,0.011862816854456944,-0.018315462666666657,0.006864687333333334,341.56
30.76,0.01607885992399494,0.012122816854456982,-0.018905462666666664,0.007124687333333345,341.56
30.764,0.015728859923994924,0.01246281685445699,-0.019505462666666654,0.007384687333333327,341.56
30.768,0.01530885992399495,0.01280281685445694,-0.020185462666666668,0.007894687333333338,341.56
30.772,0.014788859923994929,0.013142816854456948,-0.02070546266666666,0.008404687333333348,341.56
30.776,0.01419885992399495,0.01357281685445699,-0.021125462666666664,0.008834687333333362,341.56
30.78,0.013768859923994908,0.014082816854456944,-0.021555462666666678,0.009264687333333348,341.56
30.784,0.013338859923994922,0.014512816854456986,-0.02181546266666666,0.009774687333333358,341.56
30.788,0.012738859923994933,0.014762816854456958,-0.022235462666666664,0.010374687333333348,341.56
30.792,0.012148859923994953,0.014942816854456972,-0.022495462666666674,0.010884687333333358,341.56
30.796,0.011548859923994908,0.015362816854456948,-0.022755462666666657,0.011304687333333334,341.56
30.8,0.010778859923994915,0.015452816854456982,-0.023005462666666657,0.011654687333333351,341.56
30.804,0.01026885992399496,0.015452816854456982,-0.023095462666666663,0.012074687333333327,341.56
30.808,0.009588859923994946,0.01579281685445699,-0.02317546266666666,0.012674687333333316,341.56
30.812,0.008898859923994923,0.01605281685445697,-0.02343546266666667,0.013274687333333361,341.56
30.816,0.008298859923994933,0.016222816854456975,-0.023515462666666667,0.013784687333333316,341.56
30.82,0.007538859923994922,0.016472816854456947,-0.023515462666666667,0.014214687333333358,341.56
30.824,0.006598859923994926,0.016472816854456947,-0.02343546266666667,0.01446468733333333,341.56
30.828,0.006078859923994933,0.016562816854456982,-0.02317546266666666,0.01498468733333335,341.56
30.832,0.005738859923994926,0.016812816854456954,-0.02317546266666666,0.015324687333333357,341.56
30.836,0.005148859923994947,0.01690281685445699,-0.02317546266666666,0.015494687333333361,341.56
30.84,0.004208859923994923,0.01690281685445699,-0.02292546266666666,0.015834687333333312,341.56
30.844,0.0030988599239949225,0.016982816854456958,-0.022405462666666667,0.01609468733333335,341.56
30.848,0.002158859923994926,0.01724281685445694,-0.02232546266666667,0.016344687333333323,341.56
30.852,0.0013888599239949332,0.01724281685445694,-0.022155462666666667,0.016514687333333326,341.56
30.856,0.0005288599239949335,0.01724281685445694,-0.021555462666666678,0.01660468733333336,341.56
30.86,1.8859923994923086e-05,0.017332816854456975,-0.021045462666666667,0.017034687333333347,341.56
30.864,-0.0006611400760050631,0.017332816854456975,-0.020615462666666654,0.017374687333333354,341.56
30.868,-0.0015211400760050627,0.017072816854456937,-0.020275462666666674,0.017454687333333323,341.56
30.872,-0.002541140076005056,0.016982816854456958,-0.019765462666666664,0.017544687333333357,341.56
30.876,-0.0039111400760050655,0.016982816854456958,-0.019165462666666674,0.01779468733333333,341.56
30.88,-0.004851140076005062,0.01690281685445699,-0.01873546266666666,0.01779468733333333,341.56
30.884,-0.005531140076005076,0.016812816854456954,-0.01848546266666666,0.01779468733333333,341.56
30.888,-0.005961140076005062,0.016732816854456985,-0.018055462666666675,0.01779468733333333,341.56
30.892,-0.0063811400760050655,0.016562816854456982,-0.017455462666666657,0.01771468733333336,341.56
30.896,-0.006811140076005079,0.016562816854456982,-0.016945462666666675,0.01779468733333333,341.56
30.9,-0.006981140076005055,0.01639281685445698,-0.016435462666666664,0.01779468733333333,341.56
30.904,-0.007071140076005062,0.01605281685445697,-0.015745462666666668,0.01779468733333333,341.56
30.908,-0.007321140076005062,0.015962816854456937,-0.014985462666666657,0.01779468733333333,341.56
30.912,-0.008001140076005076,0.015702816854456954,-0.014385462666666668,0.01771468733333336,341.56
30.916,-0.008431140076005062,0.015622816854456986,-0.013695462666666672,0.017544687333333357,341.56
30.92,-0.008771140076005069,0.015362816854456948,-0.013185462666666661,0.017624687333333326,341.56
30.924,-0.009201140076005055,0.015362816854456948,-0.012415462666666668,0.017624687333333326,341.56
30.928,-0.010481140076005058,0.015192816854456944,-0.011565462666666679,0.01728468733333332,341.56
30.932,-0.012961140076005068,0.014852816854456937,-0.010965462666666662,0.01720468733333335,341.56
30.936,-0.014491140076005072,0.014762816854456958,-0.010365462666666672,0.016864687333333343,341.56
30.94,-0.01569114007600508,0.014512816854456986,-0.009685462666666658,0.016514687333333326,341.56
30.944,-0.016711140076005073,0.014342816854456982,-0.009085462666666669,0.016344687333333323,341.56
30.948,-0.017821140076005073,0.014002816854456975,-0.007465462666666658,0.015834687333333312,341.56
30.952,-0.018591140076005066,0.013742816854456937,-0.005415462666666661,0.015404687333333326,341.56
30.956,-0.019191140076005055,0.01357281685445699,-0.005925462666666672,0.015154687333333354,341.56
30.96,-0.019531140076005062,0.013232816854456982,-0.0067854626666666714,0.015234687333333323,341.56
30.964,-0.019961140076005076,0.01280281685445694,-0.006695462666666665,0.014894687333333316,341.56
30.968,-0.020561140076005065,0.012372816854456955,-0.006275462666666661,0.01446468733333333,341.56
30.972,-0.021071140076005076,0.011862816854456944,-0.005845462666666675,0.014124687333333323,341.56
30.976,-0.02158114007600506,0.011262816854456955,-0.005415462666666661,0.013784687333333316,341.56
30.98,-0.02184114007600507,0.010842816854456979,-0.004985462666666675,0.01344468733333331,341.56
30.984,-0.02209114007600507,0.010412816854456938,-0.004565462666666672,0.013014687333333323,341.56
30.988,-0.02235114007600508,0.009902816854456983,-0.004135462666666658,0.012594687333333347,341.56
30.992,-0.022441140076005058,0.009472816854456941,-0.003705462666666672,0.012164687333333361,341.56
30.996,-0.022521140076005055,0.009212816854456959,-0.0032854626666666683,0.011654687333333351,341.56
31.0,-0.022781140076005065,0.009042816854456955,-0.0028554626666666546,0.01122468733333331,341.56
31.004,-0.022781140076005065,0.008702816854456976,-0.0024254626666666687,0.010884687333333358,341.56
31.008,-0.022781140076005065,0.008272816854456962,-0.0014854626666666723,0.010374687333333348,341.56
31.012,-0.022781140076005065,0.007762816854456953,0.000564537333333324,0.009774687333333358,341.56
31.016,-0.022781140076005065,0.0074228168544569735,0.0024345373333333345,0.009264687333333348,341.56
31.02,-0.02269114007600506,0.006652816854456953,0.0027845373333333237,0.008744687333333327,341.56
31.024,-0.022441140076005058,0.005802816854456963,0.0031245373333333307,0.008324687333333324,341.56
31.028,-0.02235114007600508,0.004942816854456964,0.003634537333333341,0.007974687333333334,341.56
31.032,-0.02235114007600508,0.004262816854456977,0.004314537333333327,0.007384687333333327,341.56
31.036,-0.02209114007600507,0.0034928168544569567,0.004744537333333341,0.006784687333333338,341.56
31.04,-0.021921140076005066,0.0024728168544569636,0.005084537333333348,0.006014687333333345,341.56
31.044,-0.021671140076005065,0.0018728168544569742,0.005514537333333334,0.005074687333333348,341.56
31.048,-0.021501140076005062,0.001272816854456957,0.006024537333333344,0.0043946873333333344,341.56
31.052,-0.021151140076005073,0.0006728168544569674,0.0067045373333333306,0.003794687333333345,341.56
31.056,-0.020901140076005072,0.00025281685445696373,0.007224537333333323,0.003114687333333331,341.56
31.06,-0.02073114007600507,-0.00017718314554304997,0.007644537333333327,0.002684687333333345,341.56
31.064,-0.020301140076005055,-0.0006871831455430327,0.00807453733333334,0.0021746873333333347,341.56
31.068,-0.019791140076005072,-0.0011171831455430463,0.008414537333333347,0.0014846873333333385,341.56
31.072,-0.019451140076005066,-0.001967183145543036,0.008754537333333326,0.0008046873333333246,341.56
31.076,-0.018681140076005073,-0.003677183145543025,0.009184537333333312,0.00020468733333333516,341.56
31.08,-0.018081140076005055,-0.005127183145543032,0.009614537333333353,-0.0006453126666666545,341.56
31.084,-0.017821140076005073,-0.006327183145543039,0.01003453733333333,-0.001495312666666672,341.56
31.088,-0.01740114007600507,-0.007347183145543032,0.01055453733333335,-0.002265312666666665,341.56
31.092,-0.016711140076005073,-0.008457183145543033,0.010974537333333326,-0.0030353126666666577,341.56
31.096,-0.01629114007600507,-0.009227183145543025,0.011234537333333308,-0.0038053126666666784,341.56
31.1,-0.015861140076005056,-0.009737183145543036,0.011744537333333319,-0.004145312666666658,341.56
31.104,-0.015181140076005068,-0.01016718314554305,0.01217453733333336,-0.004405312666666668,341.56
31.108,-0.014671140076005057,-0.010337183145543025,0.012514537333333312,-0.005085312666666654,341.56
31.112,-0.014071140076005068,-0.010597183145543036,0.012944537333333353,-0.005855312666666675,341.56
31.116,-0.013381140076005072,-0.011707183145543035,0.013364537333333329,-0.006455312666666664,341.56
31.12,-0.012961140076005068,-0.012897183145543032,0.013624537333333311,-0.007135312666666678,341.56
31.124,-0.012271140076005072,-0.014007183145543032,0.013794537333333315,-0.007985312666666668,341.56
31.128,-0.011681140076005065,-0.014947183145543028,0.014134537333333322,-0.008845312666666667,341.56
31.132,-0.010991140076005068,-0.015807183145543028,0.014474537333333329,-0.00961531266666666,341.56
31.136,-0.010481140076005058,-0.01656718314554304,0.014564537333333308,-0.010465312666666678,341.56
31.14,-0.009801140076005072,-0.017167183145543028,0.014654537333333342,-0.011575312666666678,341.56
31.144,-0.008941140076005072,-0.017767183145543045,0.01499453733333335,-0.012515312666666674,341.56
31.148,-0.008351140076005065,-0.018277183145543028,0.015244537333333322,-0.013285312666666667,341.56
31.152,-0.007661140076005069,-0.018877183145543045,0.01550453733333336,-0.014135312666666656,341.56
31.156,-0.006981140076005055,-0.01955718314554303,0.015764537333333342,-0.014995312666666656,341.56
31.16,-0.006301140076005069,-0.020067183145543042,0.01584453733333331,-0.015755312666666667,341.56
31.164,-0.005441140076005069,-0.02041718314554303,0.01610453733333335,-0.016445312666666663,341.56
31.168,-0.004671140076005076,-0.020757183145543038,0.016274537333333353,-0.01703531266666667,341.56
31.172,-0.0042511400760050725,-0.02117718314554304,0.01661453733333336,-0.01763531266666666,341.56
31.176,-0.0037411400760050625,-0.021607183145543028,0.016784537333333308,-0.01814531266666667,341.56
31.18,-0.00348114007600508,-0.02203718314554304,0.016874537333333342,-0.018575312666666656,341.56
31.184,-0.0030511400760050663,-0.022377183145543048,0.017044537333333346,-0.019085312666666666,341.56
31.188,-0.00237114007600508,-0.022467183145543027,0.017124537333333315,-0.019515312666666652,341.56
31.192,-0.001771140076005063,-0.022807183145543034,0.017124537333333315,-0.01985531266666666,341.56
31.196,-0.0011711400760050735,-0.023227183145543038,0.017044537333333346,-0.020285312666666673,341.56
31.2,-0.0005811400760050663,-0.023577183145543027,0.017044537333333346,-0.02071531266666666,341.56
31.204,1.8859923994923086e-05,-0.023657183145543024,0.017044537333333346,-0.021055312666666666,341.56
31.208,0.0005288599239949335,-0.023577183145543027,0.017044537333333346,-0.021395312666666673,341.56
31.212,0.0008788599239949227,-0.023657183145543024,0.017044537333333346,-0.021655312666666655,341.56
31.216,0.0013888599239949332,-0.023657183145543024,0.017044537333333346,-0.021905312666666656,341.56
31.22,0.0020688599239949194,-0.023657183145543024,0.017044537333333346,-0.02207531266666666,341.56
31.224,0.00257885992399493,-0.023657183145543024,0.017124537333333315,-0.02233531266666667,341.56
31.228,0.0030088599239949435,-0.023577183145543027,0.017124537333333315,-0.02233531266666667,341.56
31.232,0.0034388599239949295,-0.023577183145543027,0.017044537333333346,-0.02233531266666667,341.56
31.236,0.004118859923994944,-0.023227183145543038,0.017044537333333346,-0.02233531266666667,341.56
31.24,0.0046288599239949265,-0.02288718314554303,0.017044537333333346,-0.02233531266666667,341.56
31.244,0.005148859923994947,-0.022717183145543027,0.016784537333333308,-0.022245312666666663,341.56
31.248,0.005488859923994926,-0.022467183145543027,0.016274537333333353,-0.021995312666666662,341.56
31.252,0.005998859923994937,-0.022377183145543048,0.016184537333333318,-0.02182531266666666,341.56
31.256,0.006598859923994926,-0.021947183145543035,0.016184537333333318,-0.021565312666666676,341.56
31.26,0.0071088599239949365,-0.02126718314554305,0.016184537333333318,-0.02147531266666667,341.56
31.264,0.007538859923994922,-0.020837183145543035,0.015934537333333346,-0.021055312666666666,341.56
31.268,0.00787885992399493,-0.020497183145543028,0.015674537333333308,-0.020625312666666652,341.56
31.272,0.008298859923994933,-0.019987183145543045,0.015414537333333325,-0.02036531266666667,341.56
31.276,0.008898859923994923,-0.019217183145543024,0.015334537333333356,-0.020195312666666666,341.56
31.28,0.009498859923994912,-0.01870718314554304,0.01499453733333335,-0.01985531266666666,341.56
31.284,0.009928859923994953,-0.018107183145543024,0.014474537333333329,-0.019345312666666677,341.56
31.288,0.01034885992399493,-0.017507183145543035,0.014224537333333356,-0.01874531266666666,341.56
31.292,0.010778859923994915,-0.01708718314554303,0.014054537333333353,-0.018235312666666677,341.56
31.296,0.011208859923994957,-0.016487183145543042,0.013714537333333346,-0.017805312666666663,341.56
31.3,0.011628859923994933,-0.015627183145543042,0.01328453733333336,-0.017295312666666653,341.56
31.304,0.01197885992399495,-0.014947183145543028,0.012684537333333315,-0.016355312666666656,341.56
31.308,0.012398859923994926,-0.014007183145543032,0.01217453733333336,-0.01541531266666666,341.56
31.312,0.012998859923994915,-0.012987183145543039,0.011744537333333319,-0.014905312666666677,341.56
31.316,0.01359885992399496,-0.011787183145543032,0.011494537333333346,-0.014645312666666667,341.56
31.32,0.014108859923994915,-0.010507183145543029,0.012084537333333326,-0.014395312666666667,341.56
31.324,0.014538859923994956,-0.009487183145543036,0.012684537333333315,-0.013965312666666653,341.56
31.328,0.014788859923994929,-0.008377183145543036,0.010634537333333319,-0.012855312666666653,341.56
31.332,0.014968859923994942,-0.007177183145543028,0.009694537333333322,-0.011915312666666657,341.56
31.336,0.01530885992399495,-0.0060671831455430284,0.00892453733333333,-0.011665312666666657,341.56
31.34,0.015728859923994924,-0.0056371831455430425,0.008334537333333322,-0.011145312666666664,341.56
31.344,0.01607885992399494,-0.0056371831455430425,0.007644537333333327,-0.010555312666666657,341.56
31.348,0.016498859923994916,-0.005727183145543049,0.006964537333333341,-0.010035312666666664,341.56
31.352,0.016758859923994954,-0.005387183145543042,0.006284537333333327,-0.009525312666666653,341.56
31.356,0.016758859923994954,-0.004617183145543049,0.005514537333333334,-0.008845312666666667,341.56
31.36,0.017008859923994927,-0.004107183145543039,0.004744537333333341,-0.008325312666666675,341.56
31.364,0.01726885992399491,-0.003077183145543036,0.004144537333333324,-0.007905312666666671,341.56
31.368,0.017438859923994913,-0.002307183145543043,0.003724537333333348,-0.007215312666666675,341.56
31.372,0.01777885992399492,-0.0017971831455430324,0.003034537333333324,-0.006705312666666664,341.56
31.376,0.018038859923994958,-0.001197183145543043,0.002354537333333338,-0.006195312666666654,341.56
31.38,0.018208859923994906,-0.0006071831455430359,0.0017545373333333206,-0.005515312666666668,341.56
31.384,0.018468859923994944,-7.183145543046489e-06,0.0011545373333333312,-0.005085312666666654,341.56
31.388,0.018548859923994913,0.0005928168544569707,0.000904537333333331,-0.004575312666666671,341.56
31.392,0.018638859923994947,0.001272816854456957,0.00021453733333333478,-0.003975312666666654,341.56
31.396,0.01888885992399492,0.0017828168544569674,-0.0005454626666666759,-0.0033753126666666647,341.56
31.4,0.018978859923994954,0.0024728168544569636,-0.001575462666666679,-0.0026953126666666785,341.56
31.404,0.018978859923994954,0.002982816854456974,-0.003025462666666658,-0.0020153126666666646,341.56
31.408,0.018978859923994954,0.00341281685445696,-0.004225462666666665,-0.001155312666666665,341.56
31.412,0.018978859923994954,0.004092816854456974,-0.005165462666666661,-0.0005553126666666755,341.56
31.416,0.018978859923994954,0.004692816854456963,-0.006185462666666654,0.00012468733333333842,341.56
31.42,0.018978859923994954,0.005372816854456977,-0.007125462666666678,0.0005546873333333244,341.56
31.424,0.018978859923994954,0.005802816854456963,-0.007975462666666669,0.0010646873333333348,341.56
31.428,0.01888885992399492,0.00614281685445697,-0.008745462666666662,0.001744687333333321,341.56
31.432,0.018718859923994916,0.006652816854456953,-0.009605462666666661,0.0022546873333333314,341.56
31.436,0.018548859923994913,0.0074228168544569735,-0.010715462666666661,0.002774687333333324,341.56
31.44,0.018468859923994944,0.007932816854456955,-0.011655462666666658,0.0030246873333333243,341.56
31.444,0.018208859923994906,0.008362816854456969,-0.012415462666666668,0.0032846873333333346,341.56
31.448,0.018038859923994958,0.008702816854456976,-0.013275462666666668,0.003884687333333324,341.56
31.452,0.017868859923994954,0.009212816854456959,-0.014125462666666658,0.0043946873333333344,341.56
31.456,0.017948859923994923,0.009562816854456976,-0.014805462666666672,0.004824687333333348,341.56
31.46,0.017608859923994916,0.009902816854456983,-0.015405462666666661,0.005164687333333327,341.56
31.464,0.01726885992399491,0.010322816854456959,-0.016175462666666654,0.005674687333333338,341.56
31.468,0.017008859923994927,0.010842816854456979,-0.01702546266666667,0.006274687333333327,341.56
31.472,0.016838859923994923,0.011262816854456955,-0.017715462666666668,0.006784687333333338,341.56
31.476,0.016498859923994916,0.011692816854456941,-0.018315462666666657,0.007294687333333348,341.56
31.48,0.01615885992399491,0.012122816854456982,-0.01899546266666667,0.007804687333333331,341.56
31.484,0.015728859923994924,0.01246281685445699,-0.01959546266666666,0.008404687333333348,341.56
31.488,0.01530885992399495,0.01280281685445694,-0.020275462666666674,0.008744687333333327,341.56
31.492,0.014878859923994908,0.013062816854456979,-0.02070546266666666,0.00900468733333331,341.56
31.496,0.014368859923994953,0.013402816854456986,-0.021045462666666667,0.009434687333333351,341.56
31.5,0.013768859923994908,0.01391281685445694,-0.02146546266666667,0.009944687333333362,341.56
31.504,0.013338859923994922,0.014082816854456944,-0.021985462666666664,0.010454687333333317,341.56
31.508,0.012738859923994933,0.014422816854456951,-0.022405462666666667,0.010794687333333323,341.56
31.512,0.012148859923994953,0.014682816854456989,-0.022585462666666653,0.011304687333333334,341.56
31.516,0.011628859923994933,0.014942816854456972,-0.022665462666666678,0.011994687333333358,341.56
31.52,0.011118859923994922,0.015192816854456944,-0.02292546266666666,0.012504687333333313,341.56
31.524,0.010518859923994933,0.015192816854456944,-0.023005462666666657,0.012934687333333354,341.56
31.528,0.009928859923994953,0.015362816854456948,-0.02317546266666666,0.01335468733333333,341.56
31.532,0.009068859923994926,0.015622816854456986,-0.02343546266666667,0.013704687333333347,341.56
31.536,0.008298859923994933,0.01579281685445699,-0.02343546266666667,0.014124687333333323,341.56
31.54,0.007708859923994926,0.01605281685445697,-0.023515462666666667,0.014554687333333309,341.56
31.544,0.0071088599239949365,0.01605281685445697,-0.023515462666666667,0.014894687333333316,341.56
31.548,0.0064288599239949226,0.016222816854456975,-0.023265462666666667,0.015234687333333323,341.56
31.552,0.005828859923994933,0.016472816854456947,-0.023095462666666663,0.01566468733333331,341.56
31.556,0.00505885992399494,0.016562816854456982,-0.02292546266666666,0.015754687333333343,341.56
31.56,0.004288859923994947,0.016562816854456982,-0.022755462666666657,0.015834687333333312,341.56
31.564,0.0033488599239949227,0.01664281685445695,-0.022585462666666653,0.01617468733333332,341.56
31.568,0.00257885992399493,0.01690281685445699,-0.022235462666666664,0.01660468733333336,341.56
31.572,0.0018088599239949369,0.01690281685445699,-0.021895462666666657,0.016864687333333343,341.56
31.576,0.0010488599239949262,0.01690281685445699,-0.021555462666666678,0.017114687333333316,341.56
31.58,0.00018885992399492657,0.01690281685445699,-0.021045462666666667,0.017374687333333354,341.56
31.584,-0.0006611400760050631,0.01690281685445699,-0.020615462666666654,0.017544687333333357,341.56
31.588,-0.0016011400760050595,0.01690281685445699,-0.020185462666666668,0.01779468733333333,341.56
31.592,-0.0027111400760050594,0.016812816854456954,-0.019765462666666664,0.01779468733333333,341.56
31.596,-0.00348114007600508,0.01690281685445699,-0.019425462666666657,0.01779468733333333,341.56
31.6,-0.0042511400760050725,0.016812816854456954,-0.019165462666666674,0.01779468733333333,341.56
31.604,-0.005101140076005062,0.01664281685445695,-0.018825462666666667,0.01779468733333333,341.56
31.608,-0.005961140076005062,0.016562816854456982,-0.018225462666666678,0.01779468733333333,341.56
31.612,-0.0063811400760050655,0.016562816854456982,-0.017795462666666664,0.01779468733333333,341.56
31.616,-0.0067211400760050725,0.016472816854456947,-0.01737546266666666,0.01779468733333333,341.56
31.62,-0.007071140076005062,0.016222816854456975,-0.016855462666666668,0.01788468733333331,341.56
31.624,-0.007321140076005062,0.01613281685445694,-0.01626546266666666,0.017974687333333343,341.56
31.628,-0.007661140076005069,0.01605281685445697,-0.01566546266666667,0.01779468733333333,341.56
31.632,-0.008001140076005076,0.01579281685445699,-0.014895462666666678,0.017544687333333357,341.56
31.636,-0.008351140076005065,0.01579281685445699,-0.014215462666666664,0.017544687333333357,341.56
31.64,-0.008861140076005075,0.015702816854456954,-0.013615462666666675,0.017374687333333354,341.56
31.644,-0.009971140076005075,0.015452816854456982,-0.013015462666666658,0.01720468733333335,341.56
31.648,-0.011421140076005054,0.015282816854456979,-0.012335462666666672,0.01728468733333332,341.56
31.652,-0.012871140076005061,0.014852816854456937,-0.011395462666666675,0.017034687333333347,341.56
31.656,-0.014071140076005068,0.014592816854456955,-0.010625462666666655,0.016944687333333312,341.56
31.66,-0.015261140076005065,0.014762816854456958,-0.009005462666666672,0.01660468733333336,341.56
31.664,-0.01629114007600507,0.014592816854456955,-0.0067854626666666714,0.01617468733333332,341.56
31.668,-0.017231140076005066,0.014422816854456951,-0.004985462666666675,0.015924687333333347,341.56
31.672,-0.01791114007600508,0.014002816854456975,-0.003115462666666665,0.015754687333333343,341.56
31.676,-0.01876114007600507,0.013652816854456958,-0.0008954626666666651,0.015404687333333326,341.56
31.68,-0.019451140076005066,0.013312816854456951,0.0014945373333333381,0.01506468733333332,341.56
31.684,-0.01987114007600507,0.013142816854456948,0.0038045373333333446,0.014554687333333309,341.56
31.688,-0.020391140076005062,0.01280281685445694,0.006114537333333323,0.014124687333333323,341.56
31.692,-0.021071140076005076,0.01246281685445699,0.008414537333333347,0.01387468733333335,341.56
31.696,-0.021501140076005062,0.011952816854456979,0.010724537333333353,0.013614687333333313,341.56
31.7,-0.021671140076005065,0.011432816854456958,0.013024537333333322,0.013274687333333361,341.56
31.704,-0.021921140076005066,0.010842816854456979,0.015334537333333356,0.012934687333333354,341.56
31.708,-0.022011140076005072,0.010322816854456959,0.017634537333333325,0.012594687333333347,341.56
31.712,-0.022271140076005055,0.009982816854456952,0.01994453733333336,0.012164687333333361,341.56
31.716,-0.02235114007600508,0.00973281685445698,0.022244537333333328,0.011654687333333351,341.56
31.72,-0.022521140076005055,0.009562816854456976,0.021994537333333355,0.01122468733333331,341.56
31.724,-0.022781140076005065,0.00913281685445699,0.015074537333333318,0.010884687333333358,341.56
31.728,-0.022781140076005065,0.008452816854456976,0.006624537333333334,0.010374687333333348,341.56
31.732,-0.022781140076005065,0.007932816854456955,0.003034537333333324,0.009684687333333324,341.56
31.736,-0.02269114007600506,0.0074228168544569735,0.002354537333333338,0.009174687333333313,341.56
31.74,-0.022521140076005055,0.007082816854456967,0.0025245373333333413,0.008834687333333362,341.56
31.744,-0.022441140076005058,0.00674281685445696,0.003034537333333324,0.008494687333333355,341.56
31.748,-0.02235114007600508,0.006312816854456974,0.003634537333333341,0.007974687333333334,341.56
31.752,-0.02235114007600508,0.005292816854456953,0.004234537333333331,0.007294687333333348,341.56
31.756,-0.02209114007600507,0.004012816854456977,0.004744537333333341,0.006784687333333338,341.56
31.76,-0.022011140076005072,0.0033228168544569532,0.005174537333333327,0.006274687333333327,341.56
31.764,-0.021921140076005066,0.0025528168544569603,0.005514537333333334,0.005584687333333331,341.56
31.768,-0.02158114007600506,0.0017828168544569674,0.006024537333333344,0.004824687333333348,341.56
31.772,-0.02124114007600508,0.0011028168544569535,0.006624537333333334,0.003884687333333324,341.56
31.776,-0.021151140076005073,0.0005928168544569707,0.007134537333333344,0.003114687333333331,341.56
31.78,-0.02073114007600507,0.000162816854456957,0.00756453733333333,0.0026046873333333484,341.56
31.784,-0.020301140076005055,-0.0003471831455430257,0.007984537333333333,0.002084687333333328,341.56
31.788,-0.020041140076005073,-0.0008571831455430361,0.008414537333333347,0.001744687333333321,341.56
31.792,-0.019531140076005062,-0.0018871831455430392,0.00884453733333336,0.0009746873333333281,341.56
31.796,-0.01911114007600506,-0.0035871831455430462,0.009274537333333346,0.00020468733333333516,341.56
31.8,-0.018591140076005066,-0.004787183145543025,0.009614537333333353,-0.0005553126666666755,341.56
31.804,-0.01800114007600506,-0.005987183145543032,0.01003453733333333,-0.0013253126666666684,341.56
31.808,-0.017571140076005073,-0.007177183145543028,0.010464537333333315,-0.002185312666666668,341.56
31.812,-0.017061140076005062,-0.008117183145543026,0.010974537333333326,-0.0031253126666666645,341.56
31.816,-0.01629114007600507,-0.008887183145543046,0.011494537333333346,-0.003635312666666675,341.56
31.82,-0.01578114007600506,-0.009567183145543032,0.011834537333333353,-0.003885312666666675,341.56
31.824,-0.015261140076005065,-0.01016718314554305,0.012344537333333308,-0.004145312666666658,341.56
31.828,-0.014671140076005057,-0.010937183145543043,0.012604537333333346,-0.004315312666666661,341.56
31.832,-0.014151140076005065,-0.011537183145543032,0.012944537333333353,-0.0044853126666666646,341.56
31.836,-0.013641140076005054,-0.011877183145543039,0.01328453733333336,-0.004655312666666668,341.56
31.84,-0.013041140076005065,-0.012727183145543029,0.013794537333333315,-0.0048253126666666715,341.56
31.844,-0.012531140076005054,-0.013837183145543028,0.014224537333333356,-0.004995312666666675,341.56
31.848,-0.011931140076005065,-0.014777183145543025,0.01439453733333336,-0.005175312666666661,341.56
31.852,-0.011341140076005058,-0.015627183145543042,0.014474537333333329,-0.005345312666666664,341.56
31.856,-0.010571140076005065,-0.01622718314554303,0.014734537333333311,-0.006195312666666654,341.56
31.86,-0.009971140076005075,-0.016917183145543028,0.015074537333333318,-0.00875531266666666,341.56
31.864,-0.009291140076005061,-0.017507183145543035,0.015334537333333356,-0.011405312666666674,341.56
31.868,-0.008431140076005062,-0.01819718314554303,0.015414537333333325,-0.012855312666666653,341.56
31.872,-0.007661140076005069,-0.01878718314554304,0.015674537333333308,-0.013885312666666656,341.56
31.876,-0.007071140076005062,-0.019477183145543035,0.01584453733333331,-0.01456531266666667,341.56
31.88,-0.006471140076005072,-0.01989718314554304,0.01610453733333335,-0.015585312666666663,341.56
31.884,-0.005961140076005062,-0.020327183145543024,0.016274537333333353,-0.01652531266666666,341.56
31.888,-0.005101140076005062,-0.020837183145543035,0.016524537333333325,-0.017215312666666656,341.56
31.892,-0.004501140076005073,-0.02126718314554305,0.01661453733333336,-0.017805312666666663,341.56
31.896,-0.004081140076005069,-0.02152718314554303,0.01669453733333333,-0.01849531266666666,341.56
31.9,-0.0036511400760050557,-0.021867183145543038,0.01695453733333331,-0.01900531266666667,341.56
31.904,-0.003141140076005073,-0.022207183145543045,0.01695453733333331,-0.019435312666666656,341.56
31.908,-0.0026311400760050626,-0.022807183145543034,0.017044537333333346,-0.01985531266666666,341.56
31.912,-0.002031140076005073,-0.023057183145543034,0.017124537333333315,-0.02036531266666667,341.56
31.916,-0.001431140076005056,-0.02314718314554304,0.017044537333333346,-0.020885312666666662,341.56
31.92,-0.0008311400760050666,-0.023317183145543045,0.017124537333333315,-0.021135312666666663,341.56
31.924,-0.00023114007600507714,-0.023577183145543027,0.017044537333333346,-0.021565312666666676,341.56
31.928,0.0005288599239949335,-0.023657183145543024,0.017044537333333346,-0.021905312666666656,341.56
31.932,0.0009588599239949195,-0.023657183145543024,0.017124537333333315,-0.022245312666666663,341.56
31.936,0.0012988599239949264,-0.023657183145543024,0.017044537333333346,-0.022505312666666673,341.56
31.94,0.0018988599239949436,-0.023657183145543024,0.017044537333333346,-0.022765312666666655,341.56
31.944,0.002498859923994933,-0.023657183145543024,0.017124537333333315,-0.022765312666666655,341.56
31.948,0.0029288599239949468,-0.023487183145543048,0.017124537333333315,-0.022675312666666676,341.56
31.952,0.0033488599239949227,-0.023317183145543045,0.01669453733333333,-0.022675312666666676,341.56
31.956,0.00394885992399494,-0.02314718314554304,0.016784537333333308,-0.022765312666666655,341.56
31.96,0.00454885992399493,-0.02288718314554303,0.016874537333333342,-0.022765312666666655,341.56
31.964,0.00505885992399494,-0.022717183145543027,0.016444537333333356,-0.022675312666666676,341.56
31.968,0.005488859923994926,-0.022377183145543048,0.016184537333333318,-0.022675312666666676,341.56
31.972,0.005828859923994933,-0.022117183145543038,0.016014537333333315,-0.022415312666666666,341.56
31.976,0.0063388599239949436,-0.021947183145543035,0.016014537333333315,-0.022245312666666663,341.56
31.98,0.00701885992399493,-0.021437183145543024,0.015934537333333346,-0.021905312666666656,341.56
31.984,0.007538859923994922,-0.020837183145543035,0.015764537333333342,-0.021565312666666676,341.56
31.988,0.007958859923994926,-0.020327183145543024,0.015414537333333325,-0.021395312666666673,341.56
31.992,0.00838885992399494,-0.01989718314554304,0.015334537333333356,-0.021055312666666666,341.56
31.996,0.008898859923994923,-0.019387183145543028,0.01499453733333335,-0.020625312666666652,341.56
32.0,0.009498859923994912,-0.01878718314554304,0.014734537333333311,-0.020195312666666666,341.56
32.004,0.009928859923994953,-0.018367183145543035,0.014474537333333329,-0.019685312666666656,341.56
32.008,0.01026885992399496,-0.017767183145543045,0.014134537333333322,-0.019085312666666666,341.56
32.012,0.010698859923994946,-0.017167183145543028,0.013714537333333346,-0.018665312666666663,341.56
32.016,0.011208859923994957,-0.01656718314554304,0.01328453733333336,-0.018235312666666677,341.56
32.02,0.011628859923994933,-0.015807183145543028,0.013024537333333322,-0.017725312666666666,341.56
32.024,0.012058859923994919,-0.014947183145543028,0.012424537333333333,-0.016865312666666667,341.56
32.028,0.01248885992399496,-0.014007183145543032,0.011834537333333353,-0.015845312666666674,341.56
32.032,0.012918859923994946,-0.013067183145543036,0.011404537333333312,-0.015075312666666653,341.56
32.036,0.013508859923994926,-0.01212718314554304,0.01106453733333336,-0.013885312666666656,341.56
32.04,0.014028859923994946,-0.01101718314554304,0.010894537333333357,-0.013025312666666657,341.56
32.044,0.014448859923994922,-0.01016718314554305,0.010724537333333353,-0.012175312666666667,341.56
32.048,0.014618859923994925,-0.009227183145543025,0.010204537333333333,-0.011145312666666664,341.56
32.052,0.014968859923994942,-0.008117183145543026,0.009614537333333353,-0.010375312666666671,341.56
32.056,0.01530885992399495,-0.007007183145543025,0.009014537333333308,-0.010465312666666678,341.56
32.06,0.015728859923994924,-0.005897183145543025,0.008414537333333347,-0.01072531266666666,341.56
32.064,0.01615885992399491,-0.0052971831455430355,0.007734537333333334,-0.01072531266666666,341.56
32.068,0.01658885992399495,-0.005557183145543046,0.007134537333333344,-0.010375312666666671,341.56
32.072,0.016838859923994923,-0.005387183145543042,0.006284537333333327,-0.009695312666666657,341.56
32.076,0.017008859923994927,-0.004957183145543029,0.005514537333333334,-0.009095312666666668,341.56
32.08,0.017098859923994906,-0.004877183145543032,0.004744537333333341,-0.008415312666666654,341.56
32.084,0.01726885992399491,-0.004107183145543039,0.004144537333333324,-0.0077353126666666674,341.56
32.088,0.017438859923994913,-0.003337183145543046,0.003724537333333348,-0.007135312666666678,341.56
32.092,0.01769885992399495,-0.002657183145543032,0.0034645373333333377,-0.006365312666666657,341.56
32.096,0.017868859923994954,-0.0020571831455430427,0.003034537333333324,-0.005765312666666668,341.56
32.1,0.018118859923994927,-0.0015471831455430322,0.0025245373333333413,-0.005175312666666661,341.56
32.104,0.018208859923994906,-0.0010271831455430395,0.002354537333333338,-0.004575312666666671,341.56
32.108,0.018468859923994944,-0.0002571831455430467,0.002354537333333338,-0.004065312666666661,341.56
32.112,0.018548859923994913,0.0004228168544569672,0.002354537333333338,-0.0037153126666666716,341.56
32.116,0.018718859923994916,0.0010228168544569568,0.002354537333333338,-0.0031253126666666645,341.56
32.12,0.01880885992399495,0.0017828168544569674,0.0018445373333333273,-0.002525312666666675,341.56
32.124,0.01888885992399492,0.0024728168544569636,-0.00029546266666667566,-0.0017553126666666544,341.56
32.128,0.018978859923994954,0.003072816854456953,-0.003025462666666658,-0.0009053126666666647,341.56
32.132,0.018978859923994954,0.003752816854456967,-0.004475462666666665,-0.0001353126666666718,341.56
32.136,0.018978859923994954,0.004352816854456956,-0.005585462666666665,0.0006346873333333211,341.56
32.14,0.01888885992399492,0.00503281685445697,-0.006695462666666665,0.001314687333333335,341.56
32.144,0.01888885992399492,0.005372816854456977,-0.007465462666666658,0.001744687333333321,341.56
32.148,0.018638859923994947,0.005972816854456967,-0.008145462666666672,0.0021746873333333347,341.56
32.152,0.018638859923994947,0.006572816854456956,-0.009255462666666672,0.002854687333333321,341.56
32.156,0.018548859923994913,0.007082816854456967,-0.010285462666666675,0.003114687333333331,341.56
32.16,0.01829885992399494,0.007682816854456956,-0.011225462666666672,0.003454687333333338,341.56
32.164,0.018038859923994958,0.008272816854456962,-0.012075462666666661,0.003884687333333324,341.56
32.168,0.017868859923994954,0.008792816854456983,-0.012845462666666654,0.004224687333333331,341.56
32.172,0.017948859923994923,0.009212816854456959,-0.013615462666666675,0.004564687333333338,341.56
32.176,0.01769885992399495,0.009472816854456941,-0.014555462666666671,0.005164687333333327,341.56
32.18,0.017608859923994916,0.009902816854456983,-0.015325462666666664,0.005584687333333331,341.56
32.184,0.01726885992399491,0.010322816854456959,-0.015835462666666675,0.006014687333333345,341.56
32.188,0.017008859923994927,0.010842816854456979,-0.01651546266666666,0.006354687333333324,341.56
32.192,0.016838859923994923,0.011262816854456955,-0.01737546266666666,0.006864687333333334,341.56
32.196,0.016328859923994913,0.011602816854456962,-0.01813546266666667,0.007464687333333324,341.56
32.2,0.015818859923994958,0.012032816854456948,-0.01873546266666666,0.007894687333333338,341.56
32.204,0.015728859923994924,0.012372816854456955,-0.019335462666666678,0.008154687333333348,341.56
32.208,0.015388859923994918,0.01280281685445694,-0.01984546266666666,0.008574687333333324,341.56
32.212,0.014788859923994929,0.013232816854456982,-0.020445462666666678,0.009084687333333334,341.56
32.216,0.014108859923994915,0.013652816854456958,-0.021045462666666667,0.009604687333333355,341.56
32.22,0.01359885992399496,0.01391281685445694,-0.02146546266666667,0.01002468733333333,341.56
32.224,0.013258859923994953,0.014082816854456944,-0.02181546266666666,0.010544687333333351,341.56
32.228,0.012828859923994912,0.014422816854456951,-0.02232546266666667,0.011054687333333361,341.56
32.232,0.012228859923994922,0.014852816854456937,-0.022665462666666678,0.011654687333333351,341.56
32.236,0.011718859923994912,0.015112816854456975,-0.022835462666666653,0.012074687333333327,341.56
32.24,0.011118859923994922,0.015362816854456948,-0.023095462666666663,0.012504687333333313,341.56
32.244,0.010438859923994908,0.015532816854456951,-0.023265462666666667,0.012934687333333354,341.56
32.248,0.009838859923994919,0.015532816854456951,-0.023515462666666667,0.01335468733333333,341.56
32.252,0.009068859923994926,0.01579281685445699,-0.023515462666666667,0.013704687333333347,341.56
32.256,0.008298859923994933,0.01605281685445697,-0.023515462666666667,0.014044687333333354,341.56
32.26,0.007618859923994947,0.01605281685445697,-0.023515462666666667,0.014384687333333361,341.56
32.264,0.00701885992399493,0.016222816854456975,-0.023515462666666667,0.014894687333333316,341.56
32.268,0.0064288599239949226,0.016472816854456947,-0.023515462666666667,0.01506468733333332,341.56
32.272,0.00590885992399493,0.016562816854456982,-0.023515462666666667,0.015404687333333326,341.56
32.276,0.005228859923994944,0.016562816854456982,-0.023515462666666667,0.01566468733333331,341.56
32.28,0.004288859923994947,0.016562816854456982,-0.023095462666666663,0.015924687333333347,341.56
32.284,0.0034388599239949295,0.016812816854456954,-0.022755462666666657,0.016264687333333354,341.56
32.288,0.002498859923994933,0.01690281685445699,-0.022585462666666653,0.016514687333333326,341.56
32.292,0.0017288599239949401,0.01690281685445699,-0.022235462666666664,0.01668468733333333,341.56
32.296,0.0009588599239949195,0.01690281685445699,-0.02181546266666666,0.016944687333333312,341.56
32.3,0.00018885992399492657,0.01690281685445699,-0.02146546266666667,0.017034687333333347,341.56
32.304,-0.0006611400760050631,0.01690281685445699,-0.021045462666666667,0.01728468733333332,341.56
32.308,-0.0015211400760050627,0.016812816854456954,-0.020615462666666654,0.017454687333333323,341.56
32.312,-0.00237114007600508,0.01690281685445699,-0.02035546266666667,0.017544687333333357,341.56
32.316,-0.003141140076005073,0.01690281685445699,-0.01984546266666666,0.01779468733333333,341.56
32.32,-0.003991140076005062,0.016812816854456954,-0.01924546266666667,0.01779468733333333,341.56
32.324,-0.005021140076005065,0.01664281685445695,-0.01873546266666666,0.01779468733333333,341.56
32.328,-0.0060411400760050585,0.01664281685445695,-0.01848546266666666,0.01779468733333333,341.56
32.332,-0.006811140076005079,0.016562816854456982,-0.01813546266666667,0.01779468733333333,341.56
32.336,-0.007071140076005062,0.01639281685445698,-0.017715462666666668,0.01779468733333333,341.56
32.34,-0.006811140076005079,0.01613281685445694,-0.017115462666666678,0.01779468733333333,341.56
32.344,-0.006641140076005076,0.01613281685445694,-0.016435462666666664,0.01771468733333336,341.56
32.348,-0.006811140076005079,0.01605281685445697,-0.015575462666666665,0.017544687333333357,341.56
32.352,-0.007411140076005069,0.01579281685445699,-0.014895462666666678,0.017544687333333357,341.56
32.356,-0.008181140076005062,0.015622816854456986,-0.014125462666666658,0.017374687333333354,341.56
32.36,-0.009031140076005079,0.015362816854456948,-0.013615462666666675,0.017114687333333316,341.56
32.364,-0.009801140076005072,0.015282816854456979,-0.013015462666666658,0.016944687333333312,341.56
32.368,-0.011081140076005075,0.015112816854456975,-0.012075462666666661,0.01668468733333333,341.56
32.372,-0.013041140076005065,0.015112816854456975,-0.011135462666666665,0.01668468733333333,341.56
32.376,-0.014151140076005065,0.014852816854456937,-0.010115462666666672,0.016514687333333326,341.56
32.38,-0.015181140076005068,0.014592816854456955,-0.009255462666666672,0.016264687333333354,341.56
32.384,-0.01603114007600506,0.014422816854456951,-0.008405462666666655,0.01617468733333332,341.56
32.388,-0.017061140076005062,0.014172816854456979,-0.007465462666666658,0.015834687333333312,341.56
32.392,-0.01791114007600508,0.014002816854456975,-0.006355462666666658,0.01557468733333333,341.56
32.396,-0.018681140076005073,0.013652816854456958,-0.005335462666666665,0.015324687333333357,341.56
32.4,-0.019191140076005055,0.013312816854456951,-0.0043054626666666615,0.014894687333333316,341.56
32.404,-0.019531140076005062,0.012972816854456944,-0.0032854626666666683,0.014384687333333361,341.56
32.408,-0.020041140076005073,0.01280281685445694,-0.002255462666666665,0.014124687333333323,341.56
32.412,-0.020641140076005062,0.01246281685445699,-0.001235462666666672,0.013784687333333316,341.56
32.416,-0.021151140076005073,0.011952816854456979,-0.00020546266666666892,0.01335468733333333,341.56
32.42,-0.021501140076005062,0.011432816854456958,0.0008145373333333242,0.012934687333333354,341.56
32.424,-0.021671140076005065,0.010842816854456979,0.0018445373333333273,0.012594687333333347,341.56
32.428,-0.021921140076005066,0.010322816854456959,0.0028645373333333205,0.012164687333333361,341.56
32.432,-0.022011140076005072,0.009982816854456952,0.0038945373333333236,0.011654687333333351,341.56
32.436,-0.022271140076005055,0.009472816854456941,0.0049145373333333445,0.01122468733333331,341.56
32.44,-0.022441140076005058,0.008962816854456986,0.005944537333333348,0.010884687333333358,341.56
32.444,-0.022521140076005055,0.00913281685445699,0.006874537333333334,0.010544687333333351,341.56
32.448,-0.022781140076005065,0.008792816854456983,0.006964537333333341,0.01011468733333331,341.56
32.452,-0.022861140076005062,0.008022816854456962,0.005174537333333327,0.009684687333333324,341.56
32.456,-0.022861140076005062,0.007592816854456977,0.0031245373333333307,0.009264687333333348,341.56
32.46,-0.022521140076005055,0.00725281685445697,0.0028645373333333205,0.008834687333333362,341.56
32.464,-0.02235114007600508,0.006822816854456956,0.0032045373333333274,0.008324687333333324,341.56
32.468,-0.02235114007600508,0.00614281685445697,0.003634537333333341,0.007724687333333334,341.56
32.472,-0.02235114007600508,0.005292816854456953,0.004234537333333331,0.007214687333333324,341.56
32.476,-0.022181140076005076,0.004262816854456977,0.004654537333333334,0.006784687333333338,341.56
32.48,-0.02209114007600507,0.0032428168544569565,0.005084537333333348,0.006274687333333327,341.56
32.484,-0.021921140076005066,0.0022128168544569534,0.005594537333333331,0.005674687333333338,341.56
32.488,-0.02158114007600506,0.0015328168544569672,0.006194537333333348,0.005074687333333348,341.56
32.492,-0.02124114007600508,0.0010228168544569568,0.0067045373333333306,0.004304687333333328,341.56
32.496,-0.021151140076005073,0.0004228168544569672,0.007224537333333323,0.003454687333333338,341.56
32.5,-0.02073114007600507,-7.183145543046489e-06,0.00756453733333333,0.002774687333333324,341.56
32.504,-0.020301140076005055,-7.183145543046489e-06,0.007984537333333333,0.0021746873333333347,341.56
32.508,-0.01987114007600507,-7.183145543046489e-06,0.008414537333333347,0.0015746873333333453,341.56
32.512,-0.019451140076005066,-0.0009471831455430429,0.008754537333333326,0.0011446873333333316,341.56
32.516,-0.01911114007600506,-0.0029071831455430323,0.009184537333333312,0.0006346873333333211,341.56
32.52,-0.018421140076005062,-0.004357183145543039,0.009614537333333353,-0.0001353126666666718,341.56
32.524,-0.018081140076005055,-0.005557183145543046,0.01003453733333333,-0.0010753126666666682,341.56
32.528,-0.017821140076005073,-0.006407183145543035,0.01055453733333335,-0.001845312666666661,341.56
32.532,-0.01714114007600506,-0.007347183145543032,0.010974537333333326,-0.0026053126666666718,341.56
32.536,-0.016711140076005073,-0.008457183145543033,0.011234537333333308,-0.0033753126666666647,341.56
32.54,-0.016201140076005063,-0.009317183145543032,0.01166453733333335,-0.004145312666666658,341.56
32.544,-0.015521140076005075,-0.010077183145543043,0.012084537333333326,-0.0048253126666666715,341.56
32.548,-0.014921140076005058,-0.010937183145543043,0.012514537333333312,-0.005425312666666661,341.56
32.552,-0.014321140076005068,-0.011617183145543029,0.012854537333333318,-0.006195312666666654,341.56
32.556,-0.013811140076005058,-0.012217183145543046,0.01328453733333336,-0.0069653126666666745,341.56
32.56,-0.013301140076005075,-0.012987183145543039,0.013794537333333315,-0.0077353126666666674,341.56
32.564,-0.012531140076005054,-0.013837183145543028,0.014134537333333322,-0.00850531266666666,341.56
32.568,-0.012021140076005072,-0.014517183145543042,0.014224537333333356,-0.009265312666666671,341.56
32.572,-0.011421140076005054,-0.015117183145543032,0.014224537333333356,-0.010035312666666664,341.56
32.576,-0.010821140076005065,-0.015887183145543025,0.014564537333333308,-0.010805312666666657,341.56
32.58,-0.010141140076005079,-0.01656718314554304,0.014824537333333346,-0.011575312666666678,341.56
32.584,-0.009711140076005065,-0.017167183145543028,0.01499453733333335,-0.01234531266666667,341.56
32.588,-0.009031140076005079,-0.017767183145543045,0.015244537333333322,-0.01294531266666666,341.56
32.592,-0.008261140076005058,-0.018367183145543035,0.01550453733333336,-0.013535312666666667,341.56
32.596,-0.007411140076005069,-0.01904718314554305,0.015764537333333342,-0.014395312666666667,341.56
32.6,-0.006981140076005055,-0.01955718314554303,0.01584453733333331,-0.015075312666666653,341.56
32.604,-0.0060411400760050585,-0.01989718314554304,0.01610453733333335,-0.016105312666666656,341.56
32.608,-0.005361140076005072,-0.020327183145543024,0.016274537333333353,-0.016865312666666667,341.56
32.612,-0.004761140076005055,-0.020837183145543035,0.016524537333333325,-0.017465312666666656,341.56
32.616,-0.003991140076005062,-0.02126718314554305,0.01661453733333336,-0.018325312666666656,341.56
32.62,-0.00348114007600508,-0.021607183145543028,0.016524537333333325,-0.018915312666666663,341.56
32.624,-0.0030511400760050663,-0.021947183145543035,0.01661453733333336,-0.019345312666666677,341.56
32.628,-0.0027111400760050594,-0.022207183145543045,0.016784537333333308,-0.019775312666666663,341.56
32.632,-0.0022011400760050767,-0.022547183145543024,0.017044537333333346,-0.020285312666666673,341.56
32.636,-0.0016011400760050595,-0.02314718314554304,0.017124537333333315,-0.02071531266666666,341.56
32.64,-0.00100114007600507,-0.023407183145543024,0.017044537333333346,-0.021055312666666666,341.56
32.644,-0.00041114007600506286,-0.023657183145543024,0.017044537333333346,-0.021395312666666673,341.56
32.648,0.00018885992399492657,-0.023657183145543024,0.017044537333333346,-0.021735312666666652,341.56
32.652,0.0009588599239949195,-0.023577183145543027,0.017044537333333346,-0.021995312666666662,341.56
32.656,0.0013888599239949332,-0.023577183145543027,0.017044537333333346,-0.022245312666666663,341.56
32.66,0.0017288599239949401,-0.023657183145543024,0.01695453733333331,-0.02233531266666667,341.56
32.664,0.002238859923994923,-0.023657183145543024,0.01669453733333333,-0.022595312666666652,341.56
32.668,0.0029288599239949468,-0.023577183145543027,0.01669453733333333,-0.022765312666666655,341.56
32.672,0.0034388599239949295,-0.023657183145543024,0.01669453733333333,-0.022845312666666652,341.56
32.676,0.003858859923994933,-0.023487183145543048,0.016524537333333325,-0.023015312666666655,341.56
32.68,0.004378859923994926,-0.023057183145543034,0.016274537333333353,-0.022845312666666652,341.56
32.684,0.0049688599239949335,-0.022977183145543038,0.016274537333333353,-0.022675312666666676,341.56
32.688,0.005488859923994926,-0.022467183145543027,0.016184537333333318,-0.022675312666666676,341.56
32.692,0.005828859923994933,-0.022207183145543045,0.016184537333333318,-0.022675312666666676,341.56
32.696,0.006258859923994947,-0.021947183145543035,0.015934537333333346,-0.022415312666666666,341.56
32.7,0.006678859923994923,-0.021607183145543028,0.01584453733333331,-0.022165312666666666,341.56
32.704,0.007188859923994933,-0.02117718314554304,0.015674537333333308,-0.021905312666666656,341.56
32.708,0.00787885992399493,-0.020757183145543038,0.015334537333333356,-0.021735312666666652,341.56
32.712,0.00838885992399494,-0.02015718314554305,0.015074537333333318,-0.02147531266666667,341.56
32.716,0.008728859923994947,-0.01955718314554303,0.014824537333333346,-0.021055312666666666,341.56
32.72,0.00915885992399496,-0.019217183145543024,0.014474537333333329,-0.020625312666666652,341.56
32.724,0.009668859923994915,-0.01878718314554304,0.014304537333333325,-0.02036531266666667,341.56
32.728,0.010178859923994926,-0.018277183145543028,0.014054537333333353,-0.01985531266666666,341.56
32.732,0.010778859923994915,-0.017597183145543042,0.013714537333333346,-0.019345312666666677,341.56
32.736,0.011288859923994926,-0.016917183145543028,0.013364537333333329,-0.01874531266666666,341.56
32.74,0.011628859923994933,-0.01597718314554303,0.013024537333333322,-0.01814531266666667,341.56
32.744,0.012058859923994919,-0.015287183145543035,0.012424537333333333,-0.017215312666666656,341.56
32.748,0.01248885992399496,-0.014517183145543042,0.011834537333333353,-0.016185312666666653,341.56
32.752,0.012738859923994933,-0.013587183145543028,0.011314537333333333,-0.01541531266666666,341.56
32.756,0.013258859923994953,-0.012987183145543039,0.010974537333333326,-0.01456531266666667,341.56
32.76,0.013678859923994929,-0.01238718314554305,0.010894537333333357,-0.013625312666666674,341.56
32.764,0.014108859923994915,-0.011707183145543035,0.010634537333333319,-0.012515312666666674,341.56
32.768,0.014538859923994956,-0.01101718314554304,0.010294537333333312,-0.01148531266666667,341.56
32.772,0.014788859923994929,-0.010337183145543025,0.009614537333333353,-0.010465312666666678,341.56
32.776,0.01530885992399495,-0.00965718314554304,0.00892453733333333,-0.009435312666666675,341.56
32.78,0.015728859923994924,-0.008717183145543043,0.008334537333333322,-0.008845312666666667,341.56
32.784,0.01607885992399494,-0.007267183145543035,0.007644537333333327,-0.009185312666666674,341.56
32.788,0.016248859923994944,-0.005897183145543025,0.0070545373333333475,-0.009525312666666653,341.56
32.792,0.016418859923994947,-0.005467183145543039,0.006364537333333324,-0.009355312666666678,341.56
32.796,0.01658885992399495,-0.005387183145543042,0.005514537333333334,-0.008845312666666667,341.56
32.8,0.016838859923994923,-0.004697183145543046,0.0045745373333333375,-0.008325312666666675,341.56
32.804,0.017008859923994927,-0.004187183145543036,0.0038045373333333446,-0.007645312666666661,341.56
32.808,0.017358859923994944,-0.003767183145543032,0.003374537333333331,-0.007045312666666671,341.56
32.812,0.017608859923994916,-0.002737183145543029,0.0028645373333333205,-0.006285312666666661,341.56
32.816,0.017868859923994954,-0.001967183145543036,0.002614537333333348,-0.005685312666666671,341.56
32.82,0.018118859923994927,-0.0013671831455430465,0.002354537333333338,-0.0052553126666666575,341.56
32.824,0.018208859923994906,-0.0007771831455430394,0.0024345373333333345,-0.004745312666666675,341.56
32.828,0.018468859923994944,-0.00017718314554304997,0.0027845373333333237,-0.004145312666666658,341.56
32.832,0.018548859923994913,0.0005928168544569707,0.003034537333333324,-0.0033753126666666647,341.56
32.836,0.018638859923994947,0.0013628168544569637,0.003294537333333334,-0.0026953126666666785,341.56
32.84,0.018718859923994916,0.00204281685445695,0.0035445373333333344,-0.0020953126666666613,341.56
32.844,0.018978859923994954,0.002642816854456967,0.0029545373333333272,-0.001495312666666672,341.56
32.848,0.018978859923994954,0.00341281685445696,0.00021453733333333478,-0.0006453126666666545,341.56
32.852,0.018978859923994954,0.004012816854456977,-0.0028554626666666546,0.0004646873333333454,341.56
32.856,0.018978859923994954,0.004602816854456957,-0.004645462666666668,0.0010646873333333348,341.56
32.86,0.018978859923994954,0.005122816854456977,-0.006095462666666675,0.001314687333333335,341.56
32.864,0.01880885992399495,0.005542816854456953,-0.007385462666666661,0.001744687333333321,341.56
32.868,0.018638859923994947,0.006232816854456977,-0.008315462666666676,0.002424687333333335,341.56
32.872,0.018548859923994913,0.00674281685445696,-0.009175462666666676,0.002684687333333345,341.56
32.876,0.018468859923994944,0.00725281685445697,-0.009945462666666668,0.0030246873333333243,341.56
32.88,0.018208859923994906,0.007852816854456959,-0.010195462666666669,0.003194687333333328,341.56
32.884,0.018208859923994906,0.008192816854456966,-0.010625462666666655,0.003534687333333335,341.56
32.888,0.018208859923994906,0.008622816854456952,-0.012165462666666668,0.0039646873333333485,341.56
32.892,0.018118859923994927,0.00913281685445699,-0.013275462666666668,0.004644687333333335,341.56
32.896,0.017868859923994954,0.00973281685445698,-0.014385462666666668,0.005164687333333327,341.56
32.9,0.01769885992399495,0.010322816854456959,-0.01515546266666666,0.005584687333333331,341.56
32.904,0.017358859923994944,0.010842816854456979,-0.015495462666666668,0.005934687333333348,341.56
32.908,0.017098859923994906,0.011182816854456986,-0.016175462666666654,0.006014687333333345,341.56
32.912,0.016838859923994923,0.01135281685445699,-0.016945462666666675,0.0065246873333333275,341.56
32.916,0.016498859923994916,0.011952816854456979,-0.017545462666666664,0.007124687333333345,341.56
32.92,0.016248859923994944,0.012202816854456951,-0.01813546266666667,0.007554687333333331,341.56
32.924,0.015728859923994924,0.01246281685445699,-0.018655462666666664,0.007894687333333338,341.56
32.928,0.01530885992399495,0.01280281685445694,-0.01924546266666667,0.008324687333333324,341.56
32.932,0.014968859923994942,0.013232816854456982,-0.01984546266666666,0.00891468733333333,341.56
32.936,0.014448859923994922,0.013742816854456937,-0.020615462666666654,0.009604687333333355,341.56
32.94,0.013678859923994929,0.014082816854456944,-0.021045462666666667,0.01011468733333331,341.56
32.944,0.013258859923994953,0.014172816854456979,-0.02146546266666667,0.010454687333333317,341.56
32.948,0.012918859923994946,0.014422816854456951,-0.021895462666666657,0.010884687333333358,341.56
32.952,0.012398859923994926,0.014942816854456972,-0.02232546266666667,0.011304687333333334,341.56
32.956,0.011718859923994912,0.015282816854456979,-0.022665462666666678,0.011654687333333351,341.56
32.96,0.011208859923994957,0.015362816854456948,-0.022755462666666657,0.012074687333333327,341.56
32.964,0.010698859923994946,0.015362816854456948,-0.02292546266666666,0.012504687333333313,341.56
32.968,0.009928859923994953,0.015622816854456986,-0.023095462666666663,0.012934687333333354,341.56
32.972,0.00915885992399496,0.015702816854456954,-0.02317546266666666,0.01335468733333333,341.56
32.976,0.008558859923994943,0.015962816854456937,-0.02343546266666667,0.013614687333333313,341.56
32.98,0.00787885992399493,0.01605281685445697,-0.023605462666666674,0.01395468733333332,341.56
32.984,0.0071088599239949365,0.016222816854456975,-0.023605462666666674,0.01446468733333333,341.56
32.988,0.006598859923994926,0.016472816854456947,-0.023515462666666667,0.014814687333333347,341.56
32.992,0.00616885992399494,0.016562816854456982,-0.02343546266666667,0.015234687333333323,341.56
32.996,0.005318859923994923,0.016562816854456982,-0.02317546266666666,0.015234687333333323,341.56
33.0,0.00454885992399493,0.016732816854456985,-0.023095462666666663,0.015494687333333361,341.56
33.004,0.003858859923994933,0.01690281685445699,-0.022835462666666653,0.015834687333333312,341.56
33.008,0.0031788599239949192,0.01690281685445699,-0.022585462666666653,0.01617468733333332,341.56
33.012,0.00257885992399493,0.01690281685445699,-0.022235462666666664,0.016264687333333354,341.56
33.016,0.0017288599239949401,0.016812816854456954,-0.021985462666666664,0.016514687333333326,341.56
33.02,0.0009588599239949195,0.01690281685445699,-0.021725462666666653,0.01668468733333333,341.56
33.024,-6.114007600507365e-05,0.01690281685445699,-0.021125462666666664,0.016944687333333312,341.56
33.028,-0.001341140076005077,0.016812816854456954,-0.02070546266666666,0.017034687333333347,341.56
33.032,-0.0022011400760050767,0.01690281685445699,-0.020445462666666678,0.01720468733333335,341.56
33.036,-0.003141140076005073,0.01690281685445699,-0.019935462666666667,0.017374687333333354,341.56
33.04,-0.003991140076005062,0.01690281685445699,-0.019425462666666657,0.017454687333333323,341.56
33.044,-0.004761140076005055,0.016732816854456985,-0.019165462666666674,0.017454687333333323,341.56
33.048,-0.005611140076005073,0.016562816854456982,-0.018825462666666667,0.017454687333333323,341.56
33.052,-0.006551140076005069,0.016562816854456982,-0.01813546266666667,0.017454687333333323,341.56
33.056,-0.007411140076005069,0.016472816854456947,-0.017715462666666668,0.017454687333333323,341.56
33.06,-0.007321140076005062,0.016472816854456947,-0.017205462666666657,0.017374687333333354,341.56
33.064,-0.0067211400760050725,0.016222816854456975,-0.016605462666666668,0.017454687333333323,341.56
33.068,-0.006211140076005062,0.01605281685445697,-0.016175462666666654,0.017454687333333323,341.56
33.072,-0.006471140076005072,0.01579281685445699,-0.015575462666666665,0.017454687333333323,341.56
33.076,-0.007921140076005079,0.015702816854456954,-0.014635462666666668,0.017374687333333354,341.56
33.08,-0.009031140076005079,0.015622816854456986,-0.014045462666666661,0.017114687333333316,341.56
33.084,-0.009881140076005069,0.015282816854456979,-0.013445462666666672,0.017034687333333347,341.56
33.088,-0.011421140076005054,0.01502281685445694,-0.012845462666666654,0.01668468733333333,341.56
33.092,-0.013131140076005072,0.014852816854456937,-0.011995462666666665,0.016514687333333326,341.56
33.096,-0.014241140076005071,0.014592816854456955,-0.011135462666666665,0.016344687333333323,341.56
33.1,-0.015261140076005065,0.014512816854456986,-0.010455462666666679,0.01609468733333335,341.56
33.104,-0.015951140076005062,0.014342816854456982,-0.009775462666666665,0.015834687333333312,341.56
33.108,-0.016711140076005073,0.014082816854456944,-0.008835462666666669,0.01566468733333331,341.56
33.112,-0.01765114007600507,0.014002816854456975,-0.007975462666666669,0.015324687333333357,341.56
33.116,-0.01851114007600507,0.013652816854456958,-0.007205462666666675,0.01498468733333335,341.56
33.12,-0.01902114007600508,0.013232816854456982,-0.0064454626666666645,0.014724687333333313,341.56
33.124,-0.019531140076005062,0.012972816854456944,-0.005505462666666668,0.01446468733333333,341.56
33.128,-0.020301140076005055,0.01280281685445694,-0.004565462666666672,0.014214687333333358,341.56
33.132,-0.020811140076005066,0.01246281685445699,-0.0036254626666666753,0.014044687333333354,341.56
33.136,-0.02124114007600508,0.011952816854456979,-0.002685462666666679,0.013704687333333347,341.56
33.14,-0.021501140076005062,0.011522816854456937,-0.0017454626666666547,0.01335468733333333,341.56
33.144,-0.02184114007600507,0.011182816854456986,-0.0008054626666666584,0.012934687333333354,341.56
33.148,-0.02209114007600507,0.010672816854456976,0.00013453733333333804,0.012414687333333334,341.56
33.152,-0.02235114007600508,0.009982816854456952,0.0010745373333333344,0.012074687333333327,341.56
33.156,-0.02235114007600508,0.009472816854456941,0.002014537333333331,0.01173468733333332,341.56
33.16,-0.022521140076005055,0.008962816854456986,0.0029545373333333272,0.011304687333333334,341.56
33.164,-0.022781140076005065,0.008452816854456976,0.0038945373333333236,0.010884687333333358,341.56
33.168,-0.022781140076005065,0.008532816854456973,0.004834537333333348,0.010374687333333348,341.56
33.172,-0.022781140076005065,0.008362816854456969,0.005594537333333331,0.009774687333333358,341.56
33.176,-0.022781140076005065,0.0075128168544569525,0.005254537333333324,0.009264687333333348,341.56
33.18,-0.022781140076005065,0.006912816854456963,0.003634537333333341,0.008744687333333327,341.56
33.184,-0.02269114007600506,0.006572816854456956,0.0034645373333333377,0.008324687333333324,341.56
33.188,-0.022521140076005055,0.0060528168544569634,0.0038945373333333236,0.007894687333333338,341.56
33.192,-0.02235114007600508,0.005462816854456956,0.004314537333333327,0.007294687333333348,341.56
33.196,-0.022271140076005055,0.004352816854456956,0.004834537333333348,0.006864687333333334,341.56
33.2,-0.022011140076005072,0.00366281685445696,0.005514537333333334,0.006274687333333327,341.56
33.204,-0.021921140076005066,0.002722816854456964,0.006024537333333344,0.005674687333333338,341.56
33.208,-0.021671140076005065,0.0018728168544569742,0.006364537333333324,0.005164687333333327,341.56
33.212,-0.02158114007600506,0.0010228168544569568,0.006794537333333337,0.004644687333333335,341.56
33.216,-0.02124114007600508,0.000162816854456957,0.007304537333333348,0.003794687333333345,341.56
33.22,-0.020811140076005066,-0.00043718314554303244,0.007734537333333334,0.002854687333333321,341.56
33.224,-0.020391140076005062,-0.0011171831455430463,0.008164537333333347,0.002344687333333338,341.56
33.228,-0.01987114007600507,-0.001627183145543029,0.008754537333333326,0.0018346873333333277,341.56
33.232,-0.019451140076005066,-0.002227183145543046,0.009274537333333346,0.0011446873333333316,341.56
33.236,-0.019191140076005055,-0.0035071831455430495,0.009614537333333353,0.0005546873333333244,341.56
33.24,-0.01876114007600507,-0.004277183145543042,0.01003453733333333,-0.0001353126666666718,341.56
33.244,-0.018341140076005066,-0.005217183145543039,0.010464537333333315,-0.0009853126666666615,341.56
33.248,-0.017741140076005076,-0.006327183145543039,0.010894537333333357,-0.001845312666666661,341.56
33.252,-0.01714114007600506,-0.007347183145543032,0.011314537333333333,-0.0026053126666666718,341.56
33.256,-0.016711140076005073,-0.008377183145543036,0.011744537333333319,-0.003295312666666668,341.56
33.26,-0.016201140076005063,-0.009227183145543025,0.012084537333333326,-0.003885312666666675,341.56
33.264,-0.015521140076005075,-0.010077183145543043,0.01217453733333336,-0.004145312666666658,341.56
33.268,-0.014921140076005058,-0.01101718314554304,0.012604537333333346,-0.004405312666666668,341.56
33.272,-0.014321140076005068,-0.011877183145543039,0.013024537333333322,-0.005085312666666654,341.56
33.276,-0.013901140076005064,-0.012477183145543028,0.01328453733333336,-0.005855312666666675,341.56
33.28,-0.013301140076005075,-0.013067183145543036,0.013624537333333311,-0.006535312666666661,341.56
33.284,-0.012621140076005061,-0.013757183145543032,0.013794537333333315,-0.007215312666666675,341.56
33.288,-0.012101140076005068,-0.014517183145543042,0.014054537333333353,-0.008075312666666674,341.56
33.292,-0.011681140076005065,-0.015287183145543035,0.014304537333333325,-0.008925312666666664,341.56
33.296,-0.011081140076005075,-0.015887183145543025,0.014734537333333311,-0.009785312666666664,341.56
33.3,-0.010481140076005058,-0.016737183145543042,0.014734537333333311,-0.010555312666666657,341.56
33.304,-0.009801140076005072,-0.01742718314554304,0.01499453733333335,-0.011315312666666667,341.56
33.308,-0.009111140076005076,-0.017847183145543042,0.015164537333333353,-0.01208531266666666,341.56
33.312,-0.008181140076005062,-0.018367183145543035,0.015244537333333322,-0.013025312666666657,341.56
33.316,-0.007581140076005072,-0.01904718314554305,0.015414537333333325,-0.013885312666666656,341.56
33.32,-0.006811140076005079,-0.01955718314554303,0.015764537333333342,-0.014645312666666667,341.56
33.324,-0.006131140076005065,-0.019987183145543045,0.015934537333333346,-0.015755312666666667,341.56
33.328,-0.005531140076005076,-0.020587183145543034,0.01610453733333335,-0.016615312666666666,341.56
33.332,-0.004421140076005076,-0.02117718314554304,0.01610453733333335,-0.017295312666666653,341.56
33.336,-0.0036511400760050557,-0.021607183145543028,0.016274537333333353,-0.01789531266666667,341.56
33.34,-0.0033911400760050733,-0.021867183145543038,0.016524537333333325,-0.01849531266666666,341.56
33.344,-0.0033111400760050765,-0.022117183145543038,0.01661453733333336,-0.01900531266666667,341.56
33.348,-0.002801140076005066,-0.022547183145543024,0.01661453733333336,-0.019515312666666652,341.56
33.352,-0.00237114007600508,-0.022977183145543038,0.01661453733333336,-0.01985531266666666,341.56
33.356,-0.0018611400760050697,-0.023227183145543038,0.016524537333333325,-0.020195312666666666,341.56
33.36,-0.0011711400760050735,-0.023577183145543027,0.01661453733333336,-0.020625312666666652,341.56
33.364,-0.0005811400760050663,-0.02374718314554303,0.01661453733333336,-0.021135312666666663,341.56
33.368,0.00010885992399492983,-0.02399718314554303,0.01661453733333336,-0.021565312666666676,341.56
33.372,0.0005288599239949335,-0.02399718314554303,0.01661453733333336,-0.02182531266666666,341.56
33.376,0.0009588599239949195,-0.024087183145543038,0.01661453733333336,-0.021995312666666662,341.56
33.38,0.0015588599239949367,-0.024167183145543034,0.01661453733333336,-0.022245312666666663,341.56
33.384,0.002158859923994926,-0.024167183145543034,0.01661453733333336,-0.02233531266666667,341.56
33.388,0.002498859923994933,-0.023827183145543027,0.016524537333333325,-0.022415312666666666,341.56
33.392,0.0030088599239949435,-0.023317183145543045,0.01635453733333332,-0.022675312666666676,341.56
33.396,0.0034388599239949295,-0.023227183145543038,0.016444537333333356,-0.022675312666666676,341.56
33.4,0.00394885992399494,-0.02314718314554304,0.016444537333333356,-0.022675312666666676,341.56
33.404,0.0046288599239949265,-0.022807183145543034,0.016274537333333353,-0.022765312666666655,341.56
33.408,0.005228859923994944,-0.022547183145543024,0.016274537333333353,-0.022675312666666676,341.56
33.412,0.005568859923994923,-0.022297183145543024,0.01610453733333335,-0.022415312666666666,341.56
33.416,0.005998859923994937,-0.021947183145543035,0.01584453733333331,-0.022245312666666663,341.56
33.42,0.0064288599239949226,-0.02152718314554303,0.015674537333333308,-0.021995312666666662,341.56
33.424,0.007188859923994933,-0.02117718314554304,0.015414537333333325,-0.02182531266666666,341.56
33.428,0.0074488599239949434,-0.020757183145543038,0.015334537333333356,-0.02147531266666667,341.56
33.432,0.007958859923994926,-0.020327183145543024,0.015074537333333318,-0.02122531266666667,341.56
33.436,0.00838885992399494,-0.01989718314554304,0.01499453733333335,-0.021055312666666666,341.56
33.44,0.008648859923994922,-0.01930718314554303,0.014734537333333311,-0.02071531266666666,341.56
33.444,0.00923885992399493,-0.01878718314554304,0.014474537333333329,-0.02011531266666667,341.56
33.448,0.009928859923994953,-0.018277183145543028,0.014134537333333322,-0.019515312666666652,341.56
33.452,0.010438859923994908,-0.017507183145543035,0.013794537333333315,-0.01900531266666667,341.56
33.456,0.010778859923994915,-0.01708718314554303,0.013534537333333332,-0.018575312666666656,341.56
33.46,0.011118859923994922,-0.016487183145543042,0.01328453733333336,-0.018065312666666673,341.56
33.464,0.011548859923994908,-0.015627183145543042,0.012944537333333353,-0.017215312666666656,341.56
33.468,0.012058859923994919,-0.014867183145543032,0.012424537333333333,-0.016185312666666653,341.56
33.472,0.012658859923994908,-0.013837183145543028,0.011834537333333353,-0.01541531266666666,341.56
33.476,0.013258859923994953,-0.012987183145543039,0.011314537333333333,-0.01456531266666667,341.56
33.48,0.01359885992399496,-0.012217183145543046,0.010974537333333326,-0.013625312666666674,341.56
33.484,0.014108859923994915,-0.011447183145543025,0.010974537333333326,-0.012515312666666674,341.56
33.488,0.014538859923994956,-0.010507183145543029,0.010894537333333357,-0.01148531266666667,341.56
33.492,0.014788859923994929,-0.009567183145543032,0.01003453733333333,-0.010465312666666678,341.56
33.496,0.014878859923994908,-0.008627183145543036,0.009274537333333346,-0.009695312666666657,341.56
33.5,0.01530885992399495,-0.007687183145543039,0.008674537333333357,-0.009695312666666657,341.56
33.504,0.015728859923994924,-0.006747183145543042,0.00807453733333334,-0.009955312666666667,341.56
33.508,0.01615885992399491,-0.005807183145543046,0.00756453733333333,-0.010035312666666664,341.56
33.512,0.016498859923994916,-0.004877183145543032,0.006794537333333337,-0.010035312666666664,341.56
33.516,0.01658885992399495,-0.004277183145543042,0.005854537333333341,-0.009525312666666653,341.56
33.52,0.016758859923994954,-0.004187183145543036,0.0050045373333333235,-0.008845312666666667,341.56
33.524,0.017008859923994927,-0.0035071831455430495,0.0045745373333333375,-0.008245312666666678,341.56
33.528,0.017438859923994913,-0.0029071831455430323,0.004144537333333324,-0.0073953126666666605,341.56
33.532,0.01769885992399495,-0.0025671831455430253,0.0038045373333333446,-0.006705312666666664,341.56
33.536,0.01777885992399492,-0.0018871831455430392,0.003374537333333331,-0.006195312666666654,341.56
33.54,0.018038859923994958,-0.0011171831455430463,0.0034645373333333377,-0.0055953126666666644,341.56
33.544,0.018208859923994906,-0.00043718314554303244,0.0035445373333333344,-0.005345312666666664,341.56
33.548,0.018468859923994944,0.000162816854456957,0.003634537333333341,-0.004745312666666675,341.56
33.552,0.018638859923994947,0.0009328168544569499,0.003724537333333348,-0.004145312666666658,341.56
33.556,0.01880885992399495,0.0017028168544569707,0.0038045373333333446,-0.003205312666666661,341.56
33.56,0.01888885992399492,0.0022128168544569534,0.0034645373333333377,-0.0026053126666666718,341.56
33.564,0.018978859923994954,0.002722816854456964,0.001924537333333324,-0.0017553126666666544,341.56
33.568,0.018978859923994954,0.00341281685445696,-0.00046546266666667915,-0.0007353126666666612,341.56
33.572,0.018978859923994954,0.00392281685445697,-0.002685462666666679,0.0002946873333333419,341.56
33.576,0.018978859923994954,0.004432816854456953,-0.004135462666666658,0.0007246873333333279,341.56
33.58,0.018978859923994954,0.005202816854456974,-0.005505462666666668,0.001314687333333335,341.56
33.584,0.01888885992399492,0.00563281685445696,-0.006615462666666668,0.001744687333333321,341.56
33.588,0.018718859923994916,0.006232816854456977,-0.007555462666666664,0.0022546873333333314,341.56
33.592,0.018548859923994913,0.00674281685445696,-0.008315462666666676,0.0026046873333333484,341.56
33.596,0.018468859923994944,0.00725281685445697,-0.009175462666666676,0.002854687333333321,341.56
33.6,0.018208859923994906,0.007852816854456959,-0.010025462666666665,0.003194687333333328,341.56
33.604,0.018208859923994906,0.008272816854456962,-0.010715462666666661,0.003534687333333335,341.56
33.608,0.01829885992399494,0.008792816854456983,-0.011475462666666672,0.003884687333333324,341.56
33.612,0.018118859923994927,0.009212816854456959,-0.012765462666666658,0.0043946873333333344,341.56
33.616,0.017868859923994954,0.009562816854456976,-0.013695462666666672,0.004824687333333348,341.56
33.62,0.01777885992399492,0.009982816854456952,-0.014555462666666671,0.005164687333333327,341.56
33.624,0.017438859923994913,0.010412816854456938,-0.015235462666666658,0.005674687333333338,341.56
33.628,0.016928859923994958,0.010842816854456979,-0.015835462666666675,0.006274687333333327,341.56
33.632,0.01658885992399495,0.011432816854456958,-0.016435462666666664,0.006784687333333338,341.56
33.636,0.016418859923994947,0.011862816854456944,-0.016945462666666675,0.007294687333333348,341.56
33.64,0.01615885992399491,0.012122816854456982,-0.017795462666666664,0.007724687333333334,341.56
33.644,0.015728859923994924,0.01246281685445699,-0.018565462666666657,0.008154687333333348,341.56
33.648,0.015138859923994946,0.01280281685445694,-0.019165462666666674,0.008664687333333358,341.56
33.652,0.014538859923994956,0.013142816854456948,-0.01984546266666666,0.00891468733333333,341.56
33.656,0.014028859923994946,0.01357281685445699,-0.02035546266666667,0.009264687333333348,341.56
33.66,0.01359885992399496,0.01391281685445694,-0.020785462666666657,0.009774687333333358,341.56
33.664,0.013338859923994922,0.014082816854456944,-0.021385462666666674,0.010374687333333348,341.56
33.668,0.012738859923994933,0.014422816854456951,-0.02181546266666666,0.010884687333333358,341.56
33.672,0.012148859923994953,0.014942816854456972,-0.022155462666666667,0.011304687333333334,341.56
33.676,0.011548859923994908,0.015282816854456979,-0.02232546266666667,0.011654687333333351,341.56
33.68,0.01086885992399495,0.015282816854456979,-0.022665462666666678,0.012074687333333327,341.56
33.684,0.01034885992399493,0.015282816854456979,-0.023005462666666657,0.012504687333333313,341.56
33.688,0.009838859923994919,0.015362816854456948,-0.023265462666666667,0.012934687333333354,341.56
33.692,0.00915885992399496,0.015622816854456986,-0.023515462666666667,0.01335468733333333,341.56
33.696,0.00838885992399494,0.01579281685445699,-0.023515462666666667,0.013704687333333347,341.56
33.7,0.007618859923994947,0.01605281685445697,-0.023515462666666667,0.014124687333333323,341.56
33.704,0.00701885992399493,0.016222816854456975,-0.023515462666666667,0.014644687333333344,341.56
33.708,0.006258859923994947,0.016472816854456947,-0.023605462666666674,0.01506468733333332,341.56
33.712,0.005568859923994923,0.016472816854456947,-0.023605462666666674,0.015324687333333357,341.56
33.716,0.0049688599239949335,0.01664281685445695,-0.02343546266666667,0.015404687333333326,341.56
33.72,0.004208859923994923,0.01690281685445699,-0.023345462666666664,0.01566468733333331,341.56
33.724,0.003518859923994926,0.01690281685445699,-0.02343546266666667,0.015924687333333347,341.56
33.728,0.0029288599239949468,0.01690281685445699,-0.023095462666666663,0.016264687333333354,341.56
33.732,0.0020688599239949194,0.016812816854456954,-0.022755462666666657,0.016514687333333326,341.56
33.736,0.0012188599239949297,0.01690281685445699,-0.022405462666666667,0.01668468733333333,341.56
33.74,0.0006188599239949403,0.01690281685445699,-0.02206546266666666,0.016944687333333312,341.56
33.744,-0.0004911400760050596,0.01690281685445699,-0.021725462666666653,0.017034687333333347,341.56
33.748,-0.001431140076005056,0.01690281685445699,-0.021125462666666664,0.01728468733333332,341.56
33.752,-0.0022811400760050734,0.01690281685445699,-0.020785462666666657,0.017374687333333354,341.56
33.756,-0.0030511400760050663,0.01690281685445699,-0.02035546266666667,0.017454687333333323,341.56
33.76,-0.003991140076005062,0.01690281685445699,-0.020015462666666664,0.01771468733333336,341.56
33.764,-0.004851140076005062,0.016732816854456985,-0.019675462666666657,0.01779468733333333,341.56
33.768,-0.005701140076005079,0.016472816854456947,-0.019075462666666668,0.01779468733333333,341.56
33.772,-0.0067211400760050725,0.016472816854456947,-0.018565462666666657,0.01779468733333333,341.56
33.776,-0.007491140076005065,0.016562816854456982,-0.01813546266666667,0.01779468733333333,341.56
33.78,-0.008091140076005055,0.016472816854456947,-0.017545462666666664,0.01779468733333333,341.56
33.784,-0.007831140076005072,0.016302816854456944,-0.01702546266666667,0.01779468733333333,341.56
33.788,-0.006471140076005072,0.01605281685445697,-0.016435462666666664,0.01771468733333336,341.56
33.792,-0.005441140076005069,0.015702816854456954,-0.015745462666666668,0.017454687333333323,341.56
33.796,-0.006211140076005062,0.015622816854456986,-0.014985462666666657,0.017454687333333323,341.56
33.8,-0.009291140076005061,0.015362816854456948,-0.014385462666666668,0.017374687333333354,341.56
33.804,-0.011341140076005058,0.015282816854456979,-0.013615462666666675,0.017114687333333316,341.56
33.808,-0.012271140076005072,0.01502281685445694,-0.013015462666666658,0.016944687333333312,341.56
33.812,-0.012701140076005058,0.014852816854456937,-0.012415462666666668,0.01668468733333333,341.56
33.816,-0.013641140076005054,0.014592816854456955,-0.011565462666666679,0.01660468733333336,341.56
33.82,-0.014921140076005058,0.014422816854456951,-0.009775462666666665,0.016344687333333323,341.56
33.824,-0.015951140076005062,0.014172816854456979,-0.007035462666666672,0.01609468733333335,341.56
33.828,-0.016971140076005056,0.014002816854456975,-0.004905462666666679,0.015754687333333343,341.56
33.832,-0.017571140076005073,0.013742816854456937,-0.002685462666666679,0.015404687333333326,341.56
33.836,-0.018421140076005062,0.01357281685445699,-3.546266666666544e-05,0.01506468733333332,341.56
33.84,-0.01911114007600506,0.013142816854456948,0.0027845373333333237,0.01498468733333335,341.56
33.844,-0.019531140076005062,0.012712816854456962,0.005594537333333331,0.014554687333333309,341.56
33.848,-0.019961140076005076,0.01246281685445699,0.008334537333333322,0.014214687333333358,341.56
33.852,-0.020391140076005062,0.012292816854456986,0.01106453733333336,0.014124687333333323,341.56
33.856,-0.020811140076005066,0.011952816854456979,0.013794537333333315,0.013704687333333347,341.56
33.86,-0.021411140076005055,0.011602816854456962,0.016524537333333325,0.013274687333333361,341.56
33.864,-0.02184114007600507,0.011262816854456955,0.019264537333333345,0.012934687333333354,341.56
33.868,-0.022011140076005072,0.010672816854456976,0.021994537333333355,0.012594687333333347,341.56
33.872,-0.022271140076005055,0.009982816854456952,0.02472453733333331,0.012164687333333361,341.56
33.876,-0.022441140076005058,0.009382816854456962,0.02745453733333332,0.011654687333333351,341.56
33.88,-0.022521140076005055,0.008702816854456976,0.03019453733333334,0.01122468733333331,341.56
33.884,-0.02261114007600506,0.008272816854456962,0.03292453733333335,0.010884687333333358,341.56
33.888,-0.02269114007600506,0.008022816854456962,0.03565453733333336,0.010544687333333351,341.56
33.892,-0.022781140076005065,0.007932816854456955,0.038384537333333316,0.01011468733333331,341.56
33.896,-0.022781140076005065,0.007932816854456955,0.04035453733333334,0.009434687333333351,341.56
33.9,-0.022781140076005065,0.0074228168544569735,0.03958453733333335,0.008834687333333362,341.56
33.904,-0.02269114007600506,0.006652816854456953,0.03582453733333331,0.008494687333333355,341.56
33.908,-0.022521140076005055,0.005972816854456967,0.024894537333333314,0.008064687333333341,341.56
33.912,-0.022521140076005055,0.005202816854456974,0.009354537333333315,0.007464687333333324,341.56
33.916,-0.02235114007600508,0.004092816854456974,0.006024537333333344,0.006864687333333334,341.56
33.92,-0.02209114007600507,0.0033228168544569532,0.005514537333333334,0.006354687333333324,341.56
33.924,-0.021921140076005066,0.0024728168544569636,0.005684537333333337,0.005844687333333341,341.56
33.928,-0.021671140076005065,0.0017028168544569707,0.005944537333333348,0.005244687333333324,341.56
33.932,-0.021501140076005062,0.0009328168544569499,0.006534537333333327,0.004824687333333348,341.56
33.936,-0.021151140076005073,0.00025281685445696373,0.007134537333333344,0.004134687333333324,341.56
33.94,-0.020811140076005066,-0.0002571831455430467,0.00756453733333333,0.003454687333333338,341.56
33.944,-0.020561140076005065,-0.0007771831455430394,0.007984537333333333,0.002684687333333345,341.56
33.948,-0.02022114007600506,-0.0013671831455430465,0.008414537333333347,0.0019146873333333245,341.56
33.952,-0.01962114007600507,-0.0020571831455430427,0.00884453733333336,0.001314687333333335,341.56
33.956,-0.01911114007600506,-0.0031671831455430425,0.009274537333333346,0.0009746873333333281,341.56
33.96,-0.018681140076005073,-0.004107183145543039,0.009694537333333322,0.00037468733333333865,341.56
33.964,-0.018171140076005062,-0.0052971831455430355,0.010124537333333308,-0.00021531266666666854,341.56
33.968,-0.017821140076005073,-0.006407183145543035,0.010464537333333315,-0.0009853126666666615,341.56
33.972,-0.01740114007600507,-0.007267183145543035,0.010894537333333357,-0.0019253126666666578,341.56
33.976,-0.01680114007600508,-0.008117183145543026,0.011314537333333333,-0.002525312666666675,341.56
33.98,-0.01629114007600507,-0.008887183145543046,0.01166453733333335,-0.002955312666666661,341.56
33.984,-0.01569114007600508,-0.009737183145543036,0.012084537333333326,-0.0033753126666666647,341.56
33.988,-0.015011140076005064,-0.010597183145543036,0.012604537333333346,-0.003975312666666654,341.56
33.992,-0.014411140076005075,-0.011367183145543028,0.013024537333333322,-0.004745312666666675,341.56
33.996,-0.013811140076005058,-0.01212718314554304,0.01328453733333336,-0.005425312666666661,341.56
34.0,-0.013471140076005078,-0.012897183145543032,0.013454537333333308,-0.005855312666666675,341.56
34.004,-0.012961140076005068,-0.01349718314554305,0.013794537333333315,-0.006285312666666661,341.56
34.008,-0.012271140076005072,-0.014177183145543035,0.014134537333333322,-0.006795312666666671,341.56
34.012,-0.011681140076005065,-0.014947183145543028,0.014304537333333325,-0.007215312666666675,341.56
34.016,-0.011081140076005075,-0.015547183145543046,0.01439453733333336,-0.007645312666666661,341.56
34.02,-0.010481140076005058,-0.01622718314554303,0.014564537333333308,-0.008075312666666674,341.56
34.024,-0.009711140076005065,-0.016917183145543028,0.014904537333333315,-0.00850531266666666,341.56
34.028,-0.009111140076005076,-0.017507183145543035,0.015074537333333318,-0.008925312666666664,341.56
34.032,-0.008431140076005062,-0.01819718314554303,0.015244537333333322,-0.01012531266666667,341.56
34.036,-0.007661140076005069,-0.01870718314554304,0.01550453733333336,-0.01234531266666667,341.56
34.04,-0.006981140076005055,-0.01930718314554303,0.015764537333333342,-0.013535312666666667,341.56
34.044,-0.0063811400760050655,-0.01989718314554304,0.01584453733333331,-0.014645312666666667,341.56
34.048,-0.005441140076005069,-0.020327183145543024,0.01610453733333335,-0.015505312666666667,341.56
34.052,-0.004501140076005073,-0.020757183145543038,0.016184537333333318,-0.016445312666666663,341.56
34.056,-0.0038211400760050592,-0.021097183145543045,0.016274537333333353,-0.01738531266666666,341.56
34.06,-0.0027111400760050594,-0.02152718314554303,0.01635453733333332,-0.018235312666666677,341.56
34.064,-0.0022011400760050767,-0.021947183145543035,0.01661453733333336,-0.018665312666666663,341.56
34.068,-0.0022811400760050734,-0.022207183145543045,0.01661453733333336,-0.019085312666666666,341.56
34.072,-0.0022011400760050767,-0.022547183145543024,0.01661453733333336,-0.019685312666666656,341.56
34.076,-0.0018611400760050697,-0.022807183145543034,0.01661453733333336,-0.020195312666666666,341.56
34.08,-0.0011711400760050735,-0.02288718314554303,0.01661453733333336,-0.020625312666666652,341.56
34.084,-0.0005811400760050663,-0.02314718314554304,0.01661453733333336,-0.021055312666666666,341.56
34.088,0.00010885992399492983,-0.02314718314554304,0.01661453733333336,-0.021305312666666666,341.56
34.092,0.0005288599239949335,-0.02314718314554304,0.01661453733333336,-0.02147531266666667,341.56
34.096,0.0009588599239949195,-0.02314718314554304,0.01661453733333336,-0.02182531266666666,341.56
34.1,0.0015588599239949367,-0.02314718314554304,0.01661453733333336,-0.022165312666666666,341.56
34.104,0.002158859923994926,-0.02314718314554304,0.01661453733333336,-0.02233531266666667,341.56
34.108,0.00257885992399493,-0.02314718314554304,0.01661453733333336,-0.022595312666666652,341.56
34.112,0.0029288599239949468,-0.023227183145543038,0.01669453733333333,-0.022675312666666676,341.56
34.116,0.0034388599239949295,-0.023227183145543038,0.01669453733333333,-0.022845312666666652,341.56
34.12,0.004288859923994947,-0.022977183145543038,0.016444537333333356,-0.023105312666666662,341.56
34.124,0.00479885992399493,-0.022807183145543034,0.01661453733333336,-0.023105312666666662,341.56
34.128,0.00505885992399494,-0.022547183145543024,0.016444537333333356,-0.023015312666666655,341.56
34.132,0.005398859923994947,-0.022377183145543048,0.015934537333333346,-0.022765312666666655,341.56
34.136,0.005998859923994937,-0.02203718314554304,0.01584453733333331,-0.022675312666666676,341.56
34.14,0.006678859923994923,-0.02152718314554303,0.015764537333333342,-0.022675312666666676,341.56
34.144,0.00727885992399494,-0.02117718314554304,0.01550453733333336,-0.022415312666666666,341.56
34.148,0.007788859923994923,-0.020837183145543035,0.015414537333333325,-0.022165312666666666,341.56
34.152,0.008048859923994933,-0.02041718314554303,0.015244537333333322,-0.02182531266666666,341.56
34.156,0.00838885992399494,-0.019987183145543045,0.01499453733333335,-0.02147531266666667,341.56
34.16,0.008898859923994923,-0.019477183145543035,0.014904537333333315,-0.021055312666666666,341.56
34.164,0.009498859923994912,-0.01878718314554304,0.014564537333333308,-0.020625312666666652,341.56
34.168,0.010008859923994922,-0.018277183145543028,0.014304537333333325,-0.020285312666666673,341.56
34.172,0.010438859923994908,-0.017847183145543042,0.014054537333333353,-0.01985531266666666,341.56
34.176,0.010778859923994915,-0.01708718314554303,0.013714537333333346,-0.019435312666666656,341.56
34.18,0.011208859923994957,-0.01622718314554303,0.013364537333333329,-0.018915312666666663,341.56
34.184,0.011628859923994933,-0.015547183145543046,0.01277453733333335,-0.018235312666666677,341.56
34.188,0.012148859923994953,-0.014867183145543032,0.01217453733333336,-0.01763531266666666,341.56
34.192,0.012738859923994933,-0.013757183145543032,0.011744537333333319,-0.016955312666666673,341.56
34.196,0.013258859923994953,-0.012647183145543032,0.011404537333333312,-0.016185312666666653,341.56
34.2,0.013678859923994929,-0.011707183145543035,0.01114453733333333,-0.015585312666666663,341.56
34.204,0.014028859923994946,-0.010767183145543039,0.010974537333333326,-0.014995312666666656,341.56
34.208,0.014448859923994922,-0.009567183145543032,0.010634537333333319,-0.014225312666666663,341.56
34.212,0.014968859923994942,-0.008377183145543036,0.01003453733333333,-0.01345531266666667,341.56
34.216,0.015388859923994918,-0.007177183145543028,0.009524537333333319,-0.012685312666666677,341.56
34.22,0.015648859923994955,-0.005987183145543032,0.00892453733333333,-0.011745312666666653,341.56
34.224,0.015728859923994924,-0.004787183145543025,0.008334537333333322,-0.010805312666666657,341.56
34.228,0.01615885992399491,-0.0035871831455430462,0.007734537333333334,-0.01072531266666666,341.56
34.232,0.016498859923994916,-0.0023971831455430496,0.007134537333333344,-0.010295312666666674,341.56
34.236,0.01658885992399495,-0.001627183145543029,0.006364537333333324,-0.009785312666666664,341.56
34.24,0.016758859923994954,-0.0018871831455430392,0.005514537333333334,-0.009265312666666671,341.56
34.244,0.017008859923994927,-0.0024771831455430464,0.004744537333333341,-0.008585312666666657,341.56
34.248,0.017358859923994944,-0.0025671831455430253,0.004064537333333327,-0.008245312666666678,341.56
34.252,0.01769885992399495,-0.0023971831455430496,0.0034645373333333377,-0.007645312666666661,341.56
34.256,0.01777885992399492,-0.002227183145543046,0.0027845373333333237,-0.007045312666666671,341.56
34.26,0.018038859923994958,-0.001627183145543029,0.002264537333333331,-0.006365312666666657,341.56
34.264,0.01829885992399494,-0.0007771831455430394,0.0018445373333333273,-0.0055953126666666644,341.56
34.268,0.018548859923994913,-8.718314554304323e-05,0.0014145373333333414,-0.004995312666666675,341.56
34.272,0.018638859923994947,0.0003328168544569605,0.000904537333333331,-0.004145312666666658,341.56
34.276,0.018718859923994916,0.0010228168544569568,0.000564537333333324,-0.0030353126666666577,341.56
34.28,0.018718859923994916,0.0018728168544569742,0.000474537333333345,-0.0023553126666666716,341.56
34.284,0.018718859923994916,0.0024728168544569636,0.00013453733333333804,-0.0016653126666666754,341.56
34.288,0.018978859923994954,0.003072816854456953,-0.001575462666666679,-0.00047531266666667876,341.56
34.292,0.018978859923994954,0.0038328168544569637,-0.0032854626666666683,0.00037468733333333865,341.56
34.296,0.01888885992399492,0.004602816854456957,-0.004565462666666672,0.001314687333333335,341.56
34.3,0.018638859923994947,0.005202816854456974,-0.005585462666666665,0.002424687333333335,341.56
34.304,0.018638859923994947,0.005802816854456963,-0.006615462666666668,0.0036246873333333415,341.56
34.308,0.018638859923994947,0.0060528168544569634,-0.007555462666666664,0.004734687333333341,341.56
34.312,0.018468859923994944,0.006402816854456953,-0.008405462666666655,0.005504687333333334,341.56
34.316,0.018208859923994906,0.00699281685445696,-0.009175462666666676,0.005334687333333331,341.56
34.32,0.018208859923994906,0.0075128168544569525,-0.010115462666666672,0.004734687333333341,341.56
34.324,0.018208859923994906,0.008022816854456962,-0.010795462666666658,0.004474687333333331,341.56
34.328,0.018208859923994906,0.008702816854456976,-0.011565462666666679,0.004474687333333331,341.56
34.332,0.018038859923994958,0.009212816854456959,-0.012675462666666679,0.004734687333333341,341.56
34.336,0.01769885992399495,0.009562816854456976,-0.013355462666666665,0.004994687333333324,341.56
34.34,0.017438859923994913,0.009902816854456983,-0.014295462666666661,0.005504687333333334,341.56
34.344,0.01718885992399494,0.010322816854456959,-0.014985462666666657,0.005934687333333348,341.56
34.348,0.016838859923994923,0.010752816854456945,-0.015745462666666668,0.006444687333333331,341.56
34.352,0.01658885992399495,0.011182816854456986,-0.016435462666666664,0.006954687333333341,341.56
34.356,0.01615885992399491,0.011602816854456962,-0.01702546266666667,0.007464687333333324,341.56
34.36,0.015818859923994958,0.011952816854456979,-0.017715462666666668,0.007724687333333334,341.56
34.364,0.015388859923994918,0.01246281685445699,-0.018225462666666678,0.008064687333333341,341.56
34.368,0.014878859923994908,0.01280281685445694,-0.018825462666666667,0.008494687333333355,341.56
34.372,0.014448859923994922,0.013062816854456979,-0.019425462666666657,0.009084687333333334,341.56
34.376,0.014108859923994915,0.013312816854456951,-0.020185462666666668,0.009604687333333355,341.56
34.38,0.013768859923994908,0.013652816854456958,-0.02070546266666666,0.01002468733333333,341.56
34.384,0.013258859923994953,0.014082816854456944,-0.021125462666666664,0.010454687333333317,341.56
34.388,0.012568859923994929,0.014422816854456951,-0.021555462666666678,0.010964687333333327,341.56
34.392,0.012058859923994919,0.014592816854456955,-0.021985462666666664,0.011564687333333316,341.56
34.396,0.01145885992399493,0.014852816854456937,-0.022405462666666667,0.012074687333333327,341.56
34.4,0.01086885992399495,0.015112816854456975,-0.022665462666666678,0.012504687333333313,341.56
34.404,0.01034885992399493,0.015192816854456944,-0.022835462666666653,0.01284468733333332,341.56
34.408,0.009588859923994946,0.015192816854456944,-0.023095462666666663,0.013274687333333361,341.56
34.412,0.008988859923994957,0.015362816854456948,-0.023265462666666667,0.013784687333333316,341.56
34.416,0.008298859923994933,0.015622816854456986,-0.023515462666666667,0.014044687333333354,341.56
34.42,0.007618859923994947,0.015702816854456954,-0.023515462666666667,0.014294687333333327,341.56
34.424,0.00701885992399493,0.015962816854456937,-0.023605462666666674,0.01446468733333333,341.56
34.428,0.006258859923994947,0.01605281685445697,-0.023605462666666674,0.014554687333333309,341.56
34.432,0.00565885992399493,0.016222816854456975,-0.023515462666666667,0.01498468733333335,341.56
34.436,0.005148859923994947,0.016472816854456947,-0.023515462666666667,0.015404687333333326,341.56
34.44,0.00454885992399493,0.016562816854456982,-0.023515462666666667,0.01566468733333331,341.56
34.444,0.0036888599239949297,0.01664281685445695,-0.023515462666666667,0.015834687333333312,341.56
34.448,0.0027488599239949333,0.01664281685445695,-0.023265462666666667,0.01617468733333332,341.56
34.452,0.0020688599239949194,0.016562816854456982,-0.02292546266666666,0.016514687333333326,341.56
34.456,0.0012988599239949264,0.016732816854456985,-0.02232546266666667,0.01668468733333333,341.56
34.46,0.00035885992399493005,0.01690281685445699,-0.021985462666666664,0.016944687333333312,341.56
34.464,-0.0006611400760050631,0.01690281685445699,-0.021555462666666678,0.017114687333333316,341.56
34.468,-0.0015211400760050627,0.01690281685445699,-0.021045462666666667,0.01720468733333335,341.56
34.472,-0.00237114007600508,0.016812816854456954,-0.020615462666666654,0.017374687333333354,341.56
34.476,-0.00322114007600507,0.01664281685445695,-0.020275462666666674,0.017454687333333323,341.56
34.48,-0.004161140076005066,0.016472816854456947,-0.019935462666666667,0.017544687333333357,341.56
34.484,-0.005191140076005069,0.016472816854456947,-0.01959546266666666,0.017544687333333357,341.56
34.488,-0.0060411400760050585,0.016472816854456947,-0.019335462666666678,0.017454687333333323,341.56
34.492,-0.006811140076005079,0.016472816854456947,-0.018825462666666667,0.017374687333333354,341.56
34.496,-0.007581140076005072,0.016222816854456975,-0.018315462666666657,0.017374687333333354,341.56
34.5,-0.008181140076005062,0.01605281685445697,-0.017795462666666664,0.017374687333333354,341.56
34.504,-0.008521140076005069,0.015872816854456958,-0.017205462666666657,0.017374687333333354,341.56
34.508,-0.008001140076005076,0.015622816854456986,-0.016605462666666668,0.017454687333333323,341.56
34.512,-0.007661140076005069,0.015622816854456986,-0.01591546266666667,0.017454687333333323,341.56
34.516,-0.008181140076005062,0.015622816854456986,-0.015065462666666654,0.01728468733333332,341.56
34.52,-0.009461140076005065,0.015362816854456948,-0.014465462666666665,0.017114687333333316,341.56
34.524,-0.010401140076005061,0.015282816854456979,-0.013875462666666658,0.016944687333333312,341.56
34.528,-0.011681140076005065,0.014942816854456972,-0.013355462666666665,0.01677468733333331,341.56
34.532,-0.012961140076005068,0.014682816854456989,-0.012765462666666658,0.016864687333333343,341.56
34.536,-0.014151140076005065,0.014422816854456951,-0.011905462666666658,0.01660468733333336,341.56
34.54,-0.015181140076005068,0.014422816854456951,-0.010965462666666662,0.01617468733333332,341.56
34.544,-0.016201140076005063,0.014422816854456951,-0.010195462666666669,0.015924687333333347,341.56
34.548,-0.01689114007600506,0.014082816854456944,-0.009515462666666655,0.015754687333333343,341.56
34.552,-0.017481140076005066,0.013822816854456962,-0.009255462666666672,0.015404687333333326,341.56
34.556,-0.018341140076005066,0.01357281685445699,-0.009005462666666672,0.01506468733333332,341.56
34.56,-0.01911114007600506,0.013232816854456982,-0.008745462666666662,0.014894687333333316,341.56
34.564,-0.019531140076005062,0.012972816854456944,-0.008405462666666655,0.014554687333333309,341.56
34.568,-0.01987114007600507,0.01280281685445694,-0.008145462666666672,0.014214687333333358,341.56
34.572,-0.02022114007600506,0.01246281685445699,-0.007895462666666672,0.01387468733333335,341.56
34.576,-0.02073114007600507,0.012032816854456948,-0.007635462666666661,0.013704687333333347,341.56
34.58,-0.021501140076005062,0.011692816854456941,-0.007385462666666661,0.01344468733333331,341.56
34.584,-0.02184114007600507,0.011262816854456955,-0.007125462666666678,0.01335468733333333,341.56
34.588,-0.02209114007600507,0.010672816854456976,-0.006865462666666668,0.013014687333333323,341.56
34.592,-0.02235114007600508,0.010072816854456986,-0.006615462666666668,0.012504687333333313,341.56
34.596,-0.022521140076005055,0.009562816854456976,-0.006355462666666658,0.012074687333333327,341.56
34.6,-0.022781140076005065,0.00913281685445699,-0.006095462666666675,0.011564687333333316,341.56
34.604,-0.022781140076005065,0.008622816854456952,-0.005845462666666675,0.010964687333333327,341.56
34.608,-0.022781140076005065,0.008102816854456959,-0.005585462666666665,0.010544687333333351,341.56
34.612,-0.022781140076005065,0.007852816854456959,-0.005335462666666665,0.01011468733333331,341.56
34.616,-0.022781140076005065,0.0075128168544569525,-0.0021754626666666685,0.009684687333333324,341.56
34.62,-0.022781140076005065,0.00699281685445696,0.003634537333333341,0.009264687333333348,341.56
34.624,-0.02269114007600506,0.006402816854456953,0.003374537333333331,0.008834687333333362,341.56
34.628,-0.02261114007600506,0.005802816854456963,0.003634537333333341,0.008324687333333324,341.56
34.632,-0.022521140076005055,0.005122816854456977,0.004064537333333327,0.007724687333333334,341.56
34.636,-0.022441140076005058,0.004262816854456977,0.004654537333333334,0.007294687333333348,341.56
34.64,-0.022271140076005055,0.0033228168544569532,0.005174537333333327,0.006784687333333338,341.56
34.644,-0.02209114007600507,0.0024728168544569636,0.005594537333333331,0.006104687333333324,341.56
34.648,-0.022011140076005072,0.0017028168544569707,0.006114537333333323,0.005584687333333331,341.56
34.652,-0.02158114007600506,0.0009328168544569499,0.0067045373333333306,0.004994687333333324,341.56
34.656,-0.02124114007600508,0.00025281685445696373,0.007134537333333344,0.0043946873333333344,341.56
34.66,-0.021071140076005076,-0.0002571831455430467,0.00756453733333333,0.003884687333333324,341.56
34.664,-0.02073114007600507,-0.0007771831455430394,0.007984537333333333,0.0030246873333333243,341.56
34.668,-0.020391140076005062,-0.0015471831455430322,0.008414537333333347,0.002084687333333328,341.56
34.672,-0.019961140076005076,-0.0023971831455430496,0.00884453733333336,0.0014046873333333418,341.56
34.676,-0.01962114007600507,-0.0032471831455430393,0.009274537333333346,0.0007246873333333279,341.56
34.68,-0.01911114007600506,-0.004107183145543039,0.009694537333333322,0.00020468733333333516,341.56
34.684,-0.01825114007600506,-0.005047183145543035,0.010294537333333312,-0.0003053126666666753,341.56
34.688,-0.017741140076005076,-0.005987183145543032,0.010804537333333322,-0.0009053126666666647,341.56
34.692,-0.017481140076005066,-0.007007183145543025,0.011314537333333333,-0.0014153126666666752,341.56
34.696,-0.016971140076005056,-0.008117183145543026,0.01166453733333335,-0.0019253126666666578,341.56
34.7,-0.016371140076005066,-0.008967183145543043,0.011914537333333322,-0.0024353126666666683,341.56
34.704,-0.015861140076005056,-0.009737183145543036,0.01217453733333336,-0.0028653126666666542,341.56
34.708,-0.015181140076005068,-0.010597183145543036,0.012514537333333312,-0.003885312666666675,341.56
34.712,-0.014671140076005057,-0.011367183145543028,0.012944537333333353,-0.004995312666666675,341.56
34.716,-0.014071140076005068,-0.01212718314554304,0.013364537333333329,-0.005855312666666675,341.56
34.72,-0.013381140076005072,-0.012987183145543039,0.013714537333333346,-0.006625312666666668,341.56
34.724,-0.012961140076005068,-0.013837183145543028,0.014054537333333353,-0.0073953126666666605,341.56
34.728,-0.012271140076005072,-0.014347183145543039,0.014304537333333325,-0.0077353126666666674,341.56
34.732,-0.011681140076005065,-0.015037183145543035,0.014564537333333308,-0.008155312666666671,341.56
34.736,-0.010991140076005068,-0.01571718314554305,0.014654537333333342,-0.00901531266666667,341.56
34.74,-0.010571140076005065,-0.01631718314554304,0.014904537333333315,-0.009525312666666653,341.56
34.744,-0.010051140076005072,-0.01708718314554303,0.015074537333333318,-0.010295312666666674,341.56
34.748,-0.009291140076005061,-0.017847183145543042,0.015334537333333356,-0.01148531266666667,341.56
34.752,-0.008521140076005069,-0.018367183145543035,0.015414537333333325,-0.012515312666666674,341.56
34.756,-0.007751140076005076,-0.018877183145543045,0.015674537333333308,-0.013625312666666674,341.56
34.76,-0.006981140076005055,-0.019477183145543035,0.015934537333333346,-0.014475312666666663,341.56
34.764,-0.006211140076005062,-0.01989718314554304,0.016184537333333318,-0.01516531266666666,341.56
34.768,-0.005191140076005069,-0.020327183145543024,0.016274537333333353,-0.016015312666666677,341.56
34.772,-0.004421140076005076,-0.020757183145543038,0.016274537333333353,-0.016695312666666663,341.56
34.776,-0.0039111400760050655,-0.021097183145543045,0.016524537333333325,-0.017555312666666663,341.56
34.78,-0.00348114007600508,-0.02152718314554303,0.01661453733333336,-0.01814531266666667,341.56
34.784,-0.002881140076005063,-0.02203718314554304,0.01669453733333333,-0.01874531266666666,341.56
34.788,-0.0022811400760050734,-0.022467183145543027,0.01669453733333333,-0.019345312666666677,341.56
34.792,-0.00211114007600507,-0.022717183145543027,0.016784537333333308,-0.019775312666666663,341.56
34.796,-0.0016911400760050662,-0.02288718314554303,0.01695453733333331,-0.020285312666666673,341.56
34.8,-0.0011711400760050735,-0.02314718314554304,0.017124537333333315,-0.02071531266666666,341.56
34.804,-0.0005811400760050663,-0.023487183145543048,0.017124537333333315,-0.021055312666666666,341.56
34.808,0.00010885992399492983,-0.023917183145543034,0.017044537333333346,-0.021395312666666673,341.56
34.812,0.0004488599239949368,-0.02399718314554303,0.01695453733333331,-0.02182531266666666,341.56
34.816,0.0010488599239949262,-0.02399718314554303,0.01669453733333333,-0.022165312666666666,341.56
34.82,0.0017288599239949401,-0.02399718314554303,0.01661453733333336,-0.022245312666666663,341.56
34.824,0.002238859923994923,-0.023917183145543034,0.01661453733333336,-0.022415312666666666,341.56
34.828,0.0026688599239949365,-0.023657183145543024,0.01661453733333336,-0.022675312666666676,341.56
34.832,0.0031788599239949192,-0.023577183145543027,0.016524537333333325,-0.022845312666666652,341.56
34.836,0.0037788599239949364,-0.023577183145543027,0.01635453733333332,-0.023105312666666662,341.56
34.84,0.004208859923994923,-0.023407183145543024,0.016444537333333356,-0.023105312666666662,341.56
34.844,0.004718859923994933,-0.02314718314554304,0.01635453733333332,-0.023105312666666662,341.56
34.848,0.005148859923994947,-0.02288718314554303,0.01610453733333335,-0.023105312666666662,341.56
34.852,0.005488859923994926,-0.022717183145543027,0.016014537333333315,-0.023015312666666655,341.56
34.856,0.006078859923994933,-0.022377183145543048,0.01550453733333336,-0.022845312666666652,341.56
34.86,0.006938859923994933,-0.02203718314554304,0.015414537333333325,-0.022675312666666676,341.56
34.864,0.007368859923994947,-0.021607183145543028,0.015414537333333325,-0.022415312666666666,341.56
34.868,0.007538859923994922,-0.02117718314554304,0.015334537333333356,-0.022245312666666663,341.56
34.872,0.007958859923994926,-0.020757183145543038,0.015164537333333353,-0.021905312666666656,341.56
34.876,0.008298859923994933,-0.020327183145543024,0.014904537333333315,-0.02147531266666667,341.56
34.88,0.008898859923994923,-0.01989718314554304,0.014564537333333308,-0.021135312666666663,341.56
34.884,0.009498859923994912,-0.01930718314554303,0.014304537333333325,-0.02071531266666666,341.56
34.888,0.009928859923994953,-0.01878718314554304,0.014054537333333353,-0.020285312666666673,341.56
34.892,0.01026885992399496,-0.018277183145543028,0.013714537333333346,-0.019775312666666663,341.56
34.896,0.010698859923994946,-0.017507183145543035,0.013364537333333329,-0.019085312666666666,341.56
34.9,0.011208859923994957,-0.01682718314554305,0.012944537333333353,-0.018575312666666656,341.56
34.904,0.011718859923994912,-0.016147183145543035,0.012514537333333312,-0.018235312666666677,341.56
34.908,0.012148859923994953,-0.015037183145543035,0.01217453733333336,-0.01763531266666666,341.56
34.912,0.01248885992399496,-0.014177183145543035,0.011574537333333315,-0.016695312666666663,341.56
34.916,0.013168859923994919,-0.013407183145543042,0.010974537333333326,-0.015845312666666674,341.56
34.92,0.013678859923994929,-0.012557183145543025,0.010634537333333319,-0.015075312666666653,341.56
34.924,0.014028859923994946,-0.011617183145543029,0.010384537333333346,-0.01430531266666666,341.56
34.928,0.014448859923994922,-0.010677183145543032,0.010124537333333308,-0.013365312666666664,341.56
34.932,0.014788859923994929,-0.009737183145543036,0.01003453733333333,-0.012425312666666667,341.56
34.936,0.015048859923994911,-0.00879718314554304,0.009784537333333357,-0.01148531266666667,341.56
34.94,0.015388859923994918,-0.007857183145543043,0.00892453733333333,-0.010805312666666657,341.56
34.944,0.015648859923994955,-0.006917183145543046,0.00807453733333334,-0.010555312666666657,341.56
34.948,0.015988859923994906,-0.005987183145543032,0.0074745373333333235,-0.010375312666666671,341.56
34.952,0.016248859923994944,-0.005047183145543035,0.006794537333333337,-0.009955312666666667,341.56
34.956,0.01658885992399495,-0.004107183145543039,0.006194537333333348,-0.009525312666666653,341.56
34.96,0.016838859923994923,-0.0031671831455430425,0.005514537333333334,-0.009265312666666671,341.56
34.964,0.017008859923994927,-0.002227183145543046,0.004654537333333334,-0.008675312666666664,341.56
34.968,0.017358859923994944,-0.0012871831455430497,0.0038945373333333236,-0.007905312666666671,341.56
34.972,0.017608859923994916,-0.0003471831455430257,0.003294537333333334,-0.007215312666666675,341.56
34.976,0.017868859923994954,0.0003328168544569605,0.0026945373333333448,-0.006705312666666664,341.56
34.98,0.01829885992399494,0.0006728168544569674,0.0020945373333333276,-0.006105312666666675,341.56
34.984,0.018468859923994944,0.0011028168544569535,0.0018445373333333273,-0.005515312666666668,341.56
34.988,0.018548859923994913,0.001272816854456957,0.0013245373333333347,-0.004655312666666668,341.56
34.992,0.018548859923994913,0.0015328168544569672,0.000904537333333331,-0.003975312666666654,341.56
34.996,0.018638859923994947,0.0014428168544569605,0.000904537333333331,-0.0033753126666666647,341.56
35.0,0.018638859923994947,0.0018728168544569742,0.0008145373333333242,-0.002525312666666675,341.56
35.004,0.018638859923994947,0.0021328168544569566,0.0007345373333333275,-0.0014153126666666752,341.56
35.008,0.01888885992399492,0.002722816854456964,0.0006445373333333207,-0.00021531266666666854,341.56
35.012,0.018978859923994954,0.0033228168544569532,-0.0006354626666666549,0.0008046873333333246,341.56
35.016,0.01888885992399492,0.0038328168544569637,-0.003705462666666672,0.0018346873333333277,341.56
35.02,0.018638859923994947,0.00452281685445696,-0.005415462666666661,0.0030246873333333243,341.56
35.024,0.018548859923994913,0.005122816854456977,-0.006615462666666668,0.004304687333333328,341.56
35.028,0.018548859923994913,0.0057128168544569565,-0.007555462666666664,0.005414687333333328,341.56
35.032,0.018638859923994947,0.006232816854456977,-0.008495462666666662,0.005844687333333341,341.56
35.036,0.018468859923994944,0.006822816854456956,-0.009605462666666661,0.005584687333333331,341.56
35.04,0.018208859923994906,0.0074228168544569735,-0.010455462666666679,0.004644687333333335,341.56
35.044,0.018208859923994906,0.007932816854456955,-0.011135462666666665,0.0043946873333333344,341.56
35.048,0.018208859923994906,0.008532816854456973,-0.011655462666666658,0.004474687333333331,341.56
35.052,0.018038859923994958,0.00913281685445699,-0.012245462666666665,0.004734687333333341,341.56
35.056,0.01769885992399495,0.009472816854456941,-0.013105462666666665,0.005334687333333331,341.56
35.06,0.017438859923994913,0.009902816854456983,-0.013875462666666658,0.005844687333333341,341.56
35.064,0.01726885992399491,0.010322816854456959,-0.014895462666666678,0.006104687333333324,341.56
35.068,0.016928859923994958,0.010842816854456979,-0.015745462666666668,0.006444687333333331,341.56
35.072,0.01658885992399495,0.011262816854456955,-0.01651546266666666,0.006784687333333338,341.56
35.076,0.01607885992399494,0.011522816854456937,-0.017205462666666657,0.007384687333333327,341.56
35.08,0.015648859923994955,0.011952816854456979,-0.01762546266666666,0.007974687333333334,341.56
35.084,0.01530885992399495,0.012372816854456955,-0.01813546266666667,0.008324687333333324,341.56
35.088,0.014878859923994908,0.01280281685445694,-0.018655462666666664,0.008494687333333355,341.56
35.092,0.014448859923994922,0.013062816854456979,-0.019425462666666657,0.00891468733333333,341.56
35.096,0.01419885992399495,0.013312816854456951,-0.020015462666666664,0.009604687333333355,341.56
35.1,0.013768859923994908,0.013652816854456958,-0.020615462666666654,0.01011468733333331,341.56
35.104,0.013258859923994953,0.014002816854456975,-0.021045462666666667,0.010454687333333317,341.56
35.108,0.012568859923994929,0.014342816854456982,-0.021385462666666674,0.010884687333333358,341.56
35.112,0.012058859923994919,0.014682816854456989,-0.02181546266666666,0.011304687333333334,341.56
35.116,0.01145885992399493,0.014942816854456972,-0.02232546266666667,0.01173468733333332,341.56
35.12,0.01086885992399495,0.015192816854456944,-0.022755462666666657,0.012164687333333361,341.56
35.124,0.010438859923994908,0.015282816854456979,-0.023005462666666657,0.012504687333333313,341.56
35.128,0.009838859923994919,0.015452816854456982,-0.023265462666666667,0.012934687333333354,341.56
35.132,0.00915885992399496,0.015622816854456986,-0.023515462666666667,0.01335468733333333,341.56
35.136,0.008478859923994947,0.01579281685445699,-0.023605462666666674,0.013704687333333347,341.56
35.14,0.00787885992399493,0.01605281685445697,-0.023605462666666674,0.01395468733333332,341.56
35.144,0.007188859923994933,0.016222816854456975,-0.023775462666666677,0.014214687333333358,341.56
35.148,0.006508859923994947,0.016472816854456947,-0.023945462666666653,0.014644687333333344,341.56
35.152,0.005998859923994937,0.016562816854456982,-0.023945462666666653,0.01506468733333332,341.56
35.156,0.005398859923994947,0.01664281685445695,-0.023865462666666656,0.015324687333333357,341.56
35.16,0.0046288599239949265,0.01690281685445699,-0.023605462666666674,0.015404687333333326,341.56
35.164,0.0037788599239949364,0.01690281685445699,-0.02343546266666667,0.015754687333333343,341.56
35.168,0.0029288599239949468,0.01690281685445699,-0.02317546266666666,0.016004687333333316,341.56
35.172,0.002158859923994926,0.01690281685445699,-0.023095462666666663,0.016264687333333354,341.56
35.176,0.0013888599239949332,0.01690281685445699,-0.022755462666666657,0.016514687333333326,341.56
35.18,0.0005288599239949335,0.01690281685445699,-0.022405462666666667,0.01668468733333333,341.56
35.184,-0.0003211400760050561,0.01690281685445699,-0.022235462666666664,0.016944687333333312,341.56
35.188,-0.0011711400760050735,0.016812816854456954,-0.021895462666666657,0.017114687333333316,341.56
35.192,-0.0019411400760050664,0.01690281685445699,-0.02146546266666667,0.017374687333333354,341.56
35.196,-0.002801140076005066,0.01690281685445699,-0.02095546266666666,0.017374687333333354,341.56
35.2,-0.003991140076005062,0.01690281685445699,-0.02035546266666667,0.017454687333333323,341.56
35.204,-0.005101140076005062,0.016812816854456954,-0.019935462666666667,0.017454687333333323,341.56
35.208,-0.0060411400760050585,0.01664281685445695,-0.019505462666666654,0.017544687333333357,341.56
35.212,-0.006811140076005079,0.01664281685445695,-0.018905462666666664,0.01779468733333333,341.56
35.216,-0.007661140076005069,0.016562816854456982,-0.018395462666666654,0.01779468733333333,341.56
35.22,-0.008431140076005062,0.01639281685445698,-0.01813546266666667,0.01771468733333336,341.56
35.224,-0.008691140076005072,0.01613281685445694,-0.017715462666666668,0.017544687333333357,341.56
35.228,-0.008521140076005069,0.01605281685445697,-0.01702546266666667,0.017544687333333357,341.56
35.232,-0.008351140076005065,0.01579281685445699,-0.016345462666666657,0.017544687333333357,341.56
35.236,-0.008771140076005069,0.015622816854456986,-0.015495462666666668,0.017374687333333354,341.56
35.24,-0.009801140076005072,0.015362816854456948,-0.014895462666666678,0.017114687333333316,341.56
35.244,-0.010311140076005055,0.015282816854456979,-0.014045462666666661,0.017034687333333347,341.56
35.248,-0.011081140076005075,0.015112816854456975,-0.013355462666666665,0.016864687333333343,341.56
35.252,-0.012701140076005058,0.015112816854456975,-0.012845462666666654,0.01660468733333336,341.56
35.256,-0.013811140076005058,0.014852816854456937,-0.012245462666666665,0.016514687333333326,341.56
35.26,-0.015011140076005064,0.014592816854456955,-0.011565462666666679,0.01617468733333332,341.56
35.264,-0.016121140076005066,0.014422816854456951,-0.010545462666666658,0.015924687333333347,341.56
35.268,-0.016711140076005073,0.014002816854456975,-0.009685462666666658,0.01566468733333331,341.56
35.272,-0.01740114007600507,0.013652816854456958,-0.008835462666666669,0.015324687333333357,341.56
35.276,-0.018171140076005062,0.013482816854456955,-0.008145462666666672,0.01498468733333335,341.56
35.28,-0.01902114007600508,0.013142816854456948,-0.007465462666666658,0.014724687333333313,341.56
35.284,-0.019531140076005062,0.01280281685445694,-0.006615462666666668,0.014554687333333309,341.56
35.288,-0.01987114007600507,0.012372816854456955,-0.005755462666666668,0.014294687333333327,341.56
35.292,-0.020301140076005055,0.012032816854456948,-0.004905462666666679,0.014044687333333354,341.56
35.296,-0.020901140076005072,0.011602816854456962,-0.004055462666666661,0.013704687333333347,341.56
35.3,-0.021501140076005062,0.011262816854456955,-0.0031954626666666616,0.01335468733333333,341.56
35.304,-0.02184114007600507,0.010922816854456948,-0.002345462666666672,0.013014687333333323,341.56
35.308,-0.02209114007600507,0.010322816854456959,-0.0014854626666666723,0.012504687333333313,341.56
35.312,-0.02235114007600508,0.009812816854456948,-0.0006354626666666549,0.012074687333333327,341.56
35.316,-0.022521140076005055,0.00913281685445699,0.00021453733333333478,0.01173468733333332,341.56
35.32,-0.022781140076005065,0.008702816854456976,0.0010745373333333344,0.011304687333333334,341.56
35.324,-0.022781140076005065,0.008362816854456969,0.001924537333333324,0.010884687333333358,341.56
35.328,-0.022781140076005065,0.007852816854456959,0.0027845373333333237,0.010544687333333351,341.56
35.332,-0.022781140076005065,0.0074228168544569735,0.003634537333333341,0.01002468733333333,341.56
35.336,-0.022781140076005065,0.007162816854456963,0.004484537333333331,0.009434687333333351,341.56
35.34,-0.022781140076005065,0.006912816854456963,0.005174537333333327,0.00891468733333333,341.56
35.344,-0.022781140076005065,0.006312816854456974,0.005084537333333348,0.008324687333333324,341.56
35.348,-0.022781140076005065,0.005462816854456956,0.004234537333333331,0.007974687333333334,341.56
35.352,-0.02269114007600506,0.004602816854456957,0.004234537333333331,0.007464687333333324,341.56
35.356,-0.022521140076005055,0.0038328168544569637,0.004654537333333334,0.006864687333333334,341.56
35.36,-0.022521140076005055,0.0032428168544569565,0.005084537333333348,0.006354687333333324,341.56
35.364,-0.02235114007600508,0.0024728168544569636,0.005684537333333337,0.005844687333333341,341.56
35.368,-0.021921140076005066,0.0017828168544569674,0.006284537333333327,0.005244687333333324,341.56
35.372,-0.02158114007600506,0.0010228168544569568,0.006794537333333337,0.004644687333333335,341.56
35.376,-0.021501140076005062,0.000162816854456957,0.007224537333333323,0.0040546873333333275,341.56
35.38,-0.021151140076005073,-0.0006071831455430359,0.007644537333333327,0.003454687333333338,341.56
35.384,-0.020811140076005066,-0.0011171831455430463,0.00807453733333334,0.002774687333333324,341.56
35.388,-0.02047114007600506,-0.0020571831455430427,0.008414537333333347,0.002084687333333328,341.56
35.392,-0.020041140076005073,-0.003077183145543036,0.00892453733333333,0.001314687333333335,341.56
35.396,-0.019451140076005066,-0.0038471831455430287,0.009614537333333353,0.0008046873333333246,341.56
35.4,-0.018931140076005073,-0.004447183145543046,0.010124537333333308,0.00020468733333333516,341.56
35.404,-0.018591140076005066,-0.0052971831455430355,0.010464537333333315,-0.00021531266666666854,341.56
35.408,-0.01800114007600506,-0.006407183145543035,0.010894537333333357,-0.0005553126666666755,341.56
35.412,-0.017571140076005073,-0.007267183145543035,0.011234537333333308,-0.0010753126666666682,341.56
35.416,-0.017061140076005062,-0.008117183145543026,0.011404537333333312,-0.001845312666666661,341.56
35.42,-0.01629114007600507,-0.008887183145543046,0.011744537333333319,-0.002525312666666675,341.56
35.424,-0.01578114007600506,-0.009737183145543036,0.012084537333333326,-0.0031253126666666645,341.56
35.428,-0.015261140076005065,-0.010507183145543029,0.012424537333333333,-0.003885312666666675,341.56
35.432,-0.014671140076005057,-0.01127718314554305,0.012944537333333353,-0.0048253126666666715,341.56
35.436,-0.014151140076005065,-0.012047183145543042,0.013364537333333329,-0.005855312666666675,341.56
35.44,-0.013561140076005057,-0.012647183145543032,0.013624537333333311,-0.006705312666666664,341.56
35.444,-0.012961140076005068,-0.01349718314554305,0.013794537333333315,-0.007475312666666657,341.56
35.448,-0.012271140076005072,-0.014267183145543042,0.014054537333333353,-0.0077353126666666674,341.56
35.452,-0.011681140076005065,-0.014947183145543028,0.014134537333333322,-0.007815312666666664,341.56
35.456,-0.010991140076005068,-0.015547183145543046,0.014224537333333356,-0.008585312666666657,341.56
35.46,-0.010571140076005065,-0.01631718314554304,0.014474537333333329,-0.009525312666666653,341.56
35.464,-0.010051140076005072,-0.016997183145543025,0.014904537333333315,-0.010375312666666671,341.56
35.468,-0.009291140076005061,-0.017507183145543035,0.015164537333333353,-0.011315312666666667,341.56
35.472,-0.008431140076005062,-0.018027183145543028,0.015414537333333325,-0.01234531266666667,341.56
35.476,-0.007581140076005072,-0.018617183145543035,0.01550453733333336,-0.01294531266666666,341.56
35.48,-0.006811140076005079,-0.01904718314554305,0.015764537333333342,-0.01370531266666667,341.56
35.484,-0.0060411400760050585,-0.01955718314554303,0.015764537333333342,-0.014475312666666663,341.56
35.488,-0.005191140076005069,-0.020247183145543027,0.01584453733333331,-0.015335312666666663,341.56
35.492,-0.004331140076005069,-0.020757183145543038,0.01610453733333335,-0.016105312666666656,341.56
35.496,-0.0035611400760050768,-0.02117718314554304,0.01610453733333335,-0.01678531266666667,341.56
35.5,-0.002541140076005056,-0.021607183145543028,0.016184537333333318,-0.017555312666666663,341.56
35.504,-0.0012611400760050803,-0.021947183145543035,0.016274537333333353,-0.01814531266666667,341.56
35.508,-0.0011711400760050735,-0.022297183145543024,0.01635453733333332,-0.018575312666666656,341.56
35.512,-0.0016911400760050662,-0.022547183145543024,0.01661453733333336,-0.019085312666666666,341.56
35.516,-0.001431140076005056,-0.02288718314554303,0.01661453733333336,-0.019775312666666663,341.56
35.52,-0.0010911400760050768,-0.023227183145543038,0.01661453733333336,-0.020195312666666666,341.56
35.524,-0.0006611400760050631,-0.023317183145543045,0.01661453733333336,-0.020625312666666652,341.56
35.528,-6.114007600507365e-05,-0.023407183145543024,0.016524537333333325,-0.02096531266666666,341.56
35.532,0.0005288599239949335,-0.023657183145543024,0.01661453733333336,-0.021135312666666663,341.56
35.536,0.0012988599239949264,-0.023657183145543024,0.016524537333333325,-0.02147531266666667,341.56
35.54,0.0017288599239949401,-0.023657183145543024,0.01635453733333332,-0.021905312666666656,341.56
35.544,0.002158859923994926,-0.023657183145543024,0.016274537333333353,-0.022165312666666666,341.56
35.548,0.0027488599239949333,-0.023577183145543027,0.016184537333333318,-0.022245312666666663,341.56
35.552,0.0033488599239949227,-0.023577183145543027,0.016184537333333318,-0.02233531266666667,341.56
35.556,0.0037788599239949364,-0.023407183145543024,0.016184537333333318,-0.022595312666666652,341.56
35.56,0.004208859923994923,-0.02314718314554304,0.015934537333333346,-0.022675312666666676,341.56
35.564,0.004718859923994933,-0.02288718314554303,0.015934537333333346,-0.022765312666666655,341.56
35.568,0.005228859923994944,-0.022807183145543034,0.015934537333333346,-0.022675312666666676,341.56
35.572,0.005828859923994933,-0.022467183145543027,0.015584537333333329,-0.022675312666666676,341.56
35.576,0.006258859923994947,-0.022207183145543045,0.015414537333333325,-0.022415312666666666,341.56
35.58,0.006678859923994923,-0.021947183145543035,0.015244537333333322,-0.02233531266666667,341.56
35.584,0.0071088599239949365,-0.021607183145543028,0.015074537333333318,-0.022245312666666663,341.56
35.588,0.007618859923994947,-0.02117718314554304,0.01499453733333335,-0.021905312666666656,341.56
35.592,0.008218859923994936,-0.02066718314554303,0.014824537333333346,-0.021395312666666673,341.56
35.596,0.008988859923994957,-0.019987183145543045,0.014564537333333308,-0.021055312666666666,341.56
35.6,0.009328859923994908,-0.01955718314554303,0.014474537333333329,-0.02096531266666666,341.56
35.604,0.009588859923994946,-0.019217183145543024,0.014134537333333322,-0.020625312666666652,341.56
35.608,0.009928859923994953,-0.018617183145543035,0.01388453733333335,-0.019945312666666666,341.56
35.612,0.01034885992399493,-0.018027183145543028,0.013624537333333311,-0.019435312666666656,341.56
35.616,0.010778859923994915,-0.017507183145543035,0.01328453733333336,-0.019085312666666666,341.56
35.62,0.011288859923994926,-0.01682718314554305,0.012944537333333353,-0.018665312666666663,341.56
35.624,0.01197885992399495,-0.01597718314554303,0.012514537333333312,-0.018235312666666677,341.56
35.628,0.01248885992399496,-0.015207183145543039,0.012084537333333326,-0.017725312666666666,341.56
35.632,0.012828859923994912,-0.014347183145543039,0.011574537333333315,-0.01703531266666667,341.56
35.636,0.013258859923994953,-0.013237183145543039,0.010974537333333326,-0.016355312666666656,341.56
35.64,0.013678859923994929,-0.011877183145543039,0.01055453733333335,-0.01541531266666666,341.56
35.644,0.014108859923994915,-0.010847183145543036,0.010204537333333333,-0.014475312666666663,341.56
35.648,0.014538859923994956,-0.009737183145543036,0.01003453733333333,-0.01370531266666667,341.56
35.652,0.014878859923994908,-0.008377183145543036,0.01003453733333333,-0.012855312666666653,341.56
35.656,0.01530885992399495,-0.007007183145543025,0.009784537333333357,-0.011915312666666657,341.56
35.66,0.015728859923994924,-0.0056371831455430425,0.00892453733333333,-0.011145312666666664,341.56
35.664,0.015988859923994906,-0.004277183145543042,0.008244537333333343,-0.010805312666666657,341.56
35.668,0.01615885992399491,-0.0029071831455430323,0.007734537333333334,-0.010465312666666678,341.56
35.672,0.016328859923994913,-0.0015471831455430322,0.007304537333333348,-0.010205312666666667,341.56
35.676,0.01658885992399495,-0.00017718314554304997,0.00645453733333333,-0.009785312666666664,341.56
35.68,0.016838859923994923,0.0011928168544569602,0.005594537333333331,-0.009435312666666675,341.56
35.684,0.017008859923994927,0.0025528168544569603,0.004654537333333334,-0.008845312666666667,341.56
35.688,0.017358859923994944,0.00230281685445696,0.0038045373333333446,-0.008245312666666678,341.56
35.692,0.017608859923994916,-0.00017718314554304997,0.003374537333333331,-0.007645312666666661,341.56
35.696,0.017868859923994954,-0.00043718314554303244,0.002614537333333348,-0.007135312666666678,341.56
35.7,0.018118859923994927,-0.00017718314554304997,0.002014537333333331,-0.006365312666666657,341.56
35.704,0.018208859923994906,0.000162816854456957,0.0016745373333333239,-0.005855312666666675,341.56
35.708,0.018468859923994944,0.0004228168544569672,0.001244537333333338,-0.0052553126666666575,341.56
35.712,0.018548859923994913,0.0006728168544569674,0.000904537333333331,-0.004575312666666671,341.56
35.716,0.018638859923994947,0.0011928168544569602,0.000474537333333345,-0.003545312666666668,341.56
35.72,0.018638859923994947,0.001612816854456964,0.00038453733333333826,-0.0024353126666666683,341.56
35.724,0.01880885992399495,0.001962816854456953,-3.546266666666544e-05,-0.0010753126666666682,341.56
35.728,0.01880885992399495,0.002722816854456964,-0.00029546266666667566,-0.00021531266666666854,341.56
35.732,0.01880885992399495,0.0034928168544569567,-0.0008954626666666651,0.0004646873333333454,341.56
35.736,0.01888885992399492,0.004092816854456974,-0.0025154626666666754,0.0009746873333333281,341.56
35.74,0.018718859923994916,0.004942816854456964,-0.004565462666666672,0.0014046873333333418,341.56
35.744,0.018548859923994913,0.005462816854456956,-0.006095462666666675,0.0018346873333333277,341.56
35.748,0.018548859923994913,0.00614281685445697,-0.007385462666666661,0.0022546873333333314,341.56
35.752,0.018468859923994944,0.006652816854456953,-0.008315462666666676,0.002684687333333345,341.56
35.756,0.018208859923994906,0.007162816854456963,-0.009085462666666669,0.003114687333333331,341.56
35.76,0.018208859923994906,0.0075128168544569525,-0.009685462666666658,0.003534687333333335,341.56
35.764,0.018038859923994958,0.007932816854456955,-0.010545462666666658,0.0040546873333333275,341.56
35.768,0.01777885992399492,0.008362816854456969,-0.011135462666666665,0.004564687333333338,341.56
35.772,0.01777885992399492,0.008872816854456952,-0.011475462666666672,0.005074687333333348,341.56
35.776,0.017608859923994916,0.009472816854456941,-0.012505462666666675,0.005244687333333324,341.56
35.78,0.017358859923994944,0.009982816854456952,-0.013525462666666668,0.005504687333333334,341.56
35.784,0.017098859923994906,0.010412816854456938,-0.014635462666666668,0.005584687333333331,341.56
35.788,0.016838859923994923,0.010842816854456979,-0.01566546266666667,0.006014687333333345,341.56
35.792,0.016498859923994916,0.011262816854456955,-0.016435462666666664,0.006694687333333331,341.56
35.796,0.01607885992399494,0.011522816854456937,-0.016945462666666675,0.007214687333333324,341.56
35.8,0.015648859923994955,0.011952816854456979,-0.017545462666666664,0.007554687333333331,341.56
35.804,0.01530885992399495,0.012372816854456955,-0.01813546266666667,0.008064687333333341,341.56
35.808,0.014968859923994942,0.01280281685445694,-0.01873546266666666,0.008744687333333327,341.56
35.812,0.014538859923994956,0.013232816854456982,-0.019335462666666678,0.009174687333333313,341.56
35.816,0.013938859923994911,0.01357281685445699,-0.019765462666666664,0.009344687333333317,341.56
35.82,0.013338859923994922,0.013742816854456937,-0.02035546266666667,0.009684687333333324,341.56
35.824,0.012918859923994946,0.014082816854456944,-0.02095546266666666,0.01011468733333331,341.56
35.828,0.01248885992399496,0.014342816854456982,-0.02146546266666667,0.010794687333333323,341.56
35.832,0.01197885992399495,0.014592816854456955,-0.021985462666666664,0.011304687333333334,341.56
35.836,0.01137885992399496,0.014942816854456972,-0.022405462666666667,0.011654687333333351,341.56
35.84,0.010778859923994915,0.015192816854456944,-0.022665462666666678,0.012074687333333327,341.56
35.844,0.010098859923994957,0.015192816854456944,-0.022835462666666653,0.012504687333333313,341.56
35.848,0.009588859923994946,0.015362816854456948,-0.02317546266666666,0.012934687333333354,341.56
35.852,0.008988859923994957,0.015622816854456986,-0.023515462666666667,0.01335468733333333,341.56
35.856,0.008218859923994936,0.015702816854456954,-0.023605462666666674,0.013524687333333334,341.56
35.86,0.0074488599239949434,0.015962816854456937,-0.023605462666666674,0.013784687333333316,341.56
35.864,0.006848859923994926,0.01605281685445697,-0.023605462666666674,0.014214687333333358,341.56
35.868,0.006258859923994947,0.016222816854456975,-0.023775462666666677,0.014724687333333313,341.56
35.872,0.005488859923994926,0.016472816854456947,-0.023945462666666653,0.014894687333333316,341.56
35.876,0.004888859923994937,0.016472816854456947,-0.023865462666666656,0.01506468733333332,341.56
35.88,0.00454885992399493,0.016472816854456947,-0.023605462666666674,0.015404687333333326,341.56
35.884,0.0037788599239949364,0.016562816854456982,-0.02343546266666667,0.01566468733333331,341.56
35.888,0.0030088599239949435,0.016812816854456954,-0.02317546266666666,0.015834687333333312,341.56
35.892,0.002238859923994923,0.01690281685445699,-0.023005462666666657,0.01617468733333332,341.56
35.896,0.00146885992399493,0.01690281685445699,-0.022755462666666657,0.016514687333333326,341.56
35.9,0.0008788599239949227,0.01690281685445699,-0.022665462666666678,0.01660468733333336,341.56
35.904,1.8859923994923086e-05,0.01690281685445699,-0.02232546266666667,0.01677468733333331,341.56
35.908,-0.0010911400760050768,0.01690281685445699,-0.021895462666666657,0.017034687333333347,341.56
35.912,-0.002031140076005073,0.01690281685445699,-0.02146546266666667,0.017114687333333316,341.56
35.916,-0.003141140076005073,0.016812816854456954,-0.02095546266666666,0.01728468733333332,341.56
35.92,-0.004081140076005069,0.01664281685445695,-0.02035546266666667,0.017454687333333323,341.56
35.924,-0.005021140076005065,0.01664281685445695,-0.019935462666666667,0.017454687333333323,341.56
35.928,-0.005961140076005062,0.01664281685445695,-0.019505462666666654,0.017454687333333323,341.56
35.932,-0.006891140076005076,0.016562816854456982,-0.01899546266666667,0.017374687333333354,341.56
35.936,-0.007661140076005069,0.01639281685445698,-0.018315462666666657,0.017454687333333323,341.56
35.94,-0.008431140076005062,0.01613281685445694,-0.017715462666666668,0.017454687333333323,341.56
35.944,-0.008941140076005072,0.01605281685445697,-0.017205462666666657,0.017454687333333323,341.56
35.948,-0.009201140076005055,0.01579281685445699,-0.016685462666666664,0.017374687333333354,341.56
35.952,-0.009291140076005061,0.015702816854456954,-0.01626546266666666,0.01728468733333332,341.56
35.956,-0.009631140076005068,0.015532816854456951,-0.015495462666666668,0.017034687333333347,341.56
35.96,-0.010401140076005061,0.015362816854456948,-0.014895462666666678,0.017034687333333347,341.56
35.964,-0.010991140076005068,0.015192816854456944,-0.014125462666666658,0.016944687333333312,341.56
35.968,-0.011081140076005075,0.014942816854456972,-0.013525462666666668,0.01668468733333333,341.56
35.972,-0.010991140076005068,0.014942816854456972,-0.012935462666666661,0.01660468733333336,341.56
35.976,-0.012101140076005068,0.014852816854456937,-0.012415462666666668,0.016344687333333323,341.56
35.98,-0.013901140076005064,0.014512816854456986,-0.011475462666666672,0.01617468733333332,341.56
35.984,-0.015261140076005065,0.014172816854456979,-0.010545462666666658,0.015754687333333343,341.56
35.988,-0.01654114007600507,0.01391281685445694,-0.009945462666666668,0.015404687333333326,341.56
35.992,-0.017481140076005066,0.01357281685445699,-0.009085462666666669,0.015324687333333357,341.56
35.996,-0.018171140076005062,0.013312816854456951,-0.008065462666666676,0.01498468733333335,341.56
36.0,-0.01876114007600507,0.013142816854456948,-0.007205462666666675,0.014644687333333344,341.56
36.004,-0.01936114007600506,0.01280281685445694,-0.006275462666666661,0.014294687333333327,341.56
36.008,-0.01987114007600507,0.01246281685445699,-0.005165462666666661,0.014044687333333354,341.56
36.012,-0.020391140076005062,0.011952816854456979,-0.004055462666666661,0.013704687333333347,341.56
36.016,-0.02073114007600507,0.011522816854456937,-0.0029454626666666614,0.01344468733333331,341.56
36.02,-0.02124114007600508,0.011182816854456986,-0.0018354626666666615,0.013184687333333327,341.56
36.024,-0.021751140076005062,0.010842816854456979,-0.0007254626666666616,0.01284468733333332,341.56
36.028,-0.022011140076005072,0.010322816854456959,0.00038453733333333826,0.012504687333333313,341.56
36.032,-0.022271140076005055,0.00973281685445698,0.0014945373333333381,0.012164687333333361,341.56
36.036,-0.022441140076005058,0.009212816854456959,0.002614537333333348,0.011654687333333351,341.56
36.04,-0.02269114007600506,0.008792816854456983,0.003724537333333348,0.01122468733333331,341.56
36.044,-0.022781140076005065,0.008272816854456962,0.004834537333333348,0.010884687333333358,341.56
36.048,-0.022861140076005062,0.0075128168544569525,0.005944537333333348,0.010544687333333351,341.56
36.052,-0.023121140076005072,0.007162816854456963,0.0070545373333333475,0.01002468733333333,341.56
36.056,-0.023121140076005072,0.007082816854456967,0.008164537333333347,0.009344687333333317,341.56
36.06,-0.023031140076005065,0.007162816854456963,0.008334537333333322,0.008834687333333362,341.56
36.064,-0.022861140076005062,0.00674281685445696,0.00645453733333333,0.008494687333333355,341.56
36.068,-0.022861140076005062,0.0057128168544569565,0.004654537333333334,0.008064687333333341,341.56
36.072,-0.022861140076005062,0.004602816854456957,0.004234537333333331,0.007464687333333324,341.56
36.076,-0.022781140076005065,0.00392281685445697,0.004484537333333331,0.006864687333333334,341.56
36.08,-0.022521140076005055,0.0033228168544569532,0.005084537333333348,0.006354687333333324,341.56
36.084,-0.022521140076005055,0.0025528168544569603,0.005684537333333337,0.005844687333333341,341.56
36.088,-0.02235114007600508,0.0017828168544569674,0.006284537333333327,0.005244687333333324,341.56
36.092,-0.022011140076005072,0.0010228168544569568,0.0067045373333333306,0.004734687333333341,341.56
36.096,-0.021671140076005065,8.281685445696025e-05,0.007134537333333344,0.0039646873333333485,341.56
36.1,-0.02133114007600506,-0.0006871831455430327,0.007644537333333327,0.003534687333333335,341.56
36.104,-0.021071140076005076,-0.0015471831455430322,0.00807453733333334,0.0030246873333333243,341.56
36.108,-0.02073114007600507,-0.002227183145543046,0.008504537333333353,0.002084687333333328,341.56
36.112,-0.020301140076005055,-0.0028271831455430356,0.00892453733333333,0.0012346873333333383,341.56
36.116,-0.019701140076005066,-0.0035871831455430462,0.009274537333333346,0.0005546873333333244,341.56
36.12,-0.018851140076005076,-0.004357183145543039,0.009694537333333322,-4.531266666666506e-05,341.56
36.124,-0.018421140076005062,-0.005127183145543032,0.010124537333333308,-0.0003053126666666753,341.56
36.128,-0.01825114007600506,-0.0060671831455430284,0.010464537333333315,-0.0009853126666666615,341.56
36.132,-0.01791114007600508,-0.006917183145543046,0.010804537333333322,-0.001495312666666672,341.56
36.136,-0.017231140076005066,-0.008027183145543047,0.011234537333333308,-0.0019253126666666578,341.56
36.14,-0.016631140076005076,-0.008887183145543046,0.011744537333333319,-0.002265312666666665,341.56
36.144,-0.015861140076005056,-0.009737183145543036,0.01217453733333336,-0.0026953126666666785,341.56
36.148,-0.015431140076005068,-0.010507183145543029,0.012514537333333312,-0.003545312666666668,341.56
36.152,-0.015011140076005064,-0.011107183145543046,0.012944537333333353,-0.004655312666666668,341.56
36.156,-0.014321140076005068,-0.011787183145543032,0.01328453733333336,-0.0055953126666666644,341.56
36.16,-0.013731140076005061,-0.012647183145543032,0.013364537333333329,-0.006535312666666661,341.56
36.164,-0.013041140076005065,-0.013407183145543042,0.013794537333333315,-0.007135312666666678,341.56
36.168,-0.012451140076005058,-0.014097183145543039,0.014134537333333322,-0.007905312666666671,341.56
36.172,-0.011851140076005068,-0.014697183145543028,0.014224537333333356,-0.00850531266666666,341.56
36.176,-0.011251140076005079,-0.015377183145543042,0.014304537333333325,-0.009185312666666674,341.56
36.18,-0.010571140076005065,-0.016057183145543028,0.014564537333333308,-0.009785312666666664,341.56
36.184,-0.009881140076005069,-0.016657183145543045,0.014654537333333342,-0.010295312666666674,341.56
36.188,-0.009111140076005076,-0.017257183145543035,0.01499453733333335,-0.011145312666666664,341.56
36.192,-0.008431140076005062,-0.017847183145543042,0.015414537333333325,-0.01183531266666666,341.56
36.196,-0.007581140076005072,-0.018367183145543035,0.01550453733333336,-0.012685312666666677,341.56
36.2,-0.006891140076005076,-0.01904718314554305,0.01550453733333336,-0.013285312666666667,341.56
36.204,-0.006211140076005062,-0.019477183145543035,0.015764537333333342,-0.014135312666666656,341.56
36.208,-0.005271140076005066,-0.019987183145543045,0.016014537333333315,-0.014995312666666656,341.56
36.212,-0.004501140076005073,-0.02041718314554303,0.016184537333333318,-0.015755312666666667,341.56
36.216,-0.0038211400760050592,-0.020757183145543038,0.016184537333333318,-0.016445312666666663,341.56
36.22,-0.0026311400760050626,-0.02117718314554304,0.016184537333333318,-0.017125312666666677,341.56
36.224,-0.0016911400760050662,-0.021697183145543034,0.016274537333333353,-0.018065312666666673,341.56
36.228,-0.001341140076005077,-0.022117183145543038,0.016274537333333353,-0.018665312666666663,341.56
36.232,-0.001431140076005056,-0.022377183145543048,0.016274537333333353,-0.01900531266666667,341.56
36.236,-0.001341140076005077,-0.022467183145543027,0.016524537333333325,-0.019435312666666656,341.56
36.24,-0.0010911400760050768,-0.022717183145543027,0.01661453733333336,-0.01985531266666666,341.56
36.244,-0.0006611400760050631,-0.02288718314554303,0.01661453733333336,-0.020195312666666666,341.56
36.248,0.00010885992399492983,-0.02314718314554304,0.01661453733333336,-0.020625312666666652,341.56
36.252,0.0008788599239949227,-0.02314718314554304,0.016524537333333325,-0.021055312666666666,341.56
36.256,0.0013888599239949332,-0.023227183145543038,0.016274537333333353,-0.021305312666666666,341.56
36.26,0.0017288599239949401,-0.023317183145543045,0.016274537333333353,-0.021565312666666676,341.56
36.264,0.002238859923994923,-0.023317183145543045,0.016184537333333318,-0.02182531266666666,341.56
36.268,0.0029288599239949468,-0.023227183145543038,0.016184537333333318,-0.021995312666666662,341.56
36.272,0.0034388599239949295,-0.023227183145543038,0.016184537333333318,-0.022245312666666663,341.56
36.276,0.00394885992399494,-0.02314718314554304,0.01610453733333335,-0.022505312666666673,341.56
36.28,0.004288859923994947,-0.02288718314554303,0.01584453733333331,-0.022765312666666655,341.56
36.284,0.004888859923994937,-0.022807183145543034,0.015934537333333346,-0.022765312666666655,341.56
36.288,0.00565885992399493,-0.022467183145543027,0.015934537333333346,-0.022675312666666676,341.56
36.292,0.00590885992399493,-0.022207183145543045,0.01550453733333336,-0.022675312666666676,341.56
36.296,0.006258859923994947,-0.021947183145543035,0.015244537333333322,-0.022675312666666676,341.56
36.3,0.006678859923994923,-0.021607183145543028,0.015074537333333318,-0.022415312666666666,341.56
36.304,0.00727885992399494,-0.02117718314554304,0.015164537333333353,-0.022245312666666663,341.56
36.308,0.007958859923994926,-0.020837183145543035,0.01499453733333335,-0.021995312666666662,341.56
36.312,0.008558859923994943,-0.02041718314554303,0.014904537333333315,-0.02182531266666666,341.56
36.316,0.008818859923994954,-0.019987183145543045,0.014654537333333342,-0.021565312666666676,341.56
36.32,0.00915885992399496,-0.01955718314554303,0.014474537333333329,-0.021055312666666666,341.56
36.324,0.009498859923994912,-0.01904718314554305,0.014134537333333322,-0.02071531266666666,341.56
36.328,0.010008859923994922,-0.01844718314554303,0.01388453733333335,-0.020455312666666677,341.56
36.332,0.010608859923994912,-0.01793718314554305,0.013714537333333346,-0.019945312666666666,341.56
36.336,0.011208859923994957,-0.01733718314554303,0.01328453733333336,-0.019435312666666656,341.56
36.34,0.011548859923994908,-0.016657183145543045,0.012944537333333353,-0.01900531266666667,341.56
36.344,0.012058859923994919,-0.015887183145543025,0.012604537333333346,-0.018575312666666656,341.56
36.348,0.01248885992399496,-0.015117183145543032,0.01217453733333336,-0.018235312666666677,341.56
36.352,0.012828859923994912,-0.014097183145543039,0.01166453733333335,-0.017725312666666666,341.56
36.356,0.013338859923994922,-0.012897183145543032,0.01114453733333333,-0.016955312666666673,341.56
36.36,0.013678859923994929,-0.011787183145543032,0.01055453733333335,-0.016185312666666653,341.56
36.364,0.014108859923994915,-0.010847183145543036,0.010124537333333308,-0.01567531266666667,341.56
36.368,0.014538859923994956,-0.00990718314554304,0.00995453733333336,-0.01516531266666666,341.56
36.372,0.014878859923994908,-0.008717183145543043,0.009784537333333357,-0.014645312666666667,341.56
36.376,0.015218859923994915,-0.007517183145543035,0.009784537333333357,-0.014135312666666656,341.56
36.38,0.015648859923994955,-0.006327183145543039,0.009184537333333312,-0.013285312666666667,341.56
36.384,0.015988859923994906,-0.005127183145543032,0.008414537333333347,-0.012005312666666663,341.56
36.388,0.016248859923994944,-0.0039371831455430354,0.00781453733333333,-0.010895312666666664,341.56
36.392,0.016498859923994916,-0.002737183145543029,0.0074745373333333235,-0.010635312666666653,341.56
36.396,0.01658885992399495,-0.0017171831455430357,0.006624537333333334,-0.010295312666666674,341.56
36.4,0.016838859923994923,-0.0012871831455430497,0.005684537333333337,-0.009695312666666657,341.56
36.404,0.017008859923994927,-0.0014571831455430255,0.0050045373333333235,-0.009355312666666678,341.56
36.408,0.017358859923994944,-0.0018871831455430392,0.004314537333333327,-0.008675312666666664,341.56
36.412,0.017608859923994916,-0.0013671831455430465,0.003374537333333331,-0.008245312666666678,341.56
36.416,0.017868859923994954,-0.0008571831455430361,0.002614537333333348,-0.007645312666666661,341.56
36.42,0.018118859923994927,-0.0006871831455430327,0.0021845373333333343,-0.007045312666666671,341.56
36.424,0.018118859923994927,-0.0002571831455430467,0.0015845373333333449,-0.006285312666666661,341.56
36.428,0.018208859923994906,0.000162816854456957,0.0010745373333333344,-0.005515312666666668,341.56
36.432,0.018468859923994944,0.0004228168544569672,0.000564537333333324,-0.004655312666666668,341.56
36.436,0.018468859923994944,0.0006728168544569674,4.45373333333313e-05,-0.003975312666666654,341.56
36.44,0.018548859923994913,0.001272816854456957,-0.00046546266666667915,-0.003295312666666668,341.56
36.444,0.018638859923994947,0.0018728168544569742,-0.0006354626666666549,-0.0019253126666666578,341.56
36.448,0.018638859923994947,0.0024728168544569636,-0.0006354626666666549,0.00012468733333333842,341.56
36.452,0.018548859923994913,0.0031528168544569498,-0.0006354626666666549,0.0018346873333333277,341.56
36.456,0.018548859923994913,0.004012816854456977,-0.002005462666666665,0.0030246873333333243,341.56
36.46,0.018638859923994947,0.004692816854456963,-0.0039654626666666545,0.0036246873333333415,341.56
36.464,0.018548859923994913,0.005372816854456977,-0.0056754626666666716,0.0039646873333333485,341.56
36.468,0.018468859923994944,0.005972816854456967,-0.006955462666666675,0.004134687333333324,341.56
36.472,0.018208859923994906,0.006482816854456977,-0.007895462666666672,0.004304687333333328,341.56
36.476,0.018208859923994906,0.00674281685445696,-0.008835462666666669,0.004474687333333331,341.56
36.48,0.018038859923994958,0.007162816854456963,-0.009945462666666668,0.004644687333333335,341.56
36.484,0.017868859923994954,0.007762816854456953,-0.010795462666666658,0.004824687333333348,341.56
36.488,0.017948859923994923,0.008272816854456962,-0.011655462666666658,0.004994687333333324,341.56
36.492,0.01777885992399492,0.008792816854456983,-0.012335462666666672,0.005244687333333324,341.56
36.496,0.01769885992399495,0.009302816854456938,-0.012585462666666672,0.005504687333333334,341.56
36.5,0.017438859923994913,0.009902816854456983,-0.013275462666666668,0.005584687333333331,341.56
36.504,0.016928859923994958,0.010412816854456938,-0.014295462666666661,0.005844687333333341,341.56
36.508,0.01658885992399495,0.010752816854456945,-0.014985462666666657,0.006104687333333324,341.56
36.512,0.016418859923994947,0.011182816854456986,-0.016095462666666657,0.006784687333333338,341.56
36.516,0.01607885992399494,0.011602816854456962,-0.016945462666666675,0.007124687333333345,341.56
36.52,0.015728859923994924,0.012032816854456948,-0.017545462666666664,0.007724687333333334,341.56
36.524,0.015388859923994918,0.01246281685445699,-0.017965462666666668,0.008234687333333345,341.56
36.528,0.014788859923994929,0.01280281685445694,-0.018565462666666657,0.008494687333333355,341.56
36.532,0.01419885992399495,0.013062816854456979,-0.019075462666666668,0.008834687333333362,341.56
36.536,0.013678859923994929,0.013312816854456951,-0.019675462666666657,0.009264687333333348,341.56
36.54,0.013258859923994953,0.013652816854456958,-0.020185462666666668,0.009944687333333362,341.56
36.544,0.012828859923994912,0.014082816854456944,-0.02070546266666666,0.010454687333333317,341.56
36.548,0.012318859923994957,0.014512816854456986,-0.021125462666666664,0.010884687333333358,341.56
36.552,0.011718859923994912,0.014762816854456958,-0.021725462666666653,0.01122468733333331,341.56
36.556,0.011288859923994926,0.014852816854456937,-0.022155462666666667,0.011654687333333351,341.56
36.56,0.010698859923994946,0.01502281685445694,-0.022405462666666667,0.012074687333333327,341.56
36.564,0.010178859923994926,0.015452816854456982,-0.022755462666666657,0.012594687333333347,341.56
36.568,0.009928859923994953,0.015622816854456986,-0.023005462666666657,0.013014687333333323,341.56
36.572,0.009328859923994908,0.015702816854456954,-0.02317546266666666,0.013274687333333361,341.56
36.576,0.00838885992399494,0.015962816854456937,-0.02343546266666667,0.01335468733333333,341.56
36.58,0.007618859923994947,0.01613281685445694,-0.023605462666666674,0.013784687333333316,341.56
36.584,0.00701885992399493,0.016302816854456944,-0.023865462666666656,0.014214687333333358,341.56
36.588,0.006258859923994947,0.016562816854456982,-0.023865462666666656,0.01446468733333333,341.56
36.592,0.00565885992399493,0.016562816854456982,-0.023945462666666653,0.014644687333333344,341.56
36.596,0.005148859923994947,0.016562816854456982,-0.023865462666666656,0.01498468733333335,341.56
36.6,0.004458859923994923,0.016812816854456954,-0.023605462666666674,0.015404687333333326,341.56
36.604,0.0037788599239949364,0.01690281685445699,-0.023515462666666667,0.01566468733333331,341.56
36.608,0.0030988599239949225,0.01690281685445699,-0.023515462666666667,0.015924687333333347,341.56
36.612,0.002238859923994923,0.01690281685445699,-0.023265462666666667,0.016264687333333354,341.56
36.616,0.0013888599239949332,0.01690281685445699,-0.023005462666666657,0.016514687333333326,341.56
36.62,0.0006188599239949403,0.01690281685445699,-0.022665462666666678,0.01660468733333336,341.56
36.624,-6.114007600507365e-05,0.01690281685445699,-0.02232546266666667,0.01677468733333331,341.56
36.628,-0.00100114007600507,0.01690281685445699,-0.021985462666666664,0.017034687333333347,341.56
36.632,-0.0018611400760050697,0.01690281685445699,-0.021555462666666678,0.017114687333333316,341.56
36.636,-0.0027111400760050594,0.01690281685445699,-0.021125462666666664,0.017374687333333354,341.56
36.64,-0.0035611400760050768,0.01690281685445699,-0.02070546266666666,0.017454687333333323,341.56
36.644,-0.004331140076005069,0.016732816854456985,-0.02010546266666667,0.017374687333333354,341.56
36.648,-0.005191140076005069,0.016472816854456947,-0.019505462666666654,0.017454687333333323,341.56
36.652,-0.006301140076005069,0.016472816854456947,-0.01899546266666667,0.017454687333333323,341.56
36.656,-0.007241140076005065,0.016472816854456947,-0.01848546266666666,0.017454687333333323,341.56
36.66,-0.008001140076005076,0.016222816854456975,-0.01788546266666667,0.017454687333333323,341.56
36.664,-0.008691140076005072,0.016222816854456975,-0.017545462666666664,0.017374687333333354,341.56
36.668,-0.009031140076005079,0.015962816854456937,-0.017115462666666678,0.017454687333333323,341.56
36.672,-0.008771140076005069,0.015702816854456954,-0.016435462666666664,0.017454687333333323,341.56
36.676,-0.008601140076005065,0.015622816854456986,-0.01600546266666668,0.017374687333333354,341.56
36.68,-0.009461140076005065,0.015452816854456982,-0.01515546266666666,0.01720468733333335,341.56
36.684,-0.010401140076005061,0.015452816854456982,-0.014555462666666671,0.017034687333333347,341.56
36.688,-0.011341140076005058,0.01502281685445694,-0.013785462666666679,0.016944687333333312,341.56
36.692,-0.012451140076005058,0.014942816854456972,-0.013185462666666661,0.01668468733333333,341.56
36.696,-0.013381140076005072,0.014852816854456937,-0.012505462666666675,0.016514687333333326,341.56
36.7,-0.014321140076005068,0.014512816854456986,-0.011735462666666654,0.01617468733333332,341.56
36.704,-0.015521140076005075,0.014172816854456979,-0.011135462666666665,0.015924687333333347,341.56
36.708,-0.01654114007600507,0.014002816854456975,-0.010365462666666672,0.015754687333333343,341.56
36.712,-0.017311140076005063,0.013652816854456958,-0.009605462666666661,0.015404687333333326,341.56
36.716,-0.018171140076005062,0.013312816854456951,-0.008745462666666662,0.015154687333333354,341.56
36.72,-0.018681140076005073,0.012892816854456975,-0.007805462666666665,0.014894687333333316,341.56
36.724,-0.019191140076005055,0.012632816854456937,-0.0067854626666666714,0.014554687333333309,341.56
36.728,-0.01987114007600507,0.012292816854456986,-0.0060154626666666785,0.014214687333333358,341.56
36.732,-0.020391140076005062,0.011952816854456979,-0.005165462666666661,0.01395468733333332,341.56
36.736,-0.020901140076005072,0.011602816854456962,-0.004225462666666665,0.013784687333333316,341.56
36.74,-0.021411140076005055,0.011182816854456986,-0.003115462666666665,0.01344468733333331,341.56
36.744,-0.021671140076005065,0.010842816854456979,-0.0020854626666666617,0.013014687333333323,341.56
36.748,-0.022011140076005072,0.010412816854456938,-0.0010654626666666686,0.012594687333333347,341.56
36.752,-0.02235114007600508,0.009812816854456948,-3.546266666666544e-05,0.012164687333333361,341.56
36.756,-0.022441140076005058,0.00913281685445699,0.0009845373333333277,0.01173468733333332,341.56
36.76,-0.02269114007600506,0.008532816854456973,0.002014537333333331,0.011304687333333334,341.56
36.764,-0.022781140076005065,0.007932816854456955,0.003034537333333324,0.010884687333333358,341.56
36.768,-0.022781140076005065,0.0075128168544569525,0.004064537333333327,0.010544687333333351,341.56
36.772,-0.022781140076005065,0.007082816854456967,0.005084537333333348,0.01002468733333333,341.56
36.776,-0.022781140076005065,0.00674281685445696,0.006024537333333344,0.009264687333333348,341.56
36.78,-0.022781140076005065,0.006572816854456956,0.006534537333333327,0.008834687333333362,341.56
36.784,-0.022781140076005065,0.006572816854456956,0.00645453733333333,0.008404687333333348,341.56
36.788,-0.022781140076005065,0.00614281685445697,0.005424537333333327,0.007974687333333334,341.56
36.792,-0.022781140076005065,0.005372816854456977,0.0045745373333333375,0.007554687333333331,341.56
36.796,-0.02261114007600506,0.004352816854456956,0.004744537333333341,0.006864687333333334,341.56
36.8,-0.022441140076005058,0.0034928168544569567,0.005084537333333348,0.006444687333333331,341.56
36.804,-0.02235114007600508,0.002642816854456967,0.005684537333333337,0.005934687333333348,341.56
36.808,-0.02209114007600507,0.0017828168544569674,0.006284537333333327,0.005164687333333327,341.56
36.812,-0.021921140076005066,0.0007628168544569742,0.006794537333333337,0.004564687333333338,341.56
36.816,-0.02158114007600506,-7.183145543046489e-06,0.007224537333333323,0.0039646873333333485,341.56
36.82,-0.02133114007600506,-0.0007771831455430394,0.007734537333333334,0.003454687333333338,341.56
36.824,-0.021071140076005076,-0.0013671831455430465,0.008334537333333322,0.002854687333333321,341.56
36.828,-0.02047114007600506,-0.001967183145543036,0.008754537333333326,0.002084687333333328,341.56
36.832,-0.019961140076005076,-0.002737183145543029,0.009184537333333312,0.0010646873333333348,341.56
36.836,-0.01936114007600506,-0.003677183145543025,0.009614537333333353,0.0004646873333333454,341.56
36.84,-0.01876114007600507,-0.004447183145543046,0.01003453733333333,0.00012468733333333842,341.56
36.844,-0.018341140076005066,-0.005217183145543039,0.01055453733333335,-0.0005553126666666755,341.56
36.848,-0.01791114007600508,-0.005987183145543032,0.010974537333333326,-0.0009053126666666647,341.56
36.852,-0.01740114007600507,-0.006667183145543046,0.011314537333333333,-0.001155312666666665,341.56
36.856,-0.01689114007600506,-0.007267183145543035,0.011744537333333319,-0.001845312666666661,341.56
36.86,-0.01654114007600507,-0.008027183145543047,0.01217453733333336,-0.0026953126666666785,341.56
36.864,-0.015861140076005056,-0.008967183145543043,0.012344537333333308,-0.003545312666666668,341.56
36.868,-0.015261140076005065,-0.009827183145543043,0.012514537333333312,-0.004235312666666664,341.56
36.872,-0.014671140076005057,-0.010847183145543036,0.012944537333333353,-0.004915312666666678,341.56
36.876,-0.014241140076005071,-0.011617183145543029,0.013454537333333308,-0.005855312666666675,341.56
36.88,-0.013641140076005054,-0.012217183145543046,0.01388453733333335,-0.006625312666666668,341.56
36.884,-0.013041140076005065,-0.012987183145543039,0.014054537333333353,-0.007475312666666657,341.56
36.888,-0.012451140076005058,-0.013757183145543032,0.014224537333333356,-0.008325312666666675,341.56
36.892,-0.011851140076005068,-0.014267183145543042,0.014474537333333329,-0.00875531266666666,341.56
36.896,-0.011251140076005079,-0.015117183145543032,0.014564537333333308,-0.009265312666666671,341.56
36.9,-0.010571140076005065,-0.015807183145543028,0.014564537333333308,-0.01012531266666667,341.56
36.904,-0.009971140076005075,-0.016397183145543035,0.014824537333333346,-0.01072531266666666,341.56
36.908,-0.009291140076005061,-0.016997183145543025,0.015074537333333318,-0.011315312666666667,341.56
36.912,-0.008601140076005065,-0.017507183145543035,0.015334537333333356,-0.01208531266666666,341.56
36.916,-0.007661140076005069,-0.018277183145543028,0.01550453733333336,-0.01294531266666666,341.56
36.92,-0.006891140076005076,-0.01878718314554304,0.015764537333333342,-0.013625312666666674,341.56
36.924,-0.006211140076005062,-0.019217183145543024,0.015934537333333346,-0.01430531266666666,341.56
36.928,-0.005271140076005066,-0.019647183145543038,0.016184537333333318,-0.01516531266666666,341.56
36.932,-0.0042511400760050725,-0.020247183145543027,0.016184537333333318,-0.015845312666666674,341.56
36.936,-0.00322114007600507,-0.020757183145543038,0.016184537333333318,-0.016445312666666663,341.56
36.94,-0.0022811400760050734,-0.02117718314554304,0.016184537333333318,-0.017125312666666677,341.56
36.944,-0.00100114007600507,-0.021697183145543034,0.016274537333333353,-0.017975312666666667,341.56
36.948,-0.0009211400760050733,-0.02203718314554304,0.016524537333333325,-0.01849531266666666,341.56
36.952,-0.001341140076005077,-0.022207183145543045,0.01661453733333336,-0.01900531266666667,341.56
36.956,-0.001341140076005077,-0.022547183145543024,0.01661453733333336,-0.019515312666666652,341.56
36.96,-0.0009211400760050733,-0.022807183145543034,0.01661453733333336,-0.01985531266666666,341.56
36.964,-0.00023114007600507714,-0.02288718314554303,0.01661453733333336,-0.020195312666666666,341.56
36.968,0.0002788599239949333,-0.02314718314554304,0.016524537333333325,-0.020625312666666652,341.56
36.972,0.0008788599239949227,-0.023487183145543048,0.016524537333333325,-0.021135312666666663,341.56
36.976,0.0013888599239949332,-0.023657183145543024,0.01661453733333336,-0.021565312666666676,341.56
36.98,0.0017288599239949401,-0.023657183145543024,0.016524537333333325,-0.02182531266666666,341.56
36.984,0.002238859923994923,-0.023657183145543024,0.01635453733333332,-0.021995312666666662,341.56
36.988,0.0029288599239949468,-0.023577183145543027,0.016184537333333318,-0.022245312666666663,341.56
36.992,0.0034388599239949295,-0.023577183145543027,0.016184537333333318,-0.022245312666666663,341.56
36.996,0.003858859923994933,-0.023487183145543048,0.016184537333333318,-0.02233531266666667,341.56
37.0,0.004288859923994947,-0.022977183145543038,0.015934537333333346,-0.022595312666666652,341.56
37.004,0.004718859923994933,-0.02288718314554303,0.01584453733333331,-0.022595312666666652,341.56
37.008,0.005398859923994947,-0.022807183145543034,0.015764537333333342,-0.022675312666666676,341.56
37.012,0.006078859923994933,-0.022467183145543027,0.015584537333333329,-0.022765312666666655,341.56
37.016,0.0064288599239949226,-0.022117183145543038,0.015674537333333308,-0.022675312666666676,341.56
37.02,0.0067688599239949295,-0.021867183145543038,0.015414537333333325,-0.022415312666666666,341.56
37.024,0.007188859923994933,-0.02152718314554303,0.01499453733333335,-0.02233531266666667,341.56
37.028,0.007618859923994947,-0.02117718314554304,0.014824537333333346,-0.022245312666666663,341.56
37.032,0.008218859923994936,-0.020757183145543038,0.014824537333333346,-0.021905312666666656,341.56
37.036,0.008728859923994947,-0.02041718314554303,0.014564537333333308,-0.02147531266666667,341.56
37.04,0.009068859923994926,-0.01981718314554304,0.01439453733333336,-0.021135312666666663,341.56
37.044,0.009498859923994912,-0.019217183145543024,0.014054537333333353,-0.02096531266666666,341.56
37.048,0.010008859923994922,-0.01870718314554304,0.013794537333333315,-0.020625312666666652,341.56
37.052,0.010438859923994908,-0.018277183145543028,0.013624537333333311,-0.019945312666666666,341.56
37.056,0.01086885992399495,-0.017847183145543042,0.01328453733333336,-0.019435312666666656,341.56
37.06,0.01145885992399493,-0.017167183145543028,0.012944537333333353,-0.019085312666666666,341.56
37.064,0.01197885992399495,-0.01631718314554304,0.012604537333333346,-0.018665312666666663,341.56
37.068,0.012398859923994926,-0.015457183145543039,0.01217453733333336,-0.018065312666666673,341.56
37.072,0.012918859923994946,-0.014607183145543049,0.01166453733333335,-0.017465312666666656,341.56
37.076,0.013338859923994922,-0.013667183145543025,0.011234537333333308,-0.016865312666666667,341.56
37.08,0.013678859923994929,-0.012647183145543032,0.010634537333333319,-0.01592531266666667,341.56
37.084,0.014028859923994946,-0.011877183145543039,0.010294537333333312,-0.01456531266666667,341.56
37.088,0.014448859923994922,-0.01101718314554304,0.01003453733333333,-0.013535312666666667,341.56
37.092,0.014878859923994908,-0.010077183145543043,0.009784537333333357,-0.012425312666666667,341.56
37.096,0.015218859923994915,-0.008967183145543043,0.010464537333333315,-0.011065312666666667,341.56
37.1,0.015648859923994955,-0.00794718314554305,0.011234537333333308,-0.01012531266666667,341.56
37.104,0.015988859923994906,-0.006917183145543046,0.009184537333333312,-0.010375312666666671,341.56
37.108,0.016248859923994944,-0.005897183145543025,0.007904537333333336,-0.010895312666666664,341.56
37.112,0.016498859923994916,-0.004877183145543032,0.0070545373333333475,-0.010635312666666653,341.56
37.116,0.01666885992399492,-0.0038471831455430287,0.006624537333333334,-0.010035312666666664,341.56
37.12,0.01718885992399494,-0.0032471831455430393,0.005854537333333341,-0.009785312666666664,341.56
37.124,0.017358859923994944,-0.0035871831455430462,0.0053445373333333305,-0.009435312666666675,341.56
37.128,0.017438859923994913,-0.003677183145543025,0.004404537333333334,-0.008845312666666667,341.56
37.132,0.01769885992399495,-0.002997183145543039,0.0035445373333333344,-0.008245312666666678,341.56
37.136,0.017868859923994954,-0.002307183145543043,0.002614537333333348,-0.007645312666666661,341.56
37.14,0.018118859923994927,-0.0015471831455430322,0.0015845373333333449,-0.007045312666666671,341.56
37.144,0.018118859923994927,-0.0007771831455430394,0.0009845373333333277,-0.006365312666666657,341.56
37.148,0.018208859923994906,-0.00043718314554303244,0.0006445373333333207,-0.0055953126666666644,341.56
37.152,0.018468859923994944,-8.718314554304323e-05,0.0003045373333333415,-0.004915312666666678,341.56
37.156,0.018468859923994944,0.0005928168544569707,-0.00012546266666667218,-0.003975312666666654,341.56
37.16,0.018548859923994913,0.0014428168544569605,-0.0007254626666666616,-0.0031253126666666645,341.56
37.164,0.018638859923994947,0.00204281685445695,-0.0011454626666666653,-0.002265312666666665,341.56
37.168,0.018638859923994947,0.00230281685445696,-0.0008954626666666651,-0.000815312666666658,341.56
37.172,0.018548859923994913,0.002982816854456974,-0.0007254626666666616,0.0002946873333333419,341.56
37.176,0.018548859923994913,0.0038328168544569637,-0.001575462666666679,0.0014046873333333418,341.56
37.18,0.018548859923994913,0.004692816854456963,-0.0037954626666666788,0.002774687333333324,341.56
37.184,0.018548859923994913,0.005372816854456977,-0.0056754626666666716,0.004224687333333331,341.56
37.188,0.018548859923994913,0.00588281685445696,-0.006955462666666675,0.005674687333333338,341.56
37.192,0.01829885992399494,0.006312816854456974,-0.007895462666666672,0.007044687333333348,341.56
37.196,0.018038859923994958,0.00674281685445696,-0.008745462666666662,0.008404687333333348,341.56
37.2,0.01777885992399492,0.007342816854456977,-0.009685462666666658,0.009774687333333358,341.56
37.204,0.01777885992399492,0.007852816854456959,-0.010715462666666661,0.01113468733333333,341.56
37.208,0.01769885992399495,0.008272816854456962,-0.011565462666666679,0.011484687333333347,341.56
37.212,0.017608859923994916,0.008872816854456952,-0.012335462666666672,0.009084687333333334,341.56
37.216,0.017438859923994913,0.009472816854456941,-0.012845462666666654,0.006444687333333331,341.56
37.22,0.017358859923994944,0.009902816854456983,-0.013445462666666672,0.005934687333333348,341.56
37.224,0.016928859923994958,0.010322816854456959,-0.014295462666666661,0.006184687333333348,341.56
37.228,0.016498859923994916,0.010752816854456945,-0.014985462666666657,0.006614687333333334,341.56
37.232,0.01615885992399491,0.011182816854456986,-0.01591546266666667,0.006864687333333334,341.56
37.236,0.015818859923994958,0.011602816854456962,-0.016855462666666668,0.007214687333333324,341.56
37.24,0.015388859923994918,0.012032816854456948,-0.017455462666666657,0.007724687333333334,341.56
37.244,0.014878859923994908,0.01246281685445699,-0.017795462666666664,0.008324687333333324,341.56
37.248,0.014448859923994922,0.012712816854456962,-0.018315462666666657,0.008664687333333358,341.56
37.252,0.014028859923994946,0.013232816854456982,-0.018905462666666664,0.00891468733333333,341.56
37.256,0.01359885992399496,0.013652816854456958,-0.019505462666666654,0.009434687333333351,341.56
37.26,0.013338859923994922,0.014082816854456944,-0.020185462666666668,0.01002468733333333,341.56
37.264,0.013168859923994919,0.014512816854456986,-0.02070546266666666,0.010454687333333317,341.56
37.268,0.012738859923994933,0.014762816854456958,-0.021045462666666667,0.010884687333333358,341.56
37.272,0.012058859923994919,0.01502281685445694,-0.021385462666666674,0.011304687333333334,341.56
37.276,0.011628859923994933,0.015362816854456948,-0.02181546266666666,0.01173468733333332,341.56
37.28,0.011118859923994922,0.015532816854456951,-0.02232546266666667,0.012164687333333361,341.56
37.284,0.010438859923994908,0.015702816854456954,-0.022755462666666657,0.012504687333333313,341.56
37.288,0.009838859923994919,0.015872816854456958,-0.023005462666666657,0.012934687333333354,341.56
37.292,0.00915885992399496,0.015872816854456958,-0.023265462666666667,0.01335468733333333,341.56
37.296,0.00838885992399494,0.01605281685445697,-0.023515462666666667,0.013704687333333347,341.56
37.3,0.007618859923994947,0.016222816854456975,-0.023605462666666674,0.01395468733333332,341.56
37.304,0.00701885992399493,0.016472816854456947,-0.023515462666666667,0.014214687333333358,341.56
37.308,0.006258859923994947,0.016562816854456982,-0.023515462666666667,0.014554687333333309,341.56
37.312,0.00565885992399493,0.016812816854456954,-0.023515462666666667,0.01498468733333335,341.56
37.316,0.005398859923994947,0.01690281685445699,-0.023605462666666674,0.015404687333333326,341.56
37.32,0.004888859923994937,0.01690281685445699,-0.023515462666666667,0.01566468733333331,341.56
37.324,0.0037788599239949364,0.01690281685445699,-0.023605462666666674,0.015834687333333312,341.56
37.328,0.0029288599239949468,0.01690281685445699,-0.02343546266666667,0.01609468733333335,341.56
37.332,0.002238859923994923,0.01690281685445699,-0.02317546266666666,0.016344687333333323,341.56
37.336,0.0016388599239949334,0.016812816854456954,-0.023095462666666663,0.01668468733333333,341.56
37.34,0.0008788599239949227,0.01690281685445699,-0.022755462666666657,0.017034687333333347,341.56
37.344,-6.114007600507365e-05,0.01690281685445699,-0.022235462666666664,0.017034687333333347,341.56
37.348,-0.00100114007600507,0.01690281685445699,-0.02181546266666666,0.017114687333333316,341.56
37.352,-0.0018611400760050697,0.01690281685445699,-0.02146546266666667,0.017374687333333354,341.56
37.356,-0.0027111400760050594,0.01690281685445699,-0.021045462666666667,0.017374687333333354,341.56
37.36,-0.0035611400760050768,0.01690281685445699,-0.020615462666666654,0.017454687333333323,341.56
37.364,-0.004501140076005073,0.016732816854456985,-0.020275462666666674,0.017544687333333357,341.56
37.368,-0.005441140076005069,0.016562816854456982,-0.019765462666666664,0.01779468733333333,341.56
37.372,-0.006301140076005069,0.016562816854456982,-0.019165462666666674,0.01779468733333333,341.56
37.376,-0.007241140076005065,0.016472816854456947,-0.018655462666666664,0.01779468733333333,341.56
37.38,-0.008091140076005055,0.016222816854456975,-0.018055462666666675,0.01771468733333336,341.56
37.384,-0.008861140076005075,0.01605281685445697,-0.017545462666666664,0.017544687333333357,341.56
37.388,-0.009371140076005058,0.01579281685445699,-0.017115462666666678,0.017544687333333357,341.56
37.392,-0.009201140076005055,0.015702816854456954,-0.01626546266666666,0.017544687333333357,341.56
37.396,-0.009291140076005061,0.015622816854456986,-0.015575462666666665,0.017374687333333354,341.56
37.4,-0.009881140076005069,0.015282816854456979,-0.014985462666666657,0.017114687333333316,341.56
37.404,-0.010651140076005062,0.01502281685445694,-0.014465462666666665,0.017034687333333347,341.56
37.408,-0.011681140076005065,0.014762816854456958,-0.013785462666666679,0.016864687333333343,341.56
37.412,-0.012531140076005054,0.014592816854456955,-0.013185462666666661,0.01660468733333336,341.56
37.416,-0.013471140076005078,0.014592816854456955,-0.012415462666666668,0.016514687333333326,341.56
37.42,-0.014671140076005057,0.014342816854456982,-0.011735462666666654,0.01617468733333332,341.56
37.424,-0.01569114007600508,0.014002816854456975,-0.011135462666666665,0.015924687333333347,341.56
37.428,-0.016461140076005073,0.013742816854456937,-0.010365462666666672,0.01566468733333331,341.56
37.432,-0.017231140076005066,0.013652816854456958,-0.009605462666666661,0.015324687333333357,341.56
37.436,-0.01791114007600508,0.013312816854456951,-0.008665462666666665,0.01498468733333335,341.56
37.44,-0.018591140076005066,0.012892816854456975,-0.007635462666666661,0.014644687333333344,341.56
37.444,-0.01902114007600508,0.012632816854456937,-0.006865462666666668,0.014384687333333361,341.56
37.448,-0.019531140076005062,0.012292816854456986,-0.0060154626666666785,0.014294687333333327,341.56
37.452,-0.020301140076005055,0.011952816854456979,-0.005075462666666654,0.014124687333333323,341.56
37.456,-0.020901140076005072,0.011602816854456962,-0.0039654626666666545,0.013784687333333316,341.56
37.46,-0.021411140076005055,0.011182816854456986,-0.0029454626666666614,0.01335468733333333,341.56
37.464,-0.021671140076005065,0.010842816854456979,-0.0019154626666666582,0.01284468733333332,341.56
37.468,-0.022011140076005072,0.010412816854456938,-0.0008954626666666651,0.012414687333333334,341.56
37.472,-0.02235114007600508,0.009812816854456948,0.00013453733333333804,0.012074687333333327,341.56
37.476,-0.022521140076005055,0.009212816854456959,0.0011545373333333312,0.011654687333333351,341.56
37.48,-0.02269114007600506,0.008792816854456983,0.0021845373333333343,0.011054687333333361,341.56
37.484,-0.02269114007600506,0.008272816854456962,0.0032045373333333274,0.010544687333333351,341.56
37.488,-0.02269114007600506,0.007592816854456977,0.004234537333333331,0.01002468733333333,341.56
37.492,-0.022861140076005062,0.007082816854456967,0.005254537333333324,0.009684687333333324,341.56
37.496,-0.023121140076005072,0.006822816854456956,0.006284537333333327,0.009344687333333317,341.56
37.5,-0.02320114007600507,0.00674281685445696,0.007224537333333323,0.008834687333333362,341.56
37.504,-0.02320114007600507,0.006482816854456977,0.00756453733333333,0.008154687333333348,341.56
37.508,-0.02295114007600507,0.005802816854456963,0.00645453733333333,0.007634687333333327,341.56
37.512,-0.022861140076005062,0.00503281685445697,0.004744537333333341,0.007214687333333324,341.56
37.516,-0.022781140076005065,0.004262816854456977,0.0049145373333333445,0.006694687333333331,341.56
37.52,-0.02261114007600506,0.00341281685445696,0.005254537333333324,0.006104687333333324,341.56
37.524,-0.022441140076005058,0.0024728168544569636,0.005684537333333337,0.005504687333333334,341.56
37.528,-0.02235114007600508,0.0017828168544569674,0.006364537333333324,0.004824687333333348,341.56
37.532,-0.022011140076005072,0.0011928168544569602,0.006794537333333337,0.0043946873333333344,341.56
37.536,-0.021671140076005065,0.000502816854456964,0.007304537333333348,0.003884687333333324,341.56
37.54,-0.021501140076005062,-0.00043718314554303244,0.007984537333333333,0.003114687333333331,341.56
37.544,-0.02124114007600508,-0.0014571831455430255,0.008504537333333353,0.0025146873333333417,341.56
37.548,-0.02073114007600507,-0.002307183145543043,0.00892453733333333,0.0019146873333333245,341.56
37.552,-0.02022114007600506,-0.003077183145543036,0.009274537333333346,0.0012346873333333383,341.56
37.556,-0.019531140076005062,-0.003767183145543032,0.009614537333333353,0.00037468733333333865,341.56
37.56,-0.018931140076005073,-0.004447183145543046,0.01003453733333333,-0.00021531266666666854,341.56
37.564,-0.018681140076005073,-0.005217183145543039,0.010464537333333315,-0.0005553126666666755,341.56
37.568,-0.018171140076005062,-0.005897183145543025,0.010804537333333322,-0.0009853126666666615,341.56
37.572,-0.017481140076005066,-0.006497183145543042,0.011234537333333308,-0.001495312666666672,341.56
37.576,-0.017061140076005062,-0.007177183145543028,0.01166453733333335,-0.0020153126666666646,341.56
37.58,-0.01654114007600507,-0.008117183145543026,0.012084537333333326,-0.0026953126666666785,341.56
37.584,-0.015951140076005062,-0.009227183145543025,0.012604537333333346,-0.0033753126666666647,341.56
37.588,-0.015351140076005071,-0.010077183145543043,0.013024537333333322,-0.003975312666666654,341.56
37.592,-0.014671140076005057,-0.010937183145543043,0.013194537333333325,-0.0048253126666666715,341.56
37.596,-0.014071140076005068,-0.011617183145543029,0.013454537333333308,-0.005855312666666675,341.56
37.6,-0.013381140076005072,-0.012217183145543046,0.013794537333333315,-0.006705312666666664,341.56
37.604,-0.012871140076005061,-0.013067183145543036,0.014134537333333322,-0.007475312666666657,341.56
37.608,-0.012271140076005072,-0.013837183145543028,0.01439453733333336,-0.007985312666666668,341.56
37.612,-0.011761140076005061,-0.014517183145543042,0.014654537333333342,-0.00875531266666666,341.56
37.616,-0.011251140076005079,-0.015117183145543032,0.01499453733333335,-0.009435312666666675,341.56
37.62,-0.010651140076005062,-0.01571718314554305,0.015074537333333318,-0.009785312666666664,341.56
37.624,-0.009971140076005075,-0.01631718314554304,0.015074537333333318,-0.010375312666666671,341.56
37.628,-0.008861140076005075,-0.016997183145543025,0.015244537333333322,-0.01123531266666667,341.56
37.632,-0.008181140076005062,-0.017597183145543042,0.01550453733333336,-0.012005312666666663,341.56
37.636,-0.007661140076005069,-0.018277183145543028,0.015764537333333342,-0.01259531266666667,341.56
37.64,-0.006811140076005079,-0.018877183145543045,0.015764537333333342,-0.013285312666666667,341.56
37.644,-0.005871140076005055,-0.019477183145543035,0.01584453733333331,-0.014135312666666656,341.56
37.648,-0.005191140076005069,-0.01989718314554304,0.01610453733333335,-0.014905312666666677,341.56
37.652,-0.0042511400760050725,-0.020247183145543027,0.016274537333333353,-0.015585312666666663,341.56
37.656,-0.0030511400760050663,-0.02066718314554303,0.01635453733333332,-0.016185312666666653,341.56
37.66,-0.0022811400760050734,-0.02117718314554304,0.01661453733333336,-0.01703531266666667,341.56
37.664,-0.0016011400760050595,-0.021607183145543028,0.01661453733333336,-0.017805312666666663,341.56
37.668,-0.0004911400760050596,-0.02203718314554304,0.01661453733333336,-0.018325312666666656,341.56
37.672,-0.0004911400760050596,-0.022467183145543027,0.016524537333333325,-0.018665312666666663,341.56
37.676,-0.0012611400760050803,-0.022717183145543027,0.016524537333333325,-0.01900531266666667,341.56
37.68,-0.0009211400760050733,-0.022977183145543038,0.01661453733333336,-0.019515312666666652,341.56
37.684,-0.0003211400760050561,-0.023227183145543038,0.01661453733333336,-0.02011531266666667,341.56
37.688,0.0002788599239949333,-0.023227183145543038,0.01661453733333336,-0.020455312666666677,341.56
37.692,0.0008788599239949227,-0.023407183145543024,0.01661453733333336,-0.020795312666666656,341.56
37.696,0.0012988599239949264,-0.02374718314554303,0.01661453733333336,-0.021135312666666663,341.56
37.7,0.0018988599239949436,-0.023917183145543034,0.016524537333333325,-0.021395312666666673,341.56
37.704,0.0026688599239949365,-0.02374718314554303,0.01635453733333332,-0.021565312666666676,341.56
37.708,0.003268859923994926,-0.023577183145543027,0.016184537333333318,-0.02182531266666666,341.56
37.712,0.003608859923994933,-0.023487183145543048,0.016184537333333318,-0.021995312666666662,341.56
37.716,0.004038859923994947,-0.023407183145543024,0.01610453733333335,-0.022245312666666663,341.56
37.72,0.004378859923994926,-0.023407183145543024,0.01584453733333331,-0.02233531266666667,341.56
37.724,0.00505885992399494,-0.023227183145543038,0.015674537333333308,-0.022415312666666666,341.56
37.728,0.005738859923994926,-0.022977183145543038,0.01550453733333336,-0.02233531266666667,341.56
37.732,0.006258859923994947,-0.022717183145543027,0.015764537333333342,-0.02233531266666667,341.56
37.736,0.006678859923994923,-0.022377183145543048,0.015584537333333329,-0.02233531266666667,341.56
37.74,0.0071088599239949365,-0.02203718314554304,0.01499453733333335,-0.02233531266666667,341.56
37.744,0.007538859923994922,-0.021697183145543034,0.014824537333333346,-0.022245312666666663,341.56
37.748,0.00787885992399493,-0.02126718314554305,0.014824537333333346,-0.021995312666666662,341.56
37.752,0.00838885992399494,-0.020757183145543038,0.014654537333333342,-0.02182531266666666,341.56
37.756,0.009068859923994926,-0.020327183145543024,0.014474537333333329,-0.021395312666666673,341.56
37.76,0.009588859923994946,-0.019987183145543045,0.014134537333333322,-0.021055312666666666,341.56
37.764,0.010008859923994922,-0.019477183145543035,0.01388453733333335,-0.02096531266666666,341.56
37.768,0.010178859923994926,-0.01878718314554304,0.013714537333333346,-0.020625312666666652,341.56
37.772,0.010438859923994908,-0.018277183145543028,0.013364537333333329,-0.020285312666666673,341.56
37.776,0.01086885992399495,-0.017847183145543042,0.013024537333333322,-0.019945312666666666,341.56
37.78,0.011288859923994926,-0.017167183145543028,0.012514537333333312,-0.019435312666666656,341.56
37.784,0.011628859923994933,-0.01631718314554304,0.012084537333333326,-0.01874531266666666,341.56
37.788,0.012318859923994957,-0.015377183145543042,0.011744537333333319,-0.018235312666666677,341.56
37.792,0.012828859923994912,-0.014517183145543042,0.011314537333333333,-0.017725312666666666,341.56
37.796,0.013338859923994922,-0.013587183145543028,0.010894537333333357,-0.017295312666666653,341.56
37.8,0.013678859923994929,-0.012817183145543035,0.010464537333333315,-0.016615312666666666,341.56
37.804,0.014028859923994946,-0.011957183145543036,0.01003453733333333,-0.015845312666666674,341.56
37.808,0.014448859923994922,-0.01101718314554304,0.009614537333333353,-0.015335312666666663,341.56
37.812,0.014878859923994908,-0.010077183145543043,0.009184537333333312,-0.01481531266666667,341.56
37.816,0.01530885992399495,-0.009137183145543046,0.00892453733333333,-0.01430531266666666,341.56
37.82,0.015728859923994924,-0.008207183145543032,0.009014537333333308,-0.013795312666666677,341.56
37.824,0.015988859923994906,-0.007267183145543035,0.00892453733333333,-0.01259531266666667,341.56
37.828,0.016248859923994944,-0.006327183145543039,0.007904537333333336,-0.01097531266666666,341.56
37.832,0.016498859923994916,-0.005387183145543042,0.006794537333333337,-0.010635312666666653,341.56
37.836,0.01666885992399492,-0.004447183145543046,0.006194537333333348,-0.010295312666666674,341.56
37.84,0.016758859923994954,-0.0035071831455430495,0.005764537333333334,-0.009785312666666664,341.56
37.844,0.016928859923994958,-0.0025671831455430253,0.004834537333333348,-0.009525312666666653,341.56
37.848,0.01726885992399491,-0.001627183145543029,0.003974537333333348,-0.00901531266666667,341.56
37.852,0.017608859923994916,-0.0010271831455430395,0.0032045373333333274,-0.008245312666666678,341.56
37.856,0.017868859923994954,-0.0009471831455430429,0.0025245373333333413,-0.007475312666666657,341.56
37.86,0.018118859923994927,-0.0002571831455430467,0.0015845373333333449,-0.007045312666666671,341.56
37.864,0.01829885992399494,0.000502816854456964,0.0009845373333333277,-0.006285312666666661,341.56
37.868,0.018548859923994913,0.0010228168544569568,0.000564537333333324,-0.005425312666666661,341.56
37.872,0.018638859923994947,0.0013628168544569637,-3.546266666666544e-05,-0.004655312666666668,341.56
37.876,0.018638859923994947,0.0017028168544569707,-0.00046546266666667915,-0.003975312666666654,341.56
37.88,0.018548859923994913,0.0018728168544569742,-0.0008954626666666651,-0.003295312666666668,341.56
37.884,0.018638859923994947,0.0021328168544569566,-0.0009754626666666618,-0.001845312666666661,341.56
37.888,0.018638859923994947,0.002722816854456964,-0.0011454626666666653,-4.531266666666506e-05,341.56
37.892,0.018548859923994913,0.00341281685445696,-0.0013154626666666688,0.0014846873333333385,341.56
37.896,0.018548859923994913,0.004092816854456974,-0.002595462666666672,0.0026046873333333484,341.56
37.9,0.018548859923994913,0.004692816854456963,-0.004225462666666665,0.003114687333333331,341.56
37.904,0.018548859923994913,0.005372816854456977,-0.005755462666666668,0.0033646873333333313,341.56
37.908,0.018468859923994944,0.00588281685445696,-0.007035462666666672,0.003534687333333335,341.56
37.912,0.018208859923994906,0.006402816854456953,-0.008065462666666676,0.0037146873333333483,341.56
37.916,0.018208859923994906,0.006822816854456956,-0.009085462666666669,0.003884687333333324,341.56
37.92,0.018208859923994906,0.0074228168544569735,-0.009855462666666662,0.0040546873333333275,341.56
37.924,0.018208859923994906,0.007932816854456955,-0.010545462666666658,0.004224687333333331,341.56
37.928,0.018118859923994927,0.008362816854456969,-0.011305462666666669,0.004474687333333331,341.56
37.932,0.017868859923994954,0.008792816854456983,-0.012165462666666668,0.004734687333333341,341.56
37.936,0.017608859923994916,0.009382816854456962,-0.012765462666666658,0.005164687333333327,341.56
37.94,0.01726885992399491,0.009902816854456983,-0.013355462666666665,0.005584687333333331,341.56
37.944,0.016928859923994958,0.010322816854456959,-0.013955462666666654,0.006014687333333345,341.56
37.948,0.016498859923994916,0.010752816854456945,-0.014555462666666671,0.006354687333333324,341.56
37.952,0.016328859923994913,0.011182816854456986,-0.015405462666666661,0.006864687333333334,341.56
37.956,0.01607885992399494,0.011692816854456941,-0.016435462666666664,0.007464687333333324,341.56
37.96,0.015728859923994924,0.012122816854456982,-0.01702546266666667,0.007974687333333334,341.56
37.964,0.01530885992399495,0.01246281685445699,-0.01762546266666666,0.008404687333333348,341.56
37.968,0.014878859923994908,0.01280281685445694,-0.01813546266666667,0.008834687333333362,341.56
37.972,0.014448859923994922,0.013232816854456982,-0.018655462666666664,0.009264687333333348,341.56
37.976,0.014108859923994915,0.013652816854456958,-0.01899546266666667,0.009604687333333355,341.56
37.98,0.013768859923994908,0.01391281685445694,-0.019505462666666654,0.01002468733333333,341.56
37.984,0.013338859923994922,0.014172816854456979,-0.020185462666666668,0.01062468733333332,341.56
37.988,0.012828859923994912,0.014512816854456986,-0.02070546266666666,0.01122468733333331,341.56
37.992,0.012228859923994922,0.014852816854456937,-0.021045462666666667,0.01173468733333332,341.56
37.996,0.011548859923994908,0.015112816854456975,-0.02146546266666667,0.012164687333333361,341.56
38.0,0.010948859923994919,0.015362816854456948,-0.021895462666666657,0.012504687333333313,341.56
38.004,0.010608859923994912,0.015622816854456986,-0.02232546266666667,0.012934687333333354,341.56
38.008,0.010098859923994957,0.015702816854456954,-0.022665462666666678,0.01344468733333331,341.56
38.012,0.009408859923994933,0.01579281685445699,-0.022755462666666657,0.01387468733333335,341.56
38.016,0.008558859923994943,0.01605281685445697,-0.023005462666666657,0.014044687333333354,341.56
38.02,0.00787885992399493,0.01613281685445694,-0.02317546266666666,0.014124687333333323,341.56
38.024,0.00701885992399493,0.01639281685445698,-0.02343546266666667,0.014294687333333327,341.56
38.028,0.0063388599239949436,0.016562816854456982,-0.023515462666666667,0.014644687333333344,341.56
38.032,0.005738859923994926,0.016812816854456954,-0.02343546266666667,0.01498468733333335,341.56
38.036,0.005148859923994947,0.01690281685445699,-0.02343546266666667,0.015234687333333323,341.56
38.04,0.00454885992399493,0.016982816854456958,-0.02343546266666667,0.015494687333333361,341.56
38.044,0.0037788599239949364,0.017072816854456937,-0.02317546266666666,0.015834687333333312,341.56
38.048,0.0030988599239949225,0.01724281685445694,-0.023005462666666657,0.01617468733333332,341.56
38.052,0.002498859923994933,0.01724281685445694,-0.02292546266666666,0.016344687333333323,341.56
38.056,0.0018988599239949436,0.017332816854456975,-0.022835462666666653,0.016514687333333326,341.56
38.06,0.0012188599239949297,0.017412816854456944,-0.022665462666666678,0.01668468733333333,341.56
38.064,0.00010885992399492983,0.017332816854456975,-0.02232546266666667,0.016944687333333312,341.56
38.068,-0.00100114007600507,0.01724281685445694,-0.021985462666666664,0.016944687333333312,341.56
38.072,-0.002031140076005073,0.016982816854456958,-0.021555462666666678,0.017034687333333347,341.56
38.076,-0.003141140076005073,0.016982816854456958,-0.021125462666666664,0.01728468733333332,341.56
38.08,-0.003991140076005062,0.016982816854456958,-0.02070546266666666,0.017454687333333323,341.56
38.084,-0.004851140076005062,0.016982816854456958,-0.020275462666666674,0.017454687333333323,341.56
38.088,-0.005701140076005079,0.01690281685445699,-0.019765462666666664,0.017374687333333354,341.56
38.092,-0.006471140076005072,0.01664281685445695,-0.019165462666666674,0.017374687333333354,341.56
38.096,-0.007241140076005065,0.016562816854456982,-0.018655462666666664,0.017454687333333323,341.56
38.1,-0.008001140076005076,0.016302816854456944,-0.01813546266666667,0.017454687333333323,341.56
38.104,-0.008941140076005072,0.01613281685445694,-0.01762546266666666,0.017454687333333323,341.56
38.108,-0.009541140076005062,0.016302816854456944,-0.017285462666666654,0.017374687333333354,341.56
38.112,-0.009881140076005069,0.01613281685445694,-0.016435462666666664,0.017114687333333316,341.56
38.116,-0.009881140076005069,0.01605281685445697,-0.015745462666666668,0.017034687333333347,341.56
38.12,-0.010051140076005072,0.015702816854456954,-0.015235462666666658,0.017034687333333347,341.56
38.124,-0.011081140076005075,0.015362816854456948,-0.014635462666666668,0.017034687333333347,341.56
38.128,-0.012021140076005072,0.01502281685445694,-0.014045462666666661,0.01677468733333331,341.56
38.132,-0.012871140076005061,0.014942816854456972,-0.013185462666666661,0.016514687333333326,341.56
38.136,-0.013731140076005061,0.014852816854456937,-0.012505462666666675,0.016264687333333354,341.56
38.14,-0.014671140076005057,0.014512816854456986,-0.011905462666666658,0.01617468733333332,341.56
38.144,-0.01578114007600506,0.014082816854456944,-0.011135462666666665,0.015834687333333312,341.56
38.148,-0.016631140076005076,0.013822816854456962,-0.010455462666666679,0.01557468733333333,341.56
38.152,-0.017481140076005066,0.013652816854456958,-0.009775462666666665,0.015324687333333357,341.56
38.156,-0.018171140076005062,0.013312816854456951,-0.008745462666666662,0.01498468733333335,341.56
38.16,-0.018681140076005073,0.01280281685445694,-0.007805462666666665,0.014644687333333344,341.56
38.164,-0.019281140076005062,0.012372816854456955,-0.006695462666666665,0.014214687333333358,341.56
38.168,-0.01987114007600507,0.012122816854456982,-0.005585462666666665,0.013784687333333316,341.56
38.172,-0.02022114007600506,0.011782816854456975,-0.004645462666666668,0.013524687333333334,341.56
38.176,-0.02073114007600507,0.011182816854456986,-0.003705462666666672,0.01335468733333333,341.56
38.18,-0.021501140076005062,0.010672816854456976,-0.0025154626666666754,0.013104687333333358,341.56
38.184,-0.021921140076005066,0.010322816854456959,-0.0013154626666666688,0.012934687333333354,341.56
38.188,-0.022271140076005055,0.009812816854456948,-0.00012546266666667218,0.012594687333333347,341.56
38.192,-0.022521140076005055,0.009212816854456959,0.0010745373333333344,0.012164687333333361,341.56
38.196,-0.022781140076005065,0.008792816854456983,0.002264537333333331,0.011564687333333316,341.56
38.2,-0.022861140076005062,0.008362816854456969,0.0034645373333333377,0.010964687333333327,341.56
38.204,-0.023121140076005072,0.007932816854456955,0.004654537333333334,0.010454687333333317,341.56
38.208,-0.023121140076005072,0.0074228168544569735,0.005854537333333341,0.01002468733333333,341.56
38.212,-0.02320114007600507,0.00674281685445696,0.0070545373333333475,0.009604687333333355,341.56
38.216,-0.023291140076005076,0.006482816854456977,0.008244537333333343,0.009174687333333313,341.56
38.22,-0.023291140076005076,0.006312816854456974,0.00944453733333335,0.00891468733333333,341.56
38.224,-0.02320114007600507,0.006232816854456977,0.009694537333333322,0.008324687333333324,341.56
38.228,-0.02320114007600507,0.005802816854456963,0.00756453733333333,0.007724687333333334,341.56
38.232,-0.023121140076005072,0.004942816854456964,0.005254537333333324,0.007214687333333324,341.56
38.236,-0.022861140076005062,0.0038328168544569637,0.0049145373333333445,0.006614687333333334,341.56
38.24,-0.02269114007600506,0.002982816854456974,0.005174537333333327,0.006014687333333345,341.56
38.244,-0.022441140076005058,0.0022128168544569534,0.005684537333333337,0.005584687333333331,341.56
38.248,-0.02235114007600508,0.0017028168544569707,0.006284537333333327,0.005074687333333348,341.56
38.252,-0.02209114007600507,0.0010228168544569568,0.006794537333333337,0.0043946873333333344,341.56
38.256,-0.021751140076005062,8.281685445696025e-05,0.007304537333333348,0.003884687333333324,341.56
38.26,-0.021501140076005062,-0.0010271831455430395,0.007904537333333336,0.0033646873333333313,341.56
38.264,-0.021151140076005073,-0.0017971831455430324,0.008414537333333347,0.002774687333333324,341.56
38.268,-0.020811140076005066,-0.0024771831455430464,0.00884453733333336,0.0021746873333333347,341.56
38.272,-0.020391140076005062,-0.003337183145543046,0.009184537333333312,0.001314687333333335,341.56
38.276,-0.019701140076005066,-0.0038471831455430287,0.009614537333333353,0.0005546873333333244,341.56
38.28,-0.018851140076005076,-0.004447183145543046,0.01003453733333333,0.00012468733333333842,341.56
38.284,-0.018341140076005066,-0.0052971831455430355,0.010464537333333315,-0.00047531266666667876,341.56
38.288,-0.018081140076005055,-0.006407183145543035,0.010894537333333357,-0.0009053126666666647,341.56
38.292,-0.017571140076005073,-0.007267183145543035,0.011314537333333333,-0.0012453126666666717,341.56
38.296,-0.01714114007600506,-0.008117183145543026,0.01166453733333335,-0.001845312666666661,341.56
38.3,-0.016631140076005076,-0.008967183145543043,0.012084537333333326,-0.002525312666666675,341.56
38.304,-0.01603114007600506,-0.009567183145543032,0.012514537333333312,-0.0034653126666666714,341.56
38.308,-0.015431140076005068,-0.01016718314554305,0.012854537333333318,-0.004235312666666664,341.56
38.312,-0.014671140076005057,-0.010937183145543043,0.01328453733333336,-0.005085312666666654,341.56
38.316,-0.014071140076005068,-0.011787183145543032,0.013624537333333311,-0.0055953126666666644,341.56
38.32,-0.013471140076005078,-0.012477183145543028,0.01388453733333335,-0.006285312666666661,341.56
38.324,-0.012961140076005068,-0.013067183145543036,0.014224537333333356,-0.007135312666666678,341.56
38.328,-0.012271140076005072,-0.013837183145543028,0.014474537333333329,-0.007985312666666668,341.56
38.332,-0.011761140076005061,-0.014517183145543042,0.014654537333333342,-0.008675312666666664,341.56
38.336,-0.011251140076005079,-0.015117183145543032,0.014904537333333315,-0.009185312666666674,341.56
38.34,-0.010651140076005062,-0.015807183145543028,0.014904537333333315,-0.009785312666666664,341.56
38.344,-0.009971140076005075,-0.016487183145543042,0.015074537333333318,-0.010555312666666657,341.56
38.348,-0.009201140076005055,-0.016997183145543025,0.015334537333333356,-0.01123531266666667,341.56
38.352,-0.008261140076005058,-0.017597183145543042,0.01550453733333336,-0.01183531266666666,341.56
38.356,-0.007581140076005072,-0.01819718314554303,0.015764537333333342,-0.01259531266666667,341.56
38.36,-0.006891140076005076,-0.01870718314554304,0.015764537333333342,-0.013365312666666664,341.56
38.364,-0.005961140076005062,-0.01904718314554305,0.01584453733333331,-0.013965312666666653,341.56
38.368,-0.004931140076005059,-0.01955718314554303,0.01610453733333335,-0.01481531266666667,341.56
38.372,-0.0042511400760050725,-0.020327183145543024,0.016274537333333353,-0.01541531266666666,341.56
38.376,-0.0033111400760050765,-0.020837183145543035,0.01635453733333332,-0.016015312666666677,341.56
38.38,-0.0026311400760050626,-0.02126718314554305,0.016444537333333356,-0.016695312666666663,341.56
38.384,-0.002031140076005073,-0.02152718314554303,0.01661453733333336,-0.01763531266666666,341.56
38.388,-0.0011711400760050735,-0.021697183145543034,0.01661453733333336,-0.01814531266666667,341.56
38.392,-6.114007600507365e-05,-0.02203718314554304,0.01661453733333336,-0.018575312666666656,341.56
38.396,0.00035885992399493005,-0.022297183145543024,0.01661453733333336,-0.019085312666666666,341.56
38.4,0.00018885992399492657,-0.022547183145543024,0.016524537333333325,-0.01960531266666666,341.56
38.404,-6.114007600507365e-05,-0.022807183145543034,0.016444537333333356,-0.02011531266666667,341.56
38.408,0.0002788599239949333,-0.022977183145543038,0.016274537333333353,-0.020285312666666673,341.56
38.412,0.0008788599239949227,-0.023227183145543038,0.016184537333333318,-0.020625312666666652,341.56
38.416,0.0012988599239949264,-0.023227183145543038,0.016184537333333318,-0.021135312666666663,341.56
38.42,0.0017288599239949401,-0.023227183145543038,0.016184537333333318,-0.02147531266666667,341.56
38.424,0.002158859923994926,-0.023227183145543038,0.016274537333333353,-0.021655312666666655,341.56
38.428,0.00283885992399494,-0.023227183145543038,0.016274537333333353,-0.021995312666666662,341.56
38.432,0.0036888599239949297,-0.023317183145543045,0.01610453733333335,-0.022245312666666663,341.56
38.436,0.004118859923994944,-0.02314718314554304,0.01584453733333331,-0.02233531266666667,341.56
38.44,0.00454885992399493,-0.02288718314554303,0.015674537333333308,-0.02233531266666667,341.56
38.444,0.00505885992399494,-0.022717183145543027,0.015414537333333325,-0.022415312666666666,341.56
38.448,0.005488859923994926,-0.022467183145543027,0.015334537333333356,-0.022595312666666652,341.56
38.452,0.005828859923994933,-0.022377183145543048,0.015334537333333356,-0.022675312666666676,341.56
38.456,0.0063388599239949436,-0.022117183145543038,0.01499453733333335,-0.022675312666666676,341.56
38.46,0.006938859923994933,-0.021697183145543034,0.014904537333333315,-0.022415312666666666,341.56
38.464,0.0074488599239949434,-0.021357183145543027,0.014904537333333315,-0.02233531266666667,341.56
38.468,0.007958859923994926,-0.021097183145543045,0.014824537333333346,-0.022165312666666666,341.56
38.472,0.00838885992399494,-0.02066718314554303,0.014564537333333308,-0.02182531266666666,341.56
38.476,0.008648859923994922,-0.020067183145543042,0.014304537333333325,-0.021565312666666676,341.56
38.48,0.008988859923994957,-0.019647183145543038,0.014224537333333356,-0.02147531266666667,341.56
38.484,0.00923885992399493,-0.019217183145543024,0.01388453733333335,-0.021055312666666666,341.56
38.488,0.009668859923994915,-0.01878718314554304,0.013534537333333332,-0.020625312666666652,341.56
38.492,0.01026885992399496,-0.018277183145543028,0.013364537333333329,-0.020285312666666673,341.56
38.496,0.010698859923994946,-0.017597183145543042,0.013024537333333322,-0.019775312666666663,341.56
38.5,0.011208859923994957,-0.016997183145543025,0.012514537333333312,-0.01925531266666667,341.56
38.504,0.011628859923994933,-0.016147183145543035,0.012084537333333326,-0.018665312666666663,341.56
38.508,0.01197885992399495,-0.015287183145543035,0.011744537333333319,-0.018235312666666677,341.56
38.512,0.012398859923994926,-0.014177183145543035,0.011404537333333312,-0.017805312666666663,341.56
38.516,0.012828859923994912,-0.012987183145543039,0.010974537333333326,-0.017295312666666653,341.56
38.52,0.013168859923994919,-0.011787183145543032,0.010384537333333346,-0.016445312666666663,341.56
38.524,0.01359885992399496,-0.010847183145543036,0.009864537333333326,-0.01541531266666666,341.56
38.528,0.014108859923994915,-0.009827183145543043,0.009614537333333353,-0.01456531266666667,341.56
38.532,0.014538859923994956,-0.008717183145543043,0.009184537333333312,-0.013625312666666674,341.56
38.536,0.014968859923994942,-0.007517183145543035,0.009014537333333308,-0.01259531266666667,341.56
38.54,0.015388859923994918,-0.006327183145543039,0.00884453733333336,-0.011575312666666678,341.56
38.544,0.015728859923994924,-0.005127183145543032,0.008244537333333343,-0.010895312666666664,341.56
38.548,0.01607885992399494,-0.0039371831455430354,0.007644537333333327,-0.01072531266666666,341.56
38.552,0.016328859923994913,-0.002737183145543029,0.006874537333333334,-0.01072531266666666,341.56
38.556,0.01658885992399495,-0.0015471831455430322,0.006114537333333323,-0.010295312666666674,341.56
38.56,0.016838859923994923,-0.0003471831455430257,0.005684537333333337,-0.00961531266666666,341.56
38.564,0.017008859923994927,0.0008528168544569532,0.004834537333333348,-0.009265312666666671,341.56
38.568,0.01726885992399491,0.00204281685445695,0.003974537333333348,-0.008925312666666664,341.56
38.572,0.017438859923994913,0.003072816854456953,0.003374537333333331,-0.007985312666666668,341.56
38.576,0.01777885992399492,0.002642816854456967,0.0025245373333333413,-0.007215312666666675,341.56
38.58,0.018118859923994927,0.0010228168544569568,0.0016745373333333239,-0.006625312666666668,341.56
38.584,0.018208859923994906,0.0011028168544569535,0.0011545373333333312,-0.005935312666666671,341.56
38.588,0.01829885992399494,0.001272816854456957,0.000564537333333324,-0.0052553126666666575,341.56
38.592,0.018468859923994944,0.001272816854456957,4.45373333333313e-05,-0.004655312666666668,341.56
38.596,0.018548859923994913,0.0015328168544569672,-0.00029546266666667566,-0.0038053126666666784,341.56
38.6,0.018638859923994947,0.0015328168544569672,-0.0008954626666666651,-0.002955312666666661,341.56
38.604,0.018548859923994913,0.00204281685445695,-0.0013154626666666688,-0.0020953126666666613,341.56
38.608,0.018548859923994913,0.002642816854456967,-0.0016554626666666758,-0.001155312666666665,341.56
38.612,0.018548859923994913,0.00341281685445696,-0.0020854626666666617,0.00012468733333333842,341.56
38.616,0.018638859923994947,0.004092816854456974,-0.0024254626666666687,0.0010646873333333348,341.56
38.62,0.018638859923994947,0.004692816854456963,-0.0036254626666666753,0.002084687333333328,341.56
38.624,0.018548859923994913,0.005462816854456956,-0.005335462666666665,0.0032846873333333346,341.56
38.628,0.018548859923994913,0.006232816854456977,-0.007035462666666672,0.004474687333333331,341.56
38.632,0.01829885992399494,0.00674281685445696,-0.008065462666666676,0.0057546873333333345,341.56
38.636,0.01829885992399494,0.00725281685445697,-0.008835462666666669,0.006954687333333341,341.56
38.64,0.01837885992399491,0.007762816854456953,-0.009605462666666661,0.008154687333333348,341.56
38.644,0.018208859923994906,0.008022816854456962,-0.010365462666666672,0.009344687333333317,341.56
38.648,0.018118859923994927,0.008452816854456976,-0.011305462666666669,0.010454687333333317,341.56
38.652,0.01777885992399492,0.009042816854456955,-0.011995462666666665,0.009774687333333358,341.56
38.656,0.017438859923994913,0.009562816854456976,-0.012585462666666672,0.006954687333333341,341.56
38.66,0.01726885992399491,0.009902816854456983,-0.013275462666666668,0.006104687333333324,341.56
38.664,0.016928859923994958,0.010322816854456959,-0.013955462666666654,0.006444687333333331,341.56
38.668,0.016498859923994916,0.010752816854456945,-0.014555462666666671,0.006694687333333331,341.56
38.672,0.01615885992399491,0.011092816854456952,-0.015495462666666668,0.006954687333333341,341.56
38.676,0.015728859923994924,0.011602816854456962,-0.016435462666666664,0.007384687333333327,341.56
38.68,0.015388859923994918,0.012292816854456986,-0.01702546266666667,0.007894687333333338,341.56
38.684,0.015218859923994915,0.012712816854456962,-0.01762546266666666,0.008404687333333348,341.56
38.688,0.014878859923994908,0.012892816854456975,-0.01813546266666667,0.008744687333333327,341.56
38.692,0.014448859923994922,0.013232816854456982,-0.018655462666666664,0.009084687333333334,341.56
38.696,0.01419885992399495,0.013652816854456958,-0.01899546266666667,0.009684687333333324,341.56
38.7,0.013678859923994929,0.014002816854456975,-0.019505462666666654,0.01002468733333333,341.56
38.704,0.013258859923994953,0.014342816854456982,-0.020185462666666668,0.010544687333333351,341.56
38.708,0.012828859923994912,0.014682816854456989,-0.02070546266666666,0.010964687333333327,341.56
38.712,0.012228859923994922,0.014942816854456972,-0.021045462666666667,0.01122468733333331,341.56
38.716,0.01145885992399493,0.015362816854456948,-0.021385462666666674,0.01173468733333332,341.56
38.72,0.01086885992399495,0.015622816854456986,-0.02181546266666666,0.012164687333333361,341.56
38.724,0.010518859923994933,0.015702816854456954,-0.022155462666666667,0.012594687333333347,341.56
38.728,0.00975885992399495,0.01579281685445699,-0.022405462666666667,0.013014687333333323,341.56
38.732,0.00915885992399496,0.01605281685445697,-0.022755462666666657,0.01335468733333333,341.56
38.736,0.00838885992399494,0.01613281685445694,-0.023005462666666657,0.013784687333333316,341.56
38.74,0.007788859923994923,0.01639281685445698,-0.023095462666666663,0.014214687333333358,341.56
38.744,0.0071088599239949365,0.016562816854456982,-0.02317546266666666,0.014554687333333309,341.56
38.748,0.006508859923994947,0.016812816854456954,-0.02343546266666667,0.01498468733333335,341.56
38.752,0.00590885992399493,0.01690281685445699,-0.02343546266666667,0.015324687333333357,341.56
38.756,0.00505885992399494,0.016982816854456958,-0.02343546266666667,0.015324687333333357,341.56
38.76,0.004378859923994926,0.017072816854456937,-0.023345462666666664,0.015494687333333361,341.56
38.764,0.0037788599239949364,0.01724281685445694,-0.02317546266666666,0.015834687333333312,341.56
38.768,0.0029288599239949468,0.01724281685445694,-0.02317546266666666,0.01609468733333335,341.56
38.772,0.002238859923994923,0.017332816854456975,-0.023095462666666663,0.016264687333333354,341.56
38.776,0.0017288599239949401,0.017412816854456944,-0.022835462666666653,0.016514687333333326,341.56
38.78,0.0010488599239949262,0.017412816854456944,-0.022665462666666678,0.01677468733333331,341.56
38.784,0.00018885992399492657,0.017332816854456975,-0.022235462666666664,0.017114687333333316,341.56
38.788,-0.0008311400760050666,0.017332816854456975,-0.02181546266666666,0.017114687333333316,341.56
38.792,-0.0022011400760050767,0.01724281685445694,-0.02146546266666667,0.017114687333333316,341.56
38.796,-0.003141140076005073,0.016982816854456958,-0.021125462666666664,0.017374687333333354,341.56
38.8,-0.0039111400760050655,0.016982816854456958,-0.02070546266666666,0.017454687333333323,341.56
38.804,-0.004761140076005055,0.01690281685445699,-0.020275462666666674,0.017454687333333323,341.56
38.808,-0.005611140076005073,0.016732816854456985,-0.019935462666666667,0.017454687333333323,341.56
38.812,-0.0063811400760050655,0.016562816854456982,-0.019425462666666657,0.017454687333333323,341.56
38.816,-0.007151140076005058,0.016562816854456982,-0.01873546266666666,0.017454687333333323,341.56
38.82,-0.008001140076005076,0.016562816854456982,-0.018225462666666678,0.017454687333333323,341.56
38.824,-0.008941140076005072,0.016302816854456944,-0.01762546266666666,0.017374687333333354,341.56
38.828,-0.009801140076005072,0.01639281685445698,-0.01702546266666667,0.017454687333333323,341.56
38.832,-0.010311140076005055,0.01613281685445694,-0.01651546266666666,0.017374687333333354,341.56
38.836,-0.010231140076005058,0.015962816854456937,-0.016095462666666657,0.01720468733333335,341.56
38.84,-0.009881140076005069,0.015702816854456954,-0.015405462666666661,0.017114687333333316,341.56
38.844,-0.010311140076005055,0.015452816854456982,-0.014635462666666668,0.016944687333333312,341.56
38.848,-0.011251140076005079,0.01502281685445694,-0.014045462666666661,0.01668468733333333,341.56
38.852,-0.012531140076005054,0.014852816854456937,-0.013355462666666665,0.01660468733333336,341.56
38.856,-0.013641140076005054,0.014762816854456958,-0.012765462666666658,0.016344687333333323,341.56
38.86,-0.014671140076005057,0.014512816854456986,-0.012075462666666661,0.01609468733333335,341.56
38.864,-0.01569114007600508,0.014002816854456975,-0.011395462666666675,0.015754687333333343,341.56
38.868,-0.016371140076005066,0.013652816854456958,-0.010715462666666661,0.015494687333333361,341.56
38.872,-0.01714114007600506,0.01357281685445699,-0.009855462666666662,0.015404687333333326,341.56
38.876,-0.018081140076005055,0.013232816854456982,-0.009175462666666676,0.01506468733333332,341.56
38.88,-0.018681140076005073,0.01280281685445694,-0.008145462666666672,0.014644687333333344,341.56
38.884,-0.019281140076005062,0.012372816854456955,-0.007125462666666678,0.014384687333333361,341.56
38.888,-0.01987114007600507,0.012032816854456948,-0.006275462666666661,0.014214687333333358,341.56
38.892,-0.020301140076005055,0.011602816854456962,-0.005415462666666661,0.01387468733333335,341.56
38.896,-0.020901140076005072,0.011182816854456986,-0.004395462666666668,0.013524687333333334,341.56
38.9,-0.021501140076005062,0.010752816854456945,-0.003365462666666665,0.01335468733333333,341.56
38.904,-0.02184114007600507,0.010322816854456959,-0.002345462666666672,0.013014687333333323,341.56
38.908,-0.02209114007600507,0.009982816854456952,-0.0013154626666666688,0.012504687333333313,341.56
38.912,-0.022441140076005058,0.009472816854456941,-0.00029546266666667566,0.011904687333333323,341.56
38.916,-0.02269114007600506,0.008792816854456983,0.0007345373333333275,0.011304687333333334,341.56
38.92,-0.022781140076005065,0.008272816854456962,0.0017545373333333206,0.010884687333333358,341.56
38.924,-0.022861140076005062,0.007852816854456959,0.0027845373333333237,0.010544687333333351,341.56
38.928,-0.023121140076005072,0.007342816854456977,0.0038045373333333446,0.01011468733333331,341.56
38.932,-0.02320114007600507,0.00674281685445696,0.004834537333333348,0.009604687333333355,341.56
38.936,-0.023291140076005076,0.006402816854456953,0.005854537333333341,0.009084687333333334,341.56
38.94,-0.02320114007600507,0.006402816854456953,0.006874537333333334,0.008494687333333355,341.56
38.944,-0.02320114007600507,0.006312816854456974,0.007734537333333334,0.008154687333333348,341.56
38.948,-0.023121140076005072,0.005972816854456967,0.007224537333333323,0.007724687333333334,341.56
38.952,-0.022861140076005062,0.00503281685445697,0.005084537333333348,0.007124687333333345,341.56
38.956,-0.022861140076005062,0.00392281685445697,0.004744537333333341,0.0065246873333333275,341.56
38.96,-0.022781140076005065,0.003072816854456953,0.005174537333333327,0.006014687333333345,341.56
38.964,-0.022521140076005055,0.0024728168544569636,0.005684537333333337,0.005414687333333328,341.56
38.968,-0.022271140076005055,0.0017828168544569674,0.006284537333333327,0.004824687333333348,341.56
38.972,-0.021921140076005066,0.0009328168544569499,0.0067045373333333306,0.004304687333333328,341.56
38.976,-0.021501140076005062,-0.00017718314554304997,0.007224537333333323,0.003794687333333345,341.56
38.98,-0.02133114007600506,-0.0011171831455430463,0.00781453733333333,0.003194687333333328,341.56
38.984,-0.021151140076005073,-0.0017971831455430324,0.008334537333333322,0.002774687333333324,341.56
38.988,-0.020811140076005066,-0.0023971831455430496,0.00884453733333336,0.0021746873333333347,341.56
38.992,-0.020391140076005062,-0.0031671831455430425,0.009274537333333346,0.0014046873333333418,341.56
38.996,-0.019701140076005066,-0.0039371831455430354,0.009614537333333353,0.0006346873333333211,341.56
39.0,-0.018851140076005076,-0.004787183145543025,0.01003453733333333,3.468733333333168e-05,341.56
39.004,-0.01825114007600506,-0.0056371831455430425,0.010464537333333315,-0.00047531266666667876,341.56
39.008,-0.01791114007600508,-0.006497183145543042,0.010804537333333322,-0.0010753126666666682,341.56
39.012,-0.01740114007600507,-0.007177183145543028,0.011234537333333308,-0.0015853126666666786,341.56
39.016,-0.01689114007600506,-0.0077771831455430455,0.01166453733333335,-0.001845312666666661,341.56
39.02,-0.01654114007600507,-0.00854718314554304,0.012084537333333326,-0.0024353126666666683,341.56
39.024,-0.015861140076005056,-0.009397183145543029,0.012604537333333346,-0.0034653126666666714,341.56
39.028,-0.015261140076005065,-0.010257183145543029,0.013024537333333322,-0.004235312666666664,341.56
39.032,-0.014671140076005057,-0.010937183145543043,0.01328453733333336,-0.004745312666666675,341.56
39.036,-0.014241140076005071,-0.011537183145543032,0.013794537333333315,-0.005345312666666664,341.56
39.04,-0.013641140076005054,-0.012217183145543046,0.014134537333333322,-0.005935312666666671,341.56
39.044,-0.013041140076005065,-0.012987183145543039,0.014224537333333356,-0.006705312666666664,341.56
39.048,-0.012531140076005054,-0.013667183145543025,0.01439453733333336,-0.0073953126666666605,341.56
39.052,-0.011931140076005065,-0.014267183145543042,0.014654537333333342,-0.008245312666666678,341.56
39.056,-0.011341140076005058,-0.015037183145543035,0.014904537333333315,-0.009095312666666668,341.56
39.06,-0.010571140076005065,-0.015887183145543025,0.015074537333333318,-0.009785312666666664,341.56
39.064,-0.009881140076005069,-0.01631718314554304,0.015164537333333353,-0.010035312666666664,341.56
39.068,-0.009111140076005076,-0.01682718314554305,0.015244537333333322,-0.010635312666666653,341.56
39.072,-0.008431140076005062,-0.01742718314554304,0.015414537333333325,-0.01148531266666667,341.56
39.076,-0.007491140076005065,-0.018027183145543028,0.015764537333333342,-0.012255312666666664,341.56
39.08,-0.006471140076005072,-0.018617183145543035,0.015934537333333346,-0.01294531266666666,341.56
39.084,-0.005871140076005055,-0.019137183145543028,0.01610453733333335,-0.013795312666666677,341.56
39.088,-0.005101140076005062,-0.01955718314554303,0.016184537333333318,-0.014475312666666663,341.56
39.092,-0.004161140076005066,-0.020067183145543042,0.016274537333333353,-0.01516531266666666,341.56
39.096,-0.003141140076005073,-0.02066718314554303,0.01635453733333332,-0.016015312666666677,341.56
39.1,-0.0018611400760050697,-0.021097183145543045,0.01661453733333336,-0.016695312666666663,341.56
39.104,-0.001771140076005063,-0.021437183145543024,0.01661453733333336,-0.017295312666666653,341.56
39.108,-0.0016011400760050595,-0.021697183145543034,0.01661453733333336,-0.01789531266666667,341.56
39.112,-0.001341140076005077,-0.022117183145543038,0.01661453733333336,-0.01849531266666666,341.56
39.116,-0.0010911400760050768,-0.022297183145543024,0.016524537333333325,-0.018915312666666663,341.56
39.12,-0.0009211400760050733,-0.022547183145543024,0.016524537333333325,-0.019435312666666656,341.56
39.124,-0.0005811400760050663,-0.022807183145543034,0.01661453733333336,-0.01985531266666666,341.56
39.128,1.8859923994923086e-05,-0.02288718314554303,0.01661453733333336,-0.020195312666666666,341.56
39.132,0.0006188599239949403,-0.02314718314554304,0.016524537333333325,-0.020625312666666652,341.56
39.136,0.0012988599239949264,-0.023227183145543038,0.01635453733333332,-0.02096531266666666,341.56
39.14,0.0017288599239949401,-0.023317183145543045,0.016274537333333353,-0.021135312666666663,341.56
39.144,0.002158859923994926,-0.023317183145543045,0.016274537333333353,-0.02147531266666667,341.56
39.148,0.0027488599239949333,-0.023227183145543038,0.016184537333333318,-0.021735312666666652,341.56
39.152,0.0034388599239949295,-0.023227183145543038,0.016184537333333318,-0.021905312666666656,341.56
39.156,0.004118859923994944,-0.02314718314554304,0.015934537333333346,-0.022165312666666666,341.56
39.16,0.00454885992399493,-0.02288718314554303,0.01584453733333331,-0.022245312666666663,341.56
39.164,0.004888859923994937,-0.022717183145543027,0.015674537333333308,-0.022245312666666663,341.56
39.168,0.005398859923994947,-0.022467183145543027,0.01550453733333336,-0.022245312666666663,341.56
39.172,0.005828859923994933,-0.022377183145543048,0.01550453733333336,-0.02233531266666667,341.56
39.176,0.006598859923994926,-0.022117183145543038,0.015244537333333322,-0.022415312666666666,341.56
39.18,0.00701885992399493,-0.021697183145543034,0.015244537333333322,-0.02233531266666667,341.56
39.184,0.0074488599239949434,-0.021437183145543024,0.014904537333333315,-0.02233531266666667,341.56
39.188,0.007958859923994926,-0.021097183145543045,0.014564537333333308,-0.022245312666666663,341.56
39.192,0.00838885992399494,-0.02066718314554303,0.014474537333333329,-0.021995312666666662,341.56
39.196,0.008728859923994947,-0.020327183145543024,0.014224537333333356,-0.02182531266666666,341.56
39.2,0.00915885992399496,-0.019647183145543038,0.014134537333333322,-0.02147531266666667,341.56
39.204,0.009588859923994946,-0.019137183145543028,0.013714537333333346,-0.02122531266666667,341.56
39.208,0.009928859923994953,-0.01870718314554304,0.013364537333333329,-0.02071531266666666,341.56
39.212,0.01026885992399496,-0.018277183145543028,0.01328453733333336,-0.020285312666666673,341.56
39.216,0.010698859923994946,-0.01767718314554304,0.013024537333333322,-0.01985531266666666,341.56
39.22,0.011208859923994957,-0.01682718314554305,0.012514537333333312,-0.019435312666666656,341.56
39.224,0.011628859923994933,-0.016057183145543028,0.012084537333333326,-0.019085312666666666,341.56
39.228,0.01197885992399495,-0.015287183145543035,0.011744537333333319,-0.018575312666666656,341.56
39.232,0.012318859923994957,-0.014177183145543035,0.011404537333333312,-0.01789531266666667,341.56
39.236,0.012828859923994912,-0.012477183145543028,0.010974537333333326,-0.01738531266666666,341.56
39.24,0.013508859923994926,-0.011187183145543043,0.010464537333333315,-0.016955312666666673,341.56
39.244,0.014028859923994946,-0.009827183145543043,0.01003453733333333,-0.016355312666666656,341.56
39.248,0.014538859923994956,-0.008207183145543032,0.009614537333333353,-0.015585312666666663,341.56
39.252,0.014878859923994908,-0.006497183145543042,0.009184537333333312,-0.014905312666666677,341.56
39.256,0.015218859923994915,-0.004877183145543032,0.008754537333333326,-0.014225312666666663,341.56
39.26,0.015558859923994922,-0.0032471831455430393,0.008164537333333347,-0.013535312666666667,341.56
39.264,0.015818859923994958,-0.001627183145543029,0.00807453733333334,-0.012255312666666664,341.56
39.268,0.01615885992399491,-7.183145543046489e-06,0.007734537333333334,-0.010555312666666657,341.56
39.272,0.01658885992399495,0.001612816854456964,0.006794537333333337,-0.01012531266666667,341.56
39.276,0.016838859923994923,0.0032428168544569565,0.006024537333333344,-0.009955312666666667,341.56
39.28,0.016928859923994958,0.004862816854456967,0.005514537333333334,-0.00961531266666666,341.56
39.284,0.017008859923994927,0.006482816854456977,0.0049145373333333445,-0.009185312666666674,341.56
39.288,0.017358859923994944,0.008022816854456962,0.004314537333333327,-0.008675312666666664,341.56
39.292,0.017608859923994916,0.008022816854456962,0.003374537333333331,-0.007985312666666668,341.56
39.296,0.01777885992399492,0.00452281685445696,0.002354537333333338,-0.0073953126666666605,341.56
39.3,0.018038859923994958,0.0007628168544569742,0.0016745373333333239,-0.006795312666666671,341.56
39.304,0.018118859923994927,0.0004228168544569672,0.0013245373333333347,-0.006285312666666661,341.56
39.308,0.018208859923994906,0.0009328168544569499,0.000564537333333324,-0.005515312666666668,341.56
39.312,0.018468859923994944,0.0011928168544569602,-3.546266666666544e-05,-0.004745312666666675,341.56
39.316,0.018548859923994913,0.0014428168544569605,-0.00020546266666666892,-0.004145312666666658,341.56
39.32,0.018638859923994947,0.0017828168544569674,-0.00046546266666667915,-0.003295312666666668,341.56
39.324,0.018638859923994947,0.0022128168544569534,-0.00046546266666667915,-0.002185312666666668,341.56
39.328,0.018548859923994913,0.002642816854456967,-0.0005454626666666759,-0.0010753126666666682,341.56
39.332,0.018548859923994913,0.0032428168544569565,-0.0006354626666666549,-0.0003053126666666753,341.56
39.336,0.018638859923994947,0.0038328168544569637,-0.0009754626666666618,0.0002946873333333419,341.56
39.34,0.018638859923994947,0.004692816854456963,-0.002345462666666672,0.0007246873333333279,341.56
39.344,0.018548859923994913,0.005372816854456977,-0.0043054626666666615,0.0011446873333333316,341.56
39.348,0.018548859923994913,0.005972816854456967,-0.0060154626666666785,0.0015746873333333453,341.56
39.352,0.018548859923994913,0.006482816854456977,-0.007035462666666672,0.002004687333333331,341.56
39.356,0.01829885992399494,0.00674281685445696,-0.008315462666666676,0.002424687333333335,341.56
39.36,0.018208859923994906,0.00725281685445697,-0.009515462666666655,0.002854687333333321,341.56
39.364,0.018208859923994906,0.007852816854456959,-0.010455462666666679,0.0032846873333333346,341.56
39.368,0.018038859923994958,0.008272816854456962,-0.011055462666666668,0.003794687333333345,341.56
39.372,0.01777885992399492,0.008872816854456952,-0.011655462666666658,0.004304687333333328,341.56
39.376,0.01769885992399495,0.009472816854456941,-0.012505462666666675,0.004904687333333345,341.56
39.38,0.01726885992399491,0.009982816854456952,-0.013275462666666668,0.005414687333333328,341.56
39.384,0.016838859923994923,0.010412816854456938,-0.013785462666666679,0.006014687333333345,341.56
39.388,0.01658885992399495,0.010752816854456945,-0.014385462666666668,0.006614687333333334,341.56
39.392,0.016418859923994947,0.011182816854456986,-0.014985462666666657,0.006864687333333334,341.56
39.396,0.01607885992399494,0.011602816854456962,-0.015745462666666668,0.007214687333333324,341.56
39.4,0.015648859923994955,0.012032816854456948,-0.01651546266666666,0.007724687333333334,341.56
39.404,0.01530885992399495,0.01246281685445699,-0.01737546266666666,0.008404687333333348,341.56
39.408,0.015048859923994911,0.01280281685445694,-0.018225462666666678,0.008744687333333327,341.56
39.412,0.014878859923994908,0.013142816854456948,-0.01873546266666666,0.00891468733333333,341.56
39.416,0.014368859923994953,0.01357281685445699,-0.01924546266666667,0.009434687333333351,341.56
39.42,0.013678859923994929,0.014002816854456975,-0.019425462666666657,0.01002468733333333,341.56
39.424,0.013258859923994953,0.014422816854456951,-0.019765462666666664,0.010544687333333351,341.56
39.428,0.012918859923994946,0.014762816854456958,-0.02035546266666667,0.010964687333333327,341.56
39.432,0.012568859923994929,0.01502281685445694,-0.021045462666666667,0.011304687333333334,341.56
39.436,0.01197885992399495,0.015362816854456948,-0.021555462666666678,0.01173468733333332,341.56
39.44,0.010948859923994919,0.015702816854456954,-0.021985462666666664,0.012164687333333361,341.56
39.444,0.01034885992399493,0.01605281685445697,-0.02232546266666667,0.012504687333333313,341.56
39.448,0.009928859923994953,0.01613281685445694,-0.022495462666666674,0.012934687333333354,341.56
39.452,0.00923885992399493,0.016222816854456975,-0.022835462666666653,0.01335468733333333,341.56
39.456,0.008558859923994943,0.016472816854456947,-0.023095462666666663,0.013784687333333316,341.56
39.46,0.00787885992399493,0.016472816854456947,-0.023095462666666663,0.014214687333333358,341.56
39.464,0.007188859923994933,0.01664281685445695,-0.023265462666666667,0.014554687333333309,341.56
39.468,0.006598859923994926,0.01690281685445699,-0.023515462666666667,0.014814687333333347,341.56
39.472,0.00590885992399493,0.01690281685445699,-0.023515462666666667,0.01506468733333332,341.56
39.476,0.005318859923994923,0.016982816854456958,-0.023605462666666674,0.015324687333333357,341.56
39.48,0.004718859923994933,0.01724281685445694,-0.023605462666666674,0.015404687333333326,341.56
39.484,0.004208859923994923,0.017332816854456975,-0.02343546266666667,0.01566468733333331,341.56
39.488,0.0033488599239949227,0.017332816854456975,-0.02317546266666666,0.015834687333333312,341.56
39.492,0.0024088599239949263,0.017332816854456975,-0.023095462666666663,0.01617468733333332,341.56
39.496,0.0016388599239949334,0.017412816854456944,-0.023005462666666657,0.016514687333333326,341.56
39.5,0.0007888599239949438,0.017412816854456944,-0.022755462666666657,0.01668468733333333,341.56
39.504,-0.00023114007600507714,0.017332816854456975,-0.02232546266666667,0.016944687333333312,341.56
39.508,-0.0010911400760050768,0.017332816854456975,-0.02206546266666666,0.016944687333333312,341.56
39.512,-0.0019411400760050664,0.017332816854456975,-0.021895462666666657,0.017114687333333316,341.56
39.516,-0.002801140076005066,0.017332816854456975,-0.021555462666666678,0.017374687333333354,341.56
39.52,-0.0035611400760050768,0.017072816854456937,-0.02095546266666666,0.017454687333333323,341.56
39.524,-0.004331140076005069,0.016982816854456958,-0.020275462666666674,0.017374687333333354,341.56
39.528,-0.005101140076005062,0.016982816854456958,-0.01984546266666666,0.017454687333333323,341.56
39.532,-0.0060411400760050585,0.01690281685445699,-0.019505462666666654,0.017454687333333323,341.56
39.536,-0.006891140076005076,0.01664281685445695,-0.018905462666666664,0.017374687333333354,341.56
39.54,-0.007581140076005072,0.01664281685445695,-0.018315462666666657,0.017454687333333323,341.56
39.544,-0.008351140076005065,0.01664281685445695,-0.01788546266666667,0.017454687333333323,341.56
39.548,-0.009201140076005055,0.016472816854456947,-0.01737546266666666,0.017454687333333323,341.56
39.552,-0.009971140076005075,0.016222816854456975,-0.016685462666666664,0.017454687333333323,341.56
39.556,-0.010401140076005061,0.015962816854456937,-0.016095462666666657,0.01728468733333332,341.56
39.56,-0.010311140076005055,0.015622816854456986,-0.015405462666666661,0.017034687333333347,341.56
39.564,-0.010141140076005079,0.015362816854456948,-0.014805462666666672,0.017034687333333347,341.56
39.568,-0.011081140076005075,0.015192816854456944,-0.014125462666666658,0.016944687333333312,341.56
39.572,-0.012271140076005072,0.014852816854456937,-0.013445462666666672,0.01668468733333333,341.56
39.576,-0.013301140076005075,0.014592816854456955,-0.012845462666666654,0.016514687333333326,341.56
39.58,-0.014241140076005071,0.014422816854456951,-0.012075462666666661,0.01617468733333332,341.56
39.584,-0.015261140076005065,0.014002816854456975,-0.011395462666666675,0.015924687333333347,341.56
39.588,-0.016371140076005066,0.01357281685445699,-0.010795462666666658,0.01566468733333331,341.56
39.592,-0.017311140076005063,0.013312816854456951,-0.009945462666666668,0.015324687333333357,341.56
39.596,-0.01791114007600508,0.013232816854456982,-0.009175462666666676,0.01498468733333335,341.56
39.6,-0.018591140076005066,0.01280281685445694,-0.008405462666666655,0.014644687333333344,341.56
39.604,-0.01911114007600506,0.012372816854456955,-0.007635462666666661,0.014294687333333327,341.56
39.608,-0.019531140076005062,0.011952816854456979,-0.007035462666666672,0.014124687333333323,341.56
39.612,-0.020041140076005073,0.011522816854456937,-0.0064454626666666645,0.014044687333333354,341.56
39.616,-0.020641140076005062,0.011092816854456952,-0.0056754626666666716,0.013704687333333347,341.56
39.62,-0.02124114007600508,0.010672816854456976,-0.004905462666666679,0.01335468733333333,341.56
39.624,-0.021921140076005066,0.010322816854456959,-0.004135462666666658,0.01284468733333332,341.56
39.628,-0.022181140076005076,0.009982816854456952,-0.003365462666666665,0.012414687333333334,341.56
39.632,-0.022521140076005055,0.009472816854456941,-0.002595462666666672,0.011994687333333358,341.56
39.636,-0.022781140076005065,0.008792816854456983,-0.0018354626666666615,0.011394687333333313,341.56
39.64,-0.022781140076005065,0.008272816854456962,-0.0010654626666666686,0.010884687333333358,341.56
39.644,-0.02295114007600507,0.0075128168544569525,-0.00029546266666667566,0.010454687333333317,341.56
39.648,-0.02320114007600507,0.007082816854456967,0.000474537333333345,0.01002468733333333,341.56
39.652,-0.02320114007600507,0.00674281685445696,0.001244537333333338,0.00951468733333332,341.56
39.656,-0.023291140076005076,0.006312816854456974,0.002014537333333331,0.00891468733333333,341.56
39.66,-0.02320114007600507,0.0060528168544569634,0.0027845373333333237,0.008404687333333348,341.56
39.664,-0.023291140076005076,0.005972816854456967,0.0035445373333333344,0.007974687333333334,341.56
39.668,-0.02320114007600507,0.005462816854456956,0.0050045373333333235,0.007464687333333324,341.56
39.672,-0.023121140076005072,0.00477281685445696,0.006534537333333327,0.006864687333333334,341.56
39.676,-0.022861140076005062,0.0038328168544569637,0.005514537333333334,0.006444687333333331,341.56
39.68,-0.022781140076005065,0.003072816854456953,0.005424537333333327,0.005934687333333348,341.56
39.684,-0.02261114007600506,0.0022128168544569534,0.005854537333333341,0.005164687333333327,341.56
39.688,-0.022441140076005058,0.0015328168544569672,0.006364537333333324,0.004734687333333341,341.56
39.692,-0.022271140076005055,0.0008528168544569532,0.007134537333333344,0.004224687333333331,341.56
39.696,-0.021921140076005066,-0.0002571831455430467,0.007644537333333327,0.0036246873333333415,341.56
39.7,-0.02158114007600506,-0.0011171831455430463,0.00807453733333334,0.003114687333333331,341.56
39.704,-0.02124114007600508,-0.001967183145543036,0.008504537333333353,0.0026046873333333484,341.56
39.708,-0.02073114007600507,-0.002657183145543032,0.009094537333333333,0.002004687333333331,341.56
39.712,-0.02013114007600508,-0.0032471831455430393,0.009614537333333353,0.0014046873333333418,341.56
39.716,-0.01962114007600507,-0.004017183145543032,0.01003453733333333,0.0008046873333333246,341.56
39.72,-0.01936114007600506,-0.004787183145543025,0.010464537333333315,0.00020468733333333516,341.56
39.724,-0.01876114007600507,-0.0056371831455430425,0.010894537333333357,-0.00047531266666667876,341.56
39.728,-0.01825114007600506,-0.006497183145543042,0.011314537333333333,-0.0010753126666666682,341.56
39.732,-0.01791114007600508,-0.007177183145543028,0.01166453733333335,-0.0015853126666666786,341.56
39.736,-0.01740114007600507,-0.0077771831455430455,0.012084537333333326,-0.001845312666666661,341.56
39.74,-0.01680114007600508,-0.008457183145543033,0.012514537333333312,-0.002525312666666675,341.56
39.744,-0.01629114007600507,-0.009227183145543025,0.012854537333333318,-0.0034653126666666714,341.56
39.748,-0.01569114007600508,-0.01016718314554305,0.01328453733333336,-0.003975312666666654,341.56
39.752,-0.015091140076005061,-0.010937183145543043,0.013714537333333346,-0.004315312666666661,341.56
39.756,-0.014581140076005078,-0.011447183145543025,0.013794537333333315,-0.004915312666666678,341.56
39.76,-0.013981140076005061,-0.01212718314554304,0.014134537333333322,-0.005425312666666661,341.56
39.764,-0.013381140076005072,-0.012987183145543039,0.014654537333333342,-0.006365312666666657,341.56
39.768,-0.012621140076005061,-0.013757183145543032,0.01499453733333335,-0.007475312666666657,341.56
39.772,-0.012021140076005072,-0.014347183145543039,0.015074537333333318,-0.008415312666666654,341.56
39.776,-0.011421140076005054,-0.015037183145543035,0.015164537333333353,-0.00901531266666667,341.56
39.78,-0.010821140076005065,-0.015627183145543042,0.015164537333333353,-0.009435312666666675,341.56
39.784,-0.010141140076005079,-0.01631718314554304,0.015414537333333325,-0.010035312666666664,341.56
39.788,-0.009541140076005062,-0.016997183145543025,0.01550453733333336,-0.010895312666666664,341.56
39.792,-0.008691140076005072,-0.017507183145543035,0.015764537333333342,-0.011575312666666678,341.56
39.796,-0.008091140076005055,-0.018027183145543028,0.015934537333333346,-0.012175312666666667,341.56
39.8,-0.007151140076005058,-0.018537183145543038,0.016274537333333353,-0.012855312666666653,341.56
39.804,-0.006131140076005065,-0.01904718314554305,0.016274537333333353,-0.013535312666666667,341.56
39.808,-0.005531140076005076,-0.01955718314554303,0.016274537333333353,-0.014225312666666663,341.56
39.812,-0.004851140076005062,-0.019987183145543045,0.016524537333333325,-0.01516531266666666,341.56
39.816,-0.003991140076005062,-0.02041718314554303,0.01661453733333336,-0.015845312666666674,341.56
39.82,-0.00322114007600507,-0.020757183145543038,0.01661453733333336,-0.016445312666666663,341.56
39.824,-0.0026311400760050626,-0.02117718314554304,0.016524537333333325,-0.01703531266666667,341.56
39.828,-0.0016011400760050595,-0.021607183145543028,0.01661453733333336,-0.01763531266666666,341.56
39.832,-0.0007511400760050698,-0.02203718314554304,0.01661453733333336,-0.01814531266666667,341.56
39.836,-0.0008311400760050666,-0.022377183145543048,0.01661453733333336,-0.018665312666666663,341.56
39.84,-0.00100114007600507,-0.022467183145543027,0.01661453733333336,-0.01900531266666667,341.56
39.844,-0.0006611400760050631,-0.022717183145543027,0.01661453733333336,-0.019435312666666656,341.56
39.848,1.8859923994923086e-05,-0.02288718314554303,0.01661453733333336,-0.01985531266666666,341.56
39.852,0.0006188599239949403,-0.02314718314554304,0.01661453733333336,-0.020285312666666673,341.56
39.856,0.0012988599239949264,-0.023317183145543045,0.016524537333333325,-0.02071531266666666,341.56
39.86,0.0017288599239949401,-0.023317183145543045,0.016274537333333353,-0.02096531266666666,341.56
39.864,0.002238859923994923,-0.023227183145543038,0.016184537333333318,-0.02122531266666667,341.56
39.868,0.00283885992399494,-0.023227183145543038,0.016274537333333353,-0.021565312666666676,341.56
39.872,0.0033488599239949227,-0.023227183145543038,0.01610453733333335,-0.02182531266666666,341.56
39.876,0.003858859923994933,-0.02314718314554304,0.01584453733333331,-0.021905312666666656,341.56
39.88,0.004288859923994947,-0.022977183145543038,0.015764537333333342,-0.02207531266666666,341.56
39.884,0.004718859923994933,-0.022807183145543034,0.015674537333333308,-0.02233531266666667,341.56
39.888,0.005398859923994947,-0.022547183145543024,0.015764537333333342,-0.02233531266666667,341.56
39.892,0.00616885992399494,-0.022377183145543048,0.01550453733333336,-0.02233531266666667,341.56
39.896,0.006678859923994923,-0.021947183145543035,0.015244537333333322,-0.02233531266666667,341.56
39.9,0.007188859923994933,-0.021607183145543028,0.014904537333333315,-0.02233531266666667,341.56
39.904,0.007538859923994922,-0.02152718314554303,0.014564537333333308,-0.022245312666666663,341.56
39.908,0.007958859923994926,-0.02126718314554305,0.014304537333333325,-0.021995312666666662,341.56
39.912,0.008478859923994947,-0.020837183145543035,0.01439453733333336,-0.02182531266666666,341.56
39.916,0.009068859923994926,-0.020327183145543024,0.014224537333333356,-0.021565312666666676,341.56
39.92,0.009498859923994912,-0.019647183145543038,0.013964537333333318,-0.021395312666666673,341.56
39.924,0.009928859923994953,-0.019137183145543028,0.013714537333333346,-0.021055312666666666,341.56
39.928,0.010178859923994926,-0.01870718314554304,0.01328453733333336,-0.020625312666666652,341.56
39.932,0.010438859923994908,-0.018277183145543028,0.012944537333333353,-0.020195312666666666,341.56
39.936,0.01086885992399495,-0.017847183145543042,0.012684537333333315,-0.019775312666666663,341.56
39.94,0.011288859923994926,-0.017167183145543028,0.012424537333333333,-0.019515312666666652,341.56
39.944,0.011548859923994908,-0.01631718314554304,0.012084537333333326,-0.018915312666666663,341.56
39.948,0.012058859923994919,-0.015457183145543039,0.011744537333333319,-0.018235312666666677,341.56
39.952,0.01248885992399496,-0.014607183145543049,0.011404537333333312,-0.017725312666666666,341.56
39.956,0.012828859923994912,-0.013837183145543028,0.010974537333333326,-0.01738531266666666,341.56
39.96,0.013508859923994926,-0.013157183145543042,0.010464537333333315,-0.016865312666666667,341.56
39.964,0.014028859923994946,-0.012477183145543028,0.00995453733333336,-0.016105312666666656,341.56
39.968,0.014538859923994956,-0.011617183145543029,0.009354537333333315,-0.015335312666666663,341.56
39.972,0.014878859923994908,-0.010767183145543039,0.00884453733333336,-0.014645312666666667,341.56
39.976,0.015138859923994946,-0.00990718314554304,0.008414537333333347,-0.013885312666666656,341.56
39.98,0.015388859923994918,-0.00905718314554305,0.00807453733333334,-0.01259531266666667,341.56
39.984,0.015818859923994958,-0.008207183145543032,0.00807453733333334,-0.011575312666666678,341.56
39.988,0.016248859923994944,-0.007347183145543032,0.00781453733333333,-0.01123531266666667,341.56
39.992,0.01658885992399495,-0.006497183145543042,0.006874537333333334,-0.010805312666666657,341.56
39.996,0.016928859923994958,-0.0056371831455430425,0.006024537333333344,-0.010295312666666674,341.56
40.0,0.017008859923994927,-0.004787183145543025,0.005514537333333334,-0.009955312666666667,341.56
40.004,0.017098859923994906,-0.0039371831455430354,0.004834537333333348,-0.009525312666666653,341.56
40.008,0.01726885992399491,-0.003077183145543036,0.004064537333333327,-0.008845312666666667,341.56
40.012,0.017438859923994913,-0.002307183145543043,0.003294537333333334,-0.008245312666666678,341.56
40.016,0.01769885992399495,-0.0017171831455430357,0.002264537333333331,-0.007565312666666664,341.56
40.02,0.017868859923994954,-0.0011171831455430463,0.0014945373333333381,-0.006875312666666668,341.56
40.024,0.018118859923994927,-0.0005171831455430292,0.0009845373333333277,-0.006285312666666661,341.56
40.028,0.018208859923994906,-0.00017718314554304997,0.000564537333333324,-0.005515312666666668,341.56
40.032,0.018468859923994944,0.0004228168544569672,-3.546266666666544e-05,-0.004995312666666675,341.56
40.036,0.018548859923994913,0.0009328168544569499,-0.0003754626666666724,-0.004145312666666658,341.56
40.04,0.018638859923994947,0.0013628168544569637,-0.0007254626666666616,-0.0030353126666666577,341.56
40.044,0.018638859923994947,0.0017828168544569674,-0.0005454626666666759,-0.0020953126666666613,341.56
40.048,0.018638859923994947,0.0025528168544569603,-0.00029546266666667566,-0.0009053126666666647,341.56
40.052,0.018548859923994913,0.0033228168544569532,-3.546266666666544e-05,0.0004646873333333454,341.56
40.056,0.018638859923994947,0.00392281685445697,-0.0003754626666666724,0.0014046873333333418,341.56
40.06,0.018548859923994913,0.00477281685445696,-0.002345462666666672,0.002084687333333328,341.56
40.064,0.018638859923994947,0.005542816854456953,-0.004735462666666675,0.0025146873333333417,341.56
40.068,0.018548859923994913,0.005972816854456967,-0.006275462666666661,0.002854687333333321,341.56
40.072,0.01837885992399491,0.006652816854456953,-0.007465462666666658,0.003194687333333328,341.56
40.076,0.018208859923994906,0.00699281685445696,-0.008405462666666655,0.003534687333333335,341.56
40.08,0.018118859923994927,0.00725281685445697,-0.009515462666666655,0.003884687333333324,341.56
40.084,0.017868859923994954,0.007852816854456959,-0.010455462666666679,0.004224687333333331,341.56
40.088,0.01769885992399495,0.008272816854456962,-0.011055462666666668,0.004644687333333335,341.56
40.092,0.017608859923994916,0.008872816854456952,-0.011655462666666658,0.005074687333333348,341.56
40.096,0.017438859923994913,0.009472816854456941,-0.012415462666666668,0.005584687333333331,341.56
40.1,0.017358859923994944,0.009902816854456983,-0.013275462666666668,0.005934687333333348,341.56
40.104,0.016928859923994958,0.010322816854456959,-0.013785462666666679,0.006104687333333324,341.56
40.108,0.016498859923994916,0.010752816854456945,-0.014385462666666668,0.006694687333333331,341.56
40.112,0.016238859923994934,0.011172816854456976,-0.014985462666666657,0.007114687333333335,341.56
40.116,0.015988859923994906,0.011692816854456941,-0.01566546266666667,0.007294687333333348,341.56
40.12,0.015638859923994945,0.012112816854456972,-0.01626546266666666,0.007714687333333324,341.56
40.124,0.01530885992399495,0.01246281685445699,-0.017115462666666678,0.008234687333333345,341.56
40.128,0.014788859923994929,0.012792816854456986,-0.017975462666666678,0.008744687333333327,341.56
40.132,0.014448859923994922,0.013232816854456982,-0.01848546266666666,0.009174687333333313,341.56
40.136,0.013928859923994957,0.013652816854456958,-0.019085462666666678,0.00950468733333331,341.56
40.14,0.013338859923994922,0.014082816854456944,-0.019675462666666657,0.01011468733333331,341.56
40.144,0.01298885992399496,0.014502816854456976,-0.019935462666666667,0.010444687333333362,341.56
40.148,0.012658859923994908,0.014852816854456937,-0.020445462666666678,0.010884687333333358,341.56
40.152,0.012138859923994943,0.015272816854456969,-0.021045462666666667,0.011304687333333334,341.56
40.156,0.011888859923994915,0.015622816854456986,-0.021385462666666674,0.011654687333333351,341.56
40.16,0.01136885992399495,0.015702816854456954,-0.021645462666666657,0.012154687333333351,341.56
40.164,0.01086885992399495,0.01605281685445697,-0.021895462666666657,0.012674687333333316,341.56
40.168,0.01025885992399495,0.016212816854456965,-0.022335462666666653,0.012924687333333344,341.56
40.172,0.009498859923994912,0.016222816854456975,-0.022755462666666657,0.01335468733333333,341.56
40.176,0.008718859923994937,0.016462816854456937,-0.023015462666666667,0.013694687333333337,341.56
40.18,0.00812885992399493,0.016562816854456982,-0.023265462666666667,0.014124687333333323,341.56
40.184,0.00752885992399494,0.016812816854456954,-0.023525462666666677,0.01446468733333333,341.56
40.188,0.006678859923994923,0.016982816854456958,-0.023515462666666667,0.014814687333333347,341.56
40.192,0.005988859923994927,0.017232816854456986,-0.023525462666666677,0.015234687333333323,341.56
40.196,0.005398859923994947,0.01724281685445694,-0.023515462666666667,0.015404687333333326,341.56
40.2,0.0046288599239949265,0.017322816854456965,-0.023525462666666677,0.015654687333333354,341.56
40.204,0.004118859923994944,0.017412816854456944,-0.023605462666666674,0.015924687333333347,341.56
40.208,0.0034288599239949195,0.01740281685445699,-0.023525462666666677,0.016254687333333344,341.56
40.212,0.00257885992399493,0.017582816854456947,-0.02317546266666666,0.016514687333333326,341.56
40.216,0.0018088599239949369,0.017572816854456937,-0.023015462666666667,0.01659468733333335,341.56
40.22,0.0012188599239949297,0.017582816854456947,-0.022835462666666653,0.016864687333333343,341.56
40.224,0.0004388599239949268,0.017322816854456965,-0.02267546266666666,0.01710468733333336,341.56
40.228,-0.00041114007600506286,0.017332816854456975,-0.022235462666666664,0.017454687333333323,341.56
40.232,-0.0016111400760050695,0.01740281685445699,-0.02181546266666666,0.017454687333333323,341.56
40.236,-0.0026311400760050626,0.017412816854456944,-0.021555462666666678,0.017454687333333323,341.56
40.24,-0.0034911400760050623,0.017232816854456986,-0.021045462666666667,0.01770468733333335,341.56
40.244,-0.004331140076005069,0.016982816854456958,-0.020615462666666654,0.01779468733333333,341.56
40.248,-0.005191140076005069,0.017062816854456982,-0.020365462666666653,0.01779468733333333,341.56
40.252,-0.005961140076005062,0.01716281685445697,-0.019765462666666664,0.01779468733333333,341.56
40.256,-0.006901140076005058,0.016982816854456958,-0.019175462666666657,0.01779468733333333,341.56
40.26,-0.007751140076005076,0.01690281685445699,-0.018655462666666664,0.01779468733333333,341.56
40.264,-0.008521140076005069,0.01664281685445695,-0.018065462666666657,0.01779468733333333,341.56
40.268,-0.009291140076005061,0.016472816854456947,-0.017455462666666657,0.01771468733333336,341.56
40.272,-0.009891140076005079,0.016212816854456965,-0.016865462666666678,0.017454687333333323,341.56
40.276,-0.010141140076005079,0.01605281685445697,-0.01626546266666666,0.017454687333333323,341.56
40.28,-0.010231140076005058,0.01578281685445698,-0.015675462666666654,0.017364687333333344,341.56
40.284,-0.010231140076005058,0.015622816854456986,-0.014985462666666657,0.01720468733333335,341.56
40.288,-0.010741140076005068,0.01518281685445699,-0.014385462666666668,0.017024687333333337,341.56
40.292,-0.012101140076005068,0.014762816854456958,-0.013695462666666672,0.01677468733333331,341.56
40.296,-0.013311140076005057,0.014502816854456976,-0.012935462666666661,0.01659468733333335,341.56
40.3,-0.014321140076005068,0.014342816854456982,-0.012335462666666672,0.016344687333333323,341.56
40.304,-0.015441140076005078,0.013992816854456965,-0.011655462666666658,0.01608468733333334,341.56
40.308,-0.016201140076005063,0.013652816854456958,-0.010885462666666665,0.015754687333333343,341.56
40.312,-0.01689114007600506,0.013312816854456951,-0.010205462666666679,0.015404687333333326,341.56
40.316,-0.01791114007600508,0.012972816854456944,-0.009345462666666679,0.01506468733333332,341.56
40.32,-0.018601140076005076,0.012712816854456962,-0.008495462666666662,0.014714687333333358,341.56
40.324,-0.01902114007600508,0.012372816854456955,-0.007555462666666664,0.01446468733333333,341.56
40.328,-0.019541140076005072,0.012022816854456938,-0.006535462666666671,0.014124687333333323,341.56
40.332,-0.020301140076005055,0.011602816854456962,-0.0056754626666666716,0.013784687333333316,341.56
40.336,-0.020911140076005055,0.011172816854456976,-0.004825462666666654,0.013434687333333355,341.56
40.34,-0.021501140076005062,0.010842816854456979,-0.0038754626666666755,0.013014687333333323,341.56
40.344,-0.021931140076005076,0.010402816854456983,-0.002775462666666658,0.012494687333333358,341.56
40.348,-0.022181140076005076,0.009902816854456983,-0.0017454626666666547,0.012074687333333327,341.56
40.352,-0.022531140076005065,0.009382816854456962,-0.0007254626666666616,0.01172468733333331,341.56
40.356,-0.022781140076005065,0.008702816854456976,0.0003045373333333415,0.011304687333333334,341.56
40.36,-0.02295114007600507,0.008012816854456952,0.0013245373333333347,0.010874687333333348,341.56
40.364,-0.02320114007600507,0.0075128168544569525,0.002354537333333338,0.010374687333333348,341.56
40.368,-0.023301140076005058,0.00699281685445696,0.003374537333333331,0.009764687333333348,341.56
40.372,-0.02320114007600507,0.006482816854456977,0.004404537333333334,0.009344687333333317,341.56
40.376,-0.02321114007600508,0.005962816854456957,0.005424537333333327,0.00891468733333333,341.56
40.38,-0.02320114007600507,0.005972816854456967,0.00645453733333333,0.008494687333333355,341.56
40.384,-0.02321114007600508,0.00613281685445696,0.007464537333333341,0.007974687333333334,341.56
40.388,-0.023291140076005076,0.005802816854456963,0.008414537333333347,0.007294687333333348,341.56
40.392,-0.023301140076005058,0.004682816854456953,0.008234537333333333,0.006774687333333328,341.56
40.396,-0.02320114007600507,0.003752816854456967,0.006534537333333327,0.006354687333333324,341.56
40.4,-0.023031140076005065,0.002722816854456964,0.005764537333333334,0.0057546873333333345,341.56
40.404,-0.022781140076005065,0.0021328168544569566,0.006114537333333323,0.005244687333333324,341.56
40.408,-0.02269114007600506,0.0015328168544569672,0.006534537333333327,0.004644687333333335,341.56
40.412,-0.022441140076005058,0.0005928168544569707,0.0070545373333333475,0.0040546873333333275,341.56
40.416,-0.02209114007600507,-0.0002571831455430467,0.00756453733333333,0.003534687333333335,341.56
40.42,-0.022011140076005072,-0.0011171831455430463,0.00807453733333334,0.0030246873333333243,341.56
40.424,-0.02158114007600506,-0.0017971831455430324,0.008754537333333326,0.002424687333333335,341.56
40.428,-0.021151140076005073,-0.0023971831455430496,0.009274537333333346,0.0018346873333333277,341.56
40.432,-0.02073114007600507,-0.0031671831455430425,0.009694537333333322,0.0011446873333333316,341.56
40.436,-0.02022114007600506,-0.0039371831455430354,0.010124537333333308,0.0004646873333333454,341.56
40.44,-0.019531140076005062,-0.004787183145543025,0.010464537333333315,-0.000385312666666672,341.56
40.444,-0.018851140076005076,-0.0056371831455430425,0.010804537333333322,-0.0009053126666666647,341.56
40.448,-0.018341140076005066,-0.006327183145543039,0.011234537333333308,-0.0014153126666666752,341.56
40.452,-0.017821140076005073,-0.006917183145543046,0.011744537333333319,-0.0017553126666666544,341.56
40.456,-0.01740114007600507,-0.007687183145543039,0.01217453733333336,-0.002185312666666668,341.56
40.46,-0.016971140076005056,-0.00854718314554304,0.012514537333333312,-0.0026053126666666718,341.56
40.464,-0.016371140076005066,-0.009317183145543032,0.012944537333333353,-0.0031253126666666645,341.56
40.468,-0.01578114007600506,-0.009827183145543043,0.013364537333333329,-0.0038053126666666784,341.56
40.472,-0.015091140076005061,-0.010337183145543025,0.013714537333333346,-0.004315312666666661,341.56
40.476,-0.014671140076005057,-0.011187183145543043,0.014134537333333322,-0.0044853126666666646,341.56
40.48,-0.014151140076005065,-0.011957183145543036,0.014474537333333329,-0.004745312666666675,341.56
40.484,-0.013471140076005078,-0.012557183145543025,0.014654537333333342,-0.005935312666666671,341.56
40.488,-0.012871140076005061,-0.013407183145543042,0.014904537333333315,-0.007305312666666654,341.56
40.492,-0.012101140076005068,-0.014177183145543035,0.015164537333333353,-0.008245312666666678,341.56
40.496,-0.011341140076005058,-0.014777183145543025,0.01550453733333336,-0.008845312666666667,341.56
40.5,-0.010571140076005065,-0.015457183145543039,0.015674537333333308,-0.009435312666666675,341.56
40.504,-0.010051140076005072,-0.016147183145543035,0.015584537333333329,-0.009785312666666664,341.56
40.508,-0.009461140076005065,-0.016737183145543042,0.015764537333333342,-0.010375312666666671,341.56
40.512,-0.008601140076005065,-0.01742718314554304,0.01584453733333331,-0.011315312666666667,341.56
40.516,-0.007921140076005079,-0.018027183145543028,0.01610453733333335,-0.012175312666666667,341.56
40.52,-0.007151140076005058,-0.01844718314554303,0.016184537333333318,-0.01259531266666667,341.56
40.524,-0.006211140076005062,-0.01904718314554305,0.01635453733333332,-0.013365312666666664,341.56
40.528,-0.005531140076005076,-0.01955718314554303,0.016524537333333325,-0.013965312666666653,341.56
40.532,-0.004761140076005055,-0.01989718314554304,0.01661453733333336,-0.01481531266666667,341.56
40.536,-0.0037411400760050625,-0.020327183145543024,0.01661453733333336,-0.01541531266666666,341.56
40.54,-0.002881140076005063,-0.020837183145543035,0.01661453733333336,-0.016185312666666653,341.56
40.544,-0.00237114007600508,-0.02126718314554305,0.01661453733333336,-0.016955312666666673,341.56
40.548,-0.0016011400760050595,-0.021607183145543028,0.016524537333333325,-0.01738531266666666,341.56
40.552,-0.0007511400760050698,-0.021867183145543038,0.01661453733333336,-0.017805312666666663,341.56
40.556,-0.0008311400760050666,-0.02203718314554304,0.01661453733333336,-0.01849531266666666,341.56
40.56,-0.0009211400760050733,-0.022297183145543024,0.01661453733333336,-0.01900531266666667,341.56
40.564,-0.0005811400760050663,-0.022467183145543027,0.01661453733333336,-0.019345312666666677,341.56
40.568,-0.0001511400760050804,-0.02263718314554303,0.01661453733333336,-0.01960531266666666,341.56
40.572,0.0005288599239949335,-0.02288718314554303,0.01661453733333336,-0.02011531266666667,341.56
40.576,0.0012188599239949297,-0.023227183145543038,0.016524537333333325,-0.020285312666666673,341.56
40.58,0.0017288599239949401,-0.023227183145543038,0.016274537333333353,-0.020625312666666652,341.56
40.584,0.0023288599239949296,-0.023227183145543038,0.016184537333333318,-0.02096531266666666,341.56
40.588,0.0029288599239949468,-0.023227183145543038,0.016274537333333353,-0.021135312666666663,341.56
40.592,0.0033488599239949227,-0.02314718314554304,0.016184537333333318,-0.021395312666666673,341.56
40.596,0.003858859923994933,-0.02288718314554303,0.016014537333333315,-0.021565312666666676,341.56
40.6,0.004458859923994923,-0.02288718314554303,0.015764537333333342,-0.02182531266666666,341.56
40.604,0.005148859923994947,-0.022717183145543027,0.01550453733333336,-0.021905312666666656,341.56
40.608,0.00565885992399493,-0.022377183145543048,0.015414537333333325,-0.021905312666666656,341.56
40.612,0.005998859923994937,-0.022117183145543038,0.015334537333333356,-0.021905312666666656,341.56
40.616,0.006508859923994947,-0.021867183145543038,0.015164537333333353,-0.021905312666666656,341.56
40.62,0.006848859923994926,-0.02152718314554303,0.014904537333333315,-0.021905312666666656,341.56
40.624,0.0074488599239949434,-0.02126718314554305,0.014904537333333315,-0.02182531266666666,341.56
40.628,0.008048859923994933,-0.020837183145543035,0.014564537333333308,-0.021565312666666676,341.56
40.632,0.008648859923994922,-0.02041718314554303,0.014224537333333356,-0.021565312666666676,341.56
40.636,0.00915885992399496,-0.019987183145543045,0.014054537333333353,-0.02147531266666667,341.56
40.64,0.009588859923994946,-0.01955718314554303,0.013714537333333346,-0.021055312666666666,341.56
40.644,0.009928859923994953,-0.019137183145543028,0.013364537333333329,-0.020625312666666652,341.56
40.648,0.010098859923994957,-0.018617183145543035,0.013024537333333322,-0.02036531266666667,341.56
40.652,0.01034885992399493,-0.018027183145543028,0.012854537333333318,-0.020195312666666666,341.56
40.656,0.01086885992399495,-0.017597183145543042,0.012514537333333312,-0.019775312666666663,341.56
40.66,0.01137885992399496,-0.017167183145543028,0.01217453733333336,-0.019085312666666666,341.56
40.664,0.01197885992399495,-0.016487183145543042,0.011744537333333319,-0.018575312666666656,341.56
40.668,0.012398859923994926,-0.015457183145543039,0.011314537333333333,-0.018235312666666677,341.56
40.672,0.012918859923994946,-0.014697183145543028,0.010974537333333326,-0.017805312666666663,341.56
40.676,0.013338859923994922,-0.013927183145543035,0.010464537333333315,-0.01738531266666666,341.56
40.68,0.013678859923994929,-0.012987183145543039,0.01003453733333333,-0.016865312666666667,341.56
40.684,0.014028859923994946,-0.011617183145543029,0.009694537333333322,-0.016185312666666653,341.56
40.688,0.014448859923994922,-0.01016718314554305,0.009354537333333315,-0.015585312666666663,341.56
40.692,0.014878859923994908,-0.008967183145543043,0.00884453733333336,-0.014995312666666656,341.56
40.696,0.015218859923994915,-0.007687183145543039,0.008164537333333347,-0.01456531266666667,341.56
40.7,0.015558859923994922,-0.006157183145543035,0.007644537333333327,-0.01405531266666666,341.56
40.704,0.015818859923994958,-0.004617183145543049,0.007134537333333344,-0.013535312666666667,341.56
40.708,0.01615885992399491,-0.003077183145543036,0.006874537333333334,-0.01234531266666667,341.56
40.712,0.016418859923994947,-0.0015471831455430322,0.006624537333333334,-0.010555312666666657,341.56
40.716,0.01666885992399492,-7.183145543046489e-06,0.006024537333333344,-0.010035312666666664,341.56
40.72,0.016838859923994923,0.0015328168544569672,0.005174537333333327,-0.00961531266666666,341.56
40.724,0.016928859923994958,0.003072816854456953,0.004744537333333341,-0.009095312666666668,341.56
40.728,0.017358859923994944,0.004602816854456957,0.004144537333333324,-0.00850531266666666,341.56
40.732,0.01769885992399495,0.00614281685445697,0.0032045373333333274,-0.007905312666666671,341.56
40.736,0.017868859923994954,0.007682816854456956,0.0024345373333333345,-0.007305312666666654,341.56
40.74,0.018118859923994927,0.00913281685445699,0.0016745373333333239,-0.0069653126666666745,341.56
40.744,0.018118859923994927,0.007342816854456977,0.0008145373333333242,-0.006195312666666654,341.56
40.748,0.018208859923994906,0.0017828168544569674,0.00021453733333333478,-0.005345312666666664,341.56
40.752,0.018468859923994944,0.0009328168544569499,-0.00020546266666666892,-0.004655312666666668,341.56
40.756,0.018548859923994913,0.0010228168544569568,-0.0005454626666666759,-0.003975312666666654,341.56
40.76,0.018548859923994913,0.0015328168544569672,-0.0008954626666666651,-0.0033753126666666647,341.56
40.764,0.018548859923994913,0.0021328168544569566,-0.0008054626666666584,-0.0026953126666666785,341.56
40.768,0.018638859923994947,0.0025528168544569603,-0.00029546266666667566,-0.002185312666666668,341.56
40.772,0.018638859923994947,0.003072816854456953,-0.0010654626666666686,-0.0016653126666666754,341.56
40.776,0.018548859923994913,0.0038328168544569637,-0.002345462666666672,-0.001155312666666665,341.56
40.78,0.018548859923994913,0.004602816854456957,-0.0037954626666666788,-0.0006453126666666545,341.56
40.784,0.018638859923994947,0.005202816854456974,-0.004985462666666675,-0.0001353126666666718,341.56
40.788,0.018638859923994947,0.005802816854456963,-0.0060154626666666785,0.00037468733333333865,341.56
40.792,0.018548859923994913,0.006232816854456977,-0.007385462666666661,0.0008946873333333313,341.56
40.796,0.01829885992399494,0.006652816854456953,-0.00823546266666668,0.0014046873333333418,341.56
40.8,0.018208859923994906,0.007082816854456967,-0.009255462666666672,0.002004687333333331,341.56
40.804,0.018208859923994906,0.007682816854456956,-0.010285462666666675,0.002684687333333345,341.56
40.808,0.018038859923994958,0.008272816854456962,-0.010885462666666665,0.0033646873333333313,341.56
40.812,0.01777885992399492,0.008702816854456976,-0.011735462666666654,0.004134687333333324,341.56
40.816,0.017608859923994916,0.009212816854456959,-0.012415462666666668,0.004994687333333324,341.56
40.82,0.01726885992399491,0.009812816854456948,-0.013015462666666658,0.005674687333333338,341.56
40.824,0.016928859923994958,0.010322816854456959,-0.013615462666666675,0.006104687333333324,341.56
40.828,0.01658885992399495,0.010752816854456945,-0.014215462666666664,0.006784687333333338,341.56
40.832,0.016248859923994944,0.011182816854456986,-0.014805462666666672,0.007214687333333324,341.56
40.836,0.01607885992399494,0.011692816854456941,-0.015405462666666661,0.007554687333333331,341.56
40.84,0.015728859923994924,0.012122816854456982,-0.016175462666666654,0.007974687333333334,341.56
40.844,0.015478859923994953,0.01246281685445699,-0.01702546266666667,0.008404687333333348,341.56
40.848,0.01530885992399495,0.012712816854456962,-0.017795462666666664,0.00891468733333333,341.56
40.852,0.014968859923994942,0.013232816854456982,-0.018395462666666654,0.00951468733333332,341.56
40.856,0.014448859923994922,0.013652816854456958,-0.01899546266666667,0.009774687333333358,341.56
40.86,0.013768859923994908,0.014082816854456944,-0.01924546266666667,0.01011468733333331,341.56
40.864,0.013258859923994953,0.014512816854456986,-0.019425462666666657,0.010794687333333323,341.56
40.868,0.012828859923994912,0.014762816854456958,-0.019935462666666667,0.011304687333333334,341.56
40.872,0.012398859923994926,0.015112816854456975,-0.020615462666666654,0.011654687333333351,341.56
40.876,0.01197885992399495,0.015362816854456948,-0.021045462666666667,0.012074687333333327,341.56
40.88,0.011208859923994957,0.015702816854456954,-0.021385462666666674,0.012594687333333347,341.56
40.884,0.010438859923994908,0.01605281685445697,-0.021645462666666657,0.013014687333333323,341.56
40.888,0.009928859923994953,0.016222816854456975,-0.021985462666666664,0.01335468733333333,341.56
40.892,0.009328859923994908,0.016222816854456975,-0.02232546266666667,0.013614687333333313,341.56
40.896,0.008728859923994947,0.016472816854456947,-0.022665462666666678,0.013784687333333316,341.56
40.9,0.008048859923994933,0.016562816854456982,-0.022755462666666657,0.014124687333333323,341.56
40.904,0.0074488599239949434,0.016812816854456954,-0.023005462666666657,0.014554687333333309,341.56
40.908,0.006678859923994923,0.016982816854456958,-0.023095462666666663,0.01498468733333335,341.56
40.912,0.005998859923994937,0.01724281685445694,-0.023095462666666663,0.015404687333333326,341.56
40.916,0.005398859923994947,0.017332816854456975,-0.023095462666666663,0.01566468733333331,341.56
40.92,0.0046288599239949265,0.017412816854456944,-0.023005462666666657,0.015924687333333347,341.56
40.924,0.004038859923994947,0.01750281685445698,-0.023005462666666657,0.016264687333333354,341.56
40.928,0.0033488599239949227,0.017582816854456947,-0.023095462666666663,0.016434687333333357,341.56
40.932,0.00257885992399493,0.017582816854456947,-0.023005462666666657,0.01660468733333336,341.56
40.936,0.0017288599239949401,0.017582816854456947,-0.022755462666666657,0.016944687333333312,341.56
40.94,0.0008788599239949227,0.017582816854456947,-0.022665462666666678,0.017034687333333347,341.56
40.944,-6.114007600507365e-05,0.017332816854456975,-0.02232546266666667,0.017114687333333316,341.56
40.948,-0.0010911400760050768,0.017332816854456975,-0.021985462666666664,0.01728468733333332,341.56
40.952,-0.0019411400760050664,0.017412816854456944,-0.021555462666666678,0.017454687333333323,341.56
40.956,-0.0027111400760050594,0.017412816854456944,-0.021045462666666667,0.017544687333333357,341.56
40.96,-0.0035611400760050768,0.01716281685445697,-0.02070546266666666,0.01779468733333333,341.56
40.964,-0.004421140076005076,0.01690281685445699,-0.020185462666666668,0.01779468733333333,341.56
40.968,-0.005191140076005069,0.01690281685445699,-0.019765462666666664,0.01779468733333333,341.56
40.972,-0.005961140076005062,0.01690281685445699,-0.019425462666666657,0.01779468733333333,341.56
40.976,-0.006811140076005079,0.01690281685445699,-0.019075462666666668,0.01771468733333336,341.56
40.98,-0.007661140076005069,0.016732816854456985,-0.018565462666666657,0.017544687333333357,341.56
40.984,-0.008521140076005069,0.016472816854456947,-0.017965462666666668,0.017454687333333323,341.56
40.988,-0.009291140076005061,0.01639281685445698,-0.017455462666666657,0.017454687333333323,341.56
40.992,-0.009881140076005069,0.01613281685445694,-0.016855462666666668,0.017374687333333354,341.56
40.996,-0.010231140076005058,0.01605281685445697,-0.016175462666666654,0.01720468733333335,341.56
41.0,-0.010051140076005072,0.015702816854456954,-0.015575462666666665,0.017034687333333347,341.56
41.004,-0.009461140076005065,0.015452816854456982,-0.014895462666666678,0.016944687333333312,341.56
41.008,-0.010401140076005061,0.015192816854456944,-0.014215462666666664,0.01660468733333336,341.56
41.012,-0.011761140076005061,0.014852816854456937,-0.013615462666666675,0.016264687333333354,341.56
41.016,-0.013211140076005068,0.014422816854456951,-0.013015462666666658,0.01609468733333335,341.56
41.02,-0.014491140076005072,0.014172816854456979,-0.012415462666666668,0.015924687333333347,341.56
41.024,-0.015351140076005071,0.014002816854456975,-0.011565462666666679,0.015834687333333312,341.56
41.028,-0.01603114007600506,0.013652816854456958,-0.010965462666666662,0.015404687333333326,341.56
41.032,-0.016971140076005056,0.013312816854456951,-0.010285462666666675,0.01498468733333335,341.56
41.036,-0.017741140076005076,0.01280281685445694,-0.009175462666666676,0.014554687333333309,341.56
41.04,-0.018421140076005062,0.012372816854456955,-0.008315462666666676,0.014124687333333323,341.56
41.044,-0.01902114007600508,0.012122816854456982,-0.007725462666666668,0.013784687333333316,341.56
41.048,-0.019451140076005066,0.011952816854456979,-0.007295462666666654,0.01344468733333331,341.56
41.052,-0.019961140076005076,0.011602816854456962,-0.006955462666666675,0.013184687333333327,341.56
41.056,-0.02047114007600506,0.011092816854456952,-0.006615462666666668,0.01284468733333332,341.56
41.06,-0.021071140076005076,0.010492816854456962,-0.006185462666666654,0.012164687333333361,341.56
41.064,-0.02158114007600506,0.010322816854456959,-0.005755462666666668,0.011824687333333354,341.56
41.068,-0.022011140076005072,0.009812816854456948,-0.005335462666666665,0.011654687333333351,341.56
41.072,-0.02235114007600508,0.00913281685445699,-0.004905462666666679,0.011304687333333334,341.56
41.076,-0.022521140076005055,0.008452816854456976,-0.004475462666666665,0.010884687333333358,341.56
41.08,-0.022781140076005065,0.007932816854456955,-0.004055462666666661,0.010544687333333351,341.56
41.084,-0.022861140076005062,0.0075128168544569525,-0.0036254626666666753,0.01011468733333331,341.56
41.088,-0.023121140076005072,0.00699281685445696,-0.0031954626666666616,0.009684687333333324,341.56
41.092,-0.02320114007600507,0.006482816854456977,-0.0027654626666666756,0.009174687333333313,341.56
41.096,-0.023291140076005076,0.005972816854456967,-0.002345462666666672,0.008404687333333348,341.56
41.1,-0.02320114007600507,0.005802816854456963,-0.0019154626666666582,0.007974687333333334,341.56
41.104,-0.02320114007600507,0.00588281685445696,-0.00046546266666667915,0.007634687333333327,341.56
41.108,-0.023291140076005076,0.005972816854456967,0.003294537333333334,0.007294687333333348,341.56
41.112,-0.02320114007600507,0.00477281685445696,0.006024537333333344,0.006784687333333338,341.56
41.116,-0.02295114007600507,0.0038328168544569637,0.0053445373333333305,0.006014687333333345,341.56
41.12,-0.022861140076005062,0.002982816854456974,0.005424537333333327,0.005584687333333331,341.56
41.124,-0.022781140076005065,0.0022128168544569534,0.005854537333333341,0.005074687333333348,341.56
41.128,-0.022521140076005055,0.001612816854456964,0.006364537333333324,0.004304687333333328,341.56
41.132,-0.02235114007600508,0.0007628168544569742,0.007134537333333344,0.003884687333333324,341.56
41.136,-0.021921140076005066,-0.0002571831455430467,0.007734537333333334,0.003454687333333338,341.56
41.14,-0.021501140076005062,-0.0011171831455430463,0.00807453733333334,0.002854687333333321,341.56
41.144,-0.021071140076005076,-0.0017971831455430324,0.008504537333333353,0.002344687333333338,341.56
41.148,-0.02073114007600507,-0.0023971831455430496,0.009094537333333333,0.0019146873333333245,341.56
41.152,-0.020561140076005065,-0.0032471831455430393,0.009614537333333353,0.001314687333333335,341.56
41.156,-0.01987114007600507,-0.004017183145543032,0.010124537333333308,0.0007246873333333279,341.56
41.16,-0.019281140076005062,-0.004787183145543025,0.010464537333333315,3.468733333333168e-05,341.56
41.164,-0.01902114007600508,-0.0056371831455430425,0.010894537333333357,-0.000815312666666658,341.56
41.168,-0.018421140076005062,-0.006327183145543039,0.011314537333333333,-0.0013253126666666684,341.56
41.172,-0.01791114007600508,-0.006837183145543049,0.011744537333333319,-0.0017553126666666544,341.56
41.176,-0.017481140076005066,-0.007517183145543035,0.01217453733333336,-0.002265312666666665,341.56
41.18,-0.016971140076005056,-0.008457183145543033,0.012514537333333312,-0.002955312666666661,341.56
41.184,-0.016371140076005066,-0.009137183145543046,0.012944537333333353,-0.0034653126666666714,341.56
41.188,-0.01578114007600506,-0.009567183145543032,0.013454537333333308,-0.003885312666666675,341.56
41.192,-0.015091140076005061,-0.010507183145543029,0.01388453733333335,-0.004405312666666668,341.56
41.196,-0.014581140076005078,-0.01127718314554305,0.014224537333333356,-0.0048253126666666715,341.56
41.2,-0.013981140076005061,-0.01212718314554304,0.014474537333333329,-0.004995312666666675,341.56
41.204,-0.013381140076005072,-0.012647183145543032,0.014654537333333342,-0.005765312666666668,341.56
41.208,-0.012621140076005061,-0.013407183145543042,0.014904537333333315,-0.006705312666666664,341.56
41.212,-0.012021140076005072,-0.014177183145543035,0.015074537333333318,-0.007565312666666664,341.56
41.216,-0.011341140076005058,-0.014777183145543025,0.015164537333333353,-0.008245312666666678,341.56
41.22,-0.010911140076005072,-0.015377183145543042,0.015414537333333325,-0.00875531266666666,341.56
41.224,-0.010231140076005058,-0.01597718314554303,0.015674537333333308,-0.009355312666666678,341.56
41.228,-0.009541140076005062,-0.016737183145543042,0.01584453733333331,-0.010375312666666671,341.56
41.232,-0.008601140076005065,-0.017507183145543035,0.01610453733333335,-0.011145312666666664,341.56
41.236,-0.007921140076005079,-0.018027183145543028,0.01610453733333335,-0.011745312666666653,341.56
41.24,-0.007151140076005058,-0.018367183145543035,0.016274537333333353,-0.012515312666666674,341.56
41.244,-0.006211140076005062,-0.018877183145543045,0.016524537333333325,-0.013285312666666667,341.56
41.248,-0.005531140076005076,-0.01955718314554303,0.016524537333333325,-0.014135312666666656,341.56
41.252,-0.004671140076005076,-0.019987183145543045,0.01661453733333336,-0.01481531266666667,341.56
41.256,-0.0037411400760050625,-0.020327183145543024,0.016784537333333308,-0.01541531266666666,341.56
41.26,-0.002881140076005063,-0.020757183145543038,0.017044537333333346,-0.016185312666666653,341.56
41.264,-0.002451140076005077,-0.02117718314554304,0.017124537333333315,-0.016865312666666667,341.56
41.268,-0.0019411400760050664,-0.021607183145543028,0.017044537333333346,-0.017295312666666653,341.56
41.272,-0.0008311400760050666,-0.021867183145543038,0.017124537333333315,-0.017805312666666663,341.56
41.276,-0.0006611400760050631,-0.02203718314554304,0.017124537333333315,-0.01849531266666666,341.56
41.28,-0.0009211400760050733,-0.022297183145543024,0.017044537333333346,-0.018915312666666663,341.56
41.284,-0.0005811400760050663,-0.022547183145543024,0.01695453733333331,-0.019345312666666677,341.56
41.288,1.8859923994923086e-05,-0.022807183145543034,0.01669453733333333,-0.019775312666666663,341.56
41.292,0.0006188599239949403,-0.022807183145543034,0.01669453733333333,-0.020285312666666673,341.56
41.296,0.0012188599239949297,-0.02288718314554303,0.01669453733333333,-0.020625312666666652,341.56
41.3,0.0017288599239949401,-0.02314718314554304,0.01669453733333333,-0.020795312666666656,341.56
41.304,0.002158859923994926,-0.02314718314554304,0.016524537333333325,-0.021135312666666663,341.56
41.308,0.0027488599239949333,-0.023227183145543038,0.016274537333333353,-0.021395312666666673,341.56
41.312,0.0033488599239949227,-0.023227183145543038,0.016184537333333318,-0.021565312666666676,341.56
41.316,0.0037788599239949364,-0.022977183145543038,0.015934537333333346,-0.02182531266666666,341.56
41.32,0.004208859923994923,-0.02288718314554303,0.01584453733333331,-0.021995312666666662,341.56
41.324,0.004718859923994933,-0.022717183145543027,0.015764537333333342,-0.022245312666666663,341.56
41.328,0.005398859923994947,-0.022467183145543027,0.01550453733333336,-0.02233531266666667,341.56
41.332,0.006078859923994933,-0.022297183145543024,0.015334537333333356,-0.02233531266666667,341.56
41.336,0.006598859923994926,-0.021947183145543035,0.015074537333333318,-0.02233531266666667,341.56
41.34,0.0071088599239949365,-0.02152718314554303,0.014904537333333315,-0.02233531266666667,341.56
41.344,0.007538859923994922,-0.021357183145543027,0.014654537333333342,-0.022165312666666666,341.56
41.348,0.00787885992399493,-0.021097183145543045,0.014474537333333329,-0.021905312666666656,341.56
41.352,0.008218859923994936,-0.020757183145543038,0.014224537333333356,-0.021905312666666656,341.56
41.356,0.008648859923994922,-0.020247183145543027,0.014054537333333353,-0.02182531266666666,341.56
41.36,0.00923885992399493,-0.019647183145543038,0.013714537333333346,-0.02147531266666667,341.56
41.364,0.009838859923994919,-0.019217183145543024,0.013364537333333329,-0.021135312666666663,341.56
41.368,0.010008859923994922,-0.01870718314554304,0.013114537333333356,-0.02071531266666666,341.56
41.372,0.01034885992399493,-0.018277183145543028,0.012854537333333318,-0.020285312666666673,341.56
41.376,0.010778859923994915,-0.017597183145543042,0.012514537333333312,-0.019945312666666666,341.56
41.38,0.011118859923994922,-0.01708718314554303,0.01217453733333336,-0.019515312666666652,341.56
41.384,0.011548859923994908,-0.016487183145543042,0.01166453733333335,-0.019085312666666666,341.56
41.388,0.012058859923994919,-0.015547183145543046,0.011234537333333308,-0.018665312666666663,341.56
41.392,0.012398859923994926,-0.014947183145543028,0.010894537333333357,-0.01814531266666667,341.56
41.396,0.012828859923994912,-0.013927183145543035,0.01055453733333335,-0.01763531266666666,341.56
41.4,0.013258859923994953,-0.012897183145543032,0.010124537333333308,-0.01703531266666667,341.56
41.404,0.013678859923994929,-0.011537183145543032,0.009614537333333353,-0.016615312666666666,341.56
41.408,0.014028859923994946,-0.010507183145543029,0.009094537333333333,-0.01592531266666667,341.56
41.412,0.014448859923994922,-0.009487183145543036,0.008504537333333353,-0.015075312666666653,341.56
41.416,0.014968859923994942,-0.008207183145543032,0.00807453733333334,-0.01430531266666666,341.56
41.42,0.015388859923994918,-0.006837183145543049,0.00756453733333333,-0.013535312666666667,341.56
41.424,0.015728859923994924,-0.005557183145543046,0.0070545373333333475,-0.012685312666666677,341.56
41.428,0.015988859923994906,-0.004277183145543042,0.006534537333333327,-0.011405312666666674,341.56
41.432,0.016248859923994944,-0.002997183145543039,0.00645453733333333,-0.010295312666666674,341.56
41.436,0.016498859923994916,-0.0017171831455430357,0.006194537333333348,-0.010295312666666674,341.56
41.44,0.01658885992399495,-0.00043718314554303244,0.005424537333333327,-0.010035312666666664,341.56
41.444,0.016838859923994923,0.0008528168544569532,0.0045745373333333375,-0.009525312666666653,341.56
41.448,0.017008859923994927,0.0021328168544569566,0.0038945373333333236,-0.008845312666666667,341.56
41.452,0.017358859923994944,0.0028128168544569706,0.003034537333333324,-0.008245312666666678,341.56
41.456,0.01777885992399492,0.0017028168544569707,0.0021845373333333343,-0.007565312666666664,341.56
41.46,0.017868859923994954,8.281685445696025e-05,0.0014145373333333414,-0.007045312666666671,341.56
41.464,0.017868859923994954,-0.0003471831455430257,0.000564537333333324,-0.006285312666666661,341.56
41.468,0.018118859923994927,-8.718314554304323e-05,-3.546266666666544e-05,-0.0055953126666666644,341.56
41.472,0.01829885992399494,0.0005928168544569707,-0.00029546266666667566,-0.004995312666666675,341.56
41.476,0.018548859923994913,0.0011028168544569535,-0.0008954626666666651,-0.004065312666666661,341.56
41.48,0.018638859923994947,0.0014428168544569605,-0.0009754626666666618,-0.0031253126666666645,341.56
41.484,0.018548859923994913,0.0017828168544569674,-0.0008054626666666584,-0.002185312666666668,341.56
41.488,0.018548859923994913,0.00230281685445696,-0.00029546266666667566,-0.0010753126666666682,341.56
41.492,0.018638859923994947,0.002982816854456974,0.00013453733333333804,-0.0003053126666666753,341.56
41.496,0.018638859923994947,0.003752816854456967,-0.00020546266666666892,0.0002946873333333419,341.56
41.5,0.018638859923994947,0.004352816854456956,-0.002255462666666665,0.0007246873333333279,341.56
41.504,0.018548859923994913,0.00503281685445697,-0.004645462666666668,0.0011446873333333316,341.56
41.508,0.018468859923994944,0.0057128168544569565,-0.006095462666666675,0.0015746873333333453,341.56
41.512,0.018208859923994906,0.006312816854456974,-0.007125462666666678,0.002004687333333331,341.56
41.516,0.018038859923994958,0.00699281685445696,-0.00823546266666668,0.002424687333333335,341.56
41.52,0.017868859923994954,0.0074228168544569735,-0.009345462666666679,0.002854687333333321,341.56
41.524,0.018038859923994958,0.007762816854456953,-0.010285462666666675,0.0033646873333333313,341.56
41.528,0.017868859923994954,0.008362816854456969,-0.010885462666666665,0.003884687333333324,341.56
41.532,0.017868859923994954,0.008702816854456976,-0.011735462666666654,0.004474687333333331,341.56
41.536,0.01769885992399495,0.009042816854456955,-0.012415462666666668,0.005074687333333348,341.56
41.54,0.017358859923994944,0.009562816854456976,-0.013015462666666658,0.005674687333333338,341.56
41.544,0.017008859923994927,0.01024281685445699,-0.013615462666666675,0.006274687333333327,341.56
41.548,0.01666885992399492,0.010752816854456945,-0.014215462666666664,0.006614687333333334,341.56
41.552,0.016328859923994913,0.011182816854456986,-0.014895462666666678,0.007214687333333324,341.56
41.556,0.01607885992399494,0.011522816854456937,-0.015495462666666668,0.007724687333333334,341.56
41.56,0.015728859923994924,0.011952816854456979,-0.016175462666666654,0.007974687333333334,341.56
41.564,0.015388859923994918,0.012372816854456955,-0.01677546266666667,0.008494687333333355,341.56
41.568,0.014878859923994908,0.01280281685445694,-0.017545462666666664,0.009084687333333334,341.56
41.572,0.014538859923994956,0.013232816854456982,-0.01813546266666667,0.00951468733333332,341.56
41.576,0.014368859923994953,0.013652816854456958,-0.018655462666666664,0.009774687333333358,341.56
41.58,0.013938859923994911,0.014002816854456975,-0.01899546266666667,0.010284687333333313,341.56
41.584,0.013428859923994957,0.014342816854456982,-0.019425462666666657,0.010884687333333358,341.56
41.588,0.012918859923994946,0.014762816854456958,-0.01984546266666666,0.01122468733333331,341.56
41.592,0.01248885992399496,0.015192816854456944,-0.020185462666666668,0.011654687333333351,341.56
41.596,0.011888859923994915,0.015622816854456986,-0.020615462666666654,0.012074687333333327,341.56
41.6,0.011288859923994926,0.015962816854456937,-0.021045462666666667,0.012504687333333313,341.56
41.604,0.01086885992399495,0.01613281685445694,-0.021385462666666674,0.01284468733333332,341.56
41.608,0.01034885992399493,0.016302816854456944,-0.02181546266666666,0.013274687333333361,341.56
41.612,0.009668859923994915,0.016472816854456947,-0.02232546266666667,0.013704687333333347,341.56
41.616,0.009068859923994926,0.016562816854456982,-0.022665462666666678,0.014124687333333323,341.56
41.62,0.00838885992399494,0.016812816854456954,-0.022665462666666678,0.014554687333333309,341.56
41.624,0.007538859923994922,0.017072816854456937,-0.022755462666666657,0.014894687333333316,341.56
41.628,0.006678859923994923,0.017332816854456975,-0.023005462666666657,0.015324687333333357,341.56
41.632,0.00616885992399494,0.017332816854456975,-0.023095462666666663,0.01557468733333333,341.56
41.636,0.005488859923994926,0.017332816854456975,-0.023095462666666663,0.01557468733333333,341.56
41.64,0.00479885992399493,0.017412816854456944,-0.023095462666666663,0.015924687333333347,341.56
41.644,0.004288859923994947,0.017582816854456947,-0.023095462666666663,0.01609468733333335,341.56
41.648,0.0036888599239949297,0.01775281685445695,-0.023095462666666663,0.016264687333333354,341.56
41.652,0.0029288599239949468,0.01775281685445695,-0.023005462666666657,0.01668468733333333,341.56
41.656,0.002158859923994926,0.01775281685445695,-0.022835462666666653,0.017034687333333347,341.56
41.66,0.0013888599239949332,0.01775281685445695,-0.022665462666666678,0.017034687333333347,341.56
41.664,0.0004488599239949368,0.017672816854456982,-0.022405462666666667,0.017114687333333316,341.56
41.668,-0.0005811400760050663,0.017412816854456944,-0.02206546266666666,0.017374687333333354,341.56
41.672,-0.001431140076005056,0.017332816854456975,-0.021725462666666653,0.017454687333333323,341.56
41.676,-0.0022811400760050734,0.017332816854456975,-0.02121546266666667,0.017544687333333357,341.56
41.68,-0.0030511400760050663,0.017332816854456975,-0.021045462666666667,0.01779468733333333,341.56
41.684,-0.003991140076005062,0.01724281685445694,-0.020615462666666654,0.01779468733333333,341.56
41.688,-0.004851140076005062,0.01716281685445697,-0.019935462666666667,0.01779468733333333,341.56
41.692,-0.005611140076005073,0.01724281685445694,-0.019425462666666657,0.01779468733333333,341.56
41.696,-0.0063811400760050655,0.016982816854456958,-0.019075462666666668,0.01779468733333333,341.56
41.7,-0.007151140076005058,0.016732816854456985,-0.018565462666666657,0.01779468733333333,341.56
41.704,-0.008091140076005055,0.016562816854456982,-0.017795462666666664,0.01771468733333336,341.56
41.708,-0.008941140076005072,0.016472816854456947,-0.01737546266666666,0.017544687333333357,341.56
41.712,-0.009711140076005065,0.016222816854456975,-0.016945462666666675,0.017454687333333323,341.56
41.716,-0.010311140076005055,0.01613281685445694,-0.016345462666666657,0.01728468733333332,341.56
41.72,-0.010141140076005079,0.015872816854456958,-0.015745462666666668,0.017034687333333347,341.56
41.724,-0.009881140076005069,0.015622816854456986,-0.014985462666666657,0.016944687333333312,341.56
41.728,-0.010231140076005058,0.015282816854456979,-0.014295462666666661,0.01668468733333333,341.56
41.732,-0.011341140076005058,0.014852816854456937,-0.013615462666666675,0.01660468733333336,341.56
41.736,-0.012871140076005061,0.014512816854456986,-0.013015462666666658,0.016344687333333323,341.56
41.74,-0.014151140076005065,0.014422816854456951,-0.012415462666666668,0.01609468733333335,341.56
41.744,-0.015011140076005064,0.014002816854456975,-0.011565462666666679,0.015754687333333343,341.56
41.748,-0.01569114007600508,0.01357281685445699,-0.010965462666666662,0.015404687333333326,341.56
41.752,-0.016631140076005076,0.013312816854456951,-0.010285462666666675,0.01506468733333332,341.56
41.756,-0.017311140076005063,0.012972816854456944,-0.009175462666666676,0.014894687333333316,341.56
41.76,-0.017821140076005073,0.01280281685445694,-0.008405462666666655,0.014644687333333344,341.56
41.764,-0.018421140076005062,0.01246281685445699,-0.007725462666666668,0.014384687333333361,341.56
41.768,-0.01902114007600508,0.012122816854456982,-0.0067854626666666714,0.01387468733333335,341.56
41.772,-0.019451140076005066,0.011602816854456962,-0.005925462666666672,0.013704687333333347,341.56
41.776,-0.020041140076005073,0.011092816854456952,-0.005165462666666661,0.01335468733333333,341.56
41.78,-0.020641140076005062,0.010672816854456976,-0.004395462666666668,0.012934687333333354,341.56
41.784,-0.021151140076005073,0.010322816854456959,-0.003455462666666672,0.012594687333333347,341.56
41.788,-0.02158114007600506,0.009982816854456952,-0.0025154626666666754,0.012164687333333361,341.56
41.792,-0.021921140076005066,0.009472816854456941,-0.001575462666666679,0.011654687333333351,341.56
41.796,-0.022181140076005076,0.008792816854456983,-0.0006354626666666549,0.01113468733333333,341.56
41.8,-0.022441140076005058,0.008102816854456959,0.0003045373333333415,0.010544687333333351,341.56
41.804,-0.022521140076005055,0.0075128168544569525,0.001244537333333338,0.01011468733333331,341.56
41.808,-0.022781140076005065,0.007082816854456967,0.0021845373333333343,0.009684687333333324,341.56
41.812,-0.022781140076005065,0.006652816854456953,0.0031245373333333307,0.009264687333333348,341.56
41.816,-0.022781140076005065,0.00614281685445697,0.004064537333333327,0.008744687333333327,341.56
41.82,-0.022781140076005065,0.00563281685445696,0.0050045373333333235,0.008154687333333348,341.56
41.824,-0.022781140076005065,0.005542816854456953,0.005944537333333348,0.007634687333333327,341.56
41.828,-0.02269114007600506,0.005462816854456956,0.00645453733333333,0.007124687333333345,341.56
41.832,-0.02269114007600506,0.004862816854456967,0.005944537333333348,0.006694687333333331,341.56
41.836,-0.022781140076005065,0.0038328168544569637,0.0053445373333333305,0.006104687333333324,341.56
41.84,-0.02269114007600506,0.003072816854456953,0.005424537333333327,0.005674687333333338,341.56
41.844,-0.022441140076005058,0.0024728168544569636,0.006024537333333344,0.005164687333333327,341.56
41.848,-0.022271140076005055,0.0017828168544569674,0.006364537333333324,0.004564687333333338,341.56
41.852,-0.022181140076005076,0.0010228168544569568,0.006874537333333334,0.0039646873333333485,341.56
41.856,-0.022011140076005072,0.000162816854456957,0.00756453733333333,0.003534687333333335,341.56
41.86,-0.02158114007600506,-0.0006871831455430327,0.008164537333333347,0.0030246873333333243,341.56
41.864,-0.021151140076005073,-0.0015471831455430322,0.00884453733333336,0.0022546873333333314,341.56
41.868,-0.020901140076005072,-0.0023971831455430496,0.009274537333333346,0.0018346873333333277,341.56
41.872,-0.02073114007600507,-0.0031671831455430425,0.009614537333333353,0.0014046873333333418,341.56
41.876,-0.020391140076005062,-0.0039371831455430354,0.01003453733333333,0.0007246873333333279,341.56
41.88,-0.019701140076005066,-0.004617183145543049,0.010464537333333315,-0.0001353126666666718,341.56
41.884,-0.01876114007600507,-0.005217183145543039,0.010804537333333322,-0.0009853126666666615,341.56
41.888,-0.018421140076005062,-0.0060671831455430284,0.011234537333333308,-0.001495312666666672,341.56
41.892,-0.01825114007600506,-0.006917183145543046,0.011744537333333319,-0.0020153126666666646,341.56
41.896,-0.017741140076005076,-0.007687183145543039,0.01217453733333336,-0.002265312666666665,341.56
41.9,-0.01714114007600506,-0.008377183145543036,0.012514537333333312,-0.0027753126666666753,341.56
41.904,-0.016711140076005073,-0.008967183145543043,0.012854537333333318,-0.0034653126666666714,341.56
41.908,-0.016201140076005063,-0.009737183145543036,0.01328453733333336,-0.004145312666666658,341.56
41.912,-0.015431140076005068,-0.010507183145543029,0.013794537333333315,-0.004745312666666675,341.56
41.916,-0.01484114007600506,-0.011187183145543043,0.014224537333333356,-0.005515312666666668,341.56
41.92,-0.014241140076005071,-0.011787183145543032,0.01439453733333336,-0.006285312666666661,341.56
41.924,-0.013731140076005061,-0.012647183145543032,0.014564537333333308,-0.006875312666666668,341.56
41.928,-0.013131140076005072,-0.013407183145543042,0.01499453733333335,-0.007565312666666664,341.56
41.932,-0.012531140076005054,-0.014097183145543039,0.015334537333333356,-0.008155312666666671,341.56
41.936,-0.011761140076005061,-0.014697183145543028,0.01550453733333336,-0.008585312666666657,341.56
41.94,-0.011161140076005072,-0.015377183145543042,0.015764537333333342,-0.009265312666666671,341.56
41.944,-0.010481140076005058,-0.01597718314554303,0.015764537333333342,-0.009785312666666664,341.56
41.948,-0.009971140076005075,-0.01656718314554304,0.01584453733333331,-0.01012531266666667,341.56
41.952,-0.009111140076005076,-0.017167183145543028,0.01610453733333335,-0.010805312666666657,341.56
41.956,-0.008431140076005062,-0.017767183145543045,0.01610453733333335,-0.011745312666666653,341.56
41.96,-0.007751140076005076,-0.018277183145543028,0.016274537333333353,-0.012685312666666677,341.56
41.964,-0.006981140076005055,-0.01878718314554304,0.016524537333333325,-0.013285312666666667,341.56
41.968,-0.006301140076005069,-0.019387183145543028,0.01661453733333336,-0.01405531266666666,341.56
41.972,-0.005191140076005069,-0.019987183145543045,0.01669453733333333,-0.014645312666666667,341.56
41.976,-0.0042511400760050725,-0.02041718314554303,0.01695453733333331,-0.015335312666666663,341.56
41.98,-0.0038211400760050592,-0.020757183145543038,0.01695453733333331,-0.016185312666666653,341.56
41.984,-0.003141140076005073,-0.021007183145543038,0.01695453733333331,-0.016865312666666667,341.56
41.988,-0.002031140076005073,-0.02117718314554304,0.01695453733333331,-0.017295312666666653,341.56
41.992,-0.0009211400760050733,-0.02152718314554303,0.01695453733333331,-0.017725312666666666,341.56
41.996,-0.0010911400760050768,-0.02203718314554304,0.01695453733333331,-0.018325312666666656,341.56
42.0,-0.0012611400760050803,-0.022377183145543048,0.017044537333333346,-0.018915312666666663,341.56
42.004,-0.0010911400760050768,-0.022547183145543024,0.017124537333333315,-0.019435312666666656,341.56
42.008,-0.0005811400760050663,-0.022807183145543034,0.01695453733333331,-0.019945312666666666,341.56
42.012,0.00018885992399492657,-0.022807183145543034,0.01669453733333333,-0.02036531266666667,341.56
42.016,0.0007888599239949438,-0.022977183145543038,0.01669453733333333,-0.02071531266666666,341.56
42.02,0.0013888599239949332,-0.023227183145543038,0.01669453733333333,-0.02096531266666666,341.56
42.024,0.0020688599239949194,-0.023227183145543038,0.016524537333333325,-0.02122531266666667,341.56
42.028,0.00257885992399493,-0.023227183145543038,0.016274537333333353,-0.02147531266666667,341.56
42.032,0.0030988599239949225,-0.022977183145543038,0.016184537333333318,-0.021565312666666676,341.56
42.036,0.003518859923994926,-0.02288718314554303,0.016184537333333318,-0.02182531266666666,341.56
42.04,0.004118859923994944,-0.02288718314554303,0.015934537333333346,-0.021905312666666656,341.56
42.044,0.004718859923994933,-0.022717183145543027,0.015674537333333308,-0.022165312666666666,341.56
42.048,0.005398859923994947,-0.022377183145543048,0.01550453733333336,-0.022245312666666663,341.56
42.052,0.00590885992399493,-0.022207183145543045,0.01550453733333336,-0.022245312666666663,341.56
42.056,0.0064288599239949226,-0.02203718314554304,0.01499453733333335,-0.022245312666666663,341.56
42.06,0.00701885992399493,-0.021607183145543028,0.014654537333333342,-0.022245312666666663,341.56
42.064,0.0074488599239949434,-0.02117718314554304,0.014564537333333308,-0.022245312666666663,341.56
42.068,0.007958859923994926,-0.020757183145543038,0.014304537333333325,-0.022165312666666666,341.56
42.072,0.00838885992399494,-0.020327183145543024,0.014224537333333356,-0.021995312666666662,341.56
42.076,0.008648859923994922,-0.019987183145543045,0.014054537333333353,-0.021735312666666652,341.56
42.08,0.00923885992399493,-0.01955718314554303,0.013714537333333346,-0.021395312666666673,341.56
42.084,0.00975885992399495,-0.019137183145543028,0.013364537333333329,-0.021135312666666663,341.56
42.088,0.010008859923994922,-0.01870718314554304,0.012854537333333318,-0.02096531266666666,341.56
42.092,0.01034885992399493,-0.018277183145543028,0.012424537333333333,-0.020625312666666652,341.56
42.096,0.010778859923994915,-0.017767183145543045,0.012084537333333326,-0.020285312666666673,341.56
42.1,0.011208859923994957,-0.01708718314554303,0.011744537333333319,-0.01985531266666666,341.56
42.104,0.011628859923994933,-0.016487183145543042,0.011404537333333312,-0.019345312666666677,341.56
42.108,0.012058859923994919,-0.015807183145543028,0.010974537333333326,-0.01874531266666666,341.56
42.112,0.01248885992399496,-0.014947183145543028,0.010464537333333315,-0.018235312666666677,341.56
42.116,0.012828859923994912,-0.014007183145543032,0.01003453733333333,-0.01789531266666667,341.56
42.12,0.013258859923994953,-0.013067183145543036,0.009614537333333353,-0.01738531266666666,341.56
42.124,0.013768859923994908,-0.011617183145543029,0.009184537333333312,-0.016695312666666663,341.56
42.128,0.01419885992399495,-0.010847183145543036,0.00884453733333336,-0.016105312666666656,341.56
42.132,0.014538859923994956,-0.010077183145543043,0.008414537333333347,-0.01541531266666666,341.56
42.136,0.014968859923994942,-0.009227183145543025,0.007904537333333336,-0.014645312666666667,341.56
42.14,0.015388859923994918,-0.008287183145543029,0.007304537333333348,-0.013535312666666667,341.56
42.144,0.015728859923994924,-0.0074371831455430385,0.006794537333333337,-0.012685312666666677,341.56
42.148,0.01607885992399494,-0.006497183145543042,0.006284537333333327,-0.01183531266666666,341.56
42.152,0.016418859923994947,-0.0056371831455430425,0.005854537333333341,-0.010805312666666657,341.56
42.156,0.01666885992399492,-0.004787183145543025,0.005764537333333334,-0.00986531266666666,341.56
42.16,0.016928859923994958,-0.0039371831455430354,0.005424537333333327,-0.009095312666666668,341.56
42.164,0.016928859923994958,-0.003077183145543036,0.004654537333333334,-0.008325312666666675,341.56
42.168,0.017008859923994927,-0.002227183145543046,0.0038945373333333236,-0.007815312666666664,341.56
42.172,0.017358859923994944,-0.0013671831455430465,0.0031245373333333307,-0.007565312666666664,341.56
42.176,0.017608859923994916,-0.0009471831455430429,0.0021845373333333343,-0.007215312666666675,341.56
42.18,0.017868859923994954,-0.001197183145543043,0.0011545373333333312,-0.006795312666666671,341.56
42.184,0.018118859923994927,-0.0007771831455430394,0.000564537333333324,-0.006195312666666654,341.56
42.188,0.018118859923994927,-8.718314554304323e-05,-0.00020546266666666892,-0.005085312666666654,341.56
42.192,0.01829885992399494,0.00025281685445696373,-0.0008054626666666584,-0.004315312666666661,341.56
42.196,0.018548859923994913,0.0009328168544569499,-0.0011454626666666653,-0.0037153126666666716,341.56
42.2,0.018638859923994947,0.0015328168544569672,-0.0016554626666666758,-0.0027753126666666753,341.56
42.204,0.018548859923994913,0.0017828168544569674,-0.0018354626666666615,-0.0015853126666666786,341.56
42.208,0.018638859923994947,0.00230281685445696,-0.0020854626666666617,-0.0005553126666666755,341.56
42.212,0.018548859923994913,0.0029028168544569773,-0.0018354626666666615,0.0004646873333333454,341.56
42.216,0.018638859923994947,0.00341281685445696,-0.0013154626666666688,0.0016646873333333242,341.56
42.22,0.018638859923994947,0.004182816854456953,-0.0024254626666666687,0.002774687333333324,341.56
42.224,0.018548859923994913,0.004862816854456967,-0.004135462666666658,0.0032846873333333346,341.56
42.228,0.018468859923994944,0.005462816854456956,-0.005755462666666668,0.0036246873333333415,341.56
42.232,0.018208859923994906,0.00614281685445697,-0.007205462666666675,0.003884687333333324,341.56
42.236,0.01829885992399494,0.00674281685445696,-0.008315462666666676,0.004134687333333324,341.56
42.24,0.018468859923994944,0.007342816854456977,-0.009255462666666672,0.0043946873333333344,341.56
42.244,0.01829885992399494,0.0075128168544569525,-0.010195462666666669,0.004644687333333335,341.56
42.248,0.018038859923994958,0.008102816854456959,-0.010885462666666665,0.004904687333333345,341.56
42.252,0.01777885992399492,0.008702816854456976,-0.011565462666666679,0.005164687333333327,341.56
42.256,0.01769885992399495,0.00913281685445699,-0.012075462666666661,0.005504687333333334,341.56
42.26,0.01726885992399491,0.009562816854456976,-0.012765462666666658,0.005844687333333341,341.56
42.264,0.016928859923994958,0.009982816854456952,-0.013525462666666668,0.006184687333333348,341.56
42.268,0.016838859923994923,0.010672816854456976,-0.014125462666666658,0.006694687333333331,341.56
42.272,0.01658885992399495,0.011092816854456952,-0.014805462666666672,0.007384687333333327,341.56
42.276,0.01607885992399494,0.011522816854456937,-0.015325462666666664,0.007634687333333327,341.56
42.28,0.015648859923994955,0.012032816854456948,-0.01591546266666667,0.008064687333333341,341.56
42.284,0.01530885992399495,0.01246281685445699,-0.01651546266666666,0.008574687333333324,341.56
42.288,0.014968859923994942,0.01280281685445694,-0.017205462666666657,0.009174687333333313,341.56
42.292,0.014538859923994956,0.013232816854456982,-0.018055462666666675,0.00951468733333332,341.56
42.296,0.014028859923994946,0.013652816854456958,-0.01848546266666666,0.009854687333333327,341.56
42.3,0.013678859923994929,0.014002816854456975,-0.018825462666666667,0.010454687333333317,341.56
42.304,0.01359885992399496,0.014422816854456951,-0.019165462666666674,0.010884687333333358,341.56
42.308,0.013258859923994953,0.014852816854456937,-0.019765462666666664,0.01122468733333331,341.56
42.312,0.012738859923994933,0.015282816854456979,-0.020275462666666674,0.01173468733333332,341.56
42.316,0.012148859923994953,0.015622816854456986,-0.02070546266666666,0.012164687333333361,341.56
42.32,0.011628859923994933,0.01579281685445699,-0.021045462666666667,0.012594687333333347,341.56
42.324,0.011038859923994953,0.01605281685445697,-0.021385462666666674,0.013274687333333361,341.56
42.328,0.010438859923994908,0.01613281685445694,-0.021645462666666657,0.013784687333333316,341.56
42.332,0.009928859923994953,0.016222816854456975,-0.021985462666666664,0.014124687333333323,341.56
42.336,0.00923885992399493,0.016562816854456982,-0.02232546266666667,0.014214687333333358,341.56
42.34,0.00838885992399494,0.016812816854456954,-0.022585462666666653,0.014554687333333309,341.56
42.344,0.00787885992399493,0.01690281685445699,-0.022665462666666678,0.01498468733333335,341.56
42.348,0.007188859923994933,0.017072816854456937,-0.022835462666666653,0.015494687333333361,341.56
42.352,0.0063388599239949436,0.017332816854456975,-0.023095462666666663,0.015924687333333347,341.56
42.356,0.005488859923994926,0.017332816854456975,-0.023095462666666663,0.016264687333333354,341.56
42.36,0.004888859923994937,0.017412816854456944,-0.023095462666666663,0.016344687333333323,341.56
42.364,0.004378859923994926,0.017582816854456947,-0.023005462666666657,0.016344687333333323,341.56
42.368,0.004118859923994944,0.01775281685445695,-0.023005462666666657,0.01660468733333336,341.56
42.372,0.003268859923994926,0.01775281685445695,-0.022835462666666653,0.01668468733333333,341.56
42.376,0.002498859923994933,0.01775281685445695,-0.022665462666666678,0.016944687333333312,341.56
42.38,0.0017288599239949401,0.01775281685445695,-0.022405462666666667,0.017114687333333316,341.56
42.384,0.0009588599239949195,0.017672816854456982,-0.022235462666666664,0.017374687333333354,341.56
42.388,0.00018885992399492657,0.017582816854456947,-0.021895462666666657,0.017544687333333357,341.56
42.392,-0.0007511400760050698,0.017412816854456944,-0.021555462666666678,0.01779468733333333,341.56
42.396,-0.0016011400760050595,0.017412816854456944,-0.021385462666666674,0.01779468733333333,341.56
42.4,-0.0026311400760050626,0.017412816854456944,-0.02095546266666666,0.01779468733333333,341.56
42.404,-0.00348114007600508,0.017332816854456975,-0.02070546266666666,0.01788468733333331,341.56
42.408,-0.004331140076005069,0.017412816854456944,-0.02010546266666667,0.017974687333333343,341.56
42.412,-0.005191140076005069,0.01724281685445694,-0.019505462666666654,0.017974687333333343,341.56
42.416,-0.005961140076005062,0.016982816854456958,-0.019075462666666668,0.01788468733333331,341.56
42.42,-0.006891140076005076,0.016982816854456958,-0.018655462666666664,0.01788468733333331,341.56
42.424,-0.007661140076005069,0.01690281685445699,-0.018055462666666675,0.01788468733333331,341.56
42.428,-0.008521140076005069,0.01664281685445695,-0.017455462666666657,0.01771468733333336,341.56
42.432,-0.009371140076005058,0.016472816854456947,-0.016855462666666668,0.017454687333333323,341.56
42.436,-0.010051140076005072,0.01605281685445697,-0.01626546266666666,0.017454687333333323,341.56
42.44,-0.010401140076005061,0.015702816854456954,-0.01566546266666667,0.017374687333333354,341.56
42.444,-0.009801140076005072,0.015532816854456951,-0.014985462666666657,0.01720468733333335,341.56
42.448,-0.008771140076005069,0.015192816854456944,-0.014385462666666668,0.017034687333333347,341.56
42.452,-0.010481140076005058,0.014942816854456972,-0.013785462666666679,0.01668468733333333,341.56
42.456,-0.012531140076005054,0.014852816854456937,-0.013275462666666668,0.016434687333333357,341.56
42.46,-0.013731140076005061,0.014512816854456986,-0.012415462666666668,0.01617468733333332,341.56
42.464,-0.01484114007600506,0.014002816854456975,-0.011735462666666654,0.015834687333333312,341.56
42.468,-0.01578114007600506,0.01357281685445699,-0.011135462666666665,0.015494687333333361,341.56
42.472,-0.016631140076005076,0.013312816854456951,-0.010285462666666675,0.015404687333333326,341.56
42.476,-0.017311140076005063,0.013142816854456948,-0.009345462666666679,0.015324687333333357,341.56
42.48,-0.01791114007600508,0.01280281685445694,-0.008745462666666662,0.014894687333333316,341.56
42.484,-0.018681140076005073,0.01246281685445699,-0.008065462666666676,0.01446468733333333,341.56
42.488,-0.019281140076005062,0.012032816854456948,-0.007125462666666678,0.014044687333333354,341.56
42.492,-0.019961140076005076,0.011602816854456962,-0.005925462666666672,0.013524687333333334,341.56
42.496,-0.020641140076005062,0.011092816854456952,-0.004735462666666675,0.01335468733333333,341.56
42.5,-0.021151140076005073,0.010672816854456976,-0.0037954626666666788,0.013014687333333323,341.56
42.504,-0.02158114007600506,0.010322816854456959,-0.0027654626666666756,0.012504687333333313,341.56
42.508,-0.022011140076005072,0.009982816854456952,-0.0016554626666666758,0.012074687333333327,341.56
42.512,-0.02235114007600508,0.009562816854456976,-0.00046546266666667915,0.01173468733333332,341.56
42.516,-0.022441140076005058,0.009042816854456955,0.0007345373333333275,0.011304687333333334,341.56
42.52,-0.022781140076005065,0.008272816854456962,0.001924537333333324,0.010714687333333354,341.56
42.524,-0.023121140076005072,0.0075128168544569525,0.0031245373333333307,0.01011468733333331,341.56
42.528,-0.02320114007600507,0.007082816854456967,0.004314537333333327,0.009684687333333324,341.56
42.532,-0.02320114007600507,0.00674281685445696,0.005514537333333334,0.009264687333333348,341.56
42.536,-0.023381140076005055,0.006232816854456977,0.0067045373333333306,0.008744687333333327,341.56
42.54,-0.023631140076005055,0.00563281685445696,0.007644537333333327,0.008234687333333345,341.56
42.544,-0.023631140076005055,0.00563281685445696,0.00807453733333334,0.007634687333333327,341.56
42.548,-0.023551140076005058,0.00563281685445696,0.007734537333333334,0.007294687333333348,341.56
42.552,-0.023291140076005076,0.004692816854456963,0.006284537333333327,0.006784687333333338,341.56
42.556,-0.02320114007600507,0.0038328168544569637,0.0053445373333333305,0.006104687333333324,341.56
42.56,-0.023291140076005076,0.003072816854456953,0.0053445373333333305,0.005584687333333331,341.56
42.564,-0.02320114007600507,0.0024728168544569636,0.005854537333333341,0.005074687333333348,341.56
42.568,-0.02295114007600507,0.0017828168544569674,0.00645453733333333,0.004644687333333335,341.56
42.572,-0.02269114007600506,0.0010228168544569568,0.007134537333333344,0.0040546873333333275,341.56
42.576,-0.02235114007600508,0.00025281685445696373,0.00756453733333333,0.003534687333333335,341.56
42.58,-0.022011140076005072,-0.0003471831455430257,0.00807453733333334,0.0029446873333333276,341.56
42.584,-0.02158114007600506,-0.0014571831455430255,0.008754537333333326,0.002344687333333338,341.56
42.588,-0.021151140076005073,-0.002307183145543043,0.009184537333333312,0.0018346873333333277,341.56
42.592,-0.020811140076005066,-0.0031671831455430425,0.009614537333333353,0.0011446873333333316,341.56
42.596,-0.020391140076005062,-0.004017183145543032,0.01003453733333333,0.0005546873333333244,341.56
42.6,-0.01987114007600507,-0.004787183145543025,0.01055453733333335,-0.0001353126666666718,341.56
42.604,-0.019451140076005066,-0.005387183145543042,0.01106453733333336,-0.000815312666666658,341.56
42.608,-0.018931140076005073,-0.006157183145543035,0.01166453733333335,-0.0014153126666666752,341.56
42.612,-0.018341140076005066,-0.006917183145543046,0.01217453733333336,-0.0020953126666666613,341.56
42.616,-0.01791114007600508,-0.007687183145543039,0.012514537333333312,-0.0024353126666666683,341.56
42.62,-0.01740114007600507,-0.008377183145543036,0.012854537333333318,-0.0030353126666666577,341.56
42.624,-0.016711140076005073,-0.008967183145543043,0.013114537333333356,-0.003545312666666668,341.56
42.628,-0.016121140076005066,-0.009737183145543036,0.013364537333333329,-0.004315312666666661,341.56
42.632,-0.015431140076005068,-0.010427183145543032,0.013794537333333315,-0.005085312666666654,341.56
42.636,-0.014921140076005058,-0.011107183145543046,0.014224537333333356,-0.005685312666666671,341.56
42.64,-0.014241140076005071,-0.011787183145543032,0.014564537333333308,-0.006365312666666657,341.56
42.644,-0.013731140076005061,-0.012557183145543025,0.014824537333333346,-0.0069653126666666745,341.56
42.648,-0.013131140076005072,-0.013237183145543039,0.015074537333333318,-0.007565312666666664,341.56
42.652,-0.012531140076005054,-0.013837183145543028,0.015414537333333325,-0.008325312666666675,341.56
42.656,-0.011761140076005061,-0.014697183145543028,0.015674537333333308,-0.008675312666666664,341.56
42.66,-0.011081140076005075,-0.015377183145543042,0.015764537333333342,-0.008925312666666664,341.56
42.664,-0.010311140076005055,-0.01597718314554303,0.01584453733333331,-0.00961531266666666,341.56
42.668,-0.009881140076005069,-0.01656718314554304,0.015934537333333346,-0.010555312666666657,341.56
42.672,-0.009111140076005076,-0.017167183145543028,0.016184537333333318,-0.01148531266666667,341.56
42.676,-0.008431140076005062,-0.017847183145543042,0.016274537333333353,-0.01208531266666666,341.56
42.68,-0.007581140076005072,-0.018367183145543035,0.016524537333333325,-0.012775312666666656,341.56
42.684,-0.006641140076005076,-0.01878718314554304,0.01661453733333336,-0.013365312666666664,341.56
42.688,-0.005781140076005076,-0.01930718314554303,0.01669453733333333,-0.014225312666666663,341.56
42.692,-0.005191140076005069,-0.01981718314554304,0.01695453733333331,-0.01481531266666667,341.56
42.696,-0.004331140076005069,-0.02015718314554305,0.01695453733333331,-0.015505312666666667,341.56
42.7,-0.0036511400760050557,-0.02066718314554303,0.01695453733333331,-0.016355312666666656,341.56
42.704,-0.0030511400760050663,-0.02092718314554304,0.017044537333333346,-0.016955312666666673,341.56
42.708,-0.002031140076005073,-0.02126718314554305,0.017124537333333315,-0.017555312666666663,341.56
42.712,-0.0008311400760050666,-0.021607183145543028,0.017044537333333346,-0.01814531266666667,341.56
42.716,-0.0007511400760050698,-0.021947183145543035,0.017044537333333346,-0.018575312666666656,341.56
42.72,-0.0008311400760050666,-0.022207183145543045,0.017044537333333346,-0.01900531266666667,341.56
42.724,-0.0008311400760050666,-0.022297183145543024,0.017044537333333346,-0.019435312666666656,341.56
42.728,-0.0004911400760050596,-0.022467183145543027,0.01695453733333331,-0.01985531266666666,341.56
42.732,0.0004488599239949368,-0.022717183145543027,0.01669453733333333,-0.020195312666666666,341.56
42.736,0.001128859923994923,-0.022807183145543034,0.01669453733333333,-0.020625312666666652,341.56
42.74,0.0018088599239949369,-0.022807183145543034,0.01669453733333333,-0.021135312666666663,341.56
42.744,0.002238859923994923,-0.022807183145543034,0.016524537333333325,-0.02147531266666667,341.56
42.748,0.0026688599239949365,-0.022807183145543034,0.016274537333333353,-0.021565312666666676,341.56
42.752,0.003268859923994926,-0.022807183145543034,0.01610453733333335,-0.02182531266666666,341.56
42.756,0.003858859923994933,-0.022807183145543034,0.01584453733333331,-0.02182531266666666,341.56
42.76,0.004378859923994926,-0.022717183145543027,0.01584453733333331,-0.021905312666666656,341.56
42.764,0.004718859923994933,-0.022467183145543027,0.015764537333333342,-0.022165312666666666,341.56
42.768,0.005568859923994923,-0.022377183145543048,0.01550453733333336,-0.022245312666666663,341.56
42.772,0.006258859923994947,-0.022117183145543038,0.015414537333333325,-0.022245312666666663,341.56
42.776,0.006598859923994926,-0.021947183145543035,0.015074537333333318,-0.022245312666666663,341.56
42.78,0.0067688599239949295,-0.021607183145543028,0.014734537333333311,-0.022245312666666663,341.56
42.784,0.0071088599239949365,-0.02117718314554304,0.014654537333333342,-0.022245312666666663,341.56
42.788,0.007618859923994947,-0.020837183145543035,0.014474537333333329,-0.022165312666666666,341.56
42.792,0.008048859923994933,-0.02041718314554303,0.014134537333333322,-0.021995312666666662,341.56
42.796,0.008478859923994947,-0.019987183145543045,0.01388453733333335,-0.02182531266666666,341.56
42.8,0.00915885992399496,-0.019647183145543038,0.013714537333333346,-0.02147531266666667,341.56
42.804,0.00975885992399495,-0.019217183145543024,0.013364537333333329,-0.02122531266666667,341.56
42.808,0.010008859923994922,-0.018617183145543035,0.012944537333333353,-0.02096531266666666,341.56
42.812,0.01034885992399493,-0.018027183145543028,0.012514537333333312,-0.020625312666666652,341.56
42.816,0.010698859923994946,-0.017597183145543042,0.012084537333333326,-0.020285312666666673,341.56
42.82,0.011208859923994957,-0.017167183145543028,0.011744537333333319,-0.019775312666666663,341.56
42.824,0.011628859923994933,-0.01656718314554304,0.011314537333333333,-0.019085312666666666,341.56
42.828,0.012058859923994919,-0.015807183145543028,0.010894537333333357,-0.018665312666666663,341.56
42.832,0.01248885992399496,-0.014947183145543028,0.010464537333333315,-0.018325312666666656,341.56
42.836,0.012828859923994912,-0.014007183145543032,0.01003453733333333,-0.017725312666666666,341.56
42.84,0.013258859923994953,-0.013157183145543042,0.009694537333333322,-0.01703531266666667,341.56
42.844,0.013678859923994929,-0.012557183145543025,0.009274537333333346,-0.01652531266666666,341.56
42.848,0.014108859923994915,-0.011617183145543029,0.00884453733333336,-0.016105312666666656,341.56
42.852,0.014538859923994956,-0.010847183145543036,0.008414537333333347,-0.015335312666666663,341.56
42.856,0.014878859923994908,-0.010597183145543036,0.00781453733333333,-0.014475312666666663,341.56
42.86,0.01530885992399495,-0.010257183145543029,0.007224537333333323,-0.013795312666666677,341.56
42.864,0.015728859923994924,-0.00990718314554304,0.006794537333333337,-0.013115312666666663,341.56
42.868,0.015988859923994906,-0.009487183145543036,0.006364537333333324,-0.012255312666666664,341.56
42.872,0.016248859923994944,-0.009137183145543046,0.005944537333333348,-0.011405312666666674,341.56
42.876,0.01658885992399495,-0.00879718314554304,0.005684537333333337,-0.010555312666666657,341.56
42.88,0.016838859923994923,-0.008457183145543033,0.005254537333333324,-0.009695312666666657,341.56
42.884,0.016928859923994958,-0.008117183145543026,0.0045745373333333375,-0.008845312666666667,341.56
42.888,0.017008859923994927,-0.007177183145543028,0.004234537333333331,-0.008075312666666674,341.56
42.892,0.01726885992399491,-0.004697183145543046,0.003634537333333341,-0.007475312666666657,341.56
42.896,0.017438859923994913,-0.002307183145543043,0.0029545373333333272,-0.0069653126666666745,341.56
42.9,0.01769885992399495,-0.0014571831455430255,0.0017545373333333206,-0.006625312666666668,341.56
42.904,0.017868859923994954,-0.0006071831455430359,0.0008145373333333242,-0.006025312666666678,341.56
42.908,0.018118859923994927,-0.0002571831455430467,0.0003045373333333415,-0.005425312666666661,341.56
42.912,0.01829885992399494,0.00025281685445696373,-0.00012546266666667218,-0.004745312666666675,341.56
42.916,0.018548859923994913,0.0009328168544569499,-0.0006354626666666549,-0.004145312666666658,341.56
42.92,0.018638859923994947,0.0015328168544569672,-0.0008954626666666651,-0.0033753126666666647,341.56
42.924,0.018548859923994913,0.0017828168544569674,-0.00046546266666667915,-0.0027753126666666753,341.56
42.928,0.018548859923994913,0.00230281685445696,0.00021453733333333478,-0.0019253126666666578,341.56
42.932,0.018548859923994913,0.0029028168544569773,0.0008145373333333242,-0.0005553126666666755,341.56
42.936,0.018548859923994913,0.0034928168544569567,0.000564537333333324,0.00020468733333333516,341.56
42.94,0.018548859923994913,0.004182816854456953,-0.0014854626666666723,0.0008046873333333246,341.56
42.944,0.018638859923994947,0.004942816854456964,-0.004135462666666658,0.0012346873333333383,341.56
42.948,0.018548859923994913,0.00563281685445696,-0.005925462666666672,0.0016646873333333242,341.56
42.952,0.018468859923994944,0.006402816854456953,-0.007125462666666678,0.002084687333333328,341.56
42.956,0.018208859923994906,0.00674281685445696,-0.007975462666666669,0.0025146873333333417,341.56
42.96,0.01829885992399494,0.007162816854456963,-0.008915462666666665,0.0029446873333333276,341.56
42.964,0.018468859923994944,0.007762816854456953,-0.009945462666666668,0.0033646873333333313,341.56
42.968,0.018208859923994906,0.008192816854456966,-0.010715462666666661,0.003884687333333324,341.56
42.972,0.018118859923994927,0.008532816854456973,-0.011305462666666669,0.0043946873333333344,341.56
42.976,0.01777885992399492,0.009042816854456955,-0.011905462666666658,0.004994687333333324,341.56
42.98,0.017438859923994913,0.009472816854456941,-0.012505462666666675,0.005584687333333331,341.56
42.984,0.017358859923994944,0.009902816854456983,-0.013355462666666665,0.006184687333333348,341.56
42.988,0.017008859923994927,0.010322816854456959,-0.013955462666666654,0.006784687333333338,341.56
42.992,0.01658885992399495,0.010922816854456948,-0.014465462666666665,0.007384687333333327,341.56
42.996,0.01615885992399491,0.011522816854456937,-0.015065462666666654,0.007974687333333334,341.56
43.0,0.015728859923994924,0.012032816854456948,-0.015745462666666668,0.008494687333333355,341.56
43.004,0.015218859923994915,0.01246281685445699,-0.01651546266666666,0.009084687333333334,341.56
43.008,0.014788859923994929,0.01280281685445694,-0.017285462666666654,0.009344687333333317,341.56
43.012,0.014448859923994922,0.013142816854456948,-0.01788546266666667,0.009684687333333324,341.56
43.016,0.014108859923994915,0.01357281685445699,-0.01848546266666666,0.009944687333333362,341.56
43.02,0.013768859923994908,0.014082816854456944,-0.018905462666666664,0.010194687333333334,341.56
43.024,0.013508859923994926,0.014512816854456986,-0.01924546266666667,0.010794687333333323,341.56
43.028,0.013168859923994919,0.014942816854456972,-0.01984546266666666,0.011304687333333334,341.56
43.032,0.012828859923994912,0.015282816854456979,-0.020185462666666668,0.01173468733333332,341.56
43.036,0.012398859923994926,0.015452816854456982,-0.020615462666666654,0.012074687333333327,341.56
43.04,0.011718859923994912,0.015702816854456954,-0.021045462666666667,0.012594687333333347,341.56
43.044,0.011118859923994922,0.015962816854456937,-0.021385462666666674,0.013014687333333323,341.56
43.048,0.010518859923994933,0.01605281685445697,-0.02181546266666666,0.01335468733333333,341.56
43.052,0.010008859923994922,0.016222816854456975,-0.022155462666666667,0.013704687333333347,341.56
43.056,0.009408859923994933,0.016472816854456947,-0.022405462666666667,0.014124687333333323,341.56
43.06,0.008478859923994947,0.016562816854456982,-0.022665462666666678,0.014554687333333309,341.56
43.064,0.00787885992399493,0.016812816854456954,-0.022755462666666657,0.01498468733333335,341.56
43.068,0.0071088599239949365,0.016982816854456958,-0.02292546266666666,0.015404687333333326,341.56
43.072,0.0064288599239949226,0.01724281685445694,-0.023005462666666657,0.015754687333333343,341.56
43.076,0.005828859923994933,0.01724281685445694,-0.023095462666666663,0.01609468733333335,341.56
43.08,0.0049688599239949335,0.017412816854456944,-0.023095462666666663,0.016264687333333354,341.56
43.084,0.004378859923994926,0.017672816854456982,-0.023095462666666663,0.016344687333333323,341.56
43.088,0.004118859923994944,0.01775281685445695,-0.023095462666666663,0.016514687333333326,341.56
43.092,0.0033488599239949227,0.017672816854456982,-0.023095462666666663,0.01668468733333333,341.56
43.096,0.002498859923994933,0.01775281685445695,-0.023005462666666657,0.016944687333333312,341.56
43.1,0.0017288599239949401,0.017672816854456982,-0.022755462666666657,0.01720468733333335,341.56
43.104,0.0009588599239949195,0.017672816854456982,-0.022585462666666653,0.017374687333333354,341.56
43.108,0.00018885992399492657,0.017672816854456982,-0.022235462666666664,0.017454687333333323,341.56
43.112,-0.0007511400760050698,0.01750281685445698,-0.021895462666666657,0.01771468733333336,341.56
43.116,-0.0016911400760050662,0.017412816854456944,-0.02146546266666667,0.01779468733333333,341.56
43.12,-0.0027111400760050594,0.017332816854456975,-0.021125462666666664,0.01779468733333333,341.56
43.124,-0.0035611400760050768,0.01724281685445694,-0.02070546266666666,0.01779468733333333,341.56
43.128,-0.004331140076005069,0.017072816854456937,-0.020275462666666674,0.01779468733333333,341.56
43.132,-0.005101140076005062,0.01716281685445697,-0.01984546266666666,0.01779468733333333,341.56
43.136,-0.005961140076005062,0.016982816854456958,-0.01924546266666667,0.01779468733333333,341.56
43.14,-0.006891140076005076,0.016982816854456958,-0.018655462666666664,0.01779468733333333,341.56
43.144,-0.007581140076005072,0.01690281685445699,-0.018225462666666678,0.01779468733333333,341.56
43.148,-0.008351140076005065,0.01664281685445695,-0.017715462666666668,0.01771468733333336,341.56
43.152,-0.009201140076005055,0.01639281685445698,-0.017115462666666678,0.017544687333333357,341.56
43.156,-0.010051140076005072,0.01605281685445697,-0.01651546266666666,0.017544687333333357,341.56
43.16,-0.010481140076005058,0.01579281685445699,-0.015835462666666675,0.017374687333333354,341.56
43.164,-0.010051140076005072,0.015622816854456986,-0.015235462666666658,0.017114687333333316,341.56
43.168,-0.009111140076005076,0.015192816854456944,-0.014385462666666668,0.016944687333333312,341.56
43.172,-0.010571140076005065,0.014852816854456937,-0.013695462666666672,0.01668468733333333,341.56
43.176,-0.012361140076005079,0.014762816854456958,-0.013185462666666661,0.016514687333333326,341.56
43.18,-0.013641140076005054,0.014422816854456951,-0.012335462666666672,0.01617468733333332,341.56
43.184,-0.014581140076005078,0.014002816854456975,-0.011655462666666658,0.015754687333333343,341.56
43.188,-0.015431140076005068,0.01357281685445699,-0.011135462666666665,0.015404687333333326,341.56
43.192,-0.016461140076005073,0.013312816854456951,-0.010455462666666679,0.015404687333333326,341.56
43.196,-0.01714114007600506,0.013232816854456982,-0.009685462666666658,0.015324687333333357,341.56
43.2,-0.01791114007600508,0.01280281685445694,-0.009005462666666672,0.01498468733333335,341.56
43.204,-0.018591140076005066,0.012372816854456955,-0.007975462666666669,0.014554687333333309,341.56
43.208,-0.01911114007600506,0.012032816854456948,-0.007035462666666672,0.014124687333333323,341.56
43.212,-0.019701140076005066,0.011522816854456937,-0.005925462666666672,0.013784687333333316,341.56
43.216,-0.020391140076005062,0.011182816854456986,-0.005075462666666654,0.01335468733333333,341.56
43.22,-0.02098114007600507,0.010842816854456979,-0.0043054626666666615,0.012934687333333354,341.56
43.224,-0.02133114007600506,0.010412816854456938,-0.0035354626666666686,0.012594687333333347,341.56
43.228,-0.021671140076005065,0.009902816854456983,-0.002595462666666672,0.012074687333333327,341.56
43.232,-0.022011140076005072,0.009472816854456941,-0.0016554626666666758,0.011394687333333313,341.56
43.236,-0.02235114007600508,0.008962816854456986,-0.0007254626666666616,0.010884687333333358,341.56
43.24,-0.022441140076005058,0.008362816854456969,0.00021453733333333478,0.010544687333333351,341.56
43.244,-0.02269114007600506,0.007762816854456953,0.0011545373333333312,0.01011468733333331,341.56
43.248,-0.02295114007600507,0.007162816854456963,0.0020945373333333276,0.009684687333333324,341.56
43.252,-0.02320114007600507,0.00674281685445696,0.003034537333333324,0.009174687333333313,341.56
43.256,-0.02320114007600507,0.006232816854456977,0.003974537333333348,0.008404687333333348,341.56
43.26,-0.02320114007600507,0.00563281685445696,0.0049145373333333445,0.007974687333333334,341.56
43.264,-0.02320114007600507,0.005542816854456953,0.005854537333333341,0.007554687333333331,341.56
43.268,-0.023291140076005076,0.005462816854456956,0.006534537333333327,0.006954687333333341,341.56
43.272,-0.023291140076005076,0.004602816854456957,0.006624537333333334,0.006444687333333331,341.56
43.276,-0.023121140076005072,0.00392281685445697,0.006284537333333327,0.005934687333333348,341.56
43.28,-0.022861140076005062,0.0033228168544569532,0.005854537333333341,0.005414687333333328,341.56
43.284,-0.022781140076005065,0.002382816854456957,0.006114537333333323,0.004734687333333341,341.56
43.288,-0.022521140076005055,0.0014428168544569605,0.006534537333333327,0.004304687333333328,341.56
43.292,-0.02235114007600508,0.0009328168544569499,0.0070545373333333475,0.003794687333333345,341.56
43.296,-0.02209114007600507,0.0004228168544569672,0.00756453733333333,0.003114687333333331,341.56
43.3,-0.021921140076005066,-0.00043718314554303244,0.007984537333333333,0.002774687333333324,341.56
43.304,-0.02158114007600506,-0.0014571831455430255,0.008584537333333322,0.0021746873333333347,341.56
43.308,-0.021151140076005073,-0.002307183145543043,0.009184537333333312,0.0015746873333333453,341.56
43.312,-0.02073114007600507,-0.002997183145543039,0.009614537333333353,0.0009746873333333281,341.56
43.316,-0.020301140076005055,-0.003677183145543025,0.01003453733333333,0.00020468733333333516,341.56
43.32,-0.019961140076005076,-0.004357183145543039,0.010464537333333315,-0.00047531266666667876,341.56
43.324,-0.019451140076005066,-0.005217183145543039,0.010804537333333322,-0.0010753126666666682,341.56
43.328,-0.01876114007600507,-0.005987183145543032,0.011234537333333308,-0.0017553126666666544,341.56
43.332,-0.018341140076005066,-0.006667183145543046,0.01166453733333335,-0.0023553126666666716,341.56
43.336,-0.017821140076005073,-0.007267183145543035,0.012084537333333326,-0.0028653126666666542,341.56
43.34,-0.01714114007600506,-0.008027183145543047,0.012604537333333346,-0.003295312666666668,341.56
43.344,-0.016631140076005076,-0.008967183145543043,0.013024537333333322,-0.004065312666666661,341.56
43.348,-0.016121140076005066,-0.00965718314554304,0.01328453733333336,-0.0044853126666666646,341.56
43.352,-0.015521140076005075,-0.010257183145543029,0.013794537333333315,-0.005175312666666661,341.56
43.356,-0.015011140076005064,-0.010937183145543043,0.014224537333333356,-0.005935312666666671,341.56
43.36,-0.014321140076005068,-0.011787183145543032,0.01439453733333336,-0.006455312666666664,341.56
43.364,-0.013731140076005061,-0.012477183145543028,0.014564537333333308,-0.007215312666666675,341.56
43.368,-0.013041140076005065,-0.013067183145543036,0.01499453733333335,-0.007905312666666671,341.56
43.372,-0.012361140076005079,-0.013837183145543028,0.015334537333333356,-0.008415312666666654,341.56
43.376,-0.011511140076005061,-0.014517183145543042,0.01550453733333336,-0.008675312666666664,341.56
43.38,-0.011081140076005075,-0.015117183145543032,0.01584453733333331,-0.00875531266666666,341.56
43.384,-0.010231140076005058,-0.01571718314554305,0.016014537333333315,-0.009095312666666668,341.56
43.388,-0.009631140076005068,-0.01631718314554304,0.016014537333333315,-0.010035312666666664,341.56
43.392,-0.009031140076005079,-0.016997183145543025,0.016184537333333318,-0.011145312666666664,341.56
43.396,-0.008431140076005062,-0.017597183145543042,0.016274537333333353,-0.012005312666666663,341.56
43.4,-0.007491140076005065,-0.018277183145543028,0.016444537333333356,-0.012685312666666677,341.56
43.404,-0.006551140076005069,-0.01870718314554304,0.01661453733333336,-0.013285312666666667,341.56
43.408,-0.005871140076005055,-0.019137183145543028,0.016784537333333308,-0.013965312666666653,341.56
43.412,-0.005271140076005066,-0.01955718314554303,0.017044537333333346,-0.014645312666666667,341.56
43.416,-0.004761140076005055,-0.01989718314554304,0.017044537333333346,-0.015505312666666667,341.56
43.42,-0.003991140076005062,-0.020327183145543024,0.017044537333333346,-0.016185312666666653,341.56
43.424,-0.0029711400760050696,-0.020757183145543038,0.017044537333333346,-0.016865312666666667,341.56
43.428,-0.0019411400760050664,-0.02117718314554304,0.017044537333333346,-0.017295312666666653,341.56
43.432,-0.001341140076005077,-0.02152718314554303,0.017044537333333346,-0.017725312666666666,341.56
43.436,-0.0012611400760050803,-0.021697183145543034,0.017044537333333346,-0.018235312666666677,341.56
43.44,-0.001341140076005077,-0.02203718314554304,0.017124537333333315,-0.018665312666666663,341.56
43.444,-0.00100114007600507,-0.022297183145543024,0.017124537333333315,-0.01900531266666667,341.56
43.448,-0.0003211400760050561,-0.022547183145543024,0.017124537333333315,-0.019345312666666677,341.56
43.452,0.0002788599239949333,-0.022807183145543034,0.01695453733333331,-0.019775312666666663,341.56
43.456,0.0008788599239949227,-0.022807183145543034,0.01669453733333333,-0.02036531266666667,341.56
43.46,0.0013888599239949332,-0.022807183145543034,0.01669453733333333,-0.02071531266666666,341.56
43.464,0.0018988599239949436,-0.022807183145543034,0.016524537333333325,-0.02096531266666666,341.56
43.468,0.002498859923994933,-0.022807183145543034,0.016274537333333353,-0.021135312666666663,341.56
43.472,0.0030088599239949435,-0.022807183145543034,0.016184537333333318,-0.021395312666666673,341.56
43.476,0.0034388599239949295,-0.022717183145543027,0.016184537333333318,-0.021655312666666655,341.56
43.48,0.00394885992399494,-0.022547183145543024,0.015934537333333346,-0.021905312666666656,341.56
43.484,0.00454885992399493,-0.022377183145543048,0.015764537333333342,-0.021905312666666656,341.56
43.488,0.00505885992399494,-0.022117183145543038,0.01550453733333336,-0.02182531266666666,341.56
43.492,0.005488859923994926,-0.021867183145543038,0.015334537333333356,-0.02182531266666666,341.56
43.496,0.00590885992399493,-0.021607183145543028,0.014904537333333315,-0.02182531266666666,341.56
43.5,0.0063388599239949436,-0.021437183145543024,0.014654537333333342,-0.02182531266666666,341.56
43.504,0.0067688599239949295,-0.021097183145543045,0.014824537333333346,-0.021905312666666656,341.56
43.508,0.0074488599239949434,-0.020757183145543038,0.014564537333333308,-0.021905312666666656,341.56
43.512,0.008048859923994933,-0.02041718314554303,0.014224537333333356,-0.02182531266666666,341.56
43.516,0.008558859923994943,-0.019987183145543045,0.01388453733333335,-0.021565312666666676,341.56
43.52,0.008818859923994954,-0.01955718314554303,0.013624537333333311,-0.021395312666666673,341.56
43.524,0.00915885992399496,-0.019137183145543028,0.01328453733333336,-0.021055312666666666,341.56
43.528,0.009498859923994912,-0.018617183145543035,0.012854537333333318,-0.020625312666666652,341.56
43.532,0.010008859923994922,-0.018027183145543028,0.012424537333333333,-0.020285312666666673,341.56
43.536,0.010608859923994912,-0.017507183145543035,0.01217453733333336,-0.01985531266666666,341.56
43.54,0.011208859923994957,-0.01708718314554303,0.011744537333333319,-0.019435312666666656,341.56
43.544,0.011548859923994908,-0.01656718314554304,0.011404537333333312,-0.019085312666666666,341.56
43.548,0.012058859923994919,-0.015807183145543028,0.010974537333333326,-0.018575312666666656,341.56
43.552,0.01248885992399496,-0.015037183145543035,0.010464537333333315,-0.01789531266666667,341.56
43.556,0.012738859923994933,-0.014177183145543035,0.01003453733333333,-0.01738531266666666,341.56
43.56,0.013258859923994953,-0.013157183145543042,0.009614537333333353,-0.01703531266666667,341.56
43.564,0.013678859923994929,-0.012477183145543028,0.009184537333333312,-0.01652531266666666,341.56
43.568,0.014028859923994946,-0.011367183145543028,0.00884453733333336,-0.015845312666666674,341.56
43.572,0.014448859923994922,-0.010257183145543029,0.008414537333333347,-0.01516531266666666,341.56
43.576,0.014878859923994908,-0.009317183145543032,0.007904537333333336,-0.014225312666666663,341.56
43.58,0.015138859923994946,-0.008377183145543036,0.007304537333333348,-0.01345531266666667,341.56
43.584,0.015388859923994918,-0.007177183145543028,0.006874537333333334,-0.012685312666666677,341.56
43.588,0.015728859923994924,-0.005987183145543032,0.006284537333333327,-0.011745312666666653,341.56
43.592,0.01615885992399491,-0.004787183145543025,0.005764537333333334,-0.010805312666666657,341.56
43.596,0.01658885992399495,-0.0035871831455430462,0.005514537333333334,-0.00986531266666666,341.56
43.6,0.016838859923994923,-0.0023971831455430496,0.005174537333333327,-0.008925312666666664,341.56
43.604,0.016928859923994958,-0.001197183145543043,0.0049145373333333445,-0.008155312666666671,341.56
43.608,0.017098859923994906,-0.0002571831455430467,0.004314537333333327,-0.007985312666666668,341.56
43.612,0.017438859923994913,-0.00043718314554303244,0.0035445373333333344,-0.007815312666666664,341.56
43.616,0.017608859923994916,-0.0014571831455430255,0.0027845373333333237,-0.0073953126666666605,341.56
43.62,0.01777885992399492,-0.001627183145543029,0.0018445373333333273,-0.006795312666666671,341.56
43.624,0.018038859923994958,-0.0015471831455430322,0.0010745373333333344,-0.006285312666666661,341.56
43.628,0.018118859923994927,-0.0008571831455430361,0.000564537333333324,-0.005515312666666668,341.56
43.632,0.018208859923994906,-0.0005171831455430292,-0.00020546266666666892,-0.004745312666666675,341.56
43.636,0.018468859923994944,0.00025281685445696373,-0.0008054626666666584,-0.004145312666666658,341.56
43.64,0.018468859923994944,0.0008528168544569532,-0.0008954626666666651,-0.0033753126666666647,341.56
43.644,0.018548859923994913,0.0011928168544569602,-0.0010654626666666686,-0.0026953126666666785,341.56
43.648,0.018638859923994947,0.0017828168544569674,-0.0008954626666666651,-0.0019253126666666578,341.56
43.652,0.018638859923994947,0.002642816854456967,-0.00012546266666667218,-0.0007353126666666612,341.56
43.656,0.018548859923994913,0.0038328168544569637,-0.0006354626666666549,0.00020468733333333516,341.56
43.66,0.018548859923994913,0.00477281685445696,-0.002255462666666665,0.0010646873333333348,341.56
43.664,0.018548859923994913,0.005122816854456977,-0.004395462666666668,0.002004687333333331,341.56
43.668,0.018638859923994947,0.00563281685445696,-0.005925462666666672,0.0029446873333333276,341.56
43.672,0.018548859923994913,0.0060528168544569634,-0.007205462666666675,0.0040546873333333275,341.56
43.676,0.01829885992399494,0.006402816854456953,-0.008065462666666676,0.005074687333333348,341.56
43.68,0.018208859923994906,0.00699281685445696,-0.009085462666666669,0.006104687333333324,341.56
43.684,0.018208859923994906,0.0074228168544569735,-0.009945462666666668,0.007124687333333345,341.56
43.688,0.018208859923994906,0.007762816854456953,-0.010715462666666661,0.008154687333333348,341.56
43.692,0.018038859923994958,0.008362816854456969,-0.011395462666666675,0.009174687333333313,341.56
43.696,0.01769885992399495,0.008702816854456976,-0.011995462666666665,0.010194687333333334,341.56
43.7,0.017438859923994913,0.009212816854456959,-0.012505462666666675,0.01113468733333333,341.56
43.704,0.017358859923994944,0.009902816854456983,-0.013185462666666661,0.01062468733333332,341.56
43.708,0.016928859923994958,0.010322816854456959,-0.013695462666666672,0.008664687333333358,341.56
43.712,0.016498859923994916,0.010752816854456945,-0.014465462666666665,0.008154687333333348,341.56
43.716,0.01615885992399491,0.011182816854456986,-0.014985462666666657,0.008154687333333348,341.56
43.72,0.015818859923994958,0.011602816854456962,-0.015575462666666665,0.008494687333333355,341.56
43.724,0.015388859923994918,0.011952816854456979,-0.016345462666666657,0.00900468733333331,341.56
43.728,0.014878859923994908,0.012292816854456986,-0.017285462666666654,0.00951468733333332,341.56
43.732,0.014448859923994922,0.012712816854456962,-0.01788546266666667,0.009774687333333358,341.56
43.736,0.014108859923994915,0.013232816854456982,-0.01848546266666666,0.01011468733333331,341.56
43.74,0.013768859923994908,0.013652816854456958,-0.018825462666666667,0.010374687333333348,341.56
43.744,0.013508859923994926,0.014082816854456944,-0.019165462666666674,0.010714687333333354,341.56
43.748,0.013168859923994919,0.014512816854456986,-0.019765462666666664,0.011304687333333334,341.56
43.752,0.012738859923994933,0.014762816854456958,-0.020275462666666674,0.01173468733333332,341.56
43.756,0.012148859923994953,0.015192816854456944,-0.02070546266666666,0.012164687333333361,341.56
43.76,0.011718859923994912,0.015622816854456986,-0.021125462666666664,0.012504687333333313,341.56
43.764,0.011208859923994957,0.01605281685445697,-0.021555462666666678,0.01284468733333332,341.56
43.768,0.010438859923994908,0.01613281685445694,-0.02181546266666666,0.013274687333333361,341.56
43.772,0.009838859923994919,0.016222816854456975,-0.021895462666666657,0.013704687333333347,341.56
43.776,0.00923885992399493,0.016472816854456947,-0.02232546266666667,0.014214687333333358,341.56
43.78,0.008558859923994943,0.016562816854456982,-0.022665462666666678,0.01498468733333335,341.56
43.784,0.007708859923994926,0.016812816854456954,-0.022835462666666653,0.01506468733333332,341.56
43.788,0.00701885992399493,0.016982816854456958,-0.023095462666666663,0.015324687333333357,341.56
43.792,0.006258859923994947,0.01724281685445694,-0.023095462666666663,0.01566468733333331,341.56
43.796,0.005568859923994923,0.017332816854456975,-0.023095462666666663,0.015754687333333343,341.56
43.8,0.0049688599239949335,0.01750281685445698,-0.023095462666666663,0.015924687333333347,341.56
43.804,0.004288859923994947,0.017672816854456982,-0.023095462666666663,0.01617468733333332,341.56
43.808,0.003858859923994933,0.017672816854456982,-0.023005462666666657,0.01660468733333336,341.56
43.812,0.0033488599239949227,0.01775281685445695,-0.022835462666666653,0.016944687333333312,341.56
43.816,0.00257885992399493,0.01775281685445695,-0.022665462666666678,0.017114687333333316,341.56
43.82,0.0017288599239949401,0.01775281685445695,-0.022585462666666653,0.01728468733333332,341.56
43.824,0.0008788599239949227,0.01775281685445695,-0.02232546266666667,0.017544687333333357,341.56
43.828,0.00010885992399492983,0.01775281685445695,-0.02206546266666666,0.01779468733333333,341.56
43.832,-0.0006611400760050631,0.017672816854456982,-0.02181546266666666,0.01779468733333333,341.56
43.836,-0.0016011400760050595,0.01750281685445698,-0.02146546266666667,0.01779468733333333,341.56
43.84,-0.0027111400760050594,0.017332816854456975,-0.021045462666666667,0.01788468733333331,341.56
43.844,-0.0035611400760050768,0.017332816854456975,-0.020535462666666657,0.018144687333333347,341.56
43.848,-0.004421140076005076,0.01724281685445694,-0.020015462666666664,0.018224687333333316,341.56
43.852,-0.005191140076005069,0.016982816854456958,-0.019675462666666657,0.018224687333333316,341.56
43.856,-0.005961140076005062,0.01690281685445699,-0.019075462666666668,0.018144687333333347,341.56
43.86,-0.006811140076005079,0.016812816854456954,-0.01873546266666666,0.01788468733333331,341.56
43.864,-0.007661140076005069,0.016812816854456954,-0.018225462666666678,0.01788468733333331,341.56
43.868,-0.008431140076005062,0.016562816854456982,-0.017455462666666657,0.01788468733333331,341.56
43.872,-0.009201140076005055,0.016472816854456947,-0.01677546266666667,0.01771468733333336,341.56
43.876,-0.010051140076005072,0.016222816854456975,-0.016175462666666654,0.017454687333333323,341.56
43.88,-0.010571140076005065,0.01605281685445697,-0.01566546266666667,0.017374687333333354,341.56
43.884,-0.010571140076005065,0.015702816854456954,-0.014985462666666657,0.017114687333333316,341.56
43.888,-0.010141140076005079,0.015362816854456948,-0.014385462666666668,0.017034687333333347,341.56
43.892,-0.010911140076005072,0.015112816854456975,-0.013615462666666675,0.01677468733333331,341.56
43.896,-0.012101140076005068,0.014762816854456958,-0.013015462666666658,0.016514687333333326,341.56
43.9,-0.013381140076005072,0.014422816854456951,-0.012415462666666668,0.01617468733333332,341.56
43.904,-0.014491140076005072,0.014172816854456979,-0.011735462666666654,0.015924687333333347,341.56
43.908,-0.015351140076005071,0.014002816854456975,-0.011135462666666665,0.01566468733333331,341.56
43.912,-0.01603114007600506,0.013652816854456958,-0.010365462666666672,0.015324687333333357,341.56
43.916,-0.016971140076005056,0.013232816854456982,-0.009605462666666661,0.01506468733333332,341.56
43.92,-0.017571140076005073,0.012712816854456962,-0.008745462666666662,0.014894687333333316,341.56
43.924,-0.018171140076005062,0.012372816854456955,-0.007975462666666669,0.014554687333333309,341.56
43.928,-0.01876114007600507,0.012032816854456948,-0.007125462666666678,0.014214687333333358,341.56
43.932,-0.019451140076005066,0.011602816854456962,-0.0060154626666666785,0.013784687333333316,341.56
43.936,-0.020041140076005073,0.011092816854456952,-0.005075462666666654,0.013274687333333361,341.56
43.94,-0.02073114007600507,0.010672816854456976,-0.0043054626666666615,0.01276468733333335,341.56
43.944,-0.021151140076005073,0.010412816854456938,-0.003455462666666672,0.012414687333333334,341.56
43.948,-0.021501140076005062,0.009902816854456983,-0.0025154626666666754,0.01173468733333332,341.56
43.952,-0.02184114007600507,0.009472816854456941,-0.001575462666666679,0.01122468733333331,341.56
43.956,-0.02209114007600507,0.00913281685445699,-0.0006354626666666549,0.010884687333333358,341.56
43.96,-0.02235114007600508,0.008622816854456952,0.0003045373333333415,0.010454687333333317,341.56
43.964,-0.022441140076005058,0.007852816854456959,0.001244537333333338,0.009854687333333327,341.56
43.968,-0.02269114007600506,0.007082816854456967,0.0021845373333333343,0.009264687333333348,341.56
43.972,-0.022781140076005065,0.006572816854456956,0.0031245373333333307,0.008834687333333362,341.56
43.976,-0.022781140076005065,0.00614281685445697,0.004064537333333327,0.008494687333333355,341.56
43.98,-0.022781140076005065,0.00563281685445696,0.0050045373333333235,0.007974687333333334,341.56
43.984,-0.022781140076005065,0.00563281685445696,0.005944537333333348,0.007294687333333348,341.56
43.988,-0.022781140076005065,0.005462816854456956,0.0067045373333333306,0.006784687333333338,341.56
43.992,-0.022781140076005065,0.004602816854456957,0.0070545373333333475,0.006354687333333324,341.56
43.996,-0.022781140076005065,0.0038328168544569637,0.006794537333333337,0.005844687333333341,341.56
44.0,-0.02269114007600506,0.0032428168544569565,0.005854537333333341,0.005244687333333324,341.56
44.004,-0.02261114007600506,0.0024728168544569636,0.005854537333333341,0.004824687333333348,341.56
44.008,-0.022441140076005058,0.0018728168544569742,0.006364537333333324,0.004224687333333331,341.56
44.012,-0.02235114007600508,0.0011928168544569602,0.006794537333333337,0.0036246873333333415,341.56
44.016,-0.02209114007600507,0.00025281685445696373,0.007224537333333323,0.003114687333333331,341.56
44.02,-0.021921140076005066,-0.0006071831455430359,0.007904537333333336,0.0026046873333333484,341.56
44.024,-0.02158114007600506,-0.0013671831455430465,0.008414537333333347,0.002084687333333328,341.56
44.028,-0.02124114007600508,-0.001967183145543036,0.008754537333333326,0.0014846873333333385,341.56
44.032,-0.020811140076005066,-0.0028271831455430356,0.009184537333333312,0.0009746873333333281,341.56
44.036,-0.020391140076005062,-0.0035871831455430462,0.009784537333333357,0.00037468733333333865,341.56
44.04,-0.019961140076005076,-0.004447183145543046,0.010384537333333346,-0.00021531266666666854,341.56
44.044,-0.01962114007600507,-0.005217183145543039,0.010894537333333357,-0.0010753126666666682,341.56
44.048,-0.01911114007600506,-0.005807183145543046,0.011314537333333333,-0.0017553126666666544,341.56
44.052,-0.018421140076005062,-0.006407183145543035,0.01166453733333335,-0.0023553126666666716,341.56
44.056,-0.01791114007600508,-0.007177183145543028,0.012084537333333326,-0.002955312666666661,341.56
44.06,-0.017481140076005066,-0.008117183145543026,0.012514537333333312,-0.003545312666666668,341.56
44.064,-0.017061140076005062,-0.00879718314554304,0.012854537333333318,-0.004235312666666664,341.56
44.068,-0.016371140076005066,-0.009397183145543029,0.01328453733333336,-0.0048253126666666715,341.56
44.072,-0.01578114007600506,-0.010077183145543043,0.013624537333333311,-0.005515312666666668,341.56
44.076,-0.015011140076005064,-0.010767183145543039,0.01388453733333335,-0.006105312666666675,341.56
44.08,-0.014581140076005078,-0.011367183145543028,0.014224537333333356,-0.006795312666666671,341.56
44.084,-0.014151140076005065,-0.012217183145543046,0.014564537333333308,-0.0073953126666666605,341.56
44.088,-0.013471140076005078,-0.013067183145543036,0.014904537333333315,-0.0077353126666666674,341.56
44.092,-0.012871140076005061,-0.013667183145543025,0.015244537333333322,-0.008155312666666671,341.56
44.096,-0.012191140076005075,-0.014267183145543042,0.01550453733333336,-0.008155312666666671,341.56
44.1,-0.011681140076005065,-0.014867183145543032,0.015764537333333342,-0.008325312666666675,341.56
44.104,-0.011081140076005075,-0.015457183145543039,0.015764537333333342,-0.009185312666666674,341.56
44.108,-0.010481140076005058,-0.016147183145543035,0.01584453733333331,-0.01012531266666667,341.56
44.112,-0.009631140076005068,-0.016737183145543042,0.01610453733333335,-0.011145312666666664,341.56
44.116,-0.008861140076005075,-0.01742718314554304,0.01635453733333332,-0.011915312666666657,341.56
44.12,-0.008091140076005055,-0.018027183145543028,0.01661453733333336,-0.01259531266666667,341.56
44.124,-0.007241140076005065,-0.018617183145543035,0.01661453733333336,-0.013285312666666667,341.56
44.128,-0.0063811400760050655,-0.01904718314554305,0.01669453733333333,-0.01405531266666666,341.56
44.132,-0.005531140076005076,-0.019477183145543035,0.01695453733333331,-0.014735312666666674,341.56
44.136,-0.004671140076005076,-0.01989718314554304,0.01695453733333331,-0.015585312666666663,341.56
44.14,-0.003991140076005062,-0.020327183145543024,0.01695453733333331,-0.016105312666666656,341.56
44.144,-0.003141140076005073,-0.020837183145543035,0.01695453733333331,-0.016615312666666666,341.56
44.148,-0.0019411400760050664,-0.02126718314554305,0.017044537333333346,-0.017215312666666656,341.56
44.152,-0.0016911400760050662,-0.02152718314554303,0.017124537333333315,-0.017725312666666666,341.56
44.156,-0.0016911400760050662,-0.021607183145543028,0.017044537333333346,-0.01814531266666667,341.56
44.16,-0.0015211400760050627,-0.02203718314554304,0.017044537333333346,-0.018575312666666656,341.56
44.164,-0.0010911400760050768,-0.022377183145543048,0.017044537333333346,-0.019085312666666666,341.56
44.168,-0.0004911400760050596,-0.022547183145543024,0.017044537333333346,-0.019515312666666652,341.56
44.172,0.00010885992399492983,-0.022807183145543034,0.01695453733333331,-0.019775312666666663,341.56
44.176,0.000698859923994937,-0.022807183145543034,0.01669453733333333,-0.020195312666666666,341.56
44.18,0.0012988599239949264,-0.022807183145543034,0.01669453733333333,-0.020625312666666652,341.56
44.184,0.0017288599239949401,-0.022807183145543034,0.01669453733333333,-0.02096531266666666,341.56
44.188,0.002238859923994923,-0.022807183145543034,0.016524537333333325,-0.021135312666666663,341.56
44.192,0.0030088599239949435,-0.022807183145543034,0.016274537333333353,-0.02147531266666667,341.56
44.196,0.0034388599239949295,-0.022807183145543034,0.016184537333333318,-0.02182531266666666,341.56
44.2,0.00394885992399494,-0.022717183145543027,0.015934537333333346,-0.02182531266666666,341.56
44.204,0.00454885992399493,-0.022547183145543024,0.015764537333333342,-0.02182531266666666,341.56
44.208,0.0049688599239949335,-0.022297183145543024,0.01550453733333336,-0.021905312666666656,341.56
44.212,0.005398859923994947,-0.02203718314554304,0.015334537333333356,-0.022165312666666666,341.56
44.216,0.005828859923994933,-0.021867183145543038,0.015074537333333318,-0.022245312666666663,341.56
44.22,0.0063388599239949436,-0.02152718314554303,0.014904537333333315,-0.022165312666666666,341.56
44.224,0.0071088599239949365,-0.02126718314554305,0.014564537333333308,-0.021905312666666656,341.56
44.228,0.007538859923994922,-0.020837183145543035,0.014474537333333329,-0.021905312666666656,341.56
44.232,0.007958859923994926,-0.02041718314554303,0.014304537333333325,-0.02182531266666666,341.56
44.236,0.00838885992399494,-0.019987183145543045,0.014224537333333356,-0.021565312666666676,341.56
44.24,0.008728859923994947,-0.019647183145543038,0.01388453733333335,-0.021395312666666673,341.56
44.244,0.009068859923994926,-0.019217183145543024,0.013454537333333308,-0.021055312666666666,341.56
44.248,0.009588859923994946,-0.01878718314554304,0.013024537333333322,-0.02071531266666666,341.56
44.252,0.01026885992399496,-0.018277183145543028,0.012514537333333312,-0.020195312666666666,341.56
44.256,0.010778859923994915,-0.017597183145543042,0.012084537333333326,-0.019775312666666663,341.56
44.26,0.011208859923994957,-0.01708718314554303,0.011744537333333319,-0.019435312666666656,341.56
44.264,0.011548859923994908,-0.016487183145543042,0.011314537333333333,-0.01900531266666667,341.56
44.268,0.01197885992399495,-0.015547183145543046,0.010804537333333322,-0.018575312666666656,341.56
44.272,0.012398859923994926,-0.014867183145543032,0.010384537333333346,-0.018235312666666677,341.56
44.276,0.012918859923994946,-0.014097183145543039,0.01003453733333333,-0.017725312666666666,341.56
44.28,0.013338859923994922,-0.013327183145543046,0.009694537333333322,-0.017125312666666677,341.56
44.284,0.013678859923994929,-0.012217183145543046,0.009354537333333315,-0.016615312666666666,341.56
44.288,0.014028859923994946,-0.010937183145543043,0.00892453733333333,-0.01592531266666667,341.56
44.292,0.014448859923994922,-0.009737183145543036,0.008414537333333347,-0.01481531266666667,341.56
44.296,0.014968859923994942,-0.00879718314554304,0.007904537333333336,-0.013625312666666674,341.56
44.3,0.015388859923994918,-0.0077771831455430455,0.007304537333333348,-0.012685312666666677,341.56
44.304,0.015728859923994924,-0.006667183145543046,0.006794537333333337,-0.011665312666666657,341.56
44.308,0.01615885992399491,-0.005467183145543039,0.006364537333333324,-0.010465312666666678,341.56
44.312,0.016498859923994916,-0.004277183145543042,0.005854537333333341,-0.009185312666666674,341.56
44.316,0.01666885992399492,-0.003077183145543036,0.005254537333333324,-0.008075312666666674,341.56
44.32,0.016928859923994958,-0.0018871831455430392,0.004834537333333348,-0.007815312666666664,341.56
44.324,0.01718885992399494,-0.0006871831455430327,0.004314537333333327,-0.007985312666666668,341.56
44.328,0.01726885992399491,0.0003328168544569605,0.0038045373333333446,-0.0077353126666666674,341.56
44.332,0.017438859923994913,0.0006728168544569674,0.0032045373333333274,-0.007645312666666661,341.56
44.336,0.01769885992399495,0.00025281685445696373,0.002614537333333348,-0.0073953126666666605,341.56
44.34,0.017868859923994954,-0.0007771831455430394,0.0017545373333333206,-0.006705312666666664,341.56
44.344,0.018118859923994927,-0.0008571831455430361,0.0008145373333333242,-0.006195312666666654,341.56
44.348,0.01829885992399494,-0.0003471831455430257,0.00021453733333333478,-0.005425312666666661,341.56
44.352,0.018548859923994913,-7.183145543046489e-06,-0.00046546266666667915,-0.0048253126666666715,341.56
44.356,0.018638859923994947,0.00025281685445696373,-0.0009754626666666618,-0.004235312666666664,341.56
44.36,0.018638859923994947,0.0010228168544569568,-0.0014054626666666755,-0.0034653126666666714,341.56
44.364,0.018638859923994947,0.0015328168544569672,-0.0017454626666666547,-0.002525312666666675,341.56
44.368,0.01888885992399492,0.0018728168544569742,-0.0020854626666666617,-0.001155312666666665,341.56
44.372,0.018978859923994954,0.002642816854456967,-0.002345462666666672,0.0004646873333333454,341.56
44.376,0.018978859923994954,0.0035828168544569635,-0.002685462666666679,0.001744687333333321,341.56
44.38,0.01888885992399492,0.004432816854456953,-0.0036254626666666753,0.003114687333333331,341.56
44.384,0.018638859923994947,0.004942816854456964,-0.004735462666666675,0.004734687333333341,341.56
44.388,0.018638859923994947,0.005462816854456956,-0.005925462666666672,0.006354687333333324,341.56
44.392,0.018638859923994947,0.006232816854456977,-0.007125462666666678,0.007974687333333334,341.56
44.396,0.018548859923994913,0.007082816854456967,-0.008065462666666676,0.009604687333333355,341.56
44.4,0.01829885992399494,0.00725281685445697,-0.009175462666666676,0.01122468733333331,341.56
44.404,0.018118859923994927,0.007682816854456956,-0.009855462666666662,0.01284468733333332,341.56
44.408,0.018038859923994958,0.008192816854456966,-0.010455462666666679,0.01446468733333333,341.56
44.412,0.018118859923994927,0.008452816854456976,-0.011135462666666665,0.01609468733333335,341.56
44.416,0.017868859923994954,0.008792816854456983,-0.011735462666666654,0.017624687333333326,341.56
44.42,0.01769885992399495,0.009212816854456959,-0.012505462666666675,0.015834687333333312,341.56
44.424,0.017358859923994944,0.009902816854456983,-0.013185462666666661,0.009604687333333355,341.56
44.428,0.016928859923994958,0.010412816854456938,-0.013785462666666679,0.007724687333333334,341.56
44.432,0.016498859923994916,0.010752816854456945,-0.014465462666666665,0.007724687333333334,341.56
44.436,0.016248859923994944,0.011182816854456986,-0.014895462666666678,0.008064687333333341,341.56
44.44,0.01607885992399494,0.011602816854456962,-0.015405462666666661,0.008324687333333324,341.56
44.444,0.015728859923994924,0.012032816854456948,-0.016175462666666654,0.008574687333333324,341.56
44.448,0.015218859923994915,0.01246281685445699,-0.01677546266666667,0.009174687333333313,341.56
44.452,0.014538859923994956,0.012892816854456975,-0.017545462666666664,0.009684687333333324,341.56
44.456,0.014028859923994946,0.013312816854456951,-0.01813546266666667,0.01011468733333331,341.56
44.46,0.01359885992399496,0.013652816854456958,-0.018655462666666664,0.010544687333333351,341.56
44.464,0.013338859923994922,0.014002816854456975,-0.019075462666666668,0.010964687333333327,341.56
44.468,0.013168859923994919,0.014422816854456951,-0.019505462666666654,0.01122468733333331,341.56
44.472,0.012658859923994908,0.014852816854456937,-0.01984546266666666,0.01173468733333332,341.56
44.476,0.012058859923994919,0.015282816854456979,-0.020185462666666668,0.012164687333333361,341.56
44.48,0.011628859923994933,0.015702816854456954,-0.020615462666666654,0.012504687333333313,341.56
44.484,0.011038859923994953,0.015962816854456937,-0.021045462666666667,0.013184687333333327,341.56
44.488,0.010438859923994908,0.01605281685445697,-0.021385462666666674,0.013704687333333347,341.56
44.492,0.009838859923994919,0.01613281685445694,-0.021725462666666653,0.014214687333333358,341.56
44.496,0.00923885992399493,0.016472816854456947,-0.021985462666666664,0.014554687333333309,341.56
44.5,0.008648859923994922,0.016732816854456985,-0.02232546266666667,0.014814687333333347,341.56
44.504,0.007958859923994926,0.016982816854456958,-0.022405462666666667,0.01506468733333332,341.56
44.508,0.00727885992399494,0.01724281685445694,-0.022585462666666653,0.015404687333333326,341.56
44.512,0.0064288599239949226,0.01724281685445694,-0.022665462666666678,0.015754687333333343,341.56
44.516,0.005828859923994933,0.017412816854456944,-0.022755462666666657,0.016004687333333316,341.56
44.52,0.00505885992399494,0.017672816854456982,-0.022665462666666678,0.016264687333333354,341.56
44.524,0.004208859923994923,0.01775281685445695,-0.022665462666666678,0.016514687333333326,341.56
44.528,0.0034388599239949295,0.017672816854456982,-0.022755462666666657,0.01668468733333333,341.56
44.532,0.0030088599239949435,0.01775281685445695,-0.022755462666666657,0.016944687333333312,341.56
44.536,0.002498859923994933,0.01775281685445695,-0.022665462666666678,0.01720468733333335,341.56
44.54,0.0017288599239949401,0.01775281685445695,-0.022405462666666667,0.017374687333333354,341.56
44.544,0.0008788599239949227,0.01775281685445695,-0.022155462666666667,0.017454687333333323,341.56
44.548,0.00010885992399492983,0.017672816854456982,-0.02181546266666666,0.01771468733333336,341.56
44.552,-0.0006611400760050631,0.01775281685445695,-0.02146546266666667,0.01779468733333333,341.56
44.556,-0.0015211400760050627,0.017672816854456982,-0.02121546266666667,0.01788468733333331,341.56
44.56,-0.00237114007600508,0.017672816854456982,-0.02095546266666666,0.018144687333333347,341.56
44.564,-0.0033111400760050765,0.01750281685445698,-0.020445462666666678,0.018224687333333316,341.56
44.568,-0.004331140076005069,0.01775281685445695,-0.019935462666666667,0.01831468733333335,341.56
44.572,-0.005191140076005069,0.017672816854456982,-0.019425462666666657,0.018224687333333316,341.56
44.576,-0.005961140076005062,0.017412816854456944,-0.01899546266666667,0.018224687333333316,341.56
44.58,-0.006811140076005079,0.01724281685445694,-0.018565462666666657,0.018224687333333316,341.56
44.584,-0.007661140076005069,0.016982816854456958,-0.01813546266666667,0.017974687333333343,341.56
44.588,-0.008521140076005069,0.01690281685445699,-0.017545462666666664,0.01788468733333331,341.56
44.592,-0.009291140076005061,0.01664281685445695,-0.016945462666666675,0.01788468733333331,341.56
44.596,-0.010051140076005072,0.016472816854456947,-0.01626546266666666,0.017624687333333326,341.56
44.6,-0.010821140076005065,0.01613281685445694,-0.015835462666666675,0.017544687333333357,341.56
44.604,-0.011161140076005072,0.01579281685445699,-0.015325462666666664,0.017454687333333323,341.56
44.608,-0.011161140076005072,0.015532816854456951,-0.014635462666666668,0.017114687333333316,341.56
44.612,-0.010741140076005068,0.015192816854456944,-0.014045462666666661,0.01677468733333331,341.56
44.616,-0.011511140076005061,0.014852816854456937,-0.013275462666666668,0.01660468733333336,341.56
44.62,-0.012621140076005061,0.014512816854456986,-0.012585462666666672,0.016264687333333354,341.56
44.624,-0.013811140076005058,0.014172816854456979,-0.011995462666666665,0.015924687333333347,341.56
44.628,-0.014921140076005058,0.014082816854456944,-0.011305462666666669,0.015404687333333326,341.56
44.632,-0.01578114007600506,0.013652816854456958,-0.010625462666666655,0.01506468733333332,341.56
44.636,-0.016631140076005076,0.013232816854456982,-0.009685462666666658,0.01506468733333332,341.56
44.64,-0.017481140076005066,0.012892816854456975,-0.008915462666666665,0.014814687333333347,341.56
44.644,-0.018171140076005062,0.01246281685445699,-0.00823546266666668,0.01446468733333333,341.56
44.648,-0.018681140076005073,0.012032816854456948,-0.007385462666666661,0.014044687333333354,341.56
44.652,-0.019281140076005062,0.011602816854456962,-0.0064454626666666645,0.01344468733333331,341.56
44.656,-0.02022114007600506,0.011092816854456952,-0.005585462666666665,0.013104687333333358,341.56
44.66,-0.02073114007600507,0.010672816854456976,-0.004905462666666679,0.01284468733333332,341.56
44.664,-0.021071140076005076,0.010412816854456938,-0.004135462666666658,0.01224468733333333,341.56
44.668,-0.02133114007600506,0.009982816854456952,-0.003365462666666665,0.01173468733333332,341.56
44.672,-0.02158114007600506,0.009562816854456976,-0.0025154626666666754,0.011304687333333334,341.56
44.676,-0.02209114007600507,0.00913281685445699,-0.0016554626666666758,0.010884687333333358,341.56
44.68,-0.02235114007600508,0.008532816854456973,-0.0008054626666666584,0.010454687333333317,341.56
44.684,-0.022441140076005058,0.007682816854456956,4.45373333333313e-05,0.009854687333333327,341.56
44.688,-0.02269114007600506,0.007082816854456967,0.000904537333333331,0.009344687333333317,341.56
44.692,-0.022781140076005065,0.006652816854456953,0.0017545373333333206,0.008834687333333362,341.56
44.696,-0.02295114007600507,0.00614281685445697,0.002614537333333348,0.008324687333333324,341.56
44.7,-0.02320114007600507,0.00563281685445696,0.0034645373333333377,0.007724687333333334,341.56
44.704,-0.02320114007600507,0.00563281685445696,0.004314537333333327,0.007214687333333324,341.56
44.708,-0.02320114007600507,0.0057128168544569565,0.0050045373333333235,0.006784687333333338,341.56
44.712,-0.02320114007600507,0.004942816854456964,0.005174537333333327,0.006274687333333327,341.56
44.716,-0.023291140076005076,0.00392281685445697,0.0049145373333333445,0.005674687333333338,341.56
44.72,-0.023121140076005072,0.0032428168544569565,0.0049145373333333445,0.005164687333333327,341.56
44.724,-0.022861140076005062,0.0024728168544569636,0.005254537333333324,0.004734687333333341,341.56
44.728,-0.022781140076005065,0.0017028168544569707,0.005854537333333341,0.004224687333333331,341.56
44.732,-0.022521140076005055,0.0011928168544569602,0.00645453733333333,0.0036246873333333415,341.56
44.736,-0.02235114007600508,0.000162816854456957,0.0070545373333333475,0.003114687333333331,341.56
44.74,-0.02209114007600507,-0.0007771831455430394,0.00756453733333333,0.0025146873333333417,341.56
44.744,-0.02184114007600507,-0.0014571831455430255,0.007984537333333333,0.0019146873333333245,341.56
44.748,-0.021501140076005062,-0.0020571831455430427,0.008584537333333322,0.0014846873333333385,341.56
44.752,-0.02124114007600508,-0.002737183145543029,0.009184537333333312,0.0009746873333333281,341.56
44.756,-0.020641140076005062,-0.0035871831455430462,0.009614537333333353,0.00012468733333333842,341.56
44.76,-0.020041140076005073,-0.004357183145543039,0.01003453733333333,-0.00047531266666667876,341.56
44.764,-0.01962114007600507,-0.005047183145543035,0.010464537333333315,-0.0010753126666666682,341.56
44.768,-0.019191140076005055,-0.005727183145543049,0.010804537333333322,-0.0016653126666666754,341.56
44.772,-0.018591140076005066,-0.006497183145543042,0.011314537333333333,-0.002185312666666668,341.56
44.776,-0.01791114007600508,-0.007347183145543032,0.012004537333333357,-0.0027753126666666753,341.56
44.78,-0.017571140076005073,-0.008117183145543026,0.012514537333333312,-0.0033753126666666647,341.56
44.784,-0.017311140076005063,-0.00879718314554304,0.013024537333333322,-0.003975312666666654,341.56
44.788,-0.016711140076005073,-0.009397183145543029,0.01328453733333336,-0.004575312666666671,341.56
44.792,-0.016201140076005063,-0.010077183145543043,0.013364537333333329,-0.005175312666666661,341.56
44.796,-0.015601140076005071,-0.010847183145543036,0.013794537333333315,-0.006025312666666678,341.56
44.8,-0.015011140076005064,-0.011447183145543025,0.014224537333333356,-0.006625312666666668,341.56
44.804,-0.014241140076005071,-0.012217183145543046,0.014474537333333329,-0.007045312666666671,341.56
44.808,-0.013731140076005061,-0.012987183145543039,0.01499453733333335,-0.007475312666666657,341.56
44.812,-0.013131140076005072,-0.013667183145543025,0.015334537333333356,-0.008155312666666671,341.56
44.816,-0.012531140076005054,-0.014267183145543042,0.01550453733333336,-0.008675312666666664,341.56
44.82,-0.011761140076005061,-0.014947183145543028,0.01584453733333331,-0.00901531266666667,341.56
44.824,-0.010991140076005068,-0.015547183145543046,0.016014537333333315,-0.009355312666666678,341.56
44.828,-0.010311140076005055,-0.01622718314554303,0.016014537333333315,-0.010035312666666664,341.56
44.832,-0.009461140076005065,-0.01682718314554305,0.016184537333333318,-0.010895312666666664,341.56
44.836,-0.008771140076005069,-0.01742718314554304,0.016274537333333353,-0.011575312666666678,341.56
44.84,-0.008001140076005076,-0.018027183145543028,0.016444537333333356,-0.012175312666666667,341.56
44.844,-0.007411140076005069,-0.018617183145543035,0.01669453733333333,-0.01294531266666666,341.56
44.848,-0.006811140076005079,-0.019137183145543028,0.01695453733333331,-0.013795312666666677,341.56
44.852,-0.005961140076005062,-0.019647183145543038,0.017044537333333346,-0.014475312666666663,341.56
44.856,-0.004851140076005062,-0.020067183145543042,0.017124537333333315,-0.014995312666666656,341.56
44.86,-0.0038211400760050592,-0.02041718314554303,0.017124537333333315,-0.015585312666666663,341.56
44.864,-0.0027111400760050594,-0.020757183145543038,0.017294537333333318,-0.016105312666666656,341.56
44.868,-0.0018611400760050697,-0.021097183145543045,0.017384537333333352,-0.016695312666666663,341.56
44.872,-0.0015211400760050627,-0.02152718314554303,0.017384537333333352,-0.017295312666666653,341.56
44.876,-0.0016911400760050662,-0.021947183145543035,0.01746453733333332,-0.017805312666666663,341.56
44.88,-0.0015211400760050627,-0.022207183145543045,0.01746453733333332,-0.018235312666666677,341.56
44.884,-0.0010911400760050768,-0.022467183145543027,0.01746453733333332,-0.018665312666666663,341.56
44.888,-0.0004911400760050596,-0.022547183145543024,0.017384537333333352,-0.01900531266666667,341.56
44.892,0.00018885992399492657,-0.022807183145543034,0.017124537333333315,-0.019435312666666656,341.56
44.896,0.0007888599239949438,-0.022807183145543034,0.017044537333333346,-0.019945312666666666,341.56
44.9,0.0012988599239949264,-0.022807183145543034,0.017044537333333346,-0.020455312666666677,341.56
44.904,0.0018988599239949436,-0.022717183145543027,0.017044537333333346,-0.020885312666666662,341.56
44.908,0.00257885992399493,-0.022807183145543034,0.016784537333333308,-0.020885312666666662,341.56
44.912,0.0030988599239949225,-0.022807183145543034,0.01669453733333333,-0.021135312666666663,341.56
44.916,0.003518859923994926,-0.022807183145543034,0.01661453733333336,-0.021395312666666673,341.56
44.92,0.004118859923994944,-0.022717183145543027,0.01635453733333332,-0.021565312666666676,341.56
44.924,0.0046288599239949265,-0.022467183145543027,0.016184537333333318,-0.021655312666666655,341.56
44.928,0.0049688599239949335,-0.022297183145543024,0.015764537333333342,-0.021905312666666656,341.56
44.932,0.005488859923994926,-0.02203718314554304,0.015414537333333325,-0.021905312666666656,341.56
44.936,0.006258859923994947,-0.021697183145543034,0.015334537333333356,-0.02182531266666666,341.56
44.94,0.0067688599239949295,-0.021697183145543034,0.015164537333333353,-0.021905312666666656,341.56
44.944,0.007188859923994933,-0.02152718314554303,0.01499453733333335,-0.021905312666666656,341.56
44.948,0.007538859923994922,-0.021007183145543038,0.014904537333333315,-0.02182531266666666,341.56
44.952,0.00787885992399493,-0.02041718314554303,0.014564537333333308,-0.021565312666666676,341.56
44.956,0.008298859923994933,-0.019987183145543045,0.014224537333333356,-0.02147531266666667,341.56
44.96,0.008898859923994923,-0.01955718314554303,0.01388453733333335,-0.02122531266666667,341.56
44.964,0.009498859923994912,-0.019137183145543028,0.013714537333333346,-0.02096531266666666,341.56
44.968,0.010008859923994922,-0.01878718314554304,0.013364537333333329,-0.020625312666666652,341.56
44.972,0.010438859923994908,-0.018277183145543028,0.012944537333333353,-0.020195312666666666,341.56
44.976,0.010778859923994915,-0.017597183145543042,0.012604537333333346,-0.019775312666666663,341.56
44.98,0.011208859923994957,-0.01708718314554303,0.01217453733333336,-0.019515312666666652,341.56
44.984,0.011718859923994912,-0.016487183145543042,0.011744537333333319,-0.019085312666666666,341.56
44.988,0.012148859923994953,-0.015807183145543028,0.011404537333333312,-0.018665312666666663,341.56
44.992,0.01248885992399496,-0.015117183145543032,0.010974537333333326,-0.018235312666666677,341.56
44.996,0.012828859923994912,-0.014267183145543042,0.010464537333333315,-0.01789531266666667,341.56
45.0,0.013258859923994953,-0.013327183145543046,0.00995453733333336,-0.01738531266666666,341.56
45.004,0.013678859923994929,-0.01212718314554304,0.009354537333333315,-0.016615312666666666,341.56
45.008,0.014028859923994946,-0.010937183145543043,0.00884453733333336,-0.01592531266666667,341.56
45.012,0.014448859923994922,-0.009997183145543046,0.008414537333333347,-0.015075312666666653,341.56
45.016,0.014968859923994942,-0.008967183145543043,0.007984537333333333,-0.01430531266666666,341.56
45.02,0.015388859923994918,-0.007857183145543043,0.00756453733333333,-0.013025312666666657,341.56
45.024,0.015728859923994924,-0.006667183145543046,0.006964537333333341,-0.01208531266666666,341.56
45.028,0.015988859923994906,-0.005467183145543039,0.00645453733333333,-0.011145312666666664,341.56
45.032,0.01615885992399491,-0.004277183145543042,0.005854537333333341,-0.009955312666666667,341.56
45.036,0.016498859923994916,-0.003077183145543036,0.005254537333333324,-0.009265312666666671,341.56
45.04,0.016838859923994923,-0.0018871831455430392,0.004654537333333334,-0.009525312666666653,341.56
45.044,0.016928859923994958,-0.0006871831455430327,0.004144537333333324,-0.009435312666666675,341.56
45.048,0.017008859923994927,0.000502816854456964,0.0038045373333333446,-0.008845312666666667,341.56
45.052,0.01726885992399491,0.001612816854456964,0.0032045373333333274,-0.008325312666666675,341.56
45.056,0.017438859923994913,0.0011028168544569535,0.0025245373333333413,-0.007645312666666661,341.56
45.06,0.01769885992399495,-0.0010271831455430395,0.0014945373333333381,-0.007045312666666671,341.56
45.064,0.01777885992399492,-0.0012871831455430497,0.0007345373333333275,-0.006365312666666657,341.56
45.068,0.018038859923994958,-0.0010271831455430395,0.00013453733333333804,-0.006025312666666678,341.56
45.072,0.018208859923994906,-0.0006871831455430327,-0.00046546266666667915,-0.005425312666666661,341.56
45.076,0.018468859923994944,-7.183145543046489e-06,-0.0008954626666666651,-0.004655312666666668,341.56
45.08,0.018548859923994913,0.000502816854456964,-0.0013154626666666688,-0.0038053126666666784,341.56
45.084,0.018548859923994913,0.0011028168544569535,-0.0018354626666666615,-0.0028653126666666542,341.56
45.088,0.018638859923994947,0.0018728168544569742,-0.002255462666666665,-0.0017553126666666544,341.56
45.092,0.018638859923994947,0.002722816854456964,-0.0025154626666666754,-0.0006453126666666545,341.56
45.096,0.018548859923994913,0.003072816854456953,-0.0028554626666666546,0.0002946873333333419,341.56
45.1,0.018638859923994947,0.0034928168544569567,-0.0036254626666666753,0.0012346873333333383,341.56
45.104,0.018638859923994947,0.00392281685445697,-0.004735462666666675,0.002424687333333335,341.56
45.108,0.018548859923994913,0.004432816854456953,-0.005925462666666672,0.0036246873333333415,341.56
45.112,0.018548859923994913,0.005122816854456977,-0.007035462666666672,0.004824687333333348,341.56
45.116,0.01829885992399494,0.006232816854456977,-0.008065462666666676,0.006014687333333345,341.56
45.12,0.018038859923994958,0.007162816854456963,-0.009175462666666676,0.007214687333333324,341.56
45.124,0.01777885992399492,0.0074228168544569735,-0.009855462666666662,0.008404687333333348,341.56
45.128,0.01777885992399492,0.007852816854456959,-0.010455462666666679,0.009604687333333355,341.56
45.132,0.01777885992399492,0.008362816854456969,-0.011225462666666672,0.010794687333333323,341.56
45.136,0.01769885992399495,0.008962816854456986,-0.011825462666666661,0.011824687333333354,341.56
45.14,0.017358859923994944,0.009212816854456959,-0.012415462666666668,0.011994687333333358,341.56
45.144,0.017098859923994906,0.009562816854456976,-0.012845462666666654,0.010194687333333334,341.56
45.148,0.016928859923994958,0.010072816854456986,-0.013525462666666668,0.008064687333333341,341.56
45.152,0.01658885992399495,0.010672816854456976,-0.014125462666666658,0.007894687333333338,341.56
45.156,0.016248859923994944,0.011092816854456952,-0.014805462666666672,0.008154687333333348,341.56
45.16,0.015728859923994924,0.011522816854456937,-0.015405462666666661,0.008404687333333348,341.56
45.164,0.01530885992399495,0.012032816854456948,-0.016095462666666657,0.008744687333333327,341.56
45.168,0.014968859923994942,0.01246281685445699,-0.016685462666666664,0.009174687333333313,341.56
45.172,0.014538859923994956,0.012892816854456975,-0.017455462666666657,0.009684687333333324,341.56
45.176,0.014028859923994946,0.013312816854456951,-0.018055462666666675,0.01011468733333331,341.56
45.18,0.013678859923994929,0.013652816854456958,-0.018565462666666657,0.010454687333333317,341.56
45.184,0.01359885992399496,0.014002816854456975,-0.018905462666666664,0.010714687333333354,341.56
45.188,0.013338859923994922,0.014422816854456951,-0.019165462666666674,0.011054687333333361,341.56
45.192,0.012738859923994933,0.014942816854456972,-0.019675462666666657,0.01173468733333332,341.56
45.196,0.012058859923994919,0.015362816854456948,-0.020185462666666668,0.012164687333333361,341.56
45.2,0.011548859923994908,0.015622816854456986,-0.020615462666666654,0.012504687333333313,341.56
45.204,0.011038859923994953,0.015702816854456954,-0.020785462666666657,0.012934687333333354,341.56
45.208,0.010438859923994908,0.015962816854456937,-0.021125462666666664,0.01344468733333331,341.56
45.212,0.009928859923994953,0.016222816854456975,-0.02146546266666667,0.014044687333333354,341.56
45.216,0.00923885992399493,0.016472816854456947,-0.021725462666666653,0.014554687333333309,341.56
45.22,0.008728859923994947,0.01664281685445695,-0.021985462666666664,0.01498468733333335,341.56
45.224,0.008048859923994933,0.01690281685445699,-0.022235462666666664,0.015324687333333357,341.56
45.228,0.0071088599239949365,0.016982816854456958,-0.02232546266666667,0.015494687333333361,341.56
45.232,0.0063388599239949436,0.01724281685445694,-0.022585462666666653,0.015834687333333312,341.56
45.236,0.00565885992399493,0.017412816854456944,-0.022755462666666657,0.01617468733333332,341.56
45.24,0.0049688599239949335,0.017672816854456982,-0.022755462666666657,0.016514687333333326,341.56
45.244,0.004288859923994947,0.017672816854456982,-0.022755462666666657,0.01677468733333331,341.56
45.248,0.0037788599239949364,0.01775281685445695,-0.022665462666666678,0.017034687333333347,341.56
45.252,0.0033488599239949227,0.01775281685445695,-0.022585462666666653,0.01720468733333335,341.56
45.256,0.0029288599239949468,0.01775281685445695,-0.02232546266666667,0.017454687333333323,341.56
45.26,0.002238859923994923,0.01775281685445695,-0.022235462666666664,0.017544687333333357,341.56
45.264,0.0012988599239949264,0.017672816854456982,-0.021985462666666664,0.01779468733333333,341.56
45.268,0.0002788599239949333,0.017672816854456982,-0.021895462666666657,0.01788468733333331,341.56
45.272,-0.0005811400760050663,0.01775281685445695,-0.021555462666666678,0.018144687333333347,341.56
45.276,-0.001341140076005077,0.017672816854456982,-0.021125462666666664,0.018224687333333316,341.56
45.28,-0.002031140076005073,0.017412816854456944,-0.02070546266666666,0.01831468733333335,341.56
45.284,-0.0030511400760050663,0.017412816854456944,-0.020275462666666674,0.018224687333333316,341.56
45.288,-0.0039111400760050655,0.017332816854456975,-0.019935462666666667,0.018224687333333316,341.56
45.292,-0.004851140076005062,0.017072816854456937,-0.019505462666666654,0.01831468733333335,341.56
45.296,-0.005611140076005073,0.017072816854456937,-0.01899546266666667,0.01831468733333335,341.56
45.3,-0.006471140076005072,0.01716281685445697,-0.018565462666666657,0.01831468733333335,341.56
45.304,-0.007321140076005062,0.016982816854456958,-0.018315462666666657,0.01831468733333335,341.56
45.308,-0.008181140076005062,0.01690281685445699,-0.017715462666666668,0.018144687333333347,341.56
45.312,-0.008941140076005072,0.01664281685445695,-0.01702546266666667,0.01788468733333331,341.56
45.316,-0.009711140076005065,0.01639281685445698,-0.016435462666666664,0.01779468733333333,341.56
45.32,-0.010481140076005058,0.01605281685445697,-0.015745462666666668,0.017544687333333357,341.56
45.324,-0.011081140076005075,0.015702816854456954,-0.01515546266666666,0.01728468733333332,341.56
45.328,-0.011421140076005054,0.015622816854456986,-0.014555462666666671,0.017034687333333347,341.56
45.332,-0.011591140076005058,0.015282816854456979,-0.014045462666666661,0.016944687333333312,341.56
45.336,-0.011251140076005079,0.014942816854456972,-0.013445462666666672,0.01660468733333336,341.56
45.34,-0.011681140076005065,0.014592816854456955,-0.012845462666666654,0.016344687333333323,341.56
45.344,-0.013811140076005058,0.014342816854456982,-0.012075462666666661,0.01609468733333335,341.56
45.348,-0.014921140076005058,0.014002816854456975,-0.011475462666666672,0.015834687333333312,341.56
45.352,-0.01578114007600506,0.013652816854456958,-0.010715462666666661,0.01566468733333331,341.56
45.356,-0.016631140076005076,0.013232816854456982,-0.010025462666666665,0.015324687333333357,341.56
45.36,-0.017311140076005063,0.012892816854456975,-0.009255462666666672,0.01506468733333332,341.56
45.364,-0.01800114007600506,0.01246281685445699,-0.008405462666666655,0.014554687333333309,341.56
45.368,-0.018591140076005066,0.011952816854456979,-0.007725462666666668,0.014124687333333323,341.56
45.372,-0.01902114007600508,0.011602816854456962,-0.007035462666666672,0.013784687333333316,341.56
45.376,-0.019451140076005066,0.011182816854456986,-0.0060154626666666785,0.01335468733333333,341.56
45.38,-0.020041140076005073,0.010752816854456945,-0.005245462666666658,0.01276468733333335,341.56
45.384,-0.02073114007600507,0.010322816854456959,-0.004475462666666665,0.012164687333333361,341.56
45.388,-0.02124114007600508,0.009982816854456952,-0.0035354626666666686,0.01173468733333332,341.56
45.392,-0.021671140076005065,0.009642816854456945,-0.0025154626666666754,0.011394687333333313,341.56
45.396,-0.02209114007600507,0.00913281685445699,-0.001575462666666679,0.010964687333333327,341.56
45.4,-0.022271140076005055,0.008362816854456969,-0.0006354626666666549,0.010544687333333351,341.56
45.404,-0.022521140076005055,0.007932816854456955,0.0003045373333333415,0.01002468733333333,341.56
45.408,-0.022781140076005065,0.0075128168544569525,0.001244537333333338,0.009344687333333317,341.56
45.412,-0.022861140076005062,0.006912816854456963,0.0021845373333333343,0.008834687333333362,341.56
45.416,-0.023121140076005072,0.006312816854456974,0.0031245373333333307,0.008324687333333324,341.56
45.42,-0.023291140076005076,0.00588281685445696,0.004064537333333327,0.007804687333333331,341.56
45.424,-0.023291140076005076,0.005542816854456953,0.004834537333333348,0.007214687333333324,341.56
45.428,-0.02320114007600507,0.005462816854456956,0.0050045373333333235,0.006864687333333334,341.56
45.432,-0.02320114007600507,0.005122816854456977,0.0045745373333333375,0.006354687333333324,341.56
45.436,-0.023291140076005076,0.004182816854456953,0.004314537333333327,0.005844687333333341,341.56
45.44,-0.023291140076005076,0.0034928168544569567,0.004654537333333334,0.005244687333333324,341.56
45.444,-0.02320114007600507,0.0029028168544569773,0.005174537333333327,0.004734687333333341,341.56
45.448,-0.02295114007600507,0.0022128168544569534,0.005854537333333341,0.004224687333333331,341.56
45.452,-0.02269114007600506,0.0014428168544569605,0.006364537333333324,0.0036246873333333415,341.56
45.456,-0.022441140076005058,0.0007628168544569742,0.006964537333333341,0.003114687333333331,341.56
45.46,-0.02235114007600508,-0.0002571831455430467,0.00756453733333333,0.002684687333333345,341.56
45.464,-0.021921140076005066,-0.0011171831455430463,0.007984537333333333,0.0021746873333333347,341.56
45.468,-0.021501140076005062,-0.0018871831455430392,0.008504537333333353,0.0015746873333333453,341.56
45.472,-0.02133114007600506,-0.0025671831455430253,0.009094537333333333,0.0010646873333333348,341.56
45.476,-0.021071140076005076,-0.0031671831455430425,0.009614537333333353,0.00037468733333333865,341.56
45.48,-0.020391140076005062,-0.0039371831455430354,0.01003453733333333,-0.00047531266666667876,341.56
45.484,-0.01962114007600507,-0.004787183145543025,0.010464537333333315,-0.0009853126666666615,341.56
45.488,-0.01911114007600506,-0.0056371831455430425,0.010894537333333357,-0.0015853126666666786,341.56
45.492,-0.01876114007600507,-0.006327183145543039,0.011404537333333312,-0.002185312666666668,341.56
45.496,-0.018341140076005066,-0.006917183145543046,0.012004537333333357,-0.0027753126666666753,341.56
45.5,-0.01791114007600508,-0.007687183145543039,0.012514537333333312,-0.0033753126666666647,341.56
45.504,-0.01740114007600507,-0.00854718314554304,0.01277453733333335,-0.003975312666666654,341.56
45.508,-0.01680114007600508,-0.009317183145543032,0.013114537333333356,-0.004655312666666668,341.56
45.512,-0.016201140076005063,-0.00990718314554304,0.013714537333333346,-0.0052553126666666575,341.56
45.516,-0.015521140076005075,-0.010597183145543036,0.014134537333333322,-0.005855312666666675,341.56
45.52,-0.014921140076005058,-0.011447183145543025,0.014474537333333329,-0.006365312666666657,341.56
45.524,-0.014241140076005071,-0.01212718314554304,0.014654537333333342,-0.007215312666666675,341.56
45.528,-0.013731140076005061,-0.012647183145543032,0.01499453733333335,-0.0077353126666666674,341.56
45.532,-0.013131140076005072,-0.013407183145543042,0.015334537333333356,-0.007985312666666668,341.56
45.536,-0.012531140076005054,-0.014177183145543035,0.015764537333333342,-0.008325312666666675,341.56
45.54,-0.011761140076005061,-0.014777183145543025,0.015934537333333346,-0.008845312666666667,341.56
45.544,-0.011081140076005075,-0.015377183145543042,0.016014537333333315,-0.009435312666666675,341.56
45.548,-0.010311140076005055,-0.01597718314554303,0.01610453733333335,-0.010205312666666667,341.56
45.552,-0.009881140076005069,-0.01656718314554304,0.016274537333333353,-0.010895312666666664,341.56
45.556,-0.008861140076005075,-0.017167183145543028,0.016524537333333325,-0.011575312666666678,341.56
45.56,-0.008181140076005062,-0.017767183145543045,0.01669453733333333,-0.012175312666666667,341.56
45.564,-0.007661140076005069,-0.018277183145543028,0.01695453733333331,-0.01294531266666666,341.56
45.568,-0.006811140076005079,-0.018877183145543045,0.01695453733333331,-0.01370531266666667,341.56
45.572,-0.005961140076005062,-0.019477183145543035,0.017124537333333315,-0.014395312666666667,341.56
45.576,-0.004931140076005059,-0.01989718314554304,0.017384537333333352,-0.014995312666666656,341.56
45.58,-0.0042511400760050725,-0.020327183145543024,0.017384537333333352,-0.01567531266666667,341.56
45.584,-0.0033111400760050765,-0.020837183145543035,0.01746453733333332,-0.016185312666666653,341.56
45.588,-0.002541140076005056,-0.02117718314554304,0.01746453733333332,-0.016695312666666663,341.56
45.592,-0.00211114007600507,-0.02126718314554305,0.01746453733333332,-0.017295312666666653,341.56
45.596,-0.0018611400760050697,-0.021607183145543028,0.017384537333333352,-0.017725312666666666,341.56
45.6,-0.0016911400760050662,-0.021867183145543038,0.017384537333333352,-0.01814531266666667,341.56
45.604,-0.0011711400760050735,-0.022117183145543038,0.01746453733333332,-0.018575312666666656,341.56
45.608,-0.0006611400760050631,-0.022377183145543048,0.01746453733333332,-0.01900531266666667,341.56
45.612,0.00010885992399492983,-0.022467183145543027,0.017384537333333352,-0.019345312666666677,341.56
45.616,0.000698859923994937,-0.022717183145543027,0.01721453733333335,-0.019775312666666663,341.56
45.62,0.0012988599239949264,-0.022807183145543034,0.017044537333333346,-0.020285312666666673,341.56
45.624,0.0018988599239949436,-0.022807183145543034,0.01695453733333331,-0.02071531266666666,341.56
45.628,0.00257885992399493,-0.022807183145543034,0.01669453733333333,-0.02096531266666666,341.56
45.632,0.0030988599239949225,-0.022807183145543034,0.01669453733333333,-0.02122531266666667,341.56
45.636,0.003518859923994926,-0.022717183145543027,0.01661453733333336,-0.02147531266666667,341.56
45.64,0.004118859923994944,-0.022547183145543024,0.01635453733333332,-0.021565312666666676,341.56
45.644,0.00454885992399493,-0.022717183145543027,0.016184537333333318,-0.02182531266666666,341.56
45.648,0.00505885992399494,-0.022467183145543027,0.01584453733333331,-0.02182531266666666,341.56
45.652,0.00565885992399493,-0.022117183145543038,0.015584537333333329,-0.02182531266666666,341.56
45.656,0.006258859923994947,-0.021947183145543035,0.015414537333333325,-0.021905312666666656,341.56
45.66,0.006678859923994923,-0.021607183145543028,0.015164537333333353,-0.021905312666666656,341.56
45.664,0.00701885992399493,-0.02117718314554304,0.01499453733333335,-0.021905312666666656,341.56
45.668,0.0074488599239949434,-0.020837183145543035,0.014904537333333315,-0.02182531266666666,341.56
45.672,0.00787885992399493,-0.02041718314554303,0.014564537333333308,-0.02182531266666666,341.56
45.676,0.00838885992399494,-0.019987183145543045,0.014224537333333356,-0.021565312666666676,341.56
45.68,0.009068859923994926,-0.01955718314554303,0.013794537333333315,-0.021395312666666673,341.56
45.684,0.009498859923994912,-0.019137183145543028,0.013534537333333332,-0.021135312666666663,341.56
45.688,0.010008859923994922,-0.01870718314554304,0.01328453733333336,-0.021055312666666666,341.56
45.692,0.010438859923994908,-0.018277183145543028,0.012944537333333353,-0.02071531266666666,341.56
45.696,0.010698859923994946,-0.017847183145543042,0.012514537333333312,-0.020285312666666673,341.56
45.7,0.011208859923994957,-0.017167183145543028,0.011914537333333322,-0.01985531266666666,341.56
45.704,0.011628859923994933,-0.016657183145543045,0.011314537333333333,-0.019435312666666656,341.56
45.708,0.012058859923994919,-0.016057183145543028,0.010894537333333357,-0.018915312666666663,341.56
45.712,0.01248885992399496,-0.015207183145543039,0.01055453733333335,-0.018325312666666656,341.56
45.716,0.012828859923994912,-0.014437183145543046,0.010124537333333308,-0.017805312666666663,341.56
45.72,0.013258859923994953,-0.013237183145543039,0.009694537333333322,-0.01738531266666666,341.56
45.724,0.013678859923994929,-0.012297183145543043,0.009354537333333315,-0.016865312666666667,341.56
45.728,0.014108859923994915,-0.011707183145543035,0.00892453733333333,-0.01627531266666666,341.56
45.732,0.014538859923994956,-0.011107183145543046,0.008244537333333343,-0.015585312666666663,341.56
45.736,0.014878859923994908,-0.010677183145543032,0.007644537333333327,-0.014475312666666663,341.56
45.74,0.01530885992399495,-0.010257183145543029,0.007134537333333344,-0.013625312666666674,341.56
45.744,0.015728859923994924,-0.009737183145543036,0.006794537333333337,-0.012855312666666653,341.56
45.748,0.015988859923994906,-0.009227183145543025,0.006284537333333327,-0.012005312666666663,341.56
45.752,0.01615885992399491,-0.008717183145543043,0.005594537333333331,-0.011065312666666667,341.56
45.756,0.016498859923994916,-0.008207183145543032,0.005084537333333348,-0.01012531266666667,341.56
45.76,0.016928859923994958,-0.007687183145543039,0.004484537333333331,-0.009185312666666674,341.56
45.764,0.01726885992399491,-0.007177183145543028,0.0038945373333333236,-0.00875531266666666,341.56
45.768,0.017438859923994913,-0.006667183145543046,0.0032045373333333274,-0.008845312666666667,341.56
45.772,0.017438859923994913,-0.005727183145543049,0.0028645373333333205,-0.008155312666666671,341.56
45.776,0.017438859923994913,-0.0039371831455430354,0.002354537333333338,-0.007815312666666664,341.56
45.78,0.01769885992399495,-0.002307183145543043,0.0017545373333333206,-0.007305312666666654,341.56
45.784,0.017868859923994954,-0.0018871831455430392,0.0007345373333333275,-0.006705312666666664,341.56
45.788,0.018208859923994906,-0.0015471831455430322,4.45373333333313e-05,-0.006105312666666675,341.56
45.792,0.01829885992399494,-0.0010271831455430395,-0.00029546266666667566,-0.005685312666666671,341.56
45.796,0.018548859923994913,-0.00043718314554303244,-0.0008954626666666651,-0.004745312666666675,341.56
45.8,0.018548859923994913,8.281685445696025e-05,-0.0014054626666666755,-0.003975312666666654,341.56
45.804,0.018638859923994947,0.0007628168544569742,-0.0017454626666666547,-0.0033753126666666647,341.56
45.808,0.018548859923994913,0.001612816854456964,-0.002005462666666665,-0.002525312666666675,341.56
45.812,0.018548859923994913,0.00230281685445696,-0.002255462666666665,-0.0013253126666666684,341.56
45.816,0.018548859923994913,0.0031528168544569498,-0.002255462666666665,0.00012468733333333842,341.56
45.82,0.018548859923994913,0.0038328168544569637,-0.003365462666666665,0.001314687333333335,341.56
45.824,0.018638859923994947,0.00452281685445696,-0.004645462666666668,0.0025146873333333417,341.56
45.828,0.018548859923994913,0.005372816854456977,-0.005845462666666675,0.003884687333333324,341.56
45.832,0.018548859923994913,0.00614281685445697,-0.007035462666666672,0.005334687333333331,341.56
45.836,0.018548859923994913,0.006482816854456977,-0.007975462666666669,0.006784687333333338,341.56
45.84,0.01837885992399491,0.00674281685445696,-0.008915462666666665,0.008234687333333345,341.56
45.844,0.018208859923994906,0.007162816854456963,-0.009775462666666665,0.009684687333333324,341.56
45.848,0.017868859923994954,0.007682816854456956,-0.010365462666666672,0.01113468733333333,341.56
45.852,0.017868859923994954,0.007932816854456955,-0.011135462666666665,0.012594687333333347,341.56
45.856,0.017868859923994954,0.008452816854456976,-0.011735462666666654,0.014044687333333354,341.56
45.86,0.01769885992399495,0.009042816854456955,-0.012415462666666668,0.015404687333333326,341.56
45.864,0.017358859923994944,0.009562816854456976,-0.012935462666666661,0.015404687333333326,341.56
45.868,0.017098859923994906,0.009902816854456983,-0.013615462666666675,0.01233468733333331,341.56
45.872,0.016838859923994923,0.010412816854456938,-0.014295462666666661,0.00900468733333331,341.56
45.876,0.016498859923994916,0.011092816854456952,-0.014895462666666678,0.008494687333333355,341.56
45.88,0.01607885992399494,0.011602816854456962,-0.015235462666666658,0.008744687333333327,341.56
45.884,0.015648859923994955,0.012032816854456948,-0.015745462666666668,0.00891468733333333,341.56
45.888,0.01530885992399495,0.01246281685445699,-0.016435462666666664,0.009264687333333348,341.56
45.892,0.014968859923994942,0.01280281685445694,-0.017115462666666678,0.009684687333333324,341.56
45.896,0.014538859923994956,0.013232816854456982,-0.017965462666666668,0.01011468733333331,341.56
45.9,0.013938859923994911,0.01357281685445699,-0.018395462666666654,0.010544687333333351,341.56
45.904,0.013428859923994957,0.014082816854456944,-0.01873546266666666,0.010884687333333358,341.56
45.908,0.013168859923994919,0.014512816854456986,-0.019165462666666674,0.01113468733333333,341.56
45.912,0.012828859923994912,0.014942816854456972,-0.019765462666666664,0.011654687333333351,341.56
45.916,0.012398859923994926,0.015362816854456948,-0.020185462666666668,0.012164687333333361,341.56
45.92,0.011888859923994915,0.015532816854456951,-0.020615462666666654,0.012594687333333347,341.56
45.924,0.011288859923994926,0.015702816854456954,-0.02095546266666666,0.013014687333333323,341.56
45.928,0.010698859923994946,0.01605281685445697,-0.02121546266666667,0.01344468733333331,341.56
45.932,0.010098859923994957,0.016222816854456975,-0.021555462666666678,0.014044687333333354,341.56
45.936,0.009498859923994912,0.016222816854456975,-0.02181546266666666,0.014554687333333309,341.56
45.94,0.008818859923994954,0.016562816854456982,-0.02206546266666666,0.01498468733333335,341.56
45.944,0.00812885992399493,0.016812816854456954,-0.022405462666666667,0.015404687333333326,341.56
45.948,0.00727885992399494,0.016982816854456958,-0.022665462666666678,0.01566468733333331,341.56
45.952,0.006678859923994923,0.01724281685445694,-0.022665462666666678,0.015834687333333312,341.56
45.956,0.005828859923994933,0.01724281685445694,-0.022665462666666678,0.01617468733333332,341.56
45.96,0.005148859923994947,0.017412816854456944,-0.022755462666666657,0.016514687333333326,341.56
45.964,0.00454885992399493,0.017672816854456982,-0.022665462666666678,0.01668468733333333,341.56
45.968,0.0037788599239949364,0.01775281685445695,-0.022665462666666678,0.016944687333333312,341.56
45.972,0.0031788599239949192,0.017672816854456982,-0.022665462666666678,0.017114687333333316,341.56
45.976,0.00283885992399494,0.01775281685445695,-0.022495462666666674,0.017454687333333323,341.56
45.98,0.002158859923994926,0.017672816854456982,-0.02232546266666667,0.01779468733333333,341.56
45.984,0.0013888599239949332,0.01775281685445695,-0.022155462666666667,0.017974687333333343,341.56
45.988,0.0005288599239949335,0.01775281685445695,-0.02181546266666666,0.018144687333333347,341.56
45.992,-0.0003211400760050561,0.017672816854456982,-0.021555462666666678,0.01831468733333335,341.56
45.996,-0.0012611400760050803,0.01750281685445698,-0.021125462666666664,0.01831468733333335,341.56
46.0,-0.0022811400760050734,0.017412816854456944,-0.020785462666666657,0.01839468733333332,341.56
46.004,-0.003141140076005073,0.017332816854456975,-0.020535462666666657,0.018654687333333357,341.56
46.008,-0.0039111400760050655,0.017332816854456975,-0.020185462666666668,0.018564687333333323,341.56
46.012,-0.004671140076005076,0.01716281685445697,-0.019765462666666664,0.01839468733333332,341.56
46.016,-0.005271140076005066,0.01716281685445697,-0.019165462666666674,0.018484687333333354,341.56
46.02,-0.006131140076005065,0.016982816854456958,-0.018655462666666664,0.018484687333333354,341.56
46.024,-0.007151140076005058,0.016982816854456958,-0.018225462666666678,0.01831468733333335,341.56
46.028,-0.008001140076005076,0.016812816854456954,-0.017715462666666668,0.01831468733333335,341.56
46.032,-0.008941140076005072,0.016472816854456947,-0.01702546266666667,0.018224687333333316,341.56
46.036,-0.009711140076005065,0.016222816854456975,-0.016435462666666664,0.017974687333333343,341.56
46.04,-0.010481140076005058,0.01605281685445697,-0.015835462666666675,0.01779468733333333,341.56
46.044,-0.011251140076005079,0.01579281685445699,-0.015325462666666664,0.017544687333333357,341.56
46.048,-0.012021140076005072,0.015622816854456986,-0.014635462666666668,0.017454687333333323,341.56
46.052,-0.012271140076005072,0.015282816854456979,-0.014045462666666661,0.017114687333333316,341.56
46.056,-0.012531140076005054,0.014942816854456972,-0.013355462666666665,0.01677468733333331,341.56
46.06,-0.012961140076005068,0.014592816854456955,-0.012765462666666658,0.01668468733333333,341.56
46.064,-0.013901140076005064,0.014342816854456982,-0.012165462666666668,0.01660468733333336,341.56
46.068,-0.014581140076005078,0.014002816854456975,-0.011565462666666679,0.016264687333333354,341.56
46.072,-0.015521140076005075,0.013652816854456958,-0.010965462666666662,0.015754687333333343,341.56
46.076,-0.016461140076005073,0.013312816854456951,-0.010285462666666675,0.015324687333333357,341.56
46.08,-0.01714114007600506,0.01280281685445694,-0.009345462666666679,0.01498468733333335,341.56
46.084,-0.01791114007600508,0.012372816854456955,-0.008575462666666658,0.014644687333333344,341.56
46.088,-0.018421140076005062,0.011952816854456979,-0.007805462666666665,0.014214687333333358,341.56
46.092,-0.01902114007600508,0.011602816854456962,-0.006525462666666661,0.013784687333333316,341.56
46.096,-0.019531140076005062,0.011522816854456937,-0.004815462666666672,0.01335468733333333,341.56
46.1,-0.020041140076005073,0.011182816854456986,-0.0035354626666666686,0.01284468733333332,341.56
46.104,-0.02073114007600507,0.010672816854456976,-0.0020854626666666617,0.01224468733333333,341.56
46.108,-0.02124114007600508,0.009982816854456952,-0.00046546266666667915,0.01173468733333332,341.56
46.112,-0.02158114007600506,0.009472816854456941,0.001244537333333338,0.01122468733333331,341.56
46.116,-0.021921140076005066,0.008962816854456986,0.0029545373333333272,0.010884687333333358,341.56
46.12,-0.022181140076005076,0.008362816854456969,0.004654537333333334,0.010454687333333317,341.56
46.124,-0.022441140076005058,0.007932816854456955,0.006364537333333324,0.009944687333333362,341.56
46.128,-0.02269114007600506,0.0075128168544569525,0.00807453733333334,0.009344687333333317,341.56
46.132,-0.02295114007600507,0.007082816854456967,0.009784537333333357,0.00891468733333333,341.56
46.136,-0.02320114007600507,0.006572816854456956,0.011494537333333346,0.008494687333333355,341.56
46.14,-0.023291140076005076,0.00588281685445696,0.013194537333333325,0.007974687333333334,341.56
46.144,-0.023291140076005076,0.005542816854456953,0.013364537333333329,0.007294687333333348,341.56
46.148,-0.02320114007600507,0.005372816854456977,0.009524537333333319,0.006784687333333338,341.56
46.152,-0.02320114007600507,0.004942816854456964,0.005254537333333324,0.006274687333333327,341.56
46.156,-0.023121140076005072,0.004352816854456956,0.004314537333333327,0.005674687333333338,341.56
46.16,-0.023121140076005072,0.00366281685445696,0.004484537333333331,0.005244687333333324,341.56
46.164,-0.023121140076005072,0.0028128168544569706,0.0050045373333333235,0.004734687333333341,341.56
46.168,-0.022861140076005062,0.00230281685445696,0.005594537333333331,0.0039646873333333485,341.56
46.172,-0.02261114007600506,0.0017028168544569707,0.006284537333333327,0.003534687333333335,341.56
46.176,-0.02235114007600508,0.0007628168544569742,0.006874537333333334,0.003114687333333331,341.56
46.18,-0.022271140076005055,-8.718314554304323e-05,0.00756453733333333,0.0025146873333333417,341.56
46.184,-0.021921140076005066,-0.0006071831455430359,0.007984537333333333,0.0019146873333333245,341.56
46.188,-0.02158114007600506,-0.0012871831455430497,0.008414537333333347,0.0014846873333333385,341.56
46.192,-0.021151140076005073,-0.002307183145543043,0.00892453733333333,0.0009746873333333281,341.56
46.196,-0.020811140076005066,-0.0031671831455430425,0.009524537333333319,0.00037468733333333865,341.56
46.2,-0.020391140076005062,-0.0039371831455430354,0.01003453733333333,-0.00021531266666666854,341.56
46.204,-0.01987114007600507,-0.004877183145543032,0.010464537333333315,-0.0010753126666666682,341.56
46.208,-0.01936114007600506,-0.005387183145543042,0.010894537333333357,-0.0017553126666666544,341.56
46.212,-0.018851140076005076,-0.005807183145543046,0.011404537333333312,-0.0023553126666666716,341.56
46.216,-0.01851114007600507,-0.006747183145543042,0.011834537333333353,-0.002955312666666661,341.56
46.22,-0.01791114007600508,-0.007607183145543042,0.012084537333333326,-0.0034653126666666714,341.56
46.224,-0.017481140076005066,-0.008457183145543033,0.012604537333333346,-0.003975312666666654,341.56
46.228,-0.01689114007600506,-0.009227183145543025,0.013024537333333322,-0.004745312666666675,341.56
46.232,-0.01629114007600507,-0.009827183145543043,0.01328453733333336,-0.005425312666666661,341.56
46.236,-0.01578114007600506,-0.010597183145543036,0.013794537333333315,-0.006025312666666678,341.56
46.24,-0.015181140076005068,-0.011367183145543028,0.014224537333333356,-0.006625312666666668,341.56
46.244,-0.014581140076005078,-0.012047183145543042,0.014474537333333329,-0.007215312666666675,341.56
46.248,-0.013901140076005064,-0.012647183145543032,0.01499453733333335,-0.0077353126666666674,341.56
46.252,-0.013301140076005075,-0.013407183145543042,0.015334537333333356,-0.008075312666666674,341.56
46.256,-0.012701140076005058,-0.014177183145543035,0.01550453733333336,-0.00875531266666666,341.56
46.26,-0.012101140076005068,-0.014777183145543025,0.01584453733333331,-0.008925312666666664,341.56
46.264,-0.011251140076005079,-0.015377183145543042,0.016274537333333353,-0.008925312666666664,341.56
46.268,-0.010651140076005062,-0.01597718314554303,0.01635453733333332,-0.009955312666666667,341.56
46.272,-0.009971140076005075,-0.016657183145543045,0.01635453733333332,-0.010895312666666664,341.56
46.276,-0.009111140076005076,-0.017257183145543035,0.01661453733333336,-0.01148531266666667,341.56
46.28,-0.008431140076005062,-0.017847183145543042,0.01669453733333333,-0.01208531266666666,341.56
46.284,-0.007581140076005072,-0.018367183145543035,0.01695453733333331,-0.012775312666666656,341.56
46.288,-0.006891140076005076,-0.01870718314554304,0.01695453733333331,-0.013365312666666664,341.56
46.292,-0.006301140076005069,-0.019217183145543024,0.017124537333333315,-0.014225312666666663,341.56
46.296,-0.005531140076005076,-0.01981718314554304,0.017384537333333352,-0.014995312666666656,341.56
46.3,-0.004671140076005076,-0.020327183145543024,0.017384537333333352,-0.01567531266666667,341.56
46.304,-0.0036511400760050557,-0.020837183145543035,0.017384537333333352,-0.016185312666666653,341.56
46.308,-0.0026311400760050626,-0.02117718314554304,0.01746453733333332,-0.01678531266666667,341.56
46.312,-0.0019411400760050664,-0.02126718314554305,0.01746453733333332,-0.01738531266666666,341.56
46.316,-0.0019411400760050664,-0.021607183145543028,0.017384537333333352,-0.017805312666666663,341.56
46.32,-0.0018611400760050697,-0.021867183145543038,0.01746453733333332,-0.018235312666666677,341.56
46.324,-0.001431140076005056,-0.02203718314554304,0.017384537333333352,-0.018665312666666663,341.56
46.328,-0.0008311400760050666,-0.022297183145543024,0.01746453733333332,-0.019085312666666666,341.56
46.332,-0.00023114007600507714,-0.022467183145543027,0.01746453733333332,-0.019515312666666652,341.56
46.336,0.0006188599239949403,-0.022717183145543027,0.017294537333333318,-0.01985531266666666,341.56
46.34,0.0012988599239949264,-0.02288718314554303,0.017044537333333346,-0.020195312666666666,341.56
46.344,0.0017288599239949401,-0.023057183145543034,0.017044537333333346,-0.020545312666666656,341.56
46.348,0.002238859923994923,-0.022977183145543038,0.017044537333333346,-0.020795312666666656,341.56
46.352,0.0029288599239949468,-0.02314718314554304,0.016784537333333308,-0.021135312666666663,341.56
46.356,0.0034388599239949295,-0.023057183145543034,0.016524537333333325,-0.021395312666666673,341.56
46.36,0.0037788599239949364,-0.022547183145543024,0.016274537333333353,-0.021395312666666673,341.56
46.364,0.004288859923994947,-0.02263718314554303,0.016184537333333318,-0.021565312666666676,341.56
46.368,0.00505885992399494,-0.022717183145543027,0.015934537333333346,-0.02182531266666666,341.56
46.372,0.005488859923994926,-0.022467183145543027,0.015764537333333342,-0.021905312666666656,341.56
46.376,0.00590885992399493,-0.022117183145543038,0.015414537333333325,-0.021905312666666656,341.56
46.38,0.0064288599239949226,-0.021867183145543038,0.015164537333333353,-0.021905312666666656,341.56
46.384,0.00701885992399493,-0.021437183145543024,0.015334537333333356,-0.02182531266666666,341.56
46.388,0.0074488599239949434,-0.020837183145543035,0.015074537333333318,-0.02182531266666666,341.56
46.392,0.007958859923994926,-0.02041718314554303,0.014654537333333342,-0.02182531266666666,341.56
46.396,0.00838885992399494,-0.019987183145543045,0.01439453733333336,-0.021565312666666676,341.56
46.4,0.008728859923994947,-0.01955718314554303,0.014134537333333322,-0.021395312666666673,341.56
46.404,0.009068859923994926,-0.019137183145543028,0.013714537333333346,-0.021055312666666666,341.56
46.408,0.009588859923994946,-0.01870718314554304,0.01328453733333336,-0.020795312666666656,341.56
46.412,0.01026885992399496,-0.018277183145543028,0.012944537333333353,-0.020625312666666652,341.56
46.416,0.010698859923994946,-0.017767183145543045,0.012604537333333346,-0.020285312666666673,341.56
46.42,0.011208859923994957,-0.017167183145543028,0.01217453733333336,-0.019945312666666666,341.56
46.424,0.011628859923994933,-0.016657183145543045,0.01166453733333335,-0.019515312666666652,341.56
46.428,0.012058859923994919,-0.01597718314554303,0.01114453733333333,-0.018915312666666663,341.56
46.432,0.01248885992399496,-0.015117183145543032,0.01055453733333335,-0.018325312666666656,341.56
46.436,0.012828859923994912,-0.014437183145543046,0.01003453733333333,-0.01789531266666667,341.56
46.44,0.013168859923994919,-0.013237183145543039,0.009614537333333353,-0.017465312666666656,341.56
46.444,0.01359885992399496,-0.01212718314554304,0.009184537333333312,-0.01678531266666667,341.56
46.448,0.014108859923994915,-0.011187183145543043,0.00884453733333336,-0.016185312666666653,341.56
46.452,0.014538859923994956,-0.01016718314554305,0.008334537333333322,-0.015585312666666663,341.56
46.456,0.014878859923994908,-0.00905718314554305,0.007644537333333327,-0.01481531266666667,341.56
46.46,0.015138859923994946,-0.007857183145543043,0.007134537333333344,-0.013885312666666656,341.56
46.464,0.015388859923994918,-0.006667183145543046,0.006794537333333337,-0.013285312666666667,341.56
46.468,0.015818859923994958,-0.005467183145543039,0.006284537333333327,-0.012685312666666677,341.56
46.472,0.016248859923994944,-0.004277183145543042,0.005594537333333331,-0.011745312666666653,341.56
46.476,0.01658885992399495,-0.003077183145543036,0.005084537333333348,-0.01072531266666666,341.56
46.48,0.016838859923994923,-0.0018871831455430392,0.004654537333333334,-0.010375312666666671,341.56
46.484,0.017008859923994927,-0.0006871831455430327,0.004064537333333327,-0.009695312666666657,341.56
46.488,0.017358859923994944,0.000502816854456964,0.003634537333333341,-0.009095312666666668,341.56
46.492,0.017528859923994947,0.0010228168544569568,0.003034537333333324,-0.00850531266666666,341.56
46.496,0.017438859923994913,-0.0002571831455430467,0.002614537333333348,-0.008325312666666675,341.56
46.5,0.017608859923994916,-0.0017171831455430357,0.001924537333333324,-0.007815312666666664,341.56
46.504,0.017868859923994954,-0.001967183145543036,0.0011545373333333312,-0.007045312666666671,341.56
46.508,0.018118859923994927,-0.0017971831455430324,0.000564537333333324,-0.006365312666666657,341.56
46.512,0.018208859923994906,-0.0011171831455430463,-0.00020546266666666892,-0.005855312666666675,341.56
46.516,0.018468859923994944,-0.00043718314554303244,-0.0008054626666666584,-0.0052553126666666575,341.56
46.52,0.018638859923994947,-7.183145543046489e-06,-0.0014054626666666755,-0.004655312666666668,341.56
46.524,0.018638859923994947,0.0005928168544569707,-0.002005462666666665,-0.0038053126666666784,341.56
46.528,0.018638859923994947,0.001272816854456957,-0.0024254626666666687,-0.002955312666666661,341.56
46.532,0.018638859923994947,0.0022128168544569534,-0.003025462666666658,-0.0020953126666666613,341.56
46.536,0.018548859923994913,0.0032428168544569565,-0.0037954626666666788,-0.0009853126666666615,341.56
46.54,0.018638859923994947,0.003752816854456967,-0.004395462666666668,0.00012468733333333842,341.56
46.544,0.018638859923994947,0.004352816854456956,-0.005335462666666665,0.0010646873333333348,341.56
46.548,0.018548859923994913,0.004942816854456964,-0.006275462666666661,0.002084687333333328,341.56
46.552,0.018548859923994913,0.005542816854456953,-0.007205462666666675,0.0032846873333333346,341.56
46.556,0.018468859923994944,0.00614281685445697,-0.00823546266666668,0.004474687333333331,341.56
46.56,0.018208859923994906,0.006572816854456956,-0.009005462666666672,0.005674687333333338,341.56
46.564,0.018208859923994906,0.007162816854456963,-0.009685462666666658,0.006864687333333334,341.56
46.568,0.018038859923994958,0.007852816854456959,-0.010365462666666672,0.008064687333333341,341.56
46.572,0.01769885992399495,0.008272816854456962,-0.010965462666666662,0.009264687333333348,341.56
46.576,0.017528859923994947,0.008452816854456976,-0.011735462666666654,0.010454687333333317,341.56
46.58,0.017608859923994916,0.008792816854456983,-0.012415462666666668,0.011654687333333351,341.56
46.584,0.01726885992399491,0.009472816854456941,-0.012935462666666661,0.01284468733333332,341.56
46.588,0.017008859923994927,0.009982816854456952,-0.013525462666666668,0.013274687333333361,341.56
46.592,0.016928859923994958,0.010412816854456938,-0.014045462666666661,0.011484687333333347,341.56
46.596,0.01658885992399495,0.010842816854456979,-0.014635462666666668,0.009434687333333351,341.56
46.6,0.01607885992399494,0.011262816854456955,-0.015325462666666664,0.008834687333333362,341.56
46.604,0.015648859923994955,0.011602816854456962,-0.01591546266666667,0.008664687333333358,341.56
46.608,0.01530885992399495,0.011952816854456979,-0.016685462666666664,0.009264687333333348,341.56
46.612,0.014968859923994942,0.01246281685445699,-0.01737546266666666,0.00951468733333332,341.56
46.616,0.014538859923994956,0.013142816854456948,-0.01788546266666667,0.009684687333333324,341.56
46.62,0.013938859923994911,0.013652816854456958,-0.01848546266666666,0.01002468733333333,341.56
46.624,0.013428859923994957,0.01391281685445694,-0.01899546266666667,0.01062468733333332,341.56
46.628,0.013168859923994919,0.014172816854456979,-0.019505462666666654,0.01113468733333333,341.56
46.632,0.012828859923994912,0.014512816854456986,-0.019765462666666664,0.011394687333333313,341.56
46.636,0.012398859923994926,0.014852816854456937,-0.019935462666666667,0.011824687333333354,341.56
46.64,0.011808859923994946,0.015282816854456979,-0.020275462666666674,0.012504687333333313,341.56
46.644,0.011288859923994926,0.015702816854456954,-0.02070546266666666,0.012934687333333354,341.56
46.648,0.010698859923994946,0.015962816854456937,-0.02095546266666666,0.013274687333333361,341.56
46.652,0.010098859923994957,0.01605281685445697,-0.021385462666666674,0.013784687333333316,341.56
46.656,0.009498859923994912,0.01613281685445694,-0.021645462666666657,0.014214687333333358,341.56
46.66,0.008728859923994947,0.016472816854456947,-0.021895462666666657,0.01446468733333333,341.56
46.664,0.008218859923994936,0.016732816854456985,-0.022155462666666667,0.01498468733333335,341.56
46.668,0.007618859923994947,0.016982816854456958,-0.022235462666666664,0.015404687333333326,341.56
46.672,0.006938859923994933,0.01724281685445694,-0.022405462666666667,0.015834687333333312,341.56
46.676,0.00590885992399493,0.017332816854456975,-0.022665462666666678,0.016264687333333354,341.56
46.68,0.005148859923994947,0.01750281685445698,-0.022755462666666657,0.01660468733333336,341.56
46.684,0.004458859923994923,0.017672816854456982,-0.022755462666666657,0.01677468733333331,341.56
46.688,0.0037788599239949364,0.017672816854456982,-0.022665462666666678,0.01677468733333331,341.56
46.692,0.0030988599239949225,0.017672816854456982,-0.022405462666666667,0.017114687333333316,341.56
46.696,0.0026688599239949365,0.01775281685445695,-0.02232546266666667,0.017374687333333354,341.56
46.7,0.002238859923994923,0.017672816854456982,-0.02232546266666667,0.017454687333333323,341.56
46.704,0.0015588599239949367,0.01775281685445695,-0.022235462666666664,0.01771468733333336,341.56
46.708,0.0006188599239949403,0.01775281685445695,-0.021895462666666657,0.017974687333333343,341.56
46.712,-0.00023114007600507714,0.01775281685445695,-0.021555462666666678,0.018224687333333316,341.56
46.716,-0.0010911400760050768,0.017672816854456982,-0.02121546266666667,0.018224687333333316,341.56
46.72,-0.002031140076005073,0.017412816854456944,-0.021045462666666667,0.018224687333333316,341.56
46.724,-0.0030511400760050663,0.017332816854456975,-0.02070546266666666,0.018224687333333316,341.56
46.728,-0.0039111400760050655,0.017332816854456975,-0.020275462666666674,0.01831468733333335,341.56
46.732,-0.004671140076005076,0.017332816854456975,-0.019935462666666667,0.01839468733333332,341.56
46.736,-0.005271140076005066,0.01716281685445697,-0.019425462666666657,0.01839468733333332,341.56
46.74,-0.0060411400760050585,0.01716281685445697,-0.01873546266666666,0.01839468733333332,341.56
46.744,-0.006811140076005079,0.016982816854456958,-0.018315462666666657,0.01839468733333332,341.56
46.748,-0.007751140076005076,0.016982816854456958,-0.01762546266666666,0.01831468733333335,341.56
46.752,-0.008771140076005069,0.016812816854456954,-0.01702546266666667,0.018054687333333312,341.56
46.756,-0.009541140076005062,0.016472816854456947,-0.016605462666666668,0.01779468733333333,341.56
46.76,-0.010231140076005058,0.016222816854456975,-0.01600546266666668,0.017544687333333357,341.56
46.764,-0.010911140076005072,0.01605281685445697,-0.015405462666666661,0.017374687333333354,341.56
46.768,-0.011681140076005065,0.015702816854456954,-0.014805462666666672,0.017114687333333316,341.56
46.772,-0.012361140076005079,0.015452816854456982,-0.014215462666666664,0.016944687333333312,341.56
46.776,-0.012791140076005065,0.015192816854456944,-0.013615462666666675,0.01660468733333336,341.56
46.78,-0.012961140076005068,0.014852816854456937,-0.012935462666666661,0.016264687333333354,341.56
46.784,-0.013561140076005057,0.014512816854456986,-0.012415462666666668,0.016004687333333316,341.56
46.788,-0.014491140076005072,0.014172816854456979,-0.011655462666666658,0.015754687333333343,341.56
46.792,-0.015261140076005065,0.014002816854456975,-0.010885462666666665,0.015404687333333326,341.56
46.796,-0.016201140076005063,0.013652816854456958,-0.010195462666666669,0.015324687333333357,341.56
46.8,-0.01689114007600506,0.013142816854456948,-0.009425462666666676,0.01498468733333335,341.56
46.804,-0.017481140076005066,0.012712816854456962,-0.008745462666666662,0.014554687333333309,341.56
46.808,-0.018171140076005062,0.012372816854456955,-0.007805462666666665,0.014044687333333354,341.56
46.812,-0.018681140076005073,0.012032816854456948,-0.0067854626666666714,0.01344468733333331,341.56
46.816,-0.019191140076005055,0.011602816854456962,-0.0060154626666666785,0.012934687333333354,341.56
46.82,-0.019961140076005076,0.011182816854456986,-0.005165462666666661,0.012594687333333347,341.56
46.824,-0.02073114007600507,0.010842816854456979,-0.004225462666666665,0.012164687333333361,341.56
46.828,-0.021151140076005073,0.010412816854456938,-0.003115462666666665,0.01173468733333332,341.56
46.832,-0.02133114007600506,0.009902816854456983,-0.0020854626666666617,0.011304687333333334,341.56
46.836,-0.021671140076005065,0.009472816854456941,-0.0010654626666666686,0.010794687333333323,341.56
46.84,-0.021921140076005066,0.009042816854456955,-3.546266666666544e-05,0.010194687333333334,341.56
46.844,-0.02209114007600507,0.008452816854456976,0.0009845373333333277,0.009684687333333324,341.56
46.848,-0.02235114007600508,0.007852816854456959,0.002014537333333331,0.009264687333333348,341.56
46.852,-0.022521140076005055,0.007162816854456963,0.003034537333333324,0.008834687333333362,341.56
46.856,-0.022781140076005065,0.006652816854456953,0.004064537333333327,0.008154687333333348,341.56
46.86,-0.022781140076005065,0.006232816854456977,0.005084537333333348,0.007634687333333327,341.56
46.864,-0.022781140076005065,0.0060528168544569634,0.006024537333333344,0.007214687333333324,341.56
46.868,-0.022781140076005065,0.005972816854456967,0.005764537333333334,0.006694687333333331,341.56
46.872,-0.022781140076005065,0.005372816854456977,0.004234537333333331,0.006104687333333324,341.56
46.876,-0.022781140076005065,0.004602816854456957,0.0038945373333333236,0.005584687333333331,341.56
46.88,-0.022781140076005065,0.00366281685445696,0.004404537333333334,0.005074687333333348,341.56
46.884,-0.022781140076005065,0.0028128168544569706,0.0050045373333333235,0.004564687333333338,341.56
46.888,-0.02261114007600506,0.0024728168544569636,0.005594537333333331,0.0039646873333333485,341.56
46.892,-0.022521140076005055,0.001612816854456964,0.005944537333333348,0.003534687333333335,341.56
46.896,-0.02235114007600508,0.0005928168544569707,0.006534537333333327,0.003194687333333328,341.56
46.9,-0.02209114007600507,-0.00017718314554304997,0.007134537333333344,0.002684687333333345,341.56
46.904,-0.022011140076005072,-0.0006071831455430359,0.00756453733333333,0.0019146873333333245,341.56
46.908,-0.02158114007600506,-0.0011171831455430463,0.007984537333333333,0.0014846873333333385,341.56
46.912,-0.021071140076005076,-0.001967183145543036,0.008504537333333353,0.0010646873333333348,341.56
46.916,-0.020641140076005062,-0.0029071831455430323,0.009184537333333312,0.0004646873333333454,341.56
46.92,-0.02022114007600506,-0.0038471831455430287,0.009694537333333322,-0.00021531266666666854,341.56
46.924,-0.019701140076005066,-0.004447183145543046,0.01003453733333333,-0.000815312666666658,341.56
46.928,-0.01936114007600506,-0.005217183145543039,0.01055453733333335,-0.0014153126666666752,341.56
46.932,-0.018851140076005076,-0.005727183145543049,0.010974537333333326,-0.002185312666666668,341.56
46.936,-0.01851114007600507,-0.006497183145543042,0.011314537333333333,-0.0027753126666666753,341.56
46.94,-0.01791114007600508,-0.007607183145543042,0.012004537333333357,-0.0033753126666666647,341.56
46.944,-0.01740114007600507,-0.008457183145543033,0.012514537333333312,-0.0038053126666666784,341.56
46.948,-0.016971140076005056,-0.009227183145543025,0.012944537333333353,-0.004315312666666661,341.56
46.952,-0.016371140076005066,-0.009827183145543043,0.013364537333333329,-0.004915312666666678,341.56
46.956,-0.01578114007600506,-0.010597183145543036,0.013714537333333346,-0.005515312666666668,341.56
46.96,-0.015181140076005068,-0.01127718314554305,0.014054537333333353,-0.006285312666666661,341.56
46.964,-0.014581140076005078,-0.011787183145543032,0.014304537333333325,-0.006795312666666671,341.56
46.968,-0.013811140076005058,-0.012557183145543025,0.014654537333333342,-0.007565312666666664,341.56
46.972,-0.013211140076005068,-0.013407183145543042,0.01499453733333335,-0.008245312666666678,341.56
46.976,-0.012531140076005054,-0.014097183145543039,0.015244537333333322,-0.00850531266666666,341.56
46.98,-0.012101140076005068,-0.014697183145543028,0.01550453733333336,-0.008925312666666664,341.56
46.984,-0.011421140076005054,-0.015287183145543035,0.015934537333333346,-0.009265312666666671,341.56
46.988,-0.010741140076005068,-0.015887183145543025,0.016274537333333353,-0.00961531266666666,341.56
46.992,-0.009971140076005075,-0.01656718314554304,0.016444537333333356,-0.010465312666666678,341.56
46.996,-0.009291140076005061,-0.017167183145543028,0.016444537333333356,-0.011145312666666664,341.56
47.0,-0.008431140076005062,-0.017767183145543045,0.016524537333333325,-0.011745312666666653,341.56
47.004,-0.007661140076005069,-0.018277183145543028,0.01661453733333336,-0.012515312666666674,341.56
47.008,-0.007071140076005062,-0.018877183145543045,0.016874537333333342,-0.013365312666666664,341.56
47.012,-0.0063811400760050655,-0.019477183145543035,0.01695453733333331,-0.01405531266666666,341.56
47.016,-0.005781140076005076,-0.01989718314554304,0.017124537333333315,-0.014645312666666667,341.56
47.02,-0.005191140076005069,-0.020327183145543024,0.017384537333333352,-0.015245312666666656,341.56
47.024,-0.004331140076005069,-0.020837183145543035,0.01746453733333332,-0.015755312666666667,341.56
47.028,-0.00348114007600508,-0.02117718314554304,0.01746453733333332,-0.016355312666666656,341.56
47.032,-0.002881140076005063,-0.02126718314554305,0.017384537333333352,-0.016955312666666673,341.56
47.036,-0.0026311400760050626,-0.02152718314554303,0.01746453733333332,-0.017295312666666653,341.56
47.04,-0.002031140076005073,-0.021947183145543035,0.017384537333333352,-0.017725312666666666,341.56
47.044,-0.001431140076005056,-0.022207183145543045,0.017384537333333352,-0.018235312666666677,341.56
47.048,-0.0007511400760050698,-0.022547183145543024,0.01746453733333332,-0.018665312666666663,341.56
47.052,-0.0001511400760050804,-0.02263718314554303,0.01746453733333332,-0.01900531266666667,341.56
47.056,0.0004488599239949368,-0.02263718314554303,0.017384537333333352,-0.019345312666666677,341.56
47.06,0.0010488599239949262,-0.023057183145543034,0.017124537333333315,-0.019775312666666663,341.56
47.064,0.0016388599239949334,-0.02314718314554304,0.017044537333333346,-0.020285312666666673,341.56
47.068,0.0020688599239949194,-0.02314718314554304,0.016874537333333342,-0.020625312666666652,341.56
47.072,0.00257885992399493,-0.023057183145543034,0.01661453733333336,-0.02071531266666666,341.56
47.076,0.003268859923994926,-0.02288718314554303,0.016524537333333325,-0.02096531266666666,341.56
47.08,0.0037788599239949364,-0.022807183145543034,0.016274537333333353,-0.02122531266666667,341.56
47.084,0.004288859923994947,-0.022717183145543027,0.01610453733333335,-0.02147531266666667,341.56
47.088,0.004718859923994933,-0.022467183145543027,0.015934537333333346,-0.02147531266666667,341.56
47.092,0.005318859923994923,-0.022297183145543024,0.015674537333333308,-0.02147531266666667,341.56
47.096,0.005828859923994933,-0.02203718314554304,0.015334537333333356,-0.02147531266666667,341.56
47.1,0.006258859923994947,-0.021947183145543035,0.015074537333333318,-0.02147531266666667,341.56
47.104,0.0067688599239949295,-0.021607183145543028,0.014904537333333315,-0.021565312666666676,341.56
47.108,0.0074488599239949434,-0.02126718314554305,0.014564537333333308,-0.02147531266666667,341.56
47.112,0.007958859923994926,-0.020757183145543038,0.014224537333333356,-0.021395312666666673,341.56
47.116,0.00838885992399494,-0.020247183145543027,0.014054537333333353,-0.021135312666666663,341.56
47.12,0.008728859923994947,-0.019647183145543038,0.01388453733333335,-0.02096531266666666,341.56
47.124,0.009068859923994926,-0.019217183145543024,0.013714537333333346,-0.020795312666666656,341.56
47.128,0.009498859923994912,-0.01870718314554304,0.01328453733333336,-0.020545312666666656,341.56
47.132,0.010008859923994922,-0.018367183145543035,0.012944537333333353,-0.020195312666666666,341.56
47.136,0.010698859923994946,-0.017767183145543045,0.012514537333333312,-0.01985531266666666,341.56
47.14,0.011288859923994926,-0.017167183145543028,0.012084537333333326,-0.019435312666666656,341.56
47.144,0.011628859923994933,-0.016657183145543045,0.01166453733333335,-0.01900531266666667,341.56
47.148,0.01197885992399495,-0.016057183145543028,0.01114453733333333,-0.018575312666666656,341.56
47.152,0.012398859923994926,-0.015207183145543039,0.01055453733333335,-0.018235312666666677,341.56
47.156,0.012918859923994946,-0.014267183145543042,0.010204537333333333,-0.01789531266666667,341.56
47.16,0.013338859923994922,-0.013237183145543039,0.009784537333333357,-0.01738531266666666,341.56
47.164,0.01359885992399496,-0.011877183145543039,0.009274537333333346,-0.016615312666666666,341.56
47.168,0.014108859923994915,-0.010847183145543036,0.00884453733333336,-0.016185312666666653,341.56
47.172,0.014538859923994956,-0.009827183145543043,0.008414537333333347,-0.01567531266666667,341.56
47.176,0.014878859923994908,-0.00854718314554304,0.00781453733333333,-0.014905312666666677,341.56
47.18,0.015138859923994946,-0.007177183145543028,0.007224537333333323,-0.013965312666666653,341.56
47.184,0.015388859923994918,-0.005897183145543025,0.006794537333333337,-0.01294531266666666,341.56
47.188,0.015728859923994924,-0.004617183145543049,0.00645453733333333,-0.012175312666666667,341.56
47.192,0.01615885992399491,-0.003337183145543046,0.005944537333333348,-0.011315312666666667,341.56
47.196,0.016498859923994916,-0.0020571831455430427,0.005174537333333327,-0.010295312666666674,341.56
47.2,0.01666885992399492,-0.0007771831455430394,0.004654537333333334,-0.009525312666666653,341.56
47.204,0.017008859923994927,0.000502816854456964,0.004064537333333327,-0.009435312666666675,341.56
47.208,0.017358859923994944,0.0017828168544569674,0.0034645373333333377,-0.009095312666666668,341.56
47.212,0.017608859923994916,0.0022128168544569534,0.0028645373333333205,-0.00875531266666666,341.56
47.216,0.017528859923994947,0.00025281685445696373,0.0025245373333333413,-0.008415312666666654,341.56
47.22,0.01769885992399495,-0.001967183145543036,0.001924537333333324,-0.007815312666666664,341.56
47.224,0.017868859923994954,-0.002307183145543043,0.0014145373333333414,-0.007215312666666675,341.56
47.228,0.018118859923994927,-0.001967183145543036,0.0006445373333333207,-0.006625312666666668,341.56
47.232,0.018118859923994927,-0.0017171831455430357,-0.00012546266666667218,-0.006025312666666678,341.56
47.236,0.01829885992399494,-0.0010271831455430395,-0.0008054626666666584,-0.005425312666666661,341.56
47.24,0.018548859923994913,-0.00017718314554304997,-0.0016554626666666758,-0.004655312666666668,341.56
47.244,0.018548859923994913,0.0006728168544569674,-0.002255462666666665,-0.003975312666666654,341.56
47.248,0.018638859923994947,0.0017828168544569674,-0.0027654626666666756,-0.0033753126666666647,341.56
47.252,0.018638859923994947,0.0029028168544569773,-0.0032854626666666683,-0.002525312666666675,341.56
47.256,0.018548859923994913,0.0038328168544569637,-0.0036254626666666753,-0.0015853126666666786,341.56
47.26,0.018548859923994913,0.00477281685445696,-0.004645462666666668,-0.0006453126666666545,341.56
47.264,0.018548859923994913,0.005972816854456967,-0.005505462666666668,0.0005546873333333244,341.56
47.268,0.018638859923994947,0.007162816854456963,-0.0064454626666666645,0.0014046873333333418,341.56
47.272,0.018638859923994947,0.008362816854456969,-0.007385462666666661,0.0022546873333333314,341.56
47.276,0.018548859923994913,0.009042816854456955,-0.007975462666666669,0.003114687333333331,341.56
47.28,0.01829885992399494,0.008532816854456973,-0.008745462666666662,0.0040546873333333275,341.56
47.284,0.018118859923994927,0.007762816854456953,-0.009425462666666676,0.004994687333333324,341.56
47.288,0.017868859923994954,0.007592816854456977,-0.010025462666666665,0.005934687333333348,341.56
47.292,0.01769885992399495,0.007762816854456953,-0.010715462666666661,0.006864687333333334,341.56
47.296,0.01769885992399495,0.008272816854456962,-0.011305462666666669,0.007804687333333331,341.56
47.3,0.01769885992399495,0.008702816854456976,-0.012075462666666661,0.008744687333333327,341.56
47.304,0.017358859923994944,0.00913281685445699,-0.012765462666666658,0.009434687333333351,341.56
47.308,0.016928859923994958,0.00973281685445698,-0.013275462666666668,0.009174687333333313,341.56
47.312,0.01658885992399495,0.010322816854456959,-0.013875462666666658,0.008494687333333355,341.56
47.316,0.016418859923994947,0.010752816854456945,-0.014465462666666665,0.008664687333333358,341.56
47.32,0.01607885992399494,0.011092816854456952,-0.015065462666666654,0.008834687333333362,341.56
47.324,0.015728859923994924,0.011522816854456937,-0.01566546266666667,0.008834687333333362,341.56
47.328,0.015388859923994918,0.011952816854456979,-0.01626546266666666,0.00900468733333331,341.56
47.332,0.014878859923994908,0.012372816854456955,-0.01702546266666667,0.009344687333333317,341.56
47.336,0.014448859923994922,0.012892816854456975,-0.017715462666666668,0.009774687333333358,341.56
47.34,0.013938859923994911,0.013312816854456951,-0.01813546266666667,0.010194687333333334,341.56
47.344,0.013258859923994953,0.01357281685445699,-0.018565462666666657,0.010544687333333351,341.56
47.348,0.012828859923994912,0.014002816854456975,-0.019165462666666674,0.010884687333333358,341.56
47.352,0.012658859923994908,0.014422816854456951,-0.019765462666666664,0.011484687333333347,341.56
47.356,0.012228859923994922,0.014852816854456937,-0.020185462666666668,0.011994687333333358,341.56
47.36,0.011718859923994912,0.015282816854456979,-0.020445462666666678,0.012164687333333361,341.56
47.364,0.011288859923994926,0.015702816854456954,-0.02070546266666666,0.012504687333333313,341.56
47.368,0.010698859923994946,0.015962816854456937,-0.021125462666666664,0.013014687333333323,341.56
47.372,0.010098859923994957,0.01613281685445694,-0.02146546266666667,0.013614687333333313,341.56
47.376,0.009498859923994912,0.01639281685445698,-0.021555462666666678,0.014124687333333323,341.56
47.38,0.008818859923994954,0.01639281685445698,-0.02181546266666666,0.014644687333333344,341.56
47.384,0.008298859923994933,0.016562816854456982,-0.021895462666666657,0.01506468733333332,341.56
47.388,0.007538859923994922,0.01690281685445699,-0.022155462666666667,0.015404687333333326,341.56
47.392,0.006938859923994933,0.01716281685445697,-0.022235462666666664,0.015754687333333343,341.56
47.396,0.006078859923994933,0.017332816854456975,-0.02232546266666667,0.016004687333333316,341.56
47.4,0.005148859923994947,0.01750281685445698,-0.022585462666666653,0.016264687333333354,341.56
47.404,0.004458859923994923,0.017672816854456982,-0.022755462666666657,0.016514687333333326,341.56
47.408,0.0037788599239949364,0.017672816854456982,-0.022665462666666678,0.01677468733333331,341.56
47.412,0.0030988599239949225,0.017672816854456982,-0.022405462666666667,0.017034687333333347,341.56
47.416,0.002498859923994933,0.01775281685445695,-0.02232546266666667,0.017114687333333316,341.56
47.42,0.0018088599239949369,0.01775281685445695,-0.02232546266666667,0.017454687333333323,341.56
47.424,0.0013888599239949332,0.01775281685445695,-0.021985462666666664,0.01779468733333333,341.56
47.428,0.0010488599239949262,0.01775281685445695,-0.021725462666666653,0.01788468733333331,341.56
47.432,0.00010885992399492983,0.01775281685445695,-0.021385462666666674,0.017974687333333343,341.56
47.436,-0.00100114007600507,0.017672816854456982,-0.021125462666666664,0.018144687333333347,341.56
47.44,-0.002031140076005073,0.017672816854456982,-0.02095546266666666,0.018224687333333316,341.56
47.444,-0.003141140076005073,0.017412816854456944,-0.020615462666666654,0.018224687333333316,341.56
47.448,-0.003991140076005062,0.017412816854456944,-0.020185462666666668,0.018224687333333316,341.56
47.452,-0.004761140076005055,0.017332816854456975,-0.019765462666666664,0.01831468733333335,341.56
47.456,-0.005531140076005076,0.01716281685445697,-0.019335462666666678,0.018224687333333316,341.56
47.46,-0.005961140076005062,0.01724281685445694,-0.01873546266666666,0.01831468733333335,341.56
47.464,-0.006471140076005072,0.01716281685445697,-0.018225462666666678,0.01831468733333335,341.56
47.468,-0.007241140076005065,0.016982816854456958,-0.017795462666666664,0.01831468733333335,341.56
47.472,-0.008091140076005055,0.01690281685445699,-0.01737546266666666,0.018144687333333347,341.56
47.476,-0.009111140076005076,0.016562816854456982,-0.016685462666666664,0.01788468733333331,341.56
47.48,-0.010141140076005079,0.016222816854456975,-0.016095462666666657,0.01771468733333336,341.56
47.484,-0.010991140076005068,0.01605281685445697,-0.015495462666666668,0.017454687333333323,341.56
47.488,-0.011761140076005061,0.015702816854456954,-0.014895462666666678,0.017374687333333354,341.56
47.492,-0.012361140076005079,0.015622816854456986,-0.014215462666666664,0.017034687333333347,341.56
47.496,-0.012621140076005061,0.015282816854456979,-0.013615462666666675,0.01677468733333331,341.56
47.5,-0.013211140076005068,0.014942816854456972,-0.013015462666666658,0.01668468733333333,341.56
47.504,-0.013561140076005057,0.014592816854456955,-0.012415462666666668,0.01660468733333336,341.56
47.508,-0.014241140076005071,0.014422816854456951,-0.011735462666666654,0.016264687333333354,341.56
47.512,-0.015091140076005061,0.014082816854456944,-0.011135462666666665,0.015834687333333312,341.56
47.516,-0.015861140076005056,0.01357281685445699,-0.010455462666666679,0.015404687333333326,341.56
47.52,-0.01654114007600507,0.013232816854456982,-0.009775462666666665,0.01498468733333335,341.56
47.524,-0.01740114007600507,0.01280281685445694,-0.008835462666666669,0.014554687333333309,341.56
47.528,-0.01800114007600506,0.012372816854456955,-0.007895462666666672,0.014124687333333323,341.56
47.532,-0.018681140076005073,0.012032816854456948,-0.006695462666666665,0.013784687333333316,341.56
47.536,-0.019191140076005055,0.011602816854456962,-0.005505462666666668,0.01335468733333333,341.56
47.54,-0.019531140076005062,0.011182816854456986,-0.004475462666666665,0.012934687333333354,341.56
47.544,-0.01987114007600507,0.010752816854456945,-0.003455462666666672,0.012504687333333313,341.56
47.548,-0.020391140076005062,0.010322816854456959,-0.002255462666666665,0.012074687333333327,341.56
47.552,-0.021071140076005076,0.009982816854456952,-0.0009754626666666618,0.011654687333333351,341.56
47.556,-0.02158114007600506,0.009642816854456945,0.0003045373333333415,0.011054687333333361,341.56
47.56,-0.02184114007600507,0.009212816854456959,0.0015845373333333449,0.010544687333333351,341.56
47.564,-0.02209114007600507,0.008532816854456973,0.0028645373333333205,0.01011468733333331,341.56
47.568,-0.02235114007600508,0.007592816854456977,0.004144537333333324,0.009604687333333355,341.56
47.572,-0.022441140076005058,0.007082816854456967,0.005424537333333327,0.00900468733333331,341.56
47.576,-0.02269114007600506,0.00674281685445696,0.0067045373333333306,0.008494687333333355,341.56
47.58,-0.022781140076005065,0.006232816854456977,0.007984537333333333,0.007974687333333334,341.56
47.584,-0.022781140076005065,0.0057128168544569565,0.009274537333333346,0.007554687333333331,341.56
47.588,-0.022781140076005065,0.0057128168544569565,0.010464537333333315,0.006954687333333341,341.56
47.592,-0.022781140076005065,0.005542816854456953,0.009274537333333346,0.006444687333333331,341.56
47.596,-0.022781140076005065,0.004352816854456956,0.005174537333333327,0.005934687333333348,341.56
47.6,-0.022781140076005065,0.0033228168544569532,0.004404537333333334,0.005414687333333328,341.56
47.604,-0.022781140076005065,0.0024728168544569636,0.004744537333333341,0.004824687333333348,341.56
47.608,-0.02269114007600506,0.001962816854456953,0.005174537333333327,0.0043946873333333344,341.56
47.612,-0.022521140076005055,0.0015328168544569672,0.005854537333333341,0.0039646873333333485,341.56
47.616,-0.02235114007600508,0.0005928168544569707,0.006364537333333324,0.0033646873333333313,341.56
47.62,-0.02209114007600507,-0.0002571831455430467,0.006964537333333341,0.002774687333333324,341.56
47.624,-0.021921140076005066,-0.0010271831455430395,0.007644537333333327,0.0022546873333333314,341.56
47.628,-0.021501140076005062,-0.0018871831455430392,0.007984537333333333,0.0018346873333333277,341.56
47.632,-0.02124114007600508,-0.0024771831455430464,0.008414537333333347,0.0014046873333333418,341.56
47.636,-0.021071140076005076,-0.0032471831455430393,0.00892453733333333,0.0007246873333333279,341.56
47.64,-0.02073114007600507,-0.004017183145543032,0.009524537333333319,0.00012468733333333842,341.56
47.644,-0.020301140076005055,-0.004697183145543046,0.01003453733333333,-0.0006453126666666545,341.56
47.648,-0.019791140076005072,-0.0052971831455430355,0.010464537333333315,-0.0013253126666666684,341.56
47.652,-0.018931140076005073,-0.0060671831455430284,0.010804537333333322,-0.0019253126666666578,341.56
47.656,-0.01851114007600507,-0.006837183145543049,0.011234537333333308,-0.002525312666666675,341.56
47.66,-0.018081140076005055,-0.007687183145543039,0.011744537333333319,-0.0031253126666666645,341.56
47.664,-0.017481140076005066,-0.00854718314554304,0.012084537333333326,-0.0037153126666666716,341.56
47.668,-0.017061140076005062,-0.009317183145543032,0.012604537333333346,-0.004315312666666661,341.56
47.672,-0.01654114007600507,-0.009997183145543046,0.013024537333333322,-0.005085312666666654,341.56
47.676,-0.015951140076005062,-0.010597183145543036,0.01328453733333336,-0.0055953126666666644,341.56
47.68,-0.015351140076005071,-0.011447183145543025,0.013714537333333346,-0.006195312666666654,341.56
47.684,-0.014751140076005054,-0.012217183145543046,0.014134537333333322,-0.006795312666666671,341.56
47.688,-0.014151140076005065,-0.012817183145543035,0.014654537333333342,-0.0073953126666666605,341.56
47.692,-0.013471140076005078,-0.013407183145543042,0.01499453733333335,-0.007985312666666668,341.56
47.696,-0.012871140076005061,-0.014177183145543035,0.015074537333333318,-0.008585312666666657,341.56
47.7,-0.012271140076005072,-0.014947183145543028,0.015414537333333325,-0.008925312666666664,341.56
47.704,-0.011761140076005061,-0.015457183145543039,0.015764537333333342,-0.009525312666666653,341.56
47.708,-0.010991140076005068,-0.01622718314554303,0.01610453733333335,-0.009785312666666664,341.56
47.712,-0.010311140076005055,-0.016737183145543042,0.016184537333333318,-0.010205312666666667,341.56
47.716,-0.009291140076005061,-0.017257183145543035,0.016274537333333353,-0.011065312666666667,341.56
47.72,-0.008601140076005065,-0.017847183145543042,0.016524537333333325,-0.011665312666666657,341.56
47.724,-0.008001140076005076,-0.018367183145543035,0.016784537333333308,-0.01234531266666667,341.56
47.728,-0.007241140076005065,-0.01904718314554305,0.017124537333333315,-0.01294531266666666,341.56
47.732,-0.006471140076005072,-0.01955718314554303,0.017124537333333315,-0.01370531266666667,341.56
47.736,-0.005871140076005055,-0.019987183145543045,0.017124537333333315,-0.014475312666666663,341.56
47.74,-0.005101140076005062,-0.02041718314554303,0.017384537333333352,-0.015335312666666663,341.56
47.744,-0.0042511400760050725,-0.020757183145543038,0.017384537333333352,-0.015755312666666667,341.56
47.748,-0.0033111400760050765,-0.021097183145543045,0.017384537333333352,-0.01627531266666666,341.56
47.752,-0.002881140076005063,-0.021357183145543027,0.01746453733333332,-0.016865312666666667,341.56
47.756,-0.002451140076005077,-0.021607183145543028,0.01746453733333332,-0.01738531266666666,341.56
47.76,-0.00211114007600507,-0.022117183145543038,0.017384537333333352,-0.017805312666666663,341.56
47.764,-0.0015211400760050627,-0.022377183145543048,0.017384537333333352,-0.01814531266666667,341.56
47.768,-0.0009211400760050733,-0.022467183145543027,0.017384537333333352,-0.01849531266666666,341.56
47.772,-0.0003211400760050561,-0.02263718314554303,0.01746453733333332,-0.018915312666666663,341.56
47.776,0.0002788599239949333,-0.023057183145543034,0.017384537333333352,-0.019345312666666677,341.56
47.78,0.0008788599239949227,-0.02314718314554304,0.017294537333333318,-0.019775312666666663,341.56
47.784,0.0013888599239949332,-0.02314718314554304,0.017044537333333346,-0.020195312666666666,341.56
47.788,0.0020688599239949194,-0.023227183145543038,0.017044537333333346,-0.020455312666666677,341.56
47.792,0.002498859923994933,-0.023317183145543045,0.017044537333333346,-0.02071531266666666,341.56
47.796,0.0031788599239949192,-0.023057183145543034,0.016784537333333308,-0.02096531266666666,341.56
47.8,0.0037788599239949364,-0.022717183145543027,0.016524537333333325,-0.021135312666666663,341.56
47.804,0.004288859923994947,-0.022807183145543034,0.016274537333333353,-0.021395312666666673,341.56
47.808,0.0046288599239949265,-0.022717183145543027,0.016184537333333318,-0.021395312666666673,341.56
47.812,0.005148859923994947,-0.022377183145543048,0.015934537333333346,-0.02147531266666667,341.56
47.816,0.005828859923994933,-0.022117183145543038,0.015764537333333342,-0.021565312666666676,341.56
47.82,0.0063388599239949436,-0.021947183145543035,0.015414537333333325,-0.02147531266666667,341.56
47.824,0.0067688599239949295,-0.021607183145543028,0.015074537333333318,-0.02147531266666667,341.56
47.828,0.00727885992399494,-0.02117718314554304,0.015074537333333318,-0.02147531266666667,341.56
47.832,0.00787885992399493,-0.020757183145543038,0.014904537333333315,-0.02147531266666667,341.56
47.836,0.008298859923994933,-0.020327183145543024,0.014564537333333308,-0.02122531266666667,341.56
47.84,0.008728859923994947,-0.01989718314554304,0.014224537333333356,-0.02096531266666666,341.56
47.844,0.00915885992399496,-0.01930718314554303,0.013714537333333346,-0.02071531266666666,341.56
47.848,0.009668859923994915,-0.018877183145543045,0.01328453733333336,-0.020545312666666656,341.56
47.852,0.010098859923994957,-0.018367183145543035,0.012944537333333353,-0.020285312666666673,341.56
47.856,0.010518859923994933,-0.01793718314554305,0.012604537333333346,-0.01985531266666666,341.56
47.86,0.011208859923994957,-0.01742718314554304,0.01217453733333336,-0.019435312666666656,341.56
47.864,0.011628859923994933,-0.016737183145543042,0.01166453733333335,-0.01900531266666667,341.56
47.868,0.01197885992399495,-0.016147183145543035,0.011234537333333308,-0.018575312666666656,341.56
47.872,0.012398859923994926,-0.015457183145543039,0.010894537333333357,-0.018235312666666677,341.56
47.876,0.012918859923994946,-0.014607183145543049,0.010464537333333315,-0.017805312666666663,341.56
47.88,0.013338859923994922,-0.013667183145543025,0.01003453733333333,-0.01738531266666666,341.56
47.884,0.013678859923994929,-0.012647183145543032,0.009694537333333322,-0.016865312666666667,341.56
47.888,0.014028859923994946,-0.011877183145543039,0.009274537333333346,-0.01627531266666666,341.56
47.892,0.014448859923994922,-0.01101718314554304,0.008754537333333326,-0.015755312666666667,341.56
47.896,0.014878859923994908,-0.010077183145543043,0.008164537333333347,-0.015075312666666653,341.56
47.9,0.015218859923994915,-0.008967183145543043,0.007644537333333327,-0.01405531266666666,341.56
47.904,0.015558859923994922,-0.00794718314554305,0.007134537333333344,-0.01294531266666666,341.56
47.908,0.015818859923994958,-0.006917183145543046,0.0067045373333333306,-0.012005312666666663,341.56
47.912,0.01615885992399491,-0.005897183145543025,0.006114537333333323,-0.011065312666666667,341.56
47.916,0.016498859923994916,-0.004877183145543032,0.005594537333333331,-0.009955312666666667,341.56
47.92,0.016838859923994923,-0.0038471831455430287,0.0050045373333333235,-0.008925312666666664,341.56
47.924,0.016928859923994958,-0.0028271831455430356,0.004404537333333334,-0.00850531266666666,341.56
47.928,0.01726885992399491,-0.001967183145543036,0.0038945373333333236,-0.008585312666666657,341.56
47.932,0.017358859923994944,-0.0015471831455430322,0.003294537333333334,-0.00875531266666666,341.56
47.936,0.017438859923994913,-0.0017971831455430324,0.0028645373333333205,-0.008155312666666671,341.56
47.94,0.01769885992399495,-0.0024771831455430464,0.002264537333333331,-0.007905312666666671,341.56
47.944,0.01777885992399492,-0.0025671831455430253,0.0014945373333333381,-0.007215312666666675,341.56
47.948,0.018038859923994958,-0.002227183145543046,0.0008145373333333242,-0.006625312666666668,341.56
47.952,0.01829885992399494,-0.0017171831455430357,-0.00012546266666667218,-0.006025312666666678,341.56
47.956,0.018548859923994913,-0.0011171831455430463,-0.0007254626666666616,-0.005425312666666661,341.56
47.96,0.018638859923994947,-0.00017718314554304997,-0.0010654626666666686,-0.0048253126666666715,341.56
47.964,0.018638859923994947,0.0010228168544569568,-0.0018354626666666615,-0.004235312666666664,341.56
47.968,0.018638859923994947,0.0024728168544569636,-0.002595462666666672,-0.0034653126666666714,341.56
47.972,0.01888885992399492,0.00366281685445696,-0.0031954626666666616,-0.0026953126666666785,341.56
47.976,0.018978859923994954,0.004862816854456967,-0.0038754626666666755,-0.0020953126666666613,341.56
47.98,0.01888885992399492,0.006232816854456977,-0.004735462666666675,-0.0014153126666666752,341.56
47.984,0.01888885992399492,0.007682816854456956,-0.005505462666666668,-0.0009053126666666647,341.56
47.988,0.018638859923994947,0.00913281685445699,-0.006095462666666675,3.468733333333168e-05,341.56
47.992,0.018638859923994947,0.010582816854456941,-0.0067854626666666714,0.0008946873333333313,341.56
47.996,0.018638859923994947,0.011862816854456944,-0.007635462666666661,0.0014046873333333418,341.56
48.0,0.018468859923994944,0.012122816854456982,-0.008665462666666665,0.0019146873333333245,341.56
48.004,0.018208859923994906,0.010412816854456938,-0.009345462666666679,0.002424687333333335,341.56
48.008,0.018118859923994927,0.008272816854456962,-0.010025462666666665,0.0030246873333333243,341.56
48.012,0.017868859923994954,0.008192816854456966,-0.010795462666666658,0.0036246873333333415,341.56
48.016,0.01769885992399495,0.008622816854456952,-0.011395462666666675,0.0043946873333333344,341.56
48.02,0.017438859923994913,0.008872816854456952,-0.012075462666666661,0.005164687333333327,341.56
48.024,0.017438859923994913,0.009302816854456938,-0.012585462666666672,0.005674687333333338,341.56
48.028,0.01726885992399491,0.009902816854456983,-0.013275462666666668,0.006274687333333327,341.56
48.032,0.016928859923994958,0.010322816854456959,-0.013955462666666654,0.006954687333333341,341.56
48.036,0.01658885992399495,0.010672816854456976,-0.014465462666666665,0.007634687333333327,341.56
48.04,0.01615885992399491,0.011092816854456952,-0.015065462666666654,0.008064687333333341,341.56
48.044,0.015728859923994924,0.011522816854456937,-0.01566546266666667,0.008574687333333324,341.56
48.048,0.01530885992399495,0.011952816854456979,-0.016345462666666657,0.008834687333333362,341.56
48.052,0.014878859923994908,0.012372816854456955,-0.017285462666666654,0.009174687333333313,341.56
48.056,0.014448859923994922,0.012972816854456944,-0.017715462666666668,0.009774687333333358,341.56
48.06,0.014108859923994915,0.01357281685445699,-0.018225462666666678,0.010284687333333313,341.56
48.064,0.01359885992399496,0.01391281685445694,-0.01873546266666666,0.010544687333333351,341.56
48.068,0.012918859923994946,0.014082816854456944,-0.019335462666666678,0.010964687333333327,341.56
48.072,0.012568859923994929,0.014422816854456951,-0.01984546266666666,0.011394687333333313,341.56
48.076,0.012228859923994922,0.014852816854456937,-0.02010546266666667,0.012074687333333327,341.56
48.08,0.011628859923994933,0.015192816854456944,-0.020275462666666674,0.012414687333333334,341.56
48.084,0.011118859923994922,0.015532816854456951,-0.020615462666666654,0.012674687333333316,341.56
48.088,0.010608859923994912,0.015872816854456958,-0.02095546266666666,0.013104687333333358,341.56
48.092,0.010008859923994922,0.01613281685445694,-0.021295462666666667,0.013704687333333347,341.56
48.096,0.009498859923994912,0.01639281685445698,-0.021555462666666678,0.014124687333333323,341.56
48.1,0.008898859923994923,0.01664281685445695,-0.021895462666666657,0.014554687333333309,341.56
48.104,0.008298859923994933,0.01690281685445699,-0.022155462666666667,0.01498468733333335,341.56
48.108,0.007618859923994947,0.016982816854456958,-0.022235462666666664,0.015404687333333326,341.56
48.112,0.00701885992399493,0.01724281685445694,-0.02232546266666667,0.015754687333333343,341.56
48.116,0.006078859923994933,0.017332816854456975,-0.022585462666666653,0.01617468733333332,341.56
48.12,0.005228859923994944,0.01750281685445698,-0.022665462666666678,0.01660468733333336,341.56
48.124,0.00454885992399493,0.017672816854456982,-0.022665462666666678,0.016864687333333343,341.56
48.128,0.0036888599239949297,0.01775281685445695,-0.022755462666666657,0.016944687333333312,341.56
48.132,0.0030988599239949225,0.01775281685445695,-0.022665462666666678,0.017034687333333347,341.56
48.136,0.002498859923994933,0.017672816854456982,-0.022405462666666667,0.017374687333333354,341.56
48.14,0.0017288599239949401,0.01775281685445695,-0.02232546266666667,0.01771468733333336,341.56
48.144,0.001128859923994923,0.017672816854456982,-0.022235462666666664,0.01788468733333331,341.56
48.148,0.0008788599239949227,0.01775281685445695,-0.021895462666666657,0.018144687333333347,341.56
48.152,0.0004488599239949368,0.01775281685445695,-0.021645462666666657,0.01839468733333332,341.56
48.156,-0.00041114007600506286,0.01775281685445695,-0.021385462666666674,0.018654687333333357,341.56
48.16,-0.001431140076005056,0.017672816854456982,-0.02095546266666666,0.018654687333333357,341.56
48.164,-0.0022811400760050734,0.017412816854456944,-0.02070546266666666,0.018564687333333323,341.56
48.168,-0.003141140076005073,0.017412816854456944,-0.020185462666666668,0.018654687333333357,341.56
48.172,-0.003991140076005062,0.017332816854456975,-0.019765462666666664,0.018654687333333357,341.56
48.176,-0.004761140076005055,0.01716281685445697,-0.019505462666666654,0.018734687333333326,341.56
48.18,-0.005531140076005076,0.01716281685445697,-0.018905462666666664,0.01882468733333336,341.56
48.184,-0.006301140076005069,0.016982816854456958,-0.018225462666666678,0.018734687333333326,341.56
48.188,-0.007241140076005065,0.016982816854456958,-0.017715462666666668,0.018734687333333326,341.56
48.192,-0.008091140076005055,0.016812816854456954,-0.017285462666666654,0.018564687333333323,341.56
48.196,-0.009201140076005055,0.016472816854456947,-0.016685462666666664,0.01831468733333335,341.56
48.2,-0.010051140076005072,0.016302816854456944,-0.016175462666666654,0.018144687333333347,341.56
48.204,-0.010991140076005068,0.01605281685445697,-0.015575462666666665,0.01788468733333331,341.56
48.208,-0.011761140076005061,0.015702816854456954,-0.014985462666666657,0.01779468733333333,341.56
48.212,-0.012361140076005079,0.015362816854456948,-0.014465462666666665,0.017454687333333323,341.56
48.216,-0.012701140076005058,0.015282816854456979,-0.013875462666666658,0.017114687333333316,341.56
48.22,-0.013131140076005072,0.014942816854456972,-0.013275462666666668,0.017034687333333347,341.56
48.224,-0.013561140076005057,0.014512816854456986,-0.012505462666666675,0.016944687333333312,341.56
48.228,-0.014241140076005071,0.014082816854456944,-0.011905462666666658,0.01660468733333336,341.56
48.232,-0.015091140076005061,0.013822816854456962,-0.011305462666666669,0.016264687333333354,341.56
48.236,-0.01603114007600506,0.013482816854456955,-0.010625462666666655,0.015754687333333343,341.56
48.24,-0.016711140076005073,0.013142816854456948,-0.009605462666666661,0.015324687333333357,341.56
48.244,-0.01740114007600507,0.01280281685445694,-0.008915462666666665,0.01498468733333335,341.56
48.248,-0.01800114007600506,0.01246281685445699,-0.00823546266666668,0.014554687333333309,341.56
48.252,-0.018681140076005073,0.011952816854456979,-0.007125462666666678,0.014124687333333323,341.56
48.256,-0.019191140076005055,0.011522816854456937,-0.006275462666666661,0.013784687333333316,341.56
48.26,-0.019531140076005062,0.011182816854456986,-0.005505462666666668,0.013274687333333361,341.56
48.264,-0.019961140076005076,0.010842816854456979,-0.004645462666666668,0.012674687333333316,341.56
48.268,-0.02047114007600506,0.010412816854456938,-0.003705462666666672,0.012164687333333361,341.56
48.272,-0.021071140076005076,0.009902816854456983,-0.0027654626666666756,0.01173468733333332,341.56
48.276,-0.02158114007600506,0.009472816854456941,-0.0018354626666666615,0.011304687333333334,341.56
48.28,-0.022011140076005072,0.00913281685445699,-0.0008954626666666651,0.010794687333333323,341.56
48.284,-0.022181140076005076,0.008532816854456973,4.45373333333313e-05,0.010194687333333334,341.56
48.288,-0.02235114007600508,0.007592816854456977,0.0009845373333333277,0.009774687333333358,341.56
48.292,-0.022441140076005058,0.007082816854456967,0.001924537333333324,0.009174687333333313,341.56
48.296,-0.02261114007600506,0.00674281685445696,0.0028645373333333205,0.008574687333333324,341.56
48.3,-0.022781140076005065,0.006232816854456977,0.003634537333333341,0.008064687333333341,341.56
48.304,-0.022781140076005065,0.00563281685445696,0.003974537333333348,0.007554687333333331,341.56
48.308,-0.022781140076005065,0.00563281685445696,0.0038045373333333446,0.007044687333333348,341.56
48.312,-0.022781140076005065,0.00563281685445696,0.0032045373333333274,0.006444687333333331,341.56
48.316,-0.022781140076005065,0.004692816854456963,0.003294537333333334,0.005934687333333348,341.56
48.32,-0.022781140076005065,0.0038328168544569637,0.0038045373333333446,0.005504687333333334,341.56
48.324,-0.022781140076005065,0.002982816854456974,0.004404537333333334,0.004904687333333345,341.56
48.328,-0.022781140076005065,0.0022128168544569534,0.005084537333333348,0.0043946873333333344,341.56
48.332,-0.02269114007600506,0.0013628168544569637,0.005594537333333331,0.0039646873333333485,341.56
48.336,-0.022521140076005055,0.0007628168544569742,0.006114537333333323,0.003454687333333338,341.56
48.34,-0.02235114007600508,0.0003328168544569605,0.0067045373333333306,0.002854687333333321,341.56
48.344,-0.021921140076005066,-0.0006071831455430359,0.007134537333333344,0.002344687333333338,341.56
48.348,-0.02158114007600506,-0.0014571831455430255,0.007734537333333334,0.0018346873333333277,341.56
48.352,-0.021411140076005055,-0.002307183145543043,0.008334537333333322,0.001314687333333335,341.56
48.356,-0.021151140076005073,-0.003077183145543036,0.00884453733333336,0.0007246873333333279,341.56
48.36,-0.02073114007600507,-0.0035071831455430495,0.009274537333333346,0.0002946873333333419,341.56
48.364,-0.020301140076005055,-0.004107183145543039,0.009614537333333353,-0.0003053126666666753,341.56
48.368,-0.020041140076005073,-0.005217183145543039,0.010124537333333308,-0.0012453126666666717,341.56
48.372,-0.019451140076005066,-0.0060671831455430284,0.010804537333333322,-0.001845312666666661,341.56
48.376,-0.018681140076005073,-0.006837183145543049,0.011314537333333333,-0.002525312666666675,341.56
48.38,-0.018081140076005055,-0.0074371831455430385,0.01166453733333335,-0.0030353126666666577,341.56
48.384,-0.017821140076005073,-0.00794718314554305,0.012084537333333326,-0.003545312666666668,341.56
48.388,-0.01740114007600507,-0.008967183145543043,0.012604537333333346,-0.004145312666666658,341.56
48.392,-0.01680114007600508,-0.009827183145543043,0.013024537333333322,-0.004745312666666675,341.56
48.396,-0.016201140076005063,-0.010427183145543032,0.013364537333333329,-0.005425312666666661,341.56
48.4,-0.015431140076005068,-0.01101718314554304,0.013714537333333346,-0.006025312666666678,341.56
48.404,-0.01484114007600506,-0.011787183145543032,0.014134537333333322,-0.006625312666666668,341.56
48.408,-0.014241140076005071,-0.012557183145543025,0.014564537333333308,-0.007215312666666675,341.56
48.412,-0.013731140076005061,-0.013237183145543039,0.014904537333333315,-0.007815312666666664,341.56
48.416,-0.013131140076005072,-0.013837183145543028,0.015164537333333353,-0.008325312666666675,341.56
48.42,-0.012531140076005054,-0.014697183145543028,0.015414537333333325,-0.00875531266666666,341.56
48.424,-0.011851140076005068,-0.015377183145543042,0.015764537333333342,-0.00901531266666667,341.56
48.428,-0.011251140076005079,-0.01597718314554303,0.01610453733333335,-0.009185312666666674,341.56
48.432,-0.010401140076005061,-0.01656718314554304,0.016184537333333318,-0.009785312666666664,341.56
48.436,-0.009541140076005062,-0.017167183145543028,0.016274537333333353,-0.010805312666666657,341.56
48.44,-0.009111140076005076,-0.017767183145543045,0.016524537333333325,-0.011575312666666678,341.56
48.444,-0.008431140076005062,-0.018277183145543028,0.01669453733333333,-0.012175312666666667,341.56
48.448,-0.007661140076005069,-0.01878718314554304,0.01695453733333331,-0.012775312666666656,341.56
48.452,-0.006811140076005079,-0.019217183145543024,0.017124537333333315,-0.01345531266666667,341.56
48.456,-0.0060411400760050585,-0.019647183145543038,0.017384537333333352,-0.014395312666666667,341.56
48.46,-0.005531140076005076,-0.020247183145543027,0.01746453733333332,-0.014995312666666656,341.56
48.464,-0.004851140076005062,-0.020757183145543038,0.01746453733333332,-0.015585312666666663,341.56
48.468,-0.003991140076005062,-0.02126718314554305,0.01746453733333332,-0.016105312666666656,341.56
48.472,-0.00322114007600507,-0.02126718314554305,0.01772453733333336,-0.016615312666666666,341.56
48.476,-0.002801140076005066,-0.02152718314554303,0.01780453733333333,-0.016955312666666673,341.56
48.48,-0.00237114007600508,-0.021867183145543038,0.01780453733333333,-0.01738531266666666,341.56
48.484,-0.001771140076005063,-0.022117183145543038,0.01780453733333333,-0.01789531266666667,341.56
48.488,-0.0011711400760050735,-0.022377183145543048,0.01780453733333333,-0.01849531266666666,341.56
48.492,-0.0005811400760050663,-0.022467183145543027,0.01772453733333336,-0.01900531266666667,341.56
48.496,0.00010885992399492983,-0.022717183145543027,0.017554537333333356,-0.019515312666666652,341.56
48.5,0.0006188599239949403,-0.022807183145543034,0.01746453733333332,-0.019775312666666663,341.56
48.504,0.0012188599239949297,-0.022977183145543038,0.017384537333333352,-0.019945312666666666,341.56
48.508,0.0018088599239949369,-0.023227183145543038,0.017384537333333352,-0.020285312666666673,341.56
48.512,0.00257885992399493,-0.023227183145543038,0.017124537333333315,-0.020625312666666652,341.56
48.516,0.0030088599239949435,-0.02314718314554304,0.016874537333333342,-0.020795312666666656,341.56
48.52,0.003518859923994926,-0.02288718314554303,0.01661453733333336,-0.021055312666666666,341.56
48.524,0.004208859923994923,-0.02288718314554303,0.016524537333333325,-0.02122531266666667,341.56
48.528,0.0046288599239949265,-0.022807183145543034,0.01635453733333332,-0.02147531266666667,341.56
48.532,0.00505885992399494,-0.022467183145543027,0.016184537333333318,-0.02147531266666667,341.56
48.536,0.00565885992399493,-0.022117183145543038,0.015934537333333346,-0.02147531266666667,341.56
48.54,0.006258859923994947,-0.021947183145543035,0.015674537333333308,-0.02147531266666667,341.56
48.544,0.006678859923994923,-0.021607183145543028,0.015334537333333356,-0.02147531266666667,341.56
48.548,0.0071088599239949365,-0.02117718314554304,0.015074537333333318,-0.021395312666666673,341.56
48.552,0.007538859923994922,-0.02092718314554304,0.014824537333333346,-0.021135312666666663,341.56
48.556,0.007958859923994926,-0.020587183145543034,0.01439453733333336,-0.021135312666666663,341.56
48.56,0.008558859923994943,-0.019987183145543045,0.014224537333333356,-0.021055312666666666,341.56
48.564,0.009068859923994926,-0.019477183145543035,0.014134537333333322,-0.020795312666666656,341.56
48.568,0.009588859923994946,-0.01878718314554304,0.013714537333333346,-0.020625312666666652,341.56
48.572,0.009928859923994953,-0.018277183145543028,0.01328453733333336,-0.020195312666666666,341.56
48.576,0.01034885992399493,-0.01793718314554305,0.012944537333333353,-0.019775312666666663,341.56
48.58,0.010778859923994915,-0.017507183145543035,0.012514537333333312,-0.019435312666666656,341.56
48.584,0.011208859923994957,-0.016997183145543025,0.012084537333333326,-0.01900531266666667,341.56
48.588,0.011718859923994912,-0.01631718314554304,0.011744537333333319,-0.018575312666666656,341.56
48.592,0.012148859923994953,-0.015457183145543039,0.011234537333333308,-0.01814531266666667,341.56
48.596,0.01248885992399496,-0.014607183145543049,0.010634537333333319,-0.017725312666666666,341.56
48.6,0.012998859923994915,-0.013327183145543046,0.010124537333333308,-0.01738531266666666,341.56
48.604,0.013258859923994953,-0.011447183145543025,0.009614537333333353,-0.016695312666666663,341.56
48.608,0.013678859923994929,-0.009997183145543046,0.009184537333333312,-0.016185312666666653,341.56
48.612,0.014028859923994946,-0.008377183145543036,0.00884453733333336,-0.01567531266666667,341.56
48.616,0.014448859923994922,-0.006577183145543039,0.008414537333333347,-0.01516531266666666,341.56
48.62,0.014968859923994942,-0.004617183145543049,0.007734537333333334,-0.014395312666666667,341.56
48.624,0.015388859923994918,-0.002657183145543032,0.007134537333333344,-0.01370531266666667,341.56
48.628,0.015728859923994924,-0.0007771831455430394,0.0067045373333333306,-0.012775312666666656,341.56
48.632,0.01607885992399494,0.0011028168544569535,0.006114537333333323,-0.011665312666666657,341.56
48.636,0.016498859923994916,0.002982816854456974,0.005514537333333334,-0.011065312666666667,341.56
48.64,0.016838859923994923,0.004862816854456967,0.004834537333333348,-0.010805312666666657,341.56
48.644,0.017098859923994906,0.00674281685445696,0.004234537333333331,-0.010295312666666674,341.56
48.648,0.017358859923994944,0.008532816854456973,0.0035445373333333344,-0.009695312666666657,341.56
48.652,0.017438859923994913,0.006402816854456953,0.0029545373333333272,-0.009095312666666668,341.56
48.656,0.017608859923994916,-0.0009471831455430429,0.002354537333333338,-0.008415312666666654,341.56
48.66,0.01777885992399492,-0.002737183145543029,0.002014537333333331,-0.007815312666666664,341.56
48.664,0.017868859923994954,-0.002737183145543029,0.001244537333333338,-0.007215312666666675,341.56
48.668,0.018118859923994927,-0.0025671831455430253,0.0006445373333333207,-0.006625312666666668,341.56
48.672,0.018208859923994906,-0.001967183145543036,-3.546266666666544e-05,-0.006025312666666678,341.56
48.676,0.018468859923994944,-0.0010271831455430395,-0.0006354626666666549,-0.005425312666666661,341.56
48.68,0.018638859923994947,-7.183145543046489e-06,-0.0013154626666666688,-0.0048253126666666715,341.56
48.684,0.018638859923994947,0.0007628168544569742,-0.0018354626666666615,-0.004235312666666664,341.56
48.688,0.018638859923994947,0.001612816854456964,-0.0025154626666666754,-0.0033753126666666647,341.56
48.692,0.01888885992399492,0.0025528168544569603,-0.0032854626666666683,-0.0027753126666666753,341.56
48.696,0.018978859923994954,0.00366281685445696,-0.0039654626666666545,-0.002185312666666668,341.56
48.7,0.01888885992399492,0.004692816854456963,-0.004815462666666672,-0.0013253126666666684,341.56
48.704,0.018978859923994954,0.0057128168544569565,-0.005585462666666665,-0.0003053126666666753,341.56
48.708,0.01888885992399492,0.00674281685445696,-0.006615462666666668,0.00037468733333333865,341.56
48.712,0.018718859923994916,0.007762816854456953,-0.007295462666666654,0.001314687333333335,341.56
48.716,0.018638859923994947,0.008622816854456952,-0.007975462666666669,0.002004687333333331,341.56
48.72,0.018468859923994944,0.008962816854456986,-0.008665462666666665,0.002684687333333345,341.56
48.724,0.01829885992399494,0.008622816854456952,-0.009345462666666679,0.003534687333333335,341.56
48.728,0.018208859923994906,0.007932816854456955,-0.010025462666666665,0.0043946873333333344,341.56
48.732,0.017948859923994923,0.008022816854456962,-0.010715462666666661,0.005244687333333324,341.56
48.736,0.01777885992399492,0.008362816854456969,-0.011305462666666669,0.006104687333333324,341.56
48.74,0.017608859923994916,0.008702816854456976,-0.011995462666666665,0.006954687333333341,341.56
48.744,0.017528859923994947,0.00913281685445699,-0.012585462666666672,0.007804687333333331,341.56
48.748,0.01726885992399491,0.009562816854456976,-0.013275462666666668,0.008664687333333358,341.56
48.752,0.016928859923994958,0.010072816854456986,-0.013785462666666679,0.00951468733333332,341.56
48.756,0.01658885992399495,0.010672816854456976,-0.014385462666666668,0.010284687333333313,341.56
48.76,0.01615885992399491,0.011182816854456986,-0.014895462666666678,0.010544687333333351,341.56
48.764,0.015648859923994955,0.011602816854456962,-0.015745462666666668,0.010194687333333334,341.56
48.768,0.01530885992399495,0.011952816854456979,-0.016435462666666664,0.009684687333333324,341.56
48.772,0.014878859923994908,0.012372816854456955,-0.01702546266666667,0.01002468733333333,341.56
48.776,0.014448859923994922,0.01280281685445694,-0.017715462666666668,0.010374687333333348,341.56
48.78,0.014108859923994915,0.013232816854456982,-0.01813546266666667,0.010544687333333351,341.56
48.784,0.013768859923994908,0.013652816854456958,-0.018565462666666657,0.010964687333333327,341.56
48.788,0.013258859923994953,0.014082816854456944,-0.01899546266666667,0.011484687333333347,341.56
48.792,0.012738859923994933,0.014512816854456986,-0.019425462666666657,0.01173468733333332,341.56
48.796,0.01248885992399496,0.014852816854456937,-0.01984546266666666,0.012164687333333361,341.56
48.8,0.011888859923994915,0.015192816854456944,-0.020185462666666668,0.012594687333333347,341.56
48.804,0.011288859923994926,0.015622816854456986,-0.020445462666666678,0.013014687333333323,341.56
48.808,0.010778859923994915,0.015962816854456937,-0.02070546266666666,0.013274687333333361,341.56
48.812,0.010178859923994926,0.016222816854456975,-0.021125462666666664,0.013784687333333316,341.56
48.816,0.009588859923994946,0.016472816854456947,-0.02146546266666667,0.014214687333333358,341.56
48.82,0.008818859923994954,0.016472816854456947,-0.021645462666666657,0.014554687333333309,341.56
48.824,0.008218859923994936,0.01664281685445695,-0.022155462666666667,0.01498468733333335,341.56
48.828,0.007618859923994947,0.016812816854456954,-0.022155462666666667,0.015404687333333326,341.56
48.832,0.006938859923994933,0.01690281685445699,-0.02206546266666666,0.015834687333333312,341.56
48.836,0.006078859923994933,0.01716281685445697,-0.022235462666666664,0.016264687333333354,341.56
48.84,0.005488859923994926,0.017332816854456975,-0.022235462666666664,0.016514687333333326,341.56
48.844,0.0046288599239949265,0.01750281685445698,-0.022235462666666664,0.016864687333333343,341.56
48.848,0.003858859923994933,0.01775281685445695,-0.022235462666666664,0.017114687333333316,341.56
48.852,0.003268859923994926,0.01775281685445695,-0.022155462666666667,0.017374687333333354,341.56
48.856,0.002498859923994933,0.01775281685445695,-0.021895462666666657,0.017544687333333357,341.56
48.86,0.0017288599239949401,0.01775281685445695,-0.021895462666666657,0.01788468733333331,341.56
48.864,0.001128859923994923,0.017672816854456982,-0.02181546266666666,0.018144687333333347,341.56
48.868,0.0008788599239949227,0.017672816854456982,-0.02146546266666667,0.01831468733333335,341.56
48.872,0.0002788599239949333,0.01775281685445695,-0.02121546266666667,0.01839468733333332,341.56
48.876,-0.00041114007600506286,0.01775281685445695,-0.021045462666666667,0.018654687333333357,341.56
48.88,-0.001431140076005056,0.017672816854456982,-0.02070546266666666,0.018654687333333357,341.56
48.884,-0.0022811400760050734,0.017412816854456944,-0.02035546266666667,0.018654687333333357,341.56
48.888,-0.003141140076005073,0.017332816854456975,-0.01984546266666666,0.018734687333333326,341.56
48.892,-0.0039111400760050655,0.01724281685445694,-0.019425462666666657,0.01899468733333331,341.56
48.896,-0.004761140076005055,0.017072816854456937,-0.019075462666666668,0.01899468733333331,341.56
48.9,-0.005611140076005073,0.01724281685445694,-0.018655462666666664,0.01882468733333336,341.56
48.904,-0.0063811400760050655,0.01724281685445694,-0.018055462666666675,0.018734687333333326,341.56
48.908,-0.006981140076005055,0.016982816854456958,-0.017455462666666657,0.018734687333333326,341.56
48.912,-0.007831140076005072,0.016732816854456985,-0.01702546266666667,0.018564687333333323,341.56
48.916,-0.008771140076005069,0.01639281685445698,-0.01651546266666666,0.01831468733333335,341.56
48.92,-0.009711140076005065,0.01613281685445694,-0.015835462666666675,0.018224687333333316,341.56
48.924,-0.010821140076005065,0.01613281685445694,-0.015235462666666658,0.017974687333333343,341.56
48.928,-0.011591140076005058,0.01605281685445697,-0.014555462666666671,0.01771468733333336,341.56
48.932,-0.012191140076005075,0.015702816854456954,-0.013955462666666654,0.017374687333333354,341.56
48.936,-0.012621140076005061,0.015362816854456948,-0.013355462666666665,0.017034687333333347,341.56
48.94,-0.013301140076005075,0.014852816854456937,-0.012765462666666658,0.01677468733333331,341.56
48.944,-0.013981140076005061,0.014512816854456986,-0.012165462666666668,0.01668468733333333,341.56
48.948,-0.014411140076005075,0.014342816854456982,-0.011735462666666654,0.016514687333333326,341.56
48.952,-0.015011140076005064,0.014002816854456975,-0.011225462666666672,0.01617468733333332,341.56
48.956,-0.01569114007600508,0.013652816854456958,-0.010365462666666672,0.015834687333333312,341.56
48.96,-0.01629114007600507,0.013232816854456982,-0.009515462666666655,0.015494687333333361,341.56
48.964,-0.01714114007600506,0.01280281685445694,-0.008745462666666662,0.01506468733333332,341.56
48.968,-0.01791114007600508,0.01246281685445699,-0.008065462666666676,0.014554687333333309,341.56
48.972,-0.018591140076005066,0.012292816854456986,-0.007385462666666661,0.014124687333333323,341.56
48.976,-0.01902114007600508,0.011952816854456979,-0.0060154626666666785,0.013614687333333313,341.56
48.98,-0.019451140076005066,0.011602816854456962,-0.004475462666666665,0.012934687333333354,341.56
48.984,-0.020041140076005073,0.011182816854456986,-0.0031954626666666616,0.012414687333333334,341.56
48.988,-0.02073114007600507,0.010672816854456976,-0.0018354626666666615,0.012074687333333327,341.56
48.992,-0.02124114007600508,0.009982816854456952,-0.00020546266666666892,0.01173468733333332,341.56
48.996,-0.021671140076005065,0.009472816854456941,0.0014145373333333414,0.01122468733333331,341.56
49.0,-0.02209114007600507,0.008962816854456986,0.003034537333333324,0.010544687333333351,341.56
49.004,-0.02235114007600508,0.008362816854456969,0.004654537333333334,0.01002468733333333,341.56
49.008,-0.022521140076005055,0.007932816854456955,0.006284537333333327,0.009684687333333324,341.56
49.012,-0.022781140076005065,0.007592816854456977,0.007904537333333336,0.009174687333333313,341.56
49.016,-0.022781140076005065,0.007082816854456967,0.009524537333333319,0.008494687333333355,341.56
49.02,-0.022781140076005065,0.006402816854456953,0.01114453733333333,0.007974687333333334,341.56
49.024,-0.022861140076005062,0.005972816854456967,0.012684537333333315,0.007634687333333327,341.56
49.028,-0.023121140076005072,0.00588281685445696,0.010894537333333357,0.007124687333333345,341.56
49.032,-0.023121140076005072,0.005802816854456963,0.0049145373333333445,0.0065246873333333275,341.56
49.036,-0.02320114007600507,0.005292816854456953,0.003724537333333348,0.006014687333333345,341.56
49.04,-0.02320114007600507,0.004262816854456977,0.0038045373333333446,0.005414687333333328,341.56
49.044,-0.02295114007600507,0.0033228168544569532,0.004314537333333327,0.004824687333333348,341.56
49.048,-0.022861140076005062,0.0025528168544569603,0.004834537333333348,0.0043946873333333344,341.56
49.052,-0.022781140076005065,0.0017028168544569707,0.005424537333333327,0.0039646873333333485,341.56
49.056,-0.022521140076005055,0.0008528168544569532,0.006024537333333344,0.003454687333333338,341.56
49.06,-0.022271140076005055,0.000162816854456957,0.0067045373333333306,0.002854687333333321,341.56
49.064,-0.022011140076005072,-0.0003471831455430257,0.007224537333333323,0.002344687333333338,341.56
49.068,-0.021921140076005066,-0.0010271831455430395,0.00756453733333333,0.0019146873333333245,341.56
49.072,-0.02158114007600506,-0.0018871831455430392,0.00807453733333334,0.001314687333333335,341.56
49.076,-0.02124114007600508,-0.0028271831455430356,0.008754537333333326,0.0007246873333333279,341.56
49.08,-0.02073114007600507,-0.0035071831455430495,0.009274537333333346,0.00020468733333333516,341.56
49.084,-0.020301140076005055,-0.004107183145543039,0.009614537333333353,-0.000385312666666672,341.56
49.088,-0.01987114007600507,-0.004787183145543025,0.01003453733333333,-0.001155312666666665,341.56
49.092,-0.019451140076005066,-0.0056371831455430425,0.010634537333333319,-0.001845312666666661,341.56
49.096,-0.019191140076005055,-0.006407183145543035,0.011314537333333333,-0.002525312666666675,341.56
49.1,-0.018591140076005066,-0.007177183145543028,0.011744537333333319,-0.0030353126666666577,341.56
49.104,-0.01800114007600506,-0.008027183145543047,0.012084537333333326,-0.003545312666666668,341.56
49.108,-0.01740114007600507,-0.008627183145543036,0.012514537333333312,-0.004145312666666658,341.56
49.112,-0.016711140076005073,-0.009397183145543029,0.012854537333333318,-0.004745312666666675,341.56
49.116,-0.016201140076005063,-0.01016718314554305,0.01328453733333336,-0.005425312666666661,341.56
49.12,-0.015521140076005075,-0.010847183145543036,0.013714537333333346,-0.006025312666666678,341.56
49.124,-0.014921140076005058,-0.011447183145543025,0.014134537333333322,-0.006625312666666668,341.56
49.128,-0.014241140076005071,-0.012217183145543046,0.014564537333333308,-0.007215312666666675,341.56
49.132,-0.013811140076005058,-0.012987183145543039,0.01499453733333335,-0.007905312666666671,341.56
49.136,-0.013131140076005072,-0.013757183145543032,0.015334537333333356,-0.008415312666666654,341.56
49.14,-0.012531140076005054,-0.014347183145543039,0.015414537333333325,-0.008925312666666664,341.56
49.144,-0.011761140076005061,-0.014947183145543028,0.015764537333333342,-0.009265312666666671,341.56
49.148,-0.011161140076005072,-0.015457183145543039,0.01584453733333331,-0.009955312666666667,341.56
49.152,-0.010571140076005065,-0.016147183145543035,0.016014537333333315,-0.010465312666666678,341.56
49.156,-0.010051140076005072,-0.016737183145543042,0.016274537333333353,-0.01097531266666666,341.56
49.16,-0.009201140076005055,-0.01733718314554303,0.01669453733333333,-0.011575312666666678,341.56
49.164,-0.008261140076005058,-0.017847183145543042,0.017044537333333346,-0.012255312666666664,341.56
49.168,-0.007661140076005069,-0.018367183145543035,0.01721453733333335,-0.01319531266666666,341.56
49.172,-0.006811140076005079,-0.01904718314554305,0.017294537333333318,-0.013795312666666677,341.56
49.176,-0.006131140076005065,-0.01955718314554303,0.017294537333333318,-0.014395312666666667,341.56
49.18,-0.005531140076005076,-0.01989718314554304,0.01746453733333332,-0.014905312666666677,341.56
49.184,-0.004761140076005055,-0.020247183145543027,0.01772453733333336,-0.01541531266666666,341.56
49.188,-0.003991140076005062,-0.02066718314554303,0.01780453733333333,-0.016185312666666653,341.56
49.192,-0.00322114007600507,-0.02117718314554304,0.01780453733333333,-0.016615312666666666,341.56
49.196,-0.0027111400760050594,-0.021607183145543028,0.01780453733333333,-0.016955312666666673,341.56
49.2,-0.0022811400760050734,-0.021867183145543038,0.01780453733333333,-0.017295312666666653,341.56
49.204,-0.001771140076005063,-0.02203718314554304,0.01780453733333333,-0.017725312666666666,341.56
49.208,-0.0011711400760050735,-0.022297183145543024,0.01780453733333333,-0.018325312666666656,341.56
49.212,-0.0005811400760050663,-0.022467183145543027,0.01780453733333333,-0.018835312666666666,341.56
49.216,0.00010885992399492983,-0.022717183145543027,0.01772453733333336,-0.019085312666666666,341.56
49.22,0.000698859923994937,-0.022807183145543034,0.01746453733333332,-0.019435312666666656,341.56
49.224,0.0012988599239949264,-0.022807183145543034,0.017384537333333352,-0.01985531266666666,341.56
49.228,0.0018988599239949436,-0.02288718314554303,0.01746453733333332,-0.02011531266666667,341.56
49.232,0.002498859923994933,-0.02314718314554304,0.017384537333333352,-0.020285312666666673,341.56
49.236,0.0030088599239949435,-0.022977183145543038,0.01721453733333335,-0.020625312666666652,341.56
49.24,0.003518859923994926,-0.02263718314554303,0.01695453733333331,-0.02096531266666666,341.56
49.244,0.004118859923994944,-0.022807183145543034,0.01669453733333333,-0.021055312666666666,341.56
49.248,0.0046288599239949265,-0.022717183145543027,0.01661453733333336,-0.021055312666666666,341.56
49.252,0.00505885992399494,-0.022547183145543024,0.016274537333333353,-0.021135312666666663,341.56
49.256,0.00565885992399493,-0.022377183145543048,0.016014537333333315,-0.021395312666666673,341.56
49.26,0.006258859923994947,-0.02203718314554304,0.015764537333333342,-0.021305312666666666,341.56
49.264,0.006678859923994923,-0.021607183145543028,0.01550453733333336,-0.021135312666666663,341.56
49.268,0.0071088599239949365,-0.02117718314554304,0.015414537333333325,-0.021135312666666663,341.56
49.272,0.007538859923994922,-0.02092718314554304,0.015074537333333318,-0.021055312666666666,341.56
49.276,0.008048859923994933,-0.020587183145543034,0.014654537333333342,-0.020885312666666662,341.56
49.28,0.008648859923994922,-0.019987183145543045,0.014474537333333329,-0.02071531266666666,341.56
49.284,0.00915885992399496,-0.01955718314554303,0.014224537333333356,-0.020625312666666652,341.56
49.288,0.009588859923994946,-0.018957183145543042,0.013714537333333346,-0.020195312666666666,341.56
49.292,0.009928859923994953,-0.018367183145543035,0.01328453733333336,-0.01985531266666666,341.56
49.296,0.01034885992399493,-0.01793718314554305,0.012944537333333353,-0.019775312666666663,341.56
49.3,0.01086885992399495,-0.017597183145543042,0.012604537333333346,-0.019435312666666656,341.56
49.304,0.011288859923994926,-0.01708718314554303,0.01217453733333336,-0.01900531266666667,341.56
49.308,0.011628859923994933,-0.01631718314554304,0.01166453733333335,-0.018575312666666656,341.56
49.312,0.012058859923994919,-0.015547183145543046,0.011234537333333308,-0.018235312666666677,341.56
49.316,0.01248885992399496,-0.014867183145543032,0.010804537333333322,-0.017725312666666666,341.56
49.32,0.012828859923994912,-0.013667183145543025,0.010204537333333333,-0.01703531266666667,341.56
49.324,0.013258859923994953,-0.012217183145543046,0.009784537333333357,-0.01652531266666666,341.56
49.328,0.013768859923994908,-0.011107183145543046,0.009184537333333312,-0.016185312666666653,341.56
49.332,0.01419885992399495,-0.010077183145543043,0.00884453733333336,-0.01567531266666667,341.56
49.336,0.014538859923994956,-0.00905718314554305,0.008334537333333322,-0.015075312666666653,341.56
49.34,0.014878859923994908,-0.007857183145543043,0.007644537333333327,-0.01456531266666667,341.56
49.344,0.01530885992399495,-0.006667183145543046,0.007134537333333344,-0.013885312666666656,341.56
49.348,0.015728859923994924,-0.005467183145543039,0.0067045373333333306,-0.01294531266666666,341.56
49.352,0.015988859923994906,-0.004277183145543042,0.006114537333333323,-0.012175312666666667,341.56
49.356,0.01615885992399491,-0.003077183145543036,0.005514537333333334,-0.011315312666666667,341.56
49.36,0.016498859923994916,-0.0018871831455430392,0.004834537333333348,-0.01072531266666666,341.56
49.364,0.017008859923994927,-0.0006871831455430327,0.004234537333333331,-0.009785312666666664,341.56
49.368,0.017358859923994944,0.000502816854456964,0.003634537333333341,-0.008925312666666664,341.56
49.372,0.017438859923994913,0.0017028168544569707,0.003034537333333324,-0.008925312666666664,341.56
49.376,0.017528859923994947,0.0011028168544569535,0.0025245373333333413,-0.008415312666666654,341.56
49.38,0.017948859923994923,-0.0021371831455430394,0.002014537333333331,-0.007815312666666664,341.56
49.384,0.017948859923994923,-0.002737183145543029,0.0010745373333333344,-0.007215312666666675,341.56
49.388,0.018208859923994906,-0.002307183145543043,0.00038453733333333826,-0.006705312666666664,341.56
49.392,0.01829885992399494,-0.0018871831455430392,-0.00020546266666666892,-0.006105312666666675,341.56
49.396,0.018468859923994944,-0.0012871831455430497,-0.0010654626666666686,-0.005515312666666668,341.56
49.4,0.018638859923994947,-0.0003471831455430257,-0.0017454626666666547,-0.004745312666666675,341.56
49.404,0.018638859923994947,0.0003328168544569605,-0.002345462666666672,-0.004145312666666658,341.56
49.408,0.018638859923994947,0.0011028168544569535,-0.003025462666666658,-0.0034653126666666714,341.56
49.412,0.01880885992399495,0.0017028168544569707,-0.0037954626666666788,-0.0027753126666666753,341.56
49.416,0.018978859923994954,0.002382816854456957,-0.004395462666666668,-0.002185312666666668,341.56
49.42,0.018978859923994954,0.0031528168544569498,-0.005075462666666654,-0.001495312666666672,341.56
49.424,0.018978859923994954,0.00392281685445697,-0.005845462666666675,-0.0009853126666666615,341.56
49.428,0.01888885992399492,0.004692816854456963,-0.006525462666666661,-0.000385312666666672,341.56
49.432,0.018638859923994947,0.005462816854456956,-0.007125462666666678,0.00012468733333333842,341.56
49.436,0.018548859923994913,0.006232816854456977,-0.007895462666666672,0.0006346873333333211,341.56
49.44,0.018638859923994947,0.00674281685445696,-0.008495462666666662,0.0012346873333333383,341.56
49.444,0.018548859923994913,0.006912816854456963,-0.009175462666666676,0.0018346873333333277,341.56
49.448,0.01837885992399491,0.0075128168544569525,-0.009945462666666668,0.002424687333333335,341.56
49.452,0.018118859923994927,0.007762816854456953,-0.010545462666666658,0.0030246873333333243,341.56
49.456,0.01769885992399495,0.008192816854456966,-0.011135462666666665,0.0036246873333333415,341.56
49.46,0.017528859923994947,0.008872816854456952,-0.011655462666666658,0.004224687333333331,341.56
49.464,0.017528859923994947,0.009212816854456959,-0.012335462666666672,0.004824687333333348,341.56
49.468,0.01726885992399491,0.009472816854456941,-0.012935462666666661,0.005414687333333328,341.56
49.472,0.016928859923994958,0.010072816854456986,-0.013525462666666668,0.006014687333333345,341.56
49.476,0.01658885992399495,0.010752816854456945,-0.014125462666666658,0.006694687333333331,341.56
49.48,0.016498859923994916,0.011262816854456955,-0.014895462666666678,0.007634687333333327,341.56
49.484,0.01607885992399494,0.011602816854456962,-0.015495462666666668,0.008494687333333355,341.56
49.488,0.015648859923994955,0.011952816854456979,-0.016175462666666654,0.008834687333333362,341.56
49.492,0.01530885992399495,0.012292816854456986,-0.01677546266666667,0.009264687333333348,341.56
49.496,0.014788859923994929,0.012712816854456962,-0.017285462666666654,0.009774687333333358,341.56
49.5,0.01419885992399495,0.013232816854456982,-0.017795462666666664,0.010284687333333313,341.56
49.504,0.013678859923994929,0.013652816854456958,-0.018315462666666657,0.010544687333333351,341.56
49.508,0.013258859923994953,0.014082816854456944,-0.018905462666666664,0.010884687333333358,341.56
49.512,0.012738859923994933,0.014512816854456986,-0.019425462666666657,0.011484687333333347,341.56
49.516,0.012058859923994919,0.014852816854456937,-0.01984546266666666,0.012074687333333327,341.56
49.52,0.011718859923994912,0.015282816854456979,-0.02010546266666667,0.012504687333333313,341.56
49.524,0.01145885992399493,0.015622816854456986,-0.020185462666666668,0.01276468733333335,341.56
49.528,0.01086885992399495,0.01579281685445699,-0.02035546266666667,0.013104687333333358,341.56
49.532,0.01034885992399493,0.01613281685445694,-0.02070546266666666,0.013784687333333316,341.56
49.536,0.009668859923994915,0.016472816854456947,-0.02095546266666666,0.014214687333333358,341.56
49.54,0.009068859923994926,0.016562816854456982,-0.021125462666666664,0.014644687333333344,341.56
49.544,0.00838885992399494,0.01664281685445695,-0.021385462666666674,0.01506468733333332,341.56
49.548,0.00787885992399493,0.01690281685445699,-0.021555462666666678,0.015404687333333326,341.56
49.552,0.00727885992399494,0.016982816854456958,-0.021645462666666657,0.015754687333333343,341.56
49.556,0.006678859923994923,0.01724281685445694,-0.021725462666666653,0.01617468733333332,341.56
49.56,0.005738859923994926,0.017412816854456944,-0.021725462666666653,0.01660468733333336,341.56
49.564,0.00479885992399493,0.017672816854456982,-0.02181546266666666,0.016944687333333312,341.56
49.568,0.004118859923994944,0.01775281685445695,-0.021895462666666657,0.017114687333333316,341.56
49.572,0.0033488599239949227,0.017672816854456982,-0.021985462666666664,0.01728468733333332,341.56
49.576,0.00257885992399493,0.01775281685445695,-0.021985462666666664,0.017454687333333323,341.56
49.58,0.0020688599239949194,0.017672816854456982,-0.021645462666666657,0.01771468733333336,341.56
49.584,0.0013888599239949332,0.01775281685445695,-0.021645462666666657,0.01788468733333331,341.56
49.588,0.000698859923994937,0.01775281685445695,-0.02146546266666667,0.018144687333333347,341.56
49.592,0.0002788599239949333,0.01775281685445695,-0.021045462666666667,0.01839468733333332,341.56
49.596,-6.114007600507365e-05,0.01775281685445695,-0.020615462666666654,0.018654687333333357,341.56
49.6,-0.0009211400760050733,0.017672816854456982,-0.02035546266666667,0.018654687333333357,341.56
49.604,-0.0019411400760050664,0.017582816854456947,-0.020185462666666668,0.018654687333333357,341.56
49.608,-0.0029711400760050696,0.017332816854456975,-0.01984546266666666,0.018654687333333357,341.56
49.612,-0.0039111400760050655,0.017332816854456975,-0.019425462666666657,0.018654687333333357,341.56
49.616,-0.004851140076005062,0.01724281685445694,-0.019075462666666668,0.018654687333333357,341.56
49.62,-0.005361140076005072,0.016982816854456958,-0.018565462666666657,0.018654687333333357,341.56
49.624,-0.005701140076005079,0.01690281685445699,-0.01788546266666667,0.018654687333333357,341.56
49.628,-0.006471140076005072,0.01690281685445699,-0.01737546266666666,0.018654687333333357,341.56
49.632,-0.007321140076005062,0.016812816854456954,-0.016945462666666675,0.018564687333333323,341.56
49.636,-0.008261140076005058,0.016562816854456982,-0.01651546266666666,0.01839468733333332,341.56
49.64,-0.009201140076005055,0.01639281685445698,-0.01600546266666668,0.018224687333333316,341.56
49.644,-0.010141140076005079,0.01613281685445694,-0.015405462666666661,0.017974687333333343,341.56
49.648,-0.011251140076005079,0.015962816854456937,-0.014805462666666672,0.01779468733333333,341.56
49.652,-0.012191140076005075,0.015622816854456986,-0.014215462666666664,0.017454687333333323,341.56
49.656,-0.012961140076005068,0.015362816854456948,-0.013615462666666675,0.01720468733333335,341.56
49.66,-0.013381140076005072,0.01502281685445694,-0.012935462666666661,0.017034687333333347,341.56
49.664,-0.013731140076005061,0.014852816854456937,-0.012335462666666672,0.016944687333333312,341.56
49.668,-0.014151140076005065,0.014512816854456986,-0.011655462666666658,0.01660468733333336,341.56
49.672,-0.014751140076005054,0.014082816854456944,-0.011225462666666672,0.016264687333333354,341.56
49.676,-0.015431140076005068,0.013742816854456937,-0.010545462666666658,0.015834687333333312,341.56
49.68,-0.016121140076005066,0.013482816854456955,-0.009855462666666662,0.015404687333333326,341.56
49.684,-0.01689114007600506,0.013142816854456948,-0.009005462666666672,0.01498468733333335,341.56
49.688,-0.017821140076005073,0.012712816854456962,-0.008405462666666655,0.014644687333333344,341.56
49.692,-0.018341140076005066,0.012372816854456955,-0.007465462666666658,0.014214687333333358,341.56
49.696,-0.018851140076005076,0.012032816854456948,-0.006355462666666658,0.013704687333333347,341.56
49.7,-0.019451140076005066,0.011692816854456941,-0.005415462666666661,0.013274687333333361,341.56
49.704,-0.019961140076005076,0.011262816854456955,-0.004645462666666668,0.01284468733333332,341.56
49.708,-0.020561140076005065,0.010752816854456945,-0.0037954626666666788,0.012164687333333361,341.56
49.712,-0.021151140076005073,0.010322816854456959,-0.0028554626666666546,0.01173468733333332,341.56
49.716,-0.02158114007600506,0.009812816854456948,-0.0019154626666666582,0.011304687333333334,341.56
49.72,-0.02184114007600507,0.009212816854456959,-0.0009754626666666618,0.010714687333333354,341.56
49.724,-0.02209114007600507,0.008622816854456952,-3.546266666666544e-05,0.01011468733333331,341.56
49.728,-0.02235114007600508,0.007932816854456955,0.000904537333333331,0.009684687333333324,341.56
49.732,-0.022521140076005055,0.0074228168544569735,0.0018445373333333273,0.009344687333333317,341.56
49.736,-0.022781140076005065,0.006912816854456963,0.0027845373333333237,0.008834687333333362,341.56
49.74,-0.022781140076005065,0.006312816854456974,0.0035445373333333344,0.008064687333333341,341.56
49.744,-0.02269114007600506,0.005972816854456967,0.0035445373333333344,0.007634687333333327,341.56
49.748,-0.022781140076005065,0.005802816854456963,0.0031245373333333307,0.007294687333333348,341.56
49.752,-0.023031140076005065,0.005542816854456953,0.0028645373333333205,0.006784687333333338,341.56
49.756,-0.023121140076005072,0.005202816854456974,0.0031245373333333307,0.006104687333333324,341.56
49.76,-0.023031140076005065,0.004182816854456953,0.003634537333333341,0.005674687333333338,341.56
49.764,-0.022861140076005062,0.0031528168544569498,0.004234537333333331,0.005074687333333348,341.56
49.768,-0.022861140076005062,0.0025528168544569603,0.004834537333333348,0.004474687333333331,341.56
49.772,-0.022861140076005062,0.0017828168544569674,0.005514537333333334,0.0039646873333333485,341.56
49.776,-0.02269114007600506,0.0011028168544569535,0.005944537333333348,0.003534687333333335,341.56
49.78,-0.02235114007600508,0.000502816854456964,0.006534537333333327,0.0030246873333333243,341.56
49.784,-0.02209114007600507,-0.0002571831455430467,0.007134537333333344,0.002344687333333338,341.56
49.788,-0.021921140076005066,-0.0010271831455430395,0.00756453733333333,0.0018346873333333277,341.56
49.792,-0.02158114007600506,-0.001967183145543036,0.00807453733333334,0.0014046873333333418,341.56
49.796,-0.021071140076005076,-0.0028271831455430356,0.008754537333333326,0.0008946873333333313,341.56
49.8,-0.020641140076005062,-0.0034171831455430427,0.009274537333333346,0.0002946873333333419,341.56
49.804,-0.020391140076005062,-0.004017183145543032,0.009614537333333353,-0.00021531266666666854,341.56
49.808,-0.019791140076005072,-0.004787183145543025,0.01003453733333333,-0.0010753126666666682,341.56
49.812,-0.019281140076005062,-0.0056371831455430425,0.010634537333333319,-0.0017553126666666544,341.56
49.816,-0.01902114007600508,-0.006407183145543035,0.011234537333333308,-0.002265312666666665,341.56
49.82,-0.018591140076005066,-0.007097183145543032,0.01166453733333335,-0.0026953126666666785,341.56
49.824,-0.018081140076005055,-0.007687183145543039,0.012004537333333357,-0.003295312666666668,341.56
49.828,-0.017571140076005073,-0.00854718314554304,0.012424537333333333,-0.003885312666666675,341.56
49.832,-0.016971140076005056,-0.009317183145543032,0.012944537333333353,-0.004575312666666671,341.56
49.836,-0.01629114007600507,-0.010077183145543043,0.013364537333333329,-0.005175312666666661,341.56
49.84,-0.01578114007600506,-0.010847183145543036,0.013714537333333346,-0.005855312666666675,341.56
49.844,-0.015181140076005068,-0.011447183145543025,0.014134537333333322,-0.006455312666666664,341.56
49.848,-0.014581140076005078,-0.012217183145543046,0.014654537333333342,-0.007045312666666671,341.56
49.852,-0.013901140076005064,-0.013067183145543036,0.015074537333333318,-0.007645312666666661,341.56
49.856,-0.013211140076005068,-0.013757183145543032,0.015334537333333356,-0.008245312666666678,341.56
49.86,-0.012621140076005061,-0.014347183145543039,0.015764537333333342,-0.00875531266666666,341.56
49.864,-0.012101140076005068,-0.014947183145543028,0.016014537333333315,-0.009265312666666671,341.56
49.868,-0.011251140076005079,-0.015457183145543039,0.016184537333333318,-0.00961531266666666,341.56
49.872,-0.010651140076005062,-0.01622718314554303,0.01635453733333332,-0.009955312666666667,341.56
49.876,-0.010051140076005072,-0.01682718314554305,0.01661453733333336,-0.010465312666666678,341.56
49.88,-0.009291140076005061,-0.01742718314554304,0.01669453733333333,-0.01123531266666667,341.56
49.884,-0.008431140076005062,-0.017847183145543042,0.017044537333333346,-0.012005312666666663,341.56
49.888,-0.007581140076005072,-0.018367183145543035,0.017384537333333352,-0.01259531266666667,341.56
49.892,-0.006891140076005076,-0.018957183145543042,0.017384537333333352,-0.013285312666666667,341.56
49.896,-0.006301140076005069,-0.019477183145543035,0.01746453733333332,-0.01405531266666666,341.56
49.9,-0.005531140076005076,-0.019987183145543045,0.01772453733333336,-0.014645312666666667,341.56
49.904,-0.004671140076005076,-0.02041718314554303,0.01780453733333333,-0.015245312666666656,341.56
49.908,-0.003991140076005062,-0.020757183145543038,0.01780453733333333,-0.015755312666666667,341.56
49.912,-0.0033911400760050733,-0.021097183145543045,0.01780453733333333,-0.01627531266666666,341.56
49.916,-0.002801140076005066,-0.021437183145543024,0.017984537333333342,-0.016955312666666673,341.56
49.92,-0.0022811400760050734,-0.021697183145543034,0.018234537333333314,-0.017465312666666656,341.56
49.924,-0.001771140076005063,-0.022117183145543038,0.018154537333333345,-0.017805312666666663,341.56
49.928,-0.0011711400760050735,-0.022297183145543024,0.017894537333333307,-0.01814531266666667,341.56
49.932,-0.0006611400760050631,-0.022377183145543048,0.017894537333333307,-0.018575312666666656,341.56
49.936,1.8859923994923086e-05,-0.022377183145543048,0.017894537333333307,-0.01900531266666667,341.56
49.94,0.0006188599239949403,-0.022467183145543027,0.017894537333333307,-0.019435312666666656,341.56
49.944,0.0012988599239949264,-0.022717183145543027,0.01772453733333336,-0.019775312666666663,341.56
49.948,0.0018988599239949436,-0.02288718314554303,0.01746453733333332,-0.019945312666666666,341.56
49.952,0.002498859923994933,-0.023057183145543034,0.017384537333333352,-0.020285312666666673,341.56
49.956,0.0030088599239949435,-0.02288718314554303,0.017384537333333352,-0.020625312666666652,341.56
49.96,0.003608859923994933,-0.02288718314554303,0.01721453733333335,-0.02071531266666666,341.56
49.964,0.004208859923994923,-0.02263718314554303,0.01695453733333331,-0.02096531266666666,341.56
49.968,0.0046288599239949265,-0.022207183145543045,0.01669453733333333,-0.021055312666666666,341.56
49.972,0.0049688599239949335,-0.022207183145543045,0.01661453733333336,-0.021055312666666666,341.56
49.976,0.005488859923994926,-0.02203718314554304,0.016274537333333353,-0.021055312666666666,341.56
49.98,0.00616885992399494,-0.021947183145543035,0.015934537333333346,-0.021055312666666666,341.56
49.984,0.006598859923994926,-0.021607183145543028,0.015764537333333342,-0.021055312666666666,341.56
49.988,0.0071088599239949365,-0.02126718314554305,0.01550453733333336,-0.021135312666666663,341.56
49.992,0.007618859923994947,-0.020757183145543038,0.015334537333333356,-0.02122531266666667,341.56
49.996,0.008218859923994936,-0.02041718314554303,0.015074537333333318,-0.02096531266666666,341.56
50.0,0.008728859923994947,-0.02015718314554305,0.014654537333333342,-0.02071531266666666,341.56
50.004,0.00915885992399496,-0.019647183145543038,0.01439453733333336,-0.020545312666666656,341.56
50.008,0.009498859923994912,-0.01904718314554305,0.014054537333333353,-0.020455312666666677,341.56
50.012,0.010008859923994922,-0.018367183145543035,0.013534537333333332,-0.020285312666666673,341.56
50.016,0.010438859923994908,-0.018027183145543028,0.013194537333333325,-0.01985531266666666,341.56
50.02,0.010778859923994915,-0.017507183145543035,0.01277453733333335,-0.019435312666666656,341.56
50.024,0.011208859923994957,-0.016917183145543028,0.012254537333333329,-0.019085312666666666,341.56
50.028,0.011628859923994933,-0.01622718314554303,0.011834537333333353,-0.01874531266666666,341.56
50.032,0.012058859923994919,-0.015377183145543042,0.011234537333333308,-0.018325312666666656,341.56
50.036,0.01248885992399496,-0.014267183145543042,0.010894537333333357,-0.017805312666666663,341.56
50.04,0.012828859923994912,-0.01349718314554305,0.01055453733333335,-0.017295312666666653,341.56
50.044,0.013258859923994953,-0.012727183145543029,0.010124537333333308,-0.01678531266666667,341.56
50.048,0.013678859923994929,-0.011957183145543036,0.009524537333333319,-0.016185312666666653,341.56
50.052,0.014108859923994915,-0.011107183145543046,0.00892453733333333,-0.015755312666666667,341.56
50.056,0.014538859923994956,-0.010257183145543029,0.008504537333333353,-0.01516531266666666,341.56
50.06,0.014878859923994908,-0.009397183145543029,0.007984537333333333,-0.01456531266666667,341.56
50.064,0.015218859923994915,-0.00854718314554304,0.007304537333333348,-0.014225312666666663,341.56
50.068,0.015648859923994955,-0.007687183145543039,0.006794537333333337,-0.013535312666666667,341.56
50.072,0.01615885992399491,-0.006837183145543049,0.006284537333333327,-0.012685312666666677,341.56
50.076,0.016498859923994916,-0.005987183145543032,0.005684537333333337,-0.01208531266666666,341.56
50.08,0.01666885992399492,-0.005127183145543032,0.005084537333333348,-0.01148531266666667,341.56
50.084,0.017008859923994927,-0.004277183145543042,0.004404537333333334,-0.010895312666666664,341.56
50.088,0.01726885992399491,-0.0034171831455430427,0.0038045373333333446,-0.010375312666666671,341.56
50.092,0.017358859923994944,-0.0025671831455430253,0.0032045373333333274,-0.009695312666666657,341.56
50.096,0.017608859923994916,-0.0023971831455430496,0.0026945373333333448,-0.00901531266666667,341.56
50.1,0.01769885992399495,-0.0031671831455430425,0.0018445373333333273,-0.008075312666666674,341.56
50.104,0.017868859923994954,-0.003077183145543036,0.0011545373333333312,-0.0073953126666666605,341.56
50.108,0.018118859923994927,-0.0025671831455430253,0.000564537333333324,-0.006875312666666668,341.56
50.112,0.018118859923994927,-0.001977183145543046,-0.00021546266666667892,-0.006455312666666664,341.56
50.116,0.018208859923994906,-0.0015471831455430322,-0.0008954626666666651,-0.005765312666666668,341.56
50.12,0.018458859923994934,-0.0007771831455430394,-0.001235462666666672,-0.005345312666666664,341.56
50.124,0.018638859923994947,8.281685445696025e-05,-0.0019154626666666582,-0.004405312666666668,341.56
50.128,0.018628859923994937,0.0010128168544569745,-0.002775462666666658,-0.003645312666666657,341.56
50.132,0.018718859923994916,0.00204281685445695,-0.003365462666666665,-0.002955312666666661,341.56
50.136,0.018968859923994944,0.0028028168544569606,-0.004145462666666668,-0.0020153126666666646,341.56
50.14,0.018978859923994954,0.00366281685445696,-0.004985462666666675,-0.0009053126666666647,341.56
50.144,0.018968859923994944,0.004602816854456957,-0.0056754626666666716,-0.0003153126666666575,341.56
50.148,0.01888885992399492,0.0057128168544569565,-0.006185462666666654,0.00037468733333333865,341.56
50.152,0.018628859923994937,0.006732816854456977,-0.007135462666666661,0.0011446873333333316,341.56
50.156,0.018548859923994913,0.007762816854456953,-0.007805462666666665,0.0019146873333333245,341.56
50.16,0.018538859923994958,0.00861281685445697,-0.008415462666666665,0.002674687333333335,341.56
50.164,0.018468859923994944,0.008532816854456973,-0.009175462666666676,0.003454687333333338,341.56
50.168,0.01828885992399493,0.007842816854456976,-0.009945462666666668,0.004214687333333321,341.56
50.172,0.018208859923994906,0.007852816854456959,-0.010545462666666658,0.004994687333333324,341.56
50.176,0.01768885992399494,0.008102816854456959,-0.011225462666666672,0.0057546873333333345,341.56
50.18,0.017528859923994947,0.008702816854456976,-0.011735462666666654,0.0065246873333333275,341.56
50.184,0.01768885992399494,0.00912281685445698,-0.012425462666666678,0.007284687333333338,341.56
50.188,0.017438859923994913,0.009562816854456976,-0.013015462666666658,0.008064687333333341,341.56
50.192,0.016918859923994948,0.010062816854456976,-0.013705462666666654,0.008654687333333348,341.56
50.196,0.01658885992399495,0.010752816854456945,-0.014295462666666661,0.008664687333333358,341.56
50.2,0.016408859923994937,0.011262816854456955,-0.01490546266666666,0.008224687333333335,341.56
50.204,0.01607885992399494,0.011602816854456962,-0.015405462666666661,0.008234687333333345,341.56
50.208,0.015638859923994945,0.011942816854456969,-0.016185462666666664,0.008484687333333345,341.56
50.212,0.01530885992399495,0.012372816854456955,-0.016855462666666668,0.00891468733333333,341.56
50.216,0.014788859923994929,0.012882816854456965,-0.01737546266666666,0.00950468733333331,341.56
50.22,0.01419885992399495,0.013312816854456951,-0.017795462666666664,0.01002468733333333,341.56
50.224,0.013678859923994929,0.013652816854456958,-0.018315462666666657,0.010534687333333341,341.56
50.228,0.013168859923994919,0.014002816854456975,-0.018905462666666664,0.010964687333333327,341.56
50.232,0.012648859923994954,0.014422816854456951,-0.01934546266666666,0.011214687333333355,341.56
50.236,0.012058859923994919,0.014852816854456937,-0.019765462666666664,0.01173468733333332,341.56
50.24,0.011798859923994936,0.015102816854456965,-0.020195462666666678,0.012324687333333355,341.56
50.244,0.01145885992399493,0.015362816854456948,-0.020445462666666678,0.01284468733333332,341.56
50.248,0.01085885992399494,0.015702816854456954,-0.02070546266666666,0.012924687333333344,341.56
50.252,0.01034885992399493,0.01605281685445697,-0.021125462666666664,0.013274687333333361,341.56
50.256,0.009658859923994961,0.01629281685445699,-0.021475462666666653,0.01386468733333334,341.56
50.26,0.009068859923994926,0.016472816854456947,-0.02146546266666667,0.01446468733333333,341.56
50.264,0.00837885992399493,0.01664281685445695,-0.02156546266666666,0.01497468733333334,341.56
50.268,0.007788859923994923,0.01690281685445699,-0.02181546266666666,0.015404687333333326,341.56
50.272,0.007188859923994933,0.016982816854456958,-0.022155462666666667,0.015744687333333333,341.56
50.276,0.006508859923994947,0.01724281685445694,-0.022155462666666667,0.01617468733333332,341.56
50.28,0.005648859923994947,0.01749281685445697,-0.021985462666666664,0.01668468733333333,341.56
50.284,0.0049688599239949335,0.017672816854456982,-0.021895462666666657,0.017034687333333347,341.56
50.288,0.0041988599239949406,0.017662816854456972,-0.021905462666666667,0.017024687333333337,341.56
50.292,0.003608859923994933,0.017672816854456982,-0.021895462666666657,0.017114687333333316,341.56
50.296,0.0029988599239949335,0.01775281685445695,-0.021905462666666667,0.017454687333333323,341.56
50.3,0.002238859923994923,0.01775281685445695,-0.021725462666666653,0.01771468733333336,341.56
50.304,0.0012988599239949264,0.01775281685445695,-0.02156546266666666,0.017874687333333354,341.56
50.308,0.000698859923994937,0.017672816854456982,-0.02146546266666667,0.018144687333333347,341.56
50.312,0.00018885992399492657,0.01775281685445695,-0.021045462666666667,0.01838468733333331,341.56
50.316,-0.00041114007600506286,0.017672816854456982,-0.02070546266666666,0.018654687333333357,341.56
50.32,-0.001101140076005059,0.01775281685445695,-0.020625462666666664,0.018644687333333347,341.56
50.324,-0.001771140076005063,0.017672816854456982,-0.020275462666666674,0.018734687333333326,341.56
50.328,-0.0026311400760050626,0.017662816854456972,-0.01985546266666667,0.018984687333333354,341.56
50.332,-0.00348114007600508,0.01750281685445698,-0.019335462666666678,0.019084687333333343,341.56
50.336,-0.0042511400760050725,0.017322816854456965,-0.018915462666666674,0.019154687333333358,341.56
50.34,-0.004931140076005059,0.01724281685445694,-0.018565462666666657,0.01899468733333331,341.56
50.344,-0.005711140076005062,0.016982816854456958,-0.01823546266666666,0.018734687333333326,341.56
50.348,-0.006211140076005062,0.016982816854456958,-0.017715462666666668,0.018734687333333326,341.56
50.352,-0.006561140076005079,0.016982816854456958,-0.01712546266666666,0.018734687333333326,341.56
50.356,-0.007321140076005062,0.01690281685445699,-0.016685462666666664,0.018564687333333323,341.56
50.36,-0.008521140076005069,0.01664281685445695,-0.016185462666666664,0.01830468733333334,341.56
50.364,-0.009631140076005068,0.016472816854456947,-0.015405462666666661,0.018144687333333347,341.56
50.368,-0.010661140076005072,0.01604281685445696,-0.014815462666666654,0.017874687333333354,341.56
50.372,-0.011681140076005065,0.015622816854456986,-0.014215462666666664,0.01771468733333336,341.56
50.376,-0.012451140076005058,0.015352816854456938,-0.013705462666666654,0.017364687333333344,341.56
50.38,-0.013381140076005072,0.015192816854456944,-0.013105462666666665,0.017114687333333316,341.56
50.384,-0.013901140076005064,0.014842816854456983,-0.012515462666666657,0.016934687333333358,341.56
50.388,-0.014241140076005071,0.014512816854456986,-0.012075462666666661,0.01668468733333333,341.56
50.392,-0.01484114007600506,0.014162816854456969,-0.011405462666666658,0.01659468733333335,341.56
50.396,-0.015261140076005065,0.01391281685445694,-0.010795462666666658,0.016264687333333354,341.56
50.4,-0.01603114007600506,0.01357281685445699,-0.009855462666666662,0.015834687333333312,341.56
50.404,-0.01689114007600506,0.013232816854456982,-0.009005462666666672,0.015404687333333326,341.56
50.408,-0.01740114007600507,0.012892816854456975,-0.008405462666666655,0.01498468733333335,341.56
50.412,-0.01800114007600506,0.01246281685445699,-0.007465462666666658,0.014554687333333309,341.56
50.416,-0.018591140076005066,0.011952816854456979,-0.006275462666666661,0.01395468733333332,341.56
50.42,-0.01911114007600506,0.011522816854456937,-0.004815462666666672,0.01344468733333331,341.56
50.424,-0.01962114007600507,0.011262816854456955,-0.0036254626666666753,0.013014687333333323,341.56
50.428,-0.020041140076005073,0.010842816854456979,-0.0024254626666666687,0.012504687333333313,341.56
50.432,-0.02047114007600506,0.010412816854456938,-0.0010654626666666686,0.012074687333333327,341.56
50.436,-0.021071140076005076,0.009982816854456952,0.00038453733333333826,0.011564687333333316,341.56
50.44,-0.021501140076005062,0.009472816854456941,0.0018445373333333273,0.010964687333333327,341.56
50.444,-0.02184114007600507,0.008792816854456983,0.003294537333333334,0.010544687333333351,341.56
50.448,-0.02209114007600507,0.008192816854456966,0.004744537333333341,0.01011468733333331,341.56
50.452,-0.02235114007600508,0.0075128168544569525,0.006194537333333348,0.00951468733333332,341.56
50.456,-0.022521140076005055,0.007082816854456967,0.00756453733333333,0.00891468733333333,341.56
50.46,-0.022781140076005065,0.006572816854456956,0.007734537333333334,0.008494687333333355,341.56
50.464,-0.022781140076005065,0.005972816854456967,0.005684537333333337,0.007974687333333334,341.56
50.468,-0.022781140076005065,0.00563281685445696,0.0031245373333333307,0.007384687333333327,341.56
50.472,-0.022781140076005065,0.005542816854456953,0.0026945373333333448,0.006864687333333334,341.56
50.476,-0.022781140076005065,0.005462816854456956,0.0031245373333333307,0.006274687333333327,341.56
50.48,-0.022781140076005065,0.004942816854456964,0.003634537333333341,0.005674687333333338,341.56
50.484,-0.022781140076005065,0.003752816854456967,0.004234537333333331,0.005164687333333327,341.56
50.488,-0.022781140076005065,0.002642816854456967,0.004834537333333348,0.004734687333333341,341.56
50.492,-0.02269114007600506,0.0018728168544569742,0.005424537333333327,0.004224687333333331,341.56
50.496,-0.022521140076005055,0.001272816854456957,0.006024537333333344,0.0036246873333333415,341.56
50.5,-0.022271140076005055,0.000502816854456964,0.0067045373333333306,0.003194687333333328,341.56
50.504,-0.02209114007600507,-0.0003471831455430257,0.007224537333333323,0.002774687333333324,341.56
50.508,-0.022011140076005072,-0.0011171831455430463,0.007734537333333334,0.0021746873333333347,341.56
50.512,-0.02158114007600506,-0.0017971831455430324,0.008334537333333322,0.0015746873333333453,341.56
50.516,-0.021151140076005073,-0.0023971831455430496,0.00884453733333336,0.0010646873333333348,341.56
50.52,-0.02073114007600507,-0.0031671831455430425,0.009274537333333346,0.00037468733333333865,341.56
50.524,-0.020301140076005055,-0.0039371831455430354,0.009614537333333353,-0.00047531266666667876,341.56
50.528,-0.019961140076005076,-0.004787183145543025,0.010124537333333308,-0.0010753126666666682,341.56
50.532,-0.019531140076005062,-0.005727183145543049,0.010894537333333357,-0.0016653126666666754,341.56
50.536,-0.01911114007600506,-0.006237183145543032,0.011314537333333333,-0.002185312666666668,341.56
50.54,-0.018681140076005073,-0.006667183145543046,0.011744537333333319,-0.0027753126666666753,341.56
50.544,-0.018081140076005055,-0.007517183145543035,0.01217453733333336,-0.0033753126666666647,341.56
50.548,-0.017571140076005073,-0.008287183145543029,0.012514537333333312,-0.003975312666666654,341.56
50.552,-0.016971140076005056,-0.008967183145543043,0.012944537333333353,-0.004575312666666671,341.56
50.556,-0.01629114007600507,-0.009487183145543036,0.013364537333333329,-0.005175312666666661,341.56
50.56,-0.015861140076005056,-0.010507183145543029,0.013714537333333346,-0.005855312666666675,341.56
50.564,-0.015181140076005068,-0.011367183145543028,0.014134537333333322,-0.006455312666666664,341.56
50.568,-0.014581140076005078,-0.01212718314554304,0.014654537333333342,-0.007135312666666678,341.56
50.572,-0.013811140076005058,-0.012727183145543029,0.015074537333333318,-0.007905312666666671,341.56
50.576,-0.013211140076005068,-0.013407183145543042,0.015414537333333325,-0.008415312666666654,341.56
50.58,-0.012621140076005061,-0.014007183145543032,0.015764537333333342,-0.00875531266666666,341.56
50.584,-0.012101140076005068,-0.014607183145543049,0.01610453733333335,-0.00901531266666667,341.56
50.588,-0.011421140076005054,-0.015287183145543035,0.016444537333333356,-0.009355312666666678,341.56
50.592,-0.010821140076005065,-0.01597718314554303,0.016524537333333325,-0.010035312666666664,341.56
50.596,-0.009971140076005075,-0.01656718314554304,0.01661453733333336,-0.010895312666666664,341.56
50.6,-0.009291140076005061,-0.017167183145543028,0.016874537333333342,-0.011575312666666678,341.56
50.604,-0.008601140076005065,-0.017767183145543045,0.017124537333333315,-0.012175312666666667,341.56
50.608,-0.007661140076005069,-0.01819718314554303,0.017384537333333352,-0.012775312666666656,341.56
50.612,-0.006891140076005076,-0.018617183145543035,0.017554537333333356,-0.01345531266666667,341.56
50.616,-0.0063811400760050655,-0.019217183145543024,0.01780453733333333,-0.014395312666666667,341.56
50.62,-0.005611140076005073,-0.01955718314554303,0.01780453733333333,-0.014905312666666677,341.56
50.624,-0.004851140076005062,-0.01989718314554304,0.01780453733333333,-0.01541531266666666,341.56
50.628,-0.0042511400760050725,-0.020327183145543024,0.017894537333333307,-0.016105312666666656,341.56
50.632,-0.0035611400760050768,-0.020757183145543038,0.017984537333333342,-0.016615312666666666,341.56
50.636,-0.0030511400760050663,-0.021097183145543045,0.017894537333333307,-0.016955312666666673,341.56
50.64,-0.0027111400760050594,-0.021437183145543024,0.017894537333333307,-0.017295312666666653,341.56
50.644,-0.0019411400760050664,-0.021697183145543034,0.017894537333333307,-0.017805312666666663,341.56
50.648,-0.0011711400760050735,-0.021947183145543035,0.017894537333333307,-0.01849531266666666,341.56
50.652,-0.0005811400760050663,-0.02203718314554304,0.017894537333333307,-0.01900531266666667,341.56
50.656,0.00010885992399492983,-0.022297183145543024,0.017894537333333307,-0.019345312666666677,341.56
50.66,0.000698859923994937,-0.022377183145543048,0.017894537333333307,-0.019515312666666652,341.56
50.664,0.0012988599239949264,-0.022377183145543048,0.01772453733333336,-0.01985531266666666,341.56
50.668,0.0018988599239949436,-0.022377183145543048,0.01746453733333332,-0.020195312666666666,341.56
50.672,0.002498859923994933,-0.022467183145543027,0.017384537333333352,-0.020545312666666656,341.56
50.676,0.0030088599239949435,-0.022467183145543027,0.017124537333333315,-0.020795312666666656,341.56
50.68,0.003608859923994933,-0.022467183145543027,0.017044537333333346,-0.021055312666666666,341.56
50.684,0.004208859923994923,-0.022377183145543048,0.016784537333333308,-0.02122531266666667,341.56
50.688,0.0046288599239949265,-0.022377183145543048,0.01661453733333336,-0.02147531266666667,341.56
50.692,0.0049688599239949335,-0.022297183145543024,0.016274537333333353,-0.02147531266666667,341.56
50.696,0.005488859923994926,-0.02203718314554304,0.015934537333333346,-0.02147531266666667,341.56
50.7,0.006258859923994947,-0.02177718314554303,0.015764537333333342,-0.02147531266666667,341.56
50.704,0.0067688599239949295,-0.021607183145543028,0.01550453733333336,-0.02147531266666667,341.56
50.708,0.007188859923994933,-0.02126718314554305,0.015414537333333325,-0.02147531266666667,341.56
50.712,0.007618859923994947,-0.02066718314554303,0.015164537333333353,-0.02122531266666667,341.56
50.716,0.008218859923994936,-0.02015718314554305,0.01499453733333335,-0.021135312666666663,341.56
50.72,0.008728859923994947,-0.01989718314554304,0.014564537333333308,-0.02096531266666666,341.56
50.724,0.009068859923994926,-0.019477183145543035,0.014134537333333322,-0.02071531266666666,341.56
50.728,0.009498859923994912,-0.018877183145543045,0.013714537333333346,-0.020625312666666652,341.56
50.732,0.009928859923994953,-0.018367183145543035,0.01328453733333336,-0.020195312666666666,341.56
50.736,0.01034885992399493,-0.01793718314554305,0.013024537333333322,-0.019775312666666663,341.56
50.74,0.01086885992399495,-0.017507183145543035,0.012604537333333346,-0.019435312666666656,341.56
50.744,0.011288859923994926,-0.016917183145543028,0.01217453733333336,-0.019085312666666666,341.56
50.748,0.011628859923994933,-0.01631718314554304,0.01166453733333335,-0.018665312666666663,341.56
50.752,0.012318859923994957,-0.015887183145543025,0.011234537333333308,-0.01814531266666667,341.56
50.756,0.012828859923994912,-0.014947183145543028,0.010894537333333357,-0.017725312666666666,341.56
50.76,0.013258859923994953,-0.013587183145543028,0.010464537333333315,-0.01738531266666666,341.56
50.764,0.01359885992399496,-0.012557183145543025,0.009864537333333326,-0.016865312666666667,341.56
50.768,0.013938859923994911,-0.011447183145543025,0.009354537333333315,-0.01627531266666666,341.56
50.772,0.01419885992399495,-0.010077183145543043,0.00884453733333336,-0.015755312666666667,341.56
50.776,0.014538859923994956,-0.008717183145543043,0.008414537333333347,-0.01516531266666666,341.56
50.78,0.014878859923994908,-0.007347183145543032,0.007904537333333336,-0.01456531266666667,341.56
50.784,0.015218859923994915,-0.005987183145543032,0.007304537333333348,-0.014135312666666656,341.56
50.788,0.015648859923994955,-0.004617183145543049,0.006794537333333337,-0.013535312666666667,341.56
50.792,0.01607885992399494,-0.0032471831455430393,0.006284537333333327,-0.01259531266666667,341.56
50.796,0.016418859923994947,-0.0018871831455430392,0.005594537333333331,-0.01208531266666666,341.56
50.8,0.01666885992399492,-0.0005171831455430292,0.0050045373333333235,-0.011575312666666678,341.56
50.804,0.017008859923994927,0.0008528168544569532,0.004314537333333327,-0.01097531266666666,341.56
50.808,0.01726885992399491,0.001272816854456957,0.0038045373333333446,-0.010375312666666671,341.56
50.812,0.017358859923994944,-0.0009471831455430429,0.003294537333333334,-0.009695312666666657,341.56
50.816,0.017528859923994947,-0.0035071831455430495,0.0028645373333333205,-0.009185312666666674,341.56
50.82,0.01769885992399495,-0.0039371831455430354,0.002014537333333331,-0.00850531266666666,341.56
50.824,0.01777885992399492,-0.0034171831455430427,0.0014145373333333414,-0.007815312666666664,341.56
50.828,0.018038859923994958,-0.002657183145543032,0.000564537333333324,-0.006875312666666668,341.56
50.832,0.01829885992399494,-0.001967183145543036,-0.00012546266666667218,-0.006195312666666654,341.56
50.836,0.018548859923994913,-0.0013671831455430465,-0.0006354626666666549,-0.0055953126666666644,341.56
50.84,0.018548859923994913,-0.0006871831455430327,-0.0014854626666666723,-0.004995312666666675,341.56
50.844,0.018548859923994913,-7.183145543046489e-06,-0.002255462666666665,-0.004235312666666664,341.56
50.848,0.018638859923994947,0.0005928168544569707,-0.0027654626666666756,-0.0034653126666666714,341.56
50.852,0.01888885992399492,0.0011928168544569602,-0.0032854626666666683,-0.002955312666666661,341.56
50.856,0.018978859923994954,0.0018728168544569742,-0.004135462666666658,-0.002265312666666665,341.56
50.86,0.01888885992399492,0.0025528168544569603,-0.004735462666666675,-0.0014153126666666752,341.56
50.864,0.018978859923994954,0.0032428168544569565,-0.005505462666666668,-0.0005553126666666755,341.56
50.868,0.018978859923994954,0.00392281685445697,-0.006275462666666661,0.00020468733333333516,341.56
50.872,0.01880885992399495,0.004602816854456957,-0.007035462666666672,0.0008946873333333313,341.56
50.876,0.018638859923994947,0.005292816854456953,-0.007635462666666661,0.0015746873333333453,341.56
50.88,0.018548859923994913,0.005972816854456967,-0.008405462666666655,0.002344687333333338,341.56
50.884,0.018468859923994944,0.006652816854456953,-0.009085462666666669,0.003194687333333328,341.56
50.888,0.018208859923994906,0.007342816854456977,-0.009685462666666658,0.003794687333333345,341.56
50.892,0.018208859923994906,0.007852816854456959,-0.010365462666666672,0.004304687333333328,341.56
50.896,0.018118859923994927,0.008192816854456966,-0.010885462666666665,0.004734687333333341,341.56
50.9,0.01777885992399492,0.008622816854456952,-0.011475462666666672,0.005074687333333348,341.56
50.904,0.017438859923994913,0.00913281685445699,-0.012075462666666661,0.005334687333333331,341.56
50.908,0.017358859923994944,0.009562816854456976,-0.012845462666666654,0.005934687333333348,341.56
50.912,0.01726885992399491,0.009982816854456952,-0.013445462666666672,0.006694687333333331,341.56
50.916,0.016838859923994923,0.010582816854456941,-0.014045462666666661,0.007124687333333345,341.56
50.92,0.016498859923994916,0.011092816854456952,-0.014555462666666671,0.007464687333333324,341.56
50.924,0.01615885992399491,0.011522816854456937,-0.015405462666666661,0.008064687333333341,341.56
50.928,0.015818859923994958,0.011952816854456979,-0.016175462666666654,0.008404687333333348,341.56
50.932,0.015388859923994918,0.012372816854456955,-0.016685462666666664,0.00891468733333333,341.56
50.936,0.014878859923994908,0.012892816854456975,-0.017285462666666654,0.009604687333333355,341.56
50.94,0.014448859923994922,0.013312816854456951,-0.017715462666666668,0.01002468733333333,341.56
50.944,0.014028859923994946,0.01357281685445699,-0.01813546266666667,0.010544687333333351,341.56
50.948,0.013428859923994957,0.014002816854456975,-0.018565462666666657,0.01113468733333333,341.56
50.952,0.012828859923994912,0.014422816854456951,-0.01899546266666667,0.011394687333333313,341.56
50.956,0.01248885992399496,0.014942816854456972,-0.019425462666666657,0.01173468733333332,341.56
50.96,0.012318859923994957,0.015362816854456948,-0.01984546266666666,0.012164687333333361,341.56
50.964,0.011718859923994912,0.015702816854456954,-0.02010546266666667,0.01276468733333335,341.56
50.968,0.011208859923994957,0.015962816854456937,-0.020445462666666678,0.013274687333333361,341.56
50.972,0.010438859923994908,0.01613281685445694,-0.021045462666666667,0.013614687333333313,341.56
50.976,0.009838859923994919,0.01639281685445698,-0.021385462666666674,0.01395468733333332,341.56
50.98,0.00923885992399493,0.01639281685445698,-0.02146546266666667,0.014554687333333309,341.56
50.984,0.008648859923994922,0.016562816854456982,-0.021555462666666678,0.01498468733333335,341.56
50.988,0.007958859923994926,0.016812816854456954,-0.02181546266666666,0.015324687333333357,341.56
50.992,0.007368859923994947,0.016982816854456958,-0.021895462666666657,0.015834687333333312,341.56
50.996,0.006678859923994923,0.01724281685445694,-0.021895462666666657,0.016264687333333354,341.56
51.0,0.00590885992399493,0.017412816854456944,-0.021895462666666657,0.016514687333333326,341.56
51.004,0.005228859923994944,0.017582816854456947,-0.021895462666666657,0.017034687333333347,341.56
51.008,0.004288859923994947,0.01775281685445695,-0.02181546266666666,0.017374687333333354,341.56
51.012,0.003608859923994933,0.01775281685445695,-0.021895462666666657,0.017544687333333357,341.56
51.016,0.0030088599239949435,0.01775281685445695,-0.021895462666666657,0.01779468733333333,341.56
51.02,0.002238859923994923,0.01775281685445695,-0.02181546266666666,0.017974687333333343,341.56
51.024,0.0013888599239949332,0.01775281685445695,-0.021645462666666657,0.018224687333333316,341.56
51.028,0.0007888599239949438,0.017672816854456982,-0.02146546266666667,0.01839468733333332,341.56
51.032,0.0004488599239949368,0.01775281685445695,-0.02121546266666667,0.018564687333333323,341.56
51.036,-0.0003211400760050561,0.017672816854456982,-0.02095546266666666,0.018734687333333326,341.56
51.04,-0.00100114007600507,0.01775281685445695,-0.020615462666666654,0.01899468733333331,341.56
51.044,-0.0016911400760050662,0.01775281685445695,-0.020275462666666674,0.01899468733333331,341.56
51.048,-0.0027111400760050594,0.017672816854456982,-0.019935462666666667,0.019084687333333343,341.56
51.052,-0.0035611400760050768,0.01750281685445698,-0.019505462666666654,0.019164687333333312,341.56
51.056,-0.004331140076005069,0.01724281685445694,-0.019075462666666668,0.019084687333333343,341.56
51.06,-0.004851140076005062,0.01690281685445699,-0.018655462666666664,0.019084687333333343,341.56
51.064,-0.005191140076005069,0.01690281685445699,-0.018055462666666675,0.019164687333333312,341.56
51.068,-0.005701140076005079,0.016812816854456954,-0.017455462666666657,0.019164687333333312,341.56
51.072,-0.0063811400760050655,0.016732816854456985,-0.016945462666666675,0.019084687333333343,341.56
51.076,-0.007241140076005065,0.016732816854456985,-0.01651546266666666,0.01882468733333336,341.56
51.08,-0.008431140076005062,0.016472816854456947,-0.016095462666666657,0.018654687333333357,341.56
51.084,-0.009541140076005062,0.016222816854456975,-0.015495462666666668,0.01839468733333332,341.56
51.088,-0.010571140076005065,0.01605281685445697,-0.014895462666666678,0.018224687333333316,341.56
51.092,-0.011681140076005065,0.01579281685445699,-0.014295462666666661,0.017974687333333343,341.56
51.096,-0.012531140076005054,0.015702816854456954,-0.013695462666666672,0.017454687333333323,341.56
51.1,-0.013211140076005068,0.015362816854456948,-0.013015462666666658,0.01720468733333335,341.56
51.104,-0.013731140076005061,0.014942816854456972,-0.012505462666666675,0.017374687333333354,341.56
51.108,-0.014241140076005071,0.014512816854456986,-0.011905462666666658,0.017114687333333316,341.56
51.112,-0.014671140076005057,0.01391281685445694,-0.011305462666666669,0.01660468733333336,341.56
51.116,-0.015181140076005068,0.013652816854456958,-0.010625462666666655,0.01617468733333332,341.56
51.12,-0.01578114007600506,0.01357281685445699,-0.009685462666666658,0.015834687333333312,341.56
51.124,-0.016461140076005073,0.013232816854456982,-0.008915462666666665,0.015494687333333361,341.56
51.128,-0.017311140076005063,0.012892816854456975,-0.00823546266666668,0.01506468733333332,341.56
51.132,-0.01791114007600508,0.01246281685445699,-0.007295462666666654,0.01446468733333333,341.56
51.136,-0.018681140076005073,0.012032816854456948,-0.0064454626666666645,0.01387468733333335,341.56
51.14,-0.019191140076005055,0.011602816854456962,-0.0056754626666666716,0.01344468733333331,341.56
51.144,-0.019531140076005062,0.011182816854456986,-0.004905462666666679,0.013014687333333323,341.56
51.148,-0.01987114007600507,0.010842816854456979,-0.0039654626666666545,0.012414687333333334,341.56
51.152,-0.020391140076005062,0.010412816854456938,-0.003025462666666658,0.011824687333333354,341.56
51.156,-0.021071140076005076,0.009902816854456983,-0.0020854626666666617,0.011394687333333313,341.56
51.16,-0.02158114007600506,0.009382816854456962,-0.0011454626666666653,0.010964687333333327,341.56
51.164,-0.02184114007600507,0.008792816854456983,-0.00020546266666666892,0.010374687333333348,341.56
51.168,-0.02209114007600507,0.008192816854456966,0.0007345373333333275,0.009774687333333358,341.56
51.172,-0.02235114007600508,0.007592816854456977,0.0016745373333333239,0.009264687333333348,341.56
51.176,-0.022441140076005058,0.007082816854456967,0.002614537333333348,0.008744687333333327,341.56
51.18,-0.02269114007600506,0.006572816854456956,0.003374537333333331,0.008154687333333348,341.56
51.184,-0.022781140076005065,0.00588281685445696,0.003374537333333331,0.007634687333333327,341.56
51.188,-0.022781140076005065,0.005372816854456977,0.002614537333333348,0.007124687333333345,341.56
51.192,-0.022781140076005065,0.005122816854456977,0.0025245373333333413,0.006694687333333331,341.56
51.196,-0.022781140076005065,0.005202816854456974,0.003034537333333324,0.006104687333333324,341.56
51.2,-0.022781140076005065,0.005202816854456974,0.003634537333333341,0.005584687333333331,341.56
51.204,-0.02269114007600506,0.004012816854456977,0.004314537333333327,0.005074687333333348,341.56
51.208,-0.022781140076005065,0.0032428168544569565,0.0049145373333333445,0.004474687333333331,341.56
51.212,-0.02269114007600506,0.0024728168544569636,0.005514537333333334,0.0039646873333333485,341.56
51.216,-0.022521140076005055,0.0014428168544569605,0.005944537333333348,0.003534687333333335,341.56
51.22,-0.02235114007600508,0.0006728168544569674,0.00645453733333333,0.0030246873333333243,341.56
51.224,-0.02209114007600507,0.000162816854456957,0.0070545373333333475,0.002344687333333338,341.56
51.228,-0.021921140076005066,-0.0006871831455430327,0.00756453733333333,0.0018346873333333277,341.56
51.232,-0.021501140076005062,-0.0013671831455430465,0.007904537333333336,0.0014046873333333418,341.56
51.236,-0.02124114007600508,-0.0020571831455430427,0.008414537333333347,0.0007246873333333279,341.56
51.24,-0.02073114007600507,-0.002997183145543039,0.009184537333333312,-4.531266666666506e-05,341.56
51.244,-0.020301140076005055,-0.003677183145543025,0.009694537333333322,-0.0006453126666666545,341.56
51.248,-0.020041140076005073,-0.004277183145543042,0.010124537333333308,-0.0013253126666666684,341.56
51.252,-0.019531140076005062,-0.005217183145543039,0.010464537333333315,-0.0019253126666666578,341.56
51.256,-0.01911114007600506,-0.0060671831455430284,0.010974537333333326,-0.002525312666666675,341.56
51.26,-0.018591140076005066,-0.006837183145543049,0.011574537333333315,-0.0030353126666666577,341.56
51.264,-0.01800114007600506,-0.007607183145543042,0.012084537333333326,-0.003545312666666668,341.56
51.268,-0.017571140076005073,-0.008207183145543032,0.012514537333333312,-0.004145312666666658,341.56
51.272,-0.017061140076005062,-0.008887183145543046,0.012944537333333353,-0.004745312666666675,341.56
51.276,-0.01629114007600507,-0.009737183145543036,0.013364537333333329,-0.005425312666666661,341.56
51.28,-0.01578114007600506,-0.010507183145543029,0.013794537333333315,-0.006025312666666678,341.56
51.284,-0.015091140076005061,-0.011107183145543046,0.014224537333333356,-0.006625312666666668,341.56
51.288,-0.014411140076005075,-0.011787183145543032,0.014564537333333308,-0.007215312666666675,341.56
51.292,-0.013811140076005058,-0.012477183145543028,0.01499453733333335,-0.007905312666666671,341.56
51.296,-0.013211140076005068,-0.013067183145543036,0.015414537333333325,-0.008415312666666654,341.56
51.3,-0.012531140076005054,-0.013927183145543035,0.015674537333333308,-0.008675312666666664,341.56
51.304,-0.011851140076005068,-0.014607183145543049,0.01584453733333331,-0.00901531266666667,341.56
51.308,-0.011251140076005079,-0.015207183145543039,0.016184537333333318,-0.009695312666666657,341.56
51.312,-0.010571140076005065,-0.015807183145543028,0.016524537333333325,-0.010375312666666671,341.56
51.316,-0.009971140076005075,-0.016397183145543035,0.01661453733333336,-0.011065312666666667,341.56
51.32,-0.009201140076005055,-0.016997183145543025,0.01669453733333333,-0.01183531266666666,341.56
51.324,-0.008601140076005065,-0.01742718314554304,0.01695453733333331,-0.012255312666666664,341.56
51.328,-0.007921140076005079,-0.018027183145543028,0.017044537333333346,-0.013115312666666663,341.56
51.332,-0.006981140076005055,-0.01870718314554304,0.017294537333333318,-0.013795312666666677,341.56
51.336,-0.0063811400760050655,-0.019217183145543024,0.01746453733333332,-0.014395312666666667,341.56
51.34,-0.005701140076005079,-0.01955718314554303,0.01772453733333336,-0.014905312666666677,341.56
51.344,-0.004851140076005062,-0.01989718314554304,0.01780453733333333,-0.01541531266666666,341.56
51.348,-0.004081140076005069,-0.020327183145543024,0.01780453733333333,-0.016105312666666656,341.56
51.352,-0.00348114007600508,-0.020757183145543038,0.01780453733333333,-0.016615312666666666,341.56
51.356,-0.002801140076005066,-0.021097183145543045,0.01780453733333333,-0.016955312666666673,341.56
51.36,-0.00237114007600508,-0.021357183145543027,0.01780453733333333,-0.01738531266666666,341.56
51.364,-0.0018611400760050697,-0.021697183145543034,0.017894537333333307,-0.017975312666666667,341.56
51.368,-0.0011711400760050735,-0.021947183145543035,0.017984537333333342,-0.01849531266666666,341.56
51.372,-0.0005811400760050663,-0.021947183145543035,0.017984537333333342,-0.01874531266666666,341.56
51.376,0.00010885992399492983,-0.022207183145543045,0.017894537333333307,-0.01925531266666667,341.56
51.38,0.000698859923994937,-0.022717183145543027,0.017894537333333307,-0.01960531266666666,341.56
51.384,0.0012988599239949264,-0.022717183145543027,0.01772453733333336,-0.02011531266666667,341.56
51.388,0.0018988599239949436,-0.02263718314554303,0.01746453733333332,-0.020195312666666666,341.56
51.392,0.00257885992399493,-0.022807183145543034,0.017384537333333352,-0.020285312666666673,341.56
51.396,0.0030988599239949225,-0.022807183145543034,0.017384537333333352,-0.020545312666666656,341.56
51.4,0.003518859923994926,-0.022717183145543027,0.01721453733333335,-0.02071531266666666,341.56
51.404,0.004118859923994944,-0.022467183145543027,0.017044537333333346,-0.020885312666666662,341.56
51.408,0.0046288599239949265,-0.022377183145543048,0.016784537333333308,-0.021055312666666666,341.56
51.412,0.005228859923994944,-0.022377183145543048,0.016524537333333325,-0.021055312666666666,341.56
51.416,0.005828859923994933,-0.022117183145543038,0.016184537333333318,-0.021055312666666666,341.56
51.42,0.006258859923994947,-0.021947183145543035,0.015764537333333342,-0.021055312666666666,341.56
51.424,0.006678859923994923,-0.021607183145543028,0.01550453733333336,-0.021055312666666666,341.56
51.428,0.0071088599239949365,-0.02117718314554304,0.015674537333333308,-0.021055312666666666,341.56
51.432,0.007618859923994947,-0.02092718314554304,0.015414537333333325,-0.02096531266666666,341.56
51.436,0.008218859923994936,-0.020757183145543038,0.015074537333333318,-0.02071531266666666,341.56
51.44,0.008728859923994947,-0.020327183145543024,0.014564537333333308,-0.020625312666666652,341.56
51.444,0.00915885992399496,-0.019647183145543038,0.014224537333333356,-0.020625312666666652,341.56
51.448,0.009588859923994946,-0.019137183145543028,0.014054537333333353,-0.020285312666666673,341.56
51.452,0.009928859923994953,-0.018617183145543035,0.013714537333333346,-0.019945312666666666,341.56
51.456,0.01034885992399493,-0.018027183145543028,0.01328453733333336,-0.01960531266666666,341.56
51.46,0.010778859923994915,-0.017507183145543035,0.012854537333333318,-0.019345312666666677,341.56
51.464,0.011118859923994922,-0.01708718314554303,0.012254537333333329,-0.01900531266666667,341.56
51.468,0.011628859923994933,-0.01656718314554304,0.011834537333333353,-0.018575312666666656,341.56
51.472,0.012228859923994922,-0.01597718314554303,0.011404537333333312,-0.018065312666666673,341.56
51.476,0.012738859923994933,-0.015377183145543042,0.010974537333333326,-0.017465312666666656,341.56
51.48,0.013258859923994953,-0.014517183145543042,0.010464537333333315,-0.01703531266666667,341.56
51.484,0.013678859923994929,-0.013407183145543042,0.01003453733333333,-0.016615312666666666,341.56
51.488,0.013938859923994911,-0.012477183145543028,0.009524537333333319,-0.016105312666666656,341.56
51.492,0.014108859923994915,-0.011537183145543032,0.00884453733333336,-0.01567531266666667,341.56
51.496,0.014448859923994922,-0.010507183145543029,0.008414537333333347,-0.015245312666666656,341.56
51.5,0.014968859923994942,-0.009397183145543029,0.00807453733333334,-0.014645312666666667,341.56
51.504,0.015388859923994918,-0.008287183145543029,0.007644537333333327,-0.01405531266666666,341.56
51.508,0.015728859923994924,-0.007177183145543028,0.006964537333333341,-0.013365312666666664,341.56
51.512,0.01607885992399494,-0.0060671831455430284,0.00645453733333333,-0.01294531266666666,341.56
51.516,0.016418859923994947,-0.004957183145543029,0.005944537333333348,-0.01234531266666667,341.56
51.52,0.01658885992399495,-0.0038471831455430287,0.005254537333333324,-0.011405312666666674,341.56
51.524,0.016838859923994923,-0.002737183145543029,0.004654537333333334,-0.010895312666666664,341.56
51.528,0.01718885992399494,-0.001627183145543029,0.004064537333333327,-0.010205312666666667,341.56
51.532,0.017438859923994913,-0.0017971831455430324,0.003724537333333348,-0.009435312666666675,341.56
51.536,0.01769885992399495,-0.003767183145543032,0.0031245373333333307,-0.00875531266666666,341.56
51.54,0.01777885992399492,-0.003767183145543032,0.0024345373333333345,-0.007815312666666664,341.56
51.544,0.017868859923994954,-0.0034171831455430427,0.0018445373333333273,-0.007045312666666671,341.56
51.548,0.018118859923994927,-0.0028271831455430356,0.000904537333333331,-0.006705312666666664,341.56
51.552,0.01829885992399494,-0.002307183145543043,0.00013453733333333804,-0.006285312666666661,341.56
51.556,0.018548859923994913,-0.0014571831455430255,-0.0003754626666666724,-0.005425312666666661,341.56
51.56,0.018638859923994947,-0.0003471831455430257,-0.0013154626666666688,-0.0044853126666666646,341.56
51.564,0.018718859923994916,0.000502816854456964,-0.0018354626666666615,-0.003975312666666654,341.56
51.568,0.018978859923994954,0.001272816854456957,-0.002255462666666665,-0.0030353126666666577,341.56
51.572,0.018978859923994954,0.0021328168544569566,-0.003115462666666665,-0.0020953126666666613,341.56
51.576,0.018978859923994954,0.003072816854456953,-0.004135462666666658,-0.0017553126666666544,341.56
51.58,0.018978859923994954,0.004012816854456977,-0.004985462666666675,-0.0010753126666666682,341.56
51.584,0.018978859923994954,0.004942816854456964,-0.005585462666666665,-0.000385312666666672,341.56
51.588,0.018978859923994954,0.00588281685445696,-0.006355462666666658,-0.00021531266666666854,341.56
51.592,0.01888885992399492,0.006822816854456956,-0.007125462666666678,0.00020468733333333516,341.56
51.596,0.018718859923994916,0.007762816854456953,-0.007725462666666668,0.0010646873333333348,341.56
51.6,0.018638859923994947,0.008622816854456952,-0.008405462666666655,0.0018346873333333277,341.56
51.604,0.018548859923994913,0.008962816854456986,-0.009085462666666669,0.0021746873333333347,341.56
51.608,0.018468859923994944,0.008872816854456952,-0.009685462666666658,0.002344687333333338,341.56
51.612,0.01829885992399494,0.008452816854456976,-0.010285462666666675,0.0029446873333333276,341.56
51.616,0.018208859923994906,0.008622816854456952,-0.010885462666666665,0.003534687333333335,341.56
51.62,0.01777885992399492,0.009042816854456955,-0.011565462666666679,0.004224687333333331,341.56
51.624,0.017438859923994913,0.009302816854456938,-0.012165462666666668,0.004824687333333348,341.56
51.628,0.017438859923994913,0.00973281685445698,-0.012845462666666654,0.005414687333333328,341.56
51.632,0.01718885992399494,0.01024281685445699,-0.013445462666666672,0.005934687333333348,341.56
51.636,0.016838859923994923,0.010752816854456945,-0.014045462666666661,0.006614687333333334,341.56
51.64,0.016498859923994916,0.011182816854456986,-0.014555462666666671,0.007384687333333327,341.56
51.644,0.01615885992399491,0.011602816854456962,-0.015325462666666664,0.007724687333333334,341.56
51.648,0.015818859923994958,0.012032816854456948,-0.015835462666666675,0.008324687333333324,341.56
51.652,0.015388859923994918,0.01246281685445699,-0.01651546266666666,0.008744687333333327,341.56
51.656,0.014878859923994908,0.01280281685445694,-0.017285462666666654,0.009264687333333348,341.56
51.66,0.014448859923994922,0.013142816854456948,-0.017795462666666664,0.009944687333333362,341.56
51.664,0.014108859923994915,0.01357281685445699,-0.018315462666666657,0.010454687333333317,341.56
51.668,0.01359885992399496,0.014002816854456975,-0.018655462666666664,0.010964687333333327,341.56
51.672,0.012998859923994915,0.014422816854456951,-0.01899546266666667,0.011484687333333347,341.56
51.676,0.01248885992399496,0.014852816854456937,-0.019335462666666678,0.01173468733333332,341.56
51.68,0.012058859923994919,0.015192816854456944,-0.019765462666666664,0.012074687333333327,341.56
51.684,0.011628859923994933,0.015622816854456986,-0.020185462666666668,0.012674687333333316,341.56
51.688,0.011038859923994953,0.01605281685445697,-0.020615462666666654,0.013274687333333361,341.56
51.692,0.01034885992399493,0.016222816854456975,-0.02095546266666666,0.013614687333333313,341.56
51.696,0.009838859923994919,0.016472816854456947,-0.021045462666666667,0.013784687333333316,341.56
51.7,0.00923885992399493,0.016562816854456982,-0.021295462666666667,0.014214687333333358,341.56
51.704,0.008648859923994922,0.01664281685445695,-0.021645462666666657,0.014894687333333316,341.56
51.708,0.007958859923994926,0.016812816854456954,-0.021555462666666678,0.015404687333333326,341.56
51.712,0.007368859923994947,0.01690281685445699,-0.021725462666666653,0.015754687333333343,341.56
51.716,0.006678859923994923,0.01716281685445697,-0.021895462666666657,0.01617468733333332,341.56
51.72,0.005998859923994937,0.017412816854456944,-0.021895462666666657,0.01668468733333333,341.56
51.724,0.005318859923994923,0.017672816854456982,-0.021895462666666657,0.017114687333333316,341.56
51.728,0.004378859923994926,0.01775281685445695,-0.021895462666666657,0.017374687333333354,341.56
51.732,0.003608859923994933,0.01775281685445695,-0.02181546266666666,0.017454687333333323,341.56
51.736,0.0029288599239949468,0.01775281685445695,-0.021895462666666657,0.017454687333333323,341.56
51.74,0.002158859923994926,0.01775281685445695,-0.02181546266666666,0.01779468733333333,341.56
51.744,0.0013888599239949332,0.01775281685445695,-0.021555462666666678,0.018144687333333347,341.56
51.748,0.0005288599239949335,0.01775281685445695,-0.021385462666666674,0.01839468733333332,341.56
51.752,0.00010885992399492983,0.01775281685445695,-0.021045462666666667,0.018654687333333357,341.56
51.756,-0.0003211400760050561,0.01775281685445695,-0.020785462666666657,0.018734687333333326,341.56
51.76,-0.00100114007600507,0.01775281685445695,-0.020535462666666657,0.01899468733333331,341.56
51.764,-0.0018611400760050697,0.017672816854456982,-0.020185462666666668,0.019084687333333343,341.56
51.768,-0.002801140076005066,0.017672816854456982,-0.01984546266666666,0.019164687333333312,341.56
51.772,-0.00348114007600508,0.017412816854456944,-0.019425462666666657,0.019084687333333343,341.56
51.776,-0.004081140076005069,0.017332816854456975,-0.01899546266666667,0.01899468733333331,341.56
51.78,-0.004761140076005055,0.01724281685445694,-0.018565462666666657,0.01899468733333331,341.56
51.784,-0.005361140076005072,0.016982816854456958,-0.018225462666666678,0.01899468733333331,341.56
51.788,-0.005611140076005073,0.01690281685445699,-0.017715462666666668,0.018734687333333326,341.56
51.792,-0.0060411400760050585,0.016732816854456985,-0.017115462666666678,0.018734687333333326,341.56
51.796,-0.006301140076005069,0.016732816854456985,-0.016685462666666664,0.018734687333333326,341.56
51.8,-0.007151140076005058,0.016472816854456947,-0.016175462666666654,0.018654687333333357,341.56
51.804,-0.009031140076005079,0.016222816854456975,-0.015495462666666668,0.01831468733333335,341.56
51.808,-0.010401140076005061,0.01605281685445697,-0.014985462666666657,0.018054687333333312,341.56
51.812,-0.011421140076005054,0.01579281685445699,-0.014385462666666668,0.01779468733333333,341.56
51.816,-0.012451140076005058,0.015702816854456954,-0.013695462666666672,0.017454687333333323,341.56
51.82,-0.013131140076005072,0.015362816854456948,-0.013275462666666668,0.016944687333333312,341.56
51.824,-0.013561140076005057,0.014852816854456937,-0.012585462666666672,0.01660468733333336,341.56
51.828,-0.014151140076005065,0.014512816854456986,-0.011995462666666665,0.01660468733333336,341.56
51.832,-0.014581140076005078,0.014342816854456982,-0.011305462666666669,0.016514687333333326,341.56
51.836,-0.015091140076005061,0.014002816854456975,-0.010625462666666655,0.016264687333333354,341.56
51.84,-0.01578114007600506,0.013652816854456958,-0.009775462666666665,0.015754687333333343,341.56
51.844,-0.016371140076005066,0.013232816854456982,-0.009085462666666669,0.015234687333333323,341.56
51.848,-0.017061140076005062,0.012892816854456975,-0.008405462666666655,0.014644687333333344,341.56
51.852,-0.017571140076005073,0.01246281685445699,-0.007725462666666668,0.014214687333333358,341.56
51.856,-0.01825114007600506,0.011952816854456979,-0.0064454626666666645,0.013784687333333316,341.56
51.86,-0.018931140076005073,0.011522816854456937,-0.004815462666666672,0.01335468733333333,341.56
51.864,-0.019451140076005066,0.011182816854456986,-0.0035354626666666686,0.01276468733333335,341.56
51.868,-0.01987114007600507,0.010842816854456979,-0.0020854626666666617,0.012164687333333361,341.56
51.872,-0.020391140076005062,0.010412816854456938,-0.00046546266666667915,0.01173468733333332,341.56
51.876,-0.021071140076005076,0.009902816854456983,0.001244537333333338,0.011304687333333334,341.56
51.88,-0.021501140076005062,0.009472816854456941,0.0029545373333333272,0.010714687333333354,341.56
51.884,-0.021671140076005065,0.009042816854456955,0.004654537333333334,0.01011468733333331,341.56
51.888,-0.022011140076005072,0.008362816854456969,0.006364537333333324,0.009684687333333324,341.56
51.892,-0.022271140076005055,0.007682816854456956,0.00807453733333334,0.009344687333333317,341.56
51.896,-0.02235114007600508,0.007162816854456963,0.009694537333333322,0.008834687333333362,341.56
51.9,-0.022521140076005055,0.006652816854456953,0.009784537333333357,0.008064687333333341,341.56
51.904,-0.022781140076005065,0.0060528168544569634,0.006624537333333334,0.007634687333333327,341.56
51.908,-0.022781140076005065,0.005462816854456956,0.003034537333333324,0.007124687333333345,341.56
51.912,-0.02269114007600506,0.005122816854456977,0.0024345373333333345,0.0065246873333333275,341.56
51.916,-0.022781140076005065,0.005372816854456977,0.0027845373333333237,0.006014687333333345,341.56
51.92,-0.02269114007600506,0.00563281685445696,0.0031245373333333307,0.005584687333333331,341.56
51.924,-0.022781140076005065,0.004432816854456953,0.0038045373333333446,0.005074687333333348,341.56
51.928,-0.02269114007600506,0.0034928168544569567,0.004404537333333334,0.004474687333333331,341.56
51.932,-0.022441140076005058,0.002642816854456967,0.005084537333333348,0.0039646873333333485,341.56
51.936,-0.022441140076005058,0.0017828168544569674,0.005594537333333331,0.003534687333333335,341.56
51.94,-0.02235114007600508,0.0010228168544569568,0.006194537333333348,0.003114687333333331,341.56
51.944,-0.021921140076005066,0.0004228168544569672,0.0067045373333333306,0.0026046873333333484,341.56
51.948,-0.02158114007600506,-0.00043718314554303244,0.007224537333333323,0.002004687333333331,341.56
51.952,-0.021411140076005055,-0.0013671831455430465,0.007734537333333334,0.0014846873333333385,341.56
51.956,-0.021151140076005073,-0.002227183145543046,0.008334537333333322,0.0008046873333333246,341.56
51.96,-0.020811140076005066,-0.002997183145543039,0.00884453733333336,3.468733333333168e-05,341.56
51.964,-0.02047114007600506,-0.0035871831455430462,0.009354537333333315,-0.0005553126666666755,341.56
51.968,-0.020041140076005073,-0.004447183145543046,0.009864537333333326,-0.001155312666666665,341.56
51.972,-0.019451140076005066,-0.005217183145543039,0.010464537333333315,-0.001845312666666661,341.56
51.976,-0.01911114007600506,-0.005987183145543032,0.010894537333333357,-0.0023553126666666716,341.56
51.98,-0.018591140076005066,-0.006747183145543042,0.011314537333333333,-0.002955312666666661,341.56
51.984,-0.01800114007600506,-0.007347183145543032,0.01166453733333335,-0.0033753126666666647,341.56
51.988,-0.01740114007600507,-0.008117183145543026,0.012084537333333326,-0.003975312666666654,341.56
51.992,-0.01680114007600508,-0.008887183145543046,0.012604537333333346,-0.004575312666666671,341.56
51.996,-0.01629114007600507,-0.009567183145543032,0.013194537333333325,-0.005175312666666661,341.56
52.0,-0.01569114007600508,-0.01016718314554305,0.013714537333333346,-0.005765312666666668,341.56
52.004,-0.015091140076005061,-0.010937183145543043,0.014054537333333353,-0.006365312666666657,341.56
52.008,-0.014491140076005072,-0.011617183145543029,0.014474537333333329,-0.007135312666666678,341.56
52.012,-0.013901140076005064,-0.012217183145543046,0.01499453733333335,-0.007815312666666664,341.56
52.016,-0.013301140076005075,-0.013067183145543036,0.015334537333333356,-0.008155312666666671,341.56
52.02,-0.012621140076005061,-0.013927183145543035,0.01550453733333336,-0.00850531266666666,341.56
52.024,-0.012021140076005072,-0.014517183145543042,0.01584453733333331,-0.009095312666666668,341.56
52.028,-0.011251140076005079,-0.015207183145543039,0.01610453733333335,-0.009355312666666678,341.56
52.032,-0.010651140076005062,-0.01597718314554303,0.016274537333333353,-0.01012531266666667,341.56
52.036,-0.010051140076005072,-0.016397183145543035,0.016444537333333356,-0.010895312666666664,341.56
52.04,-0.009291140076005061,-0.016997183145543025,0.01661453733333336,-0.01148531266666667,341.56
52.044,-0.008601140076005065,-0.01742718314554304,0.017044537333333346,-0.01234531266666667,341.56
52.048,-0.008001140076005076,-0.018027183145543028,0.017384537333333352,-0.01294531266666666,341.56
52.052,-0.007241140076005065,-0.018617183145543035,0.01746453733333332,-0.013625312666666674,341.56
52.056,-0.0063811400760050655,-0.019137183145543028,0.017554537333333356,-0.014225312666666663,341.56
52.06,-0.005531140076005076,-0.01955718314554303,0.01780453733333333,-0.01481531266666667,341.56
52.064,-0.004851140076005062,-0.019987183145543045,0.01780453733333333,-0.015335312666666663,341.56
52.068,-0.0042511400760050725,-0.02041718314554303,0.017894537333333307,-0.015755312666666667,341.56
52.072,-0.00348114007600508,-0.020757183145543038,0.018154537333333345,-0.01627531266666666,341.56
52.076,-0.0027111400760050594,-0.02126718314554305,0.018154537333333345,-0.016955312666666673,341.56
52.08,-0.0022811400760050734,-0.02152718314554303,0.018154537333333345,-0.017465312666666656,341.56
52.084,-0.0018611400760050697,-0.021697183145543034,0.018234537333333314,-0.017805312666666663,341.56
52.088,-0.0011711400760050735,-0.021947183145543035,0.018234537333333314,-0.01814531266666667,341.56
52.092,-0.0005811400760050663,-0.022117183145543038,0.017984537333333342,-0.018575312666666656,341.56
52.096,0.00010885992399492983,-0.022377183145543048,0.017894537333333307,-0.019085312666666666,341.56
52.1,0.0006188599239949403,-0.022467183145543027,0.017894537333333307,-0.019515312666666652,341.56
52.104,0.0012988599239949264,-0.022467183145543027,0.017984537333333342,-0.019775312666666663,341.56
52.108,0.0018988599239949436,-0.022377183145543048,0.017894537333333307,-0.019945312666666666,341.56
52.112,0.00257885992399493,-0.022377183145543048,0.017634537333333325,-0.020285312666666673,341.56
52.116,0.0030988599239949225,-0.022467183145543027,0.01746453733333332,-0.020545312666666656,341.56
52.12,0.003518859923994926,-0.022717183145543027,0.01721453733333335,-0.020795312666666656,341.56
52.124,0.004118859923994944,-0.022717183145543027,0.01695453733333331,-0.021055312666666666,341.56
52.128,0.0046288599239949265,-0.022547183145543024,0.01669453733333333,-0.021055312666666666,341.56
52.132,0.005148859923994947,-0.022377183145543048,0.016524537333333325,-0.021055312666666666,341.56
52.136,0.005828859923994933,-0.022117183145543038,0.016274537333333353,-0.021055312666666666,341.56
52.14,0.0063388599239949436,-0.021947183145543035,0.016274537333333353,-0.021055312666666666,341.56
52.144,0.0067688599239949295,-0.021607183145543028,0.016184537333333318,-0.021055312666666666,341.56
52.148,0.007188859923994933,-0.02126718314554305,0.01584453733333331,-0.021055312666666666,341.56
52.152,0.007618859923994947,-0.021097183145543045,0.015414537333333325,-0.02096531266666666,341.56
52.156,0.008218859923994936,-0.020757183145543038,0.01499453733333335,-0.020795312666666656,341.56
52.16,0.008648859923994922,-0.020327183145543024,0.014564537333333308,-0.020545312666666656,341.56
52.164,0.00915885992399496,-0.01981718314554304,0.014134537333333322,-0.020285312666666673,341.56
52.168,0.009588859923994946,-0.019217183145543024,0.01388453733333335,-0.020195312666666666,341.56
52.172,0.010008859923994922,-0.01870718314554304,0.013714537333333346,-0.01985531266666666,341.56
52.176,0.010438859923994908,-0.018107183145543024,0.013364537333333329,-0.019515312666666652,341.56
52.18,0.01086885992399495,-0.017507183145543035,0.012854537333333318,-0.019435312666666656,341.56
52.184,0.01145885992399493,-0.017167183145543028,0.01217453733333336,-0.01900531266666667,341.56
52.188,0.01197885992399495,-0.01656718314554304,0.011744537333333319,-0.018575312666666656,341.56
52.192,0.01248885992399496,-0.01597718314554303,0.011314537333333333,-0.018065312666666673,341.56
52.196,0.012828859923994912,-0.015377183145543042,0.010894537333333357,-0.017555312666666663,341.56
52.2,0.013258859923994953,-0.014607183145543049,0.01055453733333335,-0.017215312666666656,341.56
52.204,0.013678859923994929,-0.01349718314554305,0.010124537333333308,-0.016615312666666666,341.56
52.208,0.014028859923994946,-0.011877183145543039,0.009614537333333353,-0.016185312666666653,341.56
52.212,0.014278859923994918,-0.010677183145543032,0.009014537333333308,-0.01567531266666667,341.56
52.216,0.014538859923994956,-0.009397183145543029,0.008504537333333353,-0.014995312666666656,341.56
52.22,0.014878859923994908,-0.007857183145543043,0.00807453733333334,-0.01456531266666667,341.56
52.224,0.01530885992399495,-0.006327183145543039,0.0074745373333333235,-0.014135312666666656,341.56
52.228,0.015728859923994924,-0.004697183145543046,0.006874537333333334,-0.013535312666666667,341.56
52.232,0.01607885992399494,-0.0031671831455430425,0.006284537333333327,-0.012855312666666653,341.56
52.236,0.016328859923994913,-0.001627183145543029,0.005684537333333337,-0.012175312666666667,341.56
52.24,0.01658885992399495,-8.718314554304323e-05,0.005254537333333324,-0.011575312666666678,341.56
52.244,0.017008859923994927,0.0014428168544569605,0.004744537333333341,-0.01072531266666666,341.56
52.248,0.017358859923994944,0.002982816854456974,0.004144537333333324,-0.009785312666666664,341.56
52.252,0.017528859923994947,0.004432816854456953,0.003724537333333348,-0.009185312666666674,341.56
52.256,0.01777885992399492,0.0032428168544569565,0.003034537333333324,-0.008585312666666657,341.56
52.26,0.017948859923994923,-0.0010271831455430395,0.002354537333333338,-0.007645312666666661,341.56
52.264,0.017948859923994923,-0.002307183145543043,0.0017545373333333206,-0.007045312666666671,341.56
52.268,0.018118859923994927,-0.0024771831455430464,0.0009845373333333277,-0.006535312666666661,341.56
52.272,0.01829885992399494,-0.0018871831455430392,0.00013453733333333804,-0.006105312666666675,341.56
52.276,0.018468859923994944,-0.0013671831455430465,-0.0006354626666666549,-0.005515312666666668,341.56
52.28,0.018638859923994947,-0.0005171831455430292,-0.0010654626666666686,-0.0048253126666666715,341.56
52.284,0.018638859923994947,0.0003328168544569605,-0.0019154626666666582,-0.004235312666666664,341.56
52.288,0.018638859923994947,0.0008528168544569532,-0.002685462666666679,-0.0034653126666666714,341.56
52.292,0.01880885992399495,0.0013628168544569637,-0.0032854626666666683,-0.0026053126666666718,341.56
52.296,0.018978859923994954,0.0018728168544569742,-0.0043054626666666615,-0.0020153126666666646,341.56
52.3,0.018978859923994954,0.0024728168544569636,-0.005075462666666654,-0.0015853126666666786,341.56
52.304,0.018978859923994954,0.002982816854456974,-0.0056754626666666716,-0.0005553126666666755,341.56
52.308,0.018978859923994954,0.0034928168544569567,-0.006355462666666658,-0.0001353126666666718,341.56
52.312,0.01888885992399492,0.004012816854456977,-0.007125462666666678,0.0004646873333333454,341.56
52.316,0.018638859923994947,0.00452281685445696,-0.007895462666666672,,341.56
52.32,0.018638859923994947,0.00503281685445697,-0.008495462666666662,,341.56
52.324,0.018468859923994944,0.005542816854456953,-0.009085462666666669,,341.56
52.328,0.018208859923994906,0.006572816854456956,-0.009685462666666658,,341.56
52.332,0.018118859923994927,0.007932816854456955,-0.010545462666666658,,341.56
52.336,0.017868859923994954,0.008452816854456976,-0.011225462666666672,,341.56
52.34,0.01777885992399492,0.008962816854456986,-0.011735462666666654,,341.56
52.344,0.017608859923994916,0.009212816854456959,-0.012335462666666672,,341.56
52.348,0.017358859923994944,0.009642816854456945,-0.012845462666666654,,341.56
52.352,0.01726885992399491,0.010322816854456959,-0.013355462666666665,,341.56
52.356,0.016928859923994958,0.010842816854456979,-0.013955462666666654,,341.56
52.36,0.016498859923994916,0.011262816854456955,-0.014555462666666671,,341.56
52.364,0.01607885992399494,0.011602816854456962,-0.015325462666666664,,341.56
52.368,0.015648859923994955,0.011952816854456979,-0.015835462666666675,,341.56
52.372,0.01530885992399495,0.012372816854456955,-0.016435462666666664,,341.56
52.376,0.014878859923994908,0.01280281685445694,-0.017205462666666657,,341.56
52.38,0.014448859923994922,0.013232816854456982,-0.017795462666666664,,341.56
52.384,0.014108859923994915,0.013652816854456958,-0.018225462666666678,,341.56
52.388,0.01359885992399496,0.014082816854456944,-0.018655462666666664,,341.56
52.392,0.012998859923994915,0.014512816854456986,-0.01899546266666667,,341.56
52.396,0.012568859923994929,0.014852816854456937,-0.019425462666666657,,341.56
52.4,0.012228859923994922,0.015192816854456944,-0.019935462666666667,,341.56
52.404,0.011628859923994933,0.015622816854456986,-0.02035546266666667,,341.56
52.408,0.011118859923994922,0.015962816854456937,-0.02070546266666666,,341.56
52.412,0.010518859923994933,0.016222816854456975,-0.020785462666666657,,341.56
52.416,0.010098859923994957,0.016562816854456982,-0.020875462666666664,,341.56
52.42,0.009408859923994933,0.01664281685445695,-0.021295462666666667,,341.56
52.424,0.008728859923994947,0.016732816854456985,-0.02121546266666667,,341.56
52.428,0.008048859923994933,0.01690281685445699,-0.021385462666666674,,341.56
52.432,0.0074488599239949434,0.016982816854456958,-0.02146546266666667,,341.56
52.436,0.006678859923994923,0.01724281685445694,-0.02181546266666666,,341.56
52.44,0.005998859923994937,0.017412816854456944,-0.022155462666666667,,341.56
52.444,0.00505885992399494,0.017672816854456982,-0.021985462666666664,,341.56
52.448,0.004378859923994926,0.01775281685445695,-0.021895462666666657,,341.56
52.452,0.0037788599239949364,0.017842816854456985,-0.021725462666666653,,341.56
52.456,0.0029288599239949468,0.017922816854456954,-0.021645462666666657,,341.56
52.46,0.002158859923994926,0.018092816854456958,-0.021555462666666678,,341.56
52.464,0.0015588599239949367,0.018092816854456958,-0.021385462666666674,,341.56
52.468,0.0009588599239949195,0.018092816854456958,-0.021125462666666664,,341.56
52.472,0.00018885992399492657,0.018092816854456958,-0.021045462666666667,,341.56
52.476,-0.0006611400760050631,0.01801281685445699,-0.02070546266666666,,341.56
52.48,-0.0011711400760050735,0.01775281685445695,-0.02035546266666667,,341.56
52.484,-0.001771140076005063,0.01775281685445695,-0.020185462666666668,,341.56
52.488,-0.0022811400760050734,0.017672816854456982,-0.01984546266666666,,341.56
52.492,-0.002801140076005066,0.017672816854456982,-0.019505462666666654,,341.56
52.496,-0.0036511400760050557,0.017412816854456944,-0.01899546266666667,,341.56
52.5,-0.004421140076005076,0.01724281685445694,-0.018565462666666657,,341.56
52.504,-0.005101140076005062,0.016982816854456958,-0.018315462666666657,,341.56
52.508,-0.005701140076005079,0.016982816854456958,-0.017715462666666668,,341.56
52.512,-0.005961140076005062,0.016812816854456954,-0.017115462666666678,,341.56
52.516,-0.005781140076005076,0.016562816854456982,-0.01651546266666666,,341.56
52.52,-0.006891140076005076,0.016472816854456947,-0.015835462666666675,,341.56
52.524,-0.008601140076005065,0.016472816854456947,-0.015405462666666661,,341.56
52.528,-0.010311140076005055,0.016222816854456975,-0.014895462666666678,,341.56
52.532,-0.011591140076005058,0.01613281685445694,-0.014385462666666668,,341.56
52.536,-0.012451140076005058,0.015702816854456954,-0.013785462666666679,,341.56
52.54,-0.013041140076005065,0.015282816854456979,-0.013275462666666668,,341.56
52.544,-0.013811140076005058,0.01502281685445694,-0.012585462666666672,,341.56
52.548,-0.014241140076005071,0.014762816854456958,-0.011995462666666665,,341.56
52.552,-0.014491140076005072,0.014422816854456951,-0.011305462666666669,,341.56
52.556,-0.015011140076005064,0.014082816854456944,-0.010625462666666655,,341.56
52.56,-0.015521140076005075,0.013652816854456958,-0.009775462666666665,,341.56
52.564,-0.01629114007600507,0.013142816854456948,-0.009175462666666676,,341.56
52.568,-0.01714114007600506,0.012712816854456962,-0.00823546266666668,,341.56
52.572,-0.017821140076005073,0.012372816854456955,-0.007295462666666654,,341.56
52.576,-0.018421140076005062,0.012032816854456948,-0.006355462666666658,,341.56
52.58,-0.01902114007600508,0.011692816854456941,-0.004905462666666679,,341.56
52.584,-0.019451140076005066,0.011262816854456955,-0.0037954626666666788,,341.56
52.588,-0.019961140076005076,0.010752816854456945,-0.002685462666666679,,341.56
52.592,-0.02047114007600506,0.010322816854456959,-0.0013154626666666688,,341.56
52.596,-0.021071140076005076,0.009982816854456952,0.00013453733333333804,,341.56
52.6,-0.021501140076005062,0.009562816854456976,0.0015845373333333449,,341.56
52.604,-0.021921140076005066,0.009042816854456955,0.0029545373333333272,,341.56
52.608,-0.02209114007600507,0.008272816854456962,0.004314537333333327,,341.56
52.612,-0.02235114007600508,0.007592816854456977,0.005684537333333337,,341.56
52.616,-0.02235114007600508,0.007162816854456963,0.006964537333333341,,341.56
52.62,-0.022441140076005058,0.006572816854456956,0.005944537333333348,,341.56
52.624,-0.02269114007600506,0.005972816854456967,0.0025245373333333413,,341.56
52.628,-0.022781140076005065,0.005462816854456956,0.002014537333333331,,341.56
52.632,-0.022781140076005065,0.005122816854456977,0.0020945373333333276,,341.56
52.636,-0.02269114007600506,0.004942816854456964,0.002614537333333348,,341.56
52.64,-0.022781140076005065,0.00477281685445696,0.0031245373333333307,,341.56
52.644,-0.022781140076005065,0.004432816854456953,0.0038945373333333236,,341.56
52.648,-0.022781140076005065,0.0033228168544569532,0.004314537333333327,,341.56
52.652,-0.02269114007600506,0.0025528168544569603,0.004834537333333348,,341.56
52.656,-0.022441140076005058,0.0017028168544569707,0.005424537333333327,,341.56
52.66,-0.02235114007600508,0.0007628168544569742,0.006024537333333344,,341.56
52.664,-0.02209114007600507,-7.183145543046489e-06,0.0067045373333333306,,341.56
52.668,-0.02184114007600507,-0.00043718314554303244,0.007224537333333323,,341.56
52.672,-0.021501140076005062,-0.0012871831455430497,0.007644537333333327,,341.56
52.676,-0.02124114007600508,-0.002307183145543043,0.00807453733333334,,341.56
52.68,-0.020811140076005066,-0.0031671831455430425,0.008754537333333326,,341.56
52.684,-0.020391140076005062,-0.004017183145543032,0.009274537333333346,,341.56
52.688,-0.01987114007600507,-0.004697183145543046,0.009694537333333322,,341.56
52.692,-0.019451140076005066,-0.0052971831455430355,0.010204537333333333,,341.56
52.696,-0.01911114007600506,-0.005987183145543032,0.010804537333333322,,341.56
52.7,-0.01876114007600507,-0.006837183145543049,0.011234537333333308,,341.56
52.704,-0.01825114007600506,-0.0077771831455430455,0.01166453733333335,,341.56
52.708,-0.017571140076005073,-0.008377183145543036,0.012084537333333326,,341.56
52.712,-0.016971140076005056,-0.008967183145543043,0.012514537333333312,,341.56
52.716,-0.01629114007600507,-0.009737183145543036,0.012944537333333353,,341.56
52.72,-0.015861140076005056,-0.010597183145543036,0.013364537333333329,,341.56
52.724,-0.015351140076005071,-0.01127718314554305,0.013714537333333346,,341.56
52.728,-0.014751140076005054,-0.011877183145543039,0.014134537333333322,,341.56
52.732,-0.014151140076005065,-0.012477183145543028,0.014564537333333308,,341.56
52.736,-0.013381140076005072,-0.013067183145543036,0.014904537333333315,,341.56
52.74,-0.012621140076005061,-0.013837183145543028,0.015334537333333356,,341.56
52.744,-0.012021140076005072,-0.014607183145543049,0.01584453733333331,,341.56
52.748,-0.011341140076005058,-0.015287183145543035,0.01610453733333335,,341.56
52.752,-0.010821140076005065,-0.015807183145543028,0.016274537333333353,,341.56
52.756,-0.010231140076005058,-0.01631718314554304,0.016274537333333353,,341.56
52.76,-0.009631140076005068,-0.01708718314554303,0.01661453733333336,,341.56
52.764,-0.008691140076005072,-0.017597183145543042,0.016874537333333342,,341.56
52.768,-0.007751140076005076,-0.01819718314554303,0.017124537333333315,,341.56
52.772,-0.007071140076005062,-0.01870718314554304,0.017384537333333352,,341.56
52.776,-0.0063811400760050655,-0.01904718314554305,0.017634537333333325,,341.56
52.78,-0.005611140076005073,-0.019477183145543035,0.017894537333333307,,341.56
52.784,-0.005021140076005065,-0.020067183145543042,0.017894537333333307,,341.56
52.788,-0.004331140076005069,-0.02041718314554303,0.017894537333333307,,341.56
52.792,-0.0037411400760050625,-0.020757183145543038,0.017894537333333307,,341.56
52.796,-0.00322114007600507,-0.02117718314554304,0.017984537333333342,,341.56
52.8,-0.0026311400760050626,-0.02152718314554303,0.018154537333333345,,341.56
52.804,-0.0019411400760050664,-0.021607183145543028,0.018234537333333314,,341.56
52.808,-0.001431140076005056,-0.021947183145543035,0.01806453733333331,,341.56
52.812,-0.0008311400760050666,-0.022297183145543024,0.017984537333333342,,341.56
52.816,-0.00023114007600507714,-0.022547183145543024,0.017894537333333307,,341.56
52.82,0.0005288599239949335,-0.022717183145543027,0.017894537333333307,,341.56
52.824,0.0012188599239949297,-0.02263718314554303,0.01780453733333333,,341.56
52.828,0.0017288599239949401,-0.022807183145543034,0.017554537333333356,,341.56
52.832,0.002238859923994923,-0.022807183145543034,0.017384537333333352,,341.56
52.836,0.0029288599239949468,-0.022717183145543027,0.017294537333333318,,341.56
52.84,0.003518859923994926,-0.022717183145543027,0.017124537333333315,,341.56
52.844,0.004118859923994944,-0.022807183145543034,0.017044537333333346,,341.56
52.848,0.00454885992399493,-0.022717183145543027,0.016784537333333308,,341.56
52.852,0.00505885992399494,-0.022467183145543027,0.01661453733333336,,341.56
52.856,0.00565885992399493,-0.022297183145543024,0.016274537333333353,,341.56
52.86,0.006258859923994947,-0.021947183145543035,0.015934537333333346,,341.56
52.864,0.006678859923994923,-0.021697183145543034,0.01584453733333331,,341.56
52.868,0.0071088599239949365,-0.02152718314554303,0.015764537333333342,,341.56
52.872,0.007708859923994926,-0.02117718314554304,0.015414537333333325,,341.56
52.876,0.008298859923994933,-0.020757183145543038,0.015074537333333318,,341.56
52.88,0.008818859923994954,-0.020247183145543027,0.014734537333333311,,341.56
52.884,0.00923885992399493,-0.019647183145543038,0.014474537333333329,,341.56
52.888,0.009498859923994912,-0.019137183145543028,0.014134537333333322,,341.56
52.892,0.010008859923994922,-0.01878718314554304,0.013794537333333315,,341.56
52.896,0.010438859923994908,-0.018277183145543028,0.013364537333333329,,341.56
52.9,0.010778859923994915,-0.017597183145543042,0.012854537333333318,,341.56
52.904,0.01145885992399493,-0.01708718314554303,0.012344537333333308,,341.56
52.908,0.01197885992399495,-0.016657183145543045,0.011744537333333319,,341.56
52.912,0.01248885992399496,-0.016057183145543028,0.011404537333333312,,341.56
52.916,0.012828859923994912,-0.015377183145543042,0.010974537333333326,,341.56
52.92,0.013168859923994919,-0.014697183145543028,0.010464537333333315,,341.56
52.924,0.01359885992399496,-0.013837183145543028,0.01003453733333333,,341.56
52.928,0.014108859923994915,-0.012557183145543025,0.009614537333333353,,341.56
52.932,0.014538859923994956,-0.010767183145543039,0.009014537333333308,,341.56
52.936,0.01470885992399496,-0.009397183145543029,0.008414537333333347,,341.56
52.94,0.014968859923994942,-0.007857183145543043,0.007984537333333333,,341.56
52.944,0.01530885992399495,-0.006157183145543035,0.00756453733333333,,341.56
52.948,0.015648859923994955,-0.004277183145543042,0.006964537333333341,,341.56
52.952,0.01607885992399494,-0.0024771831455430464,0.00645453733333333,,341.56
52.956,0.016418859923994947,-0.0006871831455430327,0.005854537333333341,,341.56
52.96,0.01666885992399492,0.0011028168544569535,0.005254537333333324,,341.56
52.964,0.017008859923994927,0.0029028168544569773,0.0050045373333333235,,341.56
52.968,0.01726885992399491,0.004602816854456957,0.004314537333333327,,341.56
52.972,0.017438859923994913,0.0033228168544569532,0.0038045373333333446,,341.56
52.976,0.01769885992399495,-0.0017171831455430357,0.0031245373333333307,,341.56
52.98,0.017948859923994923,-0.0032471831455430393,0.0024345373333333345,,341.56
52.984,0.017948859923994923,-0.003077183145543036,0.0018445373333333273,,341.56
52.988,0.018208859923994906,-0.0025671831455430253,0.0009845373333333277,,341.56
52.992,0.01829885992399494,-0.0017971831455430324,0.00038453733333333826,,341.56
52.996,0.018468859923994944,-0.0010271831455430395,-0.00029546266666667566,,341.56
53.0,0.018468859923994944,-0.0002571831455430467,-0.0014054626666666755,,341.56
53.004,0.018548859923994913,0.000502816854456964,-0.0021754626666666685,,341.56
53.008,0.018718859923994916,0.0011028168544569535,-0.0027654626666666756,,341.56
53.012,0.01880885992399495,0.0017028168544569707,-0.0035354626666666686,,341.56
53.016,0.01888885992399492,0.0024728168544569636,-0.0043054626666666615,,341.56
53.02,0.018978859923994954,0.0032428168544569565,-0.004985462666666675,,341.56
53.024,0.018978859923994954,0.004012816854456977,-0.005585462666666665,,341.56
53.028,0.018978859923994954,0.00477281685445696,-0.006355462666666658,,341.56
53.032,0.018978859923994954,0.005542816854456953,-0.007035462666666672,,341.56
53.036,0.01880885992399495,0.006312816854456974,-0.007635462666666661,,341.56
53.04,0.018638859923994947,0.007082816854456967,-0.008405462666666655,,341.56
53.044,0.018638859923994947,0.007592816854456977,-0.009005462666666672,,341.56
53.048,0.018548859923994913,0.007682816854456956,-0.009605462666666661,,341.56
53.052,0.01829885992399494,0.007932816854456955,-0.010285462666666675,,341.56
53.056,0.018118859923994927,0.008362816854456969,-0.010885462666666665,,341.56
53.06,0.017948859923994923,0.008962816854456986,-0.011565462666666679,,341.56
53.064,0.017868859923994954,0.009302816854456938,-0.012165462666666668,,341.56
53.068,0.017358859923994944,0.00973281685445698,-0.012845462666666654,,341.56
53.072,0.017008859923994927,0.010322816854456959,-0.013445462666666672,,341.56
53.076,0.016928859923994958,0.010842816854456979,-0.014125462666666658,,341.56
53.08,0.01658885992399495,0.011262816854456955,-0.014555462666666671,,341.56
53.084,0.016248859923994944,0.011602816854456962,-0.01515546266666666,,341.56
53.088,0.015988859923994906,0.011952816854456979,-0.01600546266666668,,341.56
53.092,0.015648859923994955,0.012372816854456955,-0.016605462666666668,,341.56
53.096,0.015218859923994915,0.012892816854456975,-0.016945462666666675,,341.56
53.1,0.014618859923994925,0.013312816854456951,-0.017455462666666657,,341.56
53.104,0.014108859923994915,0.013652816854456958,-0.01813546266666667,,341.56
53.108,0.01359885992399496,0.014002816854456975,-0.018655462666666664,,341.56
53.112,0.013168859923994919,0.014422816854456951,-0.01899546266666667,,341.56
53.116,0.012568859923994929,0.014852816854456937,-0.019335462666666678,,341.56
53.12,0.012228859923994922,0.015282816854456979,-0.019765462666666664,,341.56
53.124,0.011888859923994915,0.015702816854456954,-0.020185462666666668,,341.56
53.128,0.01137885992399496,0.015962816854456937,-0.020445462666666678,,341.56
53.132,0.010778859923994915,0.016222816854456975,-0.020445462666666678,,341.56
53.136,0.010098859923994957,0.016472816854456947,-0.020875462666666664,,341.56
53.14,0.009588859923994946,0.016562816854456982,-0.021295462666666667,,341.56
53.144,0.008988859923994957,0.016812816854456954,-0.02121546266666667,,341.56
53.148,0.008298859923994933,0.01690281685445699,-0.02146546266666667,,341.56
53.152,0.007538859923994922,0.016982816854456958,-0.021645462666666657,,341.56
53.156,0.006848859923994926,0.01724281685445694,-0.021555462666666678,,341.56
53.16,0.006258859923994947,0.01750281685445698,-0.021645462666666657,,341.56
53.164,0.005488859923994926,0.017672816854456982,-0.021725462666666653,,341.56
53.168,0.00479885992399493,0.017672816854456982,-0.02146546266666667,,341.56
53.172,0.003858859923994933,0.01775281685445695,-0.02146546266666667,,341.56
53.176,0.0030088599239949435,0.017842816854456985,-0.021555462666666678,,341.56
53.18,0.0023288599239949296,0.018092816854456958,-0.02146546266666667,,341.56
53.184,0.0017288599239949401,0.018092816854456958,-0.021385462666666674,,341.56
53.188,0.0009588599239949195,0.01801281685445699,-0.021125462666666664,,341.56
53.192,0.00018885992399492657,0.018182816854456937,-0.021045462666666667,,341.56
53.196,-0.0005811400760050663,0.018092816854456958,-0.02070546266666666,,341.56
53.2,-0.00100114007600507,0.01775281685445695,-0.020275462666666674,,341.56
53.204,-0.001341140076005077,0.01775281685445695,-0.019935462666666667,,341.56
53.208,-0.0019411400760050664,0.01775281685445695,-0.019675462666666657,,341.56
53.212,-0.0027111400760050594,0.017672816854456982,-0.019425462666666657,,341.56
53.216,-0.00348114007600508,0.01750281685445698,-0.01899546266666667,,341.56
53.22,-0.004081140076005069,0.01724281685445694,-0.018565462666666657,,341.56
53.224,-0.004851140076005062,0.016982816854456958,-0.01813546266666667,,341.56
53.228,-0.005611140076005073,0.01690281685445699,-0.017545462666666664,,341.56
53.232,-0.0060411400760050585,0.01664281685445695,-0.01702546266666667,,341.56
53.236,-0.005871140076005055,0.016562816854456982,-0.016605462666666668,,341.56
53.24,-0.006641140076005076,0.016562816854456982,-0.016095462666666657,,341.56
53.244,-0.008261140076005058,0.016472816854456947,-0.015405462666666661,,341.56
53.248,-0.010311140076005055,0.016222816854456975,-0.014985462666666657,,341.56
53.252,-0.011681140076005065,0.01605281685445697,-0.014465462666666665,,341.56
53.256,-0.012451140076005058,0.015702816854456954,-0.013695462666666672,,341.56
53.26,-0.013131140076005072,0.015282816854456979,-0.013185462666666661,,341.56
53.264,-0.013731140076005061,0.014942816854456972,-0.012585462666666672,,341.56
53.268,-0.013981140076005061,0.014512816854456986,-0.011995462666666665,,341.56
53.272,-0.014321140076005068,0.014172816854456979,-0.011225462666666672,,341.56
53.276,-0.015011140076005064,0.01391281685445694,-0.010715462666666661,,341.56
53.28,-0.015521140076005075,0.01357281685445699,-0.010025462666666665,,341.56
53.284,-0.01629114007600507,0.013232816854456982,-0.009175462666666676,,341.56
53.288,-0.017231140076005066,0.012892816854456975,-0.008315462666666676,,341.56
53.292,-0.01800114007600506,0.01246281685445699,-0.007295462666666654,,341.56
53.296,-0.018591140076005066,0.011952816854456979,-0.006615462666666668,,341.56
53.3,-0.01902114007600508,0.011522816854456937,-0.0056754626666666716,,341.56
53.304,-0.019451140076005066,0.011262816854456955,-0.004985462666666675,,341.56
53.308,-0.019961140076005076,0.010842816854456979,-0.0043054626666666615,,341.56
53.312,-0.02047114007600506,0.010412816854456938,-0.003455462666666672,,341.56
53.316,-0.021071140076005076,0.009812816854456948,-0.002595462666666672,,341.56
53.32,-0.02158114007600506,0.009212816854456959,-0.0017454626666666547,,341.56
53.324,-0.02184114007600507,0.008792816854456983,-0.0008954626666666651,,341.56
53.328,-0.02209114007600507,0.008452816854456976,-3.546266666666544e-05,,341.56
53.332,-0.02235114007600508,0.007932816854456955,0.0008145373333333242,,341.56
53.336,-0.022521140076005055,0.007162816854456963,0.0016745373333333239,,341.56
53.34,-0.022781140076005065,0.006572816854456956,0.0020945373333333276,,341.56
53.344,-0.022861140076005062,0.005972816854456967,0.0014945373333333381,,341.56
53.348,-0.023031140076005065,0.005372816854456977,0.0014145373333333414,,341.56
53.352,-0.023121140076005072,0.004862816854456967,0.0018445373333333273,,341.56
53.356,-0.023121140076005072,0.004602816854456957,0.0024345373333333345,,341.56
53.36,-0.02320114007600507,0.004182816854456953,0.003034537333333324,,341.56
53.364,-0.02320114007600507,0.00366281685445696,0.003634537333333341,,341.56
53.368,-0.02295114007600507,0.003072816854456953,0.004234537333333331,,341.56
53.372,-0.022861140076005062,0.002382816854456957,0.004654537333333334,,341.56
53.376,-0.02269114007600506,0.0014428168544569605,0.005174537333333327,,341.56
53.38,-0.022441140076005058,0.0006728168544569674,0.005944537333333348,,341.56
53.384,-0.022271140076005055,0.000162816854456957,0.006364537333333324,,341.56
53.388,-0.021921140076005066,-0.00043718314554303244,0.006874537333333334,,341.56
53.392,-0.021671140076005065,-0.0012871831455430497,0.00756453733333333,,341.56
53.396,-0.021501140076005062,-0.002307183145543043,0.00807453733333334,,341.56
53.4,-0.021151140076005073,-0.0029071831455430323,0.008414537333333347,,341.56
53.404,-0.020811140076005066,-0.0032471831455430393,0.00892453733333333,,341.56
53.408,-0.020391140076005062,-0.004017183145543032,0.009614537333333353,,341.56
53.412,-0.019791140076005072,-0.005047183145543035,0.010124537333333308,,341.56
53.416,-0.019191140076005055,-0.0060671831455430284,0.010464537333333315,,341.56
53.42,-0.01876114007600507,-0.006667183145543046,0.010894537333333357,,341.56
53.424,-0.018341140076005066,-0.007097183145543032,0.011494537333333346,,341.56
53.428,-0.017741140076005076,-0.00794718314554305,0.012084537333333326,,341.56
53.432,-0.01714114007600506,-0.008717183145543043,0.012424537333333333,,341.56
53.436,-0.01654114007600507,-0.009317183145543032,0.012944537333333353,,341.56
53.44,-0.015951140076005062,-0.01016718314554305,0.013364537333333329,,341.56
53.444,-0.015351140076005071,-0.01101718314554304,0.013714537333333346,,341.56
53.448,-0.014671140076005057,-0.011707183145543035,0.014134537333333322,,341.56
53.452,-0.014071140076005068,-0.012297183145543043,0.014564537333333308,,341.56
53.456,-0.013381140076005072,-0.012897183145543032,0.01499453733333335,,341.56
53.46,-0.012871140076005061,-0.01349718314554305,0.015414537333333325,,341.56
53.464,-0.012271140076005072,-0.014177183145543035,0.015764537333333342,,341.56
53.468,-0.011681140076005065,-0.015037183145543035,0.016184537333333318,,341.56
53.472,-0.010911140076005072,-0.01571718314554305,0.016524537333333325,,341.56
53.476,-0.010311140076005055,-0.01622718314554303,0.01661453733333336,,341.56
53.48,-0.009631140076005068,-0.016657183145543045,0.016784537333333308,,341.56
53.484,-0.008601140076005065,-0.017167183145543028,0.017044537333333346,,341.56
53.488,-0.007921140076005079,-0.017847183145543042,0.017124537333333315,,341.56
53.492,-0.007151140076005058,-0.018367183145543035,0.017384537333333352,,341.56
53.496,-0.0063811400760050655,-0.01878718314554304,0.017554537333333356,,341.56
53.5,-0.005701140076005079,-0.019217183145543024,0.01780453733333333,,341.56
53.504,-0.005101140076005062,-0.019727183145543035,0.01780453733333333,,341.56
53.508,-0.0042511400760050725,-0.020327183145543024,0.01780453733333333,,341.56
53.512,-0.0037411400760050625,-0.02066718314554303,0.017894537333333307,,341.56
53.516,-0.0033911400760050733,-0.020837183145543035,0.017894537333333307,,341.56
53.52,-0.0027111400760050594,-0.02117718314554304,0.01780453733333333,,341.56
53.524,-0.0019411400760050664,-0.02152718314554303,0.01780453733333333,,341.56
53.528,-0.001431140076005056,-0.021607183145543028,0.01780453733333333,,341.56
53.532,-0.0008311400760050666,-0.021867183145543038,0.01780453733333333,,341.56
53.536,-0.00023114007600507714,-0.022207183145543045,0.01780453733333333,,341.56
53.54,0.0005288599239949335,-0.022717183145543027,0.01780453733333333,,341.56
53.544,0.001128859923994923,-0.022807183145543034,0.01772453733333336,,341.56
53.548,0.0017288599239949401,-0.022807183145543034,0.017554537333333356,,341.56
53.552,0.002238859923994923,-0.022807183145543034,0.01746453733333332,,341.56
53.556,0.0029288599239949468,-0.022807183145543034,0.017294537333333318,,341.56
53.56,0.0034388599239949295,-0.022807183145543034,0.017044537333333346,,341.56
53.564,0.0037788599239949364,-0.022717183145543027,0.016874537333333342,,341.56
53.568,0.004288859923994947,-0.022467183145543027,0.01661453733333336,,341.56
53.572,0.0049688599239949335,-0.022377183145543048,0.016524537333333325,,341.56
53.576,0.005488859923994926,-0.022297183145543024,0.016444537333333356,,341.56
53.58,0.005998859923994937,-0.021947183145543035,0.01610453733333335,,341.56
53.584,0.006598859923994926,-0.021697183145543034,0.016184537333333318,,341.56
53.588,0.00701885992399493,-0.02152718314554303,0.015934537333333346,,341.56
53.592,0.0074488599239949434,-0.02117718314554304,0.015414537333333325,,341.56
53.596,0.00787885992399493,-0.020757183145543038,0.01499453733333335,,341.56
53.6,0.00838885992399494,-0.020247183145543027,0.014564537333333308,,341.56
53.604,0.008988859923994957,-0.019647183145543038,0.014224537333333356,,341.56
53.608,0.009498859923994912,-0.019137183145543028,0.014054537333333353,,341.56
53.612,0.010008859923994922,-0.01870718314554304,0.013714537333333346,,341.56
53.616,0.010438859923994908,-0.018277183145543028,0.013364537333333329,,341.56
53.62,0.01086885992399495,-0.017847183145543042,0.013024537333333322,,341.56
53.624,0.011288859923994926,-0.01733718314554303,0.012514537333333312,,341.56
53.628,0.011628859923994933,-0.016737183145543042,0.012084537333333326,,341.56
53.632,0.01197885992399495,-0.016397183145543035,0.01166453733333335,,341.56
53.636,0.012398859923994926,-0.015887183145543025,0.01106453733333336,,341.56
53.64,0.012828859923994912,-0.015207183145543039,0.010464537333333315,,341.56
53.644,0.013168859923994919,-0.014517183145543042,0.01003453733333333,,341.56
53.648,0.01359885992399496,-0.013407183145543042,0.009694537333333322,,341.56
53.652,0.014108859923994915,-0.012217183145543046,0.009354537333333315,,341.56
53.656,0.014538859923994956,-0.01127718314554305,0.00884453733333336,,341.56
53.66,0.014878859923994908,-0.010507183145543029,0.00807453733333334,,341.56
53.664,0.015218859923994915,-0.00965718314554304,0.007644537333333327,,341.56
53.668,0.015648859923994955,-0.008717183145543043,0.007134537333333344,,341.56
53.672,0.015988859923994906,-0.0077771831455430455,0.006364537333333324,,341.56
53.676,0.016248859923994944,-0.006837183145543049,0.005944537333333348,,341.56
53.68,0.01658885992399495,-0.005897183145543025,0.005594537333333331,,341.56
53.684,0.016928859923994958,-0.004957183145543029,0.0053445373333333305,,341.56
53.688,0.01718885992399494,-0.004107183145543039,0.0050045373333333235,,341.56
53.692,0.017358859923994944,-0.0035871831455430462,0.004314537333333327,,341.56
53.696,0.01769885992399495,-0.003337183145543046,0.0034645373333333377,,341.56
53.7,0.017948859923994923,-0.003077183145543036,0.002614537333333348,,341.56
53.704,0.017948859923994923,-0.0028271831455430356,0.0017545373333333206,,341.56
53.708,0.018118859923994927,-0.0024771831455430464,0.0010745373333333344,,341.56
53.712,0.018118859923994927,-0.0017971831455430324,0.000474537333333345,,341.56
53.716,0.018208859923994906,-0.0010271831455430395,-0.00029546266666667566,,341.56
53.72,0.018468859923994944,-8.718314554304323e-05,-0.001235462666666672,,341.56
53.724,0.018548859923994913,0.0006728168544569674,-0.002005462666666665,,341.56
53.728,0.018718859923994916,0.0015328168544569672,-0.002685462666666679,,341.56
53.732,0.018978859923994954,0.0024728168544569636,-0.003455462666666672,,341.56
53.736,0.018978859923994954,0.00341281685445696,-0.004135462666666658,,341.56
53.74,0.018978859923994954,0.004352816854456956,-0.004735462666666675,,341.56
53.744,0.018978859923994954,0.005292816854456953,-0.005585462666666665,,341.56
53.748,0.018978859923994954,0.006232816854456977,-0.006275462666666661,,341.56
53.752,0.01888885992399492,0.007162816854456963,-0.0067854626666666714,,341.56
53.756,0.01880885992399495,0.008102816854456959,-0.007555462666666664,,341.56
53.76,0.018548859923994913,0.009042816854456955,-0.008315462666666676,,341.56
53.764,0.018548859923994913,0.009982816854456952,-0.008915462666666665,,341.56
53.768,0.018468859923994944,0.010072816854456986,-0.009605462666666661,,341.56
53.772,0.01829885992399494,0.008872816854456952,-0.010285462666666675,,341.56
53.776,0.01837885992399491,0.008792816854456983,-0.010885462666666665,,341.56
53.78,0.018208859923994906,0.008872816854456952,-0.011565462666666679,,341.56
53.784,0.018118859923994927,0.00913281685445699,-0.012165462666666668,,341.56
53.788,0.01777885992399492,0.009562816854456976,-0.012765462666666658,,341.56
53.792,0.017438859923994913,0.009902816854456983,-0.013355462666666665,,341.56
53.796,0.016928859923994958,0.010412816854456938,-0.014045462666666661,,341.56
53.8,0.01658885992399495,0.011092816854456952,-0.014555462666666671,,341.56
53.804,0.016498859923994916,0.011522816854456937,-0.015065462666666654,,341.56
53.808,0.015988859923994906,0.012032816854456948,-0.01566546266666667,,341.56
53.812,0.015478859923994953,0.01246281685445699,-0.01626546266666666,,341.56
53.816,0.015138859923994946,0.012892816854456975,-0.016855462666666668,,341.56
53.82,0.014538859923994956,0.013312816854456951,-0.017455462666666657,,341.56
53.824,0.014108859923994915,0.013652816854456958,-0.01813546266666667,,341.56
53.828,0.013678859923994929,0.014082816854456944,-0.018655462666666664,,341.56
53.832,0.01308885992399495,0.014422816854456951,-0.019075462666666668,,341.56
53.836,0.01248885992399496,0.014762816854456958,-0.019505462666666654,,341.56
53.84,0.012148859923994953,0.014942816854456972,-0.019765462666666664,,341.56
53.844,0.011888859923994915,0.015282816854456979,-0.020015462666666664,,341.56
53.848,0.01137885992399496,0.015702816854456954,-0.02035546266666667,,341.56
53.852,0.010778859923994915,0.015962816854456937,-0.02070546266666666,,341.56
53.856,0.010098859923994957,0.01613281685445694,-0.02095546266666666,,341.56
53.86,0.009498859923994912,0.016472816854456947,-0.021125462666666664,,341.56
53.864,0.008728859923994947,0.016732816854456985,-0.02121546266666667,,341.56
53.868,0.008218859923994936,0.016732816854456985,-0.02121546266666667,,341.56
53.872,0.007538859923994922,0.01690281685445699,-0.021385462666666674,,341.56
53.876,0.006848859923994926,0.016982816854456958,-0.02146546266666667,,341.56
53.88,0.006258859923994947,0.01724281685445694,-0.02146546266666667,,341.56
53.884,0.005318859923994923,0.01724281685445694,-0.02146546266666667,,341.56
53.888,0.004378859923994926,0.017412816854456944,-0.02146546266666667,,341.56
53.892,0.0037788599239949364,0.017672816854456982,-0.02146546266666667,,341.56
53.896,0.0030088599239949435,0.01775281685445695,-0.021555462666666678,,341.56
53.9,0.0023288599239949296,0.01775281685445695,-0.021555462666666678,,341.56
53.904,0.0017288599239949401,0.01775281685445695,-0.02146546266666667,,341.56
53.908,0.0008788599239949227,0.017672816854456982,-0.02121546266666667,,341.56
53.912,0.00010885992399492983,0.01775281685445695,-0.02095546266666666,,341.56
53.916,-0.0006611400760050631,0.017672816854456982,-0.020615462666666654,,341.56
53.92,-0.0015211400760050627,0.01775281685445695,-0.02035546266666667,,341.56
53.924,-0.0018611400760050697,0.017672816854456982,-0.020185462666666668,,341.56
53.928,-0.002031140076005073,0.01750281685445698,-0.01984546266666666,,341.56
53.932,-0.0018611400760050697,0.017412816854456944,-0.019505462666666654,,341.56
53.936,-0.0015211400760050627,0.01716281685445697,-0.01899546266666667,,341.56
53.94,-0.002881140076005063,0.01690281685445699,-0.018565462666666657,,341.56
53.944,-0.004331140076005069,0.01690281685445699,-0.01813546266666667,,341.56
53.948,-0.005361140076005072,0.016812816854456954,-0.017715462666666668,,341.56
53.952,-0.005701140076005079,0.01664281685445695,-0.017285462666666654,,341.56
53.956,-0.005871140076005055,0.016562816854456982,-0.016685462666666664,,341.56
53.96,-0.006981140076005055,0.01639281685445698,-0.016175462666666654,,341.56
53.964,-0.008601140076005065,0.01613281685445694,-0.01566546266666667,,341.56
53.968,-0.010311140076005055,0.01605281685445697,-0.015065462666666654,,341.56
53.972,-0.011591140076005058,0.015702816854456954,-0.014555462666666671,,341.56
53.976,-0.012531140076005054,0.015362816854456948,-0.013955462666666654,,341.56
53.98,-0.013131140076005072,0.015192816854456944,-0.013275462666666668,,341.56
53.984,-0.013561140076005057,0.014852816854456937,-0.012675462666666679,,341.56
53.988,-0.013981140076005061,0.014512816854456986,-0.012075462666666661,,341.56
53.992,-0.014321140076005068,0.014252816854456948,-0.011565462666666679,,341.56
53.996,-0.015091140076005061,0.014002816854456975,-0.011135462666666665,,341.56
54.0,-0.01578114007600506,0.013652816854456958,-0.010455462666666679,,341.56
54.004,-0.016461140076005073,0.013232816854456982,-0.009605462666666661,,341.56
54.008,-0.01714114007600506,0.012892816854456975,-0.008665462666666665,,341.56
54.012,-0.01765114007600507,0.01246281685445699,-0.007465462666666658,,341.56
54.016,-0.01851114007600507,0.012032816854456948,-0.006275462666666661,,341.56
54.02,-0.01902114007600508,0.011602816854456962,-0.005335462666666665,,341.56
54.024,-0.01962114007600507,0.011182816854456986,-0.0043054626666666615,,341.56
54.028,-0.020391140076005062,0.010842816854456979,-0.0031954626666666616,,341.56
54.032,-0.021071140076005076,0.010412816854456938,-0.002005462666666665,,341.56
54.036,-0.021411140076005055,0.009902816854456983,-0.0008054626666666584,,341.56
54.04,-0.021671140076005065,0.009472816854456941,0.00038453733333333826,,341.56
54.044,-0.022011140076005072,0.009042816854456955,0.0015845373333333449,,341.56
54.048,-0.022271140076005055,0.008362816854456969,0.0027845373333333237,,341.56
54.052,-0.022521140076005055,0.007932816854456955,0.0038945373333333236,,341.56
54.056,-0.022781140076005065,0.0074228168544569735,0.004144537333333324,,341.56
54.06,-0.022781140076005065,0.006822816854456956,0.0029545373333333272,,341.56
54.064,-0.022861140076005062,0.006232816854456977,0.0013245373333333347,,341.56
54.068,-0.023121140076005072,0.00563281685445696,0.0011545373333333312,,341.56
54.072,-0.023291140076005076,0.005122816854456977,0.0015845373333333449,,341.56
54.076,-0.023291140076005076,0.004692816854456963,0.0021845373333333343,,341.56
54.08,-0.02320114007600507,0.004262816854456977,0.0027845373333333237,,341.56
54.084,-0.02320114007600507,0.00366281685445696,0.003374537333333331,,341.56
54.088,-0.023121140076005072,0.002982816854456974,0.003974537333333348,,341.56
54.092,-0.022861140076005062,0.0024728168544569636,0.004654537333333334,,341.56
54.096,-0.02269114007600506,0.0021328168544569566,0.005174537333333327,,341.56
54.1,-0.022441140076005058,0.001272816854456957,0.005594537333333331,,341.56
54.104,-0.022271140076005055,0.00025281685445696373,0.006194537333333348,,341.56
54.108,-0.02209114007600507,-0.0002571831455430467,0.0067045373333333306,,341.56
54.112,-0.022011140076005072,-0.0007771831455430394,0.007304537333333348,,341.56
54.116,-0.02158114007600506,-0.0015471831455430322,0.007904537333333336,,341.56
54.12,-0.021151140076005073,-0.002307183145543043,0.008414537333333347,,341.56
54.124,-0.020811140076005066,-0.003077183145543036,0.00892453733333333,,341.56
54.128,-0.020391140076005062,-0.0039371831455430354,0.009614537333333353,,341.56
54.132,-0.01987114007600507,-0.004447183145543046,0.010124537333333308,,341.56
54.136,-0.019191140076005055,-0.005127183145543032,0.010464537333333315,,341.56
54.14,-0.018591140076005066,-0.005987183145543032,0.010974537333333326,,341.56
54.144,-0.01825114007600506,-0.006747183145543042,0.01166453733333335,,341.56
54.148,-0.017741140076005076,-0.007347183145543032,0.01217453733333336,,341.56
54.152,-0.01714114007600506,-0.008117183145543026,0.012604537333333346,,341.56
54.156,-0.01654114007600507,-0.00905718314554305,0.013024537333333322,,341.56
54.16,-0.015951140076005062,-0.009827183145543043,0.013364537333333329,,341.56
54.164,-0.015351140076005071,-0.010597183145543036,0.013794537333333315,,341.56
54.168,-0.014751140076005054,-0.011367183145543028,0.014224537333333356,,341.56
54.172,-0.014151140076005065,-0.012047183145543042,0.014474537333333329,,341.56
54.176,-0.013471140076005078,-0.012647183145543032,0.01499453733333335,,341.56
54.18,-0.012871140076005061,-0.013407183145543042,0.01550453733333336,,341.56
54.184,-0.012271140076005072,-0.014177183145543035,0.015934537333333346,,341.56
54.188,-0.011681140076005065,-0.015037183145543035,0.016274537333333353,,341.56
54.192,-0.010821140076005065,-0.015457183145543039,0.016524537333333325,,341.56
54.196,-0.010141140076005079,-0.01597718314554303,0.01661453733333336,,341.56
54.2,-0.009711140076005065,-0.01656718314554304,0.01669453733333333,,341.56
54.204,-0.008941140076005072,-0.01708718314554303,0.01695453733333331,,341.56
54.208,-0.008091140076005055,-0.01767718314554304,0.017124537333333315,,341.56
54.212,-0.007241140076005065,-0.018277183145543028,0.017384537333333352,,341.56
54.216,-0.006471140076005072,-0.01878718314554304,0.017554537333333356,,341.56
54.22,-0.005781140076005076,-0.019217183145543024,0.01780453733333333,,341.56
54.224,-0.005191140076005069,-0.019647183145543038,0.01780453733333333,,341.56
54.228,-0.004331140076005069,-0.02015718314554305,0.017894537333333307,,341.56
54.232,-0.0037411400760050625,-0.02041718314554303,0.018154537333333345,,341.56
54.236,-0.0033911400760050733,-0.020837183145543035,0.018234537333333314,,341.56
54.24,-0.002801140076005066,-0.02126718314554305,0.018234537333333314,,341.56
54.244,-0.002031140076005073,-0.021607183145543028,0.018234537333333314,,341.56
54.248,-0.001431140076005056,-0.021867183145543038,0.018234537333333314,,341.56
54.252,-0.0007511400760050698,-0.02203718314554304,0.018234537333333314,,341.56
54.256,-0.0001511400760050804,-0.022297183145543024,0.017984537333333342,,341.56
54.26,0.0004488599239949368,-0.022377183145543048,0.017894537333333307,,341.56
54.264,0.0010488599239949262,-0.022467183145543027,0.017894537333333307,,341.56
54.268,0.0016388599239949334,-0.022717183145543027,0.01772453733333336,,341.56
54.272,0.0020688599239949194,-0.022807183145543034,0.01746453733333332,,341.56
54.276,0.00257885992399493,-0.022807183145543034,0.017384537333333352,,341.56
54.28,0.0033488599239949227,-0.022807183145543034,0.017384537333333352,,341.56
54.284,0.003858859923994933,-0.022807183145543034,0.017124537333333315,,341.56
54.288,0.004458859923994923,-0.022717183145543027,0.01695453733333331,,341.56
54.292,0.00505885992399494,-0.022467183145543027,0.01661453733333336,,341.56
54.296,0.005398859923994947,-0.022297183145543024,0.01635453733333332,,341.56
54.3,0.00590885992399493,-0.02203718314554304,0.016524537333333325,,341.56
54.304,0.0064288599239949226,-0.021947183145543035,0.016274537333333353,,341.56
54.308,0.00701885992399493,-0.021607183145543028,0.015764537333333342,,341.56
54.312,0.007538859923994922,-0.02117718314554304,0.015414537333333325,,341.56
54.316,0.00787885992399493,-0.02092718314554304,0.015334537333333356,,341.56
54.32,0.008298859923994933,-0.02066718314554303,0.015074537333333318,,341.56
54.324,0.008818859923994954,-0.02015718314554305,0.014564537333333308,,341.56
54.328,0.009408859923994933,-0.01955718314554303,0.014134537333333322,,341.56
54.332,0.009928859923994953,-0.01878718314554304,0.013794537333333315,,341.56
54.336,0.01034885992399493,-0.018277183145543028,0.013364537333333329,,341.56
54.34,0.01086885992399495,-0.017847183145543042,0.012854537333333318,,341.56
54.344,0.011288859923994926,-0.01742718314554304,0.012424537333333333,,341.56
54.348,0.011628859923994933,-0.016997183145543025,0.012084537333333326,,341.56
54.352,0.01197885992399495,-0.016397183145543035,0.011744537333333319,,341.56
54.356,0.012398859923994926,-0.015887183145543025,0.011404537333333312,,341.56
54.36,0.012918859923994946,-0.015287183145543035,0.010974537333333326,,341.56
54.364,0.013338859923994922,-0.014097183145543039,0.010384537333333346,,341.56
54.368,0.013678859923994929,-0.013067183145543036,0.009784537333333357,,341.56
54.372,0.014028859923994946,-0.012297183145543043,0.009274537333333346,,341.56
54.376,0.014448859923994922,-0.011617183145543029,0.008674537333333357,,341.56
54.38,0.014878859923994908,-0.010937183145543043,0.00807453733333334,,341.56
54.384,0.015218859923994915,-0.01016718314554305,0.007644537333333327,,341.56
54.388,0.015558859923994922,-0.009397183145543029,0.007134537333333344,,341.56
54.392,0.015818859923994958,-0.008627183145543036,0.006624537333333334,,341.56
54.396,0.01615885992399491,-0.007857183145543043,0.006364537333333324,,341.56
54.4,0.01658885992399495,-0.007097183145543032,0.005854537333333341,,341.56
54.404,0.016838859923994923,-0.006327183145543039,0.0053445373333333305,,341.56
54.408,0.016928859923994958,-0.005557183145543046,0.0049145373333333445,,341.56
54.412,0.017358859923994944,-0.004877183145543032,0.0038945373333333236,,341.56
54.416,0.017608859923994916,-0.004617183145543049,0.003294537333333334,,341.56
54.42,0.017608859923994916,-0.004277183145543042,0.0028645373333333205,,341.56
54.424,0.01769885992399495,-0.0035071831455430495,0.001924537333333324,,341.56
54.428,0.01777885992399492,-0.002737183145543029,0.0010745373333333344,,341.56
54.432,0.018038859923994958,-0.0020571831455430427,0.0003045373333333415,,341.56
54.436,0.018208859923994906,-0.0015471831455430322,-0.00029546266666667566,,341.56
54.44,0.018468859923994944,-0.0011171831455430463,-0.0011454626666666653,,341.56
54.444,0.018468859923994944,-0.0006071831455430359,-0.0021754626666666685,,341.56
54.448,0.018548859923994913,-8.718314554304323e-05,-0.0029454626666666614,,341.56
54.452,0.018718859923994916,0.0004228168544569672,-0.0035354626666666686,,341.56
54.456,0.018978859923994954,0.0009328168544569499,-0.004225462666666665,,341.56
54.46,0.018978859923994954,0.0014428168544569605,-0.004985462666666675,,341.56
54.464,0.018978859923994954,0.001962816854456953,-0.005585462666666665,,341.56
54.468,0.018978859923994954,0.0024728168544569636,-0.0064454626666666645,,341.56
54.472,0.01888885992399492,0.002982816854456974,-0.007125462666666678,,341.56
54.476,0.018718859923994916,0.0034928168544569567,-0.007635462666666661,,341.56
54.48,0.018638859923994947,0.004012816854456977,-0.008315462666666676,,341.56
54.484,0.018548859923994913,0.004692816854456963,-0.009085462666666669,,341.56
54.488,0.018548859923994913,0.00588281685445696,-0.009685462666666658,,341.56
54.492,0.018638859923994947,0.00725281685445697,-0.010285462666666675,,341.56
54.496,0.018468859923994944,0.008192816854456966,-0.010885462666666665,,341.56
54.5,0.018118859923994927,0.008622816854456952,-0.011735462666666654,,341.56
54.504,0.017868859923994954,0.008962816854456986,-0.012415462666666668,,341.56
54.508,0.01777885992399492,0.009562816854456976,-0.012845462666666654,,341.56
54.512,0.017358859923994944,0.009902816854456983,-0.013355462666666665,,341.56
54.516,0.016838859923994923,0.010322816854456959,-0.014125462666666658,,341.56
54.52,0.016498859923994916,0.010752816854456945,-0.014635462666666668,,341.56
54.524,0.01615885992399491,0.011182816854456986,-0.015235462666666658,,341.56
54.528,0.015818859923994958,0.011782816854456975,-0.01566546266666667,,341.56
54.532,0.015388859923994918,0.012372816854456955,-0.01626546266666666,,341.56
54.536,0.014878859923994908,0.01280281685445694,-0.01702546266666667,,341.56
54.54,0.014448859923994922,0.013142816854456948,-0.017715462666666668,,341.56
54.544,0.014108859923994915,0.01357281685445699,-0.018225462666666678,,341.56
54.548,0.01359885992399496,0.01391281685445694,-0.018655462666666664,,341.56
54.552,0.012828859923994912,0.014172816854456979,-0.018905462666666664,,341.56
54.556,0.012398859923994926,0.014512816854456986,-0.019335462666666678,,341.56
54.56,0.011888859923994915,0.014852816854456937,-0.019765462666666664,,341.56
54.564,0.01137885992399496,0.015282816854456979,-0.02010546266666667,,341.56
54.568,0.011038859923994953,0.015702816854456954,-0.02035546266666667,,341.56
54.572,0.010438859923994908,0.015962816854456937,-0.02070546266666666,,341.56
54.576,0.009838859923994919,0.01613281685445694,-0.021045462666666667,,341.56
54.58,0.00923885992399493,0.01639281685445698,-0.021385462666666674,,341.56
54.584,0.008648859923994922,0.016562816854456982,-0.02146546266666667,,341.56
54.588,0.007958859923994926,0.01664281685445695,-0.021555462666666678,,341.56
54.592,0.00727885992399494,0.01690281685445699,-0.02181546266666666,,341.56
54.596,0.006678859923994923,0.017072816854456937,-0.021895462666666657,,341.56
54.6,0.005998859923994937,0.017332816854456975,-0.021895462666666657,,341.56
54.604,0.005398859923994947,0.017412816854456944,-0.021895462666666657,,341.56
54.608,0.004458859923994923,0.017672816854456982,-0.021895462666666657,,341.56
54.612,0.003518859923994926,0.01775281685445695,-0.02181546266666666,,341.56
54.616,0.0027488599239949333,0.01775281685445695,-0.021645462666666657,,341.56
54.62,0.002158859923994926,0.01775281685445695,-0.02146546266666667,,341.56
54.624,0.0013888599239949332,0.017672816854456982,-0.021385462666666674,,341.56
54.628,0.0005288599239949335,0.01775281685445695,-0.021125462666666664,,341.56
54.632,-0.0001511400760050804,0.01775281685445695,-0.021045462666666667,,341.56
54.636,-0.0007511400760050698,0.01775281685445695,-0.020785462666666657,,341.56
54.64,-0.0015211400760050627,0.01775281685445695,-0.020615462666666654,,341.56
54.644,-0.0022811400760050734,0.017672816854456982,-0.020275462666666674,,341.56
54.648,-0.0027111400760050594,0.017672816854456982,-0.019935462666666667,,341.56
54.652,-0.002881140076005063,0.017412816854456944,-0.019505462666666654,,341.56
54.656,-0.0030511400760050663,0.017332816854456975,-0.01899546266666667,,341.56
54.66,-0.0033911400760050733,0.01724281685445694,-0.018565462666666657,,341.56
54.664,-0.004161140076005066,0.016982816854456958,-0.018225462666666678,,341.56
54.668,-0.005191140076005069,0.01690281685445699,-0.01788546266666667,,341.56
54.672,-0.005961140076005062,0.016732816854456985,-0.01737546266666666,,341.56
54.676,-0.005781140076005076,0.016732816854456985,-0.016685462666666664,,341.56
54.68,-0.005441140076005069,0.016562816854456982,-0.016175462666666654,,341.56
54.684,-0.007661140076005069,0.01639281685445698,-0.015745462666666668,,341.56
54.688,-0.010141140076005079,0.01613281685445694,-0.015325462666666664,,341.56
54.692,-0.011511140076005061,0.01605281685445697,-0.014635462666666668,,341.56
54.696,-0.012451140076005058,0.015702816854456954,-0.014045462666666661,,341.56
54.7,-0.013211140076005068,0.015282816854456979,-0.013355462666666665,,341.56
54.704,-0.013731140076005061,0.014942816854456972,-0.012765462666666658,,341.56
54.708,-0.013981140076005061,0.014762816854456958,-0.012165462666666668,,341.56
54.712,-0.014321140076005068,0.014422816854456951,-0.011735462666666654,,341.56
54.716,-0.015011140076005064,0.014082816854456944,-0.011225462666666672,,341.56
54.72,-0.01569114007600508,0.013652816854456958,-0.010365462666666672,,341.56
54.724,-0.01629114007600507,0.013232816854456982,-0.009605462666666661,,341.56
54.728,-0.017061140076005062,0.012892816854456975,-0.008665462666666665,,341.56
54.732,-0.017741140076005076,0.01246281685445699,-0.007725462666666668,,341.56
54.736,-0.018591140076005066,0.012032816854456948,-0.007125462666666678,,341.56
54.74,-0.019191140076005055,0.011602816854456962,-0.006525462666666661,,341.56
54.744,-0.019531140076005062,0.011182816854456986,-0.005845462666666675,,341.56
54.748,-0.01987114007600507,0.010842816854456979,-0.005165462666666661,,341.56
54.752,-0.020391140076005062,0.010412816854456938,-0.004475462666666665,,341.56
54.756,-0.021071140076005076,0.009902816854456983,-0.0037954626666666788,,341.56
54.76,-0.02158114007600506,0.009562816854456976,-0.003115462666666665,,341.56
54.764,-0.02184114007600507,0.008962816854456986,-0.0024254626666666687,,341.56
54.768,-0.02209114007600507,0.008272816854456962,-0.0017454626666666547,,341.56
54.772,-0.02235114007600508,0.007682816854456956,-0.0010654626666666686,,341.56
54.776,-0.022441140076005058,0.007162816854456963,-0.00029546266666667566,,341.56
54.78,-0.02269114007600506,0.00674281685445696,0.000564537333333324,,341.56
54.784,-0.022781140076005065,0.006232816854456977,0.0011545373333333312,,341.56
54.788,-0.022781140076005065,0.005462816854456956,0.0011545373333333312,,341.56
54.792,-0.022781140076005065,0.00503281685445697,0.0014945373333333381,,341.56
54.796,-0.022781140076005065,0.004692816854456963,0.0021845373333333343,,341.56
54.8,-0.022781140076005065,0.004432816854456953,0.0027845373333333237,,341.56
54.804,-0.022781140076005065,0.004092816854456974,0.003374537333333331,,341.56
54.808,-0.022781140076005065,0.00341281685445696,0.003974537333333348,,341.56
54.812,-0.022781140076005065,0.0025528168544569603,0.004654537333333334,,341.56
54.816,-0.02269114007600506,0.0018728168544569742,0.005174537333333327,,341.56
54.82,-0.022521140076005055,0.001272816854456957,0.005684537333333337,,341.56
54.824,-0.022271140076005055,0.000502816854456964,0.006284537333333327,,341.56
54.828,-0.021921140076005066,-0.0003471831455430257,0.006794537333333337,,341.56
54.832,-0.02158114007600506,-0.001197183145543043,0.007394537333333327,,341.56
54.836,-0.021501140076005062,-0.0018871831455430392,0.007984537333333333,,341.56
54.84,-0.02124114007600508,-0.0024771831455430464,0.008414537333333347,,341.56
54.844,-0.02073114007600507,-0.0032471831455430393,0.00892453733333333,,341.56
54.848,-0.020301140076005055,-0.004017183145543032,0.009614537333333353,,341.56
54.852,-0.019961140076005076,-0.004877183145543032,0.010124537333333308,,341.56
54.856,-0.019281140076005062,-0.005727183145543049,0.01055453733333335,,341.56
54.86,-0.01876114007600507,-0.0060671831455430284,0.010974537333333326,,341.56
54.864,-0.018341140076005066,-0.006837183145543049,0.011404537333333312,,341.56
54.868,-0.017821140076005073,-0.007607183145543042,0.012084537333333326,,341.56
54.872,-0.017231140076005066,-0.008377183145543036,0.012514537333333312,,341.56
54.876,-0.016631140076005076,-0.009227183145543025,0.012854537333333318,,341.56
54.88,-0.015951140076005062,-0.009827183145543043,0.01328453733333336,,341.56
54.884,-0.015351140076005071,-0.010677183145543032,0.013794537333333315,,341.56
54.888,-0.014751140076005054,-0.011537183145543032,0.014224537333333356,,341.56
54.892,-0.014151140076005065,-0.012217183145543046,0.014564537333333308,,341.56
54.896,-0.013471140076005078,-0.013067183145543036,0.01499453733333335,,341.56
54.9,-0.012871140076005061,-0.013837183145543028,0.015414537333333325,,341.56
54.904,-0.012271140076005072,-0.014347183145543039,0.015764537333333342,,341.56
54.908,-0.011761140076005061,-0.014947183145543028,0.016184537333333318,,341.56
54.912,-0.011081140076005075,-0.015547183145543046,0.016524537333333325,,341.56
54.916,-0.010481140076005058,-0.01622718314554303,0.01661453733333336,,341.56
54.92,-0.009541140076005062,-0.016737183145543042,0.016784537333333308,,341.56
54.924,-0.008691140076005072,-0.01742718314554304,0.017044537333333346,,341.56
54.928,-0.008091140076005055,-0.018027183145543028,0.01721453733333335,,341.56
54.932,-0.007241140076005065,-0.018367183145543035,0.017294537333333318,,341.56
54.936,-0.006471140076005072,-0.01878718314554304,0.01746453733333332,,341.56
54.94,-0.005871140076005055,-0.019387183145543028,0.01772453733333336,,341.56
54.944,-0.005101140076005062,-0.01989718314554304,0.01780453733333333,,341.56
54.948,-0.004421140076005076,-0.020327183145543024,0.01780453733333333,,341.56
54.952,-0.0039111400760050655,-0.020837183145543035,0.017894537333333307,,341.56
54.956,-0.00348114007600508,-0.02126718314554305,0.018154537333333345,,341.56
54.96,-0.002881140076005063,-0.02152718314554303,0.018234537333333314,,341.56
54.964,-0.0022811400760050734,-0.021697183145543034,0.018234537333333314,,341.56
54.968,-0.0015211400760050627,-0.021947183145543035,0.018234537333333314,,341.56
54.972,-0.0009211400760050733,-0.02203718314554304,0.018234537333333314,,341.56
54.976,-0.00023114007600507714,-0.022297183145543024,0.017984537333333342,,341.56
54.98,0.0004488599239949368,-0.022377183145543048,0.017894537333333307,,341.56
54.984,0.0008788599239949227,-0.022467183145543027,0.017894537333333307,,341.56
54.988,0.0013888599239949332,-0.022717183145543027,0.01780453733333333,,341.56
54.992,0.002158859923994926,-0.022807183145543034,0.017554537333333356,,341.56
54.996,0.00283885992399494,-0.022807183145543034,0.01746453733333332,,341.56
55.0,0.003608859923994933,-0.022807183145543034,0.017294537333333318,,341.56
55.004,0.003858859923994933,-0.022807183145543034,0.017044537333333346,,341.56
55.008,0.004288859923994947,-0.022717183145543027,0.016874537333333342,,341.56
55.012,0.004888859923994937,-0.022547183145543024,0.016524537333333325,,341.56
55.016,0.005398859923994947,-0.022377183145543048,0.01635453733333332,,341.56
55.02,0.005828859923994933,-0.022117183145543038,0.01635453733333332,,341.56
55.024,0.0063388599239949436,-0.021867183145543038,0.016014537333333315,,341.56
55.028,0.00701885992399493,-0.02152718314554303,0.01584453733333331,,341.56
55.032,0.007538859923994922,-0.02117718314554304,0.015414537333333325,,341.56
55.036,0.00787885992399493,-0.020757183145543038,0.015244537333333322,,341.56
55.04,0.00838885992399494,-0.020327183145543024,0.014904537333333315,,341.56
55.044,0.009068859923994926,-0.019987183145543045,0.014474537333333329,,341.56
55.048,0.009588859923994946,-0.019477183145543035,0.014134537333333322,,341.56
55.052,0.010098859923994957,-0.01878718314554304,0.01388453733333335,,341.56
55.056,0.010438859923994908,-0.018367183145543035,0.013454537333333308,,341.56
55.06,0.010778859923994915,-0.018027183145543028,0.013024537333333322,,341.56
55.064,0.011208859923994957,-0.017597183145543042,0.012514537333333312,,341.56
55.068,0.011628859923994933,-0.01708718314554303,0.012084537333333326,,341.56
55.072,0.01197885992399495,-0.01631718314554304,0.011744537333333319,,341.56
55.076,0.012398859923994926,-0.01571718314554305,0.011314537333333333,,341.56
55.08,0.012828859923994912,-0.014947183145543028,0.010894537333333357,,341.56
55.084,0.013258859923994953,-0.013927183145543035,0.010384537333333346,,341.56
55.088,0.013678859923994929,-0.012727183145543029,0.009784537333333357,,341.56
55.092,0.014028859923994946,-0.011707183145543035,0.009354537333333315,,341.56
55.096,0.014448859923994922,-0.010677183145543032,0.00892453733333333,,341.56
55.1,0.014878859923994908,-0.009397183145543029,0.008334537333333322,,341.56
55.104,0.01530885992399495,-0.008117183145543026,0.007734537333333334,,341.56
55.108,0.015728859923994924,-0.006837183145543049,0.007134537333333344,,341.56
55.112,0.015988859923994906,-0.005557183145543046,0.006534537333333327,,341.56
55.116,0.01615885992399491,-0.004277183145543042,0.006024537333333344,,341.56
55.12,0.016498859923994916,-0.002997183145543039,0.005594537333333331,,341.56
55.124,0.016928859923994958,-0.0017171831455430357,0.0053445373333333305,,341.56
55.128,0.01718885992399494,-0.0010271831455430395,0.0050045373333333235,,341.56
55.132,0.01726885992399491,-0.0018871831455430392,0.004314537333333327,,341.56
55.136,0.017358859923994944,-0.003337183145543046,0.0034645373333333377,,341.56
55.14,0.017608859923994916,-0.0039371831455430354,0.0026945373333333448,,341.56
55.144,0.017868859923994954,-0.0035871831455430462,0.001924537333333324,,341.56
55.148,0.018118859923994927,-0.0029071831455430323,0.0010745373333333344,,341.56
55.152,0.018118859923994927,-0.002307183145543043,0.0003045373333333415,,341.56
55.156,0.01829885992399494,-0.0015471831455430322,-0.00029546266666667566,,341.56
55.16,0.018548859923994913,-0.0010271831455430395,-0.0010654626666666686,,341.56
55.164,0.018638859923994947,-0.00043718314554303244,-0.0020854626666666617,,341.56
55.168,0.018638859923994947,0.000162816854456957,-0.0029454626666666614,,341.56
55.172,0.018638859923994947,0.0009328168544569499,-0.0035354626666666686,,341.56
55.176,0.01888885992399492,0.001612816854456964,-0.0043054626666666615,,341.56
55.18,0.018978859923994954,0.00230281685445696,-0.004985462666666675,,341.56
55.184,0.01888885992399492,0.002982816854456974,-0.005585462666666665,,341.56
55.188,0.01880885992399495,0.00366281685445696,-0.006275462666666661,,341.56
55.192,0.018548859923994913,0.004352816854456956,-0.007035462666666672,,341.56
55.196,0.018548859923994913,0.00503281685445697,-0.007635462666666661,,341.56
55.2,0.018718859923994916,0.0057128168544569565,-0.008405462666666655,,341.56
55.204,0.01880885992399495,0.006402816854456953,-0.009175462666666676,,341.56
55.208,0.018548859923994913,0.00699281685445696,-0.009685462666666658,,341.56
55.212,0.018468859923994944,0.0075128168544569525,-0.010455462666666679,,341.56
55.216,0.018208859923994906,0.007932816854456955,-0.011135462666666665,,341.56
55.22,0.018038859923994958,0.008362816854456969,-0.011655462666666658,,341.56
55.224,0.01769885992399495,0.008702816854456976,-0.012415462666666668,,341.56
55.228,0.017528859923994947,0.009212816854456959,-0.012845462666666654,,341.56
55.232,0.01726885992399491,0.009812816854456948,-0.013355462666666665,,341.56
55.236,0.016928859923994958,0.010322816854456959,-0.014045462666666661,,341.56
55.24,0.016498859923994916,0.010752816854456945,-0.014635462666666668,,341.56
55.244,0.01615885992399491,0.011182816854456986,-0.015325462666666664,,341.56
55.248,0.015728859923994924,0.011602816854456962,-0.015745462666666668,,341.56
55.252,0.01530885992399495,0.012032816854456948,-0.016095462666666657,,341.56
55.256,0.014878859923994908,0.01246281685445699,-0.016605462666666668,,341.56
55.26,0.014448859923994922,0.01280281685445694,-0.01737546266666666,,341.56
55.264,0.014108859923994915,0.013232816854456982,-0.018055462666666675,,341.56
55.268,0.01359885992399496,0.013652816854456958,-0.018565462666666657,,341.56
55.272,0.012998859923994915,0.014082816854456944,-0.019075462666666668,,341.56
55.276,0.01248885992399496,0.014512816854456986,-0.019425462666666657,,341.56
55.28,0.011888859923994915,0.014762816854456958,-0.019505462666666654,,341.56
55.284,0.011288859923994926,0.015192816854456944,-0.019765462666666664,,341.56
55.288,0.01086885992399495,0.015532816854456951,-0.020275462666666674,,341.56
55.292,0.010518859923994933,0.01579281685445699,-0.02070546266666666,,341.56
55.296,0.010008859923994922,0.01613281685445694,-0.02095546266666666,,341.56
55.3,0.00923885992399493,0.016472816854456947,-0.021125462666666664,,341.56
55.304,0.008648859923994922,0.016562816854456982,-0.021385462666666674,,341.56
55.308,0.00787885992399493,0.01664281685445695,-0.021645462666666657,,341.56
55.312,0.0071088599239949365,0.016812816854456954,-0.021895462666666657,,341.56
55.316,0.006508859923994947,0.016982816854456958,-0.021895462666666657,,341.56
55.32,0.005828859923994933,0.01724281685445694,-0.021725462666666653,,341.56
55.324,0.005148859923994947,0.01750281685445698,-0.02146546266666667,,341.56
55.328,0.00454885992399493,0.017672816854456982,-0.02146546266666667,,341.56
55.332,0.0037788599239949364,0.017672816854456982,-0.021555462666666678,,341.56
55.336,0.0030988599239949225,0.01775281685445695,-0.02146546266666667,,341.56
55.34,0.002498859923994933,0.017672816854456982,-0.02146546266666667,,341.56
55.344,0.0016388599239949334,0.01775281685445695,-0.02121546266666667,,341.56
55.348,0.0006188599239949403,0.01775281685445695,-0.021045462666666667,,341.56
55.352,-6.114007600507365e-05,0.01775281685445695,-0.020875462666666664,,341.56
55.356,-0.0006611400760050631,0.01775281685445695,-0.020615462666666654,,341.56
55.36,-0.0015211400760050627,0.01775281685445695,-0.020275462666666674,,341.56
55.364,-0.00237114007600508,0.017672816854456982,-0.020015462666666664,,341.56
55.368,-0.003141140076005073,0.01775281685445695,-0.019765462666666664,,341.56
55.372,-0.00348114007600508,0.017582816854456947,-0.019425462666666657,,341.56
55.376,-0.0033911400760050733,0.017332816854456975,-0.019075462666666668,,341.56
55.38,-0.0033911400760050733,0.01724281685445694,-0.018655462666666664,,341.56
55.384,-0.004081140076005069,0.016982816854456958,-0.01813546266666667,,341.56
55.388,-0.005101140076005062,0.01690281685445699,-0.017715462666666668,,341.56
55.392,-0.0060411400760050585,0.016812816854456954,-0.017285462666666654,,341.56
55.396,-0.006551140076005069,0.016732816854456985,-0.016685462666666664,,341.56
55.4,-0.006131140076005065,0.016562816854456982,-0.016175462666666654,,341.56
55.404,-0.006471140076005072,0.016472816854456947,-0.01566546266666667,,341.56
55.408,-0.009291140076005061,0.01613281685445694,-0.015065462666666654,,341.56
55.412,-0.011161140076005072,0.015872816854456958,-0.014555462666666671,,341.56
55.416,-0.012271140076005072,0.015622816854456986,-0.013955462666666654,,341.56
55.42,-0.012961140076005068,0.015282816854456979,-0.013355462666666665,,341.56
55.424,-0.013731140076005061,0.01502281685445694,-0.012765462666666658,,341.56
55.428,-0.014241140076005071,0.014762816854456958,-0.012165462666666668,,341.56
55.432,-0.014581140076005078,0.014422816854456951,-0.011655462666666658,,341.56
55.436,-0.014921140076005058,0.014082816854456944,-0.010965462666666662,,341.56
55.44,-0.015431140076005068,0.013652816854456958,-0.010115462666666672,,341.56
55.444,-0.016121140076005066,0.013232816854456982,-0.009515462666666655,,341.56
55.448,-0.01680114007600508,0.01280281685445694,-0.008665462666666665,,341.56
55.452,-0.01765114007600507,0.012372816854456955,-0.007725462666666668,,341.56
55.456,-0.01825114007600506,0.012032816854456948,-0.006695462666666665,,341.56
55.46,-0.018931140076005073,0.011692816854456941,-0.005245462666666658,,341.56
55.464,-0.019451140076005066,0.011262816854456955,-0.004135462666666658,,341.56
55.468,-0.01987114007600507,0.010752816854456945,-0.0029454626666666614,,341.56
55.472,-0.020391140076005062,0.010322816854456959,-0.0014854626666666723,,341.56
55.476,-0.021071140076005076,0.009982816854456952,4.45373333333313e-05,,341.56
55.48,-0.021501140076005062,0.009562816854456976,0.0014945373333333381,,341.56
55.484,-0.021751140076005062,0.009042816854456955,0.0029545373333333272,,341.56
55.488,-0.02209114007600507,0.008452816854456976,0.004404537333333334,,341.56
55.492,-0.02235114007600508,0.007852816854456959,0.005854537333333341,,341.56
55.496,-0.02235114007600508,0.00725281685445697,0.007224537333333323,,341.56
55.5,-0.022441140076005058,0.006652816854456953,0.006114537333333323,,341.56
55.504,-0.02269114007600506,0.00588281685445696,0.002014537333333331,,341.56
55.508,-0.022781140076005065,0.005292816854456953,0.0011545373333333312,,341.56
55.512,-0.022781140076005065,0.00477281685445696,0.0014945373333333381,,341.56
55.516,-0.022781140076005065,0.004602816854456957,0.001924537333333324,,341.56
55.52,-0.02269114007600506,0.004092816854456974,0.002614537333333348,,341.56
55.524,-0.022781140076005065,0.00341281685445696,0.0032045373333333274,,341.56
55.528,-0.022781140076005065,0.0028128168544569706,0.0038945373333333236,,341.56
55.532,-0.022781140076005065,0.0021328168544569566,0.004404537333333334,,341.56
55.536,-0.02269114007600506,0.0013628168544569637,0.0050045373333333235,,341.56
55.54,-0.022521140076005055,0.0006728168544569674,0.005514537333333334,,341.56
55.544,-0.02235114007600508,0.000162816854456957,0.006024537333333344,,341.56
55.548,-0.021921140076005066,-0.00043718314554303244,0.0067045373333333306,,341.56
55.552,-0.02158114007600506,-0.001197183145543043,0.007224537333333323,,341.56
55.556,-0.021411140076005055,-0.0018871831455430392,0.007734537333333334,,341.56
55.56,-0.021151140076005073,-0.0023971831455430496,0.008414537333333347,,341.56
55.564,-0.02073114007600507,-0.0031671831455430425,0.00892453733333333,,341.56
55.568,-0.020301140076005055,-0.0039371831455430354,0.009274537333333346,,341.56
55.572,-0.019791140076005072,-0.004787183145543025,0.009784537333333357,,341.56
55.576,-0.019191140076005055,-0.005467183145543039,0.010384537333333346,,341.56
55.58,-0.018591140076005066,-0.0060671831455430284,0.010804537333333322,,341.56
55.584,-0.018081140076005055,-0.006917183145543046,0.011234537333333308,,341.56
55.588,-0.017741140076005076,-0.0077771831455430455,0.011744537333333319,,341.56
55.592,-0.017231140076005066,-0.008377183145543036,0.012344537333333308,,341.56
55.596,-0.016711140076005073,-0.008967183145543043,0.012944537333333353,,341.56
55.6,-0.016201140076005063,-0.009737183145543036,0.01328453733333336,,341.56
55.604,-0.015521140076005075,-0.010677183145543032,0.013794537333333315,,341.56
55.608,-0.014921140076005058,-0.011537183145543032,0.014224537333333356,,341.56
55.612,-0.014241140076005071,-0.012217183145543046,0.014474537333333329,,341.56
55.616,-0.013811140076005058,-0.012987183145543039,0.014904537333333315,,341.56
55.62,-0.013131140076005072,-0.013587183145543028,0.015334537333333356,,341.56
55.624,-0.012531140076005054,-0.014267183145543042,0.01584453733333331,,341.56
55.628,-0.011761140076005061,-0.014867183145543032,0.016184537333333318,,341.56
55.632,-0.011161140076005072,-0.015457183145543039,0.016274537333333353,,341.56
55.636,-0.010481140076005058,-0.01622718314554303,0.016274537333333353,,341.56
55.64,-0.009801140076005072,-0.016737183145543042,0.01661453733333336,,341.56
55.644,-0.009111140076005076,-0.017257183145543035,0.016874537333333342,,341.56
55.648,-0.008091140076005055,-0.017847183145543042,0.017044537333333346,,341.56
55.652,-0.007321140076005062,-0.018367183145543035,0.017294537333333318,,341.56
55.656,-0.0067211400760050725,-0.018877183145543045,0.017554537333333356,,341.56
55.66,-0.005871140076005055,-0.01955718314554303,0.01780453733333333,,341.56
55.664,-0.005191140076005069,-0.020067183145543042,0.01780453733333333,,341.56
55.668,-0.004851140076005062,-0.02041718314554303,0.01780453733333333,,341.56
55.672,-0.0042511400760050725,-0.020757183145543038,0.01780453733333333,,341.56
55.676,-0.0036511400760050557,-0.021007183145543038,0.01780453733333333,,341.56
55.68,-0.0030511400760050663,-0.02126718314554305,0.017894537333333307,,341.56
55.684,-0.0022811400760050734,-0.021607183145543028,0.01806453733333331,,341.56
55.688,-0.001771140076005063,-0.021867183145543038,0.017894537333333307,,341.56
55.692,-0.0010911400760050768,-0.022117183145543038,0.017894537333333307,,341.56
55.696,-0.0003211400760050561,-0.022377183145543048,0.017894537333333307,,341.56
55.7,0.0002788599239949333,-0.022467183145543027,0.017894537333333307,,341.56
55.704,0.0008788599239949227,-0.022717183145543027,0.017894537333333307,,341.56
55.708,0.00146885992399493,-0.022807183145543034,0.01780453733333333,,341.56
55.712,0.0020688599239949194,-0.022807183145543034,0.017554537333333356,,341.56
55.716,0.00257885992399493,-0.022717183145543027,0.017294537333333318,,341.56
55.72,0.0031788599239949192,-0.022807183145543034,0.017044537333333346,,341.56
55.724,0.0037788599239949364,-0.022807183145543034,0.01695453733333331,,341.56
55.728,0.004288859923994947,-0.022717183145543027,0.01669453733333333,,341.56
55.732,0.0049688599239949335,-0.022547183145543024,0.016524537333333325,,341.56
55.736,0.005488859923994926,-0.022297183145543024,0.016274537333333353,,341.56
55.74,0.00590885992399493,-0.02203718314554304,0.016184537333333318,,341.56
55.744,0.0064288599239949226,-0.021947183145543035,0.016014537333333315,,341.56
55.748,0.00701885992399493,-0.021607183145543028,0.01550453733333336,,341.56
55.752,0.0074488599239949434,-0.02126718314554305,0.015334537333333356,,341.56
55.756,0.00787885992399493,-0.02092718314554304,0.015074537333333318,,341.56
55.76,0.00838885992399494,-0.02066718314554303,0.014904537333333315,,341.56
55.764,0.00915885992399496,-0.02015718314554305,0.014564537333333308,,341.56
55.768,0.009588859923994946,-0.01955718314554303,0.014224537333333356,,341.56
55.772,0.010008859923994922,-0.01904718314554305,0.013714537333333346,,341.56
55.776,0.010438859923994908,-0.01844718314554303,0.01328453733333336,,341.56
55.78,0.010698859923994946,-0.01793718314554305,0.012854537333333318,,341.56
55.784,0.011208859923994957,-0.017507183145543035,0.012424537333333333,,341.56
55.788,0.011628859923994933,-0.01708718314554303,0.012084537333333326,,341.56
55.792,0.012148859923994953,-0.01656718314554304,0.011744537333333319,,341.56
55.796,0.012738859923994933,-0.01597718314554303,0.011404537333333312,,341.56
55.8,0.013258859923994953,-0.015377183145543042,0.010894537333333357,,341.56
55.804,0.013678859923994929,-0.014517183145543042,0.010124537333333308,,341.56
55.808,0.014108859923994915,-0.013407183145543042,0.009614537333333353,,341.56
55.812,0.014448859923994922,-0.012297183145543043,0.009184537333333312,,341.56
55.816,0.014538859923994956,-0.011367183145543028,0.008754537333333326,,341.56
55.82,0.014878859923994908,-0.010427183145543032,0.008164537333333347,,341.56
55.824,0.01530885992399495,-0.009227183145543025,0.007734537333333334,,341.56
55.828,0.015728859923994924,-0.008027183145543047,0.007134537333333344,,341.56
55.832,0.01607885992399494,-0.006837183145543049,0.006534537333333327,,341.56
55.836,0.016328859923994913,-0.0056371831455430425,0.006024537333333344,,341.56
55.84,0.01658885992399495,-0.004447183145543046,0.005514537333333334,,341.56
55.844,0.017008859923994927,-0.0032471831455430393,0.0050045373333333235,,341.56
55.848,0.017358859923994944,-0.0020571831455430427,0.004484537333333331,,341.56
55.852,0.017528859923994947,-0.002307183145543043,0.003974537333333348,,341.56
55.856,0.01777885992399492,-0.004277183145543042,0.0031245373333333307,,341.56
55.86,0.018038859923994958,-0.004277183145543042,0.002354537333333338,,341.56
55.864,0.018208859923994906,-0.0039371831455430354,0.0017545373333333206,,341.56
55.868,0.01829885992399494,-0.0031671831455430425,0.0009845373333333277,,341.56
55.872,0.01829885992399494,-0.002307183145543043,0.00013453733333333804,,341.56
55.876,0.018468859923994944,-0.0013671831455430465,-0.0006354626666666549,,341.56
55.88,0.018468859923994944,-0.0003471831455430257,-0.0014054626666666755,,341.56
55.884,0.018548859923994913,0.0004228168544569672,-0.0021754626666666685,,341.56
55.888,0.018718859923994916,0.001272816854456957,-0.003025462666666658,,341.56
55.892,0.018978859923994954,0.0022128168544569534,-0.0036254626666666753,,341.56
55.896,0.018978859923994954,0.0033228168544569532,-0.0043054626666666615,,341.56
55.9,0.018978859923994954,0.004352816854456956,-0.004905462666666679,,341.56
55.904,0.018978859923994954,0.005372816854456977,-0.005505462666666668,,341.56
55.908,0.018978859923994954,0.006402816854456953,-0.006355462666666658,,341.56
55.912,0.018978859923994954,0.007082816854456967,-0.007125462666666678,,341.56
55.916,0.01888885992399492,0.006822816854456956,-0.007635462666666661,,341.56
55.92,0.01880885992399495,0.006482816854456977,-0.008315462666666676,,341.56
55.924,0.01880885992399495,0.006652816854456953,-0.009085462666666669,,341.56
55.928,0.018548859923994913,0.006912816854456963,-0.009685462666666658,,341.56
55.932,0.018548859923994913,0.0075128168544569525,-0.010365462666666672,,341.56
55.936,0.018468859923994944,0.007932816854456955,-0.010965462666666662,,341.56
55.94,0.018208859923994906,0.008452816854456976,-0.011655462666666658,,341.56
55.944,0.018038859923994958,0.008792816854456983,-0.012245462666666665,,341.56
55.948,0.01769885992399495,0.009212816854456959,-0.012845462666666654,,341.56
55.952,0.017358859923994944,0.009902816854456983,-0.013355462666666665,,341.56
55.956,0.017008859923994927,0.010412816854456938,-0.013955462666666654,,341.56
55.96,0.01658885992399495,0.010842816854456979,-0.014555462666666671,,341.56
55.964,0.01607885992399494,0.011262816854456955,-0.015235462666666658,,341.56
55.968,0.015728859923994924,0.011522816854456937,-0.015745462666666668,,341.56
55.972,0.015478859923994953,0.012122816854456982,-0.016175462666666654,,341.56
55.976,0.014968859923994942,0.01280281685445694,-0.016685462666666664,,341.56
55.98,0.014538859923994956,0.013312816854456951,-0.01737546266666666,,341.56
55.984,0.014108859923994915,0.013652816854456958,-0.018055462666666675,,341.56
55.988,0.01359885992399496,0.014082816854456944,-0.018565462666666657,,341.56
55.992,0.012998859923994915,0.014422816854456951,-0.01899546266666667,,341.56
55.996,0.01248885992399496,0.014592816854456955,-0.019425462666666657,,341.56
56.0,0.011888859923994915,0.014942816854456972,-0.019765462666666664,,341.56
56.004,0.011208859923994957,0.015282816854456979,-0.019935462666666667,,341.56
56.008,0.010778859923994915,0.015702816854456954,-0.020275462666666674,,341.56
56.012,0.010438859923994908,0.015962816854456937,-0.02070546266666666,,341.56
56.016,0.009928859923994953,0.01613281685445694,-0.02095546266666666,,341.56
56.02,0.009328859923994908,0.01639281685445698,-0.021125462666666664,,341.56
56.024,0.008728859923994947,0.016472816854456947,-0.021385462666666674,,341.56
56.028,0.008048859923994933,0.016562816854456982,-0.021385462666666674,,341.56
56.032,0.0074488599239949434,0.016812816854456954,-0.02146546266666667,,341.56
56.036,0.006598859923994926,0.017072816854456937,-0.021645462666666657,,341.56
56.04,0.00590885992399493,0.017332816854456975,-0.021725462666666653,,341.56
56.044,0.005318859923994923,0.01750281685445698,-0.021725462666666653,,341.56
56.048,0.0046288599239949265,0.017672816854456982,-0.021725462666666653,,341.56
56.052,0.0037788599239949364,0.01775281685445695,-0.02146546266666667,,341.56
56.056,0.0030088599239949435,0.01775281685445695,-0.02146546266666667,,341.56
56.06,0.0024088599239949263,0.017672816854456982,-0.02146546266666667,,341.56
56.064,0.0016388599239949334,0.01775281685445695,-0.021385462666666674,,341.56
56.068,0.0007888599239949438,0.01775281685445695,-0.021125462666666664,,341.56
56.072,0.00018885992399492657,0.01775281685445695,-0.02095546266666666,,341.56
56.076,-0.0006611400760050631,0.01775281685445695,-0.020615462666666654,,341.56
56.08,-0.0015211400760050627,0.017672816854456982,-0.02035546266666667,,341.56
56.084,-0.00237114007600508,0.017672816854456982,-0.020275462666666674,,341.56
56.088,-0.00322114007600507,0.017672816854456982,-0.01984546266666666,,341.56
56.092,-0.0038211400760050592,0.01750281685445698,-0.019425462666666657,,341.56
56.096,-0.003991140076005062,0.017332816854456975,-0.019075462666666668,,341.56
56.1,-0.0042511400760050725,0.01724281685445694,-0.018655462666666664,,341.56
56.104,-0.004671140076005076,0.016982816854456958,-0.018225462666666678,,341.56
56.108,-0.005531140076005076,0.01690281685445699,-0.01788546266666667,,341.56
56.112,-0.0063811400760050655,0.01664281685445695,-0.017455462666666657,,341.56
56.116,-0.007151140076005058,0.01664281685445695,-0.016855462666666668,,341.56
56.12,-0.007491140076005065,0.016472816854456947,-0.016175462666666654,,341.56
56.124,-0.007071140076005062,0.016222816854456975,-0.01566546266666667,,341.56
56.128,-0.007151140076005058,0.015962816854456937,-0.01515546266666666,,341.56
56.132,-0.009971140076005075,0.015702816854456954,-0.014555462666666671,,341.56
56.136,-0.011591140076005058,0.015532816854456951,-0.014125462666666658,,341.56
56.14,-0.012871140076005061,0.015192816854456944,-0.013615462666666675,,341.56
56.144,-0.013561140076005057,0.014852816854456937,-0.013015462666666658,,341.56
56.148,-0.013901140076005064,0.014422816854456951,-0.012415462666666668,,341.56
56.152,-0.014411140076005075,0.014082816854456944,-0.011735462666666654,,341.56
56.156,-0.014751140076005054,0.013652816854456958,-0.011055462666666668,,341.56
56.16,-0.015351140076005071,0.013312816854456951,-0.010115462666666672,,341.56
56.164,-0.015951140076005062,0.013142816854456948,-0.009425462666666676,,341.56
56.168,-0.016631140076005076,0.01280281685445694,-0.008835462666666669,,341.56
56.172,-0.01740114007600507,0.01246281685445699,-0.008065462666666676,,341.56
56.176,-0.018171140076005062,0.012032816854456948,-0.006525462666666661,,341.56
56.18,-0.018681140076005073,0.011692816854456941,-0.004815462666666672,,341.56
56.184,-0.019191140076005055,0.011262816854456955,-0.003365462666666665,,341.56
56.188,-0.01987114007600507,0.010672816854456976,-0.0019154626666666582,,341.56
56.192,-0.02047114007600506,0.010072816854456986,-0.00020546266666666892,,341.56
56.196,-0.02098114007600507,0.009562816854456976,0.0015845373333333449,,341.56
56.2,-0.021151140076005073,0.00913281685445699,0.003374537333333331,,341.56
56.204,-0.021501140076005062,0.008792816854456983,0.005174537333333327,,341.56
56.208,-0.02184114007600507,0.008362816854456969,0.006964537333333341,,341.56
56.212,-0.02209114007600507,0.007592816854456977,0.008754537333333326,,341.56
56.216,-0.02235114007600508,0.006822816854456956,0.010464537333333315,,341.56
56.22,-0.022441140076005058,0.006232816854456977,0.00892453733333333,,341.56
56.224,-0.02269114007600506,0.00588281685445696,0.0032045373333333274,,341.56
56.228,-0.022781140076005065,0.005372816854456977,0.0014945373333333381,,341.56
56.232,-0.022781140076005065,0.004862816854456967,0.0015845373333333449,,341.56
56.236,-0.022781140076005065,0.00452281685445696,0.001924537333333324,,341.56
56.24,-0.022781140076005065,0.00392281685445697,0.002614537333333348,,341.56
56.244,-0.022781140076005065,0.0033228168544569532,0.0032045373333333274,,341.56
56.248,-0.022781140076005065,0.002642816854456967,0.0038045373333333446,,341.56
56.252,-0.022781140076005065,0.00204281685445695,0.004314537333333327,,341.56
56.256,-0.02269114007600506,0.0013628168544569637,0.005084537333333348,,341.56
56.26,-0.022441140076005058,0.0006728168544569674,0.005594537333333331,,341.56
56.264,-0.022271140076005055,8.281685445696025e-05,0.006194537333333348,,341.56
56.268,-0.022011140076005072,-0.0006871831455430327,0.006794537333333337,,341.56
56.272,-0.021921140076005066,-0.0014571831455430255,0.007134537333333344,,341.56
56.276,-0.02158114007600506,-0.001967183145543036,0.007644537333333327,,341.56
56.28,-0.02124114007600508,-0.0023971831455430496,0.008164537333333347,,341.56
56.284,-0.020811140076005066,-0.003077183145543036,0.008754537333333326,,341.56
56.288,-0.020391140076005062,-0.0039371831455430354,0.009184537333333312,,341.56
56.292,-0.01987114007600507,-0.004697183145543046,0.009784537333333357,,341.56
56.296,-0.019451140076005066,-0.0052971831455430355,0.010464537333333315,,341.56
56.3,-0.01911114007600506,-0.006157183145543035,0.010894537333333357,,341.56
56.304,-0.018421140076005062,-0.006917183145543046,0.011234537333333308,,341.56
56.308,-0.01791114007600508,-0.007517183145543035,0.011744537333333319,,341.56
56.312,-0.01740114007600507,-0.008117183145543026,0.01217453733333336,,341.56
56.316,-0.016711140076005073,-0.008887183145543046,0.012514537333333312,,341.56
56.32,-0.016121140076005066,-0.009737183145543036,0.013194537333333325,,341.56
56.324,-0.015521140076005075,-0.010507183145543029,0.013714537333333346,,341.56
56.328,-0.015011140076005064,-0.01127718314554305,0.014134537333333322,,341.56
56.332,-0.014241140076005071,-0.01212718314554304,0.014654537333333342,,341.56
56.336,-0.013641140076005054,-0.012727183145543029,0.015074537333333318,,341.56
56.34,-0.013131140076005072,-0.013407183145543042,0.015334537333333356,,341.56
56.344,-0.012531140076005054,-0.014097183145543039,0.01584453733333331,,341.56
56.348,-0.011761140076005061,-0.014697183145543028,0.016184537333333318,,341.56
56.352,-0.011161140076005072,-0.015377183145543042,0.016184537333333318,,341.56
56.356,-0.010481140076005058,-0.01597718314554303,0.016274537333333353,,341.56
56.36,-0.009801140076005072,-0.01656718314554304,0.01669453733333333,,341.56
56.364,-0.009111140076005076,-0.01708718314554303,0.017044537333333346,,341.56
56.368,-0.008181140076005062,-0.017507183145543035,0.01721453733333335,,341.56
56.372,-0.007581140076005072,-0.01793718314554305,0.017294537333333318,,341.56
56.376,-0.006891140076005076,-0.018537183145543038,0.01746453733333332,,341.56
56.38,-0.0060411400760050585,-0.01904718314554305,0.01772453733333336,,341.56
56.384,-0.005271140076005066,-0.01955718314554303,0.01780453733333333,,341.56
56.388,-0.004761140076005055,-0.019987183145543045,0.01780453733333333,,341.56
56.392,-0.0042511400760050725,-0.02041718314554303,0.01780453733333333,,341.56
56.396,-0.0035611400760050768,-0.020757183145543038,0.017894537333333307,,341.56
56.4,-0.002801140076005066,-0.02117718314554304,0.01806453733333331,,341.56
56.404,-0.0022811400760050734,-0.02152718314554303,0.018154537333333345,,341.56
56.408,-0.001771140076005063,-0.021697183145543034,0.01806453733333331,,341.56
56.412,-0.0010911400760050768,-0.021947183145543035,0.017894537333333307,,341.56
56.416,-0.00023114007600507714,-0.02203718314554304,0.017894537333333307,,341.56
56.42,0.0005288599239949335,-0.022377183145543048,0.017894537333333307,,341.56
56.424,0.0010488599239949262,-0.022717183145543027,0.017984537333333342,,341.56
56.428,0.00146885992399493,-0.022717183145543027,0.01780453733333333,,341.56
56.432,0.0020688599239949194,-0.02263718314554303,0.017554537333333356,,341.56
56.436,0.0026688599239949365,-0.022717183145543027,0.01746453733333332,,341.56
56.44,0.0033488599239949227,-0.02288718314554303,0.017294537333333318,,341.56
56.444,0.0037788599239949364,-0.02288718314554303,0.017044537333333346,,341.56
56.448,0.004288859923994947,-0.022717183145543027,0.01695453733333331,,341.56
56.452,0.0049688599239949335,-0.022467183145543027,0.01661453733333336,,341.56
56.456,0.005488859923994926,-0.022297183145543024,0.01635453733333332,,341.56
56.46,0.005998859923994937,-0.022117183145543038,0.016274537333333353,,341.56
56.464,0.006598859923994926,-0.02203718314554304,0.015934537333333346,,341.56
56.468,0.00701885992399493,-0.021607183145543028,0.015764537333333342,,341.56
56.472,0.0074488599239949434,-0.02126718314554305,0.015414537333333325,,341.56
56.476,0.008048859923994933,-0.021097183145543045,0.015074537333333318,,341.56
56.48,0.008728859923994947,-0.020757183145543038,0.014904537333333315,,341.56
56.484,0.00923885992399493,-0.020247183145543027,0.014564537333333308,,341.56
56.488,0.009588859923994946,-0.019647183145543038,0.014134537333333322,,341.56
56.492,0.010008859923994922,-0.019217183145543024,0.01388453733333335,,341.56
56.496,0.010438859923994908,-0.01878718314554304,0.013454537333333308,,341.56
56.5,0.010698859923994946,-0.018277183145543028,0.013024537333333322,,341.56
56.504,0.011288859923994926,-0.017507183145543035,0.012514537333333312,,341.56
56.508,0.011888859923994915,-0.01708718314554303,0.012084537333333326,,341.56
56.512,0.012398859923994926,-0.016737183145543042,0.01166453733333335,,341.56
56.516,0.012918859923994946,-0.016147183145543035,0.01114453733333333,,341.56
56.52,0.013338859923994922,-0.015207183145543039,0.01055453733333335,,341.56
56.524,0.01359885992399496,-0.014517183145543042,0.010124537333333308,,341.56
56.528,0.014108859923994915,-0.013407183145543042,0.009784537333333357,,341.56
56.532,0.014538859923994956,-0.012217183145543046,0.009354537333333315,,341.56
56.536,0.014788859923994929,-0.011187183145543043,0.00884453733333336,,341.56
56.54,0.014968859923994942,-0.01016718314554305,0.008164537333333347,,341.56
56.544,0.01530885992399495,-0.008967183145543043,0.00756453733333333,,341.56
56.548,0.015728859923994924,-0.007687183145543039,0.006874537333333334,,341.56
56.552,0.01615885992399491,-0.006407183145543035,0.006364537333333324,,341.56
56.556,0.016498859923994916,-0.005127183145543032,0.005944537333333348,,341.56
56.56,0.01658885992399495,-0.0038471831455430287,0.005514537333333334,,341.56
56.564,0.017008859923994927,-0.0025671831455430253,0.0050045373333333235,,341.56
56.568,0.017438859923994913,-0.0012871831455430497,0.004484537333333331,,341.56
56.572,0.01769885992399495,-0.001627183145543029,0.004064537333333327,,341.56
56.576,0.017868859923994954,-0.004107183145543039,0.0032045373333333274,,341.56
56.58,0.018118859923994927,-0.004277183145543042,0.0024345373333333345,,341.56
56.584,0.018118859923994927,-0.0039371831455430354,0.0017545373333333206,,341.56
56.588,0.018118859923994927,-0.0031671831455430425,0.0010745373333333344,,341.56
56.592,0.01829885992399494,-0.0023971831455430496,0.00021453733333333478,,341.56
56.596,0.018548859923994913,-0.001627183145543029,-0.0006354626666666549,,341.56
56.6,0.018548859923994913,-0.0008571831455430361,-0.0013154626666666688,,341.56
56.604,0.018548859923994913,-0.0003471831455430257,-0.002005462666666665,,341.56
56.608,0.018718859923994916,0.000162816854456957,-0.0029454626666666614,,341.56
56.612,0.01888885992399492,0.0006728168544569674,-0.003705462666666672,,341.56
56.616,0.01888885992399492,0.001272816854456957,-0.004395462666666668,,341.56
56.62,0.018978859923994954,0.0018728168544569742,-0.005075462666666654,,341.56
56.624,0.018978859923994954,0.0024728168544569636,-0.005925462666666672,,341.56
56.628,0.018978859923994954,0.003072816854456953,-0.006615462666666668,,341.56
56.632,0.01880885992399495,0.00366281685445696,-0.007205462666666675,,341.56
56.636,0.018548859923994913,0.004262816854456977,-0.007975462666666669,,341.56
56.64,0.018548859923994913,0.004862816854456967,-0.008665462666666665,,341.56
56.644,0.018548859923994913,0.005802816854456963,-0.009255462666666672,,341.56
56.648,0.018638859923994947,0.007162816854456963,-0.009945462666666668,,341.56
56.652,0.018638859923994947,0.007932816854456955,-0.010545462666666658,,341.56
56.656,0.018468859923994944,0.008532816854456973,-0.011225462666666672,,341.56
56.66,0.018208859923994906,0.008702816854456976,-0.011995462666666665,,341.56
56.664,0.018038859923994958,0.00913281685445699,-0.012505462666666675,,341.56
56.668,0.01769885992399495,0.009562816854456976,-0.013015462666666658,,341.56
56.672,0.017358859923994944,0.009902816854456983,-0.013615462666666675,,341.56
56.676,0.016928859923994958,0.010322816854456959,-0.014215462666666664,,341.56
56.68,0.016498859923994916,0.010752816854456945,-0.014895462666666678,,341.56
56.684,0.01607885992399494,0.011262816854456955,-0.015495462666666668,,341.56
56.688,0.015728859923994924,0.011862816854456944,-0.016095462666666657,,341.56
56.692,0.015388859923994918,0.012372816854456955,-0.016605462666666668,,341.56
56.696,0.014788859923994929,0.012892816854456975,-0.017285462666666654,,341.56
56.7,0.014448859923994922,0.013312816854456951,-0.017795462666666664,,341.56
56.704,0.014108859923994915,0.013652816854456958,-0.01813546266666667,,341.56
56.708,0.013678859923994929,0.014082816854456944,-0.018565462666666657,,341.56
56.712,0.01308885992399495,0.014422816854456951,-0.019075462666666668,,341.56
56.716,0.01248885992399496,0.014512816854456986,-0.019505462666666654,,341.56
56.72,0.01197885992399495,0.014852816854456937,-0.01984546266666666,,341.56
56.724,0.01137885992399496,0.015282816854456979,-0.020185462666666668,,341.56
56.728,0.010948859923994919,0.015702816854456954,-0.020445462666666678,,341.56
56.732,0.010608859923994912,0.015962816854456937,-0.02070546266666666,,341.56
56.736,0.009928859923994953,0.01613281685445694,-0.021125462666666664,,341.56
56.74,0.009328859923994908,0.01639281685445698,-0.02146546266666667,,341.56
56.744,0.008728859923994947,0.016472816854456947,-0.021555462666666678,,341.56
56.748,0.008048859923994933,0.01664281685445695,-0.021725462666666653,,341.56
56.752,0.0074488599239949434,0.016812816854456954,-0.021725462666666653,,341.56
56.756,0.006678859923994923,0.016982816854456958,-0.02181546266666666,,341.56
56.76,0.005998859923994937,0.017332816854456975,-0.02181546266666666,,341.56
56.764,0.005398859923994947,0.017412816854456944,-0.02181546266666666,,341.56
56.768,0.004718859923994933,0.017412816854456944,-0.02181546266666666,,341.56
56.772,0.004118859923994944,0.017582816854456947,-0.021895462666666657,,341.56
56.776,0.0033488599239949227,0.01775281685445695,-0.02181546266666666,,341.56
56.78,0.002498859923994933,0.01775281685445695,-0.021555462666666678,,341.56
56.784,0.0017288599239949401,0.01775281685445695,-0.021555462666666678,,341.56
56.788,0.0010488599239949262,0.01775281685445695,-0.02146546266666667,,341.56
56.792,0.00035885992399493005,0.01775281685445695,-0.02121546266666667,,341.56
56.796,-0.0005811400760050663,0.017672816854456982,-0.02095546266666666,,341.56
56.8,-0.001431140076005056,0.01775281685445695,-0.020615462666666654,,341.56
56.804,-0.0022011400760050767,0.01775281685445695,-0.020275462666666674,,341.56
56.808,-0.002801140076005066,0.017672816854456982,-0.020015462666666664,,341.56
56.812,-0.0033911400760050733,0.017412816854456944,-0.01984546266666666,,341.56
56.816,-0.0038211400760050592,0.017332816854456975,-0.019505462666666654,,341.56
56.82,-0.004081140076005069,0.01724281685445694,-0.019075462666666668,,341.56
56.824,-0.004421140076005076,0.016982816854456958,-0.018655462666666664,,341.56
56.828,-0.005101140076005062,0.01690281685445699,-0.018055462666666675,,341.56
56.832,-0.006301140076005069,0.016732816854456985,-0.017455462666666657,,341.56
56.836,-0.007071140076005062,0.016812816854456954,-0.01702546266666667,,341.56
56.84,-0.007661140076005069,0.016562816854456982,-0.01651546266666666,,341.56
56.844,-0.007921140076005079,0.016222816854456975,-0.015745462666666668,,341.56
56.848,-0.007241140076005065,0.01605281685445697,-0.015325462666666664,,341.56
56.852,-0.007661140076005069,0.01579281685445699,-0.014895462666666678,,341.56
56.856,-0.010911140076005072,0.015702816854456954,-0.014295462666666661,,341.56
56.86,-0.012361140076005079,0.015362816854456948,-0.013785462666666679,,341.56
56.864,-0.013301140076005075,0.014852816854456937,-0.013185462666666661,,341.56
56.868,-0.014071140076005068,0.014422816854456951,-0.012505462666666675,,341.56
56.872,-0.014581140076005078,0.014002816854456975,-0.011825462666666661,,341.56
56.876,-0.015011140076005064,0.01357281685445699,-0.010965462666666662,,341.56
56.88,-0.015351140076005071,0.013232816854456982,-0.010285462666666675,,341.56
56.884,-0.016201140076005063,0.01280281685445694,-0.009685462666666658,,341.56
56.888,-0.01689114007600506,0.01246281685445699,-0.009085462666666669,,341.56
56.892,-0.01740114007600507,0.012292816854456986,-0.007635462666666661,,341.56
56.896,-0.01800114007600506,0.011692816854456941,-0.005755462666666668,,341.56
56.9,-0.018591140076005066,0.011262816854456955,-0.004225462666666665,,341.56
56.904,-0.01911114007600506,0.010672816854456976,-0.0025154626666666754,,341.56
56.908,-0.01962114007600507,0.010322816854456959,-0.0006354626666666549,,341.56
56.912,-0.02013114007600508,0.009982816854456952,0.0014145373333333414,,341.56
56.916,-0.02073114007600507,0.009642816854456945,,,341.56
56.92,-0.021071140076005076,0.009212816854456959,,,341.56
56.924,-0.021501140076005062,0.008702816854456976,,,341.56
56.928,-0.021921140076005066,0.008272816854456962,,,341.56
56.932,-0.022181140076005076,0.007762816854456953,,,341.56
56.936,-0.02235114007600508,0.007082816854456967,,,341.56
56.94,-0.022441140076005058,0.006402816854456953,,,341.56
56.944,-0.02269114007600506,0.00588281685445696,,,341.56
56.948,-0.02269114007600506,0.005292816854456953,,,341.56
56.952,-0.02269114007600506,0.004692816854456963,,,341.56
56.956,-0.022781140076005065,0.004262816854456977,,,341.56
56.96,-0.022781140076005065,0.003752816854456967,,,341.56
56.964,-0.022781140076005065,0.0033228168544569532,,,341.56
56.968,-0.022781140076005065,0.0029028168544569773,,,341.56
56.972,-0.022781140076005065,0.0022128168544569534,,,341.56
56.976,-0.02269114007600506,0.0015328168544569672,,,341.56
56.98,-0.022441140076005058,0.0009328168544569499,,,341.56
56.984,-0.022271140076005055,0.000162816854456957,,,341.56
56.988,-0.022011140076005072,-0.00043718314554303244,,,341.56
56.992,-0.021921140076005066,-0.0010271831455430395,,,341.56
56.996,-0.02158114007600506,-0.001627183145543029,,,341.56
57.0,-0.021151140076005073,-0.002307183145543043,,,341.56
57.004,-0.020811140076005066,-0.003077183145543036,,,341.56
57.008,-0.020391140076005062,-0.004017183145543032,,,341.56
57.012,-0.019961140076005076,-0.004697183145543046,,,341.56
57.016,-0.019451140076005066,-0.0052971831455430355,,,341.56
57.02,-0.018851140076005076,-0.0060671831455430284,,,341.56
57.024,-0.018341140076005066,-0.006747183145543042,,,341.56
57.028,-0.017741140076005076,-0.007347183145543032,,,341.56
57.032,-0.01714114007600506,-0.008027183145543047,,,341.56
57.036,-0.016631140076005076,-0.008887183145543046,,,341.56
57.04,-0.016121140076005066,-0.009567183145543032,,,341.56
57.044,-0.015521140076005075,-0.010257183145543029,,,341.56
57.048,-0.015011140076005064,-0.011107183145543046,,,341.56
57.052,-0.014321140076005068,-0.011537183145543032,,,341.56
57.056,-0.013731140076005061,-0.012557183145543025,,,341.56
57.06,-0.013041140076005065,-0.013327183145543046,,,341.56
57.064,-0.012451140076005058,-0.013927183145543035,,,341.56
57.068,-0.011761140076005061,-0.014607183145543049,,,341.56
57.072,-0.011161140076005072,-0.015207183145543039,,,341.56
57.076,-0.010481140076005058,-0.015807183145543028,,,341.56
57.08,-0.009881140076005069,-0.016397183145543035,,,341.56
57.084,-0.009291140076005061,-0.016997183145543025,,,341.56
57.088,-0.008351140076005065,-0.017507183145543035,,,341.56
57.092,-0.007411140076005069,-0.018027183145543028,,,341.56
57.096,-0.0067211400760050725,-0.018617183145543035,,,341.56
57.1,-0.0060411400760050585,-0.019217183145543024,,,341.56
57.104,-0.005271140076005066,-0.01955718314554303,,,341.56
57.108,-0.004671140076005076,-0.01989718314554304,,,341.56
57.112,-0.003991140076005062,-0.020327183145543024,,,341.56
57.116,-0.0035611400760050768,-0.020837183145543035,,,341.56
57.12,-0.0030511400760050663,-0.02126718314554305,,,341.56
57.124,-0.00237114007600508,-0.02152718314554303,,,341.56
57.128,-0.001771140076005063,-0.021697183145543034,,,341.56
57.132,-0.0010911400760050768,-0.021947183145543035,,,341.56
57.136,-0.00041114007600506286,-0.02203718314554304,,,341.56
57.14,0.00018885992399492657,-0.022297183145543024,,,341.56
57.144,0.0008788599239949227,-0.022297183145543024,,,341.56
57.148,0.00146885992399493,-0.022467183145543027,,,341.56
57.152,0.002158859923994926,-0.022717183145543027,,,341.56
57.156,0.002498859923994933,-0.022807183145543034,,,341.56
57.16,0.0030988599239949225,-0.022717183145543027,,,341.56
57.164,0.0036888599239949297,-0.022547183145543024,,,341.56
57.168,0.004208859923994923,-0.022807183145543034,,,341.56
57.172,0.004718859923994933,-0.022717183145543027,,,341.56
57.176,0.005318859923994923,-0.022467183145543027,,,341.56
57.18,0.005828859923994933,-0.022377183145543048,,,341.56
57.184,0.0064288599239949226,-0.02203718314554304,,,341.56
57.188,0.00701885992399493,-0.021697183145543034,,,341.56
57.192,0.0074488599239949434,-0.021437183145543024,,,341.56
57.196,0.007958859923994926,-0.021007183145543038,,,341.56
57.2,0.00838885992399494,-0.020497183145543028,,,341.56
57.204,0.008898859923994923,-0.019987183145543045,,,341.56
57.208,0.009498859923994912,-0.01955718314554303,,,341.56
57.212,0.009928859923994953,-0.019137183145543028,,,341.56
57.216,0.01034885992399493,-0.01870718314554304,,,341.56
57.22,0.01086885992399495,-0.018277183145543028,,,341.56
57.224,0.011288859923994926,-0.017847183145543042,,,341.56
57.228,0.011628859923994933,-0.01733718314554303,,,341.56
57.232,0.01197885992399495,-0.016737183145543042,,,341.56
57.236,0.012398859923994926,-0.01622718314554303,,,341.56
57.24,0.012828859923994912,-0.015457183145543039,,,341.56
57.244,0.013168859923994919,-0.014517183145543042,,,341.56
57.248,0.01359885992399496,-0.013407183145543042,,,341.56
57.252,0.014028859923994946,-0.012297183145543043,,,341.56
57.256,0.014448859923994922,-0.011367183145543028,,,341.56
57.26,0.014878859923994908,-0.010427183145543032,,,341.56
57.264,0.015218859923994915,-0.009227183145543025,,,341.56
57.268,0.015648859923994955,-0.008027183145543047,,,341.56
57.272,0.015988859923994906,-0.006837183145543049,,,341.56
57.276,0.016248859923994944,-0.0056371831455430425,,,341.56
57.28,0.01658885992399495,-0.004697183145543046,,,341.56
57.284,0.016928859923994958,-0.004107183145543039,,,341.56
57.288,0.01718885992399494,-0.004107183145543039,,,341.56
57.292,0.017438859923994913,-0.004787183145543025,,,341.56
57.296,0.01777885992399492,-0.005047183145543035,,,341.56
57.3,0.01777885992399492,-0.004617183145543049,,,341.56
57.304,0.01777885992399492,-0.004017183145543032,,,341.56
57.308,0.018038859923994958,-0.003337183145543046,,,341.56
57.312,0.018118859923994927,-0.0023971831455430496,,,341.56
57.316,0.018208859923994906,-0.0015471831455430322,,,341.56
57.32,0.018468859923994944,-0.0007771831455430394,,,341.56
57.324,0.018468859923994944,-7.183145543046489e-06,,,341.56
57.328,0.018638859923994947,0.0009328168544569499,,,341.56
57.332,0.01888885992399492,0.0018728168544569742,,,341.56
57.336,0.018978859923994954,0.0028128168544569706,,,341.56
57.34,0.018978859923994954,0.003752816854456967,,,341.56
57.344,0.018978859923994954,0.004692816854456963,,,341.56
57.348,0.018978859923994954,0.00563281685445696,,,341.56
57.352,0.018978859923994954,0.006572816854456956,,,341.56
57.356,0.01880885992399495,0.0075128168544569525,,,341.56
57.36,0.018548859923994913,0.008272816854456962,,,341.56
57.364,0.018548859923994913,0.008702816854456976,,,341.56
57.368,0.018638859923994947,0.008622816854456952,,,341.56
57.372,0.018638859923994947,0.008532816854456973,,,341.56
57.376,0.018468859923994944,0.008532816854456973,,,341.56
57.38,0.018208859923994906,0.008792816854456983,,,341.56
57.384,0.018118859923994927,0.009302816854456938,,,341.56
57.388,0.017868859923994954,0.009812816854456948,,,341.56
57.392,0.01769885992399495,0.009982816854456952,,,341.56
57.396,0.017358859923994944,0.010322816854456959,,,341.56
57.4,0.016928859923994958,0.010752816854456945,,,341.56
57.404,0.016498859923994916,0.011262816854456955,,,341.56
57.408,0.01607885992399494,0.011862816854456944,,,341.56
57.412,0.015648859923994955,0.012372816854456955,,,341.56
57.416,0.01530885992399495,0.012892816854456975,,,341.56
57.42,0.014968859923994942,0.013312816854456951,,,341.56
57.424,0.014538859923994956,0.01357281685445699,,,341.56
57.428,0.013938859923994911,0.014002816854456975,,,341.56
57.432,0.013338859923994922,0.014342816854456982,,,341.56
57.436,0.012918859923994946,0.014592816854456955,,,341.56
57.44,0.012398859923994926,0.014942816854456972,,,341.56
57.444,0.011808859923994946,0.015282816854456979,,,341.56
57.448,0.011208859923994957,0.015702816854456954,,,341.56
57.452,0.010518859923994933,0.015962816854456937,,,341.56
57.456,0.010178859923994926,0.01613281685445694,,,341.56
57.46,0.009588859923994946,0.01639281685445698,,,341.56
57.464,0.008988859923994957,0.016562816854456982,,,341.56
57.468,0.008298859923994933,0.016812816854456954,,,341.56
57.472,0.007618859923994947,0.01690281685445699,,,341.56
57.476,0.00701885992399493,0.016982816854456958,,,341.56
57.48,0.0064288599239949226,0.017332816854456975,,,341.56
57.484,0.005828859923994933,0.017332816854456975,,,341.56
57.488,0.0049688599239949335,0.017412816854456944,,,341.56
57.492,0.004208859923994923,0.017672816854456982,,,341.56
57.496,0.003608859923994933,0.01775281685445695,,,341.56
57.5,0.0030088599239949435,0.01775281685445695,,,341.56
57.504,0.002238859923994923,0.017672816854456982,,,341.56
57.508,0.0012988599239949264,0.017672816854456982,,,341.56
57.512,0.000698859923994937,0.01775281685445695,,,341.56
57.516,1.8859923994923086e-05,0.01775281685445695,,,341.56
57.52,-0.0009211400760050733,0.01775281685445695,,,341.56
57.524,-0.001771140076005063,0.017672816854456982,,,341.56
57.528,-0.0026311400760050626,0.01775281685445695,,,341.56
57.532,-0.00348114007600508,0.017672816854456982,,,341.56
57.536,-0.004161140076005066,0.017412816854456944,,,341.56
57.54,-0.0042511400760050725,0.01724281685445694,,,341.56
57.544,-0.004331140076005069,0.016982816854456958,,,341.56
57.548,-0.005021140076005065,0.01690281685445699,,,341.56
57.552,-0.005961140076005062,0.01664281685445695,,,341.56
57.556,-0.007071140076005062,0.016472816854456947,,,341.56
57.56,-0.008001140076005076,0.016222816854456975,,,341.56
57.564,-0.008771140076005069,0.01613281685445694,,,341.56
57.568,-0.008691140076005072,0.01605281685445697,,,341.56
57.572,-0.008601140076005065,0.01579281685445699,,,341.56
57.576,-0.010141140076005079,0.015702816854456954,,,341.56
57.58,-0.012021140076005072,0.015282816854456979,,,341.56
57.584,-0.013301140076005075,0.014762816854456958,,,341.56
57.588,-0.014151140076005065,0.014512816854456986,,,341.56
57.592,-0.014581140076005078,0.014342816854456982,,,341.56
57.596,-0.015011140076005064,0.014002816854456975,,,341.56
57.6,-0.015601140076005071,0.013652816854456958,,,341.56
57.604,-0.016201140076005063,0.013232816854456982,,,341.56
57.608,-0.016711140076005073,0.012892816854456975,,,341.56
57.612,-0.017311140076005063,0.01246281685445699,,,341.56
57.616,-0.017821140076005073,0.012032816854456948,,,341.56
57.62,-0.018421140076005062,0.011602816854456962,,,341.56
57.624,-0.01911114007600506,0.011182816854456986,,,341.56
57.628,-0.019531140076005062,0.010842816854456979,,,341.56
57.632,-0.01987114007600507,0.010492816854456962,,,341.56
57.636,-0.020391140076005062,0.010072816854456986,,,341.56
57.64,-0.021071140076005076,0.009562816854456976,,,341.56
57.644,-0.02158114007600506,0.009042816854456955,,,341.56
57.648,-0.02184114007600507,0.008452816854456976,,,341.56
57.652,-0.02209114007600507,0.007932816854456955,,,341.56
57.656,-0.02235114007600508,0.0075128168544569525,,,341.56
57.66,-0.022521140076005055,0.006822816854456956,,,341.56
57.664,-0.022781140076005065,0.005972816854456967,,,341.56
57.668,-0.022781140076005065,0.005372816854456977,,,341.56
57.672,-0.022781140076005065,0.004862816854456967,,,341.56
57.676,-0.022781140076005065,0.004352816854456956,,,341.56
57.68,-0.022781140076005065,0.004182816854456953,,,341.56
57.684,-0.022781140076005065,0.003752816854456967,,,341.56
57.688,-0.022781140076005065,0.0031528168544569498,,,341.56
57.692,-0.02269114007600506,0.0025528168544569603,,,341.56
57.696,-0.02269114007600506,0.0017028168544569707,,,341.56
57.7,-0.022521140076005055,0.0011028168544569535,,,341.56
57.704,-0.02235114007600508,0.0007628168544569742,,,341.56
57.708,-0.022181140076005076,0.000162816854456957,,,341.56
57.712,-0.021921140076005066,-0.0006871831455430327,,,341.56
57.716,-0.02158114007600506,-0.0013671831455430465,,,341.56
57.72,-0.021151140076005073,-0.001967183145543036,,,341.56
57.724,-0.02073114007600507,-0.002737183145543029,,,341.56
57.728,-0.020301140076005055,-0.0035871831455430462,,,341.56
57.732,-0.019961140076005076,-0.004447183145543046,,,341.56
57.736,-0.019531140076005062,-0.005127183145543032,,,341.56
57.74,-0.01911114007600506,-0.005727183145543049,,,341.56
57.744,-0.018591140076005066,-0.006497183145543042,,,341.56
57.748,-0.01800114007600506,-0.007267183145543035,,,341.56
57.752,-0.017571140076005073,-0.00794718314554305,,,341.56
57.756,-0.017061140076005062,-0.00854718314554304,,,341.56
57.76,-0.01629114007600507,-0.009317183145543032,,,341.56
57.764,-0.01578114007600506,-0.01016718314554305,,,341.56
57.768,-0.015181140076005068,-0.011107183145543046,,,341.56
57.772,-0.014581140076005078,-0.011787183145543032,,,341.56
57.776,-0.013901140076005064,-0.012557183145543025,,,341.56
57.78,-0.013301140076005075,-0.013157183145543042,,,341.56
57.784,-0.012701140076005058,-0.013927183145543035,,,341.56
57.788,-0.012101140076005068,-0.014517183145543042,,,341.56
57.792,-0.011421140076005054,-0.015117183145543032,,,341.56
57.796,-0.010821140076005065,-0.01571718314554305,,,341.56
57.8,-0.009971140076005075,-0.01631718314554304,,,341.56
57.804,-0.009291140076005061,-0.016997183145543025,,,341.56
57.808,-0.008691140076005072,-0.017507183145543035,,,341.56
57.812,-0.007831140076005072,-0.018107183145543024,,,341.56
57.816,-0.007241140076005065,-0.01870718314554304,,,341.56
57.82,-0.006471140076005072,-0.019137183145543028,,,341.56
57.824,-0.005701140076005079,-0.019647183145543038,,,341.56
57.828,-0.004931140076005059,-0.020067183145543042,,,341.56
57.832,-0.0045911400760050795,-0.020327183145543024,,,341.56
57.836,-0.0039111400760050655,-0.020757183145543038,,,341.56
57.84,-0.0033111400760050765,-0.02117718314554304,,,341.56
57.844,-0.002801140076005066,-0.021607183145543028,,,341.56
57.848,-0.0022011400760050767,-0.021867183145543038,,,341.56
57.852,-0.001431140076005056,-0.02203718314554304,,,341.56
57.856,-0.0006611400760050631,-0.022297183145543024,,,341.56
57.86,-6.114007600507365e-05,-0.022467183145543027,,,341.56
57.864,0.0005288599239949335,-0.022717183145543027,,,341.56
57.868,0.0010488599239949262,-0.02288718314554303,,,341.56
57.872,0.0016388599239949334,-0.02314718314554304,,,341.56
57.876,0.002238859923994923,-0.02314718314554304,,,341.56
57.88,0.0029288599239949468,-0.02314718314554304,,,341.56
57.884,0.0034388599239949295,-0.023057183145543034,,,341.56
57.888,0.00394885992399494,-0.02288718314554303,,,341.56
57.892,0.00454885992399493,-0.02288718314554303,,,341.56
57.896,0.0049688599239949335,-0.022727183145543037,,,341.56
57.9,0.005388859923994937,-0.02238718314554303,,,341.56
57.904,0.005988859923994927,-0.022127183145543048,,,341.56
57.908,0.0066688599239949405,-0.021867183145543038,,,341.56
57.912,0.007188859923994933,-0.02152718314554303,,,341.56
57.916,0.00752885992399494,-0.021187183145543024,,,341.56
57.92,0.008038859923994923,-0.020937183145543024,,,341.56
57.924,0.00863885992399494,-0.020587183145543034,,,341.56
57.928,0.009068859923994926,-0.019997183145543027,,,341.56
57.932,0.009488859923994957,-0.019477183145543035,,,341.56
57.936,0.010008859923994922,-0.01879718314554305,,,341.56
57.94,0.010428859923994954,-0.018287183145543038,,,341.56
57.944,0.011118859923994922,-0.01794718314554303,,,341.56
57.948,0.011628859923994933,-0.017517183145543045,,,341.56
57.952,0.01196885992399494,-0.017007183145543035,,,341.56
57.956,0.012398859923994926,-0.016407183145543045,,,341.56
57.96,0.012818859923994957,-0.01572718314554303,,,341.56
57.964,0.013248859923994943,-0.014867183145543032,,,341.56
57.968,0.013678859923994929,-0.014017183145543042,,,341.56
57.972,0.014018859923994936,-0.012737183145543039,,,341.56
57.976,0.014448859923994922,-0.011797183145543042,,,341.56
57.98,0.014868859923994953,-0.010857183145543046,,,341.56
57.984,0.01529885992399494,-0.00965718314554304,,,341.56
57.988,0.015638859923994945,-0.008467183145543043,,,341.56
57.992,0.015808859923994948,-0.007187183145543038,,,341.56
57.996,0.016148859923994955,-0.005987183145543032,,,341.56
58.0,0.01657885992399494,-0.004797183145543035,,,341.56
58.004,0.016838859923994923,-0.0035971831455430285,,,341.56
58.008,0.017008859923994927,-0.002407183145543032,,,341.56
58.012,0.017348859923994934,-0.0024871831455430286,,,341.56
58.016,0.01768885992399494,-0.004457183145543028,,,341.56
58.02,0.01777885992399492,-0.004537183145543025,,,341.56
58.024,0.017858859923994944,-0.0038571831455430387,,,341.56
58.028,0.018118859923994927,-0.0031671831455430425,,,341.56
58.032,0.01819885992399495,-0.002407183145543032,,,341.56
58.036,0.018458859923994934,-0.0018071831455430424,,,341.56
58.04,0.018538859923994958,-0.0012071831455430252,,,341.56
58.044,0.018628859923994937,-0.00043718314554303244,,,341.56
58.048,0.01888885992399492,0.0003328168544569605,,,341.56
58.052,0.018968859923994944,0.0010928168544569712,,,341.56
58.056,0.018968859923994944,0.0018628168544569642,,,341.56
58.06,0.018968859923994944,0.002632816854456957,,,341.56
58.064,0.018968859923994944,0.00340281685445695,,,341.56
58.068,0.01888885992399492,0.004172816854456971,,,341.56
58.072,0.018968859923994944,0.004942816854456964,,,341.56
58.076,0.018968859923994944,0.0057128168544569565,,,341.56
58.08,0.018968859923994944,0.006472816854456967,,,341.56
58.084,0.01888885992399492,0.00724281685445696,,,341.56
58.088,0.018708859923994906,0.007672816854456974,,,341.56
58.092,0.01879885992399494,0.0077528168544569705,,,341.56
58.096,0.018538859923994958,0.008352816854456959,,,341.56
58.1,0.018458859923994934,0.008782816854456973,,,341.56
58.104,0.01819885992399495,0.009212816854456959,,,341.56
58.108,0.018118859923994927,0.009552816854456966,,,341.56
58.112,0.01777885992399492,0.009892816854456973,,,341.56
58.116,0.01742885992399496,0.010322816854456959,,,341.56
58.12,0.017258859923994955,0.010912816854456938,,,341.56
58.124,0.016918859923994948,0.011512816854456983,,,341.56
58.128,0.016488859923994906,0.012022816854456938,,,341.56
58.132,0.016148859923994955,0.01245281685445698,,,341.55
58.136,0.015638859923994945,0.012792816854456986,,,341.55
58.14,0.014958859923994932,0.013222816854456972,,,341.55
58.144,0.014448859923994922,0.013652816854456958,,,341.55
58.148,0.014018859923994936,0.01407281685445699,,,341.55
58.152,0.01358885992399495,0.014502816854456976,,,341.55
58.156,0.01307885992399494,0.014842816854456983,,,341.55
58.16,0.01247885992399495,0.015102816854456965,,,341.55
58.164,0.01196885992399494,0.015352816854456938,,,341.55
58.168,0.01136885992399495,0.015702816854456954,,,341.55
58.172,0.01076885992399496,0.015952816854456982,,,341.55
58.176,0.010008859923994922,0.016212816854456965,,,341.55
58.18,0.009408859923994933,0.016552816854456972,,,341.55
58.184,0.008888859923994913,0.016812816854456954,,,341.55
58.188,0.008548859923994933,0.016982816854456958,,,341.55
58.192,0.007868859923994947,0.017232816854456986,,,341.55
58.196,0.007188859923994933,0.017232816854456986,,,341.55
58.2,0.006588859923994944,0.017322816854456965,,,341.55
58.204,0.00590885992399493,0.01749281685445697,,,341.55
58.208,0.005218859923994934,0.01775281685445695,,,341.55
58.212,0.0046288599239949265,0.01775281685445695,,,341.55
58.216,0.0037688599239949264,0.01775281685445695,,,341.55
58.22,0.0029988599239949335,0.01800281685445698,,,341.55
58.224,0.0023188599239949196,0.018092816854456958,,,341.55
58.228,0.0017188599239949301,0.018092816854456958,,,341.55
58.232,0.0008688599239949405,0.018092816854456958,,,341.55
58.236,-7.11400760050559e-05,0.018092816854456958,,,341.55
58.24,-0.00101114007600508,0.018092816854456958,,,341.55
58.244,-0.001781140076005073,0.01800281685445698,,,341.55
58.248,-0.0023811400760050624,0.017832816854456975,,,341.55
58.252,-0.00323114007600508,0.017832816854456975,,,341.55
58.256,-0.004001140076005072,0.017662816854456972,,,341.55
58.26,-0.004601140076005062,0.01740281685445699,,,341.55
58.264,-0.004851140076005062,0.01740281685445699,,,341.55
58.268,-0.005281140076005076,0.017232816854456986,,,341.55
58.272,-0.006221140076005072,0.016812816854456954,,,341.55
58.276,-0.007161140076005068,0.016552816854456972,,,341.55
58.28,-0.007931140076005061,0.01638281685445697,,,341.55
58.284,-0.008441140076005072,0.016122816854456986,,,341.55
58.288,-0.008871140076005058,0.016122816854456986,,,341.55
58.292,-0.009291140076005061,0.01604281685445696,,,341.55
58.296,-0.010231140076005058,0.015702816854456954,,,341.55
58.3,-0.011431140076005064,0.015352816854456938,,,341.55
58.304,-0.012621140076005061,0.01518281685445699,,,341.55
58.308,-0.013731140076005061,0.014842816854456983,,,341.55
58.312,-0.014421140076005057,0.014422816854456951,,,341.55
58.316,-0.014761140076005064,0.01407281685445699,,,341.55
58.32,-0.015271140076005075,0.013652816854456958,,,341.55
58.324,-0.01578114007600506,0.013222816854456972,,,341.55
58.328,-0.01629114007600507,0.012792816854456986,,,341.55
58.332,-0.01689114007600506,0.012372816854456955,,,341.55
58.336,-0.01775114007600506,0.012022816854456938,,,341.55
58.34,-0.018341140076005066,0.011682816854456986,,,341.55
58.344,-0.01886114007600506,0.011262816854456955,,,341.55
58.348,-0.019451140076005066,0.01074281685445699,,,341.55
58.352,-0.01988114007600508,0.010322816854456959,,,341.55
58.356,-0.020391140076005062,0.009982816854456952,,,341.55
58.36,-0.021081140076005058,0.009552816854456966,,,341.55
58.364,-0.021501140076005062,0.00912281685445698,,,341.55
58.368,-0.021671140076005065,0.00861281685445697,,,341.55
58.372,-0.022021140076005054,0.008012816854456952,,,341.55
58.376,-0.022271140076005055,0.007582816854456967,,,341.55
58.38,-0.022441140076005058,0.007162816854456963,,,341.55
58.384,-0.02270114007600507,0.00639281685445697,,,341.55
58.388,-0.022781140076005065,0.005532816854456971,,,341.55
58.392,-0.022781140076005065,0.00502281685445696,,,341.55
58.396,-0.022781140076005065,0.00451281685445695,,,341.55
58.4,-0.022781140076005065,0.004002816854456967,,,341.55
58.404,-0.022781140076005065,0.003742816854456957,,,341.55
58.408,-0.022781140076005065,0.003312816854456971,,,341.55
58.412,-0.022781140076005065,0.0025528168544569603,,,341.55
58.416,-0.022781140076005065,0.0017828168544569674,,,341.55
58.42,-0.02270114007600507,0.0011828168544569502,,,341.55
58.424,-0.022531140076005065,0.000502816854456964,,,341.55
58.428,-0.022271140076005055,-0.00018718314554303222,,,341.55
58.432,-0.021931140076005076,-0.0006971831455430427,,,341.55
58.436,-0.021671140076005065,-0.0012071831455430252,,,341.55
58.44,-0.02159114007600507,-0.001977183145543046,,,341.55
58.444,-0.02125114007600506,-0.0028271831455430356,,,341.55
58.448,-0.020821140076005076,-0.003427183145543025,,,341.55
58.452,-0.020311140076005065,-0.004027183145543042,,,341.55
58.456,-0.019801140076005055,-0.004797183145543035,,,341.55
58.46,-0.01937114007600507,-0.005647183145543025,,,341.55
58.464,-0.018601140076005076,-0.006497183145543042,,,341.55
58.468,-0.01826114007600507,-0.007187183145543038,,,341.55
58.472,-0.017831140076005055,-0.007787183145543028,,,341.55
58.476,-0.017231140076005066,-0.00854718314554304,,,341.55
58.48,-0.016721140076005055,-0.009317183145543032,,,341.55
58.484,-0.016121140076005066,-0.010087183145543025,,,341.55
58.488,-0.015441140076005078,-0.010937183145543043,,,341.55
58.492,-0.014931140076005068,-0.011707183145543035,,,341.55
58.496,-0.014331140076005078,-0.012307183145543025,,,341.55
58.5,-0.013731140076005061,-0.012987183145543039,,,341.55
58.504,-0.013051140076005075,-0.013677183145543035,,,341.55
58.508,-0.012541140076005064,-0.014277183145543024,,,341.55
58.512,-0.011941140076005075,-0.014867183145543032,,,341.55
58.516,-0.011341140076005058,-0.015467183145543049,,,341.55
58.52,-0.010491140076005068,-0.016147183145543035,,,341.55
58.524,-0.009801140076005072,-0.016667183145543028,,,341.55
58.528,-0.009121140076005058,-0.017177183145543038,,,341.55
58.532,-0.008271140076005068,-0.017777183145543028,,,341.55
58.536,-0.007581140076005072,-0.018287183145543038,,,341.55
58.54,-0.006731140076005055,-0.018887183145543027,,,341.55
58.544,-0.0060511400760050685,-0.01956718314554304,,,341.55
58.548,-0.005541140076005058,-0.020077183145543024,,,341.55
58.552,-0.004941140076005069,-0.02041718314554303,,,341.55
58.556,-0.004431140076005058,-0.020757183145543038,,,341.55
58.56,-0.0038311400760050692,-0.021017183145543048,,,341.55
58.564,-0.003141140076005073,-0.021187183145543024,,,341.55
58.568,-0.0023811400760050624,-0.02152718314554303,,,341.55
58.572,-0.001781140076005073,-0.021867183145543038,,,341.55
58.576,-0.001101140076005059,-0.022127183145543048,,,341.55
58.58,-0.0005811400760050663,-0.022467183145543027,,,341.55
58.584,8.85992399494084e-06,-0.022727183145543037,,,341.55
58.588,0.0006088599239949303,-0.022807183145543034,,,341.55
58.592,0.0012988599239949264,-0.022807183145543034,,,341.55
58.596,0.0018888599239949336,-0.022807183145543034,,,341.55
58.6,0.002488859923994923,-0.022807183145543034,,,341.55
58.604,0.0029988599239949335,-0.022807183145543034,,,341.55
58.608,0.003598859923994923,-0.022727183145543037,,,341.55
58.612,0.0041988599239949406,-0.022557183145543034,,,341.55
58.616,0.004708859923994923,-0.022467183145543027,,,341.55
58.62,0.005218859923994934,-0.022297183145543024,,,341.55
58.624,0.005818859923994923,-0.021957183145543045,,,341.55
58.628,0.006248859923994937,-0.021697183145543034,,,341.55
58.632,0.006848859923994926,-0.02152718314554303,,,341.55
58.636,0.0074388599239949334,-0.02127718314554303,,,341.55
58.64,0.007868859923994947,-0.02067718314554304,,,341.55
58.644,0.008298859923994933,-0.019997183145543027,,,341.55
58.648,0.008888859923994913,-0.019477183145543035,,,341.55
58.652,0.009488859923994957,-0.019137183145543028,,,341.55
58.656,0.009918859923994943,-0.01879718314554305,,,341.55
58.66,0.01034885992399493,-0.018367183145543035,,,341.55
58.664,0.01076885992399496,-0.01794718314554303,,,341.55
58.668,0.011198859923994947,-0.01742718314554304,,,341.55
58.672,0.011708859923994957,-0.016747183145543024,,,341.55
58.676,0.012308859923994947,-0.01623718314554304,,,341.55
58.68,0.012738859923994933,-0.015637183145543024,,,341.55
58.684,0.013248859923994943,-0.014787183145543035,,,341.55
58.688,0.013678859923994929,-0.014187183145543045,,,341.55
58.692,0.014018859923994936,-0.013417183145543025,,,341.55
58.696,0.014448859923994922,-0.01213718314554305,,,341.55
58.7,0.014868859923994953,-0.010257183145543029,,,341.55
58.704,0.01520885992399496,-0.00880718314554305,,,341.55
58.708,0.015468859923994943,-0.007187183145543038,,,341.55
58.712,0.015808859923994948,-0.005387183145543042,,,341.55
58.716,0.016148859923994955,-0.003427183145543025,,,341.55
58.72,0.016488859923994906,-0.0014671831455430355,,,341.55
58.724,0.016918859923994948,0.0004128168544569572,,,341.55
58.728,0.017258859923994955,0.00229281685445695,,,341.55
58.732,0.017518859923994937,0.004082816854456964,,,341.55
58.736,0.017858859923994944,0.0030628168544569708,,,341.55
58.74,0.018118859923994927,-0.0018071831455430424,,,341.55
58.744,0.01819885992399495,-0.0031671831455430425,,,341.55
58.748,0.01819885992399495,-0.0031671831455430425,,,341.55
58.752,0.01828885992399493,-0.0029171831455430423,,,341.55
58.756,0.018458859923994934,-0.0021471831455430494,,,341.55
58.76,0.018628859923994937,-0.0015471831455430322,,,341.55
58.764,0.01888885992399492,-0.0009471831455430429,,,341.55
58.768,0.018968859923994944,-0.00026718314554302896,,,341.55
58.772,0.018968859923994944,0.0004128168544569572,,,341.55
58.776,0.019058859923994923,0.0011828168544569502,,,341.55
58.78,0.01930885992399495,0.0018628168544569642,,,341.55
58.784,0.019478859923994955,0.0025528168544569603,,,341.55
58.788,0.019478859923994955,0.0032328168544569743,,,341.55
58.792,0.01930885992399495,0.00391281685445696,,,341.55
58.796,0.019058859923994923,0.004602816854456957,,,341.55
58.8,0.019058859923994923,0.0052828168544569705,,,341.55
58.804,0.018968859923994944,0.005962816854456957,,,341.55
58.808,0.01879885992399494,0.006732816854456977,,,341.55
58.812,0.018708859923994906,0.0074128168544569635,,,341.55
58.816,0.018708859923994906,0.007932816854456955,,,341.55
58.82,0.018458859923994934,0.00861281685445697,,,341.55
58.824,0.018458859923994934,0.009042816854456955,,,341.55
58.828,0.01819885992399495,0.009292816854456983,,,341.55
58.832,0.018118859923994927,0.009892816854456973,,,341.55
58.836,0.01777885992399492,0.010322816854456959,,,341.55
58.84,0.01742885992399496,0.010832816854456969,,,341.55
58.844,0.016918859923994948,0.01134281685445698,,,341.55
58.848,0.016488859923994906,0.011942816854456969,,,341.55
58.852,0.016148859923994955,0.012372816854456955,,,341.55
58.856,0.015728859923994924,0.012882816854456965,,,341.55
58.86,0.01529885992399494,0.013312816854456951,,,341.55
58.864,0.014868859923994953,0.013652816854456958,,,341.55
58.868,0.014358859923994943,0.01407281685445699,,,341.55
58.872,0.013758859923994953,0.014422816854456951,,,341.55
58.876,0.013338859923994922,0.014592816854456955,,,341.55
58.88,0.012738859923994933,0.014842816854456983,,,341.55
58.884,0.012138859923994943,0.015272816854456969,,,341.55
58.888,0.011538859923994954,0.015702816854456954,,,341.55
58.892,0.01085885992399494,0.015952816854456982,,,341.55
58.896,0.01025885992399495,0.016212816854456965,,,341.55
58.9,0.00974885992399494,0.016552816854456972,,,341.55
58.904,0.009318859923994954,0.016812816854456954,,,341.55
58.908,0.008718859923994937,0.01689281685445698,,,341.55
58.912,0.007958859923994926,0.016982816854456958,,,341.55
58.916,0.007358859923994937,0.017232816854456986,,,341.55
58.92,0.0066688599239949405,0.01740281685445699,,,341.55
58.924,0.005988859923994927,0.01749281685445697,,,341.55
58.928,0.005388859923994937,0.017662816854456972,,,341.55
58.932,0.0046288599239949265,0.01775281685445695,,,341.55
58.936,0.003858859923994933,0.01800281685445698,,,341.55
58.94,0.0032588599239949437,0.018092816854456958,,,341.55
58.944,0.00257885992399493,0.018092816854456958,,,341.55
58.948,0.0018088599239949369,0.018092816854456958,,,341.55
58.952,0.001038859923994944,0.018092816854456958,,,341.55
58.956,0.00018885992399492657,0.018092816854456958,,,341.55
58.96,-0.0003311400760050661,0.018092816854456958,,,341.55
58.964,-0.0011811400760050558,0.018092816854456958,,,341.55
58.968,-0.0022911400760050557,0.01800281685445698,,,341.55
58.972,-0.003141140076005073,0.017832816854456975,,,341.55
58.976,-0.004001140076005072,0.017832816854456975,,,341.55
58.98,-0.004511140076005055,0.017662816854456972,,,341.55
58.984,-0.004771140076005065,0.01740281685445699,,,341.55
58.988,-0.005111140076005072,0.01715281685445696,,,341.55
58.992,-0.005711140076005062,0.01689281685445698,,,341.55
58.996,-0.006471140076005072,0.016812816854456954,,,341.55
59.0,-0.007241140076005065,0.016552816854456972,,,341.55
59.004,-0.007931140076005061,0.016462816854456937,,,341.55
59.008,-0.008271140076005068,0.016122816854456986,,,341.55
59.012,-0.008691140076005072,0.015702816854456954,,,341.55
59.016,-0.009981140076005058,0.015442816854456972,,,341.55
59.02,-0.011341140076005058,0.015352816854456938,,,341.55
59.024,-0.012451140076005058,0.015012816854456986,,,341.55
59.028,-0.013221140076005078,0.014842816854456983,,,341.55
59.032,-0.013731140076005061,0.014502816854456976,,,341.55
59.036,-0.014421140076005057,0.013992816854456965,,,341.55
59.04,-0.014761140076005064,0.013652816854456958,,,341.55
59.044,-0.015271140076005075,0.01356281685445698,,,341.55
59.048,-0.015871140076005066,0.013222816854456972,,,341.55
59.052,-0.01664114007600506,0.012882816854456965,,,341.55
59.056,-0.017321140076005073,0.01245281685445698,,,341.55
59.06,-0.018091140076005065,0.011942816854456969,,,341.55
59.064,-0.018601140076005076,0.01134281685445698,,,341.55
59.068,-0.019201140076005065,0.010832816854456969,,,341.55
59.072,-0.01988114007600508,0.010322816854456959,,,341.55
59.076,-0.02048114007600507,0.009982816854456952,,,341.55
59.08,-0.02099114007600508,0.009552816854456966,,,341.55
59.084,-0.02133114007600506,0.00912281685445698,,,341.55
59.088,-0.021671140076005065,0.008692816854456966,,,341.55
59.092,-0.021931140076005076,0.008182816854456956,,,341.55
59.096,-0.022021140076005054,0.007582816854456967,,,341.55
59.1,-0.022271140076005055,0.007072816854456957,,,341.55
59.104,-0.022531140076005065,0.006562816854456974,,,341.55
59.108,-0.022781140076005065,0.005962816854456957,,,341.55
59.112,-0.022781140076005065,0.005362816854456967,,,341.55
59.116,-0.02270114007600507,0.004602816854456957,,,341.55
59.12,-0.02270114007600507,0.0038328168544569637,,,341.55
59.124,-0.02270114007600507,0.003312816854456971,,,341.55
59.128,-0.022781140076005065,0.002972816854456964,,,341.55
59.132,-0.022781140076005065,0.0024628168544569536,,,341.55
59.136,-0.022781140076005065,0.0018628168544569642,,,341.55
59.14,-0.02270114007600507,0.001272816854456957,,,341.55
59.144,-0.022531140076005065,0.0006628168544569574,,,341.55
59.148,-0.02236114007600506,6.2816854456968e-05,,,341.55
59.152,-0.02211114007600506,-0.0007871831455430494,,,341.55
59.156,-0.021941140076005058,-0.0014671831455430355,,,341.55
59.16,-0.02159114007600507,-0.001987183145543028,,,341.55
59.164,-0.02125114007600506,-0.0024971831455430386,,,341.55
59.168,-0.02074114007600508,-0.0032671831455430315,,,341.55
59.172,-0.02014114007600506,-0.004037183145543024,,,341.55
59.176,-0.019551140076005055,-0.004717183145543038,,,341.55
59.18,-0.019201140076005065,-0.005317183145543028,,,341.55
59.184,-0.019031140076005062,-0.006167183145543045,,,341.55
59.188,-0.018611140076005058,-0.006937183145543038,,,341.55
59.192,-0.01801114007600507,-0.0075371831455430275,,,341.55
59.196,-0.017581140076005055,-0.008127183145543036,,,341.55
59.2,-0.017071140076005072,-0.008897183145543028,,,341.55
59.204,-0.01639114007600506,-0.00966718314554305,,,341.55
59.208,-0.01579114007600507,-0.010267183145543039,,,341.55
59.212,-0.015111140076005053,-0.011287183145543032,,,341.55
59.216,-0.014511140076005064,-0.012057183145543025,,,341.55
59.22,-0.013911140076005074,-0.012657183145543042,,,341.55
59.224,-0.013311140076005057,-0.013257183145543031,,,341.55
59.228,-0.012541140076005064,-0.013847183145543038,,,341.55
59.232,-0.012031140076005054,-0.014537183145543035,,,341.55
59.236,-0.011431140076005064,-0.015137183145543024,,,341.55
59.24,-0.010841140076005057,-0.01572718314554303,,,341.55
59.244,-0.010071140076005064,-0.01632718314554305,,,341.55
59.248,-0.009381140076005068,-0.017007183145543035,,,341.55
59.252,-0.008791140076005061,-0.017527183145543027,,,341.55
59.256,-0.008101140076005065,-0.017867183145543034,,,341.55
59.26,-0.007251140076005075,-0.018377183145543045,,,341.55
59.264,-0.006401140076005058,-0.019147183145543038,,,341.55
59.268,-0.005631140076005065,-0.019577183145543024,,,341.55
59.272,-0.005121140076005054,-0.01991718314554303,,,341.55
59.276,-0.0046911400760050685,-0.020337183145543034,,,341.55
59.28,-0.0038311400760050692,-0.020857183145543027,,,341.55
59.284,-0.0031511400760050553,-0.021197183145543034,,,341.55
59.288,-0.0026411400760050726,-0.02127718314554303,,,341.55
59.292,-0.0020411400760050554,-0.021617183145543038,,,341.55
59.296,-0.001441140076005066,-0.021877183145543048,,,341.55
59.3,-0.0006811400760050553,-0.022047183145543024,,,341.55
59.304,-8.11400760050659e-05,-0.022307183145543034,,,341.55
59.308,0.0005188599239949235,-0.022307183145543034,,,341.55
59.312,,-0.022477183145543037,,,341.55
59.316,,-0.022727183145543037,,,341.55
59.32,,-0.022817183145543044,,,341.55
59.324,,-0.022817183145543044,,,341.55
59.328,,-0.022817183145543044,,,341.55
59.332,,-0.022727183145543037,,,341.55
59.336,,-0.022477183145543037,,,341.55
59.34,,-0.022307183145543034,,,341.55
59.344,,-0.022217183145543027,,,341.55
59.348,,-0.022047183145543024,,,341.55
59.352,,-0.021617183145543038,,,341.55
59.356,,-0.02127718314554303,,,341.55
59.36,,-0.021107183145543027,,,341.55
59.364,,-0.020687183145543023,,,341.55
59.368,,-0.020087183145543034,,,341.55
59.372,,-0.019657183145543048,,,341.55
59.376,,-0.019227183145543034,,,341.55
59.38,,-0.018637183145543027,,,341.55
59.384,,-0.018037183145543038,,,341.55
59.388,,-0.017527183145543027,,,341.55
59.392,,-0.01709718314554304,,,341.55
59.396,,-0.016667183145543028,,,341.55
59.4,,-0.016157183145543045,,,341.55
59.404,,-0.015477183145543031,,,341.55
59.408,,-0.014537183145543035,,,341.55
59.412,,-0.013507183145543031,,,341.55
59.416,,-0.012657183145543042,,,341.55
59.42,,-0.011807183145543024,,,341.55
59.424,,-0.010947183145543025,,,341.55
59.428,,-0.009837183145543025,,,341.55
59.432,,-0.00855718314554305,,,341.55
59.436,,-0.0075371831455430275,,,341.55
59.44,,-0.006427183145543028,,,341.55
59.444,,-0.005147183145543024,,,341.55
59.448,,-0.003687183145543035,,,341.55
59.452,,-0.0022371831455430284,,,341.55
59.456,,-0.0022371831455430284,,,341.55
59.46,,-0.004117183145543049,,,341.55
59.464,,-0.004117183145543049,,,341.55
59.468,,-0.0036071831455430385,,,341.55
59.472,,-0.003007183145543049,,,341.55
59.476,,-0.002327183145543035,,,341.55
59.48,,-0.0015571831455430422,,,341.55
59.484,,-0.0008771831455430284,,,341.55
59.488,,-0.00027718314554303896,,,341.55
59.492,,0.0003228168544569505,,,341.55
59.496,,,,,341.55
59.5,,,,,341.55
59.504,,,,,341.55
59.508,,,,,341.55
59.512,,,,,341.55
59.516,,,,,341.55
59.52,,,,,341.55
59.524,,,,,341.55
59.528,,,,,341.55
59.532,,,,,341.55
59.536,,,,,341.55
59.54,,,,,341.55
59.544,,,,,341.55
59.548,,,,,341.55
59.552,,,,,341.55
59.556,,,,,341.55
59.56,,,,,341.55
59.564,,,,,341.55
59.568,,,,,341.55
59.572,,,,,341.55
59.576,,,,,341.55
59.58,,,,,341.55
59.584,,,,,341.55
59.588,,,,,341.55
59.592,,,,,341.55
59.596,,,,,341.55
59.6,,,,,341.55
59.604,,,,,341.55
59.608,,,,,341.55
59.612,,,,,341.55
59.616,,,,,341.55
59.62,,,,,341.55
59.624,,,,,341.55
59.628,,,,,341.55
59.632,,,,,341.55
59.636,,,,,341.55
59.64,,,,,341.55
59.644,,,,,341.55
59.648,,,,,341.55
59.652,,,,,341.55
59.656,,,,,341.55
59.66,,,,,341.55
59.664,,,,,341.55
59.668,,,,,341.55
59.672,,,,,341.55
59.676,,,,,341.55
59.68,,,,,341.55
59.684,,,,,341.55
59.688,,,,,341.55
59.692,,,,,341.55
59.696,,,,,341.55
59.7,,,,,341.55
59.704,,,,,341.55
59.708,,,,,341.55
59.712,,,,,341.55
59.716,,,,,341.55
59.72,,,,,341.55
59.724,,,,,341.55
59.728,,,,,341.55
59.732,,,,,341.55
59.736,,,,,341.55
59.74,,,,,341.55
59.744,,,,,341.55
59.748,,,,,341.55
59.752,,,,,341.55
59.756,,,,,341.55
59.76,,,,,341.55
59.764,,,,,341.55
59.768,,,,,341.55
59.772,,,,,341.55
59.776,,,,,341.55
59.78,,,,,341.55
59.784,,,,,341.55
59.788,,,,,341.55
59.792,,,,,341.55
59.796,,,,,341.55
59.8,,,,,341.55
59.804,,,,,341.55
59.808,,,,,341.55
59.812,,,,,341.55
59.816,,,,,341.55
59.82,,,,,341.55
59.824,,,,,341.55
59.828,,,,,341.55
59.832,,,,,341.55
59.836,,,,,341.55
59.84,,,,,341.55
59.844,,,,,341.55
59.848,,,,,341.55
59.852,,,,,341.55
59.856,,,,,341.55
59.86,,,,,341.55
59.864,,,,,341.55
59.868,,,,,341.55
59.872,,,,,341.55
59.876,,,,,341.55
59.88,,,,,341.55
59.884,,,,,341.55
59.888,,,,,341.55
59.892,,,,,341.55
59.896,,,,,341.55
59.9,,,,,341.55
59.904,,,,,341.55
59.908,,,,,341.55
59.912,,,,,341.55
59.916,,,,,341.55
59.92,,,,,341.55
59.924,,,,,341.55
59.928,,,,,341.55
59.932,,,,,341.55
59.936,,,,,341.55
59.94,,,,,341.55
59.944,,,,,341.55
59.948,,,,,341.55
59.952,,,,,341.55
59.956,,,,,341.55
59.96,,,,,341.55
59.964,,,,,341.55
59.968,,,,,341.55
59.972,,,,,341.55
59.976,,,,,341.55
59.98,,,,,341.55
59.984,,,,,341.55
59.988,,,,,341.55
59.992,,,,,341.55
59.996,,,,,341.55
