time,P_0,P_1,P_2,P_3,sound_speed
0.0,,,,,341.74
0.004,,,,,341.74
0.008,,,,,341.74
0.012,,,,,341.74
0.016,,,,,341.74
0.02,,,,,341.74
0.024,,,,,341.74
0.028,,,,,341.74
0.032,,,,,341.74
0.036,,,,,341.74
0.04,,,,,341.74
0.044,,,,,341.74
0.048,,,,,341.74
0.052,,,,,341.74
0.056,,,,,341.74
0.06,,,,,341.74
0.064,,,,,341.74
0.068,,,,,341.74
0.072,,,,,341.74
0.076,,,,,341.74
0.08,,,,,341.74
0.084,,,,,341.74
0.088,,,,,341.74
0.092,,,,,341.74
0.096,,,,,341.74
0.1,,,,,341.74
0.104,,,,,341.74
0.108,,,,,341.74
0.112,,,,,341.74
0.116,,,,,341.74
0.12,,,,,341.74
0.124,,,,,341.74
0.128,,,,,341.74
0.132,,,,,341.74
0.136,,,,,341.74
0.14,,,,,341.74
0.144,,,,,341.74
0.148,,,,,341.74
0.152,,,,,341.74
0.156,,,,,341.74
0.16,,,,,341.74
0.164,,,,,341.74
0.168,,,,,341.74
0.172,,,,,341.74
0.176,,,,,341.74
0.18,,,,,341.74
0.184,,,,,341.74
0.188,,,,,341.74
0.192,,,,,341.74
0.196,,,,,341.74
0.2,,,,,341.74
0.204,,,,,341.74
0.208,,,,,341.74
0.212,,,,,341.74
0.216,,,,,341.74
0.22,,,,,341.74
0.224,,,,,341.74
0.228,,,,,341.74
0.232,,,,,341.74
0.236,,,,,341.74
0.24,,,,,341.74
0.244,,,,,341.74
0.248,,,,,341.74
0.252,,,,,341.74
0.256,,,,,341.74
0.26,,,,,341.74
0.264,,,,,341.74
0.268,,,,,341.74
0.272,,,,,341.74
0.276,,,,,341.74
0.28,,,,,341.74
0.284,,,,,341.74
0.288,,,,,341.74
0.292,,,,,341.74
0.296,,,,,341.74
0.3,,,,,341.74
0.304,,,,,341.74
0.308,,,,,341.74
0.312,,,,,341.74
0.316,,,,,341.74
0.32,,,,,341.74
0.324,,,,,341.74
0.328,,,,,341.74
0.332,,,,,341.74
0.336,,,,,341.74
0.34,,,,,341.74
0.344,,,,,341.74
0.348,,,,,341.74
0.352,,,,,341.74
0.356,,,,,341.74
0.36,,,,,341.74
0.364,,,,,341.74
0.368,,,,,341.74
0.372,,,,,341.74
0.376,,,,,341.74
0.38,,,,,341.74
0.384,,,,,341.74
0.388,,,,,341.74
0.392,,,,,341.74
0.396,,,,,341.74
0.4,,,,,341.74
0.404,,,,,341.74
0.408,,,,,341.74
0.412,,,,,341.74
0.416,,,,,341.74
0.42,,,,,341.74
0.424,,,,,341.74
0.428,,,,,341.74
0.432,,,,,341.74
0.436,,,,,341.74
0.44,,,,,341.74
0.444,,,,,341.74
0.448,,,,,341.74
0.452,,,,,341.74
0.456,,,,,341.74
0.46,,,,,341.74
0.464,,,,,341.74
0.468,,,,,341.74
0.472,,,,,341.74
0.476,,,,,341.74
0.48,,,,,341.74
0.484,,,,,341.74
0.488,,,,,341.74
0.492,,,,,341.74
0.496,,,,,341.74
0.5,,,,,341.74
0.504,,,,,341.74
0.508,,,,,341.74
0.512,,,,,341.74
0.516,,,,,341.74
0.52,,,,,341.74
0.524,,,,,341.74
0.528,,,,,341.74
0.532,,,,,341.74
0.536,,,,,341.74
0.54,,,,,341.74
0.544,,,,,341.74
0.548,,,,,341.74
0.552,,,,,341.74
0.556,,,,,341.74
0.56,,,,,341.74
0.564,,,,,341.74
0.568,,,,,341.74
0.572,,,,,341.74
0.576,,,,,341.74
0.58,,,,,341.74
0.584,,,,,341.74
0.588,,,,,341.74
0.592,,,,,341.74
0.596,,,,,341.74
0.6,,,,,341.74
0.604,,,,,341.74
0.608,,,,,341.74
0.612,,,,,341.74
0.616,,,,,341.74
0.62,,,,,341.74
0.624,,,,,341.74
0.628,,,,,341.74
0.632,,,,,341.74
0.636,,,,,341.74
0.64,,,,,341.74
0.644,,,,,341.74
0.648,,,,,341.74
0.652,,,,,341.74
0.656,,,,,341.74
0.66,,,,,341.74
0.664,,,,,341.74
0.668,,,,,341.74
0.672,,,,,341.74
0.676,,,,,341.74
0.68,,,,,341.74
0.684,,,,,341.74
0.688,,,,,341.74
0.692,,,,,341.74
0.696,,,,,341.74
0.7,,,,,341.74
0.704,,,,,341.74
0.708,,,,,341.74
0.712,,,,,341.74
0.716,,,,,341.74
0.72,,,,,341.74
0.724,,,,,341.74
0.728,,,,,341.74
0.732,,,,,341.74
0.736,,,,,341.74
0.74,,,,,341.74
0.744,,,,,341.74
0.748,,,,,341.74
0.752,,,,,341.74
0.756,,,,,341.74
0.76,,,,,341.74
0.764,,,,,341.74
0.768,,,,,341.74
0.772,,,,,341.74
0.776,,,,,341.74
0.78,,,,,341.75
0.784,,,,,341.75
0.788,,,,,341.75
0.792,,,,,341.75
0.796,,,,,341.75
0.8,,,,,341.75
0.804,,,,,341.75
0.808,,,,,341.75
0.812,,,,,341.75
0.816,,,,,341.75
0.82,,,,,341.75
0.824,,,,,341.75
0.828,,,,,341.75
0.832,,,,,341.75
0.836,,,,,341.75
0.84,,,,,341.75
0.844,,,,,341.75
0.848,,,,,341.75
0.852,,,,,341.75
0.856,,,,,341.75
0.86,,,,,341.75
0.864,,,,,341.75
0.868,,,,,341.75
0.872,,,,,341.75
0.876,,,,,341.75
0.88,,,,,341.75
0.884,,,,,341.75
0.888,,,,,341.75
0.892,,,,,341.75
0.896,,,,,341.75
0.9,,,,,341.75
0.904,,,,,341.75
0.908,,,,,341.75
0.912,,,,,341.75
0.916,,,,,341.75
0.92,,,,,341.75
0.924,,,,,341.75
0.928,,,,,341.75
0.932,,,,,341.75
0.936,,,,,341.75
0.94,,,,,341.75
0.944,,,,,341.75
0.948,,,,,341.75
0.952,,,,,341.75
0.956,,,,,341.75
0.96,,,,,341.75
0.964,,,,,341.75
0.968,,,,,341.75
0.972,,,,,341.75
0.976,,,,,341.75
0.98,,,,,341.75
0.984,,,,,341.75
0.988,,,,,341.75
0.992,,,,,341.75
0.996,,,,,341.75
1.0,,,,,341.75
1.004,,,,,341.75
1.008,,,,,341.75
1.012,,,,,341.75
1.016,,,,,341.75
1.02,,,,,341.75
1.024,,,,,341.75
1.028,,,,,341.75
1.032,,,,,341.75
1.036,,,,,341.75
1.04,,,,,341.75
1.044,,,,,341.75
1.048,,,,,341.75
1.052,,,,,341.75
1.056,,,,,341.75
1.06,,,,,341.75
1.064,,,,,341.75
1.068,,,,,341.75
1.072,,,,,341.75
1.076,,,,,341.75
1.08,,,,,341.75
1.084,,,,,341.75
1.088,,,,,341.75
1.092,,,,,341.75
1.096,,,,,341.75
1.1,,,,,341.75
1.104,,,,,341.75
1.108,,,,,341.75
1.112,,,,,341.75
1.116,,,,,341.75
1.12,,,,,341.75
1.124,,,,,341.75
1.128,,,,,341.75
1.132,,,,,341.75
1.136,,,,,341.75
1.14,,,,,341.75
1.144,,,,,341.75
1.148,,,,,341.75
1.152,,,,,341.75
1.156,,,,,341.75
1.16,,,,,341.75
1.164,,,,,341.75
1.168,,,,,341.75
1.172,,,,,341.75
1.176,,,,,341.75
1.18,,,,,341.75
1.184,,,,,341.75
1.188,,,,,341.75
1.192,,,,,341.75
1.196,,,,,341.75
1.2,,,,,341.75
1.204,,,,,341.75
1.208,,,,,341.75
1.212,,,,,341.75
1.216,,,,,341.75
1.22,,,,,341.75
1.224,,,,,341.75
1.228,,,,,341.75
1.232,,,,,341.75
1.236,,,,,341.75
1.24,,,,,341.75
1.244,,,,,341.75
1.248,,,,,341.75
1.252,,,,,341.75
1.256,,,,,341.75
1.26,,,,,341.75
1.264,,,,,341.75
1.268,,,,,341.75
1.272,,,,,341.75
1.276,,,,,341.75
1.28,,,,,341.75
1.284,,,,,341.75
1.288,,,,,341.75
1.292,,,,,341.75
1.296,,,,,341.75
1.3,,,,,341.75
1.304,,,,,341.75
1.308,,,,,341.75
1.312,,,,,341.75
1.316,,,,,341.75
1.32,,,,,341.75
1.324,,,,,341.75
1.328,,,,,341.75
1.332,,,,,341.75
1.336,,,,,341.75
1.34,,,,,341.75
1.344,,,,,341.75
1.348,,,,,341.75
1.352,,,,,341.75
1.356,,,,,341.75
1.36,,,,,341.75
1.364,,,,,341.75
1.368,,,,,341.75
1.372,,,,,341.75
1.376,,,,,341.75
1.38,,,,,341.75
1.384,,,,,341.75
1.388,,,,,341.75
1.392,,,,,341.75
1.396,,,,,341.75
1.4,,,,,341.75
1.404,,,,,341.75
1.408,,,,,341.75
1.412,,,,,341.75
1.416,,,,,341.75
1.42,,,,,341.75
1.424,,,,,341.75
1.428,,,,,341.75
1.432,,,,,341.75
1.436,,,,,341.75
1.44,,,,,341.75
1.444,,,,,341.75
1.448,,,,,341.75
1.452,,,,,341.75
1.456,,,,,341.75
1.46,,,,,341.75
1.464,,,,,341.75
1.468,,,,,341.75
1.472,,,,,341.75
1.476,,,,,341.75
1.48,,,,,341.75
1.484,,,,,341.75
1.488,,,,,341.75
1.492,,,,,341.75
1.496,,,,,341.75
1.5,,,,,341.75
1.504,,,,,341.75
1.508,,,,,341.75
1.512,,,,,341.75
1.516,,,,,341.75
1.52,,,,,341.75
1.524,,,,,341.75
1.528,,,,,341.75
1.532,,,,,341.75
1.536,,,,,341.75
1.54,,,,,341.75
1.544,,,,,341.75
1.548,,,,,341.75
1.552,,,,,341.75
1.556,,,,,341.75
1.56,,,,,341.75
1.564,,,,,341.75
1.568,,,,,341.75
1.572,,,,,341.75
1.576,,,,,341.75
1.58,,,,,341.75
1.584,,,,,341.75
1.588,,,,,341.75
1.592,,,,,341.75
1.596,,,,,341.75
1.6,,,,,341.75
1.604,,,,,341.75
1.608,,,,,341.75
1.612,,,,,341.75
1.616,,,,,341.75
1.62,,,,,341.75
1.624,,,,,341.75
1.628,,,,,341.75
1.632,,,,,341.75
1.636,,,,,341.75
1.64,,,,,341.75
1.644,,,,,341.75
1.648,,,,,341.75
1.652,,,,,341.75
1.656,,,,,341.75
1.66,,,,,341.75
1.664,,,,,341.75
1.668,,,,,341.75
1.672,,,,,341.75
1.676,,,,,341.75
1.68,,,,,341.75
1.684,,,,,341.75
1.688,,,,,341.75
1.692,,,,,341.75
1.696,,,,,341.75
1.7,,,,,341.75
1.704,,,,,341.75
1.708,,,,,341.75
1.712,,,,,341.75
1.716,,,,,341.75
1.72,,,,,341.75
1.724,,,,,341.75
1.728,,,,,341.75
1.732,,,,,341.75
1.736,,,,,341.75
1.74,,,,,341.75
1.744,,,,,341.75
1.748,,,,,341.75
1.752,,,,,341.75
1.756,,,,,341.75
1.76,,,,,341.75
1.764,,,,,341.75
1.768,,,,,341.75
1.772,,,,,341.75
1.776,,,,,341.75
1.78,,,,,341.75
1.784,,,,,341.75
1.788,,,,,341.75
1.792,,,,,341.75
1.796,,,,,341.75
1.8,,,,,341.75
1.804,,,,,341.75
1.808,,,,,341.75
1.812,,,,,341.75
1.816,,,,,341.75
1.82,,,,,341.75
1.824,,,,,341.75
1.828,,,,,341.75
1.832,,,,,341.75
1.836,,,,,341.75
1.84,,,,,341.75
1.844,,,,,341.75
1.848,,,,,341.75
1.852,,,,,341.75
1.856,,,,,341.75
1.86,,,,,341.75
1.864,,,,,341.75
1.868,,,,,341.75
1.872,,,,,341.75
1.876,,,,,341.75
1.88,,,,,341.75
1.884,,,,,341.75
1.888,,,,,341.75
1.892,,,,,341.75
1.896,,,,,341.75
1.9,,,,,341.75
1.904,,,,,341.75
1.908,,,,,341.75
1.912,,,,,341.75
1.916,,,,,341.75
1.92,,,,,341.75
1.924,,,,,341.75
1.928,,,,,341.75
1.932,,,,,341.75
1.936,,,,,341.75
1.94,,,,,341.75
1.944,,,,,341.75
1.948,,,,,341.75
1.952,,,,,341.75
1.956,,,,,341.75
1.96,,,,,341.75
1.964,,,,,341.75
1.968,,,,,341.75
1.972,,,,,341.75
1.976,,,,,341.75
1.98,,,,,341.75
1.984,,,,,341.75
1.988,,,,,341.75
1.992,,,,,341.75
1.996,,,,,341.75
2.0,,,,,341.75
2.004,,,,,341.75
2.008,,,,,341.75
2.012,,,,,341.75
2.016,,,,,341.75
2.02,,,,,341.75
2.024,,,,,341.75
2.028,,,,,341.75
2.032,,,,,341.75
2.036,,,,,341.75
2.04,,,,,341.75
2.044,,,,,341.75
2.048,,,,,341.75
2.052,,,,,341.75
2.056,,,,,341.75
2.06,,,,,341.75
2.064,,,,,341.75
2.068,,,,,341.75
2.072,,,,,341.75
2.076,,,,,341.75
2.08,,,,,341.75
2.084,,,,,341.75
2.088,,,,,341.75
2.092,,,,,341.75
2.096,,,,,341.75
2.1,,,,,341.75
2.104,,,,,341.75
2.108,,,,,341.75
2.112,,,,,341.75
2.116,,,,,341.75
2.12,,,,,341.75
2.124,,,,,341.75
2.128,,,,,341.75
2.132,,,,,341.75
2.136,,,,,341.75
2.14,,,,,341.75
2.144,,,,,341.75
2.148,,,,,341.75
2.152,,,,,341.75
2.156,,,,,341.75
2.16,,,,,341.75
2.164,,,,,341.75
2.168,,,,,341.75
2.172,,,,,341.75
2.176,,,,,341.75
2.18,,,,,341.75
2.184,,,,,341.75
2.188,,,,,341.75
2.192,,,,,341.75
2.196,,,,,341.75
2.2,,,,,341.75
2.204,,,,,341.75
2.208,,,,,341.75
2.212,,,,,341.75
2.216,,,,,341.75
2.22,,,,,341.75
2.224,,,,,341.75
2.228,,,,,341.75
2.232,,,,,341.75
2.236,,,,,341.75
2.24,,,,,341.75
2.244,,,,,341.75
2.248,,,,,341.75
2.252,,,,,341.75
2.256,,,,,341.75
2.26,,,,,341.75
2.264,,,,,341.75
2.268,,,,,341.75
2.272,,,,,341.75
2.276,,,,,341.75
2.28,,,,,341.75
2.284,,,,,341.75
2.288,,,,,341.75
2.292,,,,,341.75
2.296,,,,,341.75
2.3,,,,,341.75
2.304,,,,,341.75
2.308,,,,,341.75
2.312,,,,,341.75
2.316,,,,,341.75
2.32,,,,,341.75
2.324,,,,,341.75
2.328,,,,,341.75
2.332,,,,,341.75
2.336,,,,,341.75
2.34,,,,,341.75
2.344,,,,,341.75
2.348,,,,,341.75
2.352,,,,,341.75
2.356,,,,,341.75
2.36,,,,,341.75
2.364,,,,,341.75
2.368,,,,,341.75
2.372,,,,,341.75
2.376,,,,,341.75
2.38,,,,,341.75
2.384,,,,,341.75
2.388,,,,,341.75
2.392,,,,,341.75
2.396,,,,,341.75
2.4,,,,,341.75
2.404,,,,,341.75
2.408,,,,,341.75
2.412,,,,,341.75
2.416,,,,,341.75
2.42,,,,,341.75
2.424,,,,,341.75
2.428,,,,,341.75
2.432,,,,,341.75
2.436,,,,,341.75
2.44,,,,,341.75
2.444,,,,,341.75
2.448,,,,,341.75
2.452,,,,,341.75
2.456,,,,,341.75
2.46,,,,,341.75
2.464,,,,,341.75
2.468,,,,,341.75
2.472,,,,,341.75
2.476,,,,,341.75
2.48,,,,,341.75
2.484,,,,,341.75
2.488,,,,,341.75
2.492,,,,,341.75
2.496,,,,,341.75
2.5,,,,,341.75
2.504,,,,,341.75
2.508,,,,,341.75
2.512,,,,,341.75
2.516,,,,,341.75
2.52,,,,,341.75
2.524,,,,,341.75
2.528,,,,,341.75
2.532,,,,,341.75
2.536,,,,,341.75
2.54,,,,,341.75
2.544,,,,,341.75
2.548,,,,,341.75
2.552,,,,,341.75
2.556,,,,,341.75
2.56,,,,,341.75
2.564,,,,,341.75
2.568,,,,,341.75
2.572,,,,,341.75
2.576,,,,,341.75
2.58,,,,,341.75
2.584,,,,,341.75
2.588,,,,,341.75
2.592,,,,,341.75
2.596,,,,,341.75
2.6,,,,,341.75
2.604,,,,,341.75
2.608,,,,,341.75
2.612,,,,,341.75
2.616,,,,,341.75
2.62,,,,,341.75
2.624,,,,,341.75
2.628,,,,,341.75
2.632,,,,,341.75
2.636,,,,,341.75
2.64,,,,,341.75
2.644,,,,,341.75
2.648,,,,,341.75
2.652,,,,,341.75
2.656,,,,,341.75
2.66,,,,,341.75
2.664,,,,,341.75
2.668,,,,,341.75
2.672,,,,,341.75
2.676,,,,,341.75
2.68,,,,,341.75
2.684,,,,,341.75
2.688,,,,,341.75
2.692,,,,,341.75
2.696,,,,,341.75
2.7,,,,,341.75
2.704,,,,,341.75
2.708,,,,,341.75
2.712,,,,,341.75
2.716,,,,,341.75
2.72,,,,,341.75
2.724,,,,,341.75
2.728,,,,,341.75
2.732,,,,,341.75
2.736,,,,,341.75
2.74,,,,,341.75
2.744,,,,,341.75
2.748,,,,,341.75
2.752,,,,,341.75
2.756,,,,,341.75
2.76,,,,,341.75
2.764,,,,,341.75
2.768,,,,,341.75
2.772,,,,,341.75
2.776,,,,,341.75
2.78,,,,,341.76
2.784,,,,,341.76
2.788,,,,,341.76
2.792,,,,,341.76
2.796,,,,,341.76
2.8,,,,,341.76
2.804,,,,,341.76
2.808,,,,,341.76
2.812,,,,,341.76
2.816,,,,,341.76
2.82,,,,,341.76
2.824,,,,,341.76
2.828,,,,,341.76
2.832,,,,,341.76
2.836,,,,,341.76
2.84,,,,,341.76
2.844,,,,,341.76
2.848,,,,,341.76
2.852,,,,,341.76
2.856,,,,,341.76
2.86,,,,,341.76
2.864,,,,,341.76
2.868,,,,,341.76
2.872,,,,,341.76
2.876,,,,,341.76
2.88,,,,,341.76
2.884,,,,,341.76
2.888,,,,,341.76
2.892,,,,,341.76
2.896,,,,,341.76
2.9,,,,,341.76
2.904,,,,,341.76
2.908,,,,,341.76
2.912,,,,,341.76
2.916,,,,,341.76
2.92,,,,,341.76
2.924,,,,,341.76
2.928,,,,,341.76
2.932,,,,,341.76
2.936,,,,,341.76
2.94,,,,,341.76
2.944,,,,,341.76
2.948,,,,,341.76
2.952,,,,,341.76
2.956,,,,,341.76
2.96,,,,,341.76
2.964,,,,,341.76
2.968,,,,,341.76
2.972,,,,,341.76
2.976,,,,,341.76
2.98,,,,,341.76
2.984,,,,,341.76
2.988,,,,,341.76
2.992,,,,,341.76
2.996,,,,,341.76
3.0,,,,,341.76
3.004,,,,,341.76
3.008,,,,,341.76
3.012,,,,,341.76
3.016,,,,,341.76
3.02,,,,,341.76
3.024,,,,,341.76
3.028,,,,,341.76
3.032,,,,,341.76
3.036,,,,,341.76
3.04,,,,,341.76
3.044,,,,,341.76
3.048,,,,,341.76
3.052,,,,,341.76
3.056,,,,,341.76
3.06,,,,,341.76
3.064,,,,,341.76
3.068,,,,,341.76
3.072,,,,,341.76
3.076,,,,,341.76
3.08,,,,,341.76
3.084,,,,,341.76
3.088,,,,,341.76
3.092,,,,,341.76
3.096,,,,,341.76
3.1,,,,,341.76
3.104,,,,,341.76
3.108,,,,,341.76
3.112,,,,,341.76
3.116,,,,,341.76
3.12,,,,,341.76
3.124,,,,,341.76
3.128,,,,,341.76
3.132,,,,,341.76
3.136,,,,,341.76
3.14,,,,,341.76
3.144,,,,,341.76
3.148,,,,,341.76
3.152,,,,,341.76
3.156,,,,,341.76
3.16,,,,,341.76
3.164,,,,,341.76
3.168,,,,,341.76
3.172,,,,,341.76
3.176,,,,,341.76
3.18,,,,,341.76
3.184,,,,,341.76
3.188,,,,,341.76
3.192,,,,,341.76
3.196,,,,,341.76
3.2,,,,,341.76
3.204,,,,,341.76
3.208,,,,,341.76
3.212,,,,,341.76
3.216,,,,,341.76
3.22,,,,,341.76
3.224,,,,,341.76
3.228,,,,,341.76
3.232,,,,,341.76
3.236,,,,,341.76
3.24,,,,,341.76
3.244,,,,,341.76
3.248,,,,,341.76
3.252,,,,,341.76
3.256,,,,,341.76
3.26,,,,,341.76
3.264,,,,,341.76
3.268,,,,,341.76
3.272,,,,,341.76
3.276,,,,,341.76
3.28,,,,,341.76
3.284,,,,,341.76
3.288,,,,,341.76
3.292,,,,,341.76
3.296,,,,,341.76
3.3,,,,,341.76
3.304,,,,,341.76
3.308,,,,,341.76
3.312,,,,,341.76
3.316,,,,,341.76
3.32,,,,,341.76
3.324,,,,,341.76
3.328,,,,,341.76
3.332,,,,,341.76
3.336,,,,,341.76
3.34,,,,,341.76
3.344,,,,,341.76
3.348,,,,,341.76
3.352,,,,,341.76
3.356,,,,,341.76
3.36,,,,,341.76
3.364,,,,,341.76
3.368,,,,,341.76
3.372,,,,,341.76
3.376,,,,,341.76
3.38,,,,,341.76
3.384,,,,,341.76
3.388,,,,,341.76
3.392,,,,,341.76
3.396,,,,,341.76
3.4,,,,,341.76
3.404,,,,,341.76
3.408,,,,,341.76
3.412,,,,,341.76
3.416,,,,,341.76
3.42,,,,,341.76
3.424,,,,,341.76
3.428,,,,,341.76
3.432,,,,,341.76
3.436,,,,,341.76
3.44,,,,,341.76
3.444,,,,,341.76
3.448,,,,,341.76
3.452,,,,,341.76
3.456,,,,,341.76
3.46,,,,,341.76
3.464,,,,,341.76
3.468,,,,,341.76
3.472,,,,,341.76
3.476,,,,,341.76
3.48,,,,,341.76
3.484,,,,,341.76
3.488,,,,,341.76
3.492,,,,,341.76
3.496,,,,,341.76
3.5,,,,,341.76
3.504,,,,,341.76
3.508,,,,,341.76
3.512,,,,,341.76
3.516,,,,,341.76
3.52,,,,,341.76
3.524,,,,,341.76
3.528,,,,,341.76
3.532,,,,,341.76
3.536,,,,,341.76
3.54,,,,,341.76
3.544,,,,,341.76
3.548,,,,,341.76
3.552,,,,,341.76
3.556,,,,,341.76
3.56,,,,,341.76
3.564,,,,,341.76
3.568,,,,,341.76
3.572,,,,,341.76
3.576,,,,,341.76
3.58,,,,,341.76
3.584,,,,,341.76
3.588,,,,,341.76
3.592,,,,,341.76
3.596,,,,,341.76
3.6,,,,,341.76
3.604,,,,,341.76
3.608,,,,,341.76
3.612,,,,,341.76
3.616,,,,,341.76
3.62,,,,,341.76
3.624,,,,,341.76
3.628,,,,,341.76
3.632,,,,,341.76
3.636,,,,,341.76
3.64,,,,,341.76
3.644,,,,,341.76
3.648,,,,,341.76
3.652,,,,,341.76
3.656,,,,,341.76
3.66,,,,,341.76
3.664,,,,,341.76
3.668,,,,,341.76
3.672,,,,,341.76
3.676,,,,,341.76
3.68,,,,,341.76
3.684,,,,,341.76
3.688,,,,,341.76
3.692,,,,,341.76
3.696,,,,,341.76
3.7,,,,,341.76
3.704,,,,,341.76
3.708,,,,,341.76
3.712,,,,,341.76
3.716,,,,,341.76
3.72,,,,,341.76
3.724,,,,,341.76
3.728,,,,,341.76
3.732,,,,,341.76
3.736,,,,,341.76
3.74,,,,,341.76
3.744,,,,,341.76
3.748,,,,,341.76
3.752,,,,,341.76
3.756,,,,,341.76
3.76,,,,,341.76
3.764,,,,,341.76
3.768,,,,,341.76
3.772,,,,,341.76
3.776,,,,,341.76
3.78,,,,,341.76
3.784,,,,,341.76
3.788,,,,,341.76
3.792,,,,,341.76
3.796,,,,,341.76
3.8,,,,,341.76
3.804,,,,,341.76
3.808,,,,,341.76
3.812,,,,,341.76
3.816,,,,,341.76
3.82,,,,,341.76
3.824,,,,,341.76
3.828,,,,,341.76
3.832,,,,,341.76
3.836,,,,,341.76
3.84,,,,,341.76
3.844,,,,,341.76
3.848,,,,,341.76
3.852,,,,,341.76
3.856,,,,,341.76
3.86,,,,,341.76
3.864,,,,,341.76
3.868,,,,,341.76
3.872,,,,,341.76
3.876,,,,,341.76
3.88,,,,,341.76
3.884,,,,,341.76
3.888,,,,,341.76
3.892,,,,,341.76
3.896,,,,,341.76
3.9,,,,,341.76
3.904,,,,,341.76
3.908,,,,,341.76
3.912,,,,,341.76
3.916,,,,,341.76
3.92,,,,,341.76
3.924,,,,,341.76
3.928,,,,,341.76
3.932,,,,,341.76
3.936,,,,,341.76
3.94,,,,,341.76
3.944,,,,,341.76
3.948,,,,,341.76
3.952,,,,,341.76
3.956,,,,,341.76
3.96,,,,,341.76
3.964,,,,,341.76
3.968,,,,,341.76
3.972,,,,,341.76
3.976,,,,,341.76
3.98,,,,,341.76
3.984,,,,,341.76
3.988,,,,,341.76
3.992,,,,,341.76
3.996,,,,,341.76
4.0,,,,,341.76
4.004,,,,,341.76
4.008,,,,,341.76
4.012,,,,,341.76
4.016,,,,,341.76
4.02,,,,,341.76
4.024,,,,,341.76
4.028,,,,,341.76
4.032,,,,,341.76
4.036,,,,,341.76
4.04,,,,,341.76
4.044,,,,,341.76
4.048,,,,,341.76
4.052,,,,,341.76
4.056,,,,,341.76
4.06,,,,,341.76
4.064,,,,,341.76
4.068,,,,,341.76
4.072,,,,,341.76
4.076,,,,,341.76
4.08,,,,,341.76
4.084,,,,,341.76
4.088,,,,,341.76
4.092,,,,,341.76
4.096,,,,,341.76
4.1,,,,,341.76
4.104,,,,,341.76
4.108,,,,,341.76
4.112,,,,,341.76
4.116,,,,,341.76
4.12,,,,,341.76
4.124,,,,,341.76
4.128,,,,,341.76
4.132,,,,,341.76
4.136,,,,,341.76
4.14,,,,,341.76
4.144,,,,,341.76
4.148,,,,,341.76
4.152,,,,,341.76
4.156,,,,,341.76
4.16,,,,,341.76
4.164,,,,,341.76
4.168,,,,,341.76
4.172,,,,,341.76
4.176,,,,,341.76
4.18,,,,,341.76
4.184,,,,,341.76
4.188,,,,,341.76
4.192,,,,,341.76
4.196,,,,,341.76
4.2,,,,,341.76
4.204,,,,,341.76
4.208,,,,,341.76
4.212,,,,,341.76
4.216,,,,,341.76
4.22,,,,,341.76
4.224,,,,,341.76
4.228,,,,,341.76
4.232,,,,,341.76
4.236,,,,,341.76
4.24,,,,,341.76
4.244,,,,,341.76
4.248,,,,,341.76
4.252,,,,,341.76
4.256,,,,,341.76
4.26,,,,,341.76
4.264,,,,,341.76
4.268,,,,,341.76
4.272,,,,,341.76
4.276,,,,,341.76
4.28,,,,,341.76
4.284,,,,,341.76
4.288,,,,,341.76
4.292,,,,,341.76
4.296,,,,,341.76
4.3,,,,,341.76
4.304,,,,,341.76
4.308,,,,,341.76
4.312,,,,,341.76
4.316,,,,,341.76
4.32,,,,,341.76
4.324,,,,,341.76
4.328,,,,,341.76
4.332,,,,,341.76
4.336,,,,,341.76
4.34,,,,,341.76
4.344,,,,,341.76
4.348,,,,,341.76
4.352,,,,,341.76
4.356,,,,,341.76
4.36,,,,,341.76
4.364,,,,,341.76
4.368,,,,,341.76
4.372,,,,,341.76
4.376,,,,,341.76
4.38,,,,,341.76
4.384,,,,,341.76
4.388,,,,,341.76
4.392,,,,,341.76
4.396,,,,,341.76
4.4,,,,,341.76
4.404,,,,,341.76
4.408,,,,,341.76
4.412,,,,,341.76
4.416,,,,,341.76
4.42,,,,,341.76
4.424,,,,,341.76
4.428,,,,,341.76
4.432,,,,,341.76
4.436,,,,,341.76
4.44,,,,,341.76
4.444,,,,,341.76
4.448,,,,,341.76
4.452,,,,,341.76
4.456,,,,,341.76
4.46,,,,,341.76
4.464,,,,,341.76
4.468,,,,,341.76
4.472,,,,,341.76
4.476,,,,,341.76
4.48,,,,,341.76
4.484,,,,,341.76
4.488,,,,,341.76
4.492,,,,,341.76
4.496,,,,,341.76
4.5,,,,,341.76
4.504,,,,,341.76
4.508,,,,,341.76
4.512,,,,,341.76
4.516,,,,,341.76
4.52,,,,,341.76
4.524,,,,,341.76
4.528,,,,,341.76
4.532,,,,,341.76
4.536,,,,,341.76
4.54,,,,,341.76
4.544,,,,,341.76
4.548,,,,,341.76
4.552,,,,,341.76
4.556,,,,,341.76
4.56,,,,,341.76
4.564,,,,,341.76
4.568,,,,,341.76
4.572,,,,,341.76
4.576,,,,,341.76
4.58,,,,,341.76
4.584,,,,,341.76
4.588,,,,,341.76
4.592,,,,,341.76
4.596,,,,,341.76
4.6,,,,,341.76
4.604,,,,,341.76
4.608,,,,,341.76
4.612,,,,,341.76
4.616,,,,,341.76
4.62,,,,,341.76
4.624,,,,,341.76
4.628,,,,,341.76
4.632,,,,,341.76
4.636,,,,,341.76
4.64,,,,,341.76
4.644,,,,,341.76
4.648,,,,,341.76
4.652,,,,,341.76
4.656,,,,,341.76
4.66,,,,,341.76
4.664,,,,,341.76
4.668,,,,,341.76
4.672,,,,,341.76
4.676,,,,,341.76
4.68,,,,,341.76
4.684,,,,,341.76
4.688,,,,,341.76
4.692,,,,,341.76
4.696,,,,,341.76
4.7,,,,,341.76
4.704,,,,,341.76
4.708,,,,,341.76
4.712,,,,,341.76
4.716,,,,,341.76
4.72,,,,,341.76
4.724,,,,,341.76
4.728,,,,,341.76
4.732,,,,,341.76
4.736,,,,,341.76
4.74,,,,,341.76
4.744,,,,,341.76
4.748,,,,,341.76
4.752,,,,,341.76
4.756,,,,,341.76
4.76,,,,,341.76
4.764,,,,,341.76
4.768,,,,,341.76
4.772,,,,,341.76
4.776,,,,,341.76
4.78,,,,,341.76
4.784,,,,,341.76
4.788,,,,,341.76
4.792,,,,,341.76
4.796,,,,,341.76
4.8,,,,,341.76
4.804,,,,,341.76
4.808,,,,,341.76
4.812,,,,,341.76
4.816,,,,,341.76
4.82,,,,,341.76
4.824,,,,,341.76
4.828,,,,,341.76
4.832,,,,,341.76
4.836,,,,,341.76
4.84,,,,,341.76
4.844,,,,,341.76
4.848,,,,,341.76
4.852,,,,,341.76
4.856,,,,,341.76
4.86,,,,,341.76
4.864,,,,,341.76
4.868,,,,,341.76
4.872,,,,,341.76
4.876,,,,,341.76
4.88,,,,,341.76
4.884,,,,,341.76
4.888,,,,,341.76
4.892,,,,,341.76
4.896,,,,,341.76
4.9,,,,,341.76
4.904,,,,,341.76
4.908,,,,,341.76
4.912,,,,,341.76
4.916,,,,,341.76
4.92,,,,,341.76
4.924,,,,,341.76
4.928,,,,,341.76
4.932,,,,,341.76
4.936,,,,,341.76
4.94,,,,,341.76
4.944,,,,,341.76
4.948,,,,,341.76
4.952,,,,,341.76
4.956,,,,,341.76
4.96,,,,,341.76
4.964,,,,,341.76
4.968,,,,,341.76
4.972,,,,,341.76
4.976,,,,,341.76
4.98,,,,,341.76
4.984,,,,,341.76
4.988,,,,,341.76
4.992,,,,,341.76
4.996,,,,,341.76
5.0,,,,,341.76
5.004,,,,,341.76
5.008,,,,,341.76
5.012,,,,,341.76
5.016,,,,,341.76
5.02,,,,,341.76
5.024,,,,,341.76
5.028,,,,,341.76
5.032,,,,,341.76
5.036,,,,,341.76
5.04,,,,,341.76
5.044,,,,,341.76
5.048,,,,,341.76
5.052,,,,,341.76
5.056,,,,,341.76
5.06,,,,,341.76
5.064,,,,,341.76
5.068,,,,,341.76
5.072,,,,,341.76
5.076,,,,,341.76
5.08,,,,,341.76
5.084,,,,,341.76
5.088,,,,,341.76
5.092,,,,,341.76
5.096,,,,,341.76
5.1,,,,,341.76
5.104,,,,,341.76
5.108,,,,,341.76
5.112,,,,,341.76
5.116,,,,,341.76
5.12,,,,,341.76
5.124,,,,,341.76
5.128,,,,,341.76
5.132,,,,,341.76
5.136,,,,,341.76
5.14,,,,,341.76
5.144,,,,,341.76
5.148,,,,,341.76
5.152,,,,,341.76
5.156,,,,,341.76
5.16,,,,,341.76
5.164,,,,,341.76
5.168,,,,,341.76
5.172,,,,,341.76
5.176,,,,,341.76
5.18,,,,,341.76
5.184,,,,,341.76
5.188,,,,,341.76
5.192,,,,,341.76
5.196,,,,,341.76
5.2,,,,,341.76
5.204,,,,,341.76
5.208,,,,,341.76
5.212,,,,,341.76
5.216,,,,,341.76
5.22,,,,,341.76
5.224,,,,,341.76
5.228,,,,,341.76
5.232,,,,,341.76
5.236,,,,,341.76
5.24,,,,,341.76
5.244,,,,,341.76
5.248,,,,,341.76
5.252,,,,,341.76
5.256,,,,,341.76
5.26,,,,,341.76
5.264,,,,,341.76
5.268,,,,,341.76
5.272,,,,,341.76
5.276,,,,,341.76
5.28,,,,,341.76
5.284,,,,,341.76
5.288,,,,,341.76
5.292,,,,,341.76
5.296,,,,,341.76
5.3,,,,,341.76
5.304,,,,,341.76
5.308,,,,,341.76
5.312,,,,,341.76
5.316,,,,,341.76
5.32,,,,,341.76
5.324,,,,,341.76
5.328,,,,,341.76
5.332,,,,,341.76
5.336,,,,,341.76
5.34,,,,,341.76
5.344,,,,,341.76
5.348,,,,,341.76
5.352,,,,,341.76
5.356,,,,,341.76
5.36,,,,,341.76
5.364,,,,,341.76
5.368,,,,,341.76
5.372,,,,,341.76
5.376,,,,,341.76
5.38,,,,,341.76
5.384,,,,,341.76
5.388,,,,,341.76
5.392,,,,,341.76
5.396,,,,,341.76
5.4,,,,,341.76
5.404,,,,,341.76
5.408,,,,,341.76
5.412,,,,,341.76
5.416,,,,,341.76
5.42,,,,,341.76
5.424,,,,,341.76
5.428,,,,,341.76
5.432,,,,,341.76
5.436,,,,,341.76
5.44,,,,,341.76
5.444,,,,,341.76
5.448,,,,,341.76
5.452,,,,,341.76
5.456,,,,,341.76
5.46,,,,,341.76
5.464,,,,,341.76
5.468,,,,,341.76
5.472,,,,,341.76
5.476,,,,,341.76
5.48,,,,,341.76
5.484,,,,,341.76
5.488,,,,,341.76
5.492,,,,,341.76
5.496,,,,,341.76
5.5,,,,,341.76
5.504,,,,,341.76
5.508,,,,,341.76
5.512,,,,,341.76
5.516,,,,,341.76
5.52,,,,,341.76
5.524,,,,,341.76
5.528,,,,,341.76
5.532,,,,,341.76
5.536,,,,,341.76
5.54,,,,,341.76
5.544,,,,,341.76
5.548,,,,,341.76
5.552,,,,,341.76
5.556,,,,,341.76
5.56,,,,,341.76
5.564,,,,,341.76
5.568,,,,,341.76
5.572,,,,,341.76
5.576,,,,,341.76
5.58,,,,,341.76
5.584,,,,,341.76
5.588,,,,,341.76
5.592,,,,,341.76
5.596,,,,,341.76
5.6,,,,,341.76
5.604,,,,,341.76
5.608,,,,,341.76
5.612,,,,,341.76
5.616,,,,,341.76
5.62,,,,,341.76
5.624,,,,,341.76
5.628,,,,,341.76
5.632,,,,,341.76
5.636,,,,,341.76
5.64,,,,,341.76
5.644,,,,,341.76
5.648,,,,,341.76
5.652,,,,,341.76
5.656,,,,,341.76
5.66,,,,,341.76
5.664,,,,,341.76
5.668,,,,,341.76
5.672,,,,,341.76
5.676,,,,,341.76
5.68,,,,,341.76
5.684,,,,,341.76
5.688,,,,,341.76
5.692,,,,,341.76
5.696,,,,,341.76
5.7,,,,,341.76
5.704,,,,,341.76
5.708,,,,,341.76
5.712,,,,,341.76
5.716,,,,,341.76
5.72,,,,,341.76
5.724,,,,,341.76
5.728,,,,,341.76
5.732,,,,,341.76
5.736,,,,,341.76
5.74,,,,,341.76
5.744,,,,,341.76
5.748,,,,,341.76
5.752,,,,,341.76
5.756,,,,,341.76
5.76,,,,,341.76
5.764,,,,,341.76
5.768,,,,,341.76
5.772,,,,,341.76
5.776,,,,,341.76
5.78,,,,,341.78
5.784,,,,,341.78
5.788,,,,,341.78
5.792,,,,,341.78
5.796,,,,,341.78
5.8,,,,,341.78
5.804,,,,,341.78
5.808,,,,,341.78
5.812,,,,,341.78
5.816,,,,,341.78
5.82,,,,,341.78
5.824,,,,,341.78
5.828,,,,,341.78
5.832,,,,,341.78
5.836,,,,,341.78
5.84,,,,,341.78
5.844,,,,,341.78
5.848,,,,,341.78
5.852,,,,,341.78
5.856,,,,,341.78
5.86,,,,,341.78
5.864,,,,,341.78
5.868,,,,,341.78
5.872,,,,,341.78
5.876,,,,,341.78
5.88,,,,,341.78
5.884,,,,,341.78
5.888,,,,,341.78
5.892,,,,,341.78
5.896,,,,,341.78
5.9,,,,,341.78
5.904,,,,,341.78
5.908,,,,,341.78
5.912,,,,,341.78
5.916,,,,,341.78
5.92,,,,,341.78
5.924,,,,,341.78
5.928,,,,,341.78
5.932,,,,,341.78
5.936,,,,,341.78
5.94,,,,,341.78
5.944,,,,,341.78
5.948,,,,,341.78
5.952,,,,,341.78
5.956,,,,,341.78
5.96,,,,,341.78
5.964,,,,,341.78
5.968,,,,,341.78
5.972,,,,,341.78
5.976,,,,,341.78
5.98,,,,,341.78
5.984,,,,,341.78
5.988,,,,,341.78
5.992,,,,,341.78
5.996,,,,,341.78
6.0,,,,,341.78
6.004,,,,,341.78
6.008,,,,,341.78
6.012,,,,,341.78
6.016,,,,,341.78
6.02,,,,,341.78
6.024,,,,,341.78
6.028,,,,,341.78
6.032,,,,,341.78
6.036,,,,,341.78
6.04,,,,,341.78
6.044,,,,,341.78
6.048,,,,,341.78
6.052,,,,,341.78
6.056,,,,,341.78
6.06,,,,,341.78
6.064,,,,,341.78
6.068,,,,,341.78
6.072,,,,,341.78
6.076,,,,,341.78
6.08,,,,,341.78
6.084,,,,,341.78
6.088,,,,,341.78
6.092,,,,,341.78
6.096,,,,,341.78
6.1,,,,,341.78
6.104,,,,,341.78
6.108,,,,,341.78
6.112,,,,,341.78
6.116,,,,,341.78
6.12,,,,,341.78
6.124,,,,,341.78
6.128,,,,,341.78
6.132,,,,,341.78
6.136,,,,,341.78
6.14,,,,,341.78
6.144,,,,,341.78
6.148,,,,,341.78
6.152,,,,,341.78
6.156,,,,,341.78
6.16,,,,,341.78
6.164,,,,,341.78
6.168,,,,,341.78
6.172,,,,,341.78
6.176,,,,,341.78
6.18,,,,,341.78
6.184,,,,,341.78
6.188,,,,,341.78
6.192,,,,,341.78
6.196,,,,,341.78
6.2,,,,,341.78
6.204,,,,,341.78
6.208,,,,,341.78
6.212,,,,,341.78
6.216,,,,,341.78
6.22,,,,,341.78
6.224,,,,,341.78
6.228,,,,,341.78
6.232,,,,,341.78
6.236,,,,,341.78
6.24,,,,,341.78
6.244,,,,,341.78
6.248,,,,,341.78
6.252,,,,,341.78
6.256,,,,,341.78
6.26,,,,,341.78
6.264,,,,,341.78
6.268,,,,,341.78
6.272,,,,,341.78
6.276,,,,,341.78
6.28,,,,,341.78
6.284,,,,,341.78
6.288,,,,,341.78
6.292,,,,,341.78
6.296,,,,,341.78
6.3,,,,,341.78
6.304,,,,,341.78
6.308,,,,,341.78
6.312,,,,,341.78
6.316,,,,,341.78
6.32,,,,,341.78
6.324,,,,,341.78
6.328,,,,,341.78
6.332,,,,,341.78
6.336,,,,,341.78
6.34,,,,,341.78
6.344,,,,,341.78
6.348,,,,,341.78
6.352,,,,,341.78
6.356,,,,,341.78
6.36,,,,,341.78
6.364,,,,,341.78
6.368,,,,,341.78
6.372,,,,,341.78
6.376,,,,,341.78
6.38,,,,,341.78
6.384,,,,,341.78
6.388,,,,,341.78
6.392,,,,,341.78
6.396,,,,,341.78
6.4,,,,,341.78
6.404,,,,,341.78
6.408,,,,,341.78
6.412,,,,,341.78
6.416,,,,,341.78
6.42,,,,,341.78
6.424,,,,,341.78
6.428,,,,,341.78
6.432,,,,,341.78
6.436,,,,,341.78
6.44,,,,,341.78
6.444,,,,,341.78
6.448,,,,,341.78
6.452,,,,,341.78
6.456,,,,,341.78
6.46,,,,,341.78
6.464,,,,,341.78
6.468,,,,,341.78
6.472,,,,,341.78
6.476,,,,,341.78
6.48,,,,,341.78
6.484,,,,,341.78
6.488,,,,,341.78
6.492,,,,,341.78
6.496,,,,,341.78
6.5,,,,,341.78
6.504,,,,,341.78
6.508,,,,,341.78
6.512,,,,,341.78
6.516,,,,,341.78
6.52,,,,,341.78
6.524,,,,,341.78
6.528,,,,,341.78
6.532,,,,,341.78
6.536,,,,,341.78
6.54,,,,,341.78
6.544,,,,,341.78
6.548,,,,,341.78
6.552,,,,,341.78
6.556,,,,,341.78
6.56,,,,,341.78
6.564,,,,,341.78
6.568,,,,,341.78
6.572,,,,,341.78
6.576,,,,,341.78
6.58,,,,,341.78
6.584,,,,,341.78
6.588,,,,,341.78
6.592,,,,,341.78
6.596,,,,,341.78
6.6,,,,,341.78
6.604,,,,,341.78
6.608,,,,,341.78
6.612,,,,,341.78
6.616,,,,,341.78
6.62,,,,,341.78
6.624,,,,,341.78
6.628,,,,,341.78
6.632,,,,,341.78
6.636,,,,,341.78
6.64,,,,,341.78
6.644,,,,,341.78
6.648,,,,,341.78
6.652,,,,,341.78
6.656,,,,,341.78
6.66,,,,,341.78
6.664,,,,,341.78
6.668,,,,,341.78
6.672,,,,,341.78
6.676,,,,,341.78
6.68,,,,,341.78
6.684,,,,,341.78
6.688,,,,,341.78
6.692,,,,,341.78
6.696,,,,,341.78
6.7,,,,,341.78
6.704,,,,,341.78
6.708,,,,,341.78
6.712,,,,,341.78
6.716,,,,,341.78
6.72,,,,,341.78
6.724,,,,,341.78
6.728,,,,,341.78
6.732,,,,,341.78
6.736,,,,,341.78
6.74,,,,,341.78
6.744,,,,,341.78
6.748,,,,,341.78
6.752,,,,,341.78
6.756,,,,,341.78
6.76,,,,,341.78
6.764,,,,,341.78
6.768,,,,,341.78
6.772,,,,,341.78
6.776,,,,,341.78
6.78,,,,,341.76
6.784,,,,,341.76
6.788,,,,,341.76
6.792,,,,,341.76
6.796,,,,,341.76
6.8,,,,,341.76
6.804,,,,,341.76
6.808,,,,,341.76
6.812,,,,,341.76
6.816,,,,,341.76
6.82,,,,,341.76
6.824,,,,,341.76
6.828,,,,,341.76
6.832,,,,,341.76
6.836,,,,,341.76
6.84,,,,,341.76
6.844,,,,,341.76
6.848,,,,,341.76
6.852,,,,,341.76
6.856,,,,,341.76
6.86,,,,,341.76
6.864,,,,,341.76
6.868,,,,,341.76
6.872,,,,,341.76
6.876,,,,,341.76
6.88,,,,,341.76
6.884,,,,,341.76
6.888,,,,,341.76
6.892,,,,,341.76
6.896,,,,,341.76
6.9,,,,,341.76
6.904,,,,,341.76
6.908,,,,,341.76
6.912,,,,,341.76
6.916,,,,,341.76
6.92,,,,,341.76
6.924,,,,,341.76
6.928,,,,,341.76
6.932,,,,,341.76
6.936,,,,,341.76
6.94,,,,,341.76
6.944,,,,,341.76
6.948,,,,,341.76
6.952,,,,,341.76
6.956,,,,,341.76
6.96,,,,,341.76
6.964,,,,,341.76
6.968,,,,,341.76
6.972,,,,,341.76
6.976,,,,,341.76
6.98,,,,,341.76
6.984,,,,,341.76
6.988,,,,,341.76
6.992,,,,,341.76
6.996,,,,,341.76
7.0,,,,,341.76
7.004,,,,,341.76
7.008,,,,,341.76
7.012,,,,,341.76
7.016,,,,,341.76
7.02,,,,,341.76
7.024,,,,,341.76
7.028,,,,,341.76
7.032,,,,,341.76
7.036,,,,,341.76
7.04,,,,,341.76
7.044,,,,,341.76
7.048,,,,,341.76
7.052,,,,,341.76
7.056,,,,,341.76
7.06,,,,,341.76
7.064,,,,,341.76
7.068,,,,,341.76
7.072,,,,,341.76
7.076,,,,,341.76
7.08,,,,,341.76
7.084,,,,,341.76
7.088,,,,,341.76
7.092,,,,,341.76
7.096,,,,,341.76
7.1,,,,,341.76
7.104,,,,,341.76
7.108,,,,,341.76
7.112,,,,,341.76
7.116,,,,,341.76
7.12,,,,,341.76
7.124,,,,,341.76
7.128,,,,,341.76
7.132,,,,,341.76
7.136,,,,,341.76
7.14,,,,,341.76
7.144,,,,,341.76
7.148,,,,,341.76
7.152,,,,,341.76
7.156,,,,,341.76
7.16,,,,,341.76
7.164,,,,,341.76
7.168,,,,,341.76
7.172,,,,,341.76
7.176,,,,,341.76
7.18,,,,,341.76
7.184,,,,,341.76
7.188,,,,,341.76
7.192,,,,,341.76
7.196,,,,,341.76
7.2,,,,,341.76
7.204,,,,,341.76
7.208,,,,,341.76
7.212,,,,,341.76
7.216,,,,,341.76
7.22,,,,,341.76
7.224,,,,,341.76
7.228,,,,,341.76
7.232,,,,,341.76
7.236,,,,,341.76
7.24,,,,,341.76
7.244,,,,,341.76
7.248,,,,,341.76
7.252,,,,,341.76
7.256,,,,,341.76
7.26,,,,,341.76
7.264,,,,,341.76
7.268,,,,,341.76
7.272,,,,,341.76
7.276,,,,,341.76
7.28,,,,,341.76
7.284,,,,,341.76
7.288,,,,,341.76
7.292,,,,,341.76
7.296,,,,,341.76
7.3,,,,,341.76
7.304,,,,,341.76
7.308,,,,,341.76
7.312,,,,,341.76
7.316,,,,,341.76
7.32,,,,,341.76
7.324,,,,,341.76
7.328,,,,,341.76
7.332,,,,,341.76
7.336,,,,,341.76
7.34,,,,,341.76
7.344,,,,,341.76
7.348,,,,,341.76
7.352,,,,,341.76
7.356,,,,,341.76
7.36,,,,,341.76
7.364,,,,,341.76
7.368,,,,,341.76
7.372,,,,,341.76
7.376,,,,,341.76
7.38,,,,,341.76
7.384,,,,,341.76
7.388,,,,,341.76
7.392,,,,,341.76
7.396,,,,,341.76
7.4,,,,,341.76
7.404,,,,,341.76
7.408,,,,,341.76
7.412,,,,,341.76
7.416,,,,,341.76
7.42,,,,,341.76
7.424,,,,,341.76
7.428,,,,,341.76
7.432,,,,,341.76
7.436,,,,,341.76
7.44,,,,,341.76
7.444,,,,,341.76
7.448,,,,,341.76
7.452,,,,,341.76
7.456,,,,,341.76
7.46,,,,,341.76
7.464,,,,,341.76
7.468,,,,,341.76
7.472,,,,,341.76
7.476,,,,,341.76
7.48,,,,,341.76
7.484,,,,,341.76
7.488,,,,,341.76
7.492,,,,,341.76
7.496,,,,,341.76
7.5,,,,,341.76
7.504,,,,,341.76
7.508,,,,,341.76
7.512,,,,,341.76
7.516,,,,,341.76
7.52,,,,,341.76
7.524,,,,,341.76
7.528,,,,,341.76
7.532,,,,,341.76
7.536,,,,,341.76
7.54,,,,,341.76
7.544,,,,,341.76
7.548,,,,,341.76
7.552,,,,,341.76
7.556,,,,,341.76
7.56,,,,,341.76
7.564,,,,,341.76
7.568,,,,,341.76
7.572,,,,,341.76
7.576,,,,,341.76
7.58,,,,,341.76
7.584,,,,,341.76
7.588,,,,,341.76
7.592,,,,,341.76
7.596,,,,,341.76
7.6,,,,,341.76
7.604,,,,,341.76
7.608,,,,,341.76
7.612,,,,,341.76
7.616,,,,,341.76
7.62,,,,,341.76
7.624,,,,,341.76
7.628,,,,,341.76
7.632,,,,,341.76
7.636,,,,,341.76
7.64,,,,,341.76
7.644,,,,,341.76
7.648,,,,,341.76
7.652,,,,,341.76
7.656,,,,,341.76
7.66,,,,,341.76
7.664,,,,,341.76
7.668,,,,,341.76
7.672,,,,,341.76
7.676,,,,,341.76
7.68,,,,,341.76
7.684,,,,,341.76
7.688,,,,,341.76
7.692,,,,,341.76
7.696,,,,,341.76
7.7,,,,,341.76
7.704,,,,,341.76
7.708,,,,,341.76
7.712,,,,,341.76
7.716,,,,,341.76
7.72,,,,,341.76
7.724,,,,,341.76
7.728,,,,,341.76
7.732,,,,,341.76
7.736,,,,,341.76
7.74,,,,,341.76
7.744,,,,,341.76
7.748,,,,,341.76
7.752,,,,,341.76
7.756,,,,,341.76
7.76,,,,,341.76
7.764,,,,,341.76
7.768,,,,,341.76
7.772,,,,,341.76
7.776,,,,,341.76
7.78,,,,,341.77
7.784,,,,,341.77
7.788,,,,,341.77
7.792,,,,,341.77
7.796,,,,,341.77
7.8,,,,,341.77
7.804,,,,,341.77
7.808,,,,,341.77
7.812,,,,,341.77
7.816,,,,,341.77
7.82,,,,,341.77
7.824,,,,,341.77
7.828,,,,,341.77
7.832,,,,,341.77
7.836,,,,,341.77
7.84,,,,,341.77
7.844,,,,,341.77
7.848,,,,,341.77
7.852,,,,,341.77
7.856,,,,,341.77
7.86,,,,,341.77
7.864,,,,,341.77
7.868,,,,,341.77
7.872,,,,,341.77
7.876,,,,,341.77
7.88,,,,,341.77
7.884,,,,,341.77
7.888,,,,,341.77
7.892,,,,,341.77
7.896,,,,,341.77
7.9,,,,,341.77
7.904,,,,,341.77
7.908,,,,,341.77
7.912,,,,,341.77
7.916,,,,,341.77
7.92,,,,,341.77
7.924,,,,,341.77
7.928,,,,,341.77
7.932,,,,,341.77
7.936,,,,,341.77
7.94,,,,,341.77
7.944,,,,,341.77
7.948,,,,,341.77
7.952,,,,,341.77
7.956,,,,,341.77
7.96,,,,,341.77
7.964,,,,,341.77
7.968,,,,,341.77
7.972,,,,,341.77
7.976,,,,,341.77
7.98,,,,,341.77
7.984,,,,,341.77
7.988,,,,,341.77
7.992,,,,,341.77
7.996,,,,,341.77
8.0,,,,,341.77
8.004,,,,,341.77
8.008,,,,,341.77
8.012,,,,,341.77
8.016,,,,,341.77
8.02,,,,,341.77
8.024,,,,,341.77
8.028,,,,,341.77
8.032,,,,,341.77
8.036,,,,,341.77
8.04,,,,,341.77
8.044,,,,,341.77
8.048,,,,,341.77
8.052,,,,,341.77
8.056,,,,,341.77
8.06,,,,,341.77
8.064,,,,,341.77
8.068,,,,,341.77
8.072,,,,,341.77
8.076,,,,,341.77
8.08,,,,,341.77
8.084,,,,,341.77
8.088,,,,,341.77
8.092,,,,,341.77
8.096,,,,,341.77
8.1,,,,,341.77
8.104,,,,,341.77
8.108,,,,,341.77
8.112,,,,,341.77
8.116,,,,,341.77
8.12,,,,,341.77
8.124,,,,,341.77
8.128,,,,,341.77
8.132,,,,,341.77
8.136,,,,,341.77
8.14,,,,,341.77
8.144,,,,,341.77
8.148,,,,,341.77
8.152,,,,,341.77
8.156,,,,,341.77
8.16,,,,,341.77
8.164,,,,,341.77
8.168,,,,,341.77
8.172,,,,,341.77
8.176,,,,,341.77
8.18,,,,,341.77
8.184,,,,,341.77
8.188,,,,,341.77
8.192,,,,,341.77
8.196,,,,,341.77
8.2,,,,,341.77
8.204,,,,,341.77
8.208,,,,,341.77
8.212,,,,,341.77
8.216,,,,,341.77
8.22,,,,,341.77
8.224,,,,,341.77
8.228,,,,,341.77
8.232,,,,,341.77
8.236,,,,,341.77
8.24,,,,,341.77
8.244,,,,,341.77
8.248,,,,,341.77
8.252,,,,,341.77
8.256,,,,,341.77
8.26,,,,,341.77
8.264,,,,,341.77
8.268,,,,,341.77
8.272,,,,,341.77
8.276,,,,,341.77
8.28,,,,,341.77
8.284,,,,,341.77
8.288,,,,,341.77
8.292,,,,,341.77
8.296,,,,,341.77
8.3,,,,,341.77
8.304,,,,,341.77
8.308,,,,,341.77
8.312,,,,,341.77
8.316,,,,,341.77
8.32,,,,,341.77
8.324,,,,,341.77
8.328,,,,,341.77
8.332,,,,,341.77
8.336,,,,,341.77
8.34,,,,,341.77
8.344,,,,,341.77
8.348,,,,,341.77
8.352,,,,,341.77
8.356,,,,,341.77
8.36,,,,,341.77
8.364,,,,,341.77
8.368,,,,,341.77
8.372,,,,,341.77
8.376,,,,,341.77
8.38,,,,,341.77
8.384,,,,,341.77
8.388,,,,,341.77
8.392,,,,,341.77
8.396,,,,,341.77
8.4,,,,,341.77
8.404,,,,,341.77
8.408,,,,,341.77
8.412,,,,,341.77
8.416,,,,,341.77
8.42,,,,,341.77
8.424,,,,,341.77
8.428,,,,,341.77
8.432,,,,,341.77
8.436,,,,,341.77
8.44,,,,,341.77
8.444,,,,,341.77
8.448,,,,,341.77
8.452,,,,,341.77
8.456,,,,,341.77
8.46,,,,,341.77
8.464,,,,,341.77
8.468,,,,,341.77
8.472,,,,,341.77
8.476,,,,,341.77
8.48,,,,,341.77
8.484,,,,,341.77
8.488,,,,,341.77
8.492,,,,,341.77
8.496,,,,,341.77
8.5,,,,,341.77
8.504,,,,,341.77
8.508,,,,,341.77
8.512,,,,,341.77
8.516,,,,,341.77
8.52,,,,,341.77
8.524,,,,,341.77
8.528,,,,,341.77
8.532,,,,,341.77
8.536,,,,,341.77
8.54,,,,,341.77
8.544,,,,,341.77
8.548,,,,,341.77
8.552,,,,,341.77
8.556,,,,,341.77
8.56,,,,,341.77
8.564,,,,,341.77
8.568,,,,,341.77
8.572,,,,,341.77
8.576,,,,,341.77
8.58,,,,,341.77
8.584,,,,,341.77
8.588,,,,,341.77
8.592,,,,,341.77
8.596,,,,,341.77
8.6,,,,,341.77
8.604,,,,,341.77
8.608,,,,,341.77
8.612,,,,,341.77
8.616,,,,,341.77
8.62,,,,,341.77
8.624,,,,,341.77
8.628,,,,,341.77
8.632,,,,,341.77
8.636,,,,,341.77
8.64,,,,,341.77
8.644,,,,,341.77
8.648,,,,,341.77
8.652,,,,,341.77
8.656,,,,,341.77
8.66,,,,,341.77
8.664,,,,,341.77
8.668,,,,,341.77
8.672,,,,,341.77
8.676,,,,,341.77
8.68,,,,,341.77
8.684,,,,,341.77
8.688,,,,,341.77
8.692,,,,,341.77
8.696,,,,,341.77
8.7,,,,,341.77
8.704,,,,,341.77
8.708,,,,,341.77
8.712,,,,,341.77
8.716,,,,,341.77
8.72,,,,,341.77
8.724,,,,,341.77
8.728,,,,,341.77
8.732,,,,,341.77
8.736,,,,,341.77
8.74,,,,,341.77
8.744,,,,,341.77
8.748,,,,,341.77
8.752,,,,,341.77
8.756,,,,,341.77
8.76,,,,,341.77
8.764,,,,,341.77
8.768,,,,,341.77
8.772,,,,,341.77
8.776,,,,,341.77
8.78,,,,,341.78
8.784,,,,,341.78
8.788,,,,,341.78
8.792,,,,,341.78
8.796,,,,,341.78
8.8,,,,,341.78
8.804,,,,,341.78
8.808,,,,,341.78
8.812,,,,,341.78
8.816,,,,,341.78
8.82,,,,,341.78
8.824,,,,,341.78
8.828,,,,,341.78
8.832,,,,,341.78
8.836,,,,,341.78
8.84,,,,,341.78
8.844,,,,,341.78
8.848,,,,,341.78
8.852,,,,,341.78
8.856,,,,,341.78
8.86,,,,,341.78
8.864,,,,,341.78
8.868,,,,,341.78
8.872,,,,,341.78
8.876,,,,,341.78
8.88,,,,,341.78
8.884,,,,,341.78
8.888,,,,,341.78
8.892,,,,,341.78
8.896,,,,,341.78
8.9,,,,,341.78
8.904,,,,,341.78
8.908,,,,,341.78
8.912,,,,,341.78
8.916,,,,,341.78
8.92,,,,,341.78
8.924,,,,,341.78
8.928,,,,,341.78
8.932,,,,,341.78
8.936,,,,,341.78
8.94,,,,,341.78
8.944,,,,,341.78
8.948,,,,,341.78
8.952,,,,,341.78
8.956,,,,,341.78
8.96,,,,,341.78
8.964,,,,,341.78
8.968,,,,,341.78
8.972,,,,,341.78
8.976,,,,,341.78
8.98,,,,,341.78
8.984,,,,,341.78
8.988,,,,,341.78
8.992,,,,,341.78
8.996,,,,,341.78
9.0,,,,,341.78
9.004,,,,,341.78
9.008,,,,,341.78
9.012,,,,,341.78
9.016,,,,,341.78
9.02,,,,,341.78
9.024,,,,,341.78
9.028,,,,,341.78
9.032,,,,,341.78
9.036,,,,,341.78
9.04,,,,,341.78
9.044,,,,,341.78
9.048,,,,,341.78
9.052,,,,,341.78
9.056,,,,,341.78
9.06,,,,,341.78
9.064,,,,,341.78
9.068,,,,,341.78
9.072,,,,,341.78
9.076,,,,,341.78
9.08,,,,,341.78
9.084,,,,,341.78
9.088,,,,,341.78
9.092,,,,,341.78
9.096,,,,,341.78
9.1,,,,,341.78
9.104,,,,,341.78
9.108,,,,,341.78
9.112,,,,,341.78
9.116,,,,,341.78
9.12,,,,,341.78
9.124,,,,,341.78
9.128,,,,,341.78
9.132,,,,,341.78
9.136,,,,,341.78
9.14,,,,,341.78
9.144,,,,,341.78
9.148,,,,,341.78
9.152,,,,,341.78
9.156,,,,,341.78
9.16,,,,,341.78
9.164,,,,,341.78
9.168,,,,,341.78
9.172,,,,,341.78
9.176,,,,,341.78
9.18,,,,,341.78
9.184,,,,,341.78
9.188,,,,,341.78
9.192,,,,,341.78
9.196,,,,,341.78
9.2,,,,,341.78
9.204,,,,,341.78
9.208,,,,,341.78
9.212,,,,,341.78
9.216,,,,,341.78
9.22,,,,,341.78
9.224,,,,,341.78
9.228,,,,,341.78
9.232,,,,,341.78
9.236,,,,,341.78
9.24,,,,,341.78
9.244,,,,,341.78
9.248,,,,,341.78
9.252,,,,,341.78
9.256,,,,,341.78
9.26,,,,,341.78
9.264,,,,,341.78
9.268,,,,,341.78
9.272,,,,,341.78
9.276,,,,,341.78
9.28,,,,,341.78
9.284,,,,,341.78
9.288,,,,,341.78
9.292,,,,,341.78
9.296,,,,,341.78
9.3,,,,,341.78
9.304,,,,,341.78
9.308,,,,,341.78
9.312,,,,,341.78
9.316,,,,,341.78
9.32,,,,,341.78
9.324,,,,,341.78
9.328,,,,,341.78
9.332,,,,,341.78
9.336,,,,,341.78
9.34,,,,,341.78
9.344,,,,,341.78
9.348,,,,,341.78
9.352,,,,,341.78
9.356,,,,,341.78
9.36,,,,,341.78
9.364,,,,,341.78
9.368,,,,,341.78
9.372,,,,,341.78
9.376,,,,,341.78
9.38,,,,,341.78
9.384,,,,,341.78
9.388,,,,,341.78
9.392,,,,,341.78
9.396,,,,,341.78
9.4,,,,,341.78
9.404,,,,,341.78
9.408,,,,,341.78
9.412,,,,,341.78
9.416,,,,,341.78
9.42,,,,,341.78
9.424,,,,,341.78
9.428,,,,,341.78
9.432,,,,,341.78
9.436,,,,,341.78
9.44,,,,,341.78
9.444,,,,,341.78
9.448,,,,,341.78
9.452,,,,,341.78
9.456,,,,,341.78
9.46,,,,,341.78
9.464,,,,,341.78
9.468,,,,,341.78
9.472,,,,,341.78
9.476,,,,,341.78
9.48,,,,,341.78
9.484,,,,,341.78
9.488,,,,,341.78
9.492,,,,,341.78
9.496,,,,,341.78
9.5,,,,,341.78
9.504,,,,,341.78
9.508,,,,,341.78
9.512,,,,,341.78
9.516,,,,,341.78
9.52,,,,,341.78
9.524,,,,,341.78
9.528,,,,,341.78
9.532,,,,,341.78
9.536,,,,,341.78
9.54,,,,,341.78
9.544,,,,,341.78
9.548,,,,,341.78
9.552,,,,,341.78
9.556,,,,,341.78
9.56,,,,,341.78
9.564,,,,,341.78
9.568,,,,,341.78
9.572,,,,,341.78
9.576,,,,,341.78
9.58,,,,,341.78
9.584,,,,,341.78
9.588,,,,,341.78
9.592,,,,,341.78
9.596,,,,,341.78
9.6,,,,,341.78
9.604,,,,,341.78
9.608,,,,,341.78
9.612,,,,,341.78
9.616,,,,,341.78
9.62,,,,,341.78
9.624,,,,,341.78
9.628,,,,,341.78
9.632,,,,,341.78
9.636,,,,,341.78
9.64,,,,,341.78
9.644,,,,,341.78
9.648,,,,,341.78
9.652,,,,,341.78
9.656,,,,,341.78
9.66,,,,,341.78
9.664,,,,,341.78
9.668,,,,,341.78
9.672,,,,,341.78
9.676,,,,,341.78
9.68,,,,,341.78
9.684,,,,,341.78
9.688,,,,,341.78
9.692,,,,,341.78
9.696,,,,,341.78
9.7,,,,,341.78
9.704,,,,,341.78
9.708,,,,,341.78
9.712,,,,,341.78
9.716,,,,,341.78
9.72,,,,,341.78
9.724,,,,,341.78
9.728,,,,,341.78
9.732,,,,,341.78
9.736,,,,,341.78
9.74,,,,,341.78
9.744,,,,,341.78
9.748,,,,,341.78
9.752,,,,,341.78
9.756,,,,,341.78
9.76,,,,,341.78
9.764,,,,,341.78
9.768,,,,,341.78
9.772,,,,,341.78
9.776,,,,,341.78
9.78,,,,,341.78
9.784,,,,,341.78
9.788,,,,,341.78
9.792,,,,,341.78
9.796,,,,,341.78
9.8,,,,,341.78
9.804,,,,,341.78
9.808,,,,,341.78
9.812,,,,,341.78
9.816,,,,,341.78
9.82,,,,,341.78
9.824,,,,,341.78
9.828,,,,,341.78
9.832,,,,,341.78
9.836,,,,,341.78
9.84,,,,,341.78
9.844,,,,,341.78
9.848,,,,,341.78
9.852,,,,,341.78
9.856,,,,,341.78
9.86,,,,,341.78
9.864,,,,,341.78
9.868,,,,,341.78
9.872,,,,,341.78
9.876,,,,,341.78
9.88,,,,,341.78
9.884,,,,,341.78
9.888,,,,,341.78
9.892,,,,,341.78
9.896,,,,,341.78
9.9,,,,,341.78
9.904,,,,,341.78
9.908,,,,,341.78
9.912,,,,,341.78
9.916,,,,,341.78
9.92,,,,,341.78
9.924,,,,,341.78
9.928,,,,,341.78
9.932,,,,,341.78
9.936,,,,,341.78
9.94,,,,,341.78
9.944,,,,,341.78
9.948,,,,,341.78
9.952,,,,,341.78
9.956,,,,,341.78
9.96,,,,,341.78
9.964,,,,,341.78
9.968,,,,,341.78
9.972,,,,,341.78
9.976,,,,,341.78
9.98,,,,,341.78
9.984,,,,,341.78
9.988,,,,,341.78
9.992,,,,,341.78
9.996,,,,,341.78
10.0,,,,,341.78
10.004,,,,,341.78
10.008,,,,,341.78
10.012,,,,,341.78
10.016,,,,,341.78
10.02,,,,,341.78
10.024,,,,,341.78
10.028,,,,,341.78
10.032,,,,,341.78
10.036,,,,,341.78
10.04,,,,,341.78
10.044,,,,,341.78
10.048,,,,,341.78
10.052,,,,,341.78
10.056,,,,,341.78
10.06,,,,,341.78
10.064,,,,,341.78
10.068,,,,,341.78
10.072,,,,,341.78
10.076,,,,,341.78
10.08,,,,,341.78
10.084,,,,,341.78
10.088,,,,,341.78
10.092,,,,,341.78
10.096,,,,,341.78
10.1,,,,,341.78
10.104,,,,,341.78
10.108,,,,,341.78
10.112,,,,,341.78
10.116,,,,,341.78
10.12,,,,,341.78
10.124,,,,,341.78
10.128,,,,,341.78
10.132,,,,,341.78
10.136,,,,,341.78
10.14,,,,,341.78
10.144,,,,,341.78
10.148,,,,,341.78
10.152,,,,,341.78
10.156,,,,,341.78
10.16,,,,,341.78
10.164,,,,,341.78
10.168,,,,,341.78
10.172,,,,,341.78
10.176,,,,,341.78
10.18,,,,,341.78
10.184,,,,,341.78
10.188,,,,,341.78
10.192,,,,,341.78
10.196,,,,,341.78
10.2,,,,,341.78
10.204,,,,,341.78
10.208,,,,,341.78
10.212,,,,,341.78
10.216,,,,,341.78
10.22,,,,,341.78
10.224,,,,,341.78
10.228,,,,,341.78
10.232,,,,,341.78
10.236,,,,,341.78
10.24,,,,,341.78
10.244,,,,,341.78
10.248,,,,,341.78
10.252,,,,,341.78
10.256,,,,,341.78
10.26,,,,,341.78
10.264,,,,,341.78
10.268,,,,,341.78
10.272,,,,,341.78
10.276,,,,,341.78
10.28,,,,,341.78
10.284,,,,,341.78
10.288,,,,,341.78
10.292,,,,,341.78
10.296,,,,,341.78
10.3,,,,,341.78
10.304,,,,,341.78
10.308,,,,,341.78
10.312,,,,,341.78
10.316,,,,,341.78
10.32,,,,,341.78
10.324,,,,,341.78
10.328,,,,,341.78
10.332,,,,,341.78
10.336,,,,,341.78
10.34,,,,,341.78
10.344,,,,,341.78
10.348,,,,,341.78
10.352,,,,,341.78
10.356,,,,,341.78
10.36,,,,,341.78
10.364,,,,,341.78
10.368,,,,,341.78
10.372,,,,,341.78
10.376,,,,,341.78
10.38,,,,,341.78
10.384,,,,,341.78
10.388,,,,,341.78
10.392,,,,,341.78
10.396,,,,,341.78
10.4,,,,,341.78
10.404,,,,,341.78
10.408,,,,,341.78
10.412,,,,,341.78
10.416,,,,,341.78
10.42,,,,,341.78
10.424,,,,,341.78
10.428,,,,,341.78
10.432,,,,,341.78
10.436,,,,,341.78
10.44,,,,,341.78
10.444,,,,,341.78
10.448,,,,,341.78
10.452,,,,,341.78
10.456,,,,,341.78
10.46,,,,,341.78
10.464,,,,,341.78
10.468,,,,,341.78
10.472,,,,,341.78
10.476,,,,,341.78
10.48,,,,,341.78
10.484,,,,,341.78
10.488,,,,,341.78
10.492,,,,,341.78
10.496,,,,,341.78
10.5,,,,,341.78
10.504,,,,,341.78
10.508,,,,,341.78
10.512,,,,,341.78
10.516,,,,,341.78
10.52,,,,,341.78
10.524,,,,,341.78
10.528,,,,,341.78
10.532,,,,,341.78
10.536,,,,,341.78
10.54,,,,,341.78
10.544,,,,,341.78
10.548,,,,,341.78
10.552,,,,,341.78
10.556,,,,,341.78
10.56,,,,,341.78
10.564,,,,,341.78
10.568,,,,,341.78
10.572,,,,,341.78
10.576,,,,,341.78
10.58,,,,,341.78
10.584,,,,,341.78
10.588,,,,,341.78
10.592,,,,,341.78
10.596,,,,,341.78
10.6,,,,,341.78
10.604,,,,,341.78
10.608,,,,,341.78
10.612,,,,,341.78
10.616,,,,,341.78
10.62,,,,,341.78
10.624,,,,,341.78
10.628,,,,,341.78
10.632,,,,,341.78
10.636,,,,,341.78
10.64,,,,,341.78
10.644,,,,,341.78
10.648,,,,,341.78
10.652,,,,,341.78
10.656,,,,,341.78
10.66,,,,,341.78
10.664,,,,,341.78
10.668,,,,,341.78
10.672,,,,,341.78
10.676,,,,,341.78
10.68,,,,,341.78
10.684,,,,,341.78
10.688,,,,,341.78
10.692,,,,,341.78
10.696,,,,,341.78
10.7,,,,,341.78
10.704,,,,,341.78
10.708,,,,,341.78
10.712,,,,,341.78
10.716,,,,,341.78
10.72,,,,,341.78
10.724,,,,,341.78
10.728,,,,,341.78
10.732,,,,,341.78
10.736,,,,,341.78
10.74,,,,,341.78
10.744,,,,,341.78
10.748,,,,,341.78
10.752,,,,,341.78
10.756,,,,,341.78
10.76,,,,,341.78
10.764,,,,,341.78
10.768,,,,,341.78
10.772,,,,,341.78
10.776,,,,,341.78
10.78,,,,,341.79
10.784,,,,,341.79
10.788,,,,,341.79
10.792,,,,,341.79
10.796,,,,,341.79
10.8,,,,,341.79
10.804,,,,,341.79
10.808,,,,,341.79
10.812,,,,,341.79
10.816,,,,,341.79
10.82,,,,,341.79
10.824,,,,,341.79
10.828,,,,,341.79
10.832,,,,,341.79
10.836,,,,,341.79
10.84,,,,,341.79
10.844,,,,,341.79
10.848,,,,,341.79
10.852,,,,,341.79
10.856,,,,,341.79
10.86,,,,,341.79
10.864,,,,,341.79
10.868,,,,,341.79
10.872,,,,,341.79
10.876,,,,,341.79
10.88,,,,,341.79
10.884,,,,,341.79
10.888,,,,,341.79
10.892,,,,,341.79
10.896,,,,,341.79
10.9,,,,,341.79
10.904,,,,,341.79
10.908,,,,,341.79
10.912,,,,,341.79
10.916,,,,,341.79
10.92,,,,,341.79
10.924,,,,,341.79
10.928,,,,,341.79
10.932,,,,,341.79
10.936,,,,,341.79
10.94,,,,,341.79
10.944,,,,,341.79
10.948,,,,,341.79
10.952,,,,,341.79
10.956,,,,,341.79
10.96,,,,,341.79
10.964,,,,,341.79
10.968,,,,,341.79
10.972,,,,,341.79
10.976,,,,,341.79
10.98,,,,,341.79
10.984,,,,,341.79
10.988,,,,,341.79
10.992,,,,,341.79
10.996,,,,,341.79
11.0,,,,,341.79
11.004,,,,,341.79
11.008,,,,,341.79
11.012,,,,,341.79
11.016,,,,,341.79
11.02,,,,,341.79
11.024,,,,,341.79
11.028,,,,,341.79
11.032,,,,,341.79
11.036,,,,,341.79
11.04,,,,,341.79
11.044,,,,,341.79
11.048,,,,,341.79
11.052,,,,,341.79
11.056,,,,,341.79
11.06,,,,,341.79
11.064,,,,,341.79
11.068,,,,,341.79
11.072,,,,,341.79
11.076,,,,,341.79
11.08,,,,,341.79
11.084,,,,,341.79
11.088,,,,,341.79
11.092,,,,,341.79
11.096,,,,,341.79
11.1,,,,,341.79
11.104,,,,,341.79
11.108,,,,,341.79
11.112,,,,,341.79
11.116,,,,,341.79
11.12,,,,,341.79
11.124,,,,,341.79
11.128,,,,,341.79
11.132,,,,,341.79
11.136,,,,,341.79
11.14,,,,,341.79
11.144,,,,,341.79
11.148,,,,,341.79
11.152,,,,,341.79
11.156,,,,,341.79
11.16,,,,,341.79
11.164,,,,,341.79
11.168,,,,,341.79
11.172,,,,,341.79
11.176,,,,,341.79
11.18,,,,,341.79
11.184,,,,,341.79
11.188,,,,,341.79
11.192,,,,,341.79
11.196,,,,,341.79
11.2,,,,,341.79
11.204,,,,,341.79
11.208,,,,,341.79
11.212,,,,,341.79
11.216,,,,,341.79
11.22,,,,,341.79
11.224,,,,,341.79
11.228,,,,,341.79
11.232,,,,,341.79
11.236,,,,,341.79
11.24,,,,,341.79
11.244,,,,,341.79
11.248,,,,,341.79
11.252,,,,,341.79
11.256,,,,,341.79
11.26,,,,,341.79
11.264,,,,,341.79
11.268,,,,,341.79
11.272,,,,,341.79
11.276,,,,,341.79
11.28,,,,,341.79
11.284,,,,,341.79
11.288,,,,,341.79
11.292,,,,,341.79
11.296,,,,,341.79
11.3,,,,,341.79
11.304,,,,,341.79
11.308,,,,,341.79
11.312,,,,,341.79
11.316,,,,,341.79
11.32,,,,,341.79
11.324,,,,,341.79
11.328,,,,,341.79
11.332,,,,,341.79
11.336,,,,,341.79
11.34,,,,,341.79
11.344,,,,,341.79
11.348,,,,,341.79
11.352,,,,,341.79
11.356,,,,,341.79
11.36,,,,,341.79
11.364,,,,,341.79
11.368,,,,,341.79
11.372,,,,,341.79
11.376,,,,,341.79
11.38,,,,,341.79
11.384,,,,,341.79
11.388,,,,,341.79
11.392,,,,,341.79
11.396,,,,,341.79
11.4,,,,,341.79
11.404,,,,,341.79
11.408,,,,,341.79
11.412,,,,,341.79
11.416,,,,,341.79
11.42,,,,,341.79
11.424,,,,,341.79
11.428,,,,,341.79
11.432,,,,,341.79
11.436,,,,,341.79
11.44,,,,,341.79
11.444,,,,,341.79
11.448,,,,,341.79
11.452,,,,,341.79
11.456,,,,,341.79
11.46,,,,,341.79
11.464,,,,,341.79
11.468,,,,,341.79
11.472,,,,,341.79
11.476,,,,,341.79
11.48,,,,,341.79
11.484,,,,,341.79
11.488,,,,,341.79
11.492,,,,,341.79
11.496,,,,,341.79
11.5,,,,,341.79
11.504,,,,,341.79
11.508,,,,,341.79
11.512,,,,,341.79
11.516,,,,,341.79
11.52,,,,,341.79
11.524,,,,,341.79
11.528,,,,,341.79
11.532,,,,,341.79
11.536,,,,,341.79
11.54,,,,,341.79
11.544,,,,,341.79
11.548,,,,,341.79
11.552,,,,,341.79
11.556,,,,,341.79
11.56,,,,,341.79
11.564,,,,,341.79
11.568,,,,,341.79
11.572,,,,,341.79
11.576,,,,,341.79
11.58,,,,,341.79
11.584,,,,,341.79
11.588,,,,,341.79
11.592,,,,,341.79
11.596,,,,,341.79
11.6,,,,,341.79
11.604,,,,,341.79
11.608,,,,,341.79
11.612,,,,,341.79
11.616,,,,,341.79
11.62,,,,,341.79
11.624,,,,,341.79
11.628,,,,,341.79
11.632,,,,,341.79
11.636,,,,,341.79
11.64,,,,,341.79
11.644,,,,,341.79
11.648,,,,,341.79
11.652,,,,,341.79
11.656,,,,,341.79
11.66,,,,,341.79
11.664,,,,,341.79
11.668,,,,,341.79
11.672,,,,,341.79
11.676,,,,,341.79
11.68,,,,,341.79
11.684,,,,,341.79
11.688,,,,,341.79
11.692,,,,,341.79
11.696,,,,,341.79
11.7,,,,,341.79
11.704,,,,,341.79
11.708,,,,,341.79
11.712,,,,,341.79
11.716,,,,,341.79
11.72,,,,,341.79
11.724,,,,,341.79
11.728,,,,,341.79
11.732,,,,,341.79
11.736,,,,,341.79
11.74,,,,,341.79
11.744,,,,,341.79
11.748,,,,,341.79
11.752,,,,,341.79
11.756,,,,,341.79
11.76,,,,,341.79
11.764,,,,,341.79
11.768,,,,,341.79
11.772,,,,,341.79
11.776,,,,,341.79
11.78,,,,,341.79
11.784,,,,,341.79
11.788,,,,,341.79
11.792,,,,,341.79
11.796,,,,,341.79
11.8,,,,,341.79
11.804,,,,,341.79
11.808,,,,,341.79
11.812,,,,,341.79
11.816,,,,,341.79
11.82,,,,,341.79
11.824,,,,,341.79
11.828,,,,,341.79
11.832,,,,,341.79
11.836,,,,,341.79
11.84,,,,,341.79
11.844,,,,,341.79
11.848,,,,,341.79
11.852,,,,,341.79
11.856,,,,,341.79
11.86,,,,,341.79
11.864,,,,,341.79
11.868,,,,,341.79
11.872,,,,,341.79
11.876,,,,,341.79
11.88,,,,,341.79
11.884,,,,,341.79
11.888,,,,,341.79
11.892,,,,,341.79
11.896,,,,,341.79
11.9,,,,,341.79
11.904,,,,,341.79
11.908,,,,,341.79
11.912,,,,,341.79
11.916,,,,,341.79
11.92,,,,,341.79
11.924,,,,,341.79
11.928,,,,,341.79
11.932,,,,,341.79
11.936,,,,,341.79
11.94,,,,,341.79
11.944,,,,,341.79
11.948,,,,,341.79
11.952,,,,,341.79
11.956,,,,,341.79
11.96,,,,,341.79
11.964,,,,,341.79
11.968,,,,,341.79
11.972,,,,,341.79
11.976,,,,,341.79
11.98,,,,,341.79
11.984,,,,,341.79
11.988,,,,,341.79
11.992,,,,,341.79
11.996,,,,,341.79
12.0,,,,,341.79
12.004,,,,,341.79
12.008,,,,,341.79
12.012,,,,,341.79
12.016,,,,,341.79
12.02,,,,,341.79
12.024,,,,,341.79
12.028,,,,,341.79
12.032,,,,,341.79
12.036,,,,,341.79
12.04,,,,,341.79
12.044,,,,,341.79
12.048,,,,,341.79
12.052,,,,,341.79
12.056,,,,,341.79
12.06,,,,,341.79
12.064,,,,,341.79
12.068,,,,,341.79
12.072,,,,,341.79
12.076,,,,,341.79
12.08,,,,,341.79
12.084,,,,,341.79
12.088,,,,,341.79
12.092,,,,,341.79
12.096,,,,,341.79
12.1,,,,,341.79
12.104,,,,,341.79
12.108,,,,,341.79
12.112,,,,,341.79
12.116,,,,,341.79
12.12,,,,,341.79
12.124,,,,,341.79
12.128,,,,,341.79
12.132,,,,,341.79
12.136,,,,,341.79
12.14,,,,,341.79
12.144,,,,,341.79
12.148,,,,,341.79
12.152,,,,,341.79
12.156,,,,,341.79
12.16,,,,,341.79
12.164,,,,,341.79
12.168,,,,,341.79
12.172,,,,,341.79
12.176,,,,,341.79
12.18,,,,,341.79
12.184,,,,,341.79
12.188,,,,,341.79
12.192,,,,,341.79
12.196,,,,,341.79
12.2,,,,,341.79
12.204,,,,,341.79
12.208,,,,,341.79
12.212,,,,,341.79
12.216,,,,,341.79
12.22,,,,,341.79
12.224,,,,,341.79
12.228,,,,,341.79
12.232,,,,,341.79
12.236,,,,,341.79
12.24,,,,,341.79
12.244,,,,,341.79
12.248,,,,,341.79
12.252,,,,,341.79
12.256,,,,,341.79
12.26,,,,,341.79
12.264,,,,,341.79
12.268,,,,,341.79
12.272,,,,,341.79
12.276,,,,,341.79
12.28,,,,,341.79
12.284,,,,,341.79
12.288,,,,,341.79
12.292,,,,,341.79
12.296,,,,,341.79
12.3,,,,,341.79
12.304,,,,,341.79
12.308,,,,,341.79
12.312,,,,,341.79
12.316,,,,,341.79
12.32,,,,,341.79
12.324,,,,,341.79
12.328,,,,,341.79
12.332,,,,,341.79
12.336,,,,,341.79
12.34,,,,,341.79
12.344,,,,,341.79
12.348,,,,,341.79
12.352,,,,,341.79
12.356,,,,,341.79
12.36,,,,,341.79
12.364,,,,,341.79
12.368,,,,,341.79
12.372,,,,,341.79
12.376,,,,,341.79
12.38,,,,,341.79
12.384,,,,,341.79
12.388,,,,,341.79
12.392,,,,,341.79
12.396,,,,,341.79
12.4,,,,,341.79
12.404,,,,,341.79
12.408,,,,,341.79
12.412,,,,,341.79
12.416,,,,,341.79
12.42,,,,,341.79
12.424,,,,,341.79
12.428,,,,,341.79
12.432,,,,,341.79
12.436,,,,,341.79
12.44,,,,,341.79
12.444,,,,,341.79
12.448,,,,,341.79
12.452,,,,,341.79
12.456,,,,,341.79
12.46,,,,,341.79
12.464,,,,,341.79
12.468,,,,,341.79
12.472,,,,,341.79
12.476,,,,,341.79
12.48,,,,,341.79
12.484,,,,,341.79
12.488,,,,,341.79
12.492,,,,,341.79
12.496,,,,,341.79
12.5,,,,,341.79
12.504,,,,,341.79
12.508,,,,,341.79
12.512,,,,,341.79
12.516,,,,,341.79
12.52,,,,,341.79
12.524,,,,,341.79
12.528,,,,,341.79
12.532,,,,,341.79
12.536,,,,,341.79
12.54,,,,,341.79
12.544,,,,,341.79
12.548,,,,,341.79
12.552,,,,,341.79
12.556,,,,,341.79
12.56,,,,,341.79
12.564,,,,,341.79
12.568,,,,,341.79
12.572,,,,,341.79
12.576,,,,,341.79
12.58,,,,,341.79
12.584,,,,,341.79
12.588,,,,,341.79
12.592,,,,,341.79
12.596,,,,,341.79
12.6,,,,,341.79
12.604,,,,,341.79
12.608,,,,,341.79
12.612,,,,,341.79
12.616,,,,,341.79
12.62,,,,,341.79
12.624,,,,,341.79
12.628,,,,,341.79
12.632,,,,,341.79
12.636,,,,,341.79
12.64,,,,,341.79
12.644,,,,,341.79
12.648,,,,,341.79
12.652,,,,,341.79
12.656,,,,,341.79
12.66,,,,,341.79
12.664,,,,,341.79
12.668,,,,,341.79
12.672,,,,,341.79
12.676,,,,,341.79
12.68,,,,,341.79
12.684,,,,,341.79
12.688,,,,,341.79
12.692,,,,,341.79
12.696,,,,,341.79
12.7,,,,,341.79
12.704,,,,,341.79
12.708,,,,,341.79
12.712,,,,,341.79
12.716,,,,,341.79
12.72,,,,,341.79
12.724,,,,,341.79
12.728,,,,,341.79
12.732,,,,,341.79
12.736,,,,,341.79
12.74,,,,,341.79
12.744,,,,,341.79
12.748,,,,,341.79
12.752,,,,,341.79
12.756,,,,,341.79
12.76,,,,,341.79
12.764,,,,,341.79
12.768,,,,,341.79
12.772,,,,,341.79
12.776,,,,,341.79
12.78,,,,,341.79
12.784,,,,,341.79
12.788,,,,,341.79
12.792,,,,,341.79
12.796,,,,,341.79
12.8,,,,,341.79
12.804,,,,,341.79
12.808,,,,,341.79
12.812,,,,,341.79
12.816,,,,,341.79
12.82,,,,,341.79
12.824,,,,,341.79
12.828,,,,,341.79
12.832,,,,,341.79
12.836,,,,,341.79
12.84,,,,,341.79
12.844,,,,,341.79
12.848,,,,,341.79
12.852,,,,,341.79
12.856,,,,,341.79
12.86,,,,,341.79
12.864,,,,,341.79
12.868,,,,,341.79
12.872,,,,,341.79
12.876,,,,,341.79
12.88,,,,,341.79
12.884,,,,,341.79
12.888,,,,,341.79
12.892,,,,,341.79
12.896,,,,,341.79
12.9,,,,,341.79
12.904,,,,,341.79
12.908,,,,,341.79
12.912,,,,,341.79
12.916,,,,,341.79
12.92,,,,,341.79
12.924,,,,,341.79
12.928,,,,,341.79
12.932,,,,,341.79
12.936,,,,,341.79
12.94,,,,,341.79
12.944,,,,,341.79
12.948,,,,,341.79
12.952,,,,,341.79
12.956,,,,,341.79
12.96,,,,,341.79
12.964,,,,,341.79
12.968,,,,,341.79
12.972,,,,,341.79
12.976,,,,,341.79
12.98,,,,,341.79
12.984,,,,,341.79
12.988,,,,,341.79
12.992,,,,,341.79
12.996,,,,,341.79
13.0,,,,,341.79
13.004,,,,,341.79
13.008,,,,,341.79
13.012,,,,,341.79
13.016,,,,,341.79
13.02,,,,,341.79
13.024,,,,,341.79
13.028,,,,,341.79
13.032,,,,,341.79
13.036,,,,,341.79
13.04,,,,,341.79
13.044,,,,,341.79
13.048,,,,,341.79
13.052,,,,,341.79
13.056,,,,,341.79
13.06,,,,,341.79
13.064,,,,,341.79
13.068,,,,,341.79
13.072,,,,,341.79
13.076,,,,,341.79
13.08,,,,,341.79
13.084,,,,,341.79
13.088,,,,,341.79
13.092,,,,,341.79
13.096,,,,,341.79
13.1,,,,,341.79
13.104,,,,,341.79
13.108,,,,,341.79
13.112,,,,,341.79
13.116,,,,,341.79
13.12,,,,,341.79
13.124,,,,,341.79
13.128,,,,,341.79
13.132,,,,,341.79
13.136,,,,,341.79
13.14,,,,,341.79
13.144,,,,,341.79
13.148,,,,,341.79
13.152,,,,,341.79
13.156,,,,,341.79
13.16,,,,,341.79
13.164,,,,,341.79
13.168,,,,,341.79
13.172,,,,,341.79
13.176,,,,,341.79
13.18,,,,,341.79
13.184,,,,,341.79
13.188,,,,,341.79
13.192,,,,,341.79
13.196,,,,,341.79
13.2,,,,,341.79
13.204,,,,,341.79
13.208,,,,,341.79
13.212,,,,,341.79
13.216,,,,,341.79
13.22,,,,,341.79
13.224,,,,,341.79
13.228,,,,,341.79
13.232,,,,,341.79
13.236,,,,,341.79
13.24,,,,,341.79
13.244,,,,,341.79
13.248,,,,,341.79
13.252,,,,,341.79
13.256,,,,,341.79
13.26,,,,,341.79
13.264,,,,,341.79
13.268,,,,,341.79
13.272,,,,,341.79
13.276,,,,,341.79
13.28,,,,,341.79
13.284,,,,,341.79
13.288,,,,,341.79
13.292,,,,,341.79
13.296,,,,,341.79
13.3,,,,,341.79
13.304,,,,,341.79
13.308,,,,,341.79
13.312,,,,,341.79
13.316,,,,,341.79
13.32,,,,,341.79
13.324,,,,,341.79
13.328,,,,,341.79
13.332,,,,,341.79
13.336,,,,,341.79
13.34,,,,,341.79
13.344,,,,,341.79
13.348,,,,,341.79
13.352,,,,,341.79
13.356,,,,,341.79
13.36,,,,,341.79
13.364,,,,,341.79
13.368,,,,,341.79
13.372,,,,,341.79
13.376,,,,,341.79
13.38,,,,,341.79
13.384,,,,,341.79
13.388,,,,,341.79
13.392,,,,,341.79
13.396,,,,,341.79
13.4,,,,,341.79
13.404,,,,,341.79
13.408,,,,,341.79
13.412,,,,,341.79
13.416,,,,,341.79
13.42,,,,,341.79
13.424,,,,,341.79
13.428,,,,,341.79
13.432,,,,,341.79
13.436,,,,,341.79
13.44,,,,,341.79
13.444,,,,,341.79
13.448,,,,,341.79
13.452,,,,,341.79
13.456,,,,,341.79
13.46,,,,,341.79
13.464,,,,,341.79
13.468,,,,,341.79
13.472,,,,,341.79
13.476,,,,,341.79
13.48,,,,,341.79
13.484,,,,,341.79
13.488,,,,,341.79
13.492,,,,,341.79
13.496,,,,,341.79
13.5,,,,,341.79
13.504,,,,,341.79
13.508,,,,,341.79
13.512,,,,,341.79
13.516,,,,,341.79
13.52,,,,,341.79
13.524,,,,,341.79
13.528,,,,,341.79
13.532,,,,,341.79
13.536,,,,,341.79
13.54,,,,,341.79
13.544,,,,,341.79
13.548,,,,,341.79
13.552,,,,,341.79
13.556,,,,,341.79
13.56,,,,,341.79
13.564,,,,,341.79
13.568,,,,,341.79
13.572,,,,,341.79
13.576,,,,,341.79
13.58,,,,,341.79
13.584,,,,,341.79
13.588,,,,,341.79
13.592,,,,,341.79
13.596,,,,,341.79
13.6,,,,,341.79
13.604,,,,,341.79
13.608,,,,,341.79
13.612,,,,,341.79
13.616,,,,,341.79
13.62,,,,,341.79
13.624,,,,,341.79
13.628,,,,,341.79
13.632,,,,,341.79
13.636,,,,,341.79
13.64,,,,,341.79
13.644,,,,,341.79
13.648,,,,,341.79
13.652,,,,,341.79
13.656,,,,,341.79
13.66,,,,,341.79
13.664,,,,,341.79
13.668,,,,,341.79
13.672,,,,,341.79
13.676,,,,,341.79
13.68,,,,,341.79
13.684,,,,,341.79
13.688,,,,,341.79
13.692,,,,,341.79
13.696,,,,,341.79
13.7,,,,,341.79
13.704,,,,,341.79
13.708,,,,,341.79
13.712,,,,,341.79
13.716,,,,,341.79
13.72,,,,,341.79
13.724,,,,,341.79
13.728,,,,,341.79
13.732,,,,,341.79
13.736,,,,,341.79
13.74,,,,,341.79
13.744,,,,,341.79
13.748,,,,,341.79
13.752,,,,,341.79
13.756,,,,,341.79
13.76,,,,,341.79
13.764,,,,,341.79
13.768,,,,,341.79
13.772,,,,,341.79
13.776,,,,,341.79
13.78,,,,,341.79
13.784,,,,,341.79
13.788,,,,,341.79
13.792,,,,,341.79
13.796,,,,,341.79
13.8,,,,,341.79
13.804,,,,,341.79
13.808,,,,,341.79
13.812,,,,,341.79
13.816,,,,,341.79
13.82,,,,,341.79
13.824,,,,,341.79
13.828,,,,,341.79
13.832,,,,,341.79
13.836,,,,,341.79
13.84,,,,,341.79
13.844,,,,,341.79
13.848,,,,,341.79
13.852,,,,,341.79
13.856,,,,,341.79
13.86,,,,,341.79
13.864,,,,,341.79
13.868,,,,,341.79
13.872,,,,,341.79
13.876,,,,,341.79
13.88,,,,,341.79
13.884,,,,,341.79
13.888,,,,,341.79
13.892,,,,,341.79
13.896,,,,,341.79
13.9,,,,,341.79
13.904,,,,,341.79
13.908,,,,,341.79
13.912,,,,,341.79
13.916,,,,,341.79
13.92,,,,,341.79
13.924,,,,,341.79
13.928,,,,,341.79
13.932,,,,,341.79
13.936,,,,,341.79
13.94,,,,,341.79
13.944,,,,,341.79
13.948,,,,,341.79
13.952,,,,,341.79
13.956,,,,,341.79
13.96,,,,,341.79
13.964,,,,,341.79
13.968,,,,,341.79
13.972,,,,,341.79
13.976,,,,,341.79
13.98,,,,,341.79
13.984,,,,,341.79
13.988,,,,,341.79
13.992,,,,,341.79
13.996,,,,,341.79
14.0,,,,,341.79
14.004,,,,,341.79
14.008,,,,,341.79
14.012,,,,,341.79
14.016,,,,,341.79
14.02,,,,,341.79
14.024,,,,,341.79
14.028,,,,,341.79
14.032,,,,,341.79
14.036,,,,,341.79
14.04,,,,,341.79
14.044,,,,,341.79
14.048,,,,,341.79
14.052,,,,,341.79
14.056,,,,,341.79
14.06,,,,,341.79
14.064,,,,,341.79
14.068,,,,,341.79
14.072,,,,,341.79
14.076,,,,,341.79
14.08,,,,,341.79
14.084,,,,,341.79
14.088,,,,,341.79
14.092,,,,,341.79
14.096,,,,,341.79
14.1,,,,,341.79
14.104,,,,,341.79
14.108,,,,,341.79
14.112,,,,,341.79
14.116,,,,,341.79
14.12,,,,,341.79
14.124,,,,,341.79
14.128,,,,,341.79
14.132,,,,,341.79
14.136,,,,,341.79
14.14,,,,,341.79
14.144,,,,,341.79
14.148,,,,,341.79
14.152,,,,,341.79
14.156,,,,,341.79
14.16,,,,,341.79
14.164,,,,,341.79
14.168,,,,,341.79
14.172,,,,,341.79
14.176,,,,,341.79
14.18,,,,,341.79
14.184,,,,,341.79
14.188,,,,,341.79
14.192,,,,,341.79
14.196,,,,,341.79
14.2,,,,,341.79
14.204,,,,,341.79
14.208,,,,,341.79
14.212,,,,,341.79
14.216,,,,,341.79
14.22,,,,,341.79
14.224,,,,,341.79
14.228,,,,,341.79
14.232,,,,,341.79
14.236,,,,,341.79
14.24,,,,,341.79
14.244,,,,,341.79
14.248,,,,,341.79
14.252,,,,,341.79
14.256,,,,,341.79
14.26,,,,,341.79
14.264,,,,,341.79
14.268,,,,,341.79
14.272,,,,,341.79
14.276,,,,,341.79
14.28,,,,,341.79
14.284,,,,,341.79
14.288,,,,,341.79
14.292,,,,,341.79
14.296,,,,,341.79
14.3,,,,,341.79
14.304,,,,,341.79
14.308,,,,,341.79
14.312,,,,,341.79
14.316,,,,,341.79
14.32,,,,,341.79
14.324,,,,,341.79
14.328,,,,,341.79
14.332,,,,,341.79
14.336,,,,,341.79
14.34,,,,,341.79
14.344,,,,,341.79
14.348,,,,,341.79
14.352,,,,,341.79
14.356,,,,,341.79
14.36,,,,,341.79
14.364,0.0005040245366048673,,,,341.79
14.368,0.0007640245366048775,,,,341.79
14.372,0.000934024536604881,,,,341.79
14.376,0.001274024536604888,,,,341.79
14.38,0.001704024536604874,,,,341.79
14.384,0.0021240245366048777,,,,341.79
14.388,0.0025540245366048914,,,,341.79
14.392,0.0028940245366048706,,,,341.79
14.396,0.0032340245366048776,,,,341.79
14.4,0.0036640245366048913,,,,341.79
14.404,0.004094024536604877,,,,341.79
14.408,0.004434024536604884,,,,341.79
14.412,0.004774024536604891,,,,341.79
14.416,0.005034024536604873,,,,341.79
14.42,0.00537402453660488,,,,341.79
14.424,0.005804024536604894,,,,341.79
14.428,0.006144024536604873,,,,341.79
14.432,0.006404024536604883,,,,341.79
14.436,0.00674402453660489,,,,341.79
14.44,0.0070840245366048694,,,,341.79
14.444,0.0070840245366048694,,,,341.79
14.448,0.007514024536604883,,,,341.79
14.452,0.007764024536604883,,,,341.79
14.456,0.00810402453660489,,,,341.79
14.46,0.008284024536604904,,,,341.79
14.464,0.008624024536604855,,,,341.79
14.468,0.008874024536604883,,,,341.79
14.472,0.009134024536604866,,,,341.79
14.476,0.009394024536604904,,,,341.79
14.48,0.009474024536604873,,,,341.79
14.484,0.009734024536604855,,,,341.79
14.488,0.00981402453660488,,,,341.79
14.492,0.009984024536604883,,,,341.79
14.496,0.010244024536604866,,,,341.79
14.5,0.010244024536604866,,,,341.79
14.504,0.0103340245366049,,,,341.79
14.508,0.010584024536604873,,,,341.79
14.512,0.010674024536604907,,,,341.79
14.516,0.010754024536604876,,,,341.79
14.52,0.010674024536604907,,,,341.79
14.524,0.010754024536604876,,,,341.79
14.528,0.011014024536604859,,,,341.79
14.532,0.011104024536604893,,,,341.79
14.536,0.011104024536604893,,,,341.79
14.54,0.011104024536604893,,,,341.79
14.544,0.011014024536604859,,,,341.79
14.548,0.011104024536604893,,,,341.79
14.552,0.011104024536604893,,,,341.79
14.556,0.011104024536604893,,,,341.79
14.56,0.011014024536604859,,,,341.79
14.564,0.010754024536604876,,,,341.79
14.568,0.010674024536604907,,,,341.79
14.572,0.010674024536604907,,,,341.79
14.576,0.010504024536604904,,,,341.79
14.58,0.010164024536604897,,,,341.79
14.584,0.009904024536604859,,,,341.79
14.588,0.00981402453660488,,,,341.79
14.592,0.009564024536604907,,,,341.79
14.596,0.00930402453660487,,,,341.79
14.6,0.009044024536604887,,,,341.79
14.604,0.008964024536604862,,,,341.79
14.608,0.008794024536604859,,,,341.79
14.612,0.008534024536604876,,,,341.79
14.616,0.008284024536604904,,,,341.79
14.62,0.00819402453660487,,,,341.79
14.624,0.007934024536604887,,,,341.79
14.628,0.007764024536604883,,,,341.79
14.632,0.007514024536604883,,,,341.79
14.636,0.00734402453660488,,,,341.79
14.64,0.0069940245366048905,,,,341.79
14.644,0.00674402453660489,,,,341.79
14.648,0.006574024536604887,,,,341.79
14.652,0.006144024536604873,,,,341.79
14.656,0.005804024536604894,,,,341.79
14.66,0.005714024536604887,,,,341.79
14.664,0.00537402453660488,,,,341.79
14.668,0.004944024536604894,,,,341.79
14.672,0.0045240245366048905,,,,341.79
14.676,0.0041740245366048735,,,,341.79
14.68,0.0037540245366048702,,,,341.79
14.684,0.003404024536604881,,,,341.79
14.688,0.0032340245366048776,,,,341.79
14.692,0.0028940245366048706,,,,341.79
14.696,0.0024640245366048846,,,,341.79
14.7,0.0021240245366048777,,,,341.79
14.704,0.001704024536604874,,,,341.79
14.708,0.0011840245366048813,,,,341.79
14.712,0.0008440245366048742,,,,341.79
14.716,0.0007640245366048775,,,,341.79
14.72,0.0005040245366048673,,,,341.79
14.724,-5.975463395115394e-06,,,,341.79
14.728,-0.00034597546339512234,,,,341.79
14.732,-0.0004359754633951291,,,,341.79
14.736,-0.0008659754633951151,,,,341.79
14.74,-0.0012859754633951187,,,,341.79
14.744,-0.001545975463395129,,,,341.79
14.748,-0.0017159754633951324,,,,341.79
14.752,-0.001975975463395115,,,,341.79
14.756,-0.0020559754633951116,,,,341.79
14.76,-0.0024059754633951286,,,,341.79
14.764,-0.0027459754633951078,,,,341.79
14.768,-0.0029159754633951112,,,,341.79
14.772,-0.0034259754633951217,,,,341.79
14.776,-0.0040259754633951116,,,,341.79
14.78,-0.004105975463395108,,,,341.79
14.784,-0.0043659754633951185,,,,341.79
14.788,-0.004625975463395129,,,,341.79
14.792,-0.004875975463395129,,,,341.79
14.796,-0.004875975463395129,,,,341.79
14.8,-0.004965975463395108,,,,341.79
14.804,-0.005225975463395118,,,,341.79
14.808,-0.005305975463395115,,,,341.79
14.812,-0.005645975463395122,,,,341.79
14.816,-0.005985975463395129,,,,341.79
14.82,-0.006245975463395111,,,,341.79
14.824,-0.0065059754633951215,,,,341.79
14.828,-0.006585975463395118,,,,341.79
14.832,-0.006755975463395122,,,,341.79
14.836,-0.0068459754633951285,,,,341.79
14.84,-0.007185975463395108,,,,341.79
14.844,-0.007615975463395121,,,,341.79
14.848,-0.007785975463395125,,,,341.79
14.852,-0.008125975463395132,,,,341.79
14.856,-0.008125975463395132,,,,341.79
14.86,-0.00821597546339511,,,,341.79
14.864,-0.008465975463395111,,,,341.79
14.868,-0.008555975463395118,,,,341.79
14.872,-0.008635975463395115,,,,341.79
14.876,-0.008635975463395115,,,,341.79
14.88,-0.008635975463395115,,,,341.79
14.884,-0.008895975463395125,,,,341.79
14.888,-0.008895975463395125,,,,341.79
14.892,-0.009065975463395128,,,,341.79
14.896,-0.00932597546339511,,,,341.79
14.9,-0.009405975463395107,,,,341.79
14.904,-0.009405975463395107,,,,341.79
14.908,-0.009495975463395114,,,,341.79
14.912,-0.009575975463395111,,,,341.79
14.916,-0.009745975463395114,,,,341.79
14.92,-0.009745975463395114,,,,341.79
14.924,-0.009745975463395114,,,,341.79
14.928,-0.009835975463395121,,,,341.79
14.932,-0.009835975463395121,,,,341.79
14.936,-0.009835975463395121,,,,341.79
14.94,-0.009835975463395121,,,,341.79
14.944,-0.009835975463395121,,,,341.79
14.948,-0.009745975463395114,,,,341.79
14.952,-0.009835975463395121,,,,341.79
14.956,-0.009835975463395121,,,,341.79
14.96,-0.009835975463395121,,,,341.79
14.964,-0.009835975463395121,,,,341.79
14.968,-0.009745975463395114,,,,341.79
14.972,-0.009495975463395114,,,,341.79
14.976,-0.009405975463395107,,,,341.79
14.98,-0.00932597546339511,,,,341.79
14.984,-0.009065975463395128,,,,341.79
14.988,-0.009065975463395128,,,,341.79
14.992,-0.008895975463395125,,,,341.79
14.996,-0.008635975463395115,,,,341.79
15.0,-0.008555975463395118,,,,341.79
15.004,-0.008295975463395108,,,,341.79
15.008,-0.00821597546339511,,,,341.79
15.012,-0.007865975463395122,,,,341.79
15.016,-0.007615975463395121,,,,341.79
15.02,-0.007445975463395118,,,,341.79
15.024,-0.007355975463395111,,,,341.79
15.028,-0.007105975463395111,,,,341.79
15.032,-0.0068459754633951285,,,,341.79
15.036,-0.006585975463395118,,,,341.79
15.04,-0.0065059754633951215,,,,341.79
15.044,-0.006165975463395115,,,,341.79
15.048,-0.005815975463395125,,,,341.79
15.052,-0.005645975463395122,,,,341.79
15.056,-0.005395975463395122,,,,341.79
15.06,-0.0050459754633951324,,,,341.79
15.064,-0.004875975463395129,,,,341.79
15.068,-0.004535975463395122,,,,341.79
15.072,-0.0040259754633951116,,,,341.79
15.076,-0.003595975463395125,,,,341.79
15.08,-0.003345975463395125,,,,341.79
15.084,-0.002995975463395108,,,,341.79
15.088,-0.0027459754633951078,,,,341.79
15.092,-0.0024059754633951286,,,,341.79
15.096,-0.0021459754633951183,,,,341.79
15.1,-0.001635975463395108,,,,341.79
15.104,-0.0012859754633951187,,,,341.79
15.108,-0.0011159754633951152,,,,341.79
15.112,-0.0007759754633951083,,,,341.79
15.116,-0.0004359754633951291,,,,341.79
15.12,7.402453660488135e-05,,,,341.79
15.124,0.0005040245366048673,,,,341.79
15.128,0.0007640245366048775,,,,341.79
15.132,0.000934024536604881,,,,341.79
15.136,0.001274024536604888,,,,341.79
15.14,0.0016140245366048672,,,,341.79
15.144,0.002044024536604881,,,,341.79
15.148,0.0024640245366048846,,,,341.79
15.152,0.0028940245366048706,,,,341.79
15.156,0.0033240245366048843,,,,341.79
15.16,0.0037540245366048702,,,,341.79
15.164,0.004094024536604877,,,,341.79
15.168,0.004434024536604884,,,,341.79
15.172,0.004774024536604891,,,,341.79
15.176,0.005034024536604873,,,,341.79
15.18,0.00537402453660488,,,,341.79
15.184,0.005804024536604894,,,,341.79
15.188,0.006144024536604873,,,,341.79
15.192,0.006404024536604883,,,,341.79
15.196,0.00648402453660488,,,,341.79
15.2,0.0066540245366048835,,,,341.79
15.204,0.0069940245366048905,,,,341.79
15.208,0.007254024536604873,,,,341.79
15.212,0.007424024536604876,,,,341.79
15.216,0.007764024536604883,,,,341.79
15.22,0.00810402453660489,,,,341.79
15.224,0.008284024536604904,,,,341.79
15.228,0.00870402453660488,,,,341.79
15.232,0.008794024536604859,,,,341.79
15.236,0.0092240245366049,,,,341.79
15.24,0.0092240245366049,,,,341.79
15.244,0.009394024536604904,,,,341.79
15.248,0.009394024536604904,,,,341.79
15.252,0.009564024536604907,,,,341.79
15.256,0.00981402453660488,,,,341.79
15.26,0.00981402453660488,,,,341.79
15.264,0.009984024536604883,,,,341.79
15.268,0.009984024536604883,,,,341.79
15.272,0.009984024536604883,,,,341.79
15.276,0.0103340245366049,,,,341.79
15.28,0.010584024536604873,,,,341.79
15.284,0.010584024536604873,,,,341.79
15.288,0.010674024536604907,,,,341.79
15.292,0.010754024536604876,,,,341.79
15.296,0.010754024536604876,,,,341.79
15.3,0.010674024536604907,,,,341.79
15.304,0.010674024536604907,,,,341.79
15.308,0.010674024536604907,,,,341.79
15.312,0.010674024536604907,,,,341.79
15.316,0.010414024536604869,,,,341.79
15.32,0.0103340245366049,,,,341.79
15.324,0.0103340245366049,,,,341.79
15.328,0.0103340245366049,,,,341.79
15.332,0.0103340245366049,,,,341.79
15.336,0.010244024536604866,,,,341.79
15.34,0.010074024536604862,,,,341.79
15.344,0.009904024536604859,,,,341.79
15.348,0.00981402453660488,,,,341.79
15.352,0.009394024536604904,,,,341.79
15.356,0.009044024536604887,,,,341.79
15.36,0.008964024536604862,,,,341.79
15.364,0.008964024536604862,,,,341.79
15.368,0.00870402453660488,,,,341.79
15.372,0.008624024536604855,,,,341.79
15.376,0.008454024536604907,,,,341.79
15.38,0.008454024536604907,,,,341.79
15.384,0.008284024536604904,,,,341.79
15.388,0.00810402453660489,,,,341.79
15.392,0.00785402453660489,,,,341.79
15.396,0.007684024536604887,,,,341.79
15.4,0.00734402453660488,,,,341.79
15.404,0.0070840245366048694,,,,341.79
15.408,0.006914024536604894,,,,341.79
15.412,0.006574024536604887,,,,341.79
15.416,0.0063140245366048765,,,,341.79
15.42,0.006144024536604873,,,,341.79
15.424,0.00563402453660489,,,,341.79
15.428,0.005034024536604873,,,,341.79
15.432,0.005034024536604873,,,,341.79
15.436,0.004944024536604894,,,,341.79
15.44,0.0045240245366048905,,,,341.79
15.444,0.00400402453660487,,,,341.79
15.448,0.0037540245366048702,,,,341.79
15.452,0.0035840245366048945,,,,341.79
15.456,0.0032340245366048776,,,,341.79
15.46,0.0028940245366048706,,,,341.79
15.464,0.0025540245366048914,,,,341.79
15.468,0.002044024536604881,,,,341.79
15.472,0.0016140245366048672,,,,341.79
15.476,0.0013540245366048848,,,,341.79
15.48,0.0011040245366048845,,,,341.79
15.484,0.0007640245366048775,,,,341.79
15.488,0.0004140245366048883,,,,341.79
15.492,0.0001640245366048881,,,,341.79
15.496,-9.597546339512214e-05,,,,341.79
15.5,-0.0004359754633951291,,,,341.79
15.504,-0.0006959754633951116,,,,341.79
15.508,-0.0008659754633951151,,,,341.79
15.512,-0.001205975463395122,,,,341.79
15.516,-0.0014659754633951322,,,,341.79
15.52,-0.001635975463395108,,,,341.79
15.524,-0.0018859754633951081,,,,341.79
15.528,-0.0020559754633951116,,,,341.79
15.532,-0.0024059754633951286,,,,341.79
15.536,-0.0029159754633951112,,,,341.79
15.54,-0.003345975463395125,,,,341.79
15.544,-0.003685975463395132,,,,341.79
15.548,-0.003945975463395115,,,,341.79
15.552,-0.004195975463395115,,,,341.79
15.556,-0.004455975463395125,,,,341.79
15.56,-0.004535975463395122,,,,341.79
15.564,-0.004625975463395129,,,,341.79
15.568,-0.004875975463395129,,,,341.79
15.572,-0.005055975463395115,,,,341.79
15.576,-0.005395975463395122,,,,341.79
15.58,-0.005655975463395132,,,,341.79
15.584,-0.005815975463395125,,,,341.79
15.588,-0.006085975463395118,,,,341.79
15.592,-0.006245975463395111,,,,341.79
15.596,-0.006425975463395125,,,,341.79
15.6,-0.006755975463395122,,,,341.79
15.604,-0.0072759754633951144,,,,341.79
15.608,-0.007445975463395118,,,,341.79
15.612,-0.007705975463395128,,,,341.79
15.616,-0.007865975463395122,,,,341.79
15.62,-0.008135975463395114,,,,341.79
15.624,-0.008125975463395132,,,,341.79
15.628,-0.008305975463395118,,,,341.79
15.632,-0.008555975463395118,,,,341.79
15.636,-0.008645975463395125,,,,341.79
15.64,-0.008635975463395115,,,,341.79
15.644,-0.008645975463395125,,,,341.79
15.648,-0.008985975463395132,,,,341.79
15.652,-0.00907597546339511,,,,341.79
15.656,-0.009155975463395107,,,,341.79
15.66,-0.00932597546339511,,,,341.79
15.664,-0.009405975463395107,,,,341.79
15.668,-0.009585975463395121,,,,341.79
15.672,-0.009835975463395121,,,,341.79
15.676,-0.009845975463395131,,,,341.79
15.68,-0.009745975463395114,,,,341.79
15.684,-0.009755975463395124,,,,341.79
15.688,-0.009835975463395121,,,,341.79
15.692,-0.009925975463395128,,,,341.79
15.696,-0.010005975463395125,,,,341.79
15.7,-0.010265975463395107,,,,341.79
15.704,-0.010175975463395128,,,,341.79
15.708,-0.01018597546339511,,,,341.79
15.712,-0.010095975463395131,,,,341.79
15.716,-0.009925975463395128,,,,341.79
15.72,-0.009835975463395121,,,,341.79
15.724,-0.009845975463395131,,,,341.79
15.728,-0.009835975463395121,,,,341.79
15.732,-0.009845975463395131,,,,341.79
15.736,-0.009745975463395114,,,,341.79
15.74,-0.009755975463395124,,,,341.79
15.744,-0.009745975463395114,,,,341.79
15.748,-0.009495975463395114,,,,341.79
15.752,-0.009405975463395107,,,,341.79
15.756,-0.00932597546339511,,,,341.79
15.76,-0.009065975463395128,,,,341.79
15.764,-0.008985975463395132,,,,341.79
15.768,-0.008725975463395121,,,,341.79
15.772,-0.008475975463395121,,,,341.79
15.776,-0.00821597546339511,,,,341.79
15.78,-0.008045975463395107,,,,341.78
15.784,-0.007785975463395125,,,,341.78
15.788,-0.007705975463395128,,,,341.78
15.792,-0.007445975463395118,,,,341.78
15.796,-0.0072759754633951144,,,,341.78
15.8,-0.0068459754633951285,,,,341.78
15.804,-0.006675975463395125,,,,341.78
15.808,-0.006415975463395115,,,,341.78
15.812,-0.006085975463395118,,,,341.78
15.816,-0.005815975463395125,,,,341.78
15.82,-0.005645975463395122,,,,341.78
15.824,-0.005225975463395118,,,,341.78
15.828,-0.004875975463395129,,,,341.78
15.832,-0.0047059754633951255,,,,341.78
15.836,-0.0043659754633951185,,,,341.78
15.84,-0.0040259754633951116,,,,341.78
15.844,-0.0037659754633951287,,,,341.78
15.848,-0.0034259754633951217,,,,341.78
15.852,-0.0028259754633951323,,,,341.78
15.856,-0.0024859754633951253,,,,341.78
15.86,-0.0021459754633951183,,,,341.78
15.864,-0.0018859754633951081,,,,341.78
15.868,-0.001545975463395129,,,,341.78
15.872,-0.0012859754633951187,,,,341.78
15.876,-0.0007759754633951083,,,,341.78
15.88,-0.00034597546339512234,,,,341.78
15.884,7.402453660488135e-05,,,,341.78
15.888,0.0004140245366048883,,,,341.78
15.892,0.0005040245366048673,,,,341.78
15.896,0.0007640245366048775,,,,341.78
15.9,0.001274024536604888,,,,341.78
15.904,0.001704024536604874,,,,341.78
15.908,0.002044024536604881,,,,341.78
15.912,0.0025540245366048914,,,,341.78
15.916,0.0028940245366048706,,,,341.78
15.92,0.0033240245366048843,,,,341.78
15.924,0.0037540245366048702,,,,341.78
15.928,0.00400402453660487,,,,341.78
15.932,0.0045240245366048905,,,,341.78
15.936,0.004944024536604894,,,,341.78
15.94,0.005204024536604877,,,,341.78
15.944,0.00537402453660488,,,,341.78
15.948,0.005714024536604887,,,,341.78
15.952,0.006144024536604873,,,,341.78
15.956,0.006574024536604887,,,,341.78
15.96,0.0069940245366048905,,,,341.78
15.964,0.007164024536604894,,,,341.78
15.968,0.007164024536604894,,,,341.78
15.972,0.007424024536604876,,,,341.78
15.976,0.007764024536604883,,,,341.78
15.98,0.007934024536604887,,,,341.78
15.984,0.008284024536604904,,,,341.78
15.988,0.008624024536604855,,,,341.78
15.992,0.008964024536604862,,,,341.78
15.996,0.009134024536604866,,,,341.78
16.0,0.00930402453660487,,,,341.78
16.004,0.009474024536604873,,,,341.78
16.008,0.009734024536604855,,,,341.78
16.012,0.009904024536604859,,,,341.78
16.016,0.010074024536604862,,,,341.78
16.02,0.010074024536604862,,,,341.78
16.024,0.010074024536604862,,,,341.78
16.028,0.010164024536604897,,,,341.78
16.032,0.010244024536604866,,,,341.78
16.036,0.010244024536604866,,,,341.78
16.04,0.010164024536604897,,,,341.78
16.044,0.010244024536604866,,,,341.78
16.048,0.010414024536604869,,,,341.78
16.052,0.010674024536604907,,,,341.78
16.056,0.010754024536604876,,,,341.78
16.06,0.010674024536604907,,,,341.78
16.064,0.010584024536604873,,,,341.78
16.068,0.010504024536604904,,,,341.78
16.072,0.010244024536604866,,,,341.78
16.076,0.010244024536604866,,,,341.78
16.08,0.010244024536604866,,,,341.78
16.084,0.010244024536604866,,,,341.78
16.088,0.010164024536604897,,,,341.78
16.092,0.009984024536604883,,,,341.78
16.096,0.009904024536604859,,,,341.78
16.1,0.009904024536604859,,,,341.78
16.104,0.009904024536604859,,,,341.78
16.108,0.00981402453660488,,,,341.78
16.112,0.009564024536604907,,,,341.78
16.116,0.009474024536604873,,,,341.78
16.12,0.0092240245366049,,,,341.78
16.124,0.00870402453660488,,,,341.78
16.128,0.008624024536604855,,,,341.78
16.132,0.008534024536604876,,,,341.78
16.136,0.008454024536604907,,,,341.78
16.14,0.008534024536604876,,,,341.78
16.144,0.008284024536604904,,,,341.78
16.148,0.00810402453660489,,,,341.78
16.152,0.007764024536604883,,,,341.78
16.156,0.007514024536604883,,,,341.78
16.16,0.00734402453660488,,,,341.78
16.164,0.0070840245366048694,,,,341.78
16.168,0.006914024536604894,,,,341.78
16.172,0.006574024536604887,,,,341.78
16.176,0.0063140245366048765,,,,341.78
16.18,0.006054024536604894,,,,341.78
16.184,0.005714024536604887,,,,341.78
16.188,0.005464024536604887,,,,341.78
16.192,0.00511402453660487,,,,341.78
16.196,0.004694024536604894,,,,341.78
16.2,0.004604024536604887,,,,341.78
16.204,0.004434024536604884,,,,341.78
16.208,0.004094024536604877,,,,341.78
16.212,0.0037540245366048702,,,,341.78
16.216,0.003404024536604881,,,,341.78
16.22,0.0032340245366048776,,,,341.78
16.224,0.0028940245366048706,,,,341.78
16.228,0.0024640245366048846,,,,341.78
16.232,0.0021240245366048777,,,,341.78
16.236,0.0017840245366048707,,,,341.78
16.24,0.0015240245366048883,,,,341.78
16.244,0.0011840245366048813,,,,341.78
16.248,0.000934024536604881,,,,341.78
16.252,0.0008440245366048742,,,,341.78
16.256,0.0005040245366048673,,,,341.78
16.26,0.0001640245366048881,,,,341.78
16.264,-5.975463395115394e-06,,,,341.78
16.268,-0.00034597546339512234,,,,341.78
16.272,-0.0007759754633951083,,,,341.78
16.276,-0.0009459754633951118,,,,341.78
16.28,-0.0011159754633951152,,,,341.78
16.284,-0.0013759754633951254,,,,341.78
16.288,-0.0017159754633951324,,,,341.78
16.292,-0.0020559754633951116,,,,341.78
16.296,-0.0024859754633951253,,,,341.78
16.3,-0.0026559754633951288,,,,341.78
16.304,-0.0027459754633951078,,,,341.78
16.308,-0.0030859754633951147,,,,341.78
16.312,-0.003255975463395118,,,,341.78
16.316,-0.0034259754633951217,,,,341.78
16.32,-0.0037659754633951287,,,,341.78
16.324,-0.0040259754633951116,,,,341.78
16.328,-0.004105975463395108,,,,341.78
16.332,-0.004455975463395125,,,,341.78
16.336,-0.004795975463395132,,,,341.78
16.34,-0.0050459754633951324,,,,341.78
16.344,-0.005305975463395115,,,,341.78
16.348,-0.005395975463395122,,,,341.78
16.352,-0.005735975463395129,,,,341.78
16.356,-0.006165975463395115,,,,341.78
16.36,-0.006585975463395118,,,,341.78
16.364,-0.0068459754633951285,,,,341.78
16.368,-0.007105975463395111,,,,341.78
16.372,-0.007355975463395111,,,,341.78
16.376,-0.007525975463395115,,,,341.78
16.38,-0.007695975463395118,,,,341.78
16.384,-0.007785975463395125,,,,341.78
16.388,-0.007955975463395128,,,,341.78
16.392,-0.007955975463395128,,,,341.78
16.396,-0.008125975463395132,,,,341.78
16.4,-0.00821597546339511,,,,341.78
16.404,-0.008465975463395111,,,,341.78
16.408,-0.008635975463395115,,,,341.78
16.412,-0.008895975463395125,,,,341.78
16.416,-0.009065975463395128,,,,341.78
16.42,-0.00932597546339511,,,,341.78
16.424,-0.009405975463395107,,,,341.78
16.428,-0.009575975463395111,,,,341.78
16.432,-0.009835975463395121,,,,341.78
16.436,-0.009925975463395128,,,,341.78
16.44,-0.009925975463395128,,,,341.78
16.444,-0.009925975463395128,,,,341.78
16.448,-0.010175975463395128,,,,341.78
16.452,-0.010175975463395128,,,,341.78
16.456,-0.010265975463395107,,,,341.78
16.46,-0.010345975463395132,,,,341.78
16.464,-0.01043597546339511,,,,341.78
16.468,-0.01068597546339511,,,,341.78
16.472,-0.01068597546339511,,,,341.78
16.476,-0.01068597546339511,,,,341.78
16.48,-0.010515975463395107,,,,341.78
16.484,-0.01043597546339511,,,,341.78
16.488,-0.010345975463395132,,,,341.78
16.492,-0.010265975463395107,,,,341.78
16.496,-0.010265975463395107,,,,341.78
16.5,-0.010175975463395128,,,,341.78
16.504,-0.009925975463395128,,,,341.78
16.508,-0.009925975463395128,,,,341.78
16.512,-0.009745975463395114,,,,341.78
16.516,-0.009495975463395114,,,,341.78
16.52,-0.009495975463395114,,,,341.78
16.524,-0.009405975463395107,,,,341.78
16.528,-0.009155975463395107,,,,341.78
16.532,-0.008895975463395125,,,,341.78
16.536,-0.008635975463395115,,,,341.78
16.54,-0.008465975463395111,,,,341.78
16.544,-0.008295975463395108,,,,341.78
16.548,-0.008125975463395132,,,,341.78
16.552,-0.007865975463395122,,,,341.78
16.556,-0.007785975463395125,,,,341.78
16.56,-0.007525975463395115,,,,341.78
16.564,-0.0072759754633951144,,,,341.78
16.568,-0.006925975463395125,,,,341.78
16.572,-0.006585975463395118,,,,341.78
16.576,-0.0065059754633951215,,,,341.78
16.58,-0.006165975463395115,,,,341.78
16.584,-0.005815975463395125,,,,341.78
16.588,-0.005565975463395125,,,,341.78
16.592,-0.005225975463395118,,,,341.78
16.596,-0.004795975463395132,,,,341.78
16.6,-0.004535975463395122,,,,341.78
16.604,-0.0040259754633951116,,,,341.78
16.608,-0.003595975463395125,,,,341.78
16.612,-0.0034259754633951217,,,,341.78
16.616,-0.003255975463395118,,,,341.78
16.62,-0.0028259754633951323,,,,341.78
16.624,-0.0024059754633951286,,,,341.78
16.628,-0.0020559754633951116,,,,341.78
16.632,-0.001635975463395108,,,,341.78
16.636,-0.001205975463395122,,,,341.78
16.64,-0.0009459754633951118,,,,341.78
16.644,-0.0006959754633951116,,,,341.78
16.648,-0.00034597546339512234,,,,341.78
16.652,7.402453660488135e-05,,,,341.78
16.656,0.0005040245366048673,,,,341.78
16.66,0.0008440245366048742,,,,341.78
16.664,0.0011840245366048813,,,,341.78
16.668,0.0015240245366048883,,,,341.78
16.672,0.001954024536604874,,,,341.78
16.676,0.0024640245366048846,,,,341.78
16.68,0.0028940245366048706,,,,341.78
16.684,0.0032340245366048776,,,,341.78
16.688,0.0036640245366048913,,,,341.78
16.692,0.004094024536604877,,,,341.78
16.696,0.0045240245366048905,,,,341.78
16.7,0.00486402453660487,,,,341.78
16.704,0.004944024536604894,,,,341.78
16.708,0.005034024536604873,,,,341.78
16.712,0.00537402453660488,,,,341.78
16.716,0.005804024536604894,,,,341.78
16.72,0.00622402453660487,,,,341.78
16.724,0.0066540245366048835,,,,341.78
16.728,0.0066540245366048835,,,,341.78
16.732,0.0069940245366048905,,,,341.78
16.736,0.007254024536604873,,,,341.78
16.74,0.007424024536604876,,,,341.78
16.744,0.007764024536604883,,,,341.78
16.748,0.00810402453660489,,,,341.78
16.752,0.008284024536604904,,,,341.78
16.756,0.008534024536604876,,,,341.78
16.76,0.00870402453660488,,,,341.78
16.764,0.008874024536604883,,,,341.78
16.768,0.009134024536604866,,,,341.78
16.772,0.009394024536604904,,,,341.78
16.776,0.009394024536604904,,,,341.78
16.78,0.009474024536604873,,,,341.79
16.784,0.009734024536604855,,,,341.79
16.788,0.00981402453660488,,,,341.79
16.792,0.009904024536604859,,,,341.79
16.796,0.009984024536604883,,,,341.79
16.8,0.009984024536604883,,,,341.79
16.804,0.009984024536604883,,,,341.79
16.808,0.010244024536604866,,,,341.79
16.812,0.010244024536604866,,,,341.79
16.816,0.010244024536604866,,,,341.79
16.82,0.010244024536604866,,,,341.79
16.824,0.010244024536604866,,,,341.79
16.828,0.010244024536604866,,,,341.79
16.832,0.010244024536604866,,,,341.79
16.836,0.010244024536604866,,,,341.79
16.84,0.010244024536604866,,,,341.79
16.844,0.010244024536604866,,,,341.79
16.848,0.010244024536604866,,,,341.79
16.852,0.010244024536604866,,,,341.79
16.856,0.010244024536604866,,,,341.79
16.86,0.010164024536604897,,,,341.79
16.864,0.009904024536604859,,,,341.79
16.868,0.009904024536604859,,,,341.79
16.872,0.009904024536604859,,,,341.79
16.876,0.009734024536604855,,,,341.79
16.88,0.009394024536604904,,,,341.79
16.884,0.009134024536604866,,,,341.79
16.888,0.008964024536604862,,,,341.79
16.892,0.008874024536604883,,,,341.79
16.896,0.00870402453660488,,,,341.79
16.9,0.008624024536604855,,,,341.79
16.904,0.008364024536604873,,,,341.79
16.908,0.00810402453660489,,,,341.79
16.912,0.00785402453660489,,,,341.79
16.916,0.007684024536604887,,,,341.79
16.92,0.00759402453660488,,,,341.79
16.924,0.007764024536604883,,,,341.79
16.928,0.00759402453660488,,,,341.79
16.932,0.00734402453660488,,,,341.79
16.936,0.0069940245366048905,,,,341.79
16.94,0.0066540245366048835,,,,341.79
16.944,0.006404024536604883,,,,341.79
16.948,0.006054024536604894,,,,341.79
16.952,0.005804024536604894,,,,341.79
16.956,0.005714024536604887,,,,341.79
16.96,0.005284024536604873,,,,341.79
16.964,0.00486402453660487,,,,341.79
16.968,0.004604024536604887,,,,341.79
16.972,0.004434024536604884,,,,341.79
16.976,0.004094024536604877,,,,341.79
16.98,0.003834024536604867,,,,341.79
16.984,0.0036640245366048913,,,,341.79
16.988,0.0032340245366048776,,,,341.79
16.992,0.002814024536604874,,,,341.79
16.996,0.0024640245366048846,,,,341.79
17.0,0.001954024536604874,,,,341.79
17.004,0.001704024536604874,,,,341.79
17.008,0.0015240245366048883,,,,341.79
17.012,0.0011840245366048813,,,,341.79
17.016,0.0008440245366048742,,,,341.79
17.02,0.0005040245366048673,,,,341.79
17.024,0.0003340245366048916,,,,341.79
17.028,-5.975463395115394e-06,,,,341.79
17.032,-0.0002659754633951256,,,,341.79
17.036,-0.0004359754633951291,,,,341.79
17.04,-0.0006959754633951116,,,,341.79
17.044,-0.0010359754633951185,,,,341.79
17.048,-0.0012859754633951187,,,,341.79
17.052,-0.0017159754633951324,,,,341.79
17.056,-0.0020559754633951116,,,,341.79
17.06,-0.002315975463395122,,,,341.79
17.064,-0.0027459754633951078,,,,341.79
17.068,-0.0029159754633951112,,,,341.79
17.072,-0.003255975463395118,,,,341.79
17.076,-0.0035159754633951284,,,,341.79
17.08,-0.0035159754633951284,,,,341.79
17.084,-0.0037659754633951287,,,,341.79
17.088,-0.0040259754633951116,,,,341.79
17.092,-0.004195975463395115,,,,341.79
17.096,-0.004535975463395122,,,,341.79
17.1,-0.004795975463395132,,,,341.79
17.104,-0.004965975463395108,,,,341.79
17.108,-0.005305975463395115,,,,341.79
17.112,-0.005645975463395122,,,,341.79
17.116,-0.005815975463395125,,,,341.79
17.12,-0.006075975463395108,,,,341.79
17.124,-0.006165975463395115,,,,341.79
17.128,-0.0065059754633951215,,,,341.79
17.132,-0.0068459754633951285,,,,341.79
17.136,-0.007185975463395108,,,,341.79
17.14,-0.007615975463395121,,,,341.79
17.144,-0.007785975463395125,,,,341.79
17.148,-0.008045975463395107,,,,341.79
17.152,-0.008125975463395132,,,,341.79
17.156,-0.00821597546339511,,,,341.79
17.16,-0.008295975463395108,,,,341.79
17.164,-0.008555975463395118,,,,341.79
17.168,-0.008555975463395118,,,,341.79
17.172,-0.008725975463395121,,,,341.79
17.176,-0.008985975463395132,,,,341.79
17.18,-0.009065975463395128,,,,341.79
17.184,-0.00932597546339511,,,,341.79
17.188,-0.009495975463395114,,,,341.79
17.192,-0.009575975463395111,,,,341.79
17.196,-0.009745975463395114,,,,341.79
17.2,-0.009745975463395114,,,,341.79
17.204,-0.009745975463395114,,,,341.79
17.208,-0.009835975463395121,,,,341.79
17.212,-0.009925975463395128,,,,341.79
17.216,-0.010175975463395128,,,,341.79
17.22,-0.010345975463395132,,,,341.79
17.224,-0.010345975463395132,,,,341.79
17.228,-0.010265975463395107,,,,341.79
17.232,-0.010265975463395107,,,,341.79
17.236,-0.010265975463395107,,,,341.79
17.24,-0.010265975463395107,,,,341.79
17.244,-0.010265975463395107,,,,341.79
17.248,-0.010345975463395132,,,,341.79
17.252,-0.010265975463395107,,,,341.79
17.256,-0.010265975463395107,,,,341.79
17.26,-0.010175975463395128,,,,341.79
17.264,-0.009925975463395128,,,,341.79
17.268,-0.009835975463395121,,,,341.79
17.272,-0.009745975463395114,,,,341.79
17.276,-0.009745975463395114,,,,341.79
17.28,-0.009575975463395111,,,,341.79
17.284,-0.00932597546339511,,,,341.79
17.288,-0.009065975463395128,,,,341.79
17.292,-0.008985975463395132,,,,341.79
17.296,-0.008805975463395118,,,,341.79
17.3,-0.008725975463395121,,,,341.79
17.304,-0.008555975463395118,,,,341.79
17.308,-0.008295975463395108,,,,341.79
17.312,-0.008125975463395132,,,,341.79
17.316,-0.007865975463395122,,,,341.79
17.32,-0.007695975463395118,,,,341.79
17.324,-0.007445975463395118,,,,341.79
17.328,-0.0072759754633951144,,,,341.79
17.332,-0.006925975463395125,,,,341.79
17.336,-0.006675975463395125,,,,341.79
17.34,-0.0065059754633951215,,,,341.79
17.344,-0.006165975463395115,,,,341.79
17.348,-0.005905975463395132,,,,341.79
17.352,-0.005645975463395122,,,,341.79
17.356,-0.005305975463395115,,,,341.79
17.36,-0.0050459754633951324,,,,341.79
17.364,-0.0047059754633951255,,,,341.79
17.368,-0.004105975463395108,,,,341.79
17.372,-0.0038559754633951076,,,,341.79
17.376,-0.003595975463395125,,,,341.79
17.38,-0.003255975463395118,,,,341.79
17.384,-0.0028259754633951323,,,,341.79
17.388,-0.0024859754633951253,,,,341.79
17.392,-0.0024059754633951286,,,,341.79
17.396,-0.0020559754633951116,,,,341.79
17.4,-0.001635975463395108,,,,341.79
17.404,-0.0011159754633951152,,,,341.79
17.408,-0.0006959754633951116,,,,341.79
17.412,-0.0004359754633951291,,,,341.79
17.416,-5.975463395115394e-06,,,,341.79
17.42,0.0004140245366048883,,,,341.79
17.424,0.0008440245366048742,,,,341.79
17.428,0.0011040245366048845,,,,341.79
17.432,0.001274024536604888,,,,341.79
17.436,0.0016140245366048672,,,,341.79
17.44,0.0021240245366048777,,,,341.79
17.444,0.0025540245366048914,,,,341.79
17.448,0.002814024536604874,,,,341.79
17.452,0.0033240245366048843,,,,341.79
17.456,0.0037540245366048702,,,,341.79
17.46,0.004094024536604877,,,,341.79
17.464,0.0045240245366048905,,,,341.79
17.468,0.004944024536604894,,,,341.79
17.472,0.00537402453660488,,,,341.79
17.476,0.005804024536604894,,,,341.79
17.48,0.006054024536604894,,,,341.79
17.484,0.006054024536604894,,,,341.79
17.488,0.006144024536604873,,,,341.79
17.492,0.006574024536604887,,,,341.79
17.496,0.0069940245366048905,,,,341.79
17.5,0.007254024536604873,,,,341.79
17.504,0.007424024536604876,,,,341.79
17.508,0.007684024536604887,,,,341.79
17.512,0.007934024536604887,,,,341.79
17.516,0.008284024536604904,,,,341.79
17.52,0.008624024536604855,,,,341.79
17.524,0.00870402453660488,,,,341.79
17.528,0.008964024536604862,,,,341.79
17.532,0.009134024536604866,,,,341.79
17.536,0.009394024536604904,,,,341.79
17.54,0.009394024536604904,,,,341.79
17.544,0.009474024536604873,,,,341.79
17.548,0.009734024536604855,,,,341.79
17.552,0.009904024536604859,,,,341.79
17.556,0.009904024536604859,,,,341.79
17.56,0.00981402453660488,,,,341.79
17.564,0.009904024536604859,,,,341.79
17.568,0.009984024536604883,,,,341.79
17.572,0.010244024536604866,,,,341.79
17.576,0.010244024536604866,,,,341.79
17.58,0.010244024536604866,,,,341.79
17.584,0.010244024536604866,,,,341.79
17.588,0.010244024536604866,,,,341.79
17.592,0.010164024536604897,,,,341.79
17.596,0.010164024536604897,,,,341.79
17.6,0.010244024536604866,,,,341.79
17.604,0.010244024536604866,,,,341.79
17.608,0.010244024536604866,,,,341.79
17.612,0.010244024536604866,,,,341.79
17.616,0.010244024536604866,,,,341.79
17.62,0.010164024536604897,,,,341.79
17.624,0.009904024536604859,,,,341.79
17.628,0.009904024536604859,,,,341.79
17.632,0.009904024536604859,,,,341.79
17.636,0.00981402453660488,,,,341.79
17.64,0.009734024536604855,,,,341.79
17.644,0.009474024536604873,,,,341.79
17.648,0.009474024536604873,,,,341.79
17.652,0.009394024536604904,,,,341.79
17.656,0.009044024536604887,,,,341.79
17.66,0.008794024536604859,,,,341.79
17.664,0.008624024536604855,,,,341.79
17.668,0.008364024536604873,,,,341.79
17.672,0.00810402453660489,,,,341.79
17.676,0.007934024536604887,,,,341.79
17.68,0.00810402453660489,,,,341.79
17.684,0.007934024536604887,,,,341.79
17.688,0.007764024536604883,,,,341.79
17.692,0.007514024536604883,,,,341.79
17.696,0.00734402453660488,,,,341.79
17.7,0.0069940245366048905,,,,341.79
17.704,0.0066540245366048835,,,,341.79
17.708,0.00648402453660488,,,,341.79
17.712,0.006144024536604873,,,,341.79
17.716,0.005884024536604891,,,,341.79
17.72,0.005714024536604887,,,,341.79
17.724,0.00537402453660488,,,,341.79
17.728,0.00511402453660487,,,,341.79
17.732,0.00486402453660487,,,,341.79
17.736,0.0045240245366048905,,,,341.79
17.74,0.0041740245366048735,,,,341.79
17.744,0.003834024536604867,,,,341.79
17.748,0.0035840245366048945,,,,341.79
17.752,0.0032340245366048776,,,,341.79
17.756,0.0028940245366048706,,,,341.79
17.76,0.002384024536604888,,,,341.79
17.764,0.002044024536604881,,,,341.79
17.768,0.001954024536604874,,,,341.79
17.772,0.001704024536604874,,,,341.79
17.776,0.0011840245366048813,,,,341.79
17.78,0.0007640245366048775,,,,341.79
17.784,0.000594024536604874,,,,341.79
17.788,0.0003340245366048916,,,,341.79
17.792,-5.975463395115394e-06,,,,341.79
17.796,-0.0002659754633951256,,,,341.79
17.8,-0.0005259754633951081,,,,341.79
17.804,-0.0008659754633951151,,,,341.79
17.808,-0.001205975463395122,,,,341.79
17.812,-0.0012859754633951187,,,,341.79
17.816,-0.001545975463395129,,,,341.79
17.82,-0.0017159754633951324,,,,341.79
17.824,-0.0020559754633951116,,,,341.79
17.828,-0.0024059754633951286,,,,341.79
17.832,-0.0029159754633951112,,,,341.79
17.836,-0.003255975463395118,,,,341.79
17.84,-0.0034259754633951217,,,,341.79
17.844,-0.0037659754633951287,,,,341.79
17.848,-0.0038559754633951076,,,,341.79
17.852,-0.0037659754633951287,,,,341.79
17.856,-0.004105975463395108,,,,341.79
17.86,-0.004455975463395125,,,,341.79
17.864,-0.004795975463395132,,,,341.79
17.868,-0.0050459754633951324,,,,341.79
17.872,-0.005305975463395115,,,,341.79
17.876,-0.005475975463395118,,,,341.79
17.88,-0.005815975463395125,,,,341.79
17.884,-0.006075975463395108,,,,341.79
17.888,-0.006245975463395111,,,,341.79
17.892,-0.0065059754633951215,,,,341.79
17.896,-0.006675975463395125,,,,341.79
17.9,-0.007105975463395111,,,,341.79
17.904,-0.007185975463395108,,,,341.79
17.908,-0.007615975463395121,,,,341.79
17.912,-0.007865975463395122,,,,341.79
17.916,-0.008125975463395132,,,,341.79
17.92,-0.008295975463395108,,,,341.79
17.924,-0.008465975463395111,,,,341.79
17.928,-0.008465975463395111,,,,341.79
17.932,-0.008635975463395115,,,,341.79
17.936,-0.008725975463395121,,,,341.79
17.94,-0.008985975463395132,,,,341.79
17.944,-0.009155975463395107,,,,341.79
17.948,-0.009405975463395107,,,,341.79
17.952,-0.009495975463395114,,,,341.79
17.956,-0.009495975463395114,,,,341.79
17.96,-0.009665975463395118,,,,341.79
17.964,-0.009745975463395114,,,,341.79
17.968,-0.009835975463395121,,,,341.79
17.972,-0.009925975463395128,,,,341.79
17.976,-0.010175975463395128,,,,341.79
17.98,-0.010345975463395132,,,,341.79
17.984,-0.010345975463395132,,,,341.79
17.988,-0.010265975463395107,,,,341.79
17.992,-0.010265975463395107,,,,341.79
17.996,-0.010265975463395107,,,,341.79
18.0,-0.010265975463395107,,,,341.79
18.004,-0.010265975463395107,,,,341.79
18.008,-0.010265975463395107,,,,341.79
18.012,-0.010265975463395107,,,,341.79
18.016,-0.010265975463395107,,,,341.79
18.02,-0.010265975463395107,,,,341.79
18.024,-0.010175975463395128,,,,341.79
18.028,-0.009925975463395128,,,,341.79
18.032,-0.009925975463395128,,,,341.79
18.036,-0.009835975463395121,,,,341.79
18.04,-0.009575975463395111,,,,341.79
18.044,-0.009405975463395107,,,,341.79
18.048,-0.00932597546339511,,,,341.79
18.052,-0.009065975463395128,,,,341.79
18.056,-0.008985975463395132,,,,341.79
18.06,-0.008805975463395118,,,,341.79
18.064,-0.008635975463395115,,,,341.79
18.068,-0.008555975463395118,,,,341.79
18.072,-0.008295975463395108,,,,341.79
18.076,-0.00821597546339511,,,,341.79
18.08,-0.007955975463395128,,,,341.79
18.084,-0.007695975463395118,,,,341.79
18.088,-0.007355975463395111,,,,341.79
18.092,-0.007105975463395111,,,,341.79
18.096,-0.006925975463395125,,,,341.79
18.1,-0.006675975463395125,,,,341.79
18.104,-0.0065059754633951215,,,,341.79
18.108,-0.006245975463395111,,,,341.79
18.112,-0.005905975463395132,,,,341.79
18.116,-0.005645975463395122,,,,341.79
18.12,-0.005305975463395115,,,,341.79
18.124,-0.0050459754633951324,,,,341.79
18.128,-0.004875975463395129,,,,341.79
18.132,-0.004535975463395122,,,,341.79
18.136,-0.004195975463395115,,,,341.79
18.14,-0.003685975463395132,,,,341.79
18.144,-0.003255975463395118,,,,341.79
18.148,-0.0029159754633951112,,,,341.79
18.152,-0.0026559754633951288,,,,341.79
18.156,-0.0024059754633951286,,,,341.79
18.16,-0.001975975463395115,,,,341.79
18.164,-0.001545975463395129,,,,341.79
18.168,-0.001205975463395122,,,,341.79
18.172,-0.0007759754633951083,,,,341.79
18.176,-0.0004359754633951291,,,,341.79
18.18,-0.0002659754633951256,,,,341.79
18.184,7.402453660488135e-05,,,,341.79
18.188,0.0004140245366048883,,,,341.79
18.192,0.0007640245366048775,,,,341.79
18.196,0.001274024536604888,,,,341.79
18.2,0.001704024536604874,,,,341.79
18.204,0.002044024536604881,,,,341.79
18.208,0.0024640245366048846,,,,341.79
18.212,0.0028940245366048706,,,,341.79
18.216,0.003154024536604881,,,,341.79
18.22,0.0033240245366048843,,,,341.79
18.224,0.0036640245366048913,,,,341.79
18.228,0.0041740245366048735,,,,341.79
18.232,0.004604024536604887,,,,341.79
18.236,0.004944024536604894,,,,341.79
18.24,0.005284024536604873,,,,341.79
18.244,0.005714024536604887,,,,341.79
18.248,0.006054024536604894,,,,341.79
18.252,0.006144024536604873,,,,341.79
18.256,0.006404024536604883,,,,341.79
18.26,0.006914024536604894,,,,341.79
18.264,0.0069940245366048905,,,,341.79
18.268,0.0069940245366048905,,,,341.79
18.272,0.00734402453660488,,,,341.79
18.276,0.007684024536604887,,,,341.79
18.28,0.007934024536604887,,,,341.79
18.284,0.00819402453660487,,,,341.79
18.288,0.008364024536604873,,,,341.79
18.292,0.008624024536604855,,,,341.79
18.296,0.00870402453660488,,,,341.79
18.3,0.008874024536604883,,,,341.79
18.304,0.009134024536604866,,,,341.79
18.308,0.009394024536604904,,,,341.79
18.312,0.009564024536604907,,,,341.79
18.316,0.009734024536604855,,,,341.79
18.32,0.00981402453660488,,,,341.79
18.324,0.009904024536604859,,,,341.79
18.328,0.009904024536604859,,,,341.79
18.332,0.009984024536604883,,,,341.79
18.336,0.009984024536604883,,,,341.79
18.34,0.009984024536604883,,,,341.79
18.344,0.010244024536604866,,,,341.79
18.348,0.010244024536604866,,,,341.79
18.352,0.010244024536604866,,,,341.79
18.356,0.010164024536604897,,,,341.79
18.36,0.010244024536604866,,,,341.79
18.364,0.010244024536604866,,,,341.79
18.368,0.010244024536604866,,,,341.79
18.372,0.010244024536604866,,,,341.79
18.376,0.010244024536604866,,,,341.79
18.38,0.010244024536604866,,,,341.79
18.384,0.010244024536604866,,,,341.79
18.388,0.010164024536604897,,,,341.79
18.392,0.009984024536604883,,,,341.79
18.396,0.00981402453660488,,,,341.79
18.4,0.00981402453660488,,,,341.79
18.404,0.009904024536604859,,,,341.79
18.408,0.00981402453660488,,,,341.79
18.412,0.009734024536604855,,,,341.79
18.416,0.009474024536604873,,,,341.79
18.42,0.009394024536604904,,,,341.79
18.424,0.009044024536604887,,,,341.79
18.428,0.00870402453660488,,,,341.79
18.432,0.008534024536604876,,,,341.79
18.436,0.008284024536604904,,,,341.79
18.44,0.008284024536604904,,,,341.79
18.444,0.008284024536604904,,,,341.79
18.448,0.00810402453660489,,,,341.79
18.452,0.00785402453660489,,,,341.79
18.456,0.007684024536604887,,,,341.79
18.46,0.007424024536604876,,,,341.79
18.464,0.007254024536604873,,,,341.79
18.468,0.0069940245366048905,,,,341.79
18.472,0.006914024536604894,,,,341.79
18.476,0.0066540245366048835,,,,341.79
18.48,0.0063140245366048765,,,,341.79
18.484,0.006054024536604894,,,,341.79
18.488,0.005714024536604887,,,,341.79
18.492,0.00537402453660488,,,,341.79
18.496,0.005034024536604873,,,,341.79
18.5,0.004774024536604891,,,,341.79
18.504,0.004434024536604884,,,,341.79
18.508,0.0041740245366048735,,,,341.79
18.512,0.004094024536604877,,,,341.79
18.516,0.0037540245366048702,,,,341.79
18.52,0.0032340245366048776,,,,341.79
18.524,0.002814024536604874,,,,341.79
18.528,0.0024640245366048846,,,,341.79
18.532,0.0022140245366048844,,,,341.79
18.536,0.001954024536604874,,,,341.79
18.54,0.0016140245366048672,,,,341.79
18.544,0.001274024536604888,,,,341.79
18.548,0.000934024536604881,,,,341.79
18.552,0.000594024536604874,,,,341.79
18.556,0.0003340245366048916,,,,341.79
18.56,-5.975463395115394e-06,,,,341.79
18.564,-0.0002659754633951256,,,,341.79
18.568,-0.0004359754633951291,,,,341.79
18.572,-0.0008659754633951151,,,,341.79
18.576,-0.001205975463395122,,,,341.79
18.58,-0.0013759754633951254,,,,341.79
18.584,-0.001545975463395129,,,,341.79
18.588,-0.001635975463395108,,,,341.79
18.592,-0.0020559754633951116,,,,341.79
18.596,-0.0024859754633951253,,,,341.79
18.6,-0.0028259754633951323,,,,341.79
18.604,-0.003255975463395118,,,,341.79
18.608,-0.003595975463395125,,,,341.79
18.612,-0.003685975463395132,,,,341.79
18.616,-0.0037659754633951287,,,,341.79
18.62,-0.0040259754633951116,,,,341.79
18.624,-0.004105975463395108,,,,341.79
18.628,-0.004455975463395125,,,,341.79
18.632,-0.004795975463395132,,,,341.79
18.636,-0.004965975463395108,,,,341.79
18.64,-0.005305975463395115,,,,341.79
18.644,-0.005565975463395125,,,,341.79
18.648,-0.005735975463395129,,,,341.79
18.652,-0.006075975463395108,,,,341.79
18.656,-0.006335975463395118,,,,341.79
18.66,-0.006585975463395118,,,,341.79
18.664,-0.0068459754633951285,,,,341.79
18.668,-0.007185975463395108,,,,341.79
18.672,-0.007695975463395118,,,,341.79
18.676,-0.007865975463395122,,,,341.79
18.68,-0.008125975463395132,,,,341.79
18.684,-0.00821597546339511,,,,341.79
18.688,-0.008295975463395108,,,,341.79
18.692,-0.008295975463395108,,,,341.79
18.696,-0.008555975463395118,,,,341.79
18.7,-0.008635975463395115,,,,341.79
18.704,-0.008895975463395125,,,,341.79
18.708,-0.009155975463395107,,,,341.79
18.712,-0.009405975463395107,,,,341.79
18.716,-0.009495975463395114,,,,341.79
18.72,-0.009665975463395118,,,,341.79
18.724,-0.009835975463395121,,,,341.79
18.728,-0.010095975463395131,,,,341.79
18.732,-0.010175975463395128,,,,341.79
18.736,-0.010175975463395128,,,,341.79
18.74,-0.010265975463395107,,,,341.79
18.744,-0.010345975463395132,,,,341.79
18.748,-0.010345975463395132,,,,341.79
18.752,-0.010345975463395132,,,,341.79
18.756,-0.010515975463395107,,,,341.79
18.76,-0.010515975463395107,,,,341.79
18.764,-0.010605975463395114,,,,341.79
18.768,-0.010605975463395114,,,,341.79
18.772,-0.010345975463395132,,,,341.79
18.776,-0.01043597546339511,,,,341.79
18.78,-0.010605975463395114,,,,341.79
18.784,-0.010605975463395114,,,,341.79
18.788,-0.010345975463395132,,,,341.79
18.792,-0.010265975463395107,,,,341.79
18.796,-0.010345975463395132,,,,341.79
18.8,-0.010175975463395128,,,,341.79
18.804,-0.009925975463395128,,,,341.79
18.808,-0.009835975463395121,,,,341.79
18.812,-0.009745975463395114,,,,341.79
18.816,-0.009575975463395111,,,,341.79
18.82,-0.00932597546339511,,,,341.79
18.824,-0.009065975463395128,,,,341.79
18.828,-0.008985975463395132,,,,341.79
18.832,-0.008725975463395121,,,,341.79
18.836,-0.008555975463395118,,,,341.79
18.84,-0.008295975463395108,,,,341.79
18.844,-0.008045975463395107,,,,341.79
18.848,-0.007785975463395125,,,,341.79
18.852,-0.007695975463395118,,,,341.79
18.856,-0.007445975463395118,,,,341.79
18.86,-0.007105975463395111,,,,341.79
18.864,-0.0068459754633951285,,,,341.79
18.868,-0.0065059754633951215,,,,341.79
18.872,-0.006245975463395111,,,,341.79
18.876,-0.006075975463395108,,,,341.79
18.88,-0.005735975463395129,,,,341.79
18.884,-0.005475975463395118,,,,341.79
18.888,-0.005225975463395118,,,,341.79
18.892,-0.0047059754633951255,,,,341.79
18.896,-0.004195975463395115,,,,341.79
18.9,-0.003935975463395133,,,,341.79
18.904,-0.003595975463395125,,,,341.79
18.908,-0.003345975463395125,,,,341.79
18.912,-0.002995975463395108,,,,341.79
18.916,-0.0027459754633951078,,,,341.79
18.92,-0.0024059754633951286,,,,341.79
18.924,-0.0020559754633951116,,,,341.79
18.928,-0.0017159754633951324,,,,341.79
18.932,-0.0012859754633951187,,,,341.79
18.936,-0.0007759754633951083,,,,341.79
18.94,-0.00034597546339512234,,,,341.79
18.944,-9.597546339512214e-05,,,,341.79
18.948,-5.975463395115394e-06,,,,341.79
18.952,0.0004140245366048883,,,,341.79
18.956,0.0008440245366048742,,,,341.79
18.96,0.0011840245366048813,,,,341.79
18.964,0.0016140245366048672,,,,341.79
18.968,0.002044024536604881,,,,341.79
18.972,0.0024640245366048846,,,,341.79
18.976,0.0028940245366048706,,,,341.79
18.98,0.0032340245366048776,,,,341.79
18.984,0.0036640245366048913,,,,341.79
18.988,0.004094024536604877,,,,341.79
18.992,0.004434024536604884,,,,341.79
18.996,0.004604024536604887,,,,341.79
19.0,0.004694024536604894,,,,341.79
19.004,0.005034024536604873,,,,341.79
19.008,0.005464024536604887,,,,341.79
19.012,0.00597402453660487,,,,341.79
19.016,0.006054024536604894,,,,341.79
19.02,0.006144024536604873,,,,341.79
19.024,0.006574024536604887,,,,341.79
19.028,0.006914024536604894,,,,341.79
19.032,0.0070840245366048694,,,,341.79
19.036,0.007424024536604876,,,,341.79
19.04,0.007684024536604887,,,,341.79
19.044,0.007934024536604887,,,,341.79
19.048,0.00819402453660487,,,,341.79
19.052,0.008364024536604873,,,,341.79
19.056,0.008624024536604855,,,,341.79
19.06,0.00870402453660488,,,,341.79
19.064,0.008964024536604862,,,,341.79
19.068,0.009044024536604887,,,,341.79
19.072,0.009044024536604887,,,,341.79
19.076,0.00930402453660487,,,,341.79
19.08,0.009394024536604904,,,,341.79
19.084,0.009394024536604904,,,,341.79
19.088,0.009564024536604907,,,,341.79
19.092,0.009904024536604859,,,,341.79
19.096,0.010074024536604862,,,,341.79
19.1,0.010164024536604897,,,,341.79
19.104,0.010244024536604866,,,,341.79
19.108,0.010244024536604866,,,,341.79
19.112,0.010164024536604897,,,,341.79
19.116,0.010244024536604866,,,,341.79
19.12,0.010244024536604866,,,,341.79
19.124,0.010244024536604866,,,,341.79
19.128,0.010164024536604897,,,,341.79
19.132,0.010164024536604897,,,,341.79
19.136,0.010244024536604866,,,,341.79
19.14,0.010244024536604866,,,,341.79
19.144,0.010164024536604897,,,,341.79
19.148,0.009984024536604883,,,,341.79
19.152,0.009904024536604859,,,,341.79
19.156,0.009904024536604859,,,,341.79
19.16,0.009904024536604859,,,,341.79
19.164,0.009904024536604859,,,,341.79
19.168,0.00981402453660488,,,,341.79
19.172,0.009734024536604855,,,,341.79
19.176,0.009474024536604873,,,,341.79
19.18,0.00930402453660487,,,,341.79
19.184,0.009044024536604887,,,,341.79
19.188,0.008964024536604862,,,,341.79
19.192,0.008964024536604862,,,,341.79
19.196,0.008794024536604859,,,,341.79
19.2,0.008624024536604855,,,,341.79
19.204,0.008364024536604873,,,,341.79
19.208,0.00810402453660489,,,,341.79
19.212,0.00785402453660489,,,,341.79
19.216,0.00785402453660489,,,,341.79
19.22,0.00785402453660489,,,,341.79
19.224,0.007684024536604887,,,,341.79
19.228,0.007424024536604876,,,,341.79
19.232,0.00734402453660488,,,,341.79
19.236,0.0069940245366048905,,,,341.79
19.24,0.0066540245366048835,,,,341.79
19.244,0.00648402453660488,,,,341.79
19.248,0.00622402453660487,,,,341.79
19.252,0.006144024536604873,,,,341.79
19.256,0.005804024536604894,,,,341.79
19.26,0.005284024536604873,,,,341.79
19.264,0.004944024536604894,,,,341.79
19.268,0.00486402453660487,,,,341.79
19.272,0.004434024536604884,,,,341.79
19.276,0.00400402453660487,,,,341.79
19.28,0.003834024536604867,,,,341.79
19.284,0.0035840245366048945,,,,341.79
19.288,0.0032340245366048776,,,,341.79
19.292,0.0028940245366048706,,,,341.79
19.296,0.0024640245366048846,,,,341.79
19.3,0.0022140245366048844,,,,341.79
19.304,0.002044024536604881,,,,341.79
19.308,0.001704024536604874,,,,341.79
19.312,0.0011840245366048813,,,,341.79
19.316,0.0007640245366048775,,,,341.79
19.32,0.0005040245366048673,,,,341.79
19.324,0.0003340245366048916,,,,341.79
19.328,-5.975463395115394e-06,,,,341.79
19.332,-0.00034597546339512234,,,,341.79
19.336,-0.0006959754633951116,,,,341.79
19.34,-0.0009459754633951118,,,,341.79
19.344,-0.001205975463395122,,,,341.79
19.348,-0.0012859754633951187,,,,341.79
19.352,-0.0017159754633951324,,,,341.79
19.356,-0.0021459754633951183,,,,341.79
19.36,-0.0024859754633951253,,,,341.79
19.364,-0.0028259754633951323,,,,341.79
19.368,-0.003255975463395118,,,,341.79
19.372,-0.0035159754633951284,,,,341.79
19.376,-0.0035159754633951284,,,,341.79
19.38,-0.0037659754633951287,,,,341.79
19.384,-0.004105975463395108,,,,341.79
19.388,-0.0043659754633951185,,,,341.79
19.392,-0.004625975463395129,,,,341.79
19.396,-0.004965975463395108,,,,341.79
19.4,-0.005305975463395115,,,,341.79
19.404,-0.005645975463395122,,,,341.79
19.408,-0.005905975463395132,,,,341.79
19.412,-0.006245975463395111,,,,341.79
19.416,-0.0065059754633951215,,,,341.79
19.42,-0.006585975463395118,,,,341.79
19.424,-0.0068459754633951285,,,,341.79
19.428,-0.007105975463395111,,,,341.79
19.432,-0.007445975463395118,,,,341.79
19.436,-0.007785975463395125,,,,341.79
19.44,-0.008045975463395107,,,,341.79
19.444,-0.008295975463395108,,,,341.79
19.448,-0.008635975463395115,,,,341.79
19.452,-0.008725975463395121,,,,341.79
19.456,-0.008725975463395121,,,,341.79
19.46,-0.008985975463395132,,,,341.79
19.464,-0.009155975463395107,,,,341.79
19.468,-0.009405975463395107,,,,341.79
19.472,-0.009495975463395114,,,,341.79
19.476,-0.009665975463395118,,,,341.79
19.48,-0.009745975463395114,,,,341.79
19.484,-0.009925975463395128,,,,341.79
19.488,-0.010175975463395128,,,,341.79
19.492,-0.010175975463395128,,,,341.79
19.496,-0.010175975463395128,,,,341.79
19.5,-0.010175975463395128,,,,341.79
19.504,-0.010175975463395128,,,,341.79
19.508,-0.010175975463395128,,,,341.79
19.512,-0.010265975463395107,,,,341.79
19.516,-0.010345975463395132,,,,341.79
19.52,-0.010345975463395132,,,,341.79
19.524,-0.010345975463395132,,,,341.79
19.528,-0.010265975463395107,,,,341.79
19.532,-0.010265975463395107,,,,341.79
19.536,-0.010265975463395107,,,,341.79
19.54,-0.010265975463395107,,,,341.79
19.544,-0.010265975463395107,,,,341.79
19.548,-0.010265975463395107,,,,341.79
19.552,-0.010265975463395107,,,,341.79
19.556,-0.010005975463395125,,,,341.79
19.56,-0.009665975463395118,,,,341.79
19.564,-0.009745975463395114,,,,341.79
19.568,-0.009665975463395118,,,,341.79
19.572,-0.009575975463395111,,,,341.79
19.576,-0.00932597546339511,,,,341.79
19.58,-0.008895975463395125,,,,341.79
19.584,-0.008895975463395125,,,,341.79
19.588,-0.008635975463395115,,,,341.79
19.592,-0.008555975463395118,,,,341.79
19.596,-0.008385975463395114,,,,341.79
19.6,-0.008125975463395132,,,,341.79
19.604,-0.007865975463395122,,,,341.79
19.608,-0.007695975463395118,,,,341.79
19.612,-0.007525975463395115,,,,341.79
19.616,-0.007355975463395111,,,,341.79
19.62,-0.006925975463395125,,,,341.79
19.624,-0.006585975463395118,,,,341.79
19.628,-0.006415975463395115,,,,341.79
19.632,-0.006075975463395108,,,,341.79
19.636,-0.005815975463395125,,,,341.79
19.64,-0.005735975463395129,,,,341.79
19.644,-0.005475975463395118,,,,341.79
19.648,-0.005305975463395115,,,,341.79
19.652,-0.0047059754633951255,,,,341.79
19.656,-0.004195975463395115,,,,341.79
19.66,-0.0040259754633951116,,,,341.79
19.664,-0.003685975463395132,,,,341.79
19.668,-0.0034259754633951217,,,,341.79
19.672,-0.003255975463395118,,,,341.79
19.676,-0.0028259754633951323,,,,341.79
19.68,-0.0024059754633951286,,,,341.79
19.684,-0.0021459754633951183,,,,341.79
19.688,-0.001975975463395115,,,,341.79
19.692,-0.001635975463395108,,,,341.79
19.696,-0.0011159754633951152,,,,341.79
19.7,-0.0006959754633951116,,,,341.79
19.704,-0.0005259754633951081,,,,341.79
19.708,-0.00034597546339512234,,,,341.79
19.712,-5.975463395115394e-06,,,,341.79
19.716,0.0004140245366048883,,,,341.79
19.72,0.0008440245366048742,,,,341.79
19.724,0.0011040245366048845,,,,341.79
19.728,0.0013540245366048848,,,,341.79
19.732,0.001704024536604874,,,,341.79
19.736,0.0021240245366048777,,,,341.79
19.74,0.0025540245366048914,,,,341.79
19.744,0.002814024536604874,,,,341.79
19.748,0.003154024536604881,,,,341.79
19.752,0.0033240245366048843,,,,341.79
19.756,0.0036640245366048913,0.0005034877983731235,,,341.79
19.76,0.004094024536604877,0.0008534877983731127,,,341.79
19.764,0.004434024536604884,0.0012734877983731165,,,341.79
19.768,0.00486402453660487,0.0017034877983731025,,,341.79
19.772,0.00511402453660487,0.002133487798373116,,,341.79
19.776,0.00511402453660487,0.00255348779837312,,,341.79
19.78,0.00537402453660488,0.002983487798373106,,,341.79
19.784,0.005714024536604887,0.0034134877983731196,,,341.79
19.788,0.006054024536604894,0.0038434877983731055,,,341.79
19.792,0.0063140245366048765,0.004183487798373112,,,341.79
19.796,0.0066540245366048835,0.004613487798373126,,,341.79
19.8,0.006824024536604887,0.0050334877983731294,,,341.79
19.804,0.0069940245366048905,0.005463487798373115,,,341.79
19.808,0.007424024536604876,0.005893487798373129,,,341.79
19.812,0.007764024536604883,0.006063487798373105,,,341.79
19.816,0.007934024536604887,0.006233487798373108,,,341.79
19.82,0.00819402453660487,0.006663487798373122,,,341.79
19.824,0.008364024536604873,0.007083487798373126,,,341.79
19.828,0.008624024536604855,0.007433487798373115,,,341.79
19.832,0.008624024536604855,0.007773487798373122,,,341.79
19.836,0.00870402453660488,0.008023487798373122,,,341.79
19.84,0.008874024536604883,0.008373487798373139,,,341.79
19.844,0.009134024536604866,0.008623487798373112,,,341.79
19.848,0.009394024536604904,0.008793487798373115,,,341.79
19.852,0.009394024536604904,0.009053487798373097,,,341.79
19.856,0.009394024536604904,0.009223487798373101,,,341.79
19.86,0.009564024536604907,0.009483487798373139,,,341.79
19.864,0.00981402453660488,0.009653487798373142,,,341.79
19.868,0.009904024536604859,0.009733487798373111,,,341.79
19.872,0.009904024536604859,0.009733487798373111,,,341.79
19.876,0.009904024536604859,0.009733487798373111,,,341.79
19.88,0.009984024536604883,0.009993487798373094,,,341.79
19.884,0.010164024536604897,0.009993487798373094,,,341.79
19.888,0.010164024536604897,0.010073487798373118,,,341.79
19.892,0.010164024536604897,0.010073487798373118,,,341.79
19.896,0.010244024536604866,0.010073487798373118,,,341.79
19.9,0.010164024536604897,0.0103334877983731,,,341.79
19.904,0.010244024536604866,0.0103334877983731,,,341.79
19.908,0.010244024536604866,0.0103334877983731,,,341.79
19.912,0.010244024536604866,0.010253487798373132,,,341.79
19.916,0.010244024536604866,0.010073487798373118,,,341.79
19.92,0.010244024536604866,0.009993487798373094,,,341.79
19.924,0.010244024536604866,0.009903487798373115,,,341.79
19.928,0.010164024536604897,0.009903487798373115,,,341.79
19.932,0.009904024536604859,0.009903487798373115,,,341.79
19.936,0.009904024536604859,0.009993487798373094,,,341.79
19.94,0.009904024536604859,0.009993487798373094,,,341.79
19.944,0.00981402453660488,0.00982348779837309,,,341.79
19.948,0.009644024536604876,0.009563487798373108,,,341.79
19.952,0.0092240245366049,0.009563487798373108,,,341.79
19.956,0.009134024536604866,0.009563487798373108,,,341.79
19.96,0.008964024536604862,0.009483487798373139,,,341.79
19.964,0.00870402453660488,0.009223487798373101,,,341.79
19.968,0.008534024536604876,0.009223487798373101,,,341.79
19.972,0.008284024536604904,0.009133487798373122,,,341.79
19.976,0.00819402453660487,0.008963487798373119,,,341.79
19.98,0.008024024536604894,0.00871348779837309,,,341.79
19.984,0.008024024536604894,0.008623487798373112,,,341.79
19.988,0.00785402453660489,0.008373487798373139,,,341.79
19.992,0.007764024536604883,0.008373487798373139,,,341.79
19.996,0.00734402453660488,0.008283487798373105,,,341.79
20.0,0.0069940245366048905,0.008023487798373122,,,341.79
20.004,0.006824024536604887,0.007773487798373122,,,341.79
20.008,0.0066540245366048835,0.007513487798373112,,,341.79
20.012,0.006574024536604887,0.007433487798373115,,,341.79
20.016,0.006144024536604873,0.007173487798373105,,,341.79
20.02,0.005714024536604887,0.007083487798373126,,,341.79
20.024,0.005464024536604887,0.006913487798373122,,,341.79
20.028,0.005284024536604873,0.006743487798373119,,,341.79
20.032,0.004944024536604894,0.006663487798373122,,,341.79
20.036,0.004604024536604887,0.006403487798373112,,,341.79
20.04,0.00426402453660488,0.006143487798373129,,,341.79
20.044,0.00400402453660487,0.005803487798373122,,,341.79
20.048,0.0036640245366048913,0.005553487798373122,,,341.79
20.052,0.0032340245366048776,0.005293487798373112,,,341.79
20.056,0.002814024536604874,0.004953487798373105,,,341.79
20.06,0.0024640245366048846,0.0046934877983731225,,,341.79
20.064,0.0022140245366048844,0.004433487798373112,,,341.79
20.068,0.002044024536604881,0.003923487798373102,,,341.79
20.072,0.001704024536604874,0.0034934877983731163,,,341.79
20.076,0.0011840245366048813,0.003323487798373113,,,341.79
20.08,0.0007640245366048775,0.002983487798373106,,,341.79
20.084,0.0005040245366048673,0.0026434877983731266,,,341.79
20.088,0.0003340245366048916,0.002473487798373123,,,341.79
20.092,-5.975463395115394e-06,0.002213487798373113,,,341.79
20.096,-0.00034597546339512234,0.002133487798373116,,,341.79
20.1,-0.0005259754633951081,0.001873487798373106,,,341.79
20.104,-0.0008659754633951151,0.0017934877983731092,,,341.79
20.108,-0.0011159754633951152,0.00144348779837312,,,341.79
20.112,-0.0013759754633951254,0.0010234877983731163,,,341.79
20.116,-0.001635975463395108,0.000763487798373106,,,341.79
20.12,-0.0018059754633951114,0.0004234877983731268,,,341.79
20.124,-0.002315975463395122,0.00016348779837311656,,,341.79
20.128,-0.0027459754633951078,8.348779837311982e-05,,,341.79
20.132,-0.002995975463395108,-0.00025651220162688714,,,341.79
20.136,-0.003255975463395118,-0.0006065122016268764,,,341.79
20.14,-0.003345975463395125,-0.0008565122016268766,,,341.79
20.144,-0.0035159754633951284,-0.0011165122016268867,,,341.79
20.148,-0.0037659754633951287,-0.0012865122016268902,,,341.79
20.152,-0.004105975463395108,-0.0018865122016268796,,,341.79
20.156,-0.004455975463395125,-0.0022265122016268866,,,341.79
20.16,-0.004795975463395132,-0.00239651220162689,,,341.79
20.164,-0.0050459754633951324,-0.0026565122016268725,,,341.79
20.168,-0.005395975463395122,-0.002826512201626876,,,341.79
20.172,-0.005645975463395122,-0.003076512201626876,,,341.79
20.176,-0.005815975463395125,-0.003076512201626876,,,341.79
20.18,-0.006165975463395115,-0.0032565122016268897,,,341.79
20.184,-0.006415975463395115,-0.0036765122016268934,,,341.79
20.188,-0.006675975463395125,-0.004016512201626873,,,341.79
20.192,-0.006925975463395125,-0.00410651220162688,,,341.79
20.196,-0.007105975463395111,-0.004446512201626887,,,341.79
20.2,-0.007525975463395115,-0.004706512201626897,,,341.79
20.204,-0.007785975463395125,-0.004876512201626873,,,341.79
20.208,-0.007955975463395128,-0.00521651220162688,,,341.79
20.212,-0.007955975463395128,-0.00547651220162689,,,341.79
20.216,-0.008125975463395132,-0.00572651220162689,,,341.79
20.22,-0.008295975463395108,-0.006076512201626879,,,341.79
20.224,-0.008635975463395115,-0.006156512201626876,,,341.79
20.228,-0.008895975463395125,-0.006416512201626886,,,341.79
20.232,-0.009065975463395128,-0.00658651220162689,,,341.79
20.236,-0.00932597546339511,-0.0070965122016268724,,,341.79
20.24,-0.009495975463395114,-0.007356512201626883,,,341.79
20.244,-0.009745975463395114,-0.007606512201626883,,,341.79
20.248,-0.009835975463395121,-0.007776512201626886,,,341.79
20.252,-0.009835975463395121,-0.008036512201626897,,,341.79
20.256,-0.009925975463395128,-0.008206512201626872,,,341.79
20.26,-0.010265975463395107,-0.008466512201626883,,,341.79
20.264,-0.010265975463395107,-0.00854651220162688,,,341.79
20.268,-0.010265975463395107,-0.008896512201626896,,,341.79
20.272,-0.010265975463395107,-0.009066512201626872,,,341.79
20.276,-0.010265975463395107,-0.009146512201626896,,,341.79
20.28,-0.010345975463395132,-0.009236512201626875,,,341.79
20.284,-0.010265975463395107,-0.009316512201626872,,,341.79
20.288,-0.010265975463395107,-0.009316512201626872,,,341.79
20.292,-0.010265975463395107,-0.009316512201626872,,,341.79
20.296,-0.010345975463395132,-0.009406512201626879,,,341.79
20.3,-0.010605975463395114,-0.009576512201626882,,,341.79
20.304,-0.01068597546339511,-0.009746512201626886,,,341.79
20.308,-0.010345975463395132,-0.009746512201626886,,,341.79
20.312,-0.009925975463395128,-0.009836512201626893,,,341.79
20.316,-0.009925975463395128,-0.010086512201626893,,,341.79
20.32,-0.010005975463395125,-0.010176512201626872,,,341.79
20.324,-0.010005975463395125,-0.010256512201626896,,,341.79
20.328,-0.009745975463395114,-0.010176512201626872,,,341.79
20.332,-0.009745975463395114,-0.010176512201626872,,,341.79
20.336,-0.009745975463395114,-0.010176512201626872,,,341.79
20.34,-0.009495975463395114,-0.010176512201626872,,,341.79
20.344,-0.00932597546339511,-0.010176512201626872,,,341.79
20.348,-0.009065975463395128,-0.010086512201626893,,,341.79
20.352,-0.009065975463395128,-0.009836512201626893,,,341.79
20.356,-0.008985975463395132,-0.009746512201626886,,,341.79
20.36,-0.008725975463395121,-0.00965651220162688,,,341.79
20.364,-0.008465975463395111,-0.009746512201626886,,,341.79
20.368,-0.00821597546339511,-0.00965651220162688,,,341.79
20.372,-0.008125975463395132,-0.009406512201626879,,,341.79
20.376,-0.007785975463395125,-0.009316512201626872,,,341.79
20.38,-0.007445975463395118,-0.009146512201626896,,,341.79
20.384,-0.0072759754633951144,-0.008716512201626883,,,341.79
20.388,-0.007015975463395132,-0.008636512201626886,,,341.79
20.392,-0.006925975463395125,-0.008636512201626886,,,341.79
20.396,-0.006585975463395118,-0.008296512201626879,,,341.79
20.4,-0.006245975463395111,-0.008206512201626872,,,341.79
20.404,-0.006075975463395108,-0.007866512201626893,,,341.79
20.408,-0.005735975463395129,-0.007866512201626893,,,341.79
20.412,-0.005475975463395118,-0.00769651220162689,,,341.79
20.416,-0.005305975463395115,-0.007606512201626883,,,341.79
20.42,-0.004795975463395132,-0.007356512201626883,,,341.79
20.424,-0.004285975463395122,-0.007186512201626879,,,341.79
20.428,-0.004105975463395108,-0.006926512201626897,,,341.79
20.432,-0.0037659754633951287,-0.00683651220162689,,,341.79
20.436,-0.0034259754633951217,-0.00658651220162689,,,341.79
20.44,-0.0031659754633951115,-0.006416512201626886,,,341.79
20.444,-0.0028259754633951323,-0.006076512201626879,,,341.79
20.448,-0.0024859754633951253,-0.005816512201626897,,,341.79
20.452,-0.0021459754633951183,-0.00547651220162689,,,341.79
20.456,-0.0018859754633951081,-0.004876512201626873,,,341.79
20.46,-0.001545975463395129,-0.0045365122016268935,,,341.79
20.464,-0.0012859754633951187,-0.004446512201626887,,,341.79
20.468,-0.0007759754633951083,-0.00410651220162688,,,341.79
20.472,-0.00034597546339512234,-0.0037665122016268724,,,341.79
20.476,-9.597546339512214e-05,-0.00350651220162689,,,341.79
20.48,0.0001640245366048881,-0.003166512201626883,,,341.79
20.484,0.0005040245366048673,-0.002736512201626897,,,341.79
20.488,0.0007640245366048775,-0.0023165122016268933,,,341.79
20.492,0.001274024536604888,-0.0019665122016268763,,,341.79
20.496,0.001704024536604874,-0.0017165122016268761,,,341.79
20.5,0.002044024536604881,-0.0014565122016268937,,,341.79
20.504,0.0024640245366048846,-0.0011165122016268867,,,341.79
20.508,0.002814024536604874,-0.0006865122016268731,,,341.79
20.512,0.0029840245366048773,-0.00025651220162688714,,,341.79
20.516,0.0033240245366048843,8.348779837311982e-05,,,341.79
20.52,0.0036640245366048913,0.0005034877983731235,,,341.79
20.524,0.004094024536604877,0.0008534877983731127,,,341.79
20.528,0.0045240245366048905,0.0013634877983731233,,,341.79
20.532,0.00486402453660487,0.0017934877983731092,,,341.79
20.536,0.00511402453660487,0.0020434877983731095,,,341.79
20.54,0.00537402453660488,0.002213487798373113,,,341.79
20.544,0.005464024536604887,0.00255348779837312,,,341.79
20.548,0.005804024536604894,0.002903487798373109,,,341.79
20.552,0.006054024536604894,0.003323487798373113,,,341.79
20.556,0.00622402453660487,0.0037534877983731265,,,341.79
20.56,0.006574024536604887,0.004183487798373112,,,341.79
20.564,0.006914024536604894,0.004523487798373119,,,341.79
20.568,0.0070840245366048694,0.004783487798373129,,,341.79
20.572,0.00734402453660488,0.005123487798373108,,,341.79
20.576,0.007514024536604883,0.005373487798373109,,,341.79
20.58,0.00785402453660489,0.005633487798373119,,,341.79
20.584,0.00810402453660489,0.006233487798373108,,,341.79
20.588,0.008284024536604904,0.006743487798373119,,,341.79
20.592,0.00870402453660488,0.007003487798373129,,,341.79
20.596,0.008794024536604859,0.007003487798373129,,,341.79
20.6,0.008874024536604883,0.007343487798373108,,,341.79
20.604,0.009044024536604887,0.007853487798373119,,,341.79
20.608,0.009044024536604887,0.008023487798373122,,,341.79
20.612,0.009044024536604887,0.008113487798373129,,,341.79
20.616,0.00930402453660487,0.008283487798373105,,,341.79
20.62,0.009394024536604904,0.008453487798373108,,,341.79
20.624,0.009394024536604904,0.00871348779837309,,,341.79
20.628,0.009474024536604873,0.008793487798373115,,,341.79
20.632,0.00981402453660488,0.008963487798373119,,,341.79
20.636,0.010164024536604897,0.009053487798373097,,,341.79
20.64,0.010244024536604866,0.009223487798373101,,,341.79
20.644,0.010244024536604866,0.009483487798373139,,,341.79
20.648,0.010244024536604866,0.009563487798373108,,,341.79
20.652,0.010244024536604866,0.009653487798373142,,,341.79
20.656,0.010244024536604866,0.00982348779837309,,,341.79
20.66,0.010244024536604866,0.00982348779837309,,,341.79
20.664,0.010164024536604897,0.00982348779837309,,,341.79
20.668,0.010164024536604897,0.009903487798373115,,,341.79
20.672,0.010164024536604897,0.009993487798373094,,,341.79
20.676,0.010244024536604866,0.009993487798373094,,,341.79
20.68,0.010244024536604866,0.009903487798373115,,,341.79
20.684,0.010244024536604866,0.009993487798373094,,,341.79
20.688,0.010244024536604866,0.009903487798373115,,,341.79
20.692,0.010244024536604866,0.009993487798373094,,,341.79
20.696,0.010164024536604897,0.009993487798373094,,,341.79
20.7,0.009984024536604883,0.009993487798373094,,,341.79
20.704,0.009904024536604859,0.009993487798373094,,,341.79
20.708,0.00981402453660488,0.009903487798373115,,,341.79
20.712,0.009904024536604859,0.009903487798373115,,,341.79
20.716,0.00981402453660488,0.009903487798373115,,,341.79
20.72,0.009394024536604904,0.009903487798373115,,,341.79
20.724,0.009044024536604887,0.009653487798373142,,,341.79
20.728,0.009044024536604887,0.009563487798373108,,,341.79
20.732,0.008964024536604862,0.009563487798373108,,,341.79
20.736,0.008794024536604859,0.009393487798373104,,,341.79
20.74,0.00870402453660488,0.009133487798373122,,,341.79
20.744,0.008624024536604855,0.009223487798373101,,,341.79
20.748,0.008534024536604876,0.009393487798373104,,,341.79
20.752,0.00819402453660487,0.009133487798373122,,,341.79
20.756,0.007934024536604887,0.008793487798373115,,,341.79
20.76,0.007684024536604887,0.00871348779837309,,,341.79
20.764,0.007424024536604876,0.008453487798373108,,,341.79
20.768,0.00734402453660488,0.008283487798373105,,,341.79
20.772,0.0069940245366048905,0.008023487798373122,,,341.79
20.776,0.0066540245366048835,0.007773487798373122,,,341.79
20.78,0.006404024536604883,0.007513487798373112,,,341.79
20.784,0.006054024536604894,0.007343487798373108,,,341.79
20.788,0.005884024536604891,0.007083487798373126,,,341.79
20.792,0.005714024536604887,0.007083487798373126,,,341.79
20.796,0.005284024536604873,0.007003487798373129,,,341.79
20.8,0.00486402453660487,0.006743487798373119,,,341.79
20.804,0.004604024536604887,0.006573487798373115,,,341.79
20.808,0.004344024536604877,0.006233487798373108,,,341.79
20.812,0.00400402453660487,0.005973487798373126,,,341.79
20.816,0.0037540245366048702,0.005803487798373122,,,341.79
20.82,0.0033240245366048843,0.005553487798373122,,,341.79
20.824,0.0029840245366048773,0.005293487798373112,,,341.79
20.828,0.0025540245366048914,0.004953487798373105,,,341.79
20.832,0.001954024536604874,0.004613487798373126,,,341.79
20.836,0.0016140245366048672,0.0043534877983731155,,,341.79
20.84,0.0013540245366048848,0.004183487798373112,,,341.79
20.844,0.0011840245366048813,0.0036734877983731298,,,341.79
20.848,0.0008440245366048742,0.0030734877983731126,,,341.79
20.852,0.0004140245366048883,0.002903487798373109,,,341.79
20.856,-5.975463395115394e-06,0.00255348779837312,,,341.79
20.86,-0.00034597546339512234,0.0023034877983731197,,,341.79
20.864,-0.0004359754633951291,0.002133487798373116,,,341.79
20.868,-0.0008659754633951151,0.001873487798373106,,,341.79
20.872,-0.001205975463395122,0.0016134877983731235,,,341.79
20.876,-0.0013759754633951254,0.0012734877983731165,,,341.79
20.88,-0.0017159754633951324,0.0008534877983731127,,,341.79
20.884,-0.0020559754633951116,0.0005934877983731025,,,341.79
20.888,-0.0024859754633951253,0.0004234877983731268,,,341.79
20.892,-0.0027459754633951078,8.348779837311982e-05,,,341.79
20.896,-0.0031659754633951115,-0.00025651220162688714,,,341.79
20.9,-0.003345975463395125,-0.0006065122016268764,,,341.79
20.904,-0.003345975463395125,-0.0007765122016268798,,,341.79
20.908,-0.003685975463395132,-0.00102651220162688,,,341.79
20.912,-0.0040259754633951116,-0.0011965122016268834,,,341.79
20.916,-0.004455975463395125,-0.0015465122016268726,,,341.79
20.92,-0.004795975463395132,-0.0018865122016268796,,,341.79
20.924,-0.004875975463395129,-0.00213651220162688,,,341.79
20.928,-0.005305975463395115,-0.002486512201626897,,,341.79
20.932,-0.005735975463395129,-0.003076512201626876,,,341.79
20.936,-0.005985975463395129,-0.0032565122016268897,,,341.79
20.94,-0.006245975463395111,-0.0035965122016268967,,,341.79
20.944,-0.0065059754633951215,-0.0037665122016268724,,,341.79
20.948,-0.006675975463395125,-0.0036765122016268934,,,341.79
20.952,-0.007015975463395132,-0.00410651220162688,,,341.79
20.956,-0.0072759754633951144,-0.00436651220162689,,,341.79
20.96,-0.007525975463395115,-0.004706512201626897,,,341.79
20.964,-0.008045975463395107,-0.004876512201626873,,,341.79
20.968,-0.008295975463395108,-0.005136512201626883,,,341.79
20.972,-0.008555975463395118,-0.00521651220162688,,,341.79
20.976,-0.008555975463395118,-0.005646512201626893,,,341.79
20.98,-0.008555975463395118,-0.006076512201626879,,,341.79
20.984,-0.008555975463395118,-0.006246512201626883,,,341.79
20.988,-0.008725975463395121,-0.00658651220162689,,,341.79
20.992,-0.008985975463395132,-0.00683651220162689,,,341.79
20.996,-0.009155975463395107,-0.00683651220162689,,,341.79
21.0,-0.009405975463395107,-0.006926512201626897,,,341.79
21.004,-0.009575975463395111,-0.007186512201626879,,,341.79
21.008,-0.009835975463395121,-0.007436512201626879,,,341.79
21.012,-0.009835975463395121,-0.008036512201626897,,,341.79
21.016,-0.009835975463395121,-0.008206512201626872,,,341.79
21.02,-0.010175975463395128,-0.008376512201626876,,,341.79
21.024,-0.010265975463395107,-0.008376512201626876,,,341.79
21.028,-0.010265975463395107,-0.00854651220162688,,,341.79
21.032,-0.010265975463395107,-0.00880651220162689,,,341.79
21.036,-0.010265975463395107,-0.008896512201626896,,,341.79
21.04,-0.010265975463395107,-0.008896512201626896,,,341.79
21.044,-0.010265975463395107,-0.008976512201626893,,,341.79
21.048,-0.010265975463395107,-0.009236512201626875,,,341.79
21.052,-0.010265975463395107,-0.009236512201626875,,,341.79
21.056,-0.010345975463395132,-0.009406512201626879,,,341.79
21.06,-0.010345975463395132,-0.00965651220162688,,,341.79
21.064,-0.010095975463395131,-0.009746512201626886,,,341.79
21.068,-0.009835975463395121,-0.009746512201626886,,,341.79
21.072,-0.009745975463395114,-0.009746512201626886,,,341.79
21.076,-0.009745975463395114,-0.009746512201626886,,,341.79
21.08,-0.009745975463395114,-0.009836512201626893,,,341.79
21.084,-0.009495975463395114,-0.010086512201626893,,,341.79
21.088,-0.009575975463395111,-0.010086512201626893,,,341.79
21.092,-0.009665975463395118,-0.010086512201626893,,,341.79
21.096,-0.009495975463395114,-0.010086512201626893,,,341.79
21.1,-0.00932597546339511,-0.010086512201626893,,,341.79
21.104,-0.009065975463395128,-0.010086512201626893,,,341.79
21.108,-0.008985975463395132,-0.010086512201626893,,,341.79
21.112,-0.008805975463395118,-0.010086512201626893,,,341.79
21.116,-0.008635975463395115,-0.010006512201626896,,,341.79
21.12,-0.008465975463395111,-0.009836512201626893,,,341.79
21.124,-0.00821597546339511,-0.009836512201626893,,,341.79
21.128,-0.008125975463395132,-0.009836512201626893,,,341.79
21.132,-0.007865975463395122,-0.00965651220162688,,,341.79
21.136,-0.007695975463395118,-0.009316512201626872,,,341.79
21.14,-0.007445975463395118,-0.009066512201626872,,,341.79
21.144,-0.007355975463395111,-0.008896512201626896,,,341.79
21.148,-0.007015975463395132,-0.008636512201626886,,,341.79
21.152,-0.006675975463395125,-0.00854651220162688,,,341.79
21.156,-0.006415975463395115,-0.008376512201626876,,,341.79
21.16,-0.006245975463395111,-0.008126512201626876,,,341.79
21.164,-0.006165975463395115,-0.007956512201626872,,,341.79
21.168,-0.005735975463395129,-0.00769651220162689,,,341.79
21.172,-0.005395975463395122,-0.007606512201626883,,,341.79
21.176,-0.005225975463395118,-0.007526512201626886,,,341.79
21.18,-0.004965975463395108,-0.007526512201626886,,,341.79
21.184,-0.004875975463395129,-0.007266512201626876,,,341.79
21.188,-0.004535975463395122,-0.007186512201626879,,,341.79
21.192,-0.004195975463395115,-0.00683651220162689,,,341.79
21.196,-0.0040259754633951116,-0.006496512201626883,,,341.79
21.2,-0.003685975463395132,-0.0063265122016268795,,,341.79
21.204,-0.003255975463395118,-0.006076512201626879,,,341.79
21.208,-0.0029159754633951112,-0.005986512201626873,,,341.79
21.212,-0.002575975463395132,-0.005646512201626893,,,341.79
21.216,-0.0024059754633951286,-0.005306512201626886,,,341.79
21.22,-0.0021459754633951183,-0.005046512201626876,,,341.79
21.224,-0.0018059754633951114,-0.0045365122016268935,,,341.79
21.228,-0.001545975463395129,-0.00410651220162688,,,341.79
21.232,-0.001205975463395122,-0.003936512201626876,,,341.79
21.236,-0.0008659754633951151,-0.0035965122016268967,,,341.79
21.24,-0.0004359754633951291,-0.0032565122016268897,,,341.79
21.244,-9.597546339512214e-05,-0.003076512201626876,,,341.79
21.248,7.402453660488135e-05,-0.002736512201626897,,,341.79
21.252,0.0004140245366048883,-0.0023165122016268933,,,341.79
21.256,0.0008440245366048742,-0.002056512201626883,,,341.79
21.26,0.0011840245366048813,-0.0017165122016268761,,,341.79
21.264,0.0014440245366048915,-0.0014565122016268937,,,341.79
21.268,0.001704024536604874,-0.0011165122016268867,,,341.79
21.272,0.002044024536604881,-0.0006865122016268731,,,341.79
21.276,0.002384024536604888,-0.00025651220162688714,,,341.79
21.28,0.002814024536604874,8.348779837311982e-05,,,341.79
21.284,0.0033240245366048843,0.0005034877983731235,,,341.79
21.288,0.0037540245366048702,0.0009334877983731095,,,341.79
21.292,0.004094024536604877,0.0013634877983731233,,,341.79
21.296,0.004344024536604877,0.0017934877983731092,,,341.79
21.3,0.0045240245366048905,0.0020434877983731095,,,341.79
21.304,0.00486402453660487,0.002213487798373113,,,341.79
21.308,0.00537402453660488,0.00255348779837312,,,341.79
21.312,0.005714024536604887,0.002983487798373106,,,341.79
21.316,0.005804024536604894,0.0034134877983731196,,,341.79
21.32,0.005804024536604894,0.0038434877983731055,,,341.79
21.324,0.006144024536604873,0.004263487798373109,,,341.79
21.328,0.00648402453660488,0.0046934877983731225,,,341.79
21.332,0.00674402453660489,0.004953487798373105,,,341.79
21.336,0.0069940245366048905,0.004953487798373105,,,341.79
21.34,0.007424024536604876,0.0050334877983731294,,,341.79
21.344,0.007764024536604883,0.005463487798373115,,,341.79
21.348,0.007934024536604887,0.005893487798373129,,,341.79
21.352,0.00810402453660489,0.006143487798373129,,,341.79
21.356,0.00819402453660487,0.006313487798373105,,,341.79
21.36,0.008454024536604907,0.006663487798373122,,,341.79
21.364,0.00870402453660488,0.007003487798373129,,,341.79
21.368,0.008964024536604862,0.007083487798373126,,,341.79
21.372,0.009134024536604866,0.007343487798373108,,,341.79
21.376,0.009394024536604904,0.007603487798373118,,,341.79
21.38,0.009394024536604904,0.007943487798373125,,,341.79
21.384,0.009474024536604873,0.008283487798373105,,,341.79
21.388,0.009734024536604855,0.008373487798373139,,,341.79
21.392,0.009734024536604855,0.008373487798373139,,,341.79
21.396,0.00981402453660488,0.008623487798373112,,,341.79
21.4,0.009904024536604859,0.008793487798373115,,,341.79
21.404,0.009984024536604883,0.009053487798373097,,,341.79
21.408,0.009984024536604883,0.009133487798373122,,,341.79
21.412,0.009984024536604883,0.009223487798373101,,,341.79
21.416,0.010244024536604866,0.009483487798373139,,,341.79
21.42,0.010244024536604866,0.009483487798373139,,,341.79
21.424,0.010244024536604866,0.009483487798373139,,,341.79
21.428,0.010244024536604866,0.009483487798373139,,,341.79
21.432,0.010244024536604866,0.009483487798373139,,,341.79
21.436,0.010244024536604866,0.009483487798373139,,,341.79
21.44,0.010244024536604866,0.009483487798373139,,,341.79
21.444,0.010244024536604866,0.009483487798373139,,,341.79
21.448,0.010164024536604897,0.009483487798373139,,,341.79
21.452,0.010244024536604866,0.009483487798373139,,,341.79
21.456,0.010244024536604866,0.009483487798373139,,,341.79
21.46,0.010244024536604866,0.009653487798373142,,,341.79
21.464,0.010164024536604897,0.00982348779837309,,,341.79
21.468,0.009904024536604859,0.009733487798373111,,,341.79
21.472,0.009904024536604859,0.009653487798373142,,,341.79
21.476,0.009904024536604859,0.009563487798373108,,,341.79
21.48,0.009644024536604876,0.009563487798373108,,,341.79
21.484,0.009134024536604866,0.009563487798373108,,,341.79
21.488,0.008964024536604862,0.009563487798373108,,,341.79
21.492,0.008874024536604883,0.009483487798373139,,,341.79
21.496,0.00870402453660488,0.009223487798373101,,,341.79
21.5,0.008534024536604876,0.009133487798373122,,,341.79
21.504,0.008284024536604904,0.009133487798373122,,,341.79
21.508,0.008284024536604904,0.008963487798373119,,,341.79
21.512,0.008284024536604904,0.00871348779837309,,,341.79
21.516,0.00810402453660489,0.00871348779837309,,,341.79
21.52,0.007764024536604883,0.008793487798373115,,,341.79
21.524,0.007514024536604883,0.00871348779837309,,,341.79
21.528,0.00734402453660488,0.008453487798373108,,,341.79
21.532,0.0070840245366048694,0.008193487798373126,,,341.79
21.536,0.006914024536604894,0.007943487798373125,,,341.79
21.54,0.006574024536604887,0.007853487798373119,,,341.79
21.544,0.0063140245366048765,0.007603487798373118,,,341.79
21.548,0.006054024536604894,0.007343487798373108,,,341.79
21.552,0.005714024536604887,0.007173487798373105,,,341.79
21.556,0.005464024536604887,0.007253487798373129,,,341.79
21.56,0.005284024536604873,0.007083487798373126,,,341.79
21.564,0.004944024536604894,0.007003487798373129,,,341.79
21.568,0.0045240245366048905,0.006743487798373119,,,341.79
21.572,0.004094024536604877,0.006663487798373122,,,341.79
21.576,0.0037540245366048702,0.006233487798373108,,,341.79
21.58,0.0035840245366048945,0.005893487798373129,,,341.79
21.584,0.0032340245366048776,0.005723487798373126,,,341.79
21.588,0.0028940245366048706,0.005373487798373109,,,341.79
21.592,0.0025540245366048914,0.005123487798373108,,,341.79
21.596,0.002044024536604881,0.0050334877983731294,,,341.79
21.6,0.0016140245366048672,0.0046934877983731225,,,341.79
21.604,0.0013540245366048848,0.004183487798373112,,,341.79
21.608,0.0011040245366048845,0.0037534877983731265,,,341.79
21.612,0.0007640245366048775,0.0034134877983731196,,,341.79
21.616,0.0004140245366048883,0.0031534877983731093,,,341.79
21.62,0.0001640245366048881,0.002983487798373106,,,341.79
21.624,-5.975463395115394e-06,0.0026434877983731266,,,341.79
21.628,-0.00034597546339512234,0.0023034877983731197,,,341.79
21.632,-0.0006959754633951116,0.002133487798373116,,,341.79
21.636,-0.0008659754633951151,0.001873487798373106,,,341.79
21.64,-0.001205975463395122,0.0016134877983731235,,,341.79
21.644,-0.0014659754633951322,0.0012734877983731165,,,341.79
21.648,-0.001635975463395108,0.0009334877983731095,,,341.79
21.652,-0.0021459754633951183,0.0006834877983731093,,,341.79
21.656,-0.0026559754633951288,0.0004234877983731268,,,341.79
21.66,-0.0028259754633951323,-6.512201626886914e-06,,,341.79
21.664,-0.002995975463395108,-0.00025651220162688714,,,341.79
21.668,-0.003345975463395125,-0.00043651220162687287,,,341.79
21.672,-0.003595975463395125,-0.0007765122016268798,,,341.79
21.676,-0.003685975463395132,-0.00102651220162688,,,341.79
21.68,-0.0040259754633951116,-0.0011165122016268867,,,341.79
21.684,-0.004455975463395125,-0.0014565122016268937,,,341.79
21.688,-0.004795975463395132,-0.0018865122016268796,,,341.79
21.692,-0.004965975463395108,-0.0022265122016268866,,,341.79
21.696,-0.005305975463395115,-0.002736512201626897,,,341.79
21.7,-0.005565975463395125,-0.0029965122016268795,,,341.79
21.704,-0.005735975463395129,-0.0032565122016268897,,,341.79
21.708,-0.006165975463395115,-0.0035965122016268967,,,341.79
21.712,-0.0065059754633951215,-0.0037665122016268724,,,341.79
21.716,-0.006585975463395118,-0.0036765122016268934,,,341.79
21.72,-0.0068459754633951285,-0.004016512201626873,,,341.79
21.724,-0.007185975463395108,-0.00436651220162689,,,341.79
21.728,-0.007695975463395118,-0.0045365122016268935,,,341.79
21.732,-0.007865975463395122,-0.004876512201626873,,,341.79
21.736,-0.008125975463395132,-0.005136512201626883,,,341.79
21.74,-0.008125975463395132,-0.005386512201626883,,,341.79
21.744,-0.008125975463395132,-0.00572651220162689,,,341.79
21.748,-0.008295975463395108,-0.005986512201626873,,,341.79
21.752,-0.008555975463395118,-0.006076512201626879,,,341.79
21.756,-0.008635975463395115,-0.006416512201626886,,,341.79
21.76,-0.008805975463395118,-0.006756512201626893,,,341.79
21.764,-0.009065975463395128,-0.006926512201626897,,,341.79
21.768,-0.009405975463395107,-0.007186512201626879,,,341.79
21.772,-0.009405975463395107,-0.007436512201626879,,,341.79
21.776,-0.009575975463395111,-0.007776512201626886,,,341.79
21.78,-0.009745975463395114,-0.008126512201626876,,,341.79
21.784,-0.009835975463395121,-0.008376512201626876,,,341.79
21.788,-0.009745975463395114,-0.00854651220162688,,,341.79
21.792,-0.009745975463395114,-0.00880651220162689,,,341.79
21.796,-0.009925975463395128,-0.008896512201626896,,,341.79
21.8,-0.010175975463395128,-0.008976512201626893,,,341.79
21.804,-0.010175975463395128,-0.009146512201626896,,,341.79
21.808,-0.010175975463395128,-0.009066512201626872,,,341.79
21.812,-0.010175975463395128,-0.009236512201626875,,,341.79
21.816,-0.010175975463395128,-0.009406512201626879,,,341.79
21.82,-0.010175975463395128,-0.00965651220162688,,,341.79
21.824,-0.010265975463395107,-0.009746512201626886,,,341.79
21.828,-0.010265975463395107,-0.009836512201626893,,,341.79
21.832,-0.010265975463395107,-0.00991651220162689,,,341.79
21.836,-0.010265975463395107,-0.010086512201626893,,,341.79
21.84,-0.009925975463395128,-0.010086512201626893,,,341.79
21.844,-0.009745975463395114,-0.010086512201626893,,,341.79
21.848,-0.009745975463395114,-0.010176512201626872,,,341.79
21.852,-0.009835975463395121,-0.010256512201626896,,,341.79
21.856,-0.009665975463395118,-0.010256512201626896,,,341.79
21.86,-0.009155975463395107,-0.010176512201626872,,,341.79
21.864,-0.008985975463395132,-0.010176512201626872,,,341.79
21.868,-0.008985975463395132,-0.010176512201626872,,,341.79
21.872,-0.008985975463395132,-0.010176512201626872,,,341.79
21.876,-0.008895975463395125,-0.010176512201626872,,,341.79
21.88,-0.008725975463395121,-0.010256512201626896,,,341.79
21.884,-0.008635975463395115,-0.010176512201626872,,,341.79
21.888,-0.008555975463395118,-0.00991651220162689,,,341.79
21.892,-0.008295975463395108,-0.009576512201626882,,,341.79
21.896,-0.008045975463395107,-0.00965651220162688,,,341.79
21.9,-0.007785975463395125,-0.009576512201626882,,,341.79
21.904,-0.007695975463395118,-0.009406512201626879,,,341.79
21.908,-0.007445975463395118,-0.009406512201626879,,,341.79
21.912,-0.007105975463395111,-0.009236512201626875,,,341.79
21.916,-0.0068459754633951285,-0.008716512201626883,,,341.79
21.92,-0.006585975463395118,-0.008466512201626883,,,341.79
21.924,-0.006415975463395115,-0.008466512201626883,,,341.79
21.928,-0.006165975463395115,-0.008206512201626872,,,341.79
21.932,-0.006075975463395108,-0.007776512201626886,,,341.79
21.936,-0.005735975463395129,-0.00769651220162689,,,341.79
21.94,-0.005395975463395122,-0.007526512201626886,,,341.79
21.944,-0.005305975463395115,-0.007526512201626886,,,341.79
21.948,-0.0050459754633951324,-0.007266512201626876,,,341.79
21.952,-0.004795975463395132,-0.007186512201626879,,,341.79
21.956,-0.004455975463395125,-0.00683651220162689,,,341.79
21.96,-0.004195975463395115,-0.00658651220162689,,,341.79
21.964,-0.003935975463395133,-0.006416512201626886,,,341.79
21.968,-0.0035159754633951284,-0.006076512201626879,,,341.79
21.972,-0.0031659754633951115,-0.005816512201626897,,,341.79
21.976,-0.0027459754633951078,-0.005556512201626887,,,341.79
21.98,-0.0024859754633951253,-0.00521651220162688,,,341.79
21.984,-0.0024059754633951286,-0.004956512201626897,,,341.79
21.988,-0.0020559754633951116,-0.004786512201626894,,,341.79
21.992,-0.0017159754633951324,-0.00436651220162689,,,341.79
21.996,-0.0014659754633951322,-0.003846512201626897,,,341.79
22.0,-0.001205975463395122,-0.0035965122016268967,,,341.79
22.004,-0.0008659754633951151,-0.003166512201626883,,,341.79
22.008,-0.0004359754633951291,-0.002736512201626897,,,341.79
22.012,-5.975463395115394e-06,-0.00239651220162689,,,341.79
22.016,0.0003340245366048916,-0.0022265122016268866,,,341.79
22.02,0.000594024536604874,-0.0018865122016268796,,,341.79
22.024,0.0008440245366048742,-0.0015465122016268726,,,341.79
22.028,0.001274024536604888,-0.0011165122016268867,,,341.79
22.032,0.001704024536604874,-0.0008565122016268766,,,341.79
22.036,0.002044024536604881,-0.0006865122016268731,,,341.79
22.04,0.002384024536604888,-0.0003465122016268939,,,341.79
22.044,0.002814024536604874,8.348779837311982e-05,,,341.79
22.048,0.003154024536604881,0.0005034877983731235,,,341.79
22.052,0.0033240245366048843,0.0009334877983731095,,,341.79
22.056,0.0036640245366048913,0.0011934877983731198,,,341.79
22.06,0.004094024536604877,0.00144348779837312,,,341.79
22.064,0.0045240245366048905,0.0017934877983731092,,,341.79
22.068,0.00486402453660487,0.002133487798373116,,,341.79
22.072,0.005034024536604873,0.00255348779837312,,,341.79
22.076,0.00537402453660488,0.002983487798373106,,,341.79
22.08,0.005714024536604887,0.0034134877983731196,,,341.79
22.084,0.006054024536604894,0.0037534877983731265,,,341.79
22.088,0.006144024536604873,0.003923487798373102,,,341.79
22.092,0.00622402453660487,0.004183487798373112,,,341.79
22.096,0.006574024536604887,0.004263487798373109,,,341.79
22.1,0.006914024536604894,0.004613487798373126,,,341.79
22.104,0.0070840245366048694,0.004953487798373105,,,341.79
22.108,0.007424024536604876,0.005123487798373108,,,341.79
22.112,0.007764024536604883,0.005463487798373115,,,341.79
22.116,0.00785402453660489,0.005893487798373129,,,341.79
22.12,0.00810402453660489,0.006233487798373108,,,341.79
22.124,0.008284024536604904,0.006573487798373115,,,341.79
22.128,0.008534024536604876,0.006573487798373115,,,341.79
22.132,0.008624024536604855,0.006743487798373119,,,341.79
22.136,0.008874024536604883,0.007083487798373126,,,341.79
22.14,0.009134024536604866,0.007343487798373108,,,341.79
22.144,0.009474024536604873,0.007603487798373118,,,341.79
22.148,0.009474024536604873,0.007853487798373119,,,341.79
22.152,0.009564024536604907,0.007943487798373125,,,341.79
22.156,0.009734024536604855,0.008193487798373126,,,341.79
22.16,0.009904024536604859,0.008283487798373105,,,341.79
22.164,0.009984024536604883,0.008373487798373139,,,341.79
22.168,0.009984024536604883,0.008623487798373112,,,341.79
22.172,0.009984024536604883,0.008883487798373094,,,341.79
22.176,0.010244024536604866,0.009053487798373097,,,341.79
22.18,0.0103340245366049,0.009053487798373097,,,341.79
22.184,0.010584024536604873,0.009053487798373097,,,341.79
22.188,0.010584024536604873,0.009223487798373101,,,341.79
22.192,0.010584024536604873,0.009483487798373139,,,341.79
22.196,0.010674024536604907,0.009483487798373139,,,341.79
22.2,0.010754024536604876,0.009483487798373139,,,341.79
22.204,0.010754024536604876,0.009483487798373139,,,341.79
22.208,0.010584024536604873,0.009483487798373139,,,341.79
22.212,0.0103340245366049,0.009483487798373139,,,341.79
22.216,0.010244024536604866,0.009483487798373139,,,341.79
22.22,0.010164024536604897,0.009483487798373139,,,341.79
22.224,0.010164024536604897,0.009483487798373139,,,341.79
22.228,0.010244024536604866,0.009483487798373139,,,341.79
22.232,0.010244024536604866,0.009483487798373139,,,341.79
22.236,0.010164024536604897,0.009483487798373139,,,341.79
22.24,0.00981402453660488,0.009483487798373139,,,341.79
22.244,0.009564024536604907,0.009483487798373139,,,341.79
22.248,0.009474024536604873,0.009483487798373139,,,341.79
22.252,0.009394024536604904,0.009483487798373139,,,341.79
22.256,0.009134024536604866,0.009483487798373139,,,341.79
22.26,0.008964024536604862,0.009483487798373139,,,341.79
22.264,0.00870402453660488,0.009393487798373104,,,341.79
22.268,0.008624024536604855,0.009133487798373122,,,341.79
22.272,0.008624024536604855,0.009133487798373122,,,341.79
22.276,0.008534024536604876,0.009133487798373122,,,341.79
22.28,0.00819402453660487,0.009133487798373122,,,341.79
22.284,0.00810402453660489,0.009053487798373097,,,341.79
22.288,0.00785402453660489,0.008793487798373115,,,341.79
22.292,0.007514024536604883,0.00871348779837309,,,341.79
22.296,0.007254024536604873,0.008623487798373112,,,341.79
22.3,0.006914024536604894,0.008373487798373139,,,341.79
22.304,0.0066540245366048835,0.008283487798373105,,,341.79
22.308,0.006574024536604887,0.008023487798373122,,,341.79
22.312,0.006144024536604873,0.007853487798373119,,,341.79
22.316,0.005804024536604894,0.007683487798373115,,,341.79
22.32,0.005714024536604887,0.007513487798373112,,,341.79
22.324,0.00537402453660488,0.007513487798373112,,,341.79
22.328,0.004944024536604894,0.007433487798373115,,,341.79
22.332,0.004604024536604887,0.007083487798373126,,,341.79
22.336,0.004434024536604884,0.0068334877983731255,,,341.79
22.34,0.004094024536604877,0.006663487798373122,,,341.79
22.344,0.0036640245366048913,0.006143487798373129,,,341.79
22.348,0.0032340245366048776,0.005893487798373129,,,341.79
22.352,0.002814024536604874,0.005723487798373126,,,341.79
22.356,0.0024640245366048846,0.005463487798373115,,,341.79
22.36,0.0021240245366048777,0.005373487798373109,,,341.79
22.364,0.0018740245366048775,0.0050334877983731294,,,341.79
22.368,0.0016140245366048672,0.004783487798373129,,,341.79
22.372,0.0011840245366048813,0.004523487798373119,,,341.79
22.376,0.0007640245366048775,0.004183487798373112,,,341.79
22.38,0.0004140245366048883,0.0037534877983731265,,,341.79
22.384,7.402453660488135e-05,0.0034934877983731163,,,341.79
22.388,-0.00017597546339511886,0.0031534877983731093,,,341.79
22.392,-0.0005259754633951081,0.0027334877983731056,,,341.79
22.396,-0.0007759754633951083,0.00255348779837312,,,341.79
22.4,-0.0008659754633951151,0.0023034877983731197,,,341.79
22.404,-0.001205975463395122,0.002133487798373116,,,341.79
22.408,-0.0017159754633951324,0.0017934877983731092,,,341.79
22.412,-0.0020559754633951116,0.0013634877983731233,,,341.79
22.416,-0.002225975463395115,0.001103487798373113,,,341.79
22.42,-0.0026559754633951288,0.0008534877983731127,,,341.79
22.424,-0.0029159754633951112,0.0005034877983731235,,,341.79
22.428,-0.003345975463395125,8.348779837311982e-05,,,341.79
22.432,-0.003595975463395125,-0.00025651220162688714,,,341.79
22.436,-0.003685975463395132,-0.0003465122016268939,,,341.79
22.44,-0.0038559754633951076,-0.0007765122016268798,,,341.79
22.444,-0.004195975463395115,-0.0011965122016268834,,,341.79
22.448,-0.004455975463395125,-0.0014565122016268937,,,341.79
22.452,-0.004795975463395132,-0.0019665122016268763,,,341.79
22.456,-0.004965975463395108,-0.0023165122016268933,,,341.79
22.46,-0.005225975463395118,-0.00239651220162689,,,341.79
22.464,-0.005475975463395118,-0.0026565122016268725,,,341.79
22.468,-0.005815975463395125,-0.002826512201626876,,,341.79
22.472,-0.006165975463395115,-0.003076512201626876,,,341.79
22.476,-0.006415975463395115,-0.003166512201626883,,,341.79
22.48,-0.006585975463395118,-0.00350651220162689,,,341.79
22.484,-0.0068459754633951285,-0.004016512201626873,,,341.79
22.488,-0.007185975463395108,-0.004446512201626887,,,341.79
22.492,-0.007695975463395118,-0.004706512201626897,,,341.79
22.496,-0.007865975463395122,-0.004876512201626873,,,341.79
22.5,-0.008125975463395132,-0.00521651220162688,,,341.79
22.504,-0.00821597546339511,-0.005556512201626887,,,341.79
22.508,-0.008295975463395108,-0.00572651220162689,,,341.79
22.512,-0.008295975463395108,-0.006076512201626879,,,341.79
22.516,-0.008465975463395111,-0.006416512201626886,,,341.79
22.52,-0.008725975463395121,-0.006496512201626883,,,341.79
22.524,-0.008985975463395132,-0.006756512201626893,,,341.79
22.528,-0.009065975463395128,-0.007016512201626876,,,341.79
22.532,-0.00932597546339511,-0.007436512201626879,,,341.79
22.536,-0.009405975463395107,-0.007776512201626886,,,341.79
22.54,-0.009575975463395111,-0.008036512201626897,,,341.79
22.544,-0.009745975463395114,-0.008126512201626876,,,341.79
22.548,-0.009745975463395114,-0.008466512201626883,,,341.79
22.552,-0.009745975463395114,-0.00880651220162689,,,341.79
22.556,-0.009835975463395121,-0.008896512201626896,,,341.79
22.56,-0.009925975463395128,-0.008896512201626896,,,341.79
22.564,-0.010175975463395128,-0.008976512201626893,,,341.79
22.568,-0.010175975463395128,-0.009236512201626875,,,341.79
22.572,-0.010265975463395107,-0.009406512201626879,,,341.79
22.576,-0.010345975463395132,-0.00965651220162688,,,341.79
22.58,-0.010345975463395132,-0.009746512201626886,,,341.79
22.584,-0.010095975463395131,-0.009836512201626893,,,341.79
22.588,-0.009835975463395121,-0.010086512201626893,,,341.79
22.592,-0.009835975463395121,-0.010176512201626872,,,341.79
22.596,-0.010095975463395131,-0.010256512201626896,,,341.79
22.6,-0.010175975463395128,-0.010176512201626872,,,341.79
22.604,-0.010095975463395131,-0.010176512201626872,,,341.79
22.608,-0.009925975463395128,-0.010176512201626872,,,341.79
22.612,-0.009835975463395121,-0.010256512201626896,,,341.79
22.616,-0.009835975463395121,-0.010256512201626896,,,341.79
22.62,-0.009665975463395118,-0.010256512201626896,,,341.79
22.624,-0.009405975463395107,-0.010426512201626872,,,341.79
22.628,-0.009405975463395107,-0.010426512201626872,,,341.79
22.632,-0.009405975463395107,-0.010426512201626872,,,341.79
22.636,-0.009155975463395107,-0.010426512201626872,,,341.79
22.64,-0.008895975463395125,-0.010346512201626875,,,341.79
22.644,-0.008555975463395118,-0.010086512201626893,,,341.79
22.648,-0.008465975463395111,-0.009836512201626893,,,341.79
22.652,-0.008465975463395111,-0.009836512201626893,,,341.79
22.656,-0.00821597546339511,-0.009836512201626893,,,341.79
22.66,-0.008045975463395107,-0.00965651220162688,,,341.79
22.664,-0.007785975463395125,-0.009406512201626879,,,341.79
22.668,-0.007695975463395118,-0.009316512201626872,,,341.79
22.672,-0.007525975463395115,-0.009316512201626872,,,341.79
22.676,-0.007355975463395111,-0.009066512201626872,,,341.79
22.68,-0.007015975463395132,-0.00880651220162689,,,341.79
22.684,-0.006675975463395125,-0.00854651220162688,,,341.79
22.688,-0.0065059754633951215,-0.008376512201626876,,,341.79
22.692,-0.006245975463395111,-0.008206512201626872,,,341.79
22.696,-0.006075975463395108,-0.008036512201626897,,,341.79
22.7,-0.005815975463395125,-0.007776512201626886,,,341.79
22.704,-0.005645975463395122,-0.007606512201626883,,,341.79
22.708,-0.005305975463395115,-0.007436512201626879,,,341.79
22.712,-0.0050459754633951324,-0.007526512201626886,,,341.79
22.716,-0.004795975463395132,-0.007186512201626879,,,341.79
22.72,-0.004455975463395125,-0.006926512201626897,,,341.79
22.724,-0.004195975463395115,-0.00683651220162689,,,341.79
22.728,-0.0038559754633951076,-0.006496512201626883,,,341.79
22.732,-0.003345975463395125,-0.006156512201626876,,,341.79
22.736,-0.0030859754633951147,-0.005986512201626873,,,341.79
22.74,-0.0028259754633951323,-0.005646512201626893,,,341.79
22.744,-0.0027459754633951078,-0.005386512201626883,,,341.79
22.748,-0.0024059754633951286,-0.005046512201626876,,,341.79
22.752,-0.0020559754633951116,-0.00461651220162689,,,341.79
22.756,-0.0018059754633951114,-0.00436651220162689,,,341.79
22.76,-0.001545975463395129,-0.003936512201626876,,,341.79
22.764,-0.001205975463395122,-0.00350651220162689,,,341.79
22.768,-0.0007759754633951083,-0.0032565122016268897,,,341.79
22.772,-0.00034597546339512234,-0.0029965122016268795,,,341.79
22.776,-9.597546339512214e-05,-0.0026565122016268725,,,341.79
22.78,7.402453660488135e-05,-0.00239651220162689,,,341.79
22.784,0.0004140245366048883,-0.0019665122016268763,,,341.79
22.788,0.000934024536604881,-0.0017165122016268761,,,341.79
22.792,0.0013540245366048848,-0.0014565122016268937,,,341.79
22.796,0.001704024536604874,-0.0011165122016268867,,,341.79
22.8,0.001954024536604874,-0.0007765122016268798,,,341.79
22.804,0.0021240245366048777,-0.0003465122016268939,,,341.79
22.808,0.0024640245366048846,8.348779837311982e-05,,,341.79
22.812,0.0028940245366048706,0.0005034877983731235,,,341.79
22.816,0.0032340245366048776,0.0009334877983731095,,,341.79
22.82,0.0035840245366048945,0.0011934877983731198,,,341.79
22.824,0.003834024536604867,0.00144348779837312,,,341.79
22.828,0.0041740245366048735,0.0017934877983731092,,,341.79
22.832,0.004604024536604887,0.002133487798373116,,,341.79
22.836,0.004774024536604891,0.00255348779837312,,,341.79
22.84,0.004944024536604894,0.002983487798373106,,,341.79
22.844,0.005204024536604877,0.0034134877983731196,,,341.79
22.848,0.005464024536604887,0.0037534877983731265,,,341.79
22.852,0.005804024536604894,0.0038434877983731055,,,341.79
22.856,0.006144024536604873,0.0038434877983731055,,,341.79
22.86,0.006404024536604883,0.004183487798373112,,,341.79
22.864,0.006574024536604887,0.004613487798373126,,,341.79
22.868,0.006914024536604894,0.0050334877983731294,,,341.79
22.872,0.007254024536604873,0.005293487798373112,,,341.79
22.876,0.007514024536604883,0.005553487798373122,,,341.79
22.88,0.007764024536604883,0.005973487798373126,,,341.79
22.884,0.007934024536604887,0.0064934877983731185,,,341.79
22.888,0.00819402453660487,0.006743487798373119,,,341.79
22.892,0.008284024536604904,0.007083487798373126,,,341.79
22.896,0.008534024536604876,0.007253487798373129,,,341.79
22.9,0.00870402453660488,0.007253487798373129,,,341.79
22.904,0.008964024536604862,0.007433487798373115,,,341.79
22.908,0.009134024536604866,0.007603487798373118,,,341.79
22.912,0.009394024536604904,0.007853487798373119,,,341.79
22.916,0.009394024536604904,0.007943487798373125,,,341.79
22.92,0.009474024536604873,0.008193487798373126,,,341.79
22.924,0.009734024536604855,0.008453487798373108,,,341.79
22.928,0.009734024536604855,0.008793487798373115,,,341.79
22.932,0.00981402453660488,0.008883487798373094,,,341.79
22.936,0.009984024536604883,0.008963487798373119,,,341.79
22.94,0.010244024536604866,0.009053487798373097,,,341.79
22.944,0.0103340245366049,0.009053487798373097,,,341.79
22.948,0.010584024536604873,0.009133487798373122,,,341.79
22.952,0.010584024536604873,0.009223487798373101,,,341.79
22.956,0.010674024536604907,0.009483487798373139,,,341.79
22.96,0.010754024536604876,0.009483487798373139,,,341.79
22.964,0.010754024536604876,0.009483487798373139,,,341.79
22.968,0.010674024536604907,0.009393487798373104,,,341.79
22.972,0.010754024536604876,0.009483487798373139,,,341.79
22.976,0.010674024536604907,0.009483487798373139,,,341.79
22.98,0.010674024536604907,0.009483487798373139,,,341.79
22.984,0.010584024536604873,0.009483487798373139,,,341.79
22.988,0.0103340245366049,0.009483487798373139,,,341.79
22.992,0.0103340245366049,0.009483487798373139,,,341.79
22.996,0.0103340245366049,0.009483487798373139,,,341.79
23.0,0.010164024536604897,0.009483487798373139,,,341.79
23.004,0.009904024536604859,0.009483487798373139,,,341.79
23.008,0.009734024536604855,0.009483487798373139,,,341.79
23.012,0.009564024536604907,0.009483487798373139,,,341.79
23.016,0.009474024536604873,0.009563487798373108,,,341.79
23.02,0.009474024536604873,0.009653487798373142,,,341.79
23.024,0.009134024536604866,0.009393487798373104,,,341.79
23.028,0.009044024536604887,0.009133487798373122,,,341.79
23.032,0.009044024536604887,0.009133487798373122,,,341.79
23.036,0.008874024536604883,0.009133487798373122,,,341.79
23.04,0.008534024536604876,0.009133487798373122,,,341.79
23.044,0.008284024536604904,0.009053487798373097,,,341.79
23.048,0.00819402453660487,0.008793487798373115,,,341.79
23.052,0.007934024536604887,0.008793487798373115,,,341.79
23.056,0.007684024536604887,0.00871348779837309,,,341.79
23.06,0.00734402453660488,0.008623487798373112,,,341.79
23.064,0.0070840245366048694,0.008373487798373139,0.0008428183757834389,,341.79
23.068,0.0069940245366048905,0.008283487798373105,0.0012628183757834427,,341.79
23.072,0.0066540245366048835,0.008023487798373122,0.0015228183757834252,,341.79
23.076,0.006144024536604873,0.007773487798373122,0.001612818375783432,,341.79
23.08,0.005804024536604894,0.007513487798373112,0.0018628183757834322,,341.79
23.084,0.005714024536604887,0.007343487798373108,0.0021228183757834424,,341.79
23.088,0.005284024536604873,0.007173487798373105,0.0025528183757834283,,341.79
23.092,0.00486402453660487,0.007343487798373108,0.0028028183757834286,,341.79
23.096,0.0045240245366048905,0.007083487798373126,0.0032328183757834423,,341.79
23.1,0.0041740245366048735,0.0068334877983731255,0.0035728183757834492,,341.79
23.104,0.003924024536604873,0.006663487798373122,0.003742818375783425,,341.79
23.108,0.0036640245366048913,0.006313487798373105,0.0040828183757834315,,341.79
23.112,0.0032340245366048776,0.006143487798373129,0.004512818375783445,,341.79
23.116,0.002814024536604874,0.005803487798373122,0.005022818375783428,,341.79
23.12,0.002384024536604888,0.005553487798373122,0.005192818375783431,,341.79
23.124,0.001954024536604874,0.005293487798373112,0.005282818375783438,,341.79
23.128,0.0016140245366048672,0.0050334877983731294,0.005622818375783445,,341.79
23.132,0.001274024536604888,0.004953487798373105,0.005962818375783452,,341.79
23.136,0.0010140245366048778,0.004613487798373126,0.0062228183757834345,,341.79
23.14,0.0007640245366048775,0.004093487798373105,0.0065628183757834415,,341.79
23.144,0.0003340245366048916,0.0034934877983731163,0.006732818375783445,,341.79
23.148,-9.597546339512214e-05,0.003243487798373116,0.006992818375783427,,341.79
23.152,-0.00034597546339512234,0.0031534877983731093,0.007252818375783438,,341.79
23.156,-0.0005259754633951081,0.0027334877983731056,0.007332818375783434,,341.79
23.16,-0.0008659754633951151,0.002473487798373123,0.007592818375783445,,341.79
23.164,-0.0011159754633951152,0.002213487798373113,0.007762818375783448,,341.79
23.168,-0.0013759754633951254,0.002133487798373116,0.00801281837578345,,341.79
23.172,-0.001635975463395108,0.0017934877983731092,0.008272818375783432,,341.79
23.176,-0.0017159754633951324,0.0013634877983731233,0.008532818375783414,,341.79
23.18,-0.0021459754633951183,0.001103487798373113,0.008612818375783439,,341.79
23.184,-0.0026559754633951288,0.0008534877983731127,0.008782818375783442,,341.79
23.188,-0.0029159754633951112,0.0005034877983731235,0.008872818375783421,,341.79
23.192,-0.003255975463395118,0.00016348779837311656,0.008952818375783446,,341.79
23.196,-0.003255975463395118,-0.00025651220162688714,0.009212818375783428,,341.79
23.2,-0.0034259754633951217,-0.0006065122016268764,0.009302818375783463,,341.79
23.204,-0.003685975463395132,-0.0007765122016268798,0.009382818375783432,,341.79
23.208,-0.003935975463395133,-0.0011165122016268867,0.009552818375783435,,341.79
23.212,-0.004105975463395108,-0.0014565122016268937,0.009722818375783438,,341.79
23.216,-0.004455975463395125,-0.0017165122016268761,0.009812818375783417,,341.79
23.22,-0.004795975463395132,-0.0023165122016268933,0.009812818375783417,,341.79
23.224,-0.0050459754633951324,-0.0026565122016268725,0.009722818375783438,,341.79
23.228,-0.005395975463395122,-0.002826512201626876,0.009722818375783438,,341.79
23.232,-0.005645975463395122,-0.003076512201626876,0.009722818375783438,,341.79
23.236,-0.005735975463395129,-0.0032565122016268897,0.009722818375783438,,341.79
23.24,-0.005985975463395129,-0.00350651220162689,0.009812818375783417,,341.79
23.244,-0.006165975463395115,-0.0036765122016268934,0.009812818375783417,,341.79
23.248,-0.006415975463395115,-0.004016512201626873,0.009722818375783438,,341.79
23.252,-0.006675975463395125,-0.004276512201626883,0.009812818375783417,,341.79
23.256,-0.0072759754633951144,-0.00436651220162689,0.009812818375783417,,341.79
23.26,-0.007525975463395115,-0.004706512201626897,0.009722818375783438,,341.79
23.264,-0.007695975463395118,-0.00521651220162688,0.009722818375783438,,341.79
23.268,-0.007785975463395125,-0.005556512201626887,0.009812818375783417,,341.79
23.272,-0.008125975463395132,-0.00572651220162689,0.009812818375783417,,341.79
23.276,-0.00821597546339511,-0.005986512201626873,0.009722818375783438,,341.79
23.28,-0.00821597546339511,-0.006076512201626879,0.009472818375783466,,341.79
23.284,-0.008385975463395114,-0.006416512201626886,0.009382818375783432,,341.79
23.288,-0.008465975463395111,-0.006756512201626893,0.009382818375783432,,341.79
23.292,-0.008635975463395115,-0.006926512201626897,0.009212818375783428,,341.79
23.296,-0.008895975463395125,-0.007436512201626879,0.008952818375783446,,341.79
23.3,-0.009155975463395107,-0.007776512201626886,0.008872818375783421,,341.79
23.304,-0.009405975463395107,-0.008036512201626897,0.008872818375783421,,341.79
23.308,-0.009405975463395107,-0.008126512201626876,0.008702818375783418,,341.79
23.312,-0.009405975463395107,-0.008376512201626876,0.008532818375783414,,341.79
23.316,-0.009575975463395111,-0.008466512201626883,0.008102818375783428,,341.79
23.32,-0.009745975463395114,-0.008716512201626883,0.007762818375783448,,341.79
23.324,-0.009745975463395114,-0.008896512201626896,0.007672818375783441,,341.79
23.328,-0.009835975463395121,-0.008896512201626896,0.007422818375783441,,341.79
23.332,-0.009835975463395121,-0.008976512201626893,0.007332818375783434,,341.79
23.336,-0.009835975463395121,-0.009236512201626875,0.007252818375783438,,341.79
23.34,-0.009835975463395121,-0.009236512201626875,0.006992818375783427,,341.79
23.344,-0.009835975463395121,-0.009316512201626872,0.006822818375783452,,341.79
23.348,-0.009745975463395114,-0.009576512201626882,0.006482818375783445,,341.79
23.352,-0.009745975463395114,-0.009746512201626886,0.0062228183757834345,,341.79
23.356,-0.009925975463395128,-0.009836512201626893,0.006052818375783431,,341.79
23.36,-0.010175975463395128,-0.010086512201626893,0.005712818375783452,,341.79
23.364,-0.010265975463395107,-0.010086512201626893,0.005372818375783445,,341.79
23.368,-0.010265975463395107,-0.010086512201626893,0.005192818375783431,,341.79
23.372,-0.009835975463395121,-0.010176512201626872,0.004852818375783452,,341.79
23.376,-0.009575975463395111,-0.010256512201626896,0.004602818375783452,,341.79
23.38,-0.009665975463395118,-0.010256512201626896,0.0044328183757834485,,341.79
23.384,-0.009745975463395114,-0.010516512201626879,0.004002818375783435,,341.79
23.388,-0.009745975463395114,-0.010516512201626879,0.0036628183757834282,,341.79
23.392,-0.009495975463395114,-0.010516512201626879,0.0035728183757834492,,341.79
23.396,-0.009405975463395107,-0.010426512201626872,0.0031428183757834355,,341.79
23.4,-0.009405975463395107,-0.010176512201626872,0.0028028183757834286,,341.79
23.404,-0.009155975463395107,-0.010176512201626872,0.002722818375783432,,341.79
23.408,-0.008985975463395132,-0.010176512201626872,0.0024628183757834494,,341.79
23.412,-0.008725975463395121,-0.010176512201626872,0.001952818375783439,,341.79
23.416,-0.008635975463395115,-0.009746512201626886,0.001612818375783432,,341.79
23.42,-0.008465975463395111,-0.009406512201626879,0.0014328183757834462,,341.79
23.424,-0.008385975463395114,-0.009316512201626872,0.0010928183757834393,,341.79
23.428,-0.00821597546339511,-0.009406512201626879,0.0007528183757834322,,341.79
23.432,-0.007955975463395128,-0.009236512201626875,0.00041281837578342523,,341.79
23.436,-0.007695975463395118,-0.008976512201626893,0.00024281837578344953,,341.79
23.44,-0.007445975463395118,-0.008896512201626896,-9.718162421655743e-05,,341.79
23.444,-0.007355975463395111,-0.008636512201626886,-0.0003571816242165677,,341.79
23.448,-0.006925975463395125,-0.008466512201626883,-0.0005271816242165712,,341.79
23.452,-0.006585975463395118,-0.008376512201626876,-0.0008671816242165504,,341.79
23.456,-0.006415975463395115,-0.008296512201626879,-0.0011271816242165605,,341.79
23.46,-0.006165975463395115,-0.008206512201626872,-0.0013771816242165607,,341.79
23.464,-0.006075975463395108,-0.007956512201626872,-0.0018971816242165534,,341.79
23.468,-0.005735975463395129,-0.007956512201626872,-0.002407181624216564,,341.79
23.472,-0.005475975463395118,-0.00769651220162689,-0.0025771816242165673,,341.79
23.476,-0.005225975463395118,-0.007356512201626883,-0.0029171816242165743,,341.79
23.48,-0.004875975463395129,-0.007186512201626879,-0.0033471816242165602,,341.79
23.484,-0.0047059754633951255,-0.006926512201626897,-0.003777181624216574,,341.79
23.488,-0.004455975463395125,-0.00683651220162689,-0.00394718162421655,,341.79
23.492,-0.004195975463395115,-0.006496512201626883,-0.00394718162421655,,341.79
23.496,-0.0040259754633951116,-0.006156512201626876,-0.00419718162421655,,341.79
23.5,-0.003685975463395132,-0.005986512201626873,-0.004627181624216564,,341.79
23.504,-0.003345975463395125,-0.00572651220162689,-0.004967181624216571,,341.79
23.508,-0.0028259754633951323,-0.005556512201626887,-0.0052271816242165535,,341.79
23.512,-0.0024059754633951286,-0.005306512201626886,-0.005397181624216557,,341.79
23.516,-0.0021459754633951183,-0.004956512201626897,-0.005737181624216564,,341.79
23.52,-0.001975975463395115,-0.00461651220162689,-0.006077181624216571,,341.79
23.524,-0.001635975463395108,-0.004016512201626873,-0.006257181624216557,,341.79
23.528,-0.0012859754633951187,-0.0037665122016268724,-0.006507181624216557,,341.79
23.532,-0.0009459754633951118,-0.00350651220162689,-0.006767181624216567,,341.79
23.536,-0.0006959754633951116,-0.003166512201626883,-0.007107181624216574,,341.79
23.54,-0.00034597546339512234,-0.002826512201626876,-0.0073671816242165565,,341.79
23.544,-5.975463395115394e-06,-0.0025665122016268935,-0.0073671816242165565,,341.79
23.548,0.0004140245366048883,-0.0023165122016268933,-0.007447181624216553,,341.79
23.552,0.0008440245366048742,-0.0019665122016268763,-0.007877181624216566,,341.79
23.556,0.0011040245366048845,-0.0015465122016268726,-0.008217181624216573,,341.79
23.56,0.0013540245366048848,-0.0011165122016268867,-0.008307181624216552,,341.79
23.564,0.001704024536604874,-0.0007765122016268798,-0.008557181624216552,,341.79
23.568,0.0021240245366048777,-0.0005165122016268974,-0.008727181624216556,,341.79
23.572,0.0025540245366048914,-0.00025651220162688714,-0.008817181624216562,,341.79
23.576,0.002814024536604874,0.00016348779837311656,-0.008987181624216566,,341.79
23.58,0.003154024536604881,0.0005934877983731025,-0.008987181624216566,,341.79
23.584,0.003404024536604881,0.0010234877983731163,-0.009077181624216573,,341.79
23.588,0.0037540245366048702,0.00144348779837312,-0.00915718162421657,,341.79
23.592,0.00400402453660487,0.0017934877983731092,-0.009247181624216548,,341.79
23.596,0.0045240245366048905,0.0020434877983731095,-0.009247181624216548,,341.79
23.6,0.004944024536604894,0.002213487798373113,-0.009417181624216552,,341.79
23.604,0.00511402453660487,0.00255348779837312,-0.009587181624216555,,341.79
23.608,0.005204024536604877,0.002983487798373106,-0.009587181624216555,,341.79
23.612,0.005544024536604884,0.0034134877983731196,-0.009587181624216555,,341.79
23.616,0.005804024536604894,0.0037534877983731265,-0.009757181624216559,,341.79
23.62,0.006054024536604894,0.0038434877983731055,-0.009927181624216562,,341.79
23.624,0.0063140245366048765,0.004093487798373105,-0.009927181624216562,,341.79
23.628,0.0066540245366048835,0.004263487798373109,-0.010017181624216569,,341.79
23.632,0.006824024536604887,0.004613487798373126,-0.010017181624216569,,341.79
23.636,0.0070840245366048694,0.0050334877983731294,-0.010017181624216569,,341.79
23.64,0.007424024536604876,0.005293487798373112,-0.010357181624216548,,341.79
23.644,0.007764024536604883,0.005463487798373115,-0.010357181624216548,,341.79
23.648,0.00810402453660489,0.005803487798373122,-0.010187181624216573,,341.79
23.652,0.008364024536604873,0.006063487798373105,-0.009837181624216556,,341.79
23.656,0.008454024536604907,0.006313487798373105,-0.009927181624216562,,341.79
23.66,0.008874024536604883,0.006663487798373122,-0.009927181624216562,,341.79
23.664,0.008794024536604859,0.007003487798373129,-0.009927181624216562,,341.79
23.668,0.008874024536604883,0.007173487798373105,-0.009757181624216559,,341.79
23.672,0.009044024536604887,0.007433487798373115,-0.009667181624216552,,341.79
23.676,0.00930402453660487,0.007513487798373112,-0.009587181624216555,,341.79
23.68,0.009394024536604904,0.007773487798373122,-0.009417181624216552,,341.79
23.684,0.009474024536604873,0.007943487798373125,-0.00915718162421657,,341.79
23.688,0.009734024536604855,0.008193487798373126,-0.009077181624216573,,341.79
23.692,0.009904024536604859,0.008283487798373105,-0.008727181624216556,,341.79
23.696,0.009984024536604883,0.008373487798373139,-0.008387181624216549,,341.79
23.7,0.010074024536604862,0.008623487798373112,-0.008307181624216552,,341.79
23.704,0.010244024536604866,0.008793487798373115,-0.008217181624216573,,341.79
23.708,0.010584024536604873,0.008963487798373119,-0.007957181624216563,,341.79
23.712,0.010754024536604876,0.009133487798373122,-0.00778718162421656,,341.79
23.716,0.010754024536604876,0.009133487798373122,-0.00753718162421656,,341.79
23.72,0.010754024536604876,0.009223487798373101,-0.007447181624216553,,341.79
23.724,0.010674024536604907,0.009483487798373139,-0.007107181624216574,,341.79
23.728,0.010674024536604907,0.009483487798373139,-0.006767181624216567,,341.79
23.732,0.010674024536604907,0.009483487798373139,-0.006507181624216557,,341.79
23.736,0.010754024536604876,0.009483487798373139,-0.00616718162421655,,341.79
23.74,0.010754024536604876,0.009483487798373139,-0.005827181624216571,,341.79
23.744,0.010674024536604907,0.009483487798373139,-0.005737181624216564,,341.79
23.748,0.010674024536604907,0.009483487798373139,-0.005487181624216564,,341.79
23.752,0.010674024536604907,0.009483487798373139,-0.00505718162421655,,341.79
23.756,0.010584024536604873,0.009483487798373139,-0.0047971816242165675,,341.79
23.76,0.0103340245366049,0.009483487798373139,-0.0047971816242165675,,341.79
23.764,0.010244024536604866,0.009483487798373139,-0.004547181624216567,,341.79
23.768,0.009984024536604883,0.009483487798373139,-0.004117181624216554,,341.79
23.772,0.009904024536604859,0.009483487798373139,-0.003687181624216567,,341.79
23.776,0.009734024536604855,0.009483487798373139,-0.0035171816242165637,,341.79
23.78,0.009474024536604873,0.009483487798373139,-0.0032571816242165535,,341.79
23.784,0.009474024536604873,0.009483487798373139,-0.00283718162421655,,341.79
23.788,0.009474024536604873,0.009393487798373104,-0.002317181624216557,,341.79
23.792,0.009394024536604904,0.009133487798373122,-0.0021471816242165536,,341.79
23.796,0.009134024536604866,0.009133487798373122,-0.00172718162421655,,341.79
23.8,0.008874024536604883,0.009133487798373122,-0.001297181624216564,,341.79
23.804,0.008624024536604855,0.009133487798373122,-0.0008671816242165504,,341.79
23.808,0.008454024536604907,0.009133487798373122,-0.0005271816242165712,,341.79
23.812,0.00810402453660489,0.008963487798373119,-0.0004371816242165644,,341.79
23.816,0.007934024536604887,0.00871348779837309,-9.718162421655743e-05,,341.79
23.82,0.007684024536604887,0.00871348779837309,0.00024281837578344953,,341.79
23.824,0.00734402453660488,0.008623487798373112,0.0006728183757834355,,341.79
23.828,0.0070840245366048694,0.008373487798373139,0.001182818375783446,,341.79
23.832,0.006824024536604887,0.008193487798373126,0.0015228183757834252,,341.79
23.836,0.00648402453660488,0.008023487798373122,0.0016928183757834287,,341.79
23.84,0.006144024536604873,0.007773487798373122,0.0020328183757834357,,341.79
23.844,0.005804024536604894,0.007513487798373112,0.0023728183757834426,,341.79
23.848,0.005714024536604887,0.007513487798373112,0.002722818375783432,,341.79
23.852,0.005464024536604887,0.007513487798373112,0.0028028183757834286,,341.79
23.856,0.004944024536604894,0.007433487798373115,0.0028028183757834286,,341.79
23.86,0.0045240245366048905,0.007173487798373105,0.0031428183757834355,,341.79
23.864,0.004094024536604877,0.007083487798373126,0.0035728183757834492,,341.79
23.868,0.0036640245366048913,0.006663487798373122,0.003912818375783428,,341.79
23.872,0.0033240245366048843,0.006313487798373105,0.004172818375783438,,341.79
23.876,0.003064024536604874,0.006143487798373129,0.004512818375783445,,341.79
23.88,0.0028940245366048706,0.005893487798373129,0.004772818375783428,,341.79
23.884,0.0024640245366048846,0.005803487798373122,0.005112818375783435,,341.79
23.888,0.001954024536604874,0.005373487798373109,0.005282818375783438,,341.79
23.892,0.0016140245366048672,0.0050334877983731294,0.005542818375783448,,341.79
23.896,0.001274024536604888,0.004863487798373126,0.005712818375783452,,341.79
23.9,0.0010140245366048778,0.004433487798373112,0.005962818375783452,,341.79
23.904,0.0007640245366048775,0.004093487798373105,0.0062228183757834345,,341.79
23.908,0.0004140245366048883,0.004093487798373105,0.0065628183757834415,,341.79
23.912,-5.975463395115394e-06,0.0038434877983731055,0.006822818375783452,,341.79
23.916,-0.00034597546339512234,0.0034934877983731163,0.007162818375783431,,341.79
23.92,-0.0004359754633951291,0.0030734877983731126,0.007332818375783434,,341.79
23.924,-0.0007759754633951083,0.0028134877983731024,0.007592818375783445,,341.79
23.928,-0.0010359754633951185,0.002473487798373123,0.007672818375783441,,341.79
23.932,-0.001205975463395122,0.002133487798373116,0.007932818375783452,,341.79
23.936,-0.001545975463395129,0.001873487798373106,0.008102818375783428,,341.79
23.94,-0.0018859754633951081,0.0017034877983731025,0.008272818375783432,,341.79
23.944,-0.0021459754633951183,0.0012734877983731165,0.008532818375783414,,341.79
23.948,-0.0024859754633951253,0.0008534877983731127,0.008532818375783414,,341.79
23.952,-0.0028259754633951323,0.0005934877983731025,0.008532818375783414,,341.79
23.956,-0.0030859754633951147,0.0004234877983731268,0.008532818375783414,,341.79
23.96,-0.003345975463395125,8.348779837311982e-05,0.008612818375783439,,341.79
23.964,-0.003595975463395125,-0.00025651220162688714,0.008782818375783442,,341.79
23.968,-0.003685975463395132,-0.0006065122016268764,0.008952818375783446,,341.79
23.972,-0.0037659754633951287,-0.0008565122016268766,0.009042818375783425,,341.79
23.976,-0.004105975463395108,-0.0011965122016268834,0.009302818375783463,,341.79
23.98,-0.004455975463395125,-0.0014565122016268937,0.009302818375783463,,341.79
23.984,-0.004535975463395122,-0.0018865122016268796,0.009302818375783463,,341.79
23.988,-0.004965975463395108,-0.0023165122016268933,0.009302818375783463,,341.79
23.992,-0.005305975463395115,-0.0025665122016268935,0.009302818375783463,,341.79
23.996,-0.005395975463395122,-0.002486512201626897,0.009302818375783463,,341.79
24.0,-0.005645975463395122,-0.002826512201626876,0.009382818375783432,,341.79
24.004,-0.005815975463395125,-0.0032565122016268897,0.009552818375783435,,341.79
24.008,-0.006075975463395108,-0.00350651220162689,0.009382818375783432,,341.79
24.012,-0.006335975463395118,-0.0036765122016268934,0.009382818375783432,,341.79
24.016,-0.0068459754633951285,-0.004016512201626873,0.009382818375783432,,341.79
24.02,-0.007015975463395132,-0.00436651220162689,0.009382818375783432,,341.79
24.024,-0.0072759754633951144,-0.00461651220162689,0.009382818375783432,,341.79
24.028,-0.007445975463395118,-0.004876512201626873,0.009382818375783432,,341.79
24.032,-0.007695975463395118,-0.005306512201626886,0.009382818375783432,,341.79
24.036,-0.007785975463395125,-0.005556512201626887,0.009382818375783432,,341.79
24.04,-0.007695975463395118,-0.00572651220162689,0.009382818375783432,,341.79
24.044,-0.007865975463395122,-0.006076512201626879,0.009212818375783428,,341.79
24.048,-0.008125975463395132,-0.0063265122016268795,0.008952818375783446,,341.79
24.052,-0.008295975463395108,-0.006416512201626886,0.008872818375783421,,341.79
24.056,-0.008555975463395118,-0.0066665122016268865,0.008952818375783446,,341.79
24.06,-0.008725975463395121,-0.006926512201626897,0.008872818375783421,,341.79
24.064,-0.008895975463395125,-0.007526512201626886,0.008612818375783439,,341.79
24.068,-0.008985975463395132,-0.007776512201626886,0.008442818375783435,,341.79
24.072,-0.00932597546339511,-0.008126512201626876,0.008192818375783463,,341.79
24.076,-0.009495975463395114,-0.008376512201626876,0.008102818375783428,,341.79
24.08,-0.009495975463395114,-0.00854651220162688,0.007842818375783446,,341.79
24.084,-0.009495975463395114,-0.008716512201626883,0.007672818375783441,,341.79
24.088,-0.009745975463395114,-0.008716512201626883,0.007672818375783441,,341.79
24.092,-0.009745975463395114,-0.008896512201626896,0.007672818375783441,,341.79
24.096,-0.009835975463395121,-0.008976512201626893,0.007422818375783441,,341.79
24.1,-0.009835975463395121,-0.009236512201626875,0.007252818375783438,,341.79
24.104,-0.009745975463395114,-0.009316512201626872,0.006992818375783427,,341.79
24.108,-0.009745975463395114,-0.009576512201626882,0.006902818375783448,,341.79
24.112,-0.009835975463395121,-0.00965651220162688,0.006652818375783448,,341.79
24.116,-0.009835975463395121,-0.009746512201626886,0.006312818375783441,,341.79
24.12,-0.009835975463395121,-0.009836512201626893,0.0058828183757834275,,341.79
24.124,-0.009745975463395114,-0.010086512201626893,0.0057928183757834486,,341.79
24.128,-0.009745975463395114,-0.010086512201626893,0.005452818375783442,,341.79
24.132,-0.009835975463395121,-0.010176512201626872,0.005372818375783445,,341.79
24.136,-0.009745975463395114,-0.010256512201626896,0.004772818375783428,,341.79
24.14,-0.009575975463395111,-0.010346512201626875,0.004512818375783445,,341.79
24.144,-0.009745975463395114,-0.010426512201626872,0.0044328183757834485,,341.79
24.148,-0.009745975463395114,-0.010426512201626872,0.004172818375783438,,341.79
24.152,-0.009745975463395114,-0.010426512201626872,0.004002818375783435,,341.79
24.156,-0.009495975463395114,-0.010426512201626872,0.0036628183757834282,,341.79
24.16,-0.009405975463395107,-0.010516512201626879,0.003312818375783439,,341.79
24.164,-0.009495975463395114,-0.010596512201626876,0.003062818375783439,,341.79
24.168,-0.00932597546339511,-0.010516512201626879,0.002722818375783432,,341.79
24.172,-0.009065975463395128,-0.010176512201626872,0.0024628183757834494,,341.79
24.176,-0.008895975463395125,-0.00991651220162689,0.0024628183757834494,,341.79
24.18,-0.008555975463395118,-0.00991651220162689,0.0023728183757834426,,341.79
24.184,-0.008465975463395111,-0.00991651220162689,0.001952818375783439,,341.79
24.188,-0.008465975463395111,-0.009576512201626882,0.001612818375783432,,341.79
24.192,-0.00821597546339511,-0.009316512201626872,0.0014328183757834462,,341.79
24.196,-0.008045975463395107,-0.009236512201626875,0.0010928183757834393,,341.79
24.2,-0.007785975463395125,-0.009236512201626875,0.0006728183757834355,,341.79
24.204,-0.007695975463395118,-0.008976512201626893,0.00041281837578342523,,341.79
24.208,-0.007445975463395118,-0.008976512201626893,0.00024281837578344953,,341.79
24.212,-0.007015975463395132,-0.008896512201626896,-9.718162421655743e-05,,341.79
24.216,-0.006755975463395122,-0.008636512201626886,-0.0004371816242165644,,341.79
24.22,-0.006585975463395118,-0.008466512201626883,-0.0009571816242165571,,341.79
24.224,-0.0065059754633951215,-0.008206512201626872,-0.0013771816242165607,,341.79
24.228,-0.006165975463395115,-0.008126512201626876,-0.0018071816242165744,,341.79
24.232,-0.005815975463395125,-0.008126512201626876,-0.0021471816242165536,,341.79
24.236,-0.005645975463395122,-0.007956512201626872,-0.002317181624216557,,341.79
24.24,-0.005475975463395118,-0.007606512201626883,-0.002667181624216574,,341.79
24.244,-0.005305975463395115,-0.007356512201626883,-0.0029171816242165743,,341.79
24.248,-0.004875975463395129,-0.007266512201626876,-0.0030071816242165533,,341.79
24.252,-0.004535975463395122,-0.007016512201626876,-0.0032571816242165535,,341.79
24.256,-0.0043659754633951185,-0.006756512201626893,-0.0035171816242165637,,341.79
24.26,-0.004105975463395108,-0.006416512201626886,-0.0038571816242165707,,341.79
24.264,-0.0038559754633951076,-0.006156512201626876,-0.00419718162421655,,341.79
24.268,-0.0035159754633951284,-0.005896512201626894,-0.004627181624216564,,341.79
24.272,-0.0030859754633951147,-0.005556512201626887,-0.004887181624216574,,341.79
24.276,-0.0029159754633951112,-0.005306512201626886,-0.00505718162421655,,341.79
24.28,-0.0024859754633951253,-0.004876512201626873,-0.005397181624216557,,341.79
24.284,-0.0020559754633951116,-0.004446512201626887,-0.005657181624216567,,341.79
24.288,-0.0018059754633951114,-0.00410651220162688,-0.005907181624216567,,341.79
24.292,-0.001635975463395108,-0.003936512201626876,-0.006257181624216557,,341.79
24.296,-0.0012859754633951187,-0.0035965122016268967,-0.006507181624216557,,341.79
24.3,-0.0008659754633951151,-0.0032565122016268897,-0.006847181624216564,,341.79
24.304,-0.0004359754633951291,-0.003076512201626876,-0.0073671816242165565,,341.79
24.308,-9.597546339512214e-05,-0.002736512201626897,-0.00753718162421656,,341.79
24.312,7.402453660488135e-05,-0.00239651220162689,-0.00778718162421656,,341.79
24.316,0.0004140245366048883,-0.0018865122016268796,-0.007957181624216563,,341.79
24.32,0.0007640245366048775,-0.0015465122016268726,-0.008217181624216573,,341.79
24.324,0.001274024536604888,-0.001376512201626897,-0.008307181624216552,,341.79
24.328,0.001704024536604874,-0.0011965122016268834,-0.008387181624216549,,341.79
24.332,0.002044024536604881,-0.0008565122016268766,-0.008647181624216559,,341.79
24.336,0.002384024536604888,-0.0003465122016268939,-0.008817181624216562,,341.79
24.34,0.0026440245366048704,8.348779837311982e-05,-0.009077181624216573,,341.79
24.344,0.0029840245366048773,0.0005034877983731235,-0.009077181624216573,,341.79
24.348,0.0033240245366048843,0.0009334877983731095,-0.00915718162421657,,341.79
24.352,0.0036640245366048913,0.0011934877983731198,-0.009417181624216552,,341.79
24.356,0.003924024536604873,0.0013634877983731233,-0.009587181624216555,,341.79
24.36,0.0041740245366048735,0.0017034877983731025,-0.009667181624216552,,341.79
24.364,0.004604024536604887,0.0020434877983731095,-0.009757181624216559,,341.79
24.368,0.004944024536604894,0.00255348779837312,-0.009927181624216562,,341.79
24.372,0.005284024536604873,0.002983487798373106,-0.010017181624216569,,341.79
24.376,0.00563402453660489,0.003323487798373113,-0.010017181624216569,,341.79
24.38,0.005804024536604894,0.003583487798373123,-0.010017181624216569,,341.79
24.384,0.005884024536604891,0.003923487798373102,-0.010017181624216569,,341.79
24.388,0.00622402453660487,0.004183487798373112,-0.010097181624216566,,341.79
24.392,0.00648402453660488,0.004263487798373109,-0.01026718162421657,,341.79
24.396,0.0066540245366048835,0.004613487798373126,-0.01026718162421657,,341.79
24.4,0.0069940245366048905,0.004953487798373105,-0.01026718162421657,,341.79
24.404,0.007254024536604873,0.005123487798373108,-0.010357181624216548,,341.79
24.408,0.007424024536604876,0.005463487798373115,-0.010437181624216573,,341.79
24.412,0.007764024536604883,0.005803487798373122,-0.010357181624216548,,341.79
24.416,0.00810402453660489,0.006143487798373129,-0.010357181624216548,,341.79
24.42,0.008364024536604873,0.006313487798373105,-0.010437181624216573,,341.79
24.424,0.008624024536604855,0.006573487798373115,-0.01026718162421657,,341.79
24.428,0.00870402453660488,0.006743487798373119,-0.010017181624216569,,341.79
24.432,0.008874024536604883,0.007083487798373126,-0.009927181624216562,,341.79
24.436,0.009044024536604887,0.007343487798373108,-0.009837181624216556,,341.79
24.44,0.00930402453660487,0.007513487798373112,-0.009757181624216559,,341.79
24.444,0.009474024536604873,0.007773487798373122,-0.009587181624216555,,341.79
24.448,0.009564024536604907,0.007943487798373125,-0.009497181624216549,,341.79
24.452,0.00981402453660488,0.008193487798373126,-0.009417181624216552,,341.79
24.456,0.009904024536604859,0.008283487798373105,-0.00915718162421657,,341.79
24.46,0.009904024536604859,0.008373487798373139,-0.00889718162421656,,341.79
24.464,0.009984024536604883,0.008623487798373112,-0.008557181624216552,,341.79
24.468,0.010504024536604904,0.008623487798373112,-0.008557181624216552,,341.79
24.472,0.010754024536604876,0.008793487798373115,-0.008217181624216573,,341.79
24.476,0.010754024536604876,0.009053487798373097,-0.007877181624216566,,341.79
24.48,0.010674024536604907,0.009133487798373122,-0.00753718162421656,,341.79
24.484,0.010674024536604907,0.009133487798373122,-0.0073671816242165565,,341.79
24.488,0.010674024536604907,0.009223487798373101,-0.007197181624216553,,341.79
24.492,0.010674024536604907,0.009483487798373139,-0.007017181624216567,,341.79
24.496,0.010754024536604876,0.009483487798373139,-0.00667718162421656,,341.79
24.5,0.010754024536604876,0.009483487798373139,-0.006337181624216553,,341.79
24.504,0.010674024536604907,0.009483487798373139,-0.006077181624216571,,341.79
24.508,0.010754024536604876,0.009483487798373139,-0.005737181624216564,,341.79
24.512,0.010674024536604907,0.009483487798373139,-0.005487181624216564,,341.79
24.516,0.010674024536604907,0.009483487798373139,-0.0051371816242165745,,341.79
24.52,0.010674024536604907,0.009483487798373139,-0.004967181624216571,,341.79
24.524,0.010584024536604873,0.009483487798373139,-0.004717181624216571,,341.79
24.528,0.0103340245366049,0.009483487798373139,-0.004547181624216567,,341.79
24.532,0.010164024536604897,0.009483487798373139,-0.004287181624216557,,341.79
24.536,0.009904024536604859,0.009563487798373108,-0.004027181624216575,,341.79
24.54,0.00981402453660488,0.009653487798373142,-0.003687181624216567,,341.79
24.544,0.00981402453660488,0.009653487798373142,-0.003437181624216567,,341.79
24.548,0.009564024536604907,0.009563487798373108,-0.0029171816242165743,,341.79
24.552,0.009474024536604873,0.009563487798373108,-0.0025771816242165673,,341.79
24.556,0.00930402453660487,0.009563487798373108,-0.002407181624216564,,341.79
24.56,0.00930402453660487,0.009483487798373139,-0.002067181624216557,,341.79
24.564,0.008964024536604862,0.009223487798373101,-0.0013771816242165607,,341.79
24.568,0.00870402453660488,0.009133487798373122,-0.0010371816242165537,,341.79
24.572,0.008454024536604907,0.009053487798373097,-0.0007871816242165536,,341.79
24.576,0.00810402453660489,0.009053487798373097,-0.0004371816242165644,,341.79
24.58,0.00785402453660489,0.008963487798373119,-9.718162421655743e-05,,341.79
24.584,0.007764024536604883,0.00871348779837309,0.0001528183757834428,,341.79
24.588,0.00734402453660488,0.00871348779837309,0.00032281837578344624,,341.79
24.592,0.0069940245366048905,0.00871348779837309,0.0006728183757834355,,341.79
24.596,0.006914024536604894,0.008453487798373108,0.0010928183757834393,,341.79
24.6,0.006574024536604887,0.008283487798373105,0.0015228183757834252,,341.79
24.604,0.00622402453660487,0.008113487798373129,0.0018628183757834322,,341.79
24.608,0.00597402453660487,0.007853487798373119,0.0020328183757834357,,341.79
24.612,0.005714024536604887,0.007773487798373122,0.0023728183757834426,,341.79
24.616,0.005284024536604873,0.007513487798373112,0.002632818375783425,,341.79
24.62,0.00486402453660487,0.007513487798373112,0.0028928183757834353,,341.79
24.624,0.004434024536604884,0.007433487798373115,0.0032328183757834423,,341.79
24.628,0.00400402453660487,0.007173487798373105,0.003312818375783439,,341.79
24.632,0.0037540245366048702,0.006913487798373122,0.0036628183757834282,,341.79
24.636,0.0035840245366048945,0.006663487798373122,0.004002818375783435,,341.79
24.64,0.0032340245366048776,0.006573487798373115,0.004342818375783442,,341.79
24.644,0.0028940245366048706,0.006233487798373108,0.004512818375783445,,341.79
24.648,0.0024640245366048846,0.005973487798373126,0.004772818375783428,,341.79
24.652,0.002044024536604881,0.005803487798373122,0.005112818375783435,,341.79
24.656,0.0016140245366048672,0.005633487798373119,0.005372818375783445,,341.79
24.66,0.0014440245366048915,0.005373487798373109,0.005712818375783452,,341.79
24.664,0.0011840245366048813,0.0050334877983731294,0.0058828183757834275,,341.79
24.668,0.0008440245366048742,0.004613487798373126,0.006132818375783428,,341.79
24.672,0.0005040245366048673,0.004263487798373109,0.006482818375783445,,341.79
24.676,0.0001640245366048881,0.0038434877983731055,0.006652818375783448,,341.79
24.68,-9.597546339512214e-05,0.003323487798373113,0.006732818375783445,,341.79
24.684,-0.0004359754633951291,0.002903487798373109,0.006902818375783448,,341.79
24.688,-0.0006959754633951116,0.0026434877983731266,0.007252818375783438,,341.79
24.692,-0.0008659754633951151,0.00255348779837312,0.007502818375783438,,341.79
24.696,-0.0011159754633951152,0.002473487798373123,0.007672818375783441,,341.79
24.7,-0.0012859754633951187,0.002133487798373116,0.007842818375783446,,341.79
24.704,-0.001635975463395108,0.0017934877983731092,0.008272818375783432,,341.79
24.708,-0.0018859754633951081,0.00144348779837312,0.008192818375783463,,341.79
24.712,-0.002225975463395115,0.0012734877983731165,0.008272818375783432,,341.79
24.716,-0.0027459754633951078,0.0009334877983731095,0.008442818375783435,,341.79
24.72,-0.002995975463395108,0.0005034877983731235,0.008612818375783439,,341.79
24.724,-0.003345975463395125,0.00016348779837311656,0.008872818375783421,,341.79
24.728,-0.003595975463395125,-8.651220162688366e-05,0.008952818375783446,,341.79
24.732,-0.003685975463395132,-0.00025651220162688714,0.009042818375783425,,341.79
24.736,-0.0038559754633951076,-0.0006065122016268764,0.009302818375783463,,341.79
24.74,-0.004105975463395108,-0.0011165122016268867,0.009302818375783463,,341.79
24.744,-0.004285975463395122,-0.0015465122016268726,0.009302818375783463,,341.79
24.748,-0.004625975463395129,-0.0019665122016268763,0.009302818375783463,,341.79
24.752,-0.004875975463395129,-0.00239651220162689,0.009302818375783463,,341.79
24.756,-0.0050459754633951324,-0.002736512201626897,0.009472818375783466,,341.79
24.76,-0.005305975463395115,-0.003076512201626876,0.009722818375783438,,341.79
24.764,-0.005475975463395118,-0.003166512201626883,0.009722818375783438,,341.79
24.768,-0.005735975463395129,-0.0032565122016268897,0.009722818375783438,,341.79
24.772,-0.005815975463395125,-0.0035965122016268967,0.009722818375783438,,341.79
24.776,-0.006165975463395115,-0.003936512201626876,0.009722818375783438,,341.79
24.78,-0.006585975463395118,-0.004276512201626883,0.009812818375783417,,341.79
24.784,-0.0068459754633951285,-0.0045365122016268935,0.009812818375783417,,341.79
24.788,-0.007015975463395132,-0.004876512201626873,0.009722818375783438,,341.79
24.792,-0.0072759754633951144,-0.005306512201626886,0.009722818375783438,,341.79
24.796,-0.007525975463395115,-0.005556512201626887,0.009552818375783435,,341.79
24.8,-0.007785975463395125,-0.00572651220162689,0.009382818375783432,,341.79
24.804,-0.007785975463395125,-0.006076512201626879,0.009382818375783432,,341.79
24.808,-0.007865975463395122,-0.0063265122016268795,0.009382818375783432,,341.79
24.812,-0.008125975463395132,-0.006416512201626886,0.009382818375783432,,341.79
24.816,-0.008125975463395132,-0.006756512201626893,0.009382818375783432,,341.79
24.82,-0.00821597546339511,-0.007186512201626879,0.009212818375783428,,341.79
24.824,-0.008465975463395111,-0.007526512201626886,0.008952818375783446,,341.79
24.828,-0.008555975463395118,-0.007956512201626872,0.008872818375783421,,341.79
24.832,-0.008805975463395118,-0.008126512201626876,0.008612818375783439,,341.79
24.836,-0.009065975463395128,-0.008376512201626876,0.008532818375783414,,341.79
24.84,-0.009405975463395107,-0.00854651220162688,0.008532818375783414,,341.79
24.844,-0.009405975463395107,-0.00880651220162689,0.008442818375783435,,341.79
24.848,-0.009495975463395114,-0.008896512201626896,0.008192818375783463,,341.79
24.852,-0.009575975463395111,-0.008896512201626896,0.00801281837578345,,341.79
24.856,-0.009745975463395114,-0.008976512201626893,0.007762818375783448,,341.79
24.86,-0.009745975463395114,-0.009236512201626875,0.007672818375783441,,341.79
24.864,-0.009745975463395114,-0.009236512201626875,0.007422818375783441,,341.79
24.868,-0.009745975463395114,-0.009406512201626879,0.007332818375783434,,341.79
24.872,-0.009835975463395121,-0.009746512201626886,0.006902818375783448,,341.79
24.876,-0.009835975463395121,-0.009836512201626893,0.0065628183757834415,,341.79
24.88,-0.009835975463395121,-0.00991651220162689,0.006482818375783445,,341.79
24.884,-0.009745975463395114,-0.010086512201626893,0.0062228183757834345,,341.79
24.888,-0.009745975463395114,-0.010086512201626893,0.005962818375783452,,341.79
24.892,-0.009925975463395128,-0.010086512201626893,0.005712818375783452,,341.79
24.896,-0.010175975463395128,-0.010176512201626872,0.005622818375783445,,341.79
24.9,-0.010095975463395131,-0.010256512201626896,0.005372818375783445,,341.79
24.904,-0.009925975463395128,-0.010176512201626872,0.005022818375783428,,341.79
24.908,-0.009925975463395128,-0.010176512201626872,0.004852818375783452,,341.79
24.912,-0.009835975463395121,-0.010256512201626896,0.004602818375783452,,341.79
24.916,-0.009665975463395118,-0.010426512201626872,0.004342818375783442,,341.79
24.92,-0.009495975463395114,-0.010346512201626875,0.0036628183757834282,,341.79
24.924,-0.009495975463395114,-0.010176512201626872,0.003312818375783439,,341.79
24.928,-0.009405975463395107,-0.010176512201626872,0.0031428183757834355,,341.79
24.932,-0.009405975463395107,-0.010256512201626896,0.0028928183757834353,,341.79
24.936,-0.009155975463395107,-0.010176512201626872,0.0028928183757834353,,341.79
24.94,-0.009065975463395128,-0.010086512201626893,0.002722818375783432,,341.79
24.944,-0.008985975463395132,-0.009746512201626886,0.0023728183757834426,,341.79
24.948,-0.008725975463395121,-0.009406512201626879,0.0020328183757834357,,341.79
24.952,-0.008555975463395118,-0.009316512201626872,0.0016928183757834287,,341.79
24.956,-0.008295975463395108,-0.009316512201626872,0.0014328183757834462,,341.79
24.96,-0.00821597546339511,-0.009066512201626872,0.0010928183757834393,,341.79
24.964,-0.007955975463395128,-0.008976512201626893,0.0008428183757834389,,341.79
24.968,-0.007695975463395118,-0.00880651220162689,0.0006728183757834355,,341.79
24.972,-0.007445975463395118,-0.00854651220162688,0.00041281837578342523,,341.79
24.976,-0.0072759754633951144,-0.008376512201626876,-9.718162421655743e-05,,341.79
24.98,-0.007015975463395132,-0.008206512201626872,-0.0004371816242165644,,341.79
24.984,-0.0068459754633951285,-0.008036512201626897,-0.0006971816242165746,,341.79
24.988,-0.0065059754633951215,-0.007776512201626886,-0.001297181624216564,,341.79
24.992,-0.006245975463395111,-0.007606512201626883,-0.001637181624216571,,341.79
24.996,-0.005985975463395129,-0.007356512201626883,-0.0018071816242165744,,341.79
25.0,-0.005735975463395129,-0.007186512201626879,-0.0021471816242165536,,341.79
25.004,-0.005645975463395122,-0.007016512201626876,-0.0024971816242165706,,341.79
25.008,-0.005305975463395115,-0.0070965122016268724,-0.002667181624216574,,341.79
25.012,-0.0050459754633951324,-0.00683651220162689,-0.0030071816242165533,,341.79
25.016,-0.004875975463395129,-0.00658651220162689,-0.0032571816242165535,,341.79
25.02,-0.004625975463395129,-0.006416512201626886,-0.003437181624216567,,341.79
25.024,-0.0043659754633951185,-0.006156512201626876,-0.003777181624216574,,341.79
25.028,-0.003685975463395132,-0.005986512201626873,-0.004117181624216554,,341.79
25.032,-0.0034259754633951217,-0.005646512201626893,-0.004547181624216567,,341.79
25.036,-0.0034259754633951217,-0.005306512201626886,-0.004887181624216574,,341.79
25.04,-0.0029159754633951112,-0.00521651220162688,-0.004967181624216571,,341.79
25.044,-0.002575975463395132,-0.004876512201626873,-0.005397181624216557,,341.79
25.048,-0.002315975463395122,-0.004446512201626887,-0.005827181624216571,,341.79
25.052,-0.001975975463395115,-0.003936512201626876,-0.006077181624216571,,341.79
25.056,-0.001635975463395108,-0.0035965122016268967,-0.006337181624216553,,341.79
25.06,-0.0013759754633951254,-0.00350651220162689,-0.0065971816242165636,,341.79
25.064,-0.0011159754633951152,-0.0032565122016268897,-0.00667718162421656,,341.79
25.068,-0.0007759754633951083,-0.0029065122016268727,-0.0069371816242165705,,341.79
25.072,-0.0004359754633951291,-0.0026565122016268725,-0.0073671816242165565,,341.79
25.076,-9.597546339512214e-05,-0.0023165122016268933,-0.0077071816242165634,,341.79
25.08,0.0001640245366048881,-0.0018865122016268796,-0.007877181624216566,,341.79
25.084,0.0005040245366048673,-0.0015465122016268726,-0.00804718162421657,,341.79
25.088,0.0008440245366048742,-0.001376512201626897,-0.008307181624216552,,341.79
25.092,0.0011840245366048813,-0.0011165122016268867,-0.008387181624216549,,341.79
25.096,0.0016140245366048672,-0.0007765122016268798,-0.008727181624216556,,341.79
25.1,0.0021240245366048777,-0.0003465122016268939,-0.008727181624216556,,341.79
25.104,0.0025540245366048914,-6.512201626886914e-06,-0.008727181624216556,,341.79
25.108,0.002814024536604874,0.00016348779837311656,-0.00889718162421656,,341.79
25.112,0.0028940245366048706,0.0005034877983731235,-0.00889718162421656,,341.79
25.116,0.0033240245366048843,0.0008534877983731127,-0.008987181624216566,,341.79
25.12,0.0037540245366048702,0.0012734877983731165,-0.00915718162421657,,341.79
25.124,0.004094024536604877,0.0017034877983731025,-0.009497181624216549,,341.79
25.128,0.0045240245366048905,0.002133487798373116,-0.009587181624216555,,341.79
25.132,0.00486402453660487,0.002473487798373123,-0.009587181624216555,,341.79
25.136,0.004944024536604894,0.0027334877983731056,-0.009757181624216559,,341.79
25.14,0.005204024536604877,0.0030734877983731126,-0.009757181624216559,,341.79
25.144,0.00563402453660489,0.0034134877983731196,-0.009927181624216562,,341.79
25.148,0.005804024536604894,0.0037534877983731265,-0.010187181624216573,,341.79
25.152,0.006054024536604894,0.0037534877983731265,-0.01026718162421657,,341.79
25.156,0.0063140245366048765,0.003923487798373102,-0.01026718162421657,,341.79
25.16,0.0066540245366048835,0.004263487798373109,-0.01026718162421657,,341.79
25.164,0.006914024536604894,0.0046934877983731225,-0.01026718162421657,,341.79
25.168,0.0069940245366048905,0.004953487798373105,-0.01026718162421657,,341.79
25.172,0.007424024536604876,0.0050334877983731294,-0.01026718162421657,,341.79
25.176,0.007764024536604883,0.005373487798373109,-0.01026718162421657,,341.79
25.18,0.007934024536604887,0.005633487798373119,-0.01026718162421657,,341.79
25.184,0.00819402453660487,0.005893487798373129,-0.01026718162421657,,341.79
25.188,0.008454024536604907,0.006233487798373108,-0.010187181624216573,,341.79
25.192,0.00870402453660488,0.006573487798373115,-0.009927181624216562,,341.79
25.196,0.008964024536604862,0.0068334877983731255,-0.009927181624216562,,341.79
25.2,0.009134024536604866,0.007003487798373129,-0.009927181624216562,,341.79
25.204,0.009394024536604904,0.007083487798373126,-0.009757181624216559,,341.79
25.208,0.009394024536604904,0.007343487798373108,-0.009327181624216573,,341.79
25.212,0.009564024536604907,0.007603487798373118,-0.009417181624216552,,341.79
25.216,0.00981402453660488,0.007853487798373119,-0.009247181624216548,,341.79
25.22,0.009904024536604859,0.008023487798373122,-0.008727181624216556,,341.79
25.224,0.009904024536604859,0.008193487798373126,-0.008647181624216559,,341.79
25.228,0.010244024536604866,0.008373487798373139,-0.008647181624216559,,341.79
25.232,0.010504024536604904,0.008623487798373112,-0.008477181624216555,,341.79
25.236,0.010674024536604907,0.008623487798373112,-0.008217181624216573,,341.79
25.24,0.010754024536604876,0.008793487798373115,-0.007877181624216566,,341.79
25.244,0.010674024536604907,0.009053487798373097,-0.00778718162421656,,341.79
25.248,0.010674024536604907,0.009133487798373122,-0.007617181624216557,,341.79
25.252,0.010674024536604907,0.009133487798373122,-0.007447181624216553,,341.79
25.256,0.010844024536604855,0.009133487798373122,-0.007107181624216574,,341.79
25.26,0.01092402453660488,0.009393487798373104,-0.00667718162421656,,341.79
25.264,0.011014024536604859,0.009483487798373139,-0.006337181624216553,,341.79
25.268,0.011014024536604859,0.009483487798373139,-0.006257181624216557,,341.79
25.272,0.010844024536604855,0.009483487798373139,-0.005827181624216571,,341.79
25.276,0.010754024536604876,0.009483487798373139,-0.005487181624216564,,341.79
25.28,0.010584024536604873,0.009483487798373139,-0.005397181624216557,,341.79
25.284,0.0103340245366049,0.009483487798373139,-0.005397181624216557,,341.79
25.288,0.010244024536604866,0.009483487798373139,-0.004967181624216571,,341.79
25.292,0.010164024536604897,0.009483487798373139,-0.004627181624216564,,341.79
25.296,0.010164024536604897,0.009483487798373139,-0.004547181624216567,,341.79
25.3,0.010164024536604897,0.009483487798373139,-0.004287181624216557,,341.79
25.304,0.009984024536604883,0.009483487798373139,-0.003777181624216574,,341.79
25.308,0.00981402453660488,0.009483487798373139,-0.003437181624216567,,341.79
25.312,0.009564024536604907,0.009483487798373139,-0.0032571816242165535,,341.79
25.316,0.00930402453660487,0.009483487798373139,-0.0029171816242165743,,341.79
25.32,0.009134024536604866,0.009483487798373139,-0.0025771816242165673,,341.79
25.324,0.00930402453660487,0.009483487798373139,-0.0021471816242165536,,341.79
25.328,0.009134024536604866,0.009483487798373139,-0.0018071816242165744,,341.79
25.332,0.008964024536604862,0.009393487798373104,-0.0013771816242165607,,341.79
25.336,0.008624024536604855,0.009133487798373122,-0.0008671816242165504,,341.79
25.34,0.008364024536604873,0.009133487798373122,-0.0005271816242165712,,341.79
25.344,0.00810402453660489,0.009133487798373122,-0.0003571816242165677,,341.79
25.348,0.007764024536604883,0.009133487798373122,-1.7181624216560694e-05,,341.79
25.352,0.007514024536604883,0.009053487798373097,0.00032281837578344624,,341.79
25.356,0.00734402453660488,0.008883487798373094,0.0005828183757834287,,341.79
25.36,0.0069940245366048905,0.00871348779837309,0.0008428183757834389,,341.79
25.364,0.006574024536604887,0.008453487798373108,0.001182818375783446,,341.79
25.368,0.00622402453660487,0.008373487798373139,0.0015228183757834252,,341.79
25.372,0.006054024536604894,0.008193487798373126,0.0020328183757834357,,341.79
25.376,0.005714024536604887,0.007943487798373125,0.0024628183757834494,,341.79
25.38,0.00537402453660488,0.007943487798373125,0.002632818375783425,,341.79
25.384,0.005034024536604873,0.007853487798373119,0.0024628183757834494,,341.79
25.388,0.004604024536604887,0.007683487798373115,0.002722818375783432,,341.79
25.392,0.00426402453660488,0.007433487798373115,0.0032328183757834423,,341.79
25.396,0.004094024536604877,0.007083487798373126,0.0036628183757834282,,341.79
25.4,0.0037540245366048702,0.007003487798373129,0.0038328183757834317,,341.79
25.404,0.003404024536604881,0.006663487798373122,0.0040828183757834315,,341.79
25.408,0.0028940245366048706,0.006403487798373112,0.0044328183757834485,,341.79
25.412,0.0024640245366048846,0.006143487798373129,0.004772818375783428,,341.79
25.416,0.0021240245366048777,0.005803487798373122,0.004942818375783431,,341.79
25.42,0.001704024536604874,0.005633487798373119,0.005282818375783438,,341.79
25.424,0.0013540245366048848,0.005373487798373109,0.005542818375783448,,341.79
25.428,0.0011840245366048813,0.0050334877983731294,0.0057928183757834486,,341.79
25.432,0.0008440245366048742,0.0046934877983731225,0.006052818375783431,,341.79
25.436,0.0005040245366048673,0.004433487798373112,0.006132818375783428,,341.79
25.44,0.0001640245366048881,0.003923487798373102,0.006482818375783445,,341.79
25.444,-9.597546339512214e-05,0.0034934877983731163,0.006822818375783452,,341.79
25.448,-0.0004359754633951291,0.003323487798373113,0.006992818375783427,,341.79
25.452,-0.0006959754633951116,0.0030734877983731126,0.007252818375783438,,341.79
25.456,-0.0009459754633951118,0.002903487798373109,0.007422818375783441,,341.79
25.46,-0.001205975463395122,0.00255348779837312,0.007672818375783441,,341.79
25.464,-0.0013759754633951254,0.002213487798373113,0.007762818375783448,,341.79
25.468,-0.001545975463395129,0.0017934877983731092,0.007762818375783448,,341.79
25.472,-0.001635975463395108,0.00144348779837312,0.007932818375783452,,341.79
25.476,-0.0020559754633951116,0.0012734877983731165,0.008192818375783463,,341.79
25.48,-0.0024859754633951253,0.0009334877983731095,0.008532818375783414,,341.79
25.484,-0.0028259754633951323,0.0005034877983731235,0.008612818375783439,,341.79
25.488,-0.0030859754633951147,0.00016348779837311656,0.008612818375783439,,341.79
25.492,-0.003255975463395118,-0.0001765122016268904,0.008782818375783442,,341.79
25.496,-0.003595975463395125,-0.00043651220162687287,0.008872818375783421,,341.79
25.5,-0.0038559754633951076,-0.0007765122016268798,0.008952818375783446,,341.79
25.504,-0.0038559754633951076,-0.0011965122016268834,0.009212818375783428,,341.79
25.508,-0.004105975463395108,-0.0017165122016268761,0.009302818375783463,,341.79
25.512,-0.0043659754633951185,-0.0019665122016268763,0.009382818375783432,,341.79
25.516,-0.004625975463395129,-0.0022265122016268866,0.009472818375783466,,341.79
25.52,-0.004875975463395129,-0.00239651220162689,0.009472818375783466,,341.79
25.524,-0.004965975463395108,-0.0026565122016268725,0.009472818375783466,,341.79
25.528,-0.005225975463395118,-0.0029065122016268727,0.009642818375783414,,341.79
25.532,-0.005395975463395122,-0.0032565122016268897,0.009722818375783438,,341.79
25.536,-0.005735975463395129,-0.0035965122016268967,0.009722818375783438,,341.79
25.54,-0.006085975463395118,-0.003946512201626886,0.009722818375783438,,341.79
25.544,-0.006335975463395118,-0.004276512201626883,0.009642818375783414,,341.79
25.548,-0.006595975463395128,-0.0045365122016268935,0.009462818375783456,,341.79
25.552,-0.0068459754633951285,-0.004876512201626873,0.009472818375783466,,341.79
25.556,-0.007105975463395111,-0.00522651220162689,0.009372818375783422,,341.79
25.56,-0.007355975463395111,-0.005306512201626886,0.009382818375783432,,341.79
25.564,-0.007445975463395118,-0.005656512201626876,0.009372818375783422,,341.79
25.568,-0.007615975463395121,-0.005986512201626873,0.009382818375783432,,341.79
25.572,-0.007615975463395121,-0.006246512201626883,0.009372818375783422,,341.79
25.576,-0.007785975463395125,-0.006496512201626883,0.009382818375783432,,341.79
25.58,-0.007875975463395132,-0.0067665122016268755,0.009372818375783422,,341.79
25.584,-0.008125975463395132,-0.007016512201626876,0.009382818375783432,,341.79
25.588,-0.008305975463395118,-0.007526512201626886,0.009032818375783415,,341.79
25.592,-0.008555975463395118,-0.007776512201626886,0.008952818375783446,,341.79
25.596,-0.008735975463395131,-0.008046512201626879,0.008862818375783467,,341.79
25.6,-0.008985975463395132,-0.008126512201626876,0.008612818375783439,,341.79
25.604,-0.008985975463395132,-0.008386512201626886,0.008432818375783425,,341.79
25.608,-0.009155975463395107,-0.00854651220162688,0.008272818375783432,,341.79
25.612,-0.009415975463395117,-0.00855651220162689,0.008352818375783456,,341.79
25.616,-0.009495975463395114,-0.00854651220162688,0.008192818375783463,,341.79
25.62,-0.009495975463395114,-0.008816512201626872,0.00801281837578345,,341.79
25.624,-0.009665975463395118,-0.008896512201626896,0.007672818375783441,,341.79
25.628,-0.009755975463395124,-0.008986512201626875,0.007412818375783431,,341.79
25.632,-0.009745975463395114,-0.009236512201626875,0.007162818375783431,,341.79
25.636,-0.009845975463395131,-0.009326512201626882,0.006902818375783448,,341.79
25.64,-0.009835975463395121,-0.009406512201626879,0.006732818375783445,,341.79
25.644,-0.009755975463395124,-0.00966651220162689,0.0065528183757834315,,341.79
25.648,-0.009835975463395121,-0.009746512201626886,0.006482818375783445,,341.79
25.652,-0.009845975463395131,-0.009836512201626893,0.0062128183757834245,,341.79
25.656,-0.009925975463395128,-0.00991651220162689,0.005962818375783452,,341.79
25.66,-0.01018597546339511,-0.010006512201626896,0.005612818375783435,,341.79
25.664,-0.010175975463395128,-0.010176512201626872,0.005372818375783445,,341.79
25.668,-0.010095975463395131,-0.010176512201626872,0.005022818375783428,,341.79
25.672,-0.009925975463395128,-0.010176512201626872,0.004602818375783452,,341.79
25.676,-0.009925975463395128,-0.010176512201626872,0.004502818375783435,,341.79
25.68,-0.009925975463395128,-0.010176512201626872,0.004002818375783435,,341.79
25.684,-0.009925975463395128,-0.010266512201626879,0.003652818375783446,,341.79
25.688,-0.009835975463395121,-0.010176512201626872,0.0035728183757834492,,341.79
25.692,-0.009585975463395121,-0.010176512201626872,0.0032228183757834323,,341.79
25.696,-0.009405975463395107,-0.010086512201626893,0.002972818375783432,,341.79
25.7,-0.00932597546339511,-0.009756512201626896,0.0027128183757834496,,341.79
25.704,-0.008985975463395132,-0.009406512201626879,0.0024628183757834494,,341.79
25.708,-0.008815975463395128,-0.009326512201626882,0.002202818375783439,,341.79
25.712,-0.008725975463395121,-0.009316512201626872,0.001952818375783439,,341.79
25.716,-0.008385975463395114,-0.009236512201626875,0.0018628183757834322,,341.79
25.72,-0.008385975463395114,-0.008896512201626896,0.001612818375783432,,341.79
25.724,-0.00821597546339511,-0.008896512201626896,0.0010928183757834393,,341.79
25.728,-0.00821597546339511,-0.00880651220162689,0.0007528183757834322,,341.79
25.732,-0.008135975463395114,-0.00855651220162689,0.0005728183757834465,,341.79
25.736,-0.007785975463395125,-0.008466512201626883,0.00024281837578344953,,341.79
25.74,-0.007535975463395125,-0.008386512201626886,-0.00019718162421657418,,341.79
25.744,-0.0072759754633951144,-0.008126512201626876,-0.0006171816242165502,,341.79
25.748,-0.007025975463395114,-0.008126512201626876,-0.0011371816242165705,,341.79
25.752,-0.0068459754633951285,-0.008126512201626876,-0.001297181624216564,,341.79
25.756,-0.006595975463395128,-0.008046512201626879,-0.0016471816242165532,,341.79
25.76,-0.0065059754633951215,-0.007776512201626886,-0.0021471816242165536,,341.79
25.764,-0.006165975463395115,-0.007616512201626893,-0.0024971816242165706,,341.79
25.768,-0.005815975463395125,-0.007356512201626883,-0.0024971816242165706,,341.79
25.772,-0.005565975463395125,-0.007186512201626879,-0.002667181624216574,,341.79
25.776,-0.005395975463395122,-0.006926512201626897,-0.0030071816242165533,,341.79
25.78,-0.005315975463395125,-0.006846512201626872,-0.003437181624216567,,341.78
25.784,-0.004875975463395129,-0.00658651220162689,-0.003777181624216574,,341.78
25.788,-0.004545975463395132,-0.0063365122016268895,-0.004037181624216557,,341.78
25.792,-0.0043659754633951185,-0.006156512201626876,-0.004287181624216557,,341.78
25.796,-0.0040359754633951216,-0.005996512201626883,-0.004637181624216574,,341.78
25.8,-0.0034259754633951217,-0.005556512201626887,-0.004967181624216571,,341.78
25.804,-0.0031759754633951215,-0.005306512201626886,-0.00531718162421656,,341.78
25.808,-0.0028259754633951323,-0.004956512201626897,-0.00556718162421656,,341.78
25.812,-0.002575975463395132,-0.004716512201626879,-0.00591718162421655,,341.78
25.816,-0.0024859754633951253,-0.00436651220162689,-0.00616718162421655,,341.78
25.82,-0.0021459754633951183,-0.00410651220162688,-0.006257181624216557,,341.78
25.824,-0.001635975463395108,-0.003936512201626876,-0.006507181624216557,,341.78
25.828,-0.001205975463395122,-0.0035965122016268967,-0.006847181624216564,,341.78
25.832,-0.0008659754633951151,-0.0032565122016268897,-0.007447181624216553,,341.78
25.836,-0.0006059754633951326,-0.003166512201626883,-0.0077071816242165634,,341.78
25.84,-0.00034597546339512234,-0.002736512201626897,-0.0077071816242165634,,341.78
25.844,-5.975463395115394e-06,-0.0023165122016268933,-0.00778718162421656,,341.78
25.848,0.0004140245366048883,-0.002056512201626883,-0.008307181624216552,,341.78
25.852,0.0008440245366048742,-0.0018865122016268796,-0.008307181624216552,,341.78
25.856,0.0011840245366048813,-0.0015465122016268726,-0.008387181624216549,,341.78
25.86,0.0016140245366048672,-0.0011965122016268834,-0.008647181624216559,,341.78
25.864,0.002044024536604881,-0.0008565122016268766,-0.008727181624216556,,341.78
25.868,0.002384024536604888,-0.0006065122016268764,-0.008817181624216562,,341.78
25.872,0.002724024536604867,-0.00025651220162688714,-0.008987181624216566,,341.78
25.876,0.0029840245366048773,8.348779837311982e-05,-0.008987181624216566,,341.78
25.88,0.0033240245366048843,0.0005934877983731025,-0.009077181624216573,,341.78
25.884,0.0037540245366048702,0.0009334877983731095,-0.009077181624216573,,341.78
25.888,0.004094024536604877,0.0012734877983731165,-0.009077181624216573,,341.78
25.892,0.0045240245366048905,0.0017034877983731025,-0.009247181624216548,,341.78
25.896,0.004944024536604894,0.0020434877983731095,-0.009497181624216549,,341.78
25.9,0.005284024536604873,0.0023034877983731197,-0.009587181624216555,,341.78
25.904,0.005464024536604887,0.0026434877983731266,-0.009667181624216552,,341.78
25.908,0.005544024536604884,0.002903487798373109,-0.009837181624216556,,341.78
25.912,0.005804024536604894,0.003323487798373113,-0.009927181624216562,,341.78
25.916,0.006144024536604873,0.0034934877983731163,-0.009927181624216562,,341.78
25.92,0.006404024536604883,0.0034934877983731163,-0.009927181624216562,,341.78
25.924,0.006574024536604887,0.0038434877983731055,-0.009927181624216562,,341.78
25.928,0.006914024536604894,0.004263487798373109,-0.009837181624216556,,341.78
25.932,0.007254024536604873,0.0046934877983731225,-0.009927181624216562,,341.78
25.936,0.007514024536604883,0.004863487798373126,-0.009927181624216562,,341.78
25.94,0.007934024536604887,0.005123487798373108,-0.009927181624216562,,341.78
25.944,0.008454024536604907,0.005463487798373115,-0.009927181624216562,,341.78
25.948,0.008624024536604855,0.005803487798373122,-0.009927181624216562,,341.78
25.952,0.008874024536604883,0.006143487798373129,-0.009837181624216556,,341.78
25.956,0.009044024536604887,0.006313487798373105,-0.009587181624216555,,341.78
25.96,0.009134024536604866,0.006573487798373115,-0.009497181624216549,,341.78
25.964,0.0092240245366049,0.0068334877983731255,-0.009587181624216555,,341.78
25.968,0.009394024536604904,0.007343487798373108,-0.009587181624216555,,341.78
25.972,0.009564024536604907,0.007513487798373112,-0.009417181624216552,,341.78
25.976,0.00981402453660488,0.007683487798373115,-0.00915718162421657,,341.78
25.98,0.00981402453660488,0.008113487798373129,-0.009077181624216573,,341.78
25.984,0.009904024536604859,0.008023487798373122,-0.008987181624216566,,341.78
25.988,0.0103340245366049,0.008193487798373126,-0.008817181624216562,,341.78
25.992,0.010674024536604907,0.008373487798373139,-0.008647181624216559,,341.78
25.996,0.010754024536604876,0.008623487798373112,-0.008387181624216549,,341.78
26.0,0.010674024536604907,0.008623487798373112,-0.008137181624216549,,341.78
26.004,0.010674024536604907,0.008793487798373115,-0.00804718162421657,,341.78
26.008,0.010674024536604907,0.009053487798373097,-0.00753718162421656,,341.78
26.012,0.010674024536604907,0.009133487798373122,-0.0073671816242165565,,341.78
26.016,0.010674024536604907,0.009223487798373101,-0.007107181624216574,,341.78
26.02,0.010674024536604907,0.009483487798373139,-0.0069371816242165705,,341.78
26.024,0.010674024536604907,0.009483487798373139,-0.00667718162421656,,341.78
26.028,0.010674024536604907,0.009483487798373139,-0.0065971816242165636,,341.78
26.032,0.010754024536604876,0.009483487798373139,-0.006257181624216557,,341.78
26.036,0.010674024536604907,0.009563487798373108,-0.005997181624216574,,341.78
26.04,0.010674024536604907,0.00982348779837309,-0.005737181624216564,,341.78
26.044,0.010674024536604907,0.009903487798373115,-0.005397181624216557,,341.78
26.048,0.010754024536604876,0.009903487798373115,-0.0052271816242165535,,341.78
26.052,0.010674024536604907,0.009993487798373094,-0.00531718162421656,,341.78
26.056,0.010244024536604866,0.009903487798373115,-0.004967181624216571,,341.78
26.06,0.009904024536604859,0.009993487798373094,-0.004627181624216564,,341.78
26.064,0.009904024536604859,0.009993487798373094,-0.004547181624216567,,341.78
26.068,0.00981402453660488,0.009903487798373115,-0.004287181624216557,,341.78
26.072,0.009644024536604876,0.009903487798373115,-0.003777181624216574,,341.78
26.076,0.009474024536604873,0.009903487798373115,-0.003437181624216567,,341.78
26.08,0.0092240245366049,0.009903487798373115,-0.0032571816242165535,,341.78
26.084,0.009134024536604866,0.009993487798373094,-0.0029171816242165743,,341.78
26.088,0.009044024536604887,0.00982348779837309,-0.0024971816242165706,,341.78
26.092,0.008874024536604883,0.009563487798373108,-0.0021471816242165536,,341.78
26.096,0.008624024536604855,0.009563487798373108,-0.0018071816242165744,,341.78
26.1,0.008534024536604876,0.009563487798373108,-0.0015571816242165742,,341.78
26.104,0.00819402453660487,0.009563487798373108,-0.001297181624216564,,341.78
26.108,0.007934024536604887,0.009483487798373139,-0.0008671816242165504,,341.78
26.112,0.007684024536604887,0.009223487798373101,-0.0004371816242165644,,341.78
26.116,0.00734402453660488,0.009223487798373101,-0.00018718162421656418,,341.78
26.12,0.0070840245366048694,0.009133487798373122,-1.7181624216560694e-05,,341.78
26.124,0.0069940245366048905,0.008883487798373094,0.00032281837578344624,,341.78
26.128,0.0066540245366048835,0.008623487798373112,0.0007528183757834322,,341.78
26.132,0.0063140245366048765,0.008373487798373139,0.001182818375783446,,341.78
26.136,0.006054024536604894,0.008193487798373126,0.0015228183757834252,,341.78
26.14,0.005714024536604887,0.007943487798373125,0.001612818375783432,,341.78
26.144,0.005284024536604873,0.007943487798373125,0.0020328183757834357,,341.78
26.148,0.004944024536604894,0.007853487798373119,0.0024628183757834494,,341.78
26.152,0.004774024536604891,0.007603487798373118,0.002722818375783432,,341.78
26.156,0.004434024536604884,0.007433487798373115,0.003062818375783439,,341.78
26.16,0.004094024536604877,0.007083487798373126,0.0031428183757834355,,341.78
26.164,0.0037540245366048702,0.007003487798373129,0.0032328183757834423,,341.78
26.168,0.0032340245366048776,0.006663487798373122,0.0035728183757834492,,341.78
26.172,0.002814024536604874,0.006403487798373112,0.003912818375783428,,341.78
26.176,0.0025540245366048914,0.006143487798373129,0.004342818375783442,,341.78
26.18,0.002294024536604881,0.005803487798373122,0.004602818375783452,,341.78
26.184,0.001954024536604874,0.005633487798373119,0.004942818375783431,,341.78
26.188,0.0016140245366048672,0.005373487798373109,0.005282818375783438,,341.78
26.192,0.001274024536604888,0.0050334877983731294,0.005542818375783448,,341.78
26.196,0.000934024536604881,0.004523487798373119,0.0057928183757834486,,341.78
26.2,0.0006740245366048707,0.004093487798373105,0.005962818375783452,,341.78
26.204,0.0003340245366048916,0.003923487798373102,0.006052818375783431,,341.78
26.208,-5.975463395115394e-06,0.0037534877983731265,0.006392818375783438,,341.78
26.212,-9.597546339512214e-05,0.0034134877983731196,0.006652818375783448,,341.78
26.216,-0.00034597546339512234,0.002983487798373106,0.006992818375783427,,341.78
26.22,-0.0006959754633951116,0.00255348779837312,0.007252818375783438,,341.78
26.224,-0.0009459754633951118,0.0023034877983731197,0.007422818375783441,,341.78
26.228,-0.001205975463395122,0.0020434877983731095,0.007672818375783441,,341.78
26.232,-0.0012859754633951187,0.0017034877983731025,0.007762818375783448,,341.78
26.236,-0.001635975463395108,0.0012734877983731165,0.007842818375783446,,341.78
26.24,-0.0018859754633951081,0.0008534877983731127,0.008362818375783466,,341.78
26.244,-0.002225975463395115,0.0005934877983731025,0.008612818375783439,,341.78
26.248,-0.0027459754633951078,0.0004234877983731268,0.008872818375783421,,341.78
26.252,-0.002995975463395108,8.348779837311982e-05,0.008952818375783446,,341.78
26.256,-0.003255975463395118,-0.00025651220162688714,0.008952818375783446,,341.78
26.26,-0.0034259754633951217,-0.0006065122016268764,0.009132818375783459,,341.78
26.264,-0.0037659754633951287,-0.0007765122016268798,0.009212818375783428,,341.78
26.268,-0.0038559754633951076,-0.0011165122016268867,0.009472818375783466,,341.78
26.272,-0.0037659754633951287,-0.0016265122016268971,0.009382818375783432,,341.78
26.276,-0.0040259754633951116,-0.00213651220162688,0.009382818375783432,,341.78
26.28,-0.004195975463395115,-0.00239651220162689,0.009472818375783466,,341.78
26.284,-0.004535975463395122,-0.002736512201626897,0.009722818375783438,,341.78
26.288,-0.004795975463395132,-0.003076512201626876,0.009812818375783417,,341.78
26.292,-0.004875975463395129,-0.003166512201626883,0.009722818375783438,,341.78
26.296,-0.005305975463395115,-0.0032565122016268897,0.009722818375783438,,341.78
26.3,-0.005645975463395122,-0.0035965122016268967,0.009812818375783417,,341.78
26.304,-0.005735975463395129,-0.003846512201626897,0.009722818375783438,,341.78
26.308,-0.006165975463395115,-0.00410651220162688,0.009722818375783438,,341.78
26.312,-0.006585975463395118,-0.004446512201626887,0.009722818375783438,,341.78
26.316,-0.0068459754633951285,-0.004706512201626897,0.009812818375783417,,341.78
26.32,-0.007015975463395132,-0.004876512201626873,0.009812818375783417,,341.78
26.324,-0.0072759754633951144,-0.00521651220162688,0.009722818375783438,,341.78
26.328,-0.007355975463395111,-0.005556512201626887,0.009812818375783417,,341.78
26.332,-0.007615975463395121,-0.00572651220162689,0.009812818375783417,,341.78
26.336,-0.007785975463395125,-0.006076512201626879,0.009642818375783414,,341.78
26.34,-0.007785975463395125,-0.0063265122016268795,0.009382818375783432,,341.78
26.344,-0.007865975463395122,-0.00658651220162689,0.009382818375783432,,341.78
26.348,-0.008125975463395132,-0.00683651220162689,0.009382818375783432,,341.78
26.352,-0.008295975463395108,-0.0070965122016268724,0.009302818375783463,,341.78
26.356,-0.008555975463395118,-0.007606512201626883,0.009042818375783425,,341.78
26.36,-0.008725975463395121,-0.007776512201626886,0.008952818375783446,,341.78
26.364,-0.008985975463395132,-0.008036512201626897,0.008872818375783421,,341.78
26.368,-0.009155975463395107,-0.008036512201626897,0.008612818375783439,,341.78
26.372,-0.009405975463395107,-0.008206512201626872,0.008362818375783466,,341.78
26.376,-0.009405975463395107,-0.008466512201626883,0.008102818375783428,,341.78
26.38,-0.009405975463395107,-0.00854651220162688,0.008102818375783428,,341.78
26.384,-0.009495975463395114,-0.00854651220162688,0.00801281837578345,,341.78
26.388,-0.009745975463395114,-0.00854651220162688,0.007842818375783446,,341.78
26.392,-0.009835975463395121,-0.008896512201626896,0.007592818375783445,,341.78
26.396,-0.009835975463395121,-0.008976512201626893,0.007252818375783438,,341.78
26.4,-0.009835975463395121,-0.009066512201626872,0.006992818375783427,,341.78
26.404,-0.009745975463395114,-0.009316512201626872,0.006822818375783452,,341.78
26.408,-0.009745975463395114,-0.009316512201626872,0.0065628183757834415,,341.78
26.412,-0.009835975463395121,-0.009316512201626872,0.006482818375783445,,341.78
26.416,-0.009835975463395121,-0.009406512201626879,0.0062228183757834345,,341.78
26.42,-0.009835975463395121,-0.009746512201626886,0.006052818375783431,,341.78
26.424,-0.009835975463395121,-0.010086512201626893,0.005712818375783452,,341.78
26.428,-0.009925975463395128,-0.010176512201626872,0.005372818375783445,,341.78
26.432,-0.010175975463395128,-0.010176512201626872,0.005022818375783428,,341.78
26.436,-0.010005975463395125,-0.010176512201626872,0.004602818375783452,,341.78
26.44,-0.009665975463395118,-0.010176512201626872,0.004512818375783445,,341.78
26.444,-0.009835975463395121,-0.010256512201626896,0.003912818375783428,0.00041325176690224706,341.78
26.448,-0.009835975463395121,-0.010176512201626872,0.0036628183757834282,0.0007532517669022541,341.78
26.452,-0.009745975463395114,-0.010176512201626872,0.0035728183757834492,0.001093251766902261,341.78
26.456,-0.009495975463395114,-0.010176512201626872,0.0031428183757834355,0.001523251766902247,341.78
26.46,-0.009405975463395107,-0.00991651220162689,0.0028028183757834286,0.0017732517669022472,341.78
26.464,-0.00932597546339511,-0.009836512201626893,0.002722818375783432,0.0019432517669022507,341.78
26.468,-0.009065975463395128,-0.009836512201626893,0.002722818375783432,0.0022832517669022574,341.78
26.472,-0.008985975463395132,-0.009746512201626886,0.002292818375783446,0.0027132517669022434,341.78
26.476,-0.008805975463395118,-0.009576512201626882,0.001952818375783439,0.003143251766902257,341.78
26.48,-0.008725975463395121,-0.009406512201626879,0.0017828183757834354,0.003573251766902243,341.78
26.484,-0.008555975463395118,-0.009316512201626872,0.0014328183757834462,0.0038232517669022433,341.78
26.488,-0.008295975463395108,-0.009066512201626872,0.0010928183757834393,0.003993251766902247,341.78
26.492,-0.00821597546339511,-0.008976512201626893,0.0007528183757834322,0.004343251766902264,341.78
26.496,-0.008125975463395132,-0.00880651220162689,0.00041281837578342523,0.004763251766902268,341.78
26.5,-0.007865975463395122,-0.00854651220162688,0.00024281837578344953,0.005193251766902254,341.78
26.504,-0.007695975463395118,-0.008636512201626886,-9.718162421655743e-05,0.0056232517669022675,341.78
26.508,-0.007355975463395111,-0.008636512201626886,-0.0005271816242165712,0.005873251766902268,341.78
26.512,-0.007105975463395111,-0.008296512201626879,-0.0007871816242165536,0.0060432517669022435,341.78
26.516,-0.006925975463395125,-0.008296512201626879,-0.0010371816242165537,0.006303251766902254,341.78
26.52,-0.006675975463395125,-0.008126512201626876,-0.0015571816242165742,0.006303251766902254,341.78
26.524,-0.0065059754633951215,-0.008126512201626876,-0.002067181624216557,0.006473251766902257,341.78
26.528,-0.006075975463395108,-0.007956512201626872,-0.002407181624216564,0.006813251766902264,341.78
26.532,-0.005735975463395129,-0.00769651220162689,-0.0025771816242165673,0.007073251766902247,341.78
26.536,-0.005565975463395125,-0.007606512201626883,-0.00283718162421655,0.007333251766902257,341.78
26.54,-0.005305975463395115,-0.007436512201626879,-0.00308718162421655,0.007583251766902257,341.78
26.544,-0.005225975463395118,-0.007266512201626876,-0.003437181624216567,0.007673251766902264,341.78
26.548,-0.004965975463395108,-0.007016512201626876,-0.003687181624216567,0.007923251766902263,341.78
26.552,-0.0047059754633951255,-0.006756512201626893,-0.0038571816242165707,0.008183251766902246,341.78
26.556,-0.004105975463395108,-0.006496512201626883,-0.00419718162421655,0.008523251766902253,341.78
26.56,-0.0038559754633951076,-0.006416512201626886,-0.004547181624216567,0.008523251766902253,341.78
26.564,-0.003595975463395125,-0.006076512201626879,-0.00505718162421655,0.008523251766902253,341.78
26.568,-0.003255975463395118,-0.005816512201626897,-0.005397181624216557,0.008783251766902235,341.78
26.572,-0.002995975463395108,-0.00547651220162689,-0.005487181624216564,0.00886325176690226,341.78
26.576,-0.0028259754633951323,-0.004956512201626897,-0.005657181624216567,0.00886325176690226,341.78
26.58,-0.0024859754633951253,-0.004706512201626897,-0.005827181624216571,0.00886325176690226,341.78
26.584,-0.001975975463395115,-0.00436651220162689,-0.00616718162421655,0.00886325176690226,341.78
26.588,-0.001635975463395108,-0.00410651220162688,-0.00642718162421656,0.008953251766902239,341.78
26.592,-0.0014659754633951322,-0.003936512201626876,-0.00667718162421656,0.009213251766902276,341.78
26.596,-0.001205975463395122,-0.0035965122016268967,-0.0069371816242165705,0.009213251766902276,341.78
26.6,-0.0007759754633951083,-0.0032565122016268897,-0.00727718162421655,0.009213251766902276,341.78
26.604,-0.00034597546339512234,-0.003076512201626876,-0.00778718162421656,0.009213251766902276,341.78
26.608,-9.597546339512214e-05,-0.002736512201626897,-0.00804718162421657,0.009293251766902245,341.78
26.612,0.00024402453660488484,-0.0023165122016268933,-0.008307181624216552,0.00938325176690228,341.78
26.616,0.0005040245366048673,-0.002056512201626883,-0.008307181624216552,0.009293251766902245,341.78
26.62,0.0008440245366048742,-0.0018865122016268796,-0.008387181624216549,0.009293251766902245,341.78
26.624,0.0011840245366048813,-0.0015465122016268726,-0.008557181624216552,0.009293251766902245,341.78
26.628,0.0016140245366048672,-0.0011165122016268867,-0.008647181624216559,0.009293251766902245,341.78
26.632,0.002044024536604881,-0.0006865122016268731,-0.008727181624216556,0.009293251766902245,341.78
26.636,0.0024640245366048846,-0.00025651220162688714,-0.008817181624216562,0.009293251766902245,341.78
26.64,0.0029840245366048773,8.348779837311982e-05,-0.009077181624216573,0.009293251766902245,341.78
26.644,0.003404024536604881,0.00033348779837312004,-0.009077181624216573,0.009293251766902245,341.78
26.648,0.0036640245366048913,0.0005034877983731235,-0.008987181624216566,0.009293251766902245,341.78
26.652,0.00400402453660487,0.0008534877983731127,-0.009077181624216573,0.009293251766902245,341.78
26.656,0.0041740245366048735,0.0013634877983731233,-0.009077181624216573,0.009293251766902245,341.78
26.66,0.0045240245366048905,0.0017934877983731092,-0.009247181624216548,0.009213251766902276,341.78
26.664,0.00486402453660487,0.002133487798373116,-0.009497181624216549,0.008953251766902239,341.78
26.668,0.005284024536604873,0.00255348779837312,-0.009497181624216549,0.00886325176690226,341.78
26.672,0.005714024536604887,0.002983487798373106,-0.009497181624216549,0.00886325176690226,341.78
26.676,0.006054024536604894,0.003243487798373116,-0.009587181624216555,0.008783251766902235,341.78
26.68,0.006144024536604873,0.003323487798373113,-0.009837181624216556,0.008613251766902232,341.78
26.684,0.00622402453660487,0.0034934877983731163,-0.009927181624216562,0.008523251766902253,341.78
26.688,0.006574024536604887,0.0038434877983731055,-0.009927181624216562,0.008353251766902249,341.78
26.692,0.0070840245366048694,0.004183487798373112,-0.009927181624216562,0.008103251766902277,341.78
26.696,0.007424024536604876,0.004523487798373119,-0.009837181624216556,0.008103251766902277,341.78
26.7,0.007514024536604883,0.004783487798373129,-0.009837181624216556,0.008103251766902277,341.78
26.704,0.007684024536604887,0.005123487798373108,-0.009927181624216562,0.007923251766902263,341.78
26.708,0.007934024536604887,0.005463487798373115,-0.009927181624216562,0.007673251766902264,341.78
26.712,0.008284024536604904,0.005893487798373129,-0.009927181624216562,0.007583251766902257,341.78
26.716,0.008534024536604876,0.006313487798373105,-0.009837181624216556,0.007333251766902257,341.78
26.72,0.008624024536604855,0.006743487798373119,-0.009587181624216555,0.007163251766902253,341.78
26.724,0.008874024536604883,0.007003487798373129,-0.009497181624216549,0.006903251766902243,341.78
26.728,0.009134024536604866,0.007083487798373126,-0.009497181624216549,0.006733251766902267,341.78
26.732,0.009394024536604904,0.007343487798373108,-0.009417181624216552,0.006473251766902257,341.78
26.736,0.009474024536604873,0.007433487798373115,-0.00915718162421657,0.00639325176690226,341.78
26.74,0.009734024536604855,0.007603487798373118,-0.00915718162421657,0.005963251766902247,341.78
26.744,0.00981402453660488,0.007853487798373119,-0.00915718162421657,0.0056232517669022675,341.78
26.748,0.009904024536604859,0.007943487798373125,-0.00889718162421656,0.005533251766902261,341.78
26.752,0.009984024536604883,0.008193487798373126,-0.008557181624216552,0.005193251766902254,341.78
26.756,0.0103340245366049,0.008283487798373105,-0.008557181624216552,0.004853251766902247,341.78
26.76,0.010584024536604873,0.008373487798373139,-0.008217181624216573,0.004593251766902264,341.78
26.764,0.010584024536604873,0.008623487798373112,-0.007957181624216563,0.004343251766902264,341.78
26.768,0.010584024536604873,0.008883487798373094,-0.00778718162421656,0.004253251766902257,341.78
26.772,0.010584024536604873,0.009133487798373122,-0.00753718162421656,0.003993251766902247,341.78
26.776,0.010584024536604873,0.009133487798373122,-0.0073671816242165565,0.0037432517669022465,341.78
26.78,0.010674024536604907,0.009133487798373122,-0.007107181624216574,0.0034032517669022673,341.79
26.784,0.010754024536604876,0.009393487798373104,-0.007017181624216567,0.0030532517669022504,341.79
26.788,0.010754024536604876,0.009483487798373139,-0.006767181624216567,0.0027132517669022434,341.79
26.792,0.010754024536604876,0.009483487798373139,-0.006507181624216557,0.0022832517669022574,341.79
26.796,0.010674024536604907,0.009483487798373139,-0.00616718162421655,0.0020332517669022572,341.79
26.8,0.010674024536604907,0.009483487798373139,-0.005827181624216571,0.001863251766902254,341.79
26.804,0.010674024536604907,0.009563487798373108,-0.005737181624216564,0.001523251766902247,341.79
26.808,0.010754024536604876,0.00982348779837309,-0.005487181624216564,0.0010032517669022543,341.79
26.812,0.010754024536604876,0.00982348779837309,-0.0052271816242165535,0.0006632517669022473,341.79
26.816,0.010584024536604873,0.009903487798373115,-0.0052271816242165535,0.0004932517669022439,341.79
26.82,0.010244024536604866,0.009993487798373094,-0.004967181624216571,0.0001532517669022646,341.79
26.824,0.009984024536604883,0.009993487798373094,-0.004717181624216571,-0.00010674823309774563,341.79
26.828,0.00981402453660488,0.009903487798373115,-0.004547181624216567,-0.00035674823309774585,341.79
26.832,0.00981402453660488,0.009993487798373094,-0.00419718162421655,-0.000706748233097735,341.79
26.836,0.009734024536604855,0.009903487798373115,-0.0038571816242165707,-0.0009567482330977352,341.79
26.84,0.009474024536604873,0.009903487798373115,-0.003687181624216567,-0.001046748233097742,341.79
26.844,0.009394024536604904,0.009903487798373115,-0.0033471816242165602,-0.0012967482330977422,341.79
26.848,0.009134024536604866,0.00982348779837309,-0.00308718162421655,-0.0015567482330977524,341.79
26.852,0.008964024536604862,0.009563487798373108,-0.0029171816242165743,-0.0018967482330977594,341.79
26.856,0.008964024536604862,0.009563487798373108,-0.0024971816242165706,-0.002156748233097742,341.79
26.86,0.008964024536604862,0.009563487798373108,-0.00197718162421655,-0.0024067482330977423,341.79
26.864,0.00870402453660488,0.009563487798373108,-0.00172718162421655,-0.002836748233097756,341.79
26.868,0.008364024536604873,0.009563487798373108,-0.0014671816242165675,-0.0030067482330977595,341.79
26.872,0.00810402453660489,0.009483487798373139,-0.0011271816242165605,-0.003266748233097742,341.79
26.876,0.007764024536604883,0.009223487798373101,-0.0006971816242165746,-0.0034367482330977454,341.79
26.88,0.007514024536604883,0.009133487798373122,-0.0004371816242165644,-0.0036967482330977556,341.79
26.884,0.00734402453660488,0.008963487798373119,-9.718162421655743e-05,-0.003866748233097759,341.79
26.888,0.0069940245366048905,0.00871348779837309,0.00024281837578344953,-0.004206748233097738,341.79
26.892,0.0066540245366048835,0.008623487798373112,0.0005828183757834287,-0.004466748233097748,341.79
26.896,0.006574024536604887,0.008373487798373139,0.0007528183757834322,-0.004636748233097752,341.79
26.9,0.00622402453660487,0.008283487798373105,0.0010928183757834393,-0.004886748233097752,341.79
26.904,0.005804024536604894,0.008023487798373122,0.001612818375783432,-0.005056748233097755,341.79
26.908,0.005464024536604887,0.008023487798373122,0.0020328183757834357,-0.005486748233097741,341.79
26.912,0.005284024536604873,0.008023487798373122,0.0023728183757834426,-0.005826748233097748,341.79
26.916,0.004944024536604894,0.007853487798373119,0.0024628183757834494,-0.005996748233097752,341.79
26.92,0.004604024536604887,0.007513487798373112,0.0025528183757834283,-0.006256748233097734,341.79
26.924,0.004094024536604877,0.007253487798373129,0.0028028183757834286,-0.006516748233097744,341.79
26.928,0.0037540245366048702,0.007083487798373126,0.0032328183757834423,-0.006856748233097751,341.79
26.932,0.0035840245366048945,0.0068334877983731255,0.0035728183757834492,-0.007106748233097752,341.79
26.936,0.0032340245366048776,0.006663487798373122,0.003742818375783425,-0.007286748233097737,341.79
26.94,0.002814024536604874,0.006233487798373108,0.004002818375783435,-0.0075367482330977375,341.79
26.944,0.0024640245366048846,0.005973487798373126,0.004342818375783442,-0.007706748233097741,341.79
26.948,0.0021240245366048777,0.005723487798373126,0.004602818375783452,-0.008046748233097749,341.79
26.952,0.0018740245366048775,0.005373487798373109,0.004942818375783431,-0.008306748233097759,341.79
26.956,0.0016140245366048672,0.0050334877983731294,0.005192818375783431,-0.008396748233097738,341.79
26.96,0.0011840245366048813,0.004783487798373129,0.005282818375783438,-0.008476748233097735,341.79
26.964,0.0007640245366048775,0.004523487798373119,0.005622818375783445,-0.008736748233097745,341.79
26.968,0.0005040245366048673,0.003923487798373102,0.0058828183757834275,-0.008816748233097742,341.79
26.972,0.0003340245366048916,0.0034134877983731196,0.006132818375783428,-0.009076748233097752,341.79
26.976,-5.975463395115394e-06,0.0030734877983731126,0.006392818375783438,-0.009166748233097759,341.79
26.98,-0.0002659754633951256,0.0030734877983731126,0.0065628183757834415,-0.009246748233097755,341.79
26.984,-0.0005259754633951081,0.002903487798373109,0.006822818375783452,-0.009506748233097738,341.79
26.988,-0.0007759754633951083,0.00255348779837312,0.007072818375783452,-0.009506748233097738,341.79
26.992,-0.0009459754633951118,0.002133487798373116,0.007502818375783438,-0.009676748233097741,341.79
26.996,-0.0012859754633951187,0.0017934877983731092,0.007762818375783448,-0.009926748233097742,341.79
27.0,-0.0014659754633951322,0.0016134877983731235,0.00801281837578345,-0.010016748233097748,341.79
27.004,-0.0017159754633951324,0.0012734877983731165,0.00801281837578345,-0.010016748233097748,341.79
27.008,-0.001975975463395115,0.0009334877983731095,0.00801281837578345,-0.010016748233097748,341.79
27.012,-0.002225975463395115,0.0005934877983731025,0.008362818375783466,-0.010016748233097748,341.79
27.016,-0.0027459754633951078,0.00016348779837311656,0.008872818375783421,-0.010016748233097748,341.79
27.02,-0.0029159754633951112,-6.512201626886914e-06,0.009042818375783425,-0.010016748233097748,341.79
27.024,-0.003255975463395118,-0.00025651220162688714,0.009302818375783463,-0.010016748233097748,341.79
27.028,-0.003595975463395125,-0.0007765122016268798,0.009212818375783428,-0.010106748233097755,341.79
27.032,-0.003685975463395132,-0.0011965122016268834,0.009132818375783459,-0.010356748233097755,341.79
27.036,-0.0038559754633951076,-0.0014565122016268937,0.009302818375783463,-0.010356748233097755,341.79
27.04,-0.0038559754633951076,-0.0017165122016268761,0.009302818375783463,-0.010276748233097759,341.79
27.044,-0.004105975463395108,-0.0022265122016268866,0.009302818375783463,-0.010106748233097755,341.79
27.048,-0.0043659754633951185,-0.0026565122016268725,0.009472818375783466,-0.010016748233097748,341.79
27.052,-0.004535975463395122,-0.0029065122016268727,0.009722818375783438,-0.010016748233097748,341.79
27.056,-0.004795975463395132,-0.003166512201626883,0.009812818375783417,-0.009926748233097742,341.79
27.06,-0.005225975463395118,-0.0032565122016268897,0.009722818375783438,-0.009676748233097741,341.79
27.064,-0.005395975463395122,-0.003426512201626893,0.009722818375783438,-0.009506748233097738,341.79
27.068,-0.005565975463395125,-0.0036765122016268934,0.009812818375783417,-0.009246748233097755,341.79
27.072,-0.005815975463395125,-0.004016512201626873,0.009812818375783417,-0.009246748233097755,341.79
27.076,-0.006245975463395111,-0.004276512201626883,0.009812818375783417,-0.009076748233097752,341.79
27.08,-0.006585975463395118,-0.0045365122016268935,0.009722818375783438,-0.008816748233097742,341.79
27.084,-0.006755975463395122,-0.004876512201626873,0.009812818375783417,-0.008646748233097738,341.79
27.088,-0.007015975463395132,-0.00521651220162688,0.009812818375783417,-0.008396748233097738,341.79
27.092,-0.0072759754633951144,-0.005556512201626887,0.009722818375783438,-0.008226748233097735,341.79
27.096,-0.007525975463395115,-0.005646512201626893,0.009722818375783438,-0.007966748233097752,341.79
27.1,-0.007785975463395125,-0.005986512201626873,0.009812818375783417,-0.007876748233097745,341.79
27.104,-0.007785975463395125,-0.006156512201626876,0.009812818375783417,-0.007706748233097741,341.79
27.108,-0.007785975463395125,-0.006416512201626886,0.009812818375783417,-0.007456748233097741,341.79
27.112,-0.007785975463395125,-0.006756512201626893,0.009722818375783438,-0.007196748233097758,341.79
27.116,-0.008045975463395107,-0.0070965122016268724,0.009472818375783466,-0.007026748233097755,341.79
27.12,-0.00821597546339511,-0.007526512201626886,0.009382818375783432,-0.006686748233097748,341.79
27.124,-0.008465975463395111,-0.00769651220162689,0.009212818375783428,-0.006346748233097741,341.79
27.128,-0.008725975463395121,-0.008036512201626897,0.008952818375783446,-0.005916748233097755,341.79
27.132,-0.008985975463395132,-0.008296512201626879,0.008782818375783442,-0.005576748233097748,341.79
27.136,-0.009065975463395128,-0.00854651220162688,0.008612818375783439,-0.0054067482330977445,341.79
27.14,-0.00932597546339511,-0.00854651220162688,0.008612818375783439,-0.005146748233097734,341.79
27.144,-0.00932597546339511,-0.008636512201626886,0.008532818375783414,-0.005056748233097755,341.79
27.148,-0.00932597546339511,-0.008896512201626896,0.008442818375783435,-0.004716748233097748,341.79
27.152,-0.009495975463395114,-0.009066512201626872,0.008102818375783428,-0.004376748233097741,341.79
27.156,-0.009745975463395114,-0.009146512201626896,0.007842818375783446,-0.004206748233097738,341.79
27.16,-0.009835975463395121,-0.009146512201626896,0.007592818375783445,-0.003866748233097759,341.79
27.164,-0.009745975463395114,-0.009406512201626879,0.007332818375783434,-0.0034367482330977454,341.79
27.168,-0.009835975463395121,-0.009406512201626879,0.007252818375783438,-0.0030967482330977385,341.79
27.172,-0.009835975463395121,-0.009316512201626872,0.006902818375783448,-0.002836748233097756,341.79
27.176,-0.009745975463395114,-0.009406512201626879,0.0065628183757834415,-0.002496748233097749,341.79
27.18,-0.009745975463395114,-0.00965651220162688,0.006392818375783438,-0.002156748233097742,341.79
27.184,-0.009835975463395121,-0.010006512201626896,0.006132818375783428,-0.0018167482330977349,341.79
27.188,-0.009835975463395121,-0.010086512201626893,0.006052818375783431,-0.0014667482330977457,341.79
27.192,-0.009835975463395121,-0.010086512201626893,0.005712818375783452,-0.0012967482330977422,341.79
27.196,-0.009745975463395114,-0.010086512201626893,0.005372818375783445,-0.0009567482330977352,341.79
27.2,-0.009835975463395121,-0.010086512201626893,0.005192818375783431,-0.000706748233097735,341.79
27.204,-0.010095975463395131,-0.010086512201626893,0.004772818375783428,-0.0005267482330977493,341.79
27.208,-0.010095975463395131,-0.010086512201626893,0.004252818375783435,-0.00018674823309774237,341.79
27.212,-0.009835975463395121,-0.010086512201626893,0.004002818375783435,0.0001532517669022646,341.79
27.216,-0.009665975463395118,-0.010086512201626893,0.0035728183757834492,0.0005832517669022506,341.79
27.22,-0.009745975463395114,-0.010086512201626893,0.003312818375783439,0.0010032517669022543,341.79
27.224,-0.009665975463395118,-0.010086512201626893,0.003062818375783439,0.0014332517669022402,341.79
27.228,-0.009405975463395107,-0.010006512201626896,0.0028028183757834286,0.0017732517669022472,341.79
27.232,-0.009405975463395107,-0.00965651220162688,0.002632818375783425,0.0019432517669022507,341.79
27.236,-0.009405975463395107,-0.009406512201626879,0.002292818375783446,0.0022832517669022574,341.79
27.24,-0.00932597546339511,-0.009406512201626879,0.001952818375783439,0.0027132517669022434,341.79
27.244,-0.008895975463395125,-0.009406512201626879,0.0016928183757834287,0.003143251766902257,341.79
27.248,-0.008805975463395118,-0.009406512201626879,0.0014328183757834462,0.003483251766902264,341.79
27.252,-0.008295975463395108,-0.009236512201626875,0.0010928183757834393,0.003573251766902243,341.79
27.256,-0.00821597546339511,-0.008976512201626893,0.0006728183757834355,0.0039132517669022504,341.79
27.26,-0.00821597546339511,-0.008896512201626896,0.00032281837578344624,0.004343251766902264,341.79
27.264,-0.008125975463395132,-0.008896512201626896,-1.7181624216560694e-05,0.004763251766902268,341.79
27.268,-0.007865975463395122,-0.008896512201626896,-0.00018718162421656418,0.005103251766902247,341.79
27.272,-0.007695975463395118,-0.00880651220162689,-0.0004371816242165644,0.005453251766902264,341.79
27.276,-0.007445975463395118,-0.008636512201626886,-0.0007871816242165536,0.005703251766902264,341.79
27.28,-0.0072759754633951144,-0.008466512201626883,-0.001297181624216564,0.0060432517669022435,341.79
27.284,-0.007015975463395132,-0.008376512201626876,-0.00172718162421655,0.00639325176690226,341.79
27.288,-0.0068459754633951285,-0.008126512201626876,-0.002067181624216557,0.006563251766902264,341.79
27.292,-0.0065059754633951215,-0.007956512201626872,-0.0024971816242165706,0.006813251766902264,341.79
27.296,-0.006245975463395111,-0.00769651220162689,-0.0030071816242165533,0.006813251766902264,341.79
27.3,-0.006165975463395115,-0.007606512201626883,-0.0033471816242165602,0.006903251766902243,341.79
27.304,-0.005735975463395129,-0.007436512201626879,-0.003437181624216567,0.00724325176690225,341.79
27.308,-0.005395975463395122,-0.007186512201626879,-0.003437181624216567,0.00750325176690226,341.79
27.312,-0.005225975463395118,-0.006926512201626897,-0.003687181624216567,0.007673251766902264,341.79
27.316,-0.004875975463395129,-0.006756512201626893,-0.004027181624216575,0.007923251766902263,341.79
27.32,-0.004535975463395122,-0.006496512201626883,-0.00419718162421655,0.008103251766902277,341.79
27.324,-0.0040259754633951116,-0.006416512201626886,-0.004547181624216567,0.008353251766902249,341.79
27.328,-0.003685975463395132,-0.006156512201626876,-0.004967181624216571,0.008523251766902253,341.79
27.332,-0.003595975463395125,-0.005986512201626873,-0.005397181624216557,0.008783251766902235,341.79
27.336,-0.003255975463395118,-0.005646512201626893,-0.00556718162421656,0.00886325176690226,341.79
27.34,-0.0029159754633951112,-0.005306512201626886,-0.005907181624216567,0.00886325176690226,341.79
27.344,-0.0024859754633951253,-0.004956512201626897,-0.006257181624216557,0.009123251766902242,341.79
27.348,-0.0021459754633951183,-0.0045365122016268935,-0.006337181624216553,0.009213251766902276,341.79
27.352,-0.0020559754633951116,-0.00436651220162689,-0.0065971816242165636,0.009213251766902276,341.79
27.356,-0.001635975463395108,-0.004016512201626873,-0.00667718162421656,0.009293251766902245,341.79
27.36,-0.001205975463395122,-0.0037665122016268724,-0.007107181624216574,0.009553251766902228,341.79
27.364,-0.0007759754633951083,-0.00350651220162689,-0.00753718162421656,0.009723251766902231,341.79
27.368,-0.00034597546339512234,-0.003166512201626883,-0.00778718162421656,0.009723251766902231,341.79
27.372,-9.597546339512214e-05,-0.0029065122016268727,-0.007877181624216566,0.009633251766902252,341.79
27.376,7.402453660488135e-05,-0.002736512201626897,-0.007957181624216563,0.009723251766902231,341.79
27.38,0.0004140245366048883,-0.00239651220162689,-0.008217181624216573,0.009723251766902231,341.79
27.384,0.0007640245366048775,-0.0019665122016268763,-0.008217181624216573,0.009633251766902252,341.79
27.388,0.0011840245366048813,-0.0016265122016268971,-0.008217181624216573,0.009723251766902231,341.79
27.392,0.0016140245366048672,-0.001376512201626897,-0.008307181624216552,0.009723251766902231,341.79
27.396,0.0021240245366048777,-0.00102651220162688,-0.008557181624216552,0.009633251766902252,341.79
27.4,0.0025540245366048914,-0.0006865122016268731,-0.008727181624216556,0.009633251766902252,341.79
27.404,0.002814024536604874,-0.0003465122016268939,-0.008817181624216562,0.009633251766902252,341.79
27.408,0.0032340245366048776,8.348779837311982e-05,-0.009077181624216573,0.009633251766902252,341.79
27.412,0.0034940245366048878,0.0005034877983731235,-0.00915718162421657,0.009633251766902252,341.79
27.416,0.0037540245366048702,0.0009334877983731095,-0.009247181624216548,0.009633251766902252,341.79
27.42,0.0041740245366048735,0.0011934877983731198,-0.009327181624216573,0.009723251766902231,341.79
27.424,0.004604024536604887,0.00144348779837312,-0.009417181624216552,0.009553251766902228,341.79
27.428,0.00486402453660487,0.0017934877983731092,-0.009417181624216552,0.00938325176690228,341.79
27.432,0.00537402453660488,0.0020434877983731095,-0.009417181624216552,0.009293251766902245,341.79
27.436,0.005804024536604894,0.00255348779837312,-0.009417181624216552,0.009293251766902245,341.79
27.44,0.00597402453660487,0.002903487798373109,-0.009417181624216552,0.009213251766902276,341.79
27.444,0.006054024536604894,0.0030734877983731126,-0.009417181624216552,0.008953251766902239,341.79
27.448,0.00622402453660487,0.0034134877983731196,-0.009417181624216552,0.00886325176690226,341.79
27.452,0.006574024536604887,0.0037534877983731265,-0.009417181624216552,0.008783251766902235,341.79
27.456,0.006914024536604894,0.003923487798373102,-0.009417181624216552,0.008783251766902235,341.79
27.46,0.0069940245366048905,0.004263487798373109,-0.009417181624216552,0.008523251766902253,341.79
27.464,0.00734402453660488,0.004613487798373126,-0.009497181624216549,0.008523251766902253,341.79
27.468,0.007684024536604887,0.004953487798373105,-0.009587181624216555,0.008183251766902246,341.79
27.472,0.007934024536604887,0.005123487798373108,-0.009497181624216549,0.0077532517669022605,341.79
27.476,0.008284024536604904,0.005553487798373122,-0.009497181624216549,0.007583251766902257,341.79
27.48,0.008624024536604855,0.006063487798373105,-0.009497181624216549,0.007333251766902257,341.79
27.484,0.00870402453660488,0.006233487798373108,-0.009587181624216555,0.00724325176690225,341.79
27.488,0.008964024536604862,0.006663487798373122,-0.009497181624216549,0.006983251766902268,341.79
27.492,0.009134024536604866,0.006913487798373122,-0.009247181624216548,0.006733251766902267,341.79
27.496,0.00930402453660487,0.007173487798373105,-0.009077181624216573,0.006473251766902257,341.79
27.5,0.00930402453660487,0.007513487798373112,-0.008987181624216566,0.00639325176690226,341.79
27.504,0.009474024536604873,0.007853487798373119,-0.008987181624216566,0.005963251766902247,341.79
27.508,0.009734024536604855,0.008023487798373122,-0.008817181624216562,0.0056232517669022675,341.79
27.512,0.00981402453660488,0.008193487798373126,-0.008647181624216559,0.005453251766902264,341.79
27.516,0.00981402453660488,0.008283487798373105,-0.008647181624216559,0.005103251766902247,341.79
27.52,0.009904024536604859,0.008283487798373105,-0.008477181624216555,0.004763251766902268,341.79
27.524,0.0103340245366049,0.008373487798373139,-0.008137181624216549,0.004513251766902268,341.79
27.528,0.010674024536604907,0.008623487798373112,-0.008137181624216549,0.004253251766902257,341.79
27.532,0.010754024536604876,0.008883487798373094,-0.007877181624216566,0.0039132517669022504,341.79
27.536,0.010754024536604876,0.009133487798373122,-0.007877181624216566,0.003573251766902243,341.79
27.54,0.010674024536604907,0.009133487798373122,-0.0077071816242165634,0.0034032517669022673,341.79
27.544,0.010674024536604907,0.009133487798373122,-0.007197181624216553,0.003143251766902257,341.79
27.548,0.010674024536604907,0.009393487798373104,-0.006847181624216564,0.0030532517669022504,341.79
27.552,0.010754024536604876,0.009483487798373139,-0.0065971816242165636,0.0027132517669022434,341.79
27.556,0.010674024536604907,0.009653487798373142,-0.006507181624216557,0.002373251766902264,341.79
27.56,0.010674024536604907,0.009903487798373115,-0.006257181624216557,0.001863251766902254,341.79
27.564,0.010754024536604876,0.009993487798373094,-0.006077181624216571,0.0014332517669022402,341.79
27.568,0.010754024536604876,0.009993487798373094,-0.005737181624216564,0.0011732517669022578,341.79
27.572,0.010674024536604907,0.009903487798373115,-0.005657181624216567,0.0010032517669022543,341.79
27.576,0.010584024536604873,0.009993487798373094,-0.005657181624216567,0.0006632517669022473,341.79
27.58,0.0103340245366049,0.009903487798373115,-0.00531718162421656,0.0003232517669022403,341.79
27.584,0.010244024536604866,0.009993487798373094,-0.00505718162421655,-1.6748233097738888e-05,341.79
27.588,0.009984024536604883,0.009993487798373094,-0.004967181624216571,-0.00018674823309774237,341.79
27.592,0.00981402453660488,0.009903487798373115,-0.004627181624216564,-0.0005267482330977493,341.79
27.596,0.009734024536604855,0.009903487798373115,-0.004287181624216557,-0.0008767482330977385,341.79
27.6,0.009474024536604873,0.009903487798373115,-0.004117181624216554,-0.001046748233097742,341.79
27.604,0.009474024536604873,0.009903487798373115,-0.0038571816242165707,-0.0012967482330977422,341.79
27.608,0.009394024536604904,0.009993487798373094,-0.003687181624216567,-0.001386748233097749,341.79
27.612,0.009134024536604866,0.009993487798373094,-0.0032571816242165535,-0.0016467482330977592,341.79
27.616,0.008964024536604862,0.009993487798373094,-0.0029171816242165743,-0.0018967482330977594,341.79
27.62,0.00870402453660488,0.009993487798373094,-0.002667181624216574,-0.002236748233097739,341.79
27.624,0.00870402453660488,0.00982348779837309,-0.0021471816242165536,-0.0025867482330977558,341.79
27.628,0.008454024536604907,0.009563487798373108,-0.0018071816242165744,-0.002926748233097735,341.79
27.632,0.00819402453660487,0.009563487798373108,-0.0015571816242165742,-0.003176748233097735,341.79
27.636,0.00810402453660489,0.009563487798373108,-0.0012071816242165572,-0.003526748233097752,341.79
27.64,0.007934024536604887,0.009483487798373139,-0.0009571816242165571,-0.0037767482330977524,341.79
27.644,0.007764024536604883,0.009223487798373101,-0.0008671816242165504,-0.003866748233097759,341.79
27.648,0.00734402453660488,0.009133487798373122,-0.0005271816242165712,-0.004206748233097738,341.79
27.652,0.0069940245366048905,0.008963487798373119,-1.7181624216560694e-05,-0.004466748233097748,341.79
27.656,0.006914024536604894,0.00871348779837309,0.00032281837578344624,-0.004716748233097748,341.79
27.66,0.006574024536604887,0.008623487798373112,0.00041281837578342523,-0.004806748233097755,341.79
27.664,0.00622402453660487,0.008373487798373139,0.0007528183757834322,-0.005146748233097734,341.79
27.668,0.005884024536604891,0.008283487798373105,0.0010928183757834393,-0.0054067482330977445,341.79
27.672,0.00563402453660489,0.007943487798373125,0.0015228183757834252,-0.005656748233097745,341.79
27.676,0.005284024536604873,0.007683487798373115,0.0018628183757834322,-0.005916748233097755,341.79
27.68,0.004944024536604894,0.007773487798373122,0.001952818375783439,-0.005996748233097752,341.79
27.684,0.004604024536604887,0.007433487798373115,0.0021228183757834424,-0.006256748233097734,341.79
27.688,0.004434024536604884,0.007173487798373105,0.0024628183757834494,-0.006516748233097744,341.79
27.692,0.004094024536604877,0.007083487798373126,0.002722818375783432,-0.006856748233097751,341.79
27.696,0.0037540245366048702,0.006743487798373119,0.0032328183757834423,-0.007106748233097752,341.79
27.7,0.0032340245366048776,0.006403487798373112,0.0035728183757834492,-0.007106748233097752,341.79
27.704,0.002814024536604874,0.006143487798373129,0.003742818375783425,-0.007106748233097752,341.79
27.708,0.0025540245366048914,0.005803487798373122,0.004002818375783435,-0.007196748233097758,341.79
27.712,0.002384024536604888,0.005553487798373122,0.0044328183757834485,-0.0075367482330977375,341.79
27.716,0.002044024536604881,0.005373487798373109,0.004772818375783428,-0.007876748233097745,341.79
27.72,0.001704024536604874,0.0050334877983731294,0.005022818375783428,-0.007966748233097752,341.79
27.724,0.001274024536604888,0.004613487798373126,0.005372818375783445,-0.008226748233097735,341.79
27.728,0.0010140245366048778,0.004263487798373109,0.005542818375783448,-0.008396748233097738,341.79
27.732,0.0008440245366048742,0.003923487798373102,0.0057928183757834486,-0.008646748233097738,341.79
27.736,0.0004140245366048883,0.003583487798373123,0.005962818375783452,-0.008816748233097742,341.79
27.74,7.402453660488135e-05,0.0030734877983731126,0.006052818375783431,-0.009076748233097752,341.79
27.744,-9.597546339512214e-05,0.002983487798373106,0.0065628183757834415,-0.009076748233097752,341.79
27.748,-0.0004359754633951291,0.0026434877983731266,0.006992818375783427,-0.009246748233097755,341.79
27.752,-0.0006959754633951116,0.002213487798373113,0.007162818375783431,-0.009506748233097738,341.79
27.756,-0.0009459754633951118,0.0020434877983731095,0.007672818375783441,-0.009586748233097735,341.79
27.76,-0.001205975463395122,0.0017934877983731092,0.007842818375783446,-0.009676748233097741,341.79
27.764,-0.0013759754633951254,0.0013634877983731233,0.008102818375783428,-0.009676748233097741,341.79
27.768,-0.0017159754633951324,0.001103487798373113,0.008272818375783432,-0.009676748233097741,341.79
27.772,-0.0020559754633951116,0.0009334877983731095,0.008532818375783414,-0.009926748233097742,341.79
27.776,-0.002225975463395115,0.0005934877983731025,0.008612818375783439,-0.009926748233097742,341.79
27.78,-0.0027459754633951078,0.00016348779837311656,0.008782818375783442,-0.009926748233097742,341.79
27.784,-0.002995975463395108,-0.0001765122016268904,0.008952818375783446,-0.009926748233097742,341.79
27.788,-0.0031659754633951115,-0.00043651220162687287,0.009212818375783428,-0.010016748233097748,341.79
27.792,-0.003345975463395125,-0.0007765122016268798,0.009382818375783432,-0.010016748233097748,341.79
27.796,-0.0037659754633951287,-0.0011965122016268834,0.009642818375783414,-0.010016748233097748,341.79
27.8,-0.004105975463395108,-0.0014565122016268937,0.009722818375783438,-0.010016748233097748,341.79
27.804,-0.004105975463395108,-0.0017165122016268761,0.009812818375783417,-0.009926748233097742,341.79
27.808,-0.004195975463395115,-0.0022265122016268866,0.009722818375783438,-0.009676748233097741,341.79
27.812,-0.0043659754633951185,-0.0026565122016268725,0.009722818375783438,-0.009586748233097735,341.79
27.816,-0.004625975463395129,-0.002826512201626876,0.009722818375783438,-0.009586748233097735,341.79
27.82,-0.004965975463395108,-0.003166512201626883,0.009892818375783442,-0.009506748233097738,341.79
27.824,-0.005225975463395118,-0.00350651220162689,0.010152818375783424,-0.009246748233097755,341.79
27.828,-0.005305975463395115,-0.00350651220162689,0.010152818375783424,-0.009166748233097759,341.79
27.832,-0.005565975463395125,-0.0037665122016268724,0.010152818375783424,-0.008986748233097745,341.79
27.836,-0.005815975463395125,-0.004016512201626873,0.010152818375783424,-0.008906748233097748,341.79
27.84,-0.006075975463395108,-0.00410651220162688,0.010152818375783424,-0.008736748233097745,341.79
27.844,-0.006245975463395111,-0.004446512201626887,0.010152818375783424,-0.008476748233097735,341.79
27.848,-0.006585975463395118,-0.004706512201626897,0.010072818375783455,-0.008396748233097738,341.79
27.852,-0.007015975463395132,-0.004876512201626873,0.010152818375783424,-0.008306748233097759,341.79
27.856,-0.007355975463395111,-0.00521651220162688,0.010152818375783424,-0.008046748233097749,341.79
27.86,-0.007445975463395118,-0.005556512201626887,0.010152818375783424,-0.007876748233097745,341.79
27.864,-0.007695975463395118,-0.005646512201626893,0.010152818375783424,-0.007626748233097744,341.79
27.868,-0.008045975463395107,-0.005986512201626873,0.010072818375783455,-0.0075367482330977375,341.79
27.872,-0.008125975463395132,-0.006246512201626883,0.009892818375783442,-0.007286748233097737,341.79
27.876,-0.008125975463395132,-0.00658651220162689,0.009812818375783417,-0.007106748233097752,341.79
27.88,-0.00821597546339511,-0.006926512201626897,0.009722818375783438,-0.006766748233097745,341.79
27.884,-0.008465975463395111,-0.007186512201626879,0.009642818375783414,-0.006426748233097738,341.79
27.888,-0.008635975463395115,-0.007266512201626876,0.009382818375783432,-0.006256748233097734,341.79
27.892,-0.008895975463395125,-0.007526512201626886,0.009302818375783463,-0.005916748233097755,341.79
27.896,-0.009065975463395128,-0.007776512201626886,0.009132818375783459,-0.005576748233097748,341.79
27.9,-0.00932597546339511,-0.008036512201626897,0.009132818375783459,-0.0054067482330977445,341.79
27.904,-0.009495975463395114,-0.008036512201626897,0.008872818375783421,-0.005226748233097759,341.79
27.908,-0.009575975463395111,-0.008126512201626876,0.008702818375783418,-0.005056748233097755,341.79
27.912,-0.009745975463395114,-0.008376512201626876,0.008442818375783435,-0.004806748233097755,341.79
27.916,-0.009745975463395114,-0.00854651220162688,0.008192818375783463,-0.004546748233097745,341.79
27.92,-0.009745975463395114,-0.00880651220162689,0.008102818375783428,-0.004206748233097738,341.79
27.924,-0.009835975463395121,-0.008896512201626896,0.007762818375783448,-0.003946748233097755,341.79
27.928,-0.010095975463395131,-0.008896512201626896,0.007422818375783441,-0.0037767482330977524,341.79
27.932,-0.010175975463395128,-0.008896512201626896,0.007252818375783438,-0.0034367482330977454,341.79
27.936,-0.010265975463395107,-0.008896512201626896,0.006902818375783448,-0.003176748233097735,341.79
27.94,-0.010345975463395132,-0.008976512201626893,0.006652818375783448,-0.002926748233097735,341.79
27.944,-0.010265975463395107,-0.009236512201626875,0.006392818375783438,-0.0025867482330977558,341.79
27.948,-0.010265975463395107,-0.009316512201626872,0.006052818375783431,-0.002236748233097739,341.79
27.952,-0.010265975463395107,-0.009406512201626879,0.0058828183757834275,-0.0019867482330977386,341.79
27.956,-0.010265975463395107,-0.009406512201626879,0.005622818375783445,-0.001726748233097756,341.79
27.96,-0.010265975463395107,-0.00965651220162688,0.005452818375783442,-0.0012967482330977422,341.79
27.964,-0.010005975463395125,-0.00965651220162688,0.005112818375783435,-0.0008767482330977385,341.79
27.968,-0.010005975463395125,-0.00965651220162688,0.004512818375783445,-0.000706748233097735,341.79
27.972,-0.010175975463395128,-0.009746512201626886,0.004172818375783438,-0.0004467482330977526,341.79
27.976,-0.010175975463395128,-0.009746512201626886,0.003912818375783428,-0.00010674823309774563,341.79
27.98,-0.010095975463395131,-0.009746512201626886,0.0035728183757834492,0.0003232517669022403,341.79
27.984,-0.009925975463395128,-0.009746512201626886,0.0032328183757834423,0.0006632517669022473,341.79
27.988,-0.009835975463395121,-0.009746512201626886,0.002972818375783432,0.0009232517669022576,341.79
27.992,-0.009495975463395114,-0.009746512201626886,0.0028928183757834353,0.001093251766902261,341.79
27.996,-0.008985975463395132,-0.009576512201626882,0.0028028183757834286,0.0014332517669022402,341.79
28.0,-0.008985975463395132,-0.009316512201626872,0.0024628183757834494,0.001863251766902254,341.79
28.004,-0.008895975463395125,-0.009316512201626872,0.0020328183757834357,0.0022832517669022574,341.79
28.008,-0.008635975463395115,-0.009406512201626879,0.001612818375783432,0.0026332517669022466,341.79
28.012,-0.008555975463395118,-0.009316512201626872,0.0012628183757834427,0.002883251766902247,341.79
28.016,-0.008555975463395118,-0.009236512201626875,0.0010128183757834425,0.003223251766902254,341.79
28.02,-0.008385975463395114,-0.009066512201626872,0.0006728183757834355,0.003483251766902264,341.79
28.024,-0.00821597546339511,-0.009066512201626872,0.00032281837578344624,0.003993251766902247,341.79
28.028,-0.008045975463395107,-0.008976512201626893,-1.7181624216560694e-05,0.004423251766902261,341.79
28.032,-0.007785975463395125,-0.008896512201626896,-0.0003571816242165677,0.004763251766902268,341.79
28.036,-0.007695975463395118,-0.008716512201626883,-0.0006171816242165502,0.00502325176690225,341.79
28.04,-0.007525975463395115,-0.008716512201626883,-0.0009571816242165571,0.005193251766902254,341.79
28.044,-0.0072759754633951144,-0.008466512201626883,-0.001297181624216564,0.005533251766902261,341.79
28.048,-0.007015975463395132,-0.008466512201626883,-0.001637181624216571,0.005963251766902247,341.79
28.052,-0.006755975463395122,-0.008376512201626876,-0.00197718162421655,0.006223251766902257,341.79
28.056,-0.006415975463395115,-0.008126512201626876,-0.0025771816242165673,0.006473251766902257,341.79
28.06,-0.006165975463395115,-0.008036512201626897,-0.0029171816242165743,0.006733251766902267,341.79
28.064,-0.006075975463395108,-0.007776512201626886,-0.00308718162421655,0.006813251766902264,341.79
28.068,-0.005735975463395129,-0.007606512201626883,-0.00308718162421655,0.006903251766902243,341.79
28.072,-0.005475975463395118,-0.007356512201626883,-0.003437181624216567,0.00724325176690225,341.79
28.076,-0.005305975463395115,-0.007186512201626879,-0.003777181624216574,0.00750325176690226,341.79
28.08,-0.004875975463395129,-0.006926512201626897,-0.004027181624216575,0.007673251766902264,341.79
28.084,-0.004455975463395125,-0.00683651220162689,-0.004287181624216557,0.007923251766902263,341.79
28.088,-0.004105975463395108,-0.00658651220162689,-0.004627181624216564,0.008013251766902242,341.79
28.092,-0.0038559754633951076,-0.006416512201626886,-0.004967181624216571,0.00827325176690228,341.79
28.096,-0.003595975463395125,-0.006156512201626876,-0.0052271816242165535,0.008523251766902253,341.79
28.1,-0.003255975463395118,-0.005986512201626873,-0.005487181624216564,0.008783251766902235,341.79
28.104,-0.0029159754633951112,-0.00572651220162689,-0.005737181624216564,0.00886325176690226,341.79
28.108,-0.0026559754633951288,-0.005386512201626883,-0.005907181624216567,0.00886325176690226,341.79
28.112,-0.0024059754633951286,-0.004876512201626873,-0.00616718162421655,0.00886325176690226,341.79
28.116,-0.0020559754633951116,-0.00461651220162689,-0.00642718162421656,0.009123251766902242,341.79
28.12,-0.001635975463395108,-0.00436651220162689,-0.00667718162421656,0.009213251766902276,341.79
28.124,-0.001205975463395122,-0.003936512201626876,-0.006767181624216567,0.009213251766902276,341.79
28.128,-0.0008659754633951151,-0.0035965122016268967,-0.007107181624216574,0.009213251766902276,341.79
28.132,-0.0006059754633951326,-0.00350651220162689,-0.0073671816242165565,0.009213251766902276,341.79
28.136,-0.00034597546339512234,-0.0032565122016268897,-0.00753718162421656,0.00938325176690228,341.79
28.14,7.402453660488135e-05,-0.0029065122016268727,-0.00778718162421656,0.009633251766902252,341.79
28.144,0.0005040245366048673,-0.002736512201626897,-0.007877181624216566,0.009633251766902252,341.79
28.148,0.0007640245366048775,-0.00239651220162689,-0.007957181624216563,0.009633251766902252,341.79
28.152,0.001274024536604888,-0.0018865122016268796,-0.008217181624216573,0.009723251766902231,341.79
28.156,0.001704024536604874,-0.0014565122016268937,-0.008217181624216573,0.009633251766902252,341.79
28.16,0.0021240245366048777,-0.0011165122016268867,-0.008217181624216573,0.009723251766902231,341.79
28.164,0.0025540245366048914,-0.0007765122016268798,-0.008307181624216552,0.009723251766902231,341.79
28.168,0.002814024536604874,-0.0005165122016268974,-0.008557181624216552,0.009633251766902252,341.79
28.172,0.0028940245366048706,-0.00025651220162688714,-0.008727181624216556,0.009633251766902252,341.79
28.176,0.0033240245366048843,8.348779837311982e-05,-0.008817181624216562,0.009633251766902252,341.79
28.18,0.0037540245366048702,0.0005034877983731235,-0.009077181624216573,0.009633251766902252,341.79
28.184,0.004094024536604877,0.0009334877983731095,-0.009077181624216573,0.009633251766902252,341.79
28.188,0.0045240245366048905,0.0013634877983731233,-0.009077181624216573,0.009633251766902252,341.79
28.192,0.004944024536604894,0.0017934877983731092,-0.009077181624216573,0.009553251766902228,341.79
28.196,0.00537402453660488,0.002133487798373116,-0.009077181624216573,0.009293251766902245,341.79
28.2,0.005714024536604887,0.00255348779837312,-0.009077181624216573,0.009293251766902245,341.79
28.204,0.005714024536604887,0.002903487798373109,-0.009247181624216548,0.009293251766902245,341.79
28.208,0.005884024536604891,0.0030734877983731126,-0.009497181624216549,0.009293251766902245,341.79
28.212,0.00622402453660487,0.003323487798373113,-0.009497181624216549,0.009123251766902242,341.79
28.216,0.006574024536604887,0.0034934877983731163,-0.009497181624216549,0.008783251766902235,341.79
28.22,0.0066540245366048835,0.0038434877983731055,-0.009497181624216549,0.008523251766902253,341.79
28.224,0.006914024536604894,0.004183487798373112,-0.009587181624216555,0.008443251766902228,341.79
28.228,0.007424024536604876,0.004613487798373126,-0.009587181624216555,0.008443251766902228,341.79
28.232,0.007764024536604883,0.004953487798373105,-0.009497181624216549,0.008183251766902246,341.79
28.236,0.007934024536604887,0.005123487798373108,-0.009587181624216555,0.008103251766902277,341.79
28.24,0.008024024536604894,0.005553487798373122,-0.009497181624216549,0.008013251766902242,341.79
28.244,0.00819402453660487,0.006233487798373108,-0.009247181624216548,0.0077532517669022605,341.79
28.248,0.008534024536604876,0.006573487798373115,-0.00915718162421657,0.007583251766902257,341.79
28.252,0.008794024536604859,0.006663487798373122,-0.00915718162421657,0.007333251766902257,341.79
28.256,0.008964024536604862,0.007003487798373129,-0.00915718162421657,0.007073251766902247,341.79
28.26,0.009044024536604887,0.007343487798373108,-0.00915718162421657,0.006813251766902264,341.79
28.264,0.00930402453660487,0.007433487798373115,-0.008987181624216566,0.006733251766902267,341.79
28.268,0.009564024536604907,0.007513487798373112,-0.008727181624216556,0.00639325176690226,341.79
28.272,0.00981402453660488,0.007603487798373118,-0.008647181624216559,0.00613325176690225,341.79
28.276,0.009904024536604859,0.007853487798373119,-0.008727181624216556,0.005873251766902268,341.79
28.28,0.00981402453660488,0.008113487798373129,-0.008647181624216559,0.005533251766902261,341.79
28.284,0.009904024536604859,0.008283487798373105,-0.008387181624216549,0.005193251766902254,341.79
28.288,0.009984024536604883,0.008373487798373139,-0.008387181624216549,0.004853251766902247,341.79
28.292,0.010244024536604866,0.008623487798373112,-0.008307181624216552,0.004593251766902264,341.79
28.296,0.010504024536604904,0.008793487798373115,-0.007957181624216563,0.004343251766902264,341.79
28.3,0.010584024536604873,0.009053487798373097,-0.00778718162421656,0.004253251766902257,341.79
28.304,0.010674024536604907,0.009133487798373122,-0.007617181624216557,0.0039132517669022504,341.79
28.308,0.010754024536604876,0.009133487798373122,-0.0073671816242165565,0.003573251766902243,341.79
28.312,0.010754024536604876,0.009393487798373104,-0.0073671816242165565,0.003223251766902254,341.79
28.316,0.010674024536604907,0.009483487798373139,-0.007017181624216567,0.0030532517669022504,341.79
28.32,0.010674024536604907,0.009483487798373139,-0.00667718162421656,0.0027132517669022434,341.79
28.324,0.010674024536604907,0.009563487798373108,-0.0065971816242165636,0.0022032517669022607,341.79
28.328,0.010754024536604876,0.00982348779837309,-0.006337181624216553,0.0017732517669022472,341.79
28.332,0.010674024536604907,0.00982348779837309,-0.006077181624216571,0.0014332517669022402,341.79
28.336,0.010414024536604869,0.009903487798373115,-0.006077181624216571,0.001093251766902261,341.79
28.34,0.0103340245366049,0.009993487798373094,-0.005827181624216571,0.0008332517669022508,341.79
28.344,0.010244024536604866,0.009993487798373094,-0.005737181624216564,0.0005832517669022506,341.79
28.348,0.010074024536604862,0.009993487798373094,-0.005487181624216564,0.00023325176690226133,341.79
28.352,0.00981402453660488,0.009903487798373115,-0.0051371816242165745,-0.00018674823309774237,341.79
28.356,0.009734024536604855,0.009903487798373115,-0.004967181624216571,-0.000616748233097756,341.79
28.36,0.009474024536604873,0.009903487798373115,-0.004627181624216564,-0.0007867482330977595,341.79
28.364,0.009474024536604873,0.009903487798373115,-0.004287181624216557,-0.0009567482330977352,341.79
28.368,0.00930402453660487,0.009903487798373115,-0.004027181624216575,-0.0014667482330977457,341.79
28.372,0.009044024536604887,0.009993487798373094,-0.003777181624216574,-0.001726748233097756,341.79
28.376,0.008964024536604862,0.009993487798373094,-0.003687181624216567,-0.0019867482330977386,341.79
28.38,0.00870402453660488,0.009993487798373094,-0.0033471816242165602,-0.0023267482330977455,341.79
28.384,0.008624024536604855,0.00982348779837309,-0.0029171816242165743,-0.0025867482330977558,341.79
28.388,0.008454024536604907,0.009563487798373108,-0.002747181624216571,-0.0027567482330977592,341.79
28.392,0.008454024536604907,0.009563487798373108,-0.0022371816242165604,-0.0030067482330977595,341.79
28.396,0.008284024536604904,0.009563487798373108,-0.0018971816242165534,-0.003266748233097742,341.79
28.4,0.00810402453660489,0.009563487798373108,-0.001637181624216571,-0.0037767482330977524,341.79
28.404,0.00785402453660489,0.009393487798373104,-0.001297181624216564,-0.003946748233097755,341.79
28.408,0.007684024536604887,0.009133487798373122,-0.0009571816242165571,-0.004206748233097738,341.79
28.412,0.00734402453660488,0.009053487798373097,-0.0006971816242165746,-0.004376748233097741,341.79
28.416,0.0069940245366048905,0.008793487798373115,-0.0004371816242165644,-0.004636748233097752,341.79
28.42,0.00674402453660489,0.00871348779837309,-9.718162421655743e-05,-0.0049767482330977586,341.79
28.424,0.00648402453660488,0.008623487798373112,0.00024281837578344953,-0.005146748233097734,341.79
28.428,0.006144024536604873,0.008373487798373139,0.0006728183757834355,-0.0054067482330977445,341.79
28.432,0.005804024536604894,0.008283487798373105,0.0010128183757834425,-0.005576748233097748,341.79
28.436,0.005714024536604887,0.008023487798373122,0.0012628183757834427,-0.005826748233097748,341.79
28.44,0.005464024536604887,0.007853487798373119,0.001612818375783432,-0.005996748233097752,341.79
28.444,0.004944024536604894,0.007773487798373122,0.001952818375783439,-0.006346748233097741,341.79
28.448,0.004604024536604887,0.007513487798373112,0.002292818375783446,-0.006686748233097748,341.79
28.452,0.004434024536604884,0.007433487798373115,0.0024628183757834494,-0.006766748233097745,341.79
28.456,0.004094024536604877,0.007083487798373126,0.0024628183757834494,-0.007026748233097755,341.79
28.46,0.0036640245366048913,0.0068334877983731255,0.002722818375783432,-0.007196748233097758,341.79
28.464,0.0033240245366048843,0.006663487798373122,0.0031428183757834355,-0.007456748233097741,341.79
28.468,0.003064024536604874,0.006233487798373108,0.0035728183757834492,-0.0075367482330977375,341.79
28.472,0.0028940245366048706,0.005893487798373129,0.0040828183757834315,-0.007796748233097748,341.79
28.476,0.0025540245366048914,0.005723487798373126,0.0044328183757834485,-0.008046748233097749,341.79
28.48,0.002044024536604881,0.005373487798373109,0.004512818375783445,-0.008306748233097759,341.79
28.484,0.0016140245366048672,0.0050334877983731294,0.004772818375783428,-0.008396748233097738,341.79
28.488,0.0013540245366048848,0.004783487798373129,0.005112818375783435,-0.008646748233097738,341.79
28.492,0.0011040245366048845,0.004523487798373119,0.005282818375783438,-0.008816748233097742,341.79
28.496,0.0007640245366048775,0.004183487798373112,0.005622818375783445,-0.008816748233097742,341.79
28.5,0.000594024536604874,0.0037534877983731265,0.005962818375783452,-0.008906748233097748,341.79
28.504,0.0003340245366048916,0.0034934877983731163,0.0062228183757834345,-0.009166748233097759,341.79
28.508,-5.975463395115394e-06,0.003323487798373113,0.0065628183757834415,-0.009166748233097759,341.79
28.512,-0.0002659754633951256,0.002983487798373106,0.006902818375783448,-0.009246748233097755,341.79
28.516,-0.0004359754633951291,0.00255348779837312,0.007252818375783438,-0.009506748233097738,341.79
28.52,-0.0006959754633951116,0.002133487798373116,0.007592818375783445,-0.009506748233097738,341.79
28.524,-0.0008659754633951151,0.0019634877983731127,0.007842818375783446,-0.009506748233097738,341.79
28.528,-0.0011159754633951152,0.0016134877983731235,0.00801281837578345,-0.009586748233097735,341.79
28.532,-0.0012859754633951187,0.0012734877983731165,0.008102818375783428,-0.009676748233097741,341.79
28.536,-0.001635975463395108,0.0009334877983731095,0.008442818375783435,-0.009586748233097735,341.79
28.54,-0.0018859754633951081,0.0006834877983731093,0.008702818375783418,-0.009586748233097735,341.79
28.544,-0.0021459754633951183,0.0004234877983731268,0.008872818375783421,-0.009676748233097741,341.79
28.548,-0.002575975463395132,8.348779837311982e-05,0.008952818375783446,-0.009676748233097741,341.79
28.552,-0.0029159754633951112,-0.00025651220162688714,0.009212818375783428,-0.009586748233097735,341.79
28.556,-0.0031659754633951115,-0.0006065122016268764,0.009382818375783432,-0.009586748233097735,341.79
28.56,-0.003255975463395118,-0.0007765122016268798,0.009642818375783414,-0.009676748233097741,341.79
28.564,-0.003595975463395125,-0.0011165122016268867,0.009722818375783438,-0.009846748233097745,341.79
28.568,-0.0038559754633951076,-0.0014565122016268937,0.009722818375783438,-0.009586748233097735,341.79
28.572,-0.0038559754633951076,-0.0017165122016268761,0.009722818375783438,-0.009586748233097735,341.79
28.576,-0.004105975463395108,-0.0022265122016268866,0.009892818375783442,-0.009586748233097735,341.79
28.58,-0.004195975463395115,-0.0026565122016268725,0.010152818375783424,-0.009506748233097738,341.79
28.584,-0.004455975463395125,-0.002826512201626876,0.010152818375783424,-0.009246748233097755,341.79
28.588,-0.004795975463395132,-0.003166512201626883,0.010152818375783424,-0.009076748233097752,341.79
28.592,-0.004965975463395108,-0.003426512201626893,0.010152818375783424,-0.008816748233097742,341.79
28.596,-0.005305975463395115,-0.00350651220162689,0.010152818375783424,-0.008736748233097745,341.79
28.6,-0.005645975463395122,-0.0036765122016268934,0.010072818375783455,-0.008736748233097745,341.79
28.604,-0.005735975463395129,-0.004016512201626873,0.010152818375783424,-0.008476748233097735,341.79
28.608,-0.006165975463395115,-0.00436651220162689,0.010152818375783424,-0.008306748233097759,341.79
28.612,-0.006585975463395118,-0.004446512201626887,0.010152818375783424,-0.008046748233097749,341.79
28.616,-0.0068459754633951285,-0.004706512201626897,0.010152818375783424,-0.007966748233097752,341.79
28.62,-0.007015975463395132,-0.004876512201626873,0.010152818375783424,-0.007706748233097741,341.79
28.624,-0.0072759754633951144,-0.00521651220162688,0.010152818375783424,-0.0075367482330977375,341.79
28.628,-0.007525975463395115,-0.00547651220162689,0.010072818375783455,-0.007456748233097741,341.79
28.632,-0.007615975463395121,-0.00572651220162689,0.010072818375783455,-0.007196748233097758,341.79
28.636,-0.007445975463395118,-0.005986512201626873,0.010152818375783424,-0.006936748233097748,341.79
28.64,-0.007615975463395121,-0.006076512201626879,0.010072818375783455,-0.006766748233097745,341.79
28.644,-0.007785975463395125,-0.0063265122016268795,0.009892818375783442,-0.006686748233097748,341.79
28.648,-0.008295975463395108,-0.006496512201626883,0.009722818375783438,-0.006426748233097738,341.79
28.652,-0.008555975463395118,-0.006756512201626893,0.009472818375783466,-0.006256748233097734,341.79
28.656,-0.008635975463395115,-0.0070965122016268724,0.009302818375783463,-0.005996748233097752,341.79
28.66,-0.008805975463395118,-0.007606512201626883,0.009132818375783459,-0.005826748233097748,341.79
28.664,-0.008985975463395132,-0.007776512201626886,0.009132818375783459,-0.005486748233097741,341.79
28.668,-0.009235975463395132,-0.008036512201626897,0.008782818375783442,-0.005146748233097734,341.79
28.672,-0.00932597546339511,-0.008126512201626876,0.008612818375783439,-0.004886748233097752,341.79
28.676,-0.009495975463395114,-0.008376512201626876,0.008532818375783414,-0.004636748233097752,341.79
28.68,-0.009745975463395114,-0.00854651220162688,0.008272818375783432,-0.004286748233097735,341.79
28.684,-0.009835975463395121,-0.008636512201626886,0.00801281837578345,-0.003946748233097755,341.79
28.688,-0.009835975463395121,-0.008896512201626896,0.007672818375783441,-0.0036967482330977556,341.79
28.692,-0.009925975463395128,-0.008896512201626896,0.007422818375783441,-0.003526748233097752,341.79
28.696,-0.010175975463395128,-0.008896512201626896,0.007162818375783431,-0.0034367482330977454,341.79
28.7,-0.010175975463395128,-0.008896512201626896,0.006822818375783452,-0.0030067482330977595,341.79
28.704,-0.010175975463395128,-0.008976512201626893,0.006652818375783448,-0.0026667482330977525,341.79
28.708,-0.010175975463395128,-0.009236512201626875,0.006392818375783438,-0.002496748233097749,341.79
28.712,-0.010175975463395128,-0.009406512201626879,0.006052818375783431,-0.002236748233097739,341.79
28.716,-0.010175975463395128,-0.009406512201626879,0.0057928183757834486,-0.0019867482330977386,341.79
28.72,-0.010175975463395128,-0.009316512201626872,0.005542818375783448,-0.001726748233097756,341.79
28.724,-0.010175975463395128,-0.009316512201626872,0.005192818375783431,-0.001386748233097749,341.79
28.728,-0.010175975463395128,-0.009406512201626879,0.004852818375783452,-0.0011267482330977387,341.79
28.732,-0.010095975463395131,-0.009576512201626882,0.0044328183757834485,-0.0008767482330977385,341.79
28.736,-0.010095975463395131,-0.00965651220162688,0.004002818375783435,-0.0005267482330977493,341.79
28.74,-0.010265975463395107,-0.009746512201626886,0.0035728183757834492,-0.00018674823309774237,341.79
28.744,-0.010265975463395107,-0.009746512201626886,0.003312818375783439,6.325176690225785e-05,341.79
28.748,-0.010005975463395125,-0.009746512201626886,0.0032328183757834423,0.0003232517669022403,341.79
28.752,-0.009495975463395114,-0.009746512201626886,0.0031428183757834355,0.0006632517669022473,341.79
28.756,-0.00932597546339511,-0.00965651220162688,0.0028028183757834286,0.001093251766902261,341.79
28.76,-0.00932597546339511,-0.009746512201626886,0.0023728183757834426,0.001523251766902247,341.79
28.764,-0.00932597546339511,-0.009746512201626886,0.0020328183757834357,0.0017732517669022472,341.79
28.768,-0.009235975463395132,-0.00965651220162688,0.0017828183757834354,0.001863251766902254,341.79
28.772,-0.008895975463395125,-0.009486512201626876,0.0014328183757834462,0.0022832517669022574,341.79
28.776,-0.008725975463395121,-0.009406512201626879,0.0010928183757834393,0.0027132517669022434,341.79
28.78,-0.008635975463395115,-0.009236512201626875,0.0007528183757834322,0.0029732517669022536,341.79
28.784,-0.008465975463395111,-0.009066512201626872,0.000502818375783432,0.003143251766902257,341.79
28.788,-0.008295975463395108,-0.009236512201626875,0.00024281837578344953,0.003483251766902264,341.79
28.792,-0.00821597546339511,-0.009236512201626875,-9.718162421655743e-05,0.0039132517669022504,341.79
28.796,-0.007955975463395128,-0.008976512201626893,-0.0004371816242165644,0.004253251766902257,341.79
28.8,-0.007785975463395125,-0.008976512201626893,-0.0007871816242165536,0.004593251766902264,341.79
28.804,-0.007615975463395121,-0.008976512201626893,-0.0008671816242165504,0.004853251766902247,341.79
28.808,-0.007355975463395111,-0.00880651220162689,-0.0013771816242165607,0.005193251766902254,341.79
28.812,-0.0072759754633951144,-0.00854651220162688,-0.0018971816242165534,0.0056232517669022675,341.79
28.816,-0.006925975463395125,-0.008376512201626876,-0.0021471816242165536,0.005873251766902268,341.79
28.82,-0.006675975463395125,-0.008126512201626876,-0.0025771816242165673,0.0060432517669022435,341.79
28.824,-0.0065059754633951215,-0.008126512201626876,-0.00283718162421655,0.00639325176690226,341.79
28.828,-0.006075975463395108,-0.008036512201626897,-0.0030071816242165533,0.006733251766902267,341.79
28.832,-0.005735975463395129,-0.007776512201626886,-0.0033471816242165602,0.006813251766902264,341.79
28.836,-0.005645975463395122,-0.007526512201626886,-0.003687181624216567,0.006903251766902243,341.79
28.84,-0.005305975463395115,-0.007356512201626883,-0.003687181624216567,0.007163251766902253,341.79
28.844,-0.0050459754633951324,-0.007266512201626876,-0.0038571816242165707,0.007333251766902257,341.79
28.848,-0.004795975463395132,-0.0070965122016268724,-0.00419718162421655,0.007673251766902264,341.79
28.852,-0.0043659754633951185,-0.00683651220162689,-0.0044571816242165605,0.007923251766902263,341.79
28.856,-0.0038559754633951076,-0.006496512201626883,-0.004717181624216571,0.008013251766902242,341.79
28.86,-0.0035159754633951284,-0.006416512201626886,-0.00505718162421655,0.00827325176690228,341.79
28.864,-0.0031659754633951115,-0.006156512201626876,-0.00531718162421656,0.008443251766902228,341.79
28.868,-0.0029159754633951112,-0.005986512201626873,-0.00556718162421656,0.008613251766902232,341.79
28.872,-0.0028259754633951323,-0.005646512201626893,-0.005827181624216571,0.008693251766902256,341.79
28.876,-0.0024859754633951253,-0.005386512201626883,-0.005907181624216567,0.008783251766902235,341.79
28.88,-0.001975975463395115,-0.005136512201626883,-0.00616718162421655,0.008953251766902239,341.79
28.884,-0.001545975463395129,-0.00461651220162689,-0.006337181624216553,0.009213251766902276,341.79
28.888,-0.001205975463395122,-0.004276512201626883,-0.0065971816242165636,0.009213251766902276,341.79
28.892,-0.0009459754633951118,-0.003936512201626876,-0.006767181624216567,0.009213251766902276,341.79
28.896,-0.0006959754633951116,-0.0035965122016268967,-0.00727718162421655,0.009213251766902276,341.79
28.9,-0.00034597546339512234,-0.003426512201626893,-0.0073671816242165565,0.009213251766902276,341.79
28.904,-9.597546339512214e-05,-0.003166512201626883,-0.00753718162421656,0.009213251766902276,341.79
28.908,0.0004140245366048883,-0.002826512201626876,-0.00778718162421656,0.009213251766902276,341.79
28.912,0.0008440245366048742,-0.002486512201626897,-0.007877181624216566,0.009293251766902245,341.79
28.916,0.0011040245366048845,-0.0022265122016268866,-0.007957181624216563,0.009553251766902228,341.79
28.92,0.001274024536604888,-0.0018865122016268796,-0.00804718162421657,0.009633251766902252,341.79
28.924,0.0016140245366048672,-0.0014565122016268937,-0.008307181624216552,0.009723251766902231,341.79
28.928,0.002044024536604881,-0.0011165122016268867,-0.008307181624216552,0.009633251766902252,341.79
28.932,0.0024640245366048846,-0.0006865122016268731,-0.008307181624216552,0.009633251766902252,341.79
28.936,0.0029840245366048773,-0.00025651220162688714,-0.008307181624216552,0.009633251766902252,341.79
28.94,0.003404024536604881,8.348779837311982e-05,-0.008387181624216549,0.009723251766902231,341.79
28.944,0.0037540245366048702,0.0004234877983731268,-0.008647181624216559,0.009633251766902252,341.79
28.948,0.00400402453660487,0.0006834877983731093,-0.008727181624216556,0.009633251766902252,341.79
28.952,0.0041740245366048735,0.0010234877983731163,-0.008647181624216559,0.009633251766902252,341.79
28.956,0.0045240245366048905,0.0013634877983731233,-0.008817181624216562,0.009723251766902231,341.79
28.96,0.00486402453660487,0.0017034877983731025,-0.008987181624216566,0.009633251766902252,341.79
28.964,0.005284024536604873,0.002133487798373116,-0.009077181624216573,0.00938325176690228,341.79
28.968,0.005714024536604887,0.00255348779837312,-0.009077181624216573,0.009293251766902245,341.79
28.972,0.00597402453660487,0.002983487798373106,-0.008987181624216566,0.009293251766902245,341.79
28.976,0.00597402453660487,0.003323487798373113,-0.009077181624216573,0.009213251766902276,341.79
28.98,0.0063140245366048765,0.0036734877983731298,-0.009077181624216573,0.008953251766902239,341.79
28.984,0.00674402453660489,0.0036734877983731298,-0.009077181624216573,0.008693251766902256,341.79
28.988,0.006914024536604894,0.0038434877983731055,-0.009077181624216573,0.008443251766902228,341.79
28.992,0.0070840245366048694,0.004263487798373109,-0.009077181624216573,0.008443251766902228,341.79
28.996,0.007514024536604883,0.0046934877983731225,-0.009077181624216573,0.008443251766902228,341.79
29.0,0.007764024536604883,0.005203487798373105,-0.009077181624216573,0.008353251766902249,341.79
29.004,0.00785402453660489,0.005803487798373122,-0.009077181624216573,0.008103251766902277,341.79
29.008,0.00810402453660489,0.006143487798373129,-0.009077181624216573,0.008013251766902242,341.79
29.012,0.008284024536604904,0.006313487798373105,-0.009077181624216573,0.0077532517669022605,341.79
29.016,0.008534024536604876,0.006663487798373122,-0.009077181624216573,0.007583251766902257,341.79
29.02,0.00870402453660488,0.007003487798373129,-0.009077181624216573,0.007333251766902257,341.79
29.024,0.008964024536604862,0.007173487798373105,-0.008987181624216566,0.007163251766902253,341.79
29.028,0.009134024536604866,0.007513487798373112,-0.009077181624216573,0.006813251766902264,341.79
29.032,0.009394024536604904,0.007943487798373125,-0.008987181624216566,0.006473251766902257,341.79
29.036,0.009394024536604904,0.008023487798373122,-0.008727181624216556,0.00639325176690226,341.79
29.04,0.009564024536604907,0.008023487798373122,-0.008647181624216559,0.005963251766902247,341.79
29.044,0.00981402453660488,0.008283487798373105,-0.008647181624216559,0.005533251766902261,341.79
29.048,0.009904024536604859,0.008373487798373139,-0.008727181624216556,0.0052832517669022605,341.79
29.052,0.009904024536604859,0.008623487798373112,-0.008647181624216559,0.00502325176690225,341.79
29.056,0.009904024536604859,0.008883487798373094,-0.008387181624216549,0.004763251766902268,341.79
29.06,0.010164024536604897,0.009133487798373122,-0.008307181624216552,0.004683251766902243,341.79
29.064,0.010244024536604866,0.009133487798373122,-0.008217181624216573,0.004343251766902264,341.79
29.068,0.010244024536604866,0.009133487798373122,-0.007957181624216563,0.003993251766902247,341.79
29.072,0.010164024536604897,0.009393487798373104,-0.007877181624216566,0.003573251766902243,341.79
29.076,0.010164024536604897,0.009483487798373139,-0.0077071816242165634,0.003143251766902257,341.79
29.08,0.010244024536604866,0.009653487798373142,-0.007197181624216553,0.002883251766902247,341.79
29.084,0.010244024536604866,0.009903487798373115,-0.0069371816242165705,0.0026332517669022466,341.79
29.088,0.010244024536604866,0.009993487798373094,-0.00667718162421656,0.0022832517669022574,341.79
29.092,0.010244024536604866,0.009993487798373094,-0.006507181624216557,0.001863251766902254,341.79
29.096,0.010244024536604866,0.009903487798373115,-0.006257181624216557,0.0014332517669022402,341.79
29.1,0.010244024536604866,0.009993487798373094,-0.00616718162421655,0.001093251766902261,341.79
29.104,0.010244024536604866,0.009903487798373115,-0.005907181624216567,0.0008332517669022508,341.79
29.108,0.010164024536604897,0.009993487798373094,-0.005827181624216571,0.0005832517669022506,341.79
29.112,0.009904024536604859,0.009993487798373094,-0.005737181624216564,0.00023325176690226133,341.79
29.116,0.009904024536604859,0.009903487798373115,-0.005487181624216564,-0.00018674823309774237,341.79
29.12,0.010074024536604862,0.009903487798373115,-0.00531718162421656,-0.0005267482330977493,341.79
29.124,0.00981402453660488,0.009993487798373094,-0.004967181624216571,-0.000616748233097756,341.79
29.128,0.009564024536604907,0.009903487798373115,-0.004717181624216571,-0.001046748233097742,341.79
29.132,0.009474024536604873,0.009993487798373094,-0.004547181624216567,-0.001386748233097749,341.79
29.136,0.009394024536604904,0.009903487798373115,-0.00419718162421655,-0.0014667482330977457,341.79
29.14,0.009134024536604866,0.009993487798373094,-0.0038571816242165707,-0.001726748233097756,341.79
29.144,0.008964024536604862,0.009993487798373094,-0.0035171816242165637,-0.0018967482330977594,341.79
29.148,0.00870402453660488,0.009903487798373115,-0.0030071816242165533,-0.0023267482330977455,341.79
29.152,0.008534024536604876,0.00982348779837309,-0.0029171816242165743,-0.0025867482330977558,341.79
29.156,0.008454024536604907,0.009563487798373108,-0.0025771816242165673,-0.002926748233097735,341.79
29.16,0.008534024536604876,0.009563487798373108,-0.0022371816242165604,-0.0030967482330977385,341.79
29.164,0.008284024536604904,0.009563487798373108,-0.002067181624216557,-0.0034367482330977454,341.79
29.168,0.00810402453660489,0.009563487798373108,-0.00172718162421655,-0.0037767482330977524,341.79
29.172,0.00785402453660489,0.009223487798373101,-0.001297181624216564,-0.003946748233097755,341.79
29.176,0.007764024536604883,0.009133487798373122,-0.0010371816242165537,-0.004206748233097738,341.79
29.18,0.00734402453660488,0.009053487798373097,-0.0008671816242165504,-0.004376748233097741,341.79
29.184,0.0069940245366048905,0.008793487798373115,-0.0005271816242165712,-0.004636748233097752,341.79
29.188,0.006824024536604887,0.008623487798373112,-1.7181624216560694e-05,-0.004806748233097755,341.79
29.192,0.00648402453660488,0.008373487798373139,0.00041281837578342523,-0.005146748233097734,341.79
29.196,0.006144024536604873,0.008193487798373126,0.0006728183757834355,-0.0054067482330977445,341.79
29.2,0.005884024536604891,0.007943487798373125,0.0010128183757834425,-0.005656748233097745,341.79
29.204,0.00563402453660489,0.007853487798373119,0.0012628183757834427,-0.005916748233097755,341.79
29.208,0.005284024536604873,0.007513487798373112,0.001612818375783432,-0.005996748233097752,341.79
29.212,0.004944024536604894,0.007343487798373108,0.0018628183757834322,-0.006256748233097734,341.79
29.216,0.004694024536604894,0.007343487798373108,0.0023728183757834426,-0.006346748233097741,341.79
29.22,0.0045240245366048905,0.007083487798373126,0.0028028183757834286,-0.006686748233097748,341.79
29.224,0.004094024536604877,0.0068334877983731255,0.003062818375783439,-0.007026748233097755,341.79
29.228,0.0036640245366048913,0.006573487798373115,0.0032328183757834423,-0.007196748233097758,341.79
29.232,0.0032340245366048776,0.006143487798373129,0.0034928183757834525,-0.007456748233097741,341.79
29.236,0.0028940245366048706,0.005893487798373129,0.0036628183757834282,-0.007626748233097744,341.79
29.24,0.002724024536604867,0.005803487798373122,0.004002818375783435,-0.007876748233097745,341.79
29.244,0.002384024536604888,0.005373487798373109,0.004342818375783442,-0.008046748233097749,341.79
29.248,0.002044024536604881,0.0050334877983731294,0.004682818375783449,-0.008306748233097759,341.79
29.252,0.001704024536604874,0.004863487798373126,0.004942818375783431,-0.008396748233097738,341.79
29.256,0.0013540245366048848,0.004613487798373126,0.005282818375783438,-0.008566748233097742,341.79
29.26,0.0011040245366048845,0.004183487798373112,0.005622818375783445,-0.008816748233097742,341.79
29.264,0.0007640245366048775,0.0038434877983731055,0.005712818375783452,-0.008906748233097748,341.79
29.268,0.0005040245366048673,0.003583487798373123,0.0062228183757834345,-0.009166748233097759,341.79
29.272,0.0003340245366048916,0.0030734877983731126,0.006732818375783445,-0.009166748233097759,341.79
29.276,-5.975463395115394e-06,0.0027334877983731056,0.006992818375783427,-0.009336748233097734,341.79
29.28,-0.00034597546339512234,0.0027334877983731056,0.007252818375783438,-0.009586748233097735,341.79
29.284,-0.0005259754633951081,0.00255348779837312,0.007422818375783441,-0.009586748233097735,341.79
29.288,-0.0007759754633951083,0.002213487798373113,0.007672818375783441,-0.009586748233097735,341.79
29.292,-0.0009459754633951118,0.0017934877983731092,0.00801281837578345,-0.009586748233097735,341.79
29.296,-0.001205975463395122,0.00144348779837312,0.008192818375783463,-0.009586748233097735,341.79
29.3,-0.0012859754633951187,0.0012734877983731165,0.008532818375783414,-0.009586748233097735,341.79
29.304,-0.001545975463395129,0.0009334877983731095,0.008782818375783442,-0.009586748233097735,341.79
29.308,-0.0018859754633951081,0.0005034877983731235,0.009042818375783425,-0.009586748233097735,341.79
29.312,-0.002225975463395115,0.0002534877983731233,0.009472818375783466,-0.009586748233097735,341.79
29.316,-0.0027459754633951078,-6.512201626886914e-06,0.009552818375783435,-0.009586748233097735,341.79
29.32,-0.0029159754633951112,-0.0003465122016268939,0.009552818375783435,-0.009586748233097735,341.79
29.324,-0.003255975463395118,-0.0006865122016268731,0.009812818375783417,-0.009586748233097735,341.79
29.328,-0.0035159754633951284,-0.0009465122016268833,0.009892818375783442,-0.009756748233097738,341.79
29.332,-0.003595975463395125,-0.0011165122016268867,0.009892818375783442,-0.010016748233097748,341.79
29.336,-0.003685975463395132,-0.0016265122016268971,0.009892818375783442,-0.009926748233097742,341.79
29.34,-0.0037659754633951287,-0.0022265122016268866,0.010152818375783424,-0.009676748233097741,341.79
29.344,-0.004105975463395108,-0.002486512201626897,0.010152818375783424,-0.009586748233097735,341.79
29.348,-0.004535975463395122,-0.002826512201626876,0.010152818375783424,-0.009586748233097735,341.79
29.352,-0.004795975463395132,-0.003076512201626876,0.010152818375783424,-0.009336748233097734,341.79
29.356,-0.004965975463395108,-0.003166512201626883,0.010152818375783424,-0.009246748233097755,341.79
29.36,-0.005225975463395118,-0.0033365122016268864,0.010152818375783424,-0.009076748233097752,341.79
29.364,-0.005395975463395122,-0.0035965122016268967,0.010152818375783424,-0.008816748233097742,341.79
29.368,-0.005735975463395129,-0.003846512201626897,0.010152818375783424,-0.008736748233097745,341.79
29.372,-0.005985975463395129,-0.004016512201626873,0.010152818375783424,-0.008476748233097735,341.79
29.376,-0.006165975463395115,-0.00436651220162689,0.010152818375783424,-0.008226748233097735,341.79
29.38,-0.006585975463395118,-0.004706512201626897,0.010152818375783424,-0.007966748233097752,341.79
29.384,-0.007015975463395132,-0.004876512201626873,0.010152818375783424,-0.007876748233097745,341.79
29.388,-0.0072759754633951144,-0.00521651220162688,0.010152818375783424,-0.007626748233097744,341.79
29.392,-0.007525975463395115,-0.005556512201626887,0.010152818375783424,-0.0075367482330977375,341.79
29.396,-0.007785975463395125,-0.00572651220162689,0.010152818375783424,-0.007456748233097741,341.79
29.4,-0.007785975463395125,-0.005986512201626873,0.010152818375783424,-0.007196748233097758,341.79
29.404,-0.007785975463395125,-0.006076512201626879,0.010072818375783455,-0.007106748233097752,341.79
29.408,-0.007865975463395122,-0.006416512201626886,0.009812818375783417,-0.006856748233097751,341.79
29.412,-0.008125975463395132,-0.006756512201626893,0.009812818375783417,-0.006596748233097741,341.79
29.416,-0.00821597546339511,-0.007016512201626876,0.009722818375783438,-0.006426748233097738,341.79
29.42,-0.008555975463395118,-0.007356512201626883,0.009472818375783466,-0.006346748233097741,341.79
29.424,-0.008895975463395125,-0.007606512201626883,0.009302818375783463,-0.0060867482330977584,341.79
29.428,-0.009065975463395128,-0.007776512201626886,0.009042818375783425,-0.005826748233097748,341.79
29.432,-0.00932597546339511,-0.008036512201626897,0.008952818375783446,-0.005486748233097741,341.79
29.436,-0.00932597546339511,-0.008206512201626872,0.008782818375783442,-0.005226748233097759,341.79
29.44,-0.009405975463395107,-0.00854651220162688,0.008442818375783435,-0.004886748233097752,341.79
29.444,-0.009665975463395118,-0.008636512201626886,0.008192818375783463,-0.004546748233097745,341.79
29.448,-0.009835975463395121,-0.008716512201626883,0.00801281837578345,-0.004466748233097748,341.79
29.452,-0.009925975463395128,-0.008896512201626896,0.007842818375783446,-0.003946748233097755,341.79
29.456,-0.010175975463395128,-0.008976512201626893,0.007592818375783445,-0.003866748233097759,341.79
29.46,-0.010345975463395132,-0.009236512201626875,0.007252818375783438,-0.003526748233097752,341.79
29.464,-0.010345975463395132,-0.009406512201626879,0.006992818375783427,-0.003176748233097735,341.79
29.468,-0.010265975463395107,-0.009406512201626879,0.006822818375783452,-0.002926748233097735,341.79
29.472,-0.010265975463395107,-0.009316512201626872,0.006482818375783445,-0.0026667482330977525,341.79
29.476,-0.010265975463395107,-0.009406512201626879,0.0062228183757834345,-0.0025867482330977558,341.79
29.48,-0.010265975463395107,-0.009316512201626872,0.006052818375783431,-0.002236748233097739,341.79
29.484,-0.010265975463395107,-0.009316512201626872,0.005712818375783452,-0.0018167482330977349,341.79
29.488,-0.010265975463395107,-0.009406512201626879,0.005372818375783445,-0.0014667482330977457,341.79
29.492,-0.010345975463395132,-0.009746512201626886,0.005022818375783428,-0.001386748233097749,341.79
29.496,-0.01043597546339511,-0.010176512201626872,0.004602818375783452,-0.001046748233097742,341.79
29.5,-0.010175975463395128,-0.010256512201626896,0.0044328183757834485,-0.0007867482330977595,341.79
29.504,-0.010005975463395125,-0.010176512201626872,0.004002818375783435,-0.0005267482330977493,341.79
29.508,-0.010175975463395128,-0.010176512201626872,0.0035728183757834492,-0.00018674823309774237,341.79
29.512,-0.010095975463395131,-0.010176512201626872,0.003312818375783439,0.0001532517669022646,341.79
29.516,-0.009835975463395121,-0.010176512201626872,0.0032328183757834423,0.0004932517669022439,341.79
29.52,-0.009665975463395118,-0.010006512201626896,0.002972818375783432,0.0007532517669022541,341.79
29.524,-0.009835975463395121,-0.009746512201626886,0.002722818375783432,0.001093251766902261,341.79
29.528,-0.009575975463395111,-0.009746512201626886,0.0023728183757834426,0.001523251766902247,341.79
29.532,-0.009235975463395132,-0.009746512201626886,0.0021228183757834424,0.0017732517669022472,341.79
29.536,-0.00932597546339511,-0.009746512201626886,0.0018628183757834322,0.002113251766902254,341.79
29.54,-0.008985975463395132,-0.00965651220162688,0.0015228183757834252,0.002373251766902264,341.79
29.544,-0.008635975463395115,-0.009406512201626879,0.001182818375783446,0.0027132517669022434,341.79
29.548,-0.008465975463395111,-0.009236512201626875,0.0007528183757834322,0.0030532517669022504,341.79
29.552,-0.00821597546339511,-0.008976512201626893,0.00041281837578342523,0.003483251766902264,341.79
29.556,-0.008125975463395132,-0.008976512201626893,0.00024281837578344953,0.0039132517669022504,341.79
29.56,-0.007865975463395122,-0.009066512201626872,-9.718162421655743e-05,0.004253251766902257,341.79
29.564,-0.007785975463395125,-0.009146512201626896,-0.0005271816242165712,0.004423251766902261,341.79
29.568,-0.007615975463395121,-0.008976512201626893,-0.0007871816242165536,0.004683251766902243,341.79
29.572,-0.007695975463395118,-0.008976512201626893,-0.0010371816242165537,0.005193251766902254,341.79
29.576,-0.007445975463395118,-0.008896512201626896,-0.0014671816242165675,0.005533251766902261,341.79
29.58,-0.007105975463395111,-0.008636512201626886,-0.00197718162421655,0.0056232517669022675,341.79
29.584,-0.0068459754633951285,-0.008466512201626883,-0.0021471816242165536,0.0056232517669022675,341.79
29.588,-0.0065059754633951215,-0.008206512201626872,-0.0024971816242165706,0.005963251766902247,341.79
29.592,-0.006245975463395111,-0.008126512201626876,-0.00283718162421655,0.006223251766902257,341.79
29.596,-0.006165975463395115,-0.007956512201626872,-0.0030071816242165533,0.006473251766902257,341.79
29.6,-0.005735975463395129,-0.00769651220162689,-0.0033471816242165602,0.006733251766902267,341.79
29.604,-0.005395975463395122,-0.007526512201626886,-0.0038571816242165707,0.006903251766902243,341.79
29.608,-0.005225975463395118,-0.007356512201626883,-0.004117181624216554,0.00724325176690225,341.79
29.612,-0.004795975463395132,-0.007186512201626879,-0.00394718162421655,0.007583251766902257,341.79
29.616,-0.004285975463395122,-0.006926512201626897,-0.00419718162421655,0.007673251766902264,341.79
29.62,-0.0040259754633951116,-0.006756512201626893,-0.0044571816242165605,0.007923251766902263,341.79
29.624,-0.003685975463395132,-0.006496512201626883,-0.004627181624216564,0.008103251766902277,341.79
29.628,-0.0034259754633951217,-0.0063265122016268795,-0.004967181624216571,0.008353251766902249,341.79
29.632,-0.0031659754633951115,-0.005986512201626873,-0.0052271816242165535,0.008443251766902228,341.79
29.636,-0.0028259754633951323,-0.005646512201626893,-0.005487181624216564,0.008613251766902232,341.79
29.64,-0.0024059754633951286,-0.00547651220162689,-0.005737181624216564,0.008783251766902235,341.79
29.644,-0.0021459754633951183,-0.005046512201626876,-0.005907181624216567,0.00886325176690226,341.79
29.648,-0.0020559754633951116,-0.004956512201626897,-0.00616718162421655,0.008953251766902239,341.79
29.652,-0.001635975463395108,-0.00436651220162689,-0.006257181624216557,0.009213251766902276,341.79
29.656,-0.0011159754633951152,-0.00410651220162688,-0.006507181624216557,0.009213251766902276,341.79
29.66,-0.0006959754633951116,-0.003846512201626897,-0.00667718162421656,0.009213251766902276,341.79
29.664,-0.00034597546339512234,-0.00350651220162689,-0.007107181624216574,0.009213251766902276,341.79
29.668,-5.975463395115394e-06,-0.0033365122016268864,-0.007447181624216553,0.009213251766902276,341.79
29.672,0.00024402453660488484,-0.003076512201626876,-0.00753718162421656,0.009213251766902276,341.79
29.676,0.0004140245366048883,-0.002736512201626897,-0.00778718162421656,0.009213251766902276,341.79
29.68,0.0008440245366048742,-0.0023165122016268933,-0.007877181624216566,0.009293251766902245,341.79
29.684,0.001274024536604888,-0.0019665122016268763,-0.007877181624216566,0.009553251766902228,341.79
29.688,0.0016140245366048672,-0.0016265122016268971,-0.007957181624216563,0.009723251766902231,341.79
29.692,0.0021240245366048777,-0.0011965122016268834,-0.008217181624216573,0.009723251766902231,341.79
29.696,0.0025540245366048914,-0.0008565122016268766,-0.008307181624216552,0.009633251766902252,341.79
29.7,0.0028940245366048706,-0.0006065122016268764,-0.008387181624216549,0.009633251766902252,341.79
29.704,0.003154024536604881,-0.00025651220162688714,-0.008557181624216552,0.009633251766902252,341.79
29.708,0.003404024536604881,0.00016348779837311656,-0.008727181624216556,0.009723251766902231,341.79
29.712,0.0037540245366048702,0.0005934877983731025,-0.008727181624216556,0.009723251766902231,341.79
29.716,0.0041740245366048735,0.0009334877983731095,-0.008817181624216562,0.009633251766902252,341.79
29.72,0.004604024536604887,0.0012734877983731165,-0.008987181624216566,0.009633251766902252,341.79
29.724,0.00486402453660487,0.0017034877983731025,-0.008987181624216566,0.009723251766902231,341.79
29.728,0.00537402453660488,0.002133487798373116,-0.009077181624216573,0.009723251766902231,341.79
29.732,0.005804024536604894,0.00255348779837312,-0.009077181624216573,0.009723251766902231,341.79
29.736,0.00597402453660487,0.002983487798373106,-0.009077181624216573,0.009633251766902252,341.79
29.74,0.006054024536604894,0.003243487798373116,-0.009077181624216573,0.009463251766902249,341.79
29.744,0.0063140245366048765,0.0034134877983731196,-0.00915718162421657,0.009123251766902242,341.79
29.748,0.0066540245366048835,0.0036734877983731298,-0.009497181624216549,0.009123251766902242,341.79
29.752,0.006914024536604894,0.003923487798373102,-0.009497181624216549,0.00886325176690226,341.79
29.756,0.0069940245366048905,0.004263487798373109,-0.009497181624216549,0.00886325176690226,341.79
29.76,0.00734402453660488,0.004783487798373129,-0.009587181624216555,0.008783251766902235,341.79
29.764,0.007684024536604887,0.005373487798373109,-0.009497181624216549,0.008613251766902232,341.79
29.768,0.007934024536604887,0.005723487798373126,-0.00915718162421657,0.008353251766902249,341.79
29.772,0.00819402453660487,0.005893487798373129,-0.008987181624216566,0.008103251766902277,341.79
29.776,0.008284024536604904,0.006233487798373108,-0.008987181624216566,0.008013251766902242,341.79
29.78,0.008624024536604855,0.006573487798373115,-0.009077181624216573,0.0077532517669022605,341.79
29.784,0.008874024536604883,0.006913487798373122,-0.009077181624216573,0.007583251766902257,341.79
29.788,0.009044024536604887,0.007173487798373105,-0.009077181624216573,0.007333251766902257,341.79
29.792,0.009134024536604866,0.007433487798373115,-0.009077181624216573,0.007163251766902253,341.79
29.796,0.009394024536604904,0.007513487798373112,-0.008987181624216566,0.006813251766902264,341.79
29.8,0.009564024536604907,0.007773487798373122,-0.008987181624216566,0.006563251766902264,341.79
29.804,0.00981402453660488,0.007943487798373125,-0.008817181624216562,0.00639325176690226,341.79
29.808,0.009904024536604859,0.008193487798373126,-0.008727181624216556,0.0060432517669022435,341.79
29.812,0.00981402453660488,0.008373487798373139,-0.008727181624216556,0.0056232517669022675,341.79
29.816,0.00981402453660488,0.008623487798373112,-0.008647181624216559,0.005193251766902254,341.79
29.82,0.009904024536604859,0.00871348779837309,-0.008387181624216549,0.004853251766902247,341.79
29.824,0.0103340245366049,0.008963487798373119,-0.008307181624216552,0.004763251766902268,341.79
29.828,0.010674024536604907,0.009053487798373097,-0.008307181624216552,0.004683251766902243,341.79
29.832,0.010754024536604876,0.009133487798373122,-0.008217181624216573,0.004423251766902261,341.79
29.836,0.010674024536604907,0.009393487798373104,-0.007957181624216563,0.0039132517669022504,341.79
29.84,0.010674024536604907,0.009483487798373139,-0.007877181624216566,0.003483251766902264,341.79
29.844,0.010674024536604907,0.009483487798373139,-0.00753718162421656,0.003143251766902257,341.79
29.848,0.010674024536604907,0.009653487798373142,-0.007197181624216553,0.0027132517669022434,341.79
29.852,0.010674024536604907,0.009903487798373115,-0.007017181624216567,0.0022832517669022574,341.79
29.856,0.010584024536604873,0.009903487798373115,-0.00667718162421656,0.0019432517669022507,341.79
29.86,0.0103340245366049,0.009903487798373115,-0.006337181624216553,0.0016032517669022437,341.79
29.864,0.0103340245366049,0.009993487798373094,-0.00616718162421655,0.0013432517669022613,341.79
29.868,0.0103340245366049,0.009993487798373094,-0.005907181624216567,0.0010032517669022543,341.79
29.872,0.0103340245366049,0.009993487798373094,-0.005907181624216567,0.0006632517669022473,341.79
29.876,0.0103340245366049,0.009993487798373094,-0.005827181624216571,0.0003232517669022403,341.79
29.88,0.0103340245366049,0.009903487798373115,-0.00556718162421656,-1.6748233097738888e-05,341.79
29.884,0.010074024536604862,0.009903487798373115,-0.005397181624216557,-0.00018674823309774237,341.79
29.888,0.009644024536604876,0.009903487798373115,-0.004967181624216571,-0.0005267482330977493,341.79
29.892,0.009734024536604855,0.009903487798373115,-0.004627181624216564,-0.001046748233097742,341.79
29.896,0.009644024536604876,0.009993487798373094,-0.0044571816242165605,-0.001386748233097749,341.79
29.9,0.009394024536604904,0.009993487798373094,-0.004117181624216554,-0.0014667482330977457,341.79
29.904,0.009044024536604887,0.009993487798373094,-0.0038571816242165707,-0.0018167482330977349,341.79
29.908,0.008874024536604883,0.009903487798373115,-0.003687181624216567,-0.0020667482330977353,341.79
29.912,0.00870402453660488,0.009653487798373142,-0.003437181624216567,-0.002236748233097739,341.79
29.916,0.00870402453660488,0.009563487798373108,-0.0032571816242165535,-0.002496748233097749,341.79
29.92,0.008624024536604855,0.009563487798373108,-0.002667181624216574,-0.002836748233097756,341.79
29.924,0.008364024536604873,0.009483487798373139,-0.0022371816242165604,-0.003266748233097742,341.79
29.928,0.008284024536604904,0.009223487798373101,-0.00197718162421655,-0.003526748233097752,341.79
29.932,0.00819402453660487,0.009133487798373122,-0.001637181624216571,-0.003866748233097759,341.79
29.936,0.007934024536604887,0.009053487798373097,-0.0013771816242165607,-0.004116748233097759,341.79
29.94,0.007764024536604883,0.008793487798373115,-0.0008671816242165504,-0.004286748233097735,341.79
29.944,0.007424024536604876,0.00871348779837309,-0.0004371816242165644,-0.004546748233097745,341.79
29.948,0.007164024536604894,0.008623487798373112,-0.00026718162421656094,-0.004806748233097755,341.79
29.952,0.006914024536604894,0.008373487798373139,-9.718162421655743e-05,-0.005056748233097755,341.79
29.956,0.00648402453660488,0.008283487798373105,0.00032281837578344624,-0.005146748233097734,341.79
29.96,0.006144024536604873,0.008023487798373122,0.0008428183757834389,-0.0054067482330977445,341.79
29.964,0.00597402453660487,0.007853487798373119,0.0012628183757834427,-0.005576748233097748,341.79
29.968,0.00563402453660489,0.007773487798373122,0.0014328183757834462,-0.005916748233097755,341.79
29.972,0.00537402453660488,0.007683487798373115,0.001612818375783432,-0.006166748233097755,341.79
29.976,0.005204024536604877,0.007433487798373115,0.001952818375783439,-0.006346748233097741,341.79
29.98,0.00486402453660487,0.007173487798373105,0.002202818375783439,-0.006596748233097741,341.79
29.984,0.0045240245366048905,0.007083487798373126,0.0025528183757834283,-0.006766748233097745,341.79
29.988,0.00426402453660488,0.0068334877983731255,0.003062818375783439,-0.007026748233097755,341.79
29.992,0.004094024536604877,0.006573487798373115,0.003312818375783439,-0.007196748233097758,341.79
29.996,0.0037540245366048702,0.006143487798373129,0.0035728183757834492,-0.007456748233097741,341.79
30.0,0.0033240245366048843,0.005893487798373129,0.003742818375783425,-0.0075367482330977375,341.79
30.004,0.0028940245366048706,0.005803487798373122,0.0040828183757834315,-0.007796748233097748,341.79
30.008,0.0025540245366048914,0.005373487798373109,0.0044328183757834485,-0.008046748233097749,341.79
30.012,0.002294024536604881,0.004953487798373105,0.004852818375783452,-0.008306748233097759,341.79
30.016,0.001954024536604874,0.004783487798373129,0.005112818375783435,-0.008396748233097738,341.79
30.02,0.0016140245366048672,0.004523487798373119,0.005372818375783445,-0.008396748233097738,341.79
30.024,0.0013540245366048848,0.003923487798373102,0.005712818375783452,-0.008476748233097735,341.79
30.028,0.0011840245366048813,0.0038434877983731055,0.005962818375783452,-0.008646748233097738,341.79
30.032,0.0008440245366048742,0.003583487798373123,0.0062228183757834345,-0.008646748233097738,341.79
30.036,0.0003340245366048916,0.0030734877983731126,0.006652818375783448,-0.008816748233097742,341.79
30.04,-5.975463395115394e-06,0.0026434877983731266,0.006902818375783448,-0.009076748233097752,341.79
30.044,-9.597546339512214e-05,0.00255348779837312,0.007332818375783434,-0.009166748233097759,341.79
30.048,-0.0002659754633951256,0.002473487798373123,0.007672818375783441,-0.009166748233097759,341.79
30.052,-0.0004359754633951291,0.002133487798373116,0.007762818375783448,-0.009246748233097755,341.79
30.056,-0.0007759754633951083,0.0017934877983731092,0.00801281837578345,-0.009506748233097738,341.79
30.06,-0.0010359754633951185,0.00144348779837312,0.008192818375783463,-0.009586748233097735,341.79
30.064,-0.0012859754633951187,0.0012734877983731165,0.008442818375783435,-0.009586748233097735,341.79
30.068,-0.001545975463395129,0.0009334877983731095,0.008612818375783439,-0.009586748233097735,341.79
30.072,-0.001635975463395108,0.0005934877983731025,0.008872818375783421,-0.009586748233097735,341.79
30.076,-0.0020559754633951116,0.0004234877983731268,0.009212818375783428,-0.009586748233097735,341.79
30.08,-0.0024859754633951253,8.348779837311982e-05,0.009382818375783432,-0.009676748233097741,341.79
30.084,-0.0028259754633951323,-0.0003465122016268939,0.009642818375783414,-0.009676748233097741,341.79
30.088,-0.0031659754633951115,-0.0006065122016268764,0.009642818375783414,-0.009846748233097745,341.79
30.092,-0.0034259754633951217,-0.0007765122016268798,0.009722818375783438,-0.009756748233097738,341.79
30.096,-0.003685975463395132,-0.00102651220162688,0.009812818375783417,-0.009756748233097738,341.79
30.1,-0.003685975463395132,-0.0012865122016268902,0.009892818375783442,-0.009756748233097738,341.79
30.104,-0.003685975463395132,-0.0018865122016268796,0.010152818375783424,-0.009676748233097741,341.79
30.108,-0.003935975463395133,-0.0022265122016268866,0.010152818375783424,-0.009506748233097738,341.79
30.112,-0.004195975463395115,-0.002486512201626897,0.010152818375783424,-0.009246748233097755,341.79
30.116,-0.004535975463395122,-0.002826512201626876,0.010152818375783424,-0.009246748233097755,341.79
30.12,-0.004795975463395132,-0.003076512201626876,0.010152818375783424,-0.009076748233097752,341.79
30.124,-0.004965975463395108,-0.0033365122016268864,0.010072818375783455,-0.008816748233097742,341.79
30.128,-0.005305975463395115,-0.0035965122016268967,0.010152818375783424,-0.008736748233097745,341.79
30.132,-0.005645975463395122,-0.0035965122016268967,0.010152818375783424,-0.008736748233097745,341.79
30.136,-0.005735975463395129,-0.0036765122016268934,0.010152818375783424,-0.008476748233097735,341.79
30.14,-0.006165975463395115,-0.004016512201626873,0.010152818375783424,-0.008306748233097759,341.79
30.144,-0.006585975463395118,-0.004276512201626883,0.010152818375783424,-0.008046748233097749,341.79
30.148,-0.007015975463395132,-0.004446512201626887,0.010152818375783424,-0.008046748233097749,341.79
30.152,-0.007355975463395111,-0.004706512201626897,0.010072818375783455,-0.007876748233097745,341.79
30.156,-0.007445975463395118,-0.004876512201626873,0.010072818375783455,-0.007626748233097744,341.79
30.16,-0.007615975463395121,-0.00521651220162688,0.010152818375783424,-0.007456748233097741,341.79
30.164,-0.007785975463395125,-0.005556512201626887,0.010152818375783424,-0.007196748233097758,341.79
30.168,-0.007955975463395128,-0.005646512201626893,0.010072818375783455,-0.006936748233097748,341.79
30.172,-0.007955975463395128,-0.006076512201626879,0.009892818375783442,-0.006766748233097745,341.79
30.176,-0.008125975463395132,-0.006416512201626886,0.009642818375783414,-0.006686748233097748,341.79
30.18,-0.008295975463395108,-0.00658651220162689,0.009382818375783432,-0.006426748233097738,341.79
30.184,-0.008555975463395118,-0.00683651220162689,0.009212818375783428,-0.006346748233097741,341.79
30.188,-0.008895975463395125,-0.0070965122016268724,0.008952818375783446,-0.006166748233097755,341.79
30.192,-0.009065975463395128,-0.007526512201626886,0.008782818375783442,-0.005656748233097745,341.79
30.196,-0.00932597546339511,-0.00769651220162689,0.008702818375783418,-0.005486748233097741,341.79
30.2,-0.009575975463395111,-0.008036512201626897,0.008872818375783421,-0.0054067482330977445,341.79
30.204,-0.009835975463395121,-0.008126512201626876,0.008612818375783439,-0.005056748233097755,341.79
30.208,-0.009835975463395121,-0.008206512201626872,0.008272818375783432,-0.004716748233097748,341.79
30.212,-0.009835975463395121,-0.008376512201626876,0.008102818375783428,-0.004376748233097741,341.79
30.216,-0.009835975463395121,-0.008636512201626886,0.007762818375783448,-0.004116748233097759,341.79
30.22,-0.010095975463395131,-0.008896512201626896,0.007422818375783441,-0.003866748233097759,341.79
30.224,-0.010175975463395128,-0.008976512201626893,0.007162818375783431,-0.0036967482330977556,341.79
30.228,-0.010175975463395128,-0.008976512201626893,0.006822818375783452,-0.0033467482330977387,341.79
30.232,-0.010175975463395128,-0.008976512201626893,0.0065628183757834415,-0.0030967482330977385,341.79
30.236,-0.010265975463395107,-0.009066512201626872,0.006482818375783445,-0.002926748233097735,341.79
30.24,-0.010345975463395132,-0.009236512201626875,0.0062228183757834345,-0.0025867482330977558,341.79
30.244,-0.010265975463395107,-0.009236512201626875,0.005962818375783452,-0.0024067482330977423,341.79
30.248,-0.010265975463395107,-0.009236512201626875,0.005622818375783445,-0.002156748233097742,341.79
30.252,-0.010265975463395107,-0.009406512201626879,0.005192818375783431,-0.0018167482330977349,341.79
30.256,-0.010345975463395132,-0.009746512201626886,0.004852818375783452,-0.0014667482330977457,341.79
30.26,-0.010265975463395107,-0.009836512201626893,0.004602818375783452,-0.0012967482330977422,341.79
30.264,-0.010095975463395131,-0.00991651220162689,0.0040828183757834315,-0.0009567482330977352,341.79
30.268,-0.009835975463395121,-0.010086512201626893,0.0038328183757834317,-0.0005267482330977493,341.79
30.272,-0.009835975463395121,-0.010086512201626893,0.0035728183757834492,-0.0002767482330977491,341.79
30.276,-0.010095975463395131,-0.010086512201626893,0.0032328183757834423,-0.00018674823309774237,341.79
30.28,-0.010095975463395131,-0.010086512201626893,0.0028028183757834286,0.00023325176690226133,341.79
30.284,-0.009925975463395128,-0.010086512201626893,0.0025528183757834283,0.0006632517669022473,341.79
30.288,-0.009835975463395121,-0.010086512201626893,0.0025528183757834283,0.001093251766902261,341.79
30.292,-0.009665975463395118,-0.010006512201626896,0.002292818375783446,0.0014332517669022402,341.79
30.296,-0.009235975463395132,-0.009836512201626893,0.0018628183757834322,0.0016032517669022437,341.79
30.3,-0.009235975463395132,-0.009836512201626893,0.0015228183757834252,0.0019432517669022507,341.79
30.304,-0.008985975463395132,-0.009746512201626886,0.0012628183757834427,0.0022832517669022574,341.79
30.308,-0.008635975463395115,-0.009576512201626882,0.001182818375783446,0.0027132517669022434,341.79
30.312,-0.008555975463395118,-0.009406512201626879,0.0007528183757834322,0.003143251766902257,341.79
30.316,-0.008295975463395108,-0.009316512201626872,0.00032281837578344624,0.003483251766902264,341.79
30.32,-0.008045975463395107,-0.009066512201626872,-1.7181624216560694e-05,0.003573251766902243,341.79
30.324,-0.007785975463395125,-0.008976512201626893,-0.00026718162421656094,0.0039132517669022504,341.79
30.328,-0.007615975463395121,-0.008976512201626893,-0.0006171816242165502,0.004253251766902257,341.79
30.332,-0.007355975463395111,-0.00880651220162689,-0.0007871816242165536,0.004683251766902243,341.79
30.336,-0.007185975463395108,-0.00854651220162688,-0.0008671816242165504,0.005103251766902247,341.79
30.34,-0.0072759754633951144,-0.008466512201626883,-0.0013771816242165607,0.005533251766902261,341.79
30.344,-0.006925975463395125,-0.008466512201626883,-0.0018971816242165534,0.005873251766902268,341.79
30.348,-0.006675975463395125,-0.00854651220162688,-0.0021471816242165536,0.0060432517669022435,341.79
30.352,-0.006415975463395115,-0.008466512201626883,-0.0024971816242165706,0.00639325176690226,341.79
30.356,-0.006075975463395108,-0.008206512201626872,-0.00283718162421655,0.006563251766902264,341.79
30.36,-0.005735975463395129,-0.008036512201626897,-0.00308718162421655,0.006563251766902264,341.79
30.364,-0.005565975463395125,-0.007776512201626886,-0.003437181624216567,0.006903251766902243,341.79
30.368,-0.005305975463395115,-0.007606512201626883,-0.0036071816242165705,0.00724325176690225,341.79
30.372,-0.0050459754633951324,-0.007356512201626883,-0.003437181624216567,0.007333251766902257,341.79
30.376,-0.004795975463395132,-0.007266512201626876,-0.003687181624216567,0.00750325176690226,341.79
30.38,-0.004455975463395125,-0.007016512201626876,-0.004027181624216575,0.0077532517669022605,341.79
30.384,-0.004105975463395108,-0.006756512201626893,-0.00419718162421655,0.008103251766902277,341.79
30.388,-0.0037659754633951287,-0.006496512201626883,-0.004547181624216567,0.008353251766902249,341.79
30.392,-0.003345975463395125,-0.0063265122016268795,-0.004887181624216574,0.008353251766902249,341.79
30.396,-0.002995975463395108,-0.006076512201626879,-0.00505718162421655,0.008523251766902253,341.79
30.4,-0.0028259754633951323,-0.00572651220162689,-0.005397181624216557,0.00886325176690226,341.79
30.404,-0.0024859754633951253,-0.005386512201626883,-0.005657181624216567,0.00886325176690226,341.79
30.408,-0.0021459754633951183,-0.004956512201626897,-0.005827181624216571,0.00886325176690226,341.79
30.412,-0.001975975463395115,-0.004706512201626897,-0.006077181624216571,0.009123251766902242,341.79
30.416,-0.001635975463395108,-0.00436651220162689,-0.00616718162421655,0.009213251766902276,341.79
30.42,-0.001205975463395122,-0.00410651220162688,-0.006257181624216557,0.009213251766902276,341.79
30.424,-0.0009459754633951118,-0.003936512201626876,-0.006507181624216557,0.009213251766902276,341.79
30.428,-0.0007759754633951083,-0.0035965122016268967,-0.006847181624216564,0.009213251766902276,341.79
30.432,-0.0004359754633951291,-0.0032565122016268897,-0.0073671816242165565,0.009213251766902276,341.79
30.436,7.402453660488135e-05,-0.003076512201626876,-0.0073671816242165565,0.00938325176690228,341.79
30.44,0.0005040245366048673,-0.002736512201626897,-0.0073671816242165565,0.009723251766902231,341.79
30.444,0.0007640245366048775,-0.0023165122016268933,-0.00753718162421656,0.009893251766902235,341.79
30.448,0.001274024536604888,-0.002056512201626883,-0.00778718162421656,0.010063251766902238,341.79
30.452,0.001704024536604874,-0.0016265122016268971,-0.007877181624216566,0.010063251766902238,341.79
30.456,0.001954024536604874,-0.0011965122016268834,-0.007877181624216566,0.010063251766902238,341.79
30.46,0.0021240245366048777,-0.0008565122016268766,-0.007957181624216563,0.00998325176690227,341.79
30.464,0.0025540245366048914,-0.0006865122016268731,-0.008307181624216552,0.009723251766902231,341.79
30.468,0.0028940245366048706,-0.0003465122016268939,-0.008307181624216552,0.009723251766902231,341.79
30.472,0.0033240245366048843,8.348779837311982e-05,-0.008307181624216552,0.009723251766902231,341.79
30.476,0.0036640245366048913,0.0004234877983731268,-0.008477181624216555,0.009723251766902231,341.79
30.48,0.0037540245366048702,0.0008534877983731127,-0.008647181624216559,0.009633251766902252,341.79
30.484,0.00400402453660487,0.0012734877983731165,-0.008727181624216556,0.009633251766902252,341.79
30.488,0.0045240245366048905,0.0017034877983731025,-0.008817181624216562,0.009633251766902252,341.79
30.492,0.004944024536604894,0.002133487798373116,-0.008987181624216566,0.009723251766902231,341.79
30.496,0.005284024536604873,0.00255348779837312,-0.009077181624216573,0.009633251766902252,341.79
30.5,0.005464024536604887,0.002903487798373109,-0.009077181624216573,0.009553251766902228,341.79
30.504,0.005544024536604884,0.0030734877983731126,-0.009077181624216573,0.009293251766902245,341.79
30.508,0.006144024536604873,0.0034134877983731196,-0.009077181624216573,0.009213251766902276,341.79
30.512,0.006574024536604887,0.0036734877983731298,-0.009077181624216573,0.008953251766902239,341.79
30.516,0.0069940245366048905,0.0038434877983731055,-0.009077181624216573,0.00886325176690226,341.79
30.52,0.0070840245366048694,0.004263487798373109,-0.009077181624216573,0.008693251766902256,341.79
30.524,0.007164024536604894,0.0046934877983731225,-0.009077181624216573,0.008443251766902228,341.79
30.528,0.00734402453660488,0.0050334877983731294,-0.009077181624216573,0.008443251766902228,341.79
30.532,0.007424024536604876,0.005373487798373109,-0.009077181624216573,0.008353251766902249,341.79
30.536,0.007764024536604883,0.005893487798373129,-0.009077181624216573,0.008103251766902277,341.79
30.54,0.008024024536604894,0.006233487798373108,-0.009077181624216573,0.008013251766902242,341.79
30.544,0.008284024536604904,0.0064934877983731185,-0.009077181624216573,0.0077532517669022605,341.79
30.548,0.008624024536604855,0.006743487798373119,-0.009077181624216573,0.007583251766902257,341.79
30.552,0.008794024536604859,0.007083487798373126,-0.009077181624216573,0.007163251766902253,341.79
30.556,0.008964024536604862,0.007343487798373108,-0.009077181624216573,0.006813251766902264,341.79
30.56,0.009134024536604866,0.007513487798373112,-0.009077181624216573,0.006733251766902267,341.79
30.564,0.009394024536604904,0.007853487798373119,-0.008987181624216566,0.00639325176690226,341.79
30.568,0.009564024536604907,0.008193487798373126,-0.008817181624216562,0.0060432517669022435,341.79
30.572,0.009644024536604876,0.008283487798373105,-0.008727181624216556,0.005703251766902264,341.79
30.576,0.009734024536604855,0.008373487798373139,-0.008647181624216559,0.005453251766902264,341.79
30.58,0.00981402453660488,0.008453487798373108,-0.008727181624216556,0.005103251766902247,341.79
30.584,0.009904024536604859,0.00871348779837309,-0.008647181624216559,0.004853251766902247,341.79
30.588,0.009984024536604883,0.008793487798373115,-0.008387181624216549,0.004593251766902264,341.79
30.592,0.010074024536604862,0.008963487798373119,-0.008307181624216552,0.004343251766902264,341.79
30.596,0.010164024536604897,0.008963487798373119,-0.008307181624216552,0.004253251766902257,341.79
30.6,0.010244024536604866,0.009133487798373122,-0.007877181624216566,0.0039132517669022504,341.79
30.604,0.010244024536604866,0.009393487798373104,-0.00753718162421656,0.003483251766902264,341.79
30.608,0.010244024536604866,0.009563487798373108,-0.0073671816242165565,0.0030532517669022504,341.79
30.612,0.010244024536604866,0.009653487798373142,-0.007107181624216574,0.0026332517669022466,341.79
30.616,0.010164024536604897,0.009653487798373142,-0.007017181624216567,0.0022832517669022574,341.79
30.62,0.010164024536604897,0.00982348779837309,-0.006767181624216567,0.0019432517669022507,341.79
30.624,0.010164024536604897,0.009903487798373115,-0.0065971816242165636,0.001523251766902247,341.79
30.628,0.010164024536604897,0.009903487798373115,-0.006337181624216553,0.0011732517669022578,341.79
30.632,0.010244024536604866,0.009993487798373094,-0.00616718162421655,0.0010032517669022543,341.79
30.636,0.010244024536604866,0.009993487798373094,-0.005827181624216571,0.0006632517669022473,341.79
30.64,0.010244024536604866,0.009903487798373115,-0.005827181624216571,0.0001532517669022646,341.79
30.644,0.010244024536604866,0.009903487798373115,-0.005657181624216567,-0.00018674823309774237,341.79
30.648,0.010164024536604897,0.009903487798373115,-0.005487181624216564,-0.0002767482330977491,341.79
30.652,0.009904024536604859,0.009993487798373094,-0.005397181624216557,-0.000616748233097756,341.79
30.656,0.009564024536604907,0.009993487798373094,-0.004967181624216571,-0.0008767482330977385,341.79
30.66,0.009474024536604873,0.009903487798373115,-0.004627181624216564,-0.0011267482330977387,341.79
30.664,0.00930402453660487,0.009993487798373094,-0.004547181624216567,-0.001386748233097749,341.79
30.668,0.009044024536604887,0.009993487798373094,-0.00419718162421655,-0.0014667482330977457,341.79
30.672,0.009044024536604887,0.009903487798373115,-0.00394718162421655,-0.0018167482330977349,341.79
30.676,0.008964024536604862,0.009903487798373115,-0.003687181624216567,-0.002156748233097742,341.79
30.68,0.008794024536604859,0.00982348779837309,-0.0033471816242165602,-0.002496748233097749,341.79
30.684,0.008624024536604855,0.009563487798373108,-0.0030071816242165533,-0.002926748233097735,341.79
30.688,0.008364024536604873,0.009563487798373108,-0.0025771816242165673,-0.0030967482330977385,341.79
30.692,0.008284024536604904,0.009563487798373108,-0.0021471816242165536,-0.0033467482330977387,341.79
30.696,0.00819402453660487,0.009223487798373101,-0.0018971816242165534,-0.003526748233097752,341.79
30.7,0.008024024536604894,0.009133487798373122,-0.00172718162421655,-0.0037767482330977524,341.79
30.704,0.007764024536604883,0.009053487798373097,-0.0013771816242165607,-0.003946748233097755,341.79
30.708,0.007684024536604887,0.008793487798373115,-0.0008671816242165504,-0.004206748233097738,341.79
30.712,0.00734402453660488,0.008793487798373115,-0.0005271816242165712,-0.004376748233097741,341.79
30.716,0.0070840245366048694,0.00871348779837309,-0.0003571816242165677,-0.004716748233097748,341.79
30.72,0.006914024536604894,0.008373487798373139,-1.7181624216560694e-05,-0.0049767482330977586,341.79
30.724,0.006574024536604887,0.008193487798373126,0.00032281837578344624,-0.005146748233097734,341.79
30.728,0.00622402453660487,0.008023487798373122,0.0007528183757834322,-0.0054067482330977445,341.79
30.732,0.005884024536604891,0.007773487798373122,0.001182818375783446,-0.005656748233097745,341.79
30.736,0.00563402453660489,0.007433487798373115,0.001612818375783432,-0.005916748233097755,341.79
30.74,0.005284024536604873,0.007343487798373108,0.0017828183757834354,-0.005996748233097752,341.79
30.744,0.005034024536604873,0.007433487798373115,0.0020328183757834357,-0.006256748233097734,341.79
30.748,0.004944024536604894,0.007173487798373105,0.0024628183757834494,-0.006346748233097741,341.79
30.752,0.004604024536604887,0.006913487798373122,0.0028028183757834286,-0.006596748233097741,341.79
30.756,0.004094024536604877,0.006573487798373115,0.003062818375783439,-0.006856748233097751,341.79
30.76,0.0036640245366048913,0.006313487798373105,0.003312818375783439,-0.007106748233097752,341.79
30.764,0.003404024536604881,0.006233487798373108,0.0036628183757834282,-0.007196748233097758,341.79
30.768,0.0032340245366048776,0.005893487798373129,0.0038328183757834317,-0.007456748233097741,341.79
30.772,0.0028940245366048706,0.005553487798373122,0.004002818375783435,-0.007626748233097744,341.79
30.776,0.0024640245366048846,0.005293487798373112,0.0044328183757834485,-0.007876748233097745,341.79
30.78,0.002044024536604881,0.004953487798373105,0.004852818375783452,-0.008046748233097749,341.79
30.784,0.001704024536604874,0.004613487798373126,0.005112818375783435,-0.008306748233097759,341.79
30.788,0.0016140245366048672,0.004263487798373109,0.005282818375783438,-0.008476748233097735,341.79
30.792,0.001274024536604888,0.004183487798373112,0.005622818375783445,-0.008476748233097735,341.79
30.796,0.0008440245366048742,0.0038434877983731055,0.006052818375783431,-0.008476748233097735,341.79
30.8,0.0005040245366048673,0.0034134877983731196,0.006392818375783438,-0.008646748233097738,341.79
30.804,0.0003340245366048916,0.0030734877983731126,0.006822818375783452,-0.008736748233097745,341.79
30.808,-5.975463395115394e-06,0.0026434877983731266,0.007252818375783438,-0.008906748233097748,341.79
30.812,-0.00034597546339512234,0.0023034877983731197,0.007422818375783441,-0.009166748233097759,341.79
30.816,-0.0005259754633951081,0.002213487798373113,0.007762818375783448,-0.009166748233097759,341.79
30.82,-0.0007759754633951083,0.002133487798373116,0.00801281837578345,-0.009166748233097759,341.79
30.824,-0.0008659754633951151,0.0017934877983731092,0.008192818375783463,-0.009166748233097759,341.79
30.828,-0.001205975463395122,0.00144348779837312,0.008442818375783435,-0.009246748233097755,341.79
30.832,-0.001545975463395129,0.0012734877983731165,0.008532818375783414,-0.009506748233097738,341.79
30.836,-0.0017159754633951324,0.0009334877983731095,0.008782818375783442,-0.009506748233097738,341.79
30.84,-0.001975975463395115,0.0005034877983731235,0.008952818375783446,-0.009506748233097738,341.79
30.844,-0.002225975463395115,0.0002534877983731233,0.009212818375783428,-0.009586748233097735,341.79
30.848,-0.0027459754633951078,8.348779837311982e-05,0.009472818375783466,-0.009676748233097741,341.79
30.852,-0.0031659754633951115,-0.00025651220162688714,0.009722818375783438,-0.009586748233097735,341.79
30.856,-0.003255975463395118,-0.0005165122016268974,0.009722818375783438,-0.009586748233097735,341.79
30.86,-0.0035159754633951284,-0.0007765122016268798,0.009812818375783417,-0.009676748233097741,341.79
30.864,-0.003595975463395125,-0.0011965122016268834,0.009812818375783417,-0.009586748233097735,341.79
30.868,-0.0037659754633951287,-0.0015465122016268726,0.009892818375783442,-0.009586748233097735,341.79
30.872,-0.0040259754633951116,-0.0018865122016268796,0.010072818375783455,-0.009506748233097738,341.79
30.876,-0.004105975463395108,-0.00213651220162688,0.010072818375783455,-0.009246748233097755,341.79
30.88,-0.004455975463395125,-0.00239651220162689,0.010152818375783424,-0.009166748233097759,341.79
30.884,-0.004795975463395132,-0.002736512201626897,0.010152818375783424,-0.009166748233097759,341.79
30.888,-0.0050459754633951324,-0.003076512201626876,0.010152818375783424,-0.009076748233097752,341.79
30.892,-0.005395975463395122,-0.0033365122016268864,0.010152818375783424,-0.008906748233097748,341.79
30.896,-0.005735975463395129,-0.0036765122016268934,0.010072818375783455,-0.008816748233097742,341.79
30.9,-0.006075975463395108,-0.0037665122016268724,0.010072818375783455,-0.008736748233097745,341.79
30.904,-0.006335975463395118,-0.0036765122016268934,0.010152818375783424,-0.008476748233097735,341.79
30.908,-0.006585975463395118,-0.004016512201626873,0.010072818375783455,-0.008396748233097738,341.79
30.912,-0.006755975463395122,-0.004276512201626883,0.010152818375783424,-0.008306748233097759,341.79
30.916,-0.007185975463395108,-0.0045365122016268935,0.010152818375783424,-0.008046748233097749,341.79
30.92,-0.007445975463395118,-0.004876512201626873,0.010152818375783424,-0.007876748233097745,341.79
30.924,-0.007695975463395118,-0.00521651220162688,0.010152818375783424,-0.007626748233097744,341.79
30.928,-0.007785975463395125,-0.005306512201626886,0.010152818375783424,-0.007456748233097741,341.79
30.932,-0.007785975463395125,-0.005646512201626893,0.010072818375783455,-0.007196748233097758,341.79
30.936,-0.007785975463395125,-0.005896512201626894,0.009892818375783442,-0.007196748233097758,341.79
30.94,-0.008045975463395107,-0.006156512201626876,0.009722818375783438,-0.007026748233097755,341.79
30.944,-0.008295975463395108,-0.006416512201626886,0.009642818375783414,-0.006766748233097745,341.79
30.948,-0.008635975463395115,-0.00658651220162689,0.009382818375783432,-0.006596748233097741,341.79
30.952,-0.008895975463395125,-0.00683651220162689,0.009302818375783463,-0.006426748233097738,341.79
30.956,-0.009065975463395128,-0.0070965122016268724,0.009132818375783459,-0.0060867482330977584,341.79
30.96,-0.00932597546339511,-0.007526512201626886,0.009132818375783459,-0.005656748233097745,341.79
30.964,-0.009405975463395107,-0.00769651220162689,0.008782818375783442,-0.005576748233097748,341.79
30.968,-0.009575975463395111,-0.007956512201626872,0.008532818375783414,-0.005226748233097759,341.79
30.972,-0.009835975463395121,-0.008206512201626872,0.008362818375783466,-0.0049767482330977586,341.79
30.976,-0.009925975463395128,-0.008466512201626883,0.00801281837578345,-0.004636748233097752,341.79
30.98,-0.010005975463395125,-0.008636512201626886,0.007762818375783448,-0.004376748233097741,341.79
30.984,-0.010265975463395107,-0.008896512201626896,0.007672818375783441,-0.004206748233097738,341.79
30.988,-0.010265975463395107,-0.008896512201626896,0.007422818375783441,-0.003946748233097755,341.79
30.992,-0.010265975463395107,-0.008976512201626893,0.007162818375783431,-0.003866748233097759,341.79
30.996,-0.010265975463395107,-0.008976512201626893,0.006822818375783452,-0.003526748233097752,341.79
31.0,-0.010265975463395107,-0.009066512201626872,0.0065628183757834415,-0.003176748233097735,341.79
31.004,-0.010265975463395107,-0.009236512201626875,0.006392818375783438,-0.002926748233097735,341.79
31.008,-0.010265975463395107,-0.009236512201626875,0.006052818375783431,-0.0025867482330977558,341.79
31.012,-0.010265975463395107,-0.009316512201626872,0.0057928183757834486,-0.002236748233097739,341.79
31.016,-0.010265975463395107,-0.009576512201626882,0.005542818375783448,-0.0018967482330977594,341.79
31.02,-0.010345975463395132,-0.009746512201626886,0.005112818375783435,-0.001726748233097756,341.79
31.024,-0.010515975463395107,-0.009836512201626893,0.004772818375783428,-0.0014667482330977457,341.79
31.028,-0.010345975463395132,-0.00991651220162689,0.004602818375783452,-0.0011267482330977387,341.79
31.032,-0.010095975463395131,-0.010086512201626893,0.0040828183757834315,-0.0008767482330977385,341.79
31.036,-0.010175975463395128,-0.010086512201626893,0.003742818375783425,-0.0005267482330977493,341.79
31.04,-0.010175975463395128,-0.010086512201626893,0.0035728183757834492,-0.00018674823309774237,341.79
31.044,-0.010005975463395125,-0.010086512201626893,0.0034028183757834458,0.0001532517669022646,341.79
31.048,-0.009575975463395111,-0.010086512201626893,0.0031428183757834355,0.0004932517669022439,341.79
31.052,-0.009745975463395114,-0.010086512201626893,0.0028028183757834286,0.0007532517669022541,341.79
31.056,-0.009745975463395114,-0.010086512201626893,0.0025528183757834283,0.001093251766902261,341.79
31.06,-0.009405975463395107,-0.010086512201626893,0.0023728183757834426,0.001523251766902247,341.79
31.064,-0.009155975463395107,-0.010086512201626893,0.001952818375783439,0.0017732517669022472,341.79
31.068,-0.008895975463395125,-0.010086512201626893,0.0015228183757834252,0.002113251766902254,341.79
31.072,-0.008635975463395115,-0.010006512201626896,0.001182818375783446,0.002373251766902264,341.79
31.076,-0.008555975463395118,-0.00965651220162688,0.0008428183757834389,0.0027132517669022434,341.79
31.08,-0.008295975463395108,-0.009406512201626879,0.0005828183757834287,0.0030532517669022504,341.79
31.084,-0.008125975463395132,-0.009406512201626879,0.00024281837578344953,0.003483251766902264,341.79
31.088,-0.008045975463395107,-0.009316512201626872,-9.718162421655743e-05,0.0039132517669022504,341.79
31.092,-0.008045975463395107,-0.009146512201626896,-0.0003571816242165677,0.004343251766902264,341.79
31.096,-0.007445975463395118,-0.008896512201626896,-0.0006171816242165502,0.004683251766902243,341.79
31.1,-0.0072759754633951144,-0.008896512201626896,-0.0009571816242165571,0.004853251766902247,341.79
31.104,-0.007185975463395108,-0.00880651220162689,-0.0012071816242165572,0.005193251766902254,341.79
31.108,-0.007015975463395132,-0.008636512201626886,-0.0015571816242165742,0.0056232517669022675,341.79
31.112,-0.006925975463395125,-0.008636512201626886,-0.00197718162421655,0.005873251766902268,341.79
31.116,-0.006675975463395125,-0.00854651220162688,-0.0022371816242165604,0.005873251766902268,341.79
31.12,-0.0065059754633951215,-0.008466512201626883,-0.0025771816242165673,0.005963251766902247,341.79
31.124,-0.006165975463395115,-0.008376512201626876,-0.00283718162421655,0.00639325176690226,341.79
31.128,-0.005815975463395125,-0.008126512201626876,-0.00308718162421655,0.006733251766902267,341.79
31.132,-0.005645975463395122,-0.008036512201626897,-0.003437181624216567,0.006903251766902243,341.79
31.136,-0.005305975463395115,-0.00769651220162689,-0.003687181624216567,0.00724325176690225,341.79
31.14,-0.0050459754633951324,-0.007356512201626883,-0.00394718162421655,0.00750325176690226,341.79
31.144,-0.004795975463395132,-0.007186512201626879,-0.00419718162421655,0.0077532517669022605,341.79
31.148,-0.004285975463395122,-0.006926512201626897,-0.004377181624216564,0.008013251766902242,341.79
31.152,-0.0038559754633951076,-0.00683651220162689,-0.004547181624216567,0.008103251766902277,341.79
31.156,-0.0035159754633951284,-0.00658651220162689,-0.004627181624216564,0.008353251766902249,341.79
31.16,-0.0031659754633951115,-0.006416512201626886,-0.004887181624216574,0.008523251766902253,341.79
31.164,-0.0029159754633951112,-0.006076512201626879,-0.0051371816242165745,0.008783251766902235,341.79
31.168,-0.0028259754633951323,-0.005816512201626897,-0.005487181624216564,0.00886325176690226,341.79
31.172,-0.0024859754633951253,-0.005556512201626887,-0.005737181624216564,0.00886325176690226,341.79
31.176,-0.001975975463395115,-0.005046512201626876,-0.005907181624216567,0.009123251766902242,341.79
31.18,-0.001635975463395108,-0.00461651220162689,-0.006257181624216557,0.009213251766902276,341.79
31.184,-0.0014659754633951322,-0.00461651220162689,-0.006337181624216553,0.009213251766902276,341.79
31.188,-0.0011159754633951152,-0.00410651220162688,-0.00642718162421656,0.009213251766902276,341.79
31.192,-0.0007759754633951083,-0.0037665122016268724,-0.0069371816242165705,0.009293251766902245,341.79
31.196,-0.00034597546339512234,-0.00350651220162689,-0.007197181624216553,0.009553251766902228,341.79
31.2,-5.975463395115394e-06,-0.003166512201626883,-0.007447181624216553,0.009803251766902256,341.79
31.204,0.00024402453660488484,-0.002736512201626897,-0.00753718162421656,0.00998325176690227,341.79
31.208,0.0005040245366048673,-0.0023165122016268933,-0.00753718162421656,0.00998325176690227,341.79
31.212,0.0008440245366048742,-0.0019665122016268763,-0.00753718162421656,0.010063251766902238,341.79
31.216,0.0011840245366048813,-0.0017165122016268761,-0.00778718162421656,0.010063251766902238,341.79
31.22,0.0016140245366048672,-0.0014565122016268937,-0.007877181624216566,0.010063251766902238,341.79
31.224,0.002044024536604881,-0.0011165122016268867,-0.007877181624216566,0.010063251766902238,341.79
31.228,0.0024640245366048846,-0.0006865122016268731,-0.008137181624216549,0.010063251766902238,341.79
31.232,0.0028940245366048706,-0.00025651220162688714,-0.008217181624216573,0.010063251766902238,341.79
31.236,0.0032340245366048776,8.348779837311982e-05,-0.008217181624216573,0.010063251766902238,341.79
31.24,0.003404024536604881,0.0005034877983731235,-0.008307181624216552,0.00998325176690227,341.79
31.244,0.0036640245366048913,0.0009334877983731095,-0.008557181624216552,0.009803251766902256,341.79
31.248,0.004094024536604877,0.0013634877983731233,-0.008727181624216556,0.009723251766902231,341.79
31.252,0.004434024536604884,0.0017934877983731092,-0.008727181624216556,0.009633251766902252,341.79
31.256,0.00486402453660487,0.002213487798373113,-0.008817181624216562,0.009723251766902231,341.79
31.26,0.005284024536604873,0.0026434877983731266,-0.009077181624216573,0.009633251766902252,341.79
31.264,0.005464024536604887,0.002903487798373109,-0.009077181624216573,0.009633251766902252,341.79
31.268,0.005464024536604887,0.002983487798373106,-0.009077181624216573,0.009633251766902252,341.79
31.272,0.005804024536604894,0.003243487798373116,-0.009077181624216573,0.009553251766902228,341.79
31.276,0.00622402453660487,0.0034934877983731163,-0.009077181624216573,0.009213251766902276,341.79
31.28,0.0066540245366048835,0.0038434877983731055,-0.009077181624216573,0.00886325176690226,341.79
31.284,0.0066540245366048835,0.004183487798373112,-0.009077181624216573,0.008783251766902235,341.79
31.288,0.006914024536604894,0.004523487798373119,-0.009077181624216573,0.008783251766902235,341.79
31.292,0.007254024536604873,0.004783487798373129,-0.009077181624216573,0.008523251766902253,341.79
31.296,0.007424024536604876,0.005203487798373105,-0.009077181624216573,0.008523251766902253,341.79
31.3,0.007764024536604883,0.005723487798373126,-0.009077181624216573,0.008353251766902249,341.79
31.304,0.00810402453660489,0.006143487798373129,-0.009077181624216573,0.008103251766902277,341.79
31.308,0.008284024536604904,0.0064934877983731185,-0.009077181624216573,0.008013251766902242,341.79
31.312,0.008534024536604876,0.006743487798373119,-0.009077181624216573,0.007673251766902264,341.79
31.316,0.008794024536604859,0.007173487798373105,-0.009077181624216573,0.007333251766902257,341.79
31.32,0.009044024536604887,0.007513487798373112,-0.009077181624216573,0.007163251766902253,341.79
31.324,0.009134024536604866,0.007683487798373115,-0.009077181624216573,0.006813251766902264,341.79
31.328,0.009394024536604904,0.007683487798373115,-0.009077181624216573,0.006473251766902257,341.79
31.332,0.009394024536604904,0.007773487798373122,-0.009077181624216573,0.00639325176690226,341.79
31.336,0.009564024536604907,0.008193487798373126,-0.008987181624216566,0.005963251766902247,341.79
31.34,0.00981402453660488,0.008283487798373105,-0.008817181624216562,0.005533251766902261,341.79
31.344,0.00981402453660488,0.008373487798373139,-0.008727181624216556,0.005193251766902254,341.79
31.348,0.009904024536604859,0.008623487798373112,-0.008647181624216559,0.00502325176690225,341.79
31.352,0.00981402453660488,0.008623487798373112,-0.008727181624216556,0.005103251766902247,341.79
31.356,0.00981402453660488,0.00871348779837309,-0.008647181624216559,0.004763251766902268,341.79
31.36,0.00981402453660488,0.008963487798373119,-0.008387181624216549,0.004343251766902264,341.79
31.364,0.00981402453660488,0.009223487798373101,-0.008137181624216549,0.003993251766902247,341.79
31.368,0.009904024536604859,0.009483487798373139,-0.00778718162421656,0.003573251766902243,341.79
31.372,0.010074024536604862,0.009483487798373139,-0.00753718162421656,0.0030532517669022504,341.79
31.376,0.010074024536604862,0.009483487798373139,-0.007447181624216553,0.0026332517669022466,341.79
31.38,0.010164024536604897,0.009563487798373108,-0.0073671816242165565,0.002373251766902264,341.79
31.384,0.010244024536604866,0.00982348779837309,-0.007017181624216567,0.0022032517669022607,341.79
31.388,0.010244024536604866,0.009903487798373115,-0.006767181624216567,0.001863251766902254,341.79
31.392,0.010244024536604866,0.009993487798373094,-0.0065971816242165636,0.001523251766902247,341.79
31.396,0.010244024536604866,0.009993487798373094,-0.006337181624216553,0.001093251766902261,341.79
31.4,0.010244024536604866,0.009993487798373094,-0.006077181624216571,0.0006632517669022473,341.79
31.404,0.010164024536604897,0.009993487798373094,-0.005827181624216571,0.0003232517669022403,341.79
31.408,0.010244024536604866,0.009903487798373115,-0.005827181624216571,0.00023325176690226133,341.79
31.412,0.010164024536604897,0.009903487798373115,-0.005737181624216564,-0.00018674823309774237,341.79
31.416,0.009984024536604883,0.009993487798373094,-0.005487181624216564,-0.0005267482330977493,341.79
31.42,0.009904024536604859,0.009903487798373115,-0.005397181624216557,-0.000616748233097756,341.79
31.424,0.009734024536604855,0.009993487798373094,-0.004967181624216571,-0.001046748233097742,341.79
31.428,0.009474024536604873,0.009993487798373094,-0.004627181624216564,-0.001386748233097749,341.79
31.432,0.009394024536604904,0.009903487798373115,-0.0044571816242165605,-0.0014667482330977457,341.79
31.436,0.009134024536604866,0.009903487798373115,-0.004117181624216554,-0.0018167482330977349,341.79
31.44,0.008964024536604862,0.00982348779837309,-0.0036071816242165705,-0.0020667482330977353,341.79
31.444,0.00870402453660488,0.009563487798373108,-0.0035171816242165637,-0.002236748233097739,341.79
31.448,0.008624024536604855,0.009563487798373108,-0.0030071816242165533,-0.002496748233097749,341.79
31.452,0.008534024536604876,0.009563487798373108,-0.002667181624216574,-0.002836748233097756,341.79
31.456,0.008284024536604904,0.009393487798373104,-0.0024971816242165706,-0.003266748233097742,341.79
31.46,0.008284024536604904,0.009133487798373122,-0.0021471816242165536,-0.003526748233097752,341.79
31.464,0.00810402453660489,0.009133487798373122,-0.0018071816242165744,-0.0037767482330977524,341.79
31.468,0.00785402453660489,0.008963487798373119,-0.0015571816242165742,-0.003946748233097755,341.79
31.472,0.007764024536604883,0.008793487798373115,-0.001297181624216564,-0.004206748233097738,341.79
31.476,0.007514024536604883,0.00871348779837309,-0.0009571816242165571,-0.004286748233097735,341.79
31.48,0.007254024536604873,0.008623487798373112,-0.0005271816242165712,-0.004546748233097745,341.79
31.484,0.006914024536604894,0.008373487798373139,-9.718162421655743e-05,-0.004806748233097755,341.79
31.488,0.0066540245366048835,0.008193487798373126,0.00024281837578344953,-0.005056748233097755,341.79
31.492,0.006574024536604887,0.007943487798373125,0.0006728183757834355,-0.005146748233097734,341.79
31.496,0.006144024536604873,0.007773487798373122,0.001182818375783446,-0.0054067482330977445,341.79
31.5,0.005714024536604887,0.007513487798373112,0.0015228183757834252,-0.005486748233097741,341.79
31.504,0.005464024536604887,0.007433487798373115,0.0016928183757834287,-0.0057467482330977515,341.79
31.508,0.005204024536604877,0.007173487798373105,0.0020328183757834357,-0.005996748233097752,341.79
31.512,0.00486402453660487,0.007003487798373129,0.0023728183757834426,-0.006256748233097734,341.79
31.516,0.004694024536604894,0.006913487798373122,0.002722818375783432,-0.006426748233097738,341.79
31.52,0.004434024536604884,0.006573487798373115,0.0028928183757834353,-0.006686748233097748,341.79
31.524,0.004094024536604877,0.006313487798373105,0.003312818375783439,-0.006856748233097751,341.79
31.528,0.0037540245366048702,0.006233487798373108,0.0038328183757834317,-0.007106748233097752,341.79
31.532,0.0032340245366048776,0.005973487798373126,0.004002818375783435,-0.007286748233097737,341.79
31.536,0.002814024536604874,0.005803487798373122,0.004172818375783438,-0.0075367482330977375,341.79
31.54,0.0025540245366048914,0.005373487798373109,0.004512818375783445,-0.007706748233097741,341.79
31.544,0.002384024536604888,0.004953487798373105,0.004772818375783428,-0.008046748233097749,341.79
31.548,0.002044024536604881,0.0046934877983731225,0.005112818375783435,-0.008306748233097759,341.79
31.552,0.001704024536604874,0.004523487798373119,0.005282818375783438,-0.008306748233097759,341.79
31.556,0.0013540245366048848,0.004183487798373112,0.005712818375783452,-0.008306748233097759,341.79
31.56,0.0011840245366048813,0.0038434877983731055,0.0062228183757834345,-0.008306748233097759,341.79
31.564,0.0008440245366048742,0.003583487798373123,0.006482818375783445,-0.008396748233097738,341.79
31.568,0.0004140245366048883,0.003243487798373116,0.006902818375783448,-0.008646748233097738,341.79
31.572,7.402453660488135e-05,0.0027334877983731056,0.007162818375783431,-0.008736748233097745,341.79
31.576,-5.975463395115394e-06,0.00255348779837312,0.007252818375783438,-0.008906748233097748,341.79
31.58,-0.0002659754633951256,0.002473487798373123,0.007672818375783441,-0.009166748233097759,341.79
31.584,-0.0004359754633951291,0.002133487798373116,0.00801281837578345,-0.009166748233097759,341.79
31.588,-0.0008659754633951151,0.0017934877983731092,0.008192818375783463,-0.009166748233097759,341.79
31.592,-0.001205975463395122,0.00144348779837312,0.008442818375783435,-0.009166748233097759,341.79
31.596,-0.0012859754633951187,0.0012734877983731165,0.008612818375783439,-0.009246748233097755,341.79
31.6,-0.0014659754633951322,0.0009334877983731095,0.008872818375783421,-0.009506748233097738,341.79
31.604,-0.001635975463395108,0.0005934877983731025,0.009132818375783459,-0.009586748233097735,341.79
31.608,-0.0021459754633951183,0.0004234877983731268,0.009382818375783432,-0.009676748233097741,341.79
31.612,-0.0026559754633951288,8.348779837311982e-05,0.009472818375783466,-0.009676748233097741,341.79
31.616,-0.0029159754633951112,-0.0001765122016268904,0.009722818375783438,-0.009586748233097735,341.79
31.62,-0.0031659754633951115,-0.0003465122016268939,0.009812818375783417,-0.009586748233097735,341.79
31.624,-0.003255975463395118,-0.0007765122016268798,0.009812818375783417,-0.009586748233097735,341.79
31.628,-0.003345975463395125,-0.0011165122016268867,0.009812818375783417,-0.009676748233097741,341.79
31.632,-0.003595975463395125,-0.0012865122016268902,0.010072818375783455,-0.009676748233097741,341.79
31.636,-0.0037659754633951287,-0.0016265122016268971,0.010152818375783424,-0.009676748233097741,341.79
31.64,-0.004105975463395108,-0.0019665122016268763,0.010152818375783424,-0.009506748233097738,341.79
31.644,-0.004455975463395125,-0.0023165122016268933,0.010072818375783455,-0.009246748233097755,341.79
31.648,-0.004625975463395129,-0.0026565122016268725,0.010152818375783424,-0.009246748233097755,341.79
31.652,-0.004965975463395108,-0.0029065122016268727,0.010322818375783428,-0.009246748233097755,341.79
31.656,-0.005225975463395118,-0.0032565122016268897,0.010582818375783466,-0.009076748233097752,341.79
31.66,-0.005395975463395122,-0.00350651220162689,0.010582818375783466,-0.008816748233097742,341.79
31.664,-0.005735975463395129,-0.00350651220162689,0.010582818375783466,-0.008816748233097742,341.79
31.668,-0.005985975463395129,-0.0036765122016268934,0.010412818375783462,-0.008736748233097745,341.79
31.672,-0.006335975463395118,-0.003936512201626876,0.010152818375783424,-0.008476748233097735,341.79
31.676,-0.0068459754633951285,-0.0041965122016268865,0.010072818375783455,-0.008396748233097738,341.79
31.68,-0.007015975463395132,-0.0045365122016268935,0.010152818375783424,-0.008306748233097759,341.79
31.684,-0.0072759754633951144,-0.004786512201626894,0.010152818375783424,-0.008046748233097749,341.79
31.688,-0.007445975463395118,-0.004876512201626873,0.010152818375783424,-0.007876748233097745,341.79
31.692,-0.007695975463395118,-0.00521651220162688,0.010152818375783424,-0.007626748233097744,341.79
31.696,-0.007695975463395118,-0.00547651220162689,0.010072818375783455,-0.0075367482330977375,341.79
31.7,-0.007785975463395125,-0.005646512201626893,0.009812818375783417,-0.007456748233097741,341.79
31.704,-0.007865975463395122,-0.005986512201626873,0.009812818375783417,-0.007196748233097758,341.79
31.708,-0.00821597546339511,-0.006246512201626883,0.009722818375783438,-0.007026748233097755,341.79
31.712,-0.008465975463395111,-0.006416512201626886,0.009552818375783435,-0.006766748233097745,341.79
31.716,-0.008635975463395115,-0.00658651220162689,0.009302818375783463,-0.006596748233097741,341.79
31.72,-0.008895975463395125,-0.0070965122016268724,0.009042818375783425,-0.006346748233097741,341.79
31.724,-0.009065975463395128,-0.007436512201626879,0.008872818375783421,-0.0060867482330977584,341.79
31.728,-0.00932597546339511,-0.00769651220162689,0.008612818375783439,-0.005656748233097745,341.79
31.732,-0.009575975463395111,-0.007866512201626893,0.008532818375783414,-0.005576748233097748,341.79
31.736,-0.009835975463395121,-0.008126512201626876,0.008442818375783435,-0.005226748233097759,341.79
31.74,-0.009835975463395121,-0.008206512201626872,0.008102818375783428,-0.0049767482330977586,341.79
31.744,-0.009835975463395121,-0.008466512201626883,0.007842818375783446,-0.004716748233097748,341.79
31.748,-0.009835975463395121,-0.008466512201626883,0.007592818375783445,-0.004546748233097745,341.79
31.752,-0.010175975463395128,-0.00854651220162688,0.007332818375783434,-0.004206748233097738,341.79
31.756,-0.010345975463395132,-0.008636512201626886,0.007252818375783438,-0.003866748233097759,341.79
31.76,-0.010345975463395132,-0.00880651220162689,0.006902818375783448,-0.0037767482330977524,341.79
31.764,-0.010265975463395107,-0.008976512201626893,0.0065628183757834415,-0.0034367482330977454,341.79
31.768,-0.010265975463395107,-0.009236512201626875,0.006392818375783438,-0.003176748233097735,341.79
31.772,-0.010265975463395107,-0.009236512201626875,0.006052818375783431,-0.0030067482330977595,341.79
31.776,-0.010265975463395107,-0.009316512201626872,0.0057928183757834486,-0.0026667482330977525,341.79
31.78,-0.010265975463395107,-0.009576512201626882,0.005712818375783452,-0.002236748233097739,341.79
31.784,-0.010345975463395132,-0.009746512201626886,0.005282818375783438,-0.0018967482330977594,341.79
31.788,-0.010265975463395107,-0.009746512201626886,0.004772818375783428,-0.0016467482330977592,341.79
31.792,-0.010265975463395107,-0.009746512201626886,0.004512818375783445,-0.0012967482330977422,341.79
31.796,-0.010265975463395107,-0.009836512201626893,0.004002818375783435,-0.0009567482330977352,341.79
31.8,-0.010265975463395107,-0.010086512201626893,0.0036628183757834282,-0.000616748233097756,341.79
31.804,-0.010175975463395128,-0.010176512201626872,0.0034928183757834525,-0.0004467482330977526,341.79
31.808,-0.009925975463395128,-0.010426512201626872,0.0032328183757834423,-0.00018674823309774237,341.79
31.812,-0.009925975463395128,-0.010596512201626876,0.0028928183757834353,0.00023325176690226133,341.79
31.816,-0.009925975463395128,-0.010596512201626876,0.002632818375783425,0.0006632517669022473,341.79
31.82,-0.009745975463395114,-0.010426512201626872,0.0023728183757834426,0.0009232517669022576,341.79
31.824,-0.009495975463395114,-0.010086512201626893,0.002292818375783446,0.0011732517669022578,341.79
31.828,-0.009405975463395107,-0.009836512201626893,0.001952818375783439,0.001523251766902247,341.79
31.832,-0.00932597546339511,-0.010006512201626896,0.0015228183757834252,0.0017732517669022472,341.79
31.836,-0.008805975463395118,-0.009836512201626893,0.0012628183757834427,0.002373251766902264,341.79
31.84,-0.008465975463395111,-0.00965651220162688,0.0010928183757834393,0.002883251766902247,341.79
31.844,-0.00821597546339511,-0.00965651220162688,0.0007528183757834322,0.003223251766902254,341.79
31.848,-0.008125975463395132,-0.00965651220162688,0.00041281837578342523,0.0037432517669022465,341.79
31.852,-0.007865975463395122,-0.009406512201626879,7.281837578344605e-05,0.003993251766902247,341.79
31.856,-0.007695975463395118,-0.009316512201626872,-9.718162421655743e-05,0.004343251766902264,341.79
31.86,-0.007525975463395115,-0.009236512201626875,-0.0004371816242165644,0.004763251766902268,341.79
31.864,-0.007525975463395115,-0.008976512201626893,-0.0007871816242165536,0.00502325176690225,341.79
31.868,-0.0072759754633951144,-0.008976512201626893,-0.0009571816242165571,0.005193251766902254,341.79
31.872,-0.007015975463395132,-0.008896512201626896,-0.001297181624216564,0.005533251766902261,341.79
31.876,-0.0068459754633951285,-0.008636512201626886,-0.001637181624216571,0.0060432517669022435,341.79
31.88,-0.006585975463395118,-0.008376512201626876,-0.002067181624216557,0.00639325176690226,341.79
31.884,-0.006415975463395115,-0.008126512201626876,-0.002407181624216564,0.00639325176690226,341.79
31.888,-0.006165975463395115,-0.007956512201626872,-0.002667181624216574,0.006473251766902257,341.79
31.892,-0.005905975463395132,-0.00769651220162689,-0.0030071816242165533,0.006813251766902264,341.79
31.896,-0.005645975463395122,-0.00769651220162689,-0.0032571816242165535,0.00724325176690225,341.79
31.9,-0.005305975463395115,-0.00769651220162689,-0.0035171816242165637,0.007583251766902257,341.79
31.904,-0.0050459754633951324,-0.007606512201626883,-0.0038571816242165707,0.0077532517669022605,341.79
31.908,-0.004875975463395129,-0.007266512201626876,-0.00394718162421655,0.008013251766902242,341.79
31.912,-0.004535975463395122,-0.007016512201626876,-0.0038571816242165707,0.008103251766902277,341.79
31.916,-0.004195975463395115,-0.00683651220162689,-0.00419718162421655,0.008353251766902249,341.79
31.92,-0.003935975463395133,-0.006496512201626883,-0.004547181624216567,0.008523251766902253,341.79
31.924,-0.0034259754633951217,-0.006156512201626876,-0.004717181624216571,0.008783251766902235,341.79
31.928,-0.002995975463395108,-0.005986512201626873,-0.004967181624216571,0.008953251766902239,341.79
31.932,-0.0027459754633951078,-0.00572651220162689,-0.0051371816242165745,0.009213251766902276,341.79
31.936,-0.0024059754633951286,-0.005556512201626887,-0.005487181624216564,0.009213251766902276,341.79
31.94,-0.002225975463395115,-0.005046512201626876,-0.005737181624216564,0.009213251766902276,341.79
31.944,-0.001975975463395115,-0.0045365122016268935,-0.005827181624216571,0.00938325176690228,341.79
31.948,-0.001635975463395108,-0.004446512201626887,-0.006077181624216571,0.009633251766902252,341.79
31.952,-0.001205975463395122,-0.00410651220162688,-0.006337181624216553,0.009723251766902231,341.79
31.956,-0.0008659754633951151,-0.0035965122016268967,-0.0065971816242165636,0.009723251766902231,341.79
31.96,-0.0006059754633951326,-0.0032565122016268897,-0.006767181624216567,0.009633251766902252,341.79
31.964,-0.00034597546339512234,-0.003076512201626876,-0.007107181624216574,0.009633251766902252,341.79
31.968,7.402453660488135e-05,-0.002736512201626897,-0.007447181624216553,0.009723251766902231,341.79
31.972,0.0005040245366048673,-0.0023165122016268933,-0.00753718162421656,0.009723251766902231,341.79
31.976,0.0008440245366048742,-0.002056512201626883,-0.00753718162421656,0.009723251766902231,341.79
31.98,0.0011840245366048813,-0.0018865122016268796,-0.0077071816242165634,0.00998325176690227,341.79
31.984,0.0016140245366048672,-0.0015465122016268726,-0.00778718162421656,0.010063251766902238,341.79
31.988,0.001954024536604874,-0.0011165122016268867,-0.007877181624216566,0.010063251766902238,341.79
31.992,0.0021240245366048777,-0.0007765122016268798,-0.007877181624216566,0.010063251766902238,341.79
31.996,0.0024640245366048846,-0.0003465122016268939,-0.008217181624216573,0.010063251766902238,341.79
32.0,0.0028940245366048706,0.00016348779837311656,-0.008387181624216549,0.010063251766902238,341.79
32.004,0.0032340245366048776,0.0005934877983731025,-0.008387181624216549,0.00998325176690227,341.79
32.008,0.0036640245366048913,0.0008534877983731127,-0.008387181624216549,0.009803251766902256,341.79
32.012,0.00400402453660487,0.0012734877983731165,-0.008647181624216559,0.009803251766902256,341.79
32.016,0.0041740245366048735,0.0017034877983731025,-0.008647181624216559,0.009723251766902231,341.79
32.02,0.0045240245366048905,0.0020434877983731095,-0.008727181624216556,0.009633251766902252,341.79
32.024,0.005034024536604873,0.002213487798373113,-0.008817181624216562,0.009723251766902231,341.79
32.028,0.005464024536604887,0.00255348779837312,-0.009077181624216573,0.009633251766902252,341.79
32.032,0.005804024536604894,0.002903487798373109,-0.009077181624216573,0.00938325176690228,341.79
32.036,0.00597402453660487,0.003243487798373116,-0.009077181624216573,0.009293251766902245,341.79
32.04,0.00597402453660487,0.0034934877983731163,-0.009077181624216573,0.009213251766902276,341.79
32.044,0.006404024536604883,0.0037534877983731265,-0.009077181624216573,0.00886325176690226,341.79
32.048,0.0066540245366048835,0.003923487798373102,-0.009077181624216573,0.008613251766902232,341.79
32.052,0.006914024536604894,0.004263487798373109,-0.00915718162421657,0.008443251766902228,341.79
32.056,0.0069940245366048905,0.004783487798373129,-0.009417181624216552,0.008353251766902249,341.79
32.06,0.007424024536604876,0.005373487798373109,-0.009417181624216552,0.008103251766902277,341.79
32.064,0.007764024536604883,0.005723487798373126,-0.009417181624216552,0.008013251766902242,341.79
32.068,0.007934024536604887,0.005893487798373129,-0.009327181624216573,0.007923251766902263,341.79
32.072,0.008024024536604894,0.006233487798373108,-0.00915718162421657,0.007583251766902257,341.79
32.076,0.00819402453660487,0.006573487798373115,-0.00915718162421657,0.007333251766902257,341.79
32.08,0.008534024536604876,0.0068334877983731255,-0.009077181624216573,0.007163251766902253,341.79
32.084,0.008794024536604859,0.007173487798373105,-0.008987181624216566,0.006903251766902243,341.79
32.088,0.008964024536604862,0.007433487798373115,-0.008987181624216566,0.006643251766902261,341.79
32.092,0.009044024536604887,0.007513487798373112,-0.009077181624216573,0.006303251766902254,341.79
32.096,0.00930402453660487,0.007773487798373122,-0.009077181624216573,0.0060432517669022435,341.79
32.1,0.009394024536604904,0.007943487798373125,-0.008987181624216566,0.005873251766902268,341.79
32.104,0.009394024536604904,0.008023487798373122,-0.008987181624216566,0.005533251766902261,341.79
32.108,0.009644024536604876,0.008193487798373126,-0.008817181624216562,0.005193251766902254,341.79
32.112,0.009734024536604855,0.008373487798373139,-0.008647181624216559,0.004933251766902244,341.79
32.116,0.00981402453660488,0.008623487798373112,-0.008647181624216559,0.004763251766902268,341.79
32.12,0.009904024536604859,0.008623487798373112,-0.008557181624216552,0.004593251766902264,341.79
32.124,0.009904024536604859,0.008793487798373115,-0.008307181624216552,0.004253251766902257,341.79
32.128,0.009904024536604859,0.009053487798373097,-0.008307181624216552,0.0039132517669022504,341.79
32.132,0.010074024536604862,0.009133487798373122,-0.00804718162421657,0.003573251766902243,341.79
32.136,0.010244024536604866,0.009223487798373101,-0.007617181624216557,0.003143251766902257,341.79
32.14,0.010244024536604866,0.009483487798373139,-0.007617181624216557,0.00280325176690225,341.79
32.144,0.010244024536604866,0.009483487798373139,-0.007447181624216553,0.00254325176690224,341.79
32.148,0.010244024536604866,0.009483487798373139,-0.007197181624216553,0.0022032517669022607,341.79
32.152,0.010244024536604866,0.009483487798373139,-0.0069371816242165705,0.001863251766902254,341.79
32.156,0.010244024536604866,0.009563487798373108,-0.00667718162421656,0.001523251766902247,341.79
32.16,0.010164024536604897,0.00982348779837309,-0.0065971816242165636,0.0010032517669022543,341.79
32.164,0.010164024536604897,0.00982348779837309,-0.006257181624216557,0.0006632517669022473,341.79
32.168,0.010244024536604866,0.00982348779837309,-0.006077181624216571,0.0005832517669022506,341.79
32.172,0.010244024536604866,0.00982348779837309,-0.00616718162421655,0.0001532517669022646,341.79
32.176,0.010244024536604866,0.00982348779837309,-0.005827181624216571,-0.00018674823309774237,341.79
32.18,0.010164024536604897,0.009903487798373115,-0.005487181624216564,-0.0002767482330977491,341.79
32.184,0.009904024536604859,0.009993487798373094,-0.00531718162421656,-0.000616748233097756,341.79
32.188,0.00981402453660488,0.009993487798373094,-0.004967181624216571,-0.0008767482330977385,341.79
32.192,0.00981402453660488,0.009903487798373115,-0.004717181624216571,-0.0011267482330977387,341.79
32.196,0.009564024536604907,0.009903487798373115,-0.0044571816242165605,-0.0014667482330977457,341.79
32.2,0.00930402453660487,0.009653487798373142,-0.004117181624216554,-0.001726748233097756,341.79
32.204,0.009044024536604887,0.009563487798373108,-0.0038571816242165707,-0.0018967482330977594,341.79
32.208,0.008874024536604883,0.009563487798373108,-0.003777181624216574,-0.002156748233097742,341.79
32.212,0.00870402453660488,0.009563487798373108,-0.0033471816242165602,-0.0024067482330977423,341.79
32.216,0.008534024536604876,0.009393487798373104,-0.002747181624216571,-0.002836748233097756,341.79
32.22,0.008284024536604904,0.009133487798373122,-0.002407181624216564,-0.0030967482330977385,341.79
32.224,0.008454024536604907,0.009053487798373097,-0.002067181624216557,-0.0033467482330977387,341.79
32.228,0.008284024536604904,0.009053487798373097,-0.00172718162421655,-0.003526748233097752,341.79
32.232,0.00810402453660489,0.009053487798373097,-0.001297181624216564,-0.0037767482330977524,341.79
32.236,0.007764024536604883,0.008793487798373115,-0.0009571816242165571,-0.003946748233097755,341.79
32.24,0.007514024536604883,0.008543487798373143,-0.0006971816242165746,-0.004206748233097738,341.79
32.244,0.00734402453660488,0.008283487798373105,-0.0004371816242165644,-0.004286748233097735,341.79
32.248,0.0070840245366048694,0.008283487798373105,-1.7181624216560694e-05,-0.004546748233097745,341.79
32.252,0.0069940245366048905,0.008113487798373129,0.00041281837578342523,-0.004806748233097755,341.79
32.256,0.0066540245366048835,0.007853487798373119,0.0007528183757834322,-0.005056748233097755,341.79
32.26,0.006144024536604873,0.007773487798373122,0.0010928183757834393,-0.005146748233097734,341.79
32.264,0.005804024536604894,0.007513487798373112,0.0013528183757834495,-0.0054067482330977445,341.79
32.268,0.005714024536604887,0.007433487798373115,0.001612818375783432,-0.005656748233097745,341.79
32.272,0.00537402453660488,0.007083487798373126,0.001952818375783439,-0.005916748233097755,341.79
32.276,0.00511402453660487,0.006913487798373122,0.002292818375783446,-0.005996748233097752,341.79
32.28,0.004944024536604894,0.0068334877983731255,0.002722818375783432,-0.006256748233097734,341.79
32.284,0.004604024536604887,0.006573487798373115,0.0032328183757834423,-0.006426748233097738,341.79
32.288,0.004094024536604877,0.006313487798373105,0.0036628183757834282,-0.006686748233097748,341.79
32.292,0.0036640245366048913,0.006233487798373108,0.0038328183757834317,-0.006766748233097745,341.79
32.296,0.003404024536604881,0.005973487798373126,0.003742818375783425,-0.007196748233097758,341.79
32.3,0.0032340245366048776,0.005723487798373126,0.0040828183757834315,-0.0075367482330977375,341.79
32.304,0.0028940245366048706,0.005373487798373109,0.004512818375783445,-0.007626748233097744,341.79
32.308,0.0025540245366048914,0.0050334877983731294,0.004772818375783428,-0.007876748233097745,341.79
32.312,0.002044024536604881,0.004863487798373126,0.005112818375783435,-0.008046748233097749,341.79
32.316,0.0016140245366048672,0.004523487798373119,0.005372818375783445,-0.008306748233097759,341.79
32.32,0.0013540245366048848,0.004183487798373112,0.0058828183757834275,-0.008396748233097738,341.79
32.324,0.0011040245366048845,0.003923487798373102,0.006392818375783438,-0.008396748233097738,341.79
32.328,0.0007640245366048775,0.0037534877983731265,0.0065628183757834415,-0.008396748233097738,341.79
32.332,0.000594024536604874,0.0034134877983731196,0.006822818375783452,-0.008476748233097735,341.79
32.336,0.0003340245366048916,0.0031534877983731093,0.007162818375783431,-0.008646748233097738,341.79
32.34,-5.975463395115394e-06,0.002983487798373106,0.007332818375783434,-0.008736748233097745,341.79
32.344,-0.0002659754633951256,0.0026434877983731266,0.007592818375783445,-0.008906748233097748,341.79
32.348,-0.0005259754633951081,0.002213487798373113,0.007762818375783448,-0.009166748233097759,341.79
32.352,-0.0007759754633951083,0.0019634877983731127,0.008192818375783463,-0.009166748233097759,341.79
32.356,-0.0008659754633951151,0.0016134877983731235,0.008532818375783414,-0.009076748233097752,341.79
32.36,-0.0011159754633951152,0.0013634877983731233,0.008702818375783418,-0.009076748233097752,341.79
32.364,-0.0012859754633951187,0.0012734877983731165,0.008872818375783421,-0.009246748233097755,341.79
32.368,-0.001635975463395108,0.0009334877983731095,0.009042818375783425,-0.009506748233097738,341.79
32.372,-0.001975975463395115,0.0005934877983731025,0.009302818375783463,-0.009586748233097735,341.79
32.376,-0.0024059754633951286,0.0004234877983731268,0.009382818375783432,-0.009676748233097741,341.79
32.38,-0.0027459754633951078,8.348779837311982e-05,0.009382818375783432,-0.009586748233097735,341.79
32.384,-0.0028259754633951323,-0.00025651220162688714,0.009472818375783466,-0.009586748233097735,341.79
32.388,-0.0031659754633951115,-0.0003465122016268939,0.009722818375783438,-0.009586748233097735,341.79
32.392,-0.0034259754633951217,-0.0006865122016268731,0.009812818375783417,-0.009586748233097735,341.79
32.396,-0.003595975463395125,-0.0009465122016268833,0.009892818375783442,-0.009586748233097735,341.79
32.4,-0.0037659754633951287,-0.0012865122016268902,0.010152818375783424,-0.009586748233097735,341.79
32.404,-0.004105975463395108,-0.0017965122016268729,0.010152818375783424,-0.009586748233097735,341.79
32.408,-0.004285975463395122,-0.002056512201626883,0.010152818375783424,-0.009416748233097759,341.79
32.412,-0.004625975463395129,-0.0023165122016268933,0.010072818375783455,-0.009166748233097759,341.79
32.416,-0.004875975463395129,-0.002486512201626897,0.010072818375783455,-0.009166748233097759,341.79
32.42,-0.0050459754633951324,-0.002826512201626876,0.010152818375783424,-0.009166748233097759,341.79
32.424,-0.005395975463395122,-0.003076512201626876,0.010152818375783424,-0.009076748233097752,341.79
32.428,-0.005645975463395122,-0.003076512201626876,0.010152818375783424,-0.008906748233097748,341.79
32.432,-0.005905975463395132,-0.003166512201626883,0.010152818375783424,-0.008906748233097748,341.79
32.436,-0.006335975463395118,-0.003426512201626893,0.010152818375783424,-0.008736748233097745,341.79
32.44,-0.0065059754633951215,-0.0035965122016268967,0.010152818375783424,-0.008476748233097735,341.79
32.444,-0.006755975463395122,-0.004016512201626873,0.010072818375783455,-0.008396748233097738,341.79
32.448,-0.007015975463395132,-0.00436651220162689,0.010072818375783455,-0.008396748233097738,341.79
32.452,-0.007355975463395111,-0.0045365122016268935,0.010152818375783424,-0.008136748233097756,341.79
32.456,-0.007615975463395121,-0.004876512201626873,0.010072818375783455,-0.007876748233097745,341.79
32.46,-0.007785975463395125,-0.00521651220162688,0.009892818375783442,-0.007626748233097744,341.79
32.464,-0.007785975463395125,-0.005556512201626887,0.009812818375783417,-0.007456748233097741,341.79
32.468,-0.007865975463395122,-0.005646512201626893,0.009722818375783438,-0.007196748233097758,341.79
32.472,-0.008125975463395132,-0.005896512201626894,0.009642818375783414,-0.007196748233097758,341.79
32.476,-0.008295975463395108,-0.006076512201626879,0.009382818375783432,-0.007026748233097755,341.79
32.48,-0.008635975463395115,-0.006416512201626886,0.009212818375783428,-0.006766748233097745,341.79
32.484,-0.008895975463395125,-0.00683651220162689,0.008952818375783446,-0.006516748233097744,341.79
32.488,-0.009065975463395128,-0.007266512201626876,0.008872818375783421,-0.0060867482330977584,341.79
32.492,-0.00932597546339511,-0.007606512201626883,0.008612818375783439,-0.005826748233097748,341.79
32.496,-0.00932597546339511,-0.007776512201626886,0.008362818375783466,-0.005576748233097748,341.79
32.5,-0.009495975463395114,-0.008036512201626897,0.008362818375783466,-0.0054067482330977445,341.79
32.504,-0.009745975463395114,-0.008126512201626876,0.008192818375783463,-0.005056748233097755,341.79
32.508,-0.009835975463395121,-0.008376512201626876,0.00801281837578345,-0.004806748233097755,341.79
32.512,-0.009835975463395121,-0.008376512201626876,0.007672818375783441,-0.004636748233097752,341.79
32.516,-0.009925975463395128,-0.008376512201626876,0.007422818375783441,-0.004206748233097738,341.79
32.52,-0.010175975463395128,-0.00854651220162688,0.007252818375783438,-0.003866748233097759,341.79
32.524,-0.010175975463395128,-0.00880651220162689,0.006902818375783448,-0.0037767482330977524,341.79
32.528,-0.010175975463395128,-0.008976512201626893,0.006652818375783448,-0.003526748233097752,341.79
32.532,-0.010175975463395128,-0.009236512201626875,0.006482818375783445,-0.003176748233097735,341.79
32.536,-0.010175975463395128,-0.009316512201626872,0.006052818375783431,-0.0030067482330977595,341.79
32.54,-0.010175975463395128,-0.009576512201626882,0.005712818375783452,-0.0026667482330977525,341.79
32.544,-0.010175975463395128,-0.009746512201626886,0.005622818375783445,-0.002236748233097739,341.79
32.548,-0.010265975463395107,-0.009746512201626886,0.005372818375783445,-0.0018967482330977594,341.79
32.552,-0.010345975463395132,-0.009836512201626893,0.005022818375783428,-0.001726748233097756,341.79
32.556,-0.010265975463395107,-0.010086512201626893,0.0044328183757834485,-0.0014667482330977457,341.79
32.56,-0.010265975463395107,-0.010086512201626893,0.004172818375783438,-0.0009567482330977352,341.79
32.564,-0.010265975463395107,-0.010086512201626893,0.003912818375783428,-0.000616748233097756,341.79
32.568,-0.010265975463395107,-0.010086512201626893,0.0035728183757834492,-0.0005267482330977493,341.79
32.572,-0.010345975463395132,-0.010256512201626896,0.0032328183757834423,-0.00010674823309774563,341.79
32.576,-0.010095975463395131,-0.010516512201626879,0.003062818375783439,0.0003232517669022403,341.79
32.58,-0.009665975463395118,-0.010596512201626876,0.003062818375783439,0.0005832517669022506,341.79
32.584,-0.009665975463395118,-0.010596512201626876,0.002722818375783432,0.0009232517669022576,341.79
32.588,-0.009495975463395114,-0.010596512201626876,0.0023728183757834426,0.0011732517669022578,341.79
32.592,-0.009235975463395132,-0.010596512201626876,0.0021228183757834424,0.001523251766902247,341.79
32.596,-0.00932597546339511,-0.010426512201626872,0.001952818375783439,0.0017732517669022472,341.79
32.6,-0.008985975463395132,-0.010256512201626896,0.001612818375783432,0.002373251766902264,341.79
32.604,-0.008635975463395115,-0.010176512201626872,0.001182818375783446,0.0030532517669022504,341.79
32.608,-0.008465975463395111,-0.00991651220162689,0.0009228183757834357,0.003573251766902243,341.79
32.612,-0.00821597546339511,-0.009746512201626886,0.0006728183757834355,0.0039132517669022504,341.79
32.616,-0.008045975463395107,-0.00965651220162688,0.00024281837578344953,0.004163251766902251,341.79
32.62,-0.007865975463395122,-0.00965651220162688,-0.00018718162421656418,0.004253251766902257,341.79
32.624,-0.008045975463395107,-0.009406512201626879,-0.0004371816242165644,0.004343251766902264,341.79
32.628,-0.007865975463395122,-0.009236512201626875,-0.0005271816242165712,0.004763251766902268,341.79
32.632,-0.007695975463395118,-0.008976512201626893,-0.0007871816242165536,0.005193251766902254,341.79
32.636,-0.007355975463395111,-0.008976512201626893,-0.0011271816242165605,0.005533251766902261,341.79
32.64,-0.007105975463395111,-0.008896512201626896,-0.00172718162421655,0.0060432517669022435,341.79
32.644,-0.006925975463395125,-0.008636512201626886,-0.00197718162421655,0.00639325176690226,341.79
32.648,-0.006585975463395118,-0.008376512201626876,-0.0022371816242165604,0.00639325176690226,341.79
32.652,-0.006245975463395111,-0.008296512201626879,-0.0024971816242165706,0.006473251766902257,341.79
32.656,-0.005985975463395129,-0.008376512201626876,-0.002667181624216574,0.006813251766902264,341.79
32.66,-0.005645975463395122,-0.008036512201626897,-0.0030071816242165533,0.007073251766902247,341.79
32.664,-0.005475975463395118,-0.007776512201626886,-0.0032571816242165535,0.007333251766902257,341.79
32.668,-0.005225975463395118,-0.007606512201626883,-0.003437181624216567,0.007673251766902264,341.79
32.672,-0.004875975463395129,-0.007266512201626876,-0.003777181624216574,0.007923251766902263,341.79
32.676,-0.004535975463395122,-0.007016512201626876,-0.004027181624216575,0.008103251766902277,341.79
32.68,-0.004455975463395125,-0.00683651220162689,-0.00419718162421655,0.008353251766902249,341.79
32.684,-0.004105975463395108,-0.00658651220162689,-0.004377181624216564,0.008613251766902232,341.79
32.688,-0.003685975463395132,-0.006496512201626883,-0.004627181624216564,0.008783251766902235,341.79
32.692,-0.003345975463395125,-0.006156512201626876,-0.004717181624216571,0.008783251766902235,341.79
32.696,-0.002995975463395108,-0.005816512201626897,-0.00505718162421655,0.008953251766902239,341.79
32.7,-0.002575975463395132,-0.005556512201626887,-0.00531718162421656,0.009213251766902276,341.79
32.704,-0.0024059754633951286,-0.00521651220162688,-0.00556718162421656,0.009213251766902276,341.79
32.708,-0.0020559754633951116,-0.004786512201626894,-0.005827181624216571,0.009293251766902245,341.79
32.712,-0.0017159754633951324,-0.004446512201626887,-0.005907181624216567,0.009553251766902228,341.79
32.716,-0.0013759754633951254,-0.004276512201626883,-0.006257181624216557,0.009633251766902252,341.79
32.72,-0.0011159754633951152,-0.0036765122016268934,-0.0065971816242165636,0.009723251766902231,341.79
32.724,-0.0007759754633951083,-0.0032565122016268897,-0.006767181624216567,0.009723251766902231,341.79
32.728,-0.00034597546339512234,-0.003076512201626876,-0.007017181624216567,0.009633251766902252,341.79
32.732,-5.975463395115394e-06,-0.002736512201626897,-0.007107181624216574,0.009723251766902231,341.79
32.736,0.0003340245366048916,-0.00239651220162689,-0.0073671816242165565,0.009723251766902231,341.79
32.74,0.0007640245366048775,-0.00213651220162688,-0.00753718162421656,0.009723251766902231,341.79
32.744,0.0011040245366048845,-0.0018865122016268796,-0.007617181624216557,0.00998325176690227,341.79
32.748,0.0013540245366048848,-0.0015465122016268726,-0.007877181624216566,0.010063251766902238,341.79
32.752,0.001704024536604874,-0.0011165122016268867,-0.007877181624216566,0.010063251766902238,341.79
32.756,0.002044024536604881,-0.0006865122016268731,-0.007877181624216566,0.010063251766902238,341.79
32.76,0.0024640245366048846,-0.00025651220162688714,-0.007957181624216563,0.010063251766902238,341.79
32.764,0.0028940245366048706,8.348779837311982e-05,-0.008217181624216573,0.010063251766902238,341.79
32.768,0.0032340245366048776,0.00033348779837312004,-0.008307181624216552,0.00998325176690227,341.79
32.772,0.0035840245366048945,0.0005934877983731025,-0.008387181624216549,0.009723251766902231,341.79
32.776,0.003834024536604867,0.0009334877983731095,-0.008647181624216559,0.009723251766902231,341.79
32.78,0.0041740245366048735,0.0013634877983731233,-0.008647181624216559,0.009633251766902252,341.79
32.784,0.0045240245366048905,0.0017934877983731092,-0.008727181624216556,0.009633251766902252,341.79
32.788,0.004944024536604894,0.002133487798373116,-0.008817181624216562,0.009723251766902231,341.79
32.792,0.005204024536604877,0.002473487798373123,-0.009077181624216573,0.009633251766902252,341.79
32.796,0.005284024536604873,0.002903487798373109,-0.009077181624216573,0.00938325176690228,341.79
32.8,0.005464024536604887,0.0031534877983731093,-0.009077181624216573,0.009293251766902245,341.79
32.804,0.005804024536604894,0.0031534877983731093,-0.009077181624216573,0.009293251766902245,341.79
32.808,0.006144024536604873,0.0034134877983731196,-0.009247181624216548,0.009123251766902242,341.79
32.812,0.006404024536604883,0.0038434877983731055,-0.009497181624216549,0.008693251766902256,341.79
32.816,0.006574024536604887,0.004183487798373112,-0.009497181624216549,0.008443251766902228,341.79
32.82,0.006914024536604894,0.004613487798373126,-0.009587181624216555,0.008353251766902249,341.79
32.824,0.007254024536604873,0.0050334877983731294,-0.009587181624216555,0.008103251766902277,341.79
32.828,0.007514024536604883,0.005463487798373115,-0.009497181624216549,0.008013251766902242,341.79
32.832,0.007764024536604883,0.005893487798373129,-0.009497181624216549,0.0077532517669022605,341.79
32.836,0.00785402453660489,0.006143487798373129,-0.009497181624216549,0.00750325176690226,341.79
32.84,0.00810402453660489,0.006403487798373112,-0.009497181624216549,0.00724325176690225,341.79
32.844,0.008284024536604904,0.006743487798373119,-0.009587181624216555,0.007163251766902253,341.79
32.848,0.008534024536604876,0.006913487798373122,-0.009497181624216549,0.006903251766902243,341.79
32.852,0.00870402453660488,0.007083487798373126,-0.009417181624216552,0.006643251766902261,341.79
32.856,0.008964024536604862,0.007343487798373108,-0.00915718162421657,0.006303251766902254,341.79
32.86,0.009134024536604866,0.007603487798373118,-0.00915718162421657,0.0060432517669022435,341.79
32.864,0.009394024536604904,0.007853487798373119,-0.00915718162421657,0.005963251766902247,341.79
32.868,0.009394024536604904,0.008023487798373122,-0.00915718162421657,0.0056232517669022675,341.79
32.872,0.009394024536604904,0.008373487798373139,-0.00915718162421657,0.005193251766902254,341.79
32.876,0.009564024536604907,0.008623487798373112,-0.00915718162421657,0.004763251766902268,341.79
32.88,0.00981402453660488,0.00871348779837309,-0.008987181624216566,0.004513251766902268,341.79
32.884,0.009904024536604859,0.00871348779837309,-0.008727181624216556,0.004593251766902264,341.79
32.888,0.009984024536604883,0.00871348779837309,-0.008727181624216556,0.004343251766902264,341.79
32.892,0.009984024536604883,0.008883487798373094,-0.008557181624216552,0.003993251766902247,341.79
32.896,0.010074024536604862,0.009053487798373097,-0.008307181624216552,0.003573251766902243,341.79
32.9,0.010244024536604866,0.009053487798373097,-0.008137181624216549,0.003223251766902254,341.79
32.904,0.010244024536604866,0.009223487798373101,-0.00778718162421656,0.0029732517669022536,341.79
32.908,0.010164024536604897,0.009483487798373139,-0.00753718162421656,0.0026332517669022466,341.79
32.912,0.010244024536604866,0.009483487798373139,-0.007447181624216553,0.0022832517669022574,341.79
32.916,0.010244024536604866,0.009483487798373139,-0.007197181624216553,0.0019432517669022507,341.79
32.92,0.010244024536604866,0.009483487798373139,-0.007017181624216567,0.001523251766902247,341.79
32.924,0.010244024536604866,0.009563487798373108,-0.006767181624216567,0.0011732517669022578,341.79
32.928,0.010244024536604866,0.00982348779837309,-0.0065971816242165636,0.0010032517669022543,341.79
32.932,0.010244024536604866,0.00982348779837309,-0.006257181624216557,0.0006632517669022473,341.79
32.936,0.010244024536604866,0.009903487798373115,-0.006077181624216571,0.0003232517669022403,341.79
32.94,0.010244024536604866,0.009993487798373094,-0.006077181624216571,0.00023325176690226133,341.79
32.944,0.010164024536604897,0.009993487798373094,-0.005827181624216571,-0.00018674823309774237,341.79
32.948,0.009904024536604859,0.009993487798373094,-0.005487181624216564,-0.0005267482330977493,341.79
32.952,0.00981402453660488,0.009993487798373094,-0.00531718162421656,-0.000616748233097756,341.79
32.956,0.00981402453660488,0.009993487798373094,-0.004967181624216571,-0.001046748233097742,341.79
32.96,0.009564024536604907,0.009903487798373115,-0.004627181624216564,-0.001386748233097749,341.79
32.964,0.009394024536604904,0.009903487798373115,-0.004287181624216557,-0.0015567482330977524,341.79
32.968,0.009134024536604866,0.00982348779837309,-0.004027181624216575,-0.0018167482330977349,341.79
32.972,0.009134024536604866,0.009563487798373108,-0.003687181624216567,-0.0018967482330977594,341.79
32.976,0.008964024536604862,0.009563487798373108,-0.0033471816242165602,-0.002156748233097742,341.79
32.98,0.00870402453660488,0.009563487798373108,-0.0030071816242165533,-0.0024067482330977423,341.79
32.984,0.008534024536604876,0.009563487798373108,-0.0025771816242165673,-0.002926748233097735,341.79
32.988,0.008454024536604907,0.009483487798373139,-0.0021471816242165536,-0.0030967482330977385,341.79
32.992,0.008534024536604876,0.009223487798373101,-0.0018971816242165534,-0.0033467482330977387,341.79
32.996,0.00819402453660487,0.009223487798373101,-0.001637181624216571,-0.003606748233097749,341.79
33.0,0.00810402453660489,0.009133487798373122,-0.001297181624216564,-0.003866748233097759,341.79
33.004,0.00785402453660489,0.008883487798373094,-0.0008671816242165504,-0.003946748233097755,341.79
33.008,0.007514024536604883,0.00871348779837309,-0.0004371816242165644,-0.004206748233097738,341.79
33.012,0.007254024536604873,0.008623487798373112,-9.718162421655743e-05,-0.004376748233097741,341.79
33.016,0.006914024536604894,0.008373487798373139,0.0001528183757834428,-0.004636748233097752,341.79
33.02,0.0066540245366048835,0.008283487798373105,0.000502818375783432,-0.004806748233097755,341.79
33.024,0.00648402453660488,0.008023487798373122,0.0010128183757834425,-0.005056748233097755,341.79
33.028,0.006144024536604873,0.007853487798373119,0.001182818375783446,-0.005146748233097734,341.79
33.032,0.005884024536604891,0.007603487798373118,0.0015228183757834252,-0.0054067482330977445,341.79
33.036,0.00563402453660489,0.007343487798373108,0.0020328183757834357,-0.005656748233097745,341.79
33.04,0.005284024536604873,0.007083487798373126,0.0024628183757834494,-0.005916748233097755,341.79
33.044,0.005034024536604873,0.007083487798373126,0.0028028183757834286,-0.005996748233097752,341.79
33.048,0.004944024536604894,0.007003487798373129,0.003062818375783439,-0.006256748233097734,341.79
33.052,0.004604024536604887,0.0068334877983731255,0.0031428183757834355,-0.006516748233097744,341.79
33.056,0.004094024536604877,0.006573487798373115,0.0032328183757834423,-0.006766748233097745,341.79
33.06,0.0036640245366048913,0.006143487798373129,0.0035728183757834492,-0.006856748233097751,341.79
33.064,0.0032340245366048776,0.005893487798373129,0.003912818375783428,-0.007106748233097752,341.79
33.068,0.0028940245366048706,0.005723487798373126,0.0044328183757834485,-0.007286748233097737,341.79
33.072,0.002814024536604874,0.005373487798373109,0.004772818375783428,-0.007626748233097744,341.79
33.076,0.0024640245366048846,0.005123487798373108,0.004942818375783431,-0.007876748233097745,341.79
33.08,0.0021240245366048777,0.0050334877983731294,0.005282818375783438,-0.008046748233097749,341.79
33.084,0.001704024536604874,0.0046934877983731225,0.005542818375783448,-0.008306748233097759,341.79
33.088,0.0013540245366048848,0.004183487798373112,0.0058828183757834275,-0.008396748233097738,341.79
33.092,0.0011040245366048845,0.0038434877983731055,0.006392818375783438,-0.008646748233097738,341.79
33.096,0.0007640245366048775,0.0036734877983731298,0.006652818375783448,-0.008646748233097738,341.79
33.1,0.0003340245366048916,0.003323487798373113,0.006902818375783448,-0.008646748233097738,341.79
33.104,-5.975463395115394e-06,0.0030734877983731126,0.007252818375783438,-0.008646748233097738,341.79
33.108,-9.597546339512214e-05,0.0028134877983731024,0.007592818375783445,-0.008816748233097742,341.79
33.112,-0.00034597546339512234,0.0023034877983731197,0.007842818375783446,-0.009076748233097752,341.79
33.116,-0.0004359754633951291,0.002213487798373113,0.008102818375783428,-0.009166748233097759,341.79
33.12,-0.0008659754633951151,0.002133487798373116,0.008192818375783463,-0.009166748233097759,341.79
33.124,-0.001205975463395122,0.0017934877983731092,0.008442818375783435,-0.009246748233097755,341.79
33.128,-0.0013759754633951254,0.00144348779837312,0.008532818375783414,-0.009506748233097738,341.79
33.132,-0.0017159754633951324,0.0012734877983731165,0.008782818375783442,-0.009506748233097738,341.79
33.136,-0.001975975463395115,0.0009334877983731095,0.009042818375783425,-0.009506748233097738,341.79
33.14,-0.002225975463395115,0.0005034877983731235,0.009302818375783463,-0.009586748233097735,341.79
33.144,-0.0027459754633951078,0.0002534877983731233,0.009382818375783432,-0.009676748233097741,341.79
33.148,-0.002995975463395108,-6.512201626886914e-06,0.009552818375783435,-0.009676748233097741,341.79
33.152,-0.003255975463395118,-0.00025651220162688714,0.009552818375783435,-0.009676748233097741,341.79
33.156,-0.003255975463395118,-0.0003465122016268939,0.009812818375783417,-0.009926748233097742,341.79
33.16,-0.0034259754633951217,-0.0006865122016268731,0.009812818375783417,-0.009926748233097742,341.79
33.164,-0.003685975463395132,-0.0011165122016268867,0.009892818375783442,-0.009846748233097745,341.79
33.168,-0.003935975463395133,-0.0016265122016268971,0.010072818375783455,-0.009586748233097735,341.79
33.172,-0.004105975463395108,-0.002056512201626883,0.010152818375783424,-0.009586748233097735,341.79
33.176,-0.0043659754633951185,-0.0023165122016268933,0.010152818375783424,-0.009586748233097735,341.79
33.18,-0.004625975463395129,-0.002486512201626897,0.010152818375783424,-0.009586748233097735,341.79
33.184,-0.004965975463395108,-0.002826512201626876,0.010152818375783424,-0.009336748233097734,341.79
33.188,-0.005305975463395115,-0.003076512201626876,0.010152818375783424,-0.009246748233097755,341.79
33.192,-0.005565975463395125,-0.003076512201626876,0.010152818375783424,-0.009246748233097755,341.79
33.196,-0.005735975463395129,-0.003166512201626883,0.010072818375783455,-0.009166748233097759,341.79
33.2,-0.005985975463395129,-0.0035965122016268967,0.010072818375783455,-0.008906748233097748,341.79
33.204,-0.006335975463395118,-0.004016512201626873,0.010152818375783424,-0.008736748233097745,341.79
33.208,-0.0068459754633951285,-0.0041965122016268865,0.010152818375783424,-0.008476748233097735,341.79
33.212,-0.007015975463395132,-0.0045365122016268935,0.010152818375783424,-0.008396748233097738,341.79
33.216,-0.0072759754633951144,-0.004786512201626894,0.010152818375783424,-0.008226748233097735,341.79
33.22,-0.007445975463395118,-0.004876512201626873,0.010072818375783455,-0.007966748233097752,341.79
33.224,-0.007695975463395118,-0.00521651220162688,0.009812818375783417,-0.007876748233097745,341.79
33.228,-0.007785975463395125,-0.00547651220162689,0.009812818375783417,-0.007626748233097744,341.79
33.232,-0.007955975463395128,-0.00572651220162689,0.009812818375783417,-0.007456748233097741,341.79
33.236,-0.00821597546339511,-0.006076512201626879,0.009642818375783414,-0.007196748233097758,341.79
33.24,-0.008385975463395114,-0.006416512201626886,0.009382818375783432,-0.007106748233097752,341.79
33.244,-0.008555975463395118,-0.006496512201626883,0.009302818375783463,-0.006856748233097751,341.79
33.248,-0.008635975463395115,-0.006926512201626897,0.009042818375783425,-0.006596748233097741,341.79
33.252,-0.008895975463395125,-0.007356512201626883,0.008782818375783442,-0.006346748233097741,341.79
33.256,-0.009065975463395128,-0.00769651220162689,0.008532818375783414,-0.0060867482330977584,341.79
33.26,-0.00932597546339511,-0.007956512201626872,0.008362818375783466,-0.0057467482330977515,341.79
33.264,-0.009575975463395111,-0.008126512201626876,0.008192818375783463,-0.005656748233097745,341.79
33.268,-0.009745975463395114,-0.008376512201626876,0.008362818375783466,-0.005146748233097734,341.79
33.272,-0.009745975463395114,-0.00854651220162688,0.008102818375783428,-0.005056748233097755,341.79
33.276,-0.009745975463395114,-0.008636512201626886,0.007762818375783448,-0.004716748233097748,341.79
33.28,-0.009925975463395128,-0.008636512201626886,0.007672818375783441,-0.004376748233097741,341.79
33.284,-0.010175975463395128,-0.008896512201626896,0.007252818375783438,-0.004206748233097738,341.79
33.288,-0.010175975463395128,-0.008976512201626893,0.006902818375783448,-0.003866748233097759,341.79
33.292,-0.010175975463395128,-0.009236512201626875,0.006732818375783445,-0.003606748233097749,341.79
33.296,-0.010265975463395107,-0.009406512201626879,0.0065628183757834415,-0.0033467482330977387,341.79
33.3,-0.010265975463395107,-0.009746512201626886,0.006482818375783445,-0.0030067482330977595,341.79
33.304,-0.010265975463395107,-0.00991651220162689,0.006052818375783431,-0.0026667482330977525,341.79
33.308,-0.010265975463395107,-0.010006512201626896,0.005622818375783445,-0.0025867482330977558,341.79
33.312,-0.010265975463395107,-0.010086512201626893,0.005372818375783445,-0.002236748233097739,341.79
33.316,-0.010265975463395107,-0.010086512201626893,0.005022818375783428,-0.0018167482330977349,341.79
33.32,-0.010345975463395132,-0.010086512201626893,0.004512818375783445,-0.001386748233097749,341.79
33.324,-0.01043597546339511,-0.010086512201626893,0.004342818375783442,-0.0011267482330977387,341.79
33.328,-0.010265975463395107,-0.010086512201626893,0.004002818375783435,-0.0009567482330977352,341.79
33.332,-0.010265975463395107,-0.010176512201626872,0.003742818375783425,-0.000616748233097756,341.79
33.336,-0.010265975463395107,-0.010256512201626896,0.0035728183757834492,-0.00010674823309774563,341.79
33.34,-0.010175975463395128,-0.010256512201626896,0.0032328183757834423,0.0003232517669022403,341.79
33.344,-0.009925975463395128,-0.010516512201626879,0.0028928183757834353,0.0005832517669022506,341.79
33.348,-0.009835975463395121,-0.010516512201626879,0.002722818375783432,0.0006632517669022473,341.79
33.352,-0.009835975463395121,-0.010426512201626872,0.002722818375783432,0.001093251766902261,341.79
33.356,-0.009745975463395114,-0.010256512201626896,0.0023728183757834426,0.001523251766902247,341.79
33.36,-0.009495975463395114,-0.010346512201626875,0.0020328183757834357,0.001863251766902254,341.79
33.364,-0.009405975463395107,-0.010256512201626896,0.0016928183757834287,0.002373251766902264,341.79
33.368,-0.009065975463395128,-0.010086512201626893,0.0014328183757834462,0.0030532517669022504,341.79
33.372,-0.008725975463395121,-0.009836512201626893,0.0010928183757834393,0.003483251766902264,341.79
33.376,-0.008555975463395118,-0.009746512201626886,0.0007528183757834322,0.003573251766902243,341.79
33.38,-0.008385975463395114,-0.00965651220162688,0.00041281837578342523,0.003573251766902243,341.79
33.384,-0.008125975463395132,-0.009406512201626879,0.00032281837578344624,0.0039132517669022504,341.79
33.388,-0.007865975463395122,-0.009316512201626872,-9.718162421655743e-05,0.004343251766902264,341.79
33.392,-0.007865975463395122,-0.009236512201626875,-0.0004371816242165644,0.004763251766902268,341.79
33.396,-0.007695975463395118,-0.008976512201626893,-0.0006171816242165502,0.005103251766902247,341.79
33.4,-0.007445975463395118,-0.008976512201626893,-0.0009571816242165571,0.005533251766902261,341.79
33.404,-0.007355975463395111,-0.00880651220162689,-0.001297181624216564,0.005873251766902268,341.79
33.408,-0.007015975463395132,-0.00854651220162688,-0.001637181624216571,0.0060432517669022435,341.79
33.412,-0.006675975463395125,-0.008376512201626876,-0.00197718162421655,0.006303251766902254,341.79
33.416,-0.006415975463395115,-0.008206512201626872,-0.0021471816242165536,0.006563251766902264,341.79
33.42,-0.006165975463395115,-0.008036512201626897,-0.002407181624216564,0.006813251766902264,341.79
33.424,-0.006075975463395108,-0.007776512201626886,-0.002667181624216574,0.006903251766902243,341.79
33.428,-0.005735975463395129,-0.007776512201626886,-0.0030071816242165533,0.00724325176690225,341.79
33.432,-0.005395975463395122,-0.007606512201626883,-0.0033471816242165602,0.00750325176690226,341.79
33.436,-0.005225975463395118,-0.007356512201626883,-0.0036071816242165705,0.007673251766902264,341.79
33.44,-0.004875975463395129,-0.007186512201626879,-0.0038571816242165707,0.007923251766902263,341.79
33.444,-0.004625975463395129,-0.00683651220162689,-0.004117181624216554,0.008183251766902246,341.79
33.448,-0.004285975463395122,-0.00658651220162689,-0.004117181624216554,0.008443251766902228,341.79
33.452,-0.0037659754633951287,-0.006416512201626886,-0.004287181624216557,0.008613251766902232,341.79
33.456,-0.0034259754633951217,-0.006076512201626879,-0.004627181624216564,0.008783251766902235,341.79
33.46,-0.003255975463395118,-0.005816512201626897,-0.004887181624216574,0.008953251766902239,341.79
33.464,-0.0029159754633951112,-0.005556512201626887,-0.0051371816242165745,0.009213251766902276,341.79
33.468,-0.002575975463395132,-0.00521651220162688,-0.005397181624216557,0.009293251766902245,341.79
33.472,-0.002315975463395122,-0.004956512201626897,-0.00556718162421656,0.009293251766902245,341.79
33.476,-0.001975975463395115,-0.004706512201626897,-0.005737181624216564,0.009293251766902245,341.79
33.48,-0.001635975463395108,-0.0041965122016268865,-0.005907181624216567,0.00938325176690228,341.79
33.484,-0.0012859754633951187,-0.0037665122016268724,-0.00616718162421655,0.009633251766902252,341.79
33.488,-0.0007759754633951083,-0.00350651220162689,-0.006337181624216553,0.009723251766902231,341.79
33.492,-0.0004359754633951291,-0.003166512201626883,-0.00667718162421656,0.009633251766902252,341.79
33.496,-0.0002659754633951256,-0.002736512201626897,-0.0069371816242165705,0.009633251766902252,341.79
33.5,7.402453660488135e-05,-0.00239651220162689,-0.007197181624216553,0.009633251766902252,341.79
33.504,0.0005040245366048673,-0.0023165122016268933,-0.007447181624216553,0.009803251766902256,341.79
33.508,0.0008440245366048742,-0.0019665122016268763,-0.00753718162421656,0.010063251766902238,341.79
33.512,0.0011840245366048813,-0.0015465122016268726,-0.00753718162421656,0.010063251766902238,341.79
33.516,0.0015240245366048883,-0.0011165122016268867,-0.00778718162421656,0.010063251766902238,341.79
33.52,0.0018740245366048775,-0.0008565122016268766,-0.00778718162421656,0.010063251766902238,341.79
33.524,0.0021240245366048777,-0.0006865122016268731,-0.007877181624216566,0.00998325176690227,341.79
33.528,0.0025540245366048914,-0.0003465122016268939,-0.007957181624216563,0.009723251766902231,341.79
33.532,0.0028940245366048706,8.348779837311982e-05,-0.008217181624216573,0.009633251766902252,341.79
33.536,0.0033240245366048843,0.0005034877983731235,-0.008307181624216552,0.009633251766902252,341.79
33.54,0.0037540245366048702,0.0009334877983731095,-0.008477181624216555,0.009723251766902231,341.79
33.544,0.00400402453660487,0.0013634877983731233,-0.008727181624216556,0.009723251766902231,341.79
33.548,0.0041740245366048735,0.0017934877983731092,-0.008727181624216556,0.009633251766902252,341.79
33.552,0.004604024536604887,0.002133487798373116,-0.008727181624216556,0.009553251766902228,341.79
33.556,0.004944024536604894,0.0023834877983731164,-0.008987181624216566,0.00938325176690228,341.79
33.56,0.005204024536604877,0.0026434877983731266,-0.00889718162421656,0.00938325176690228,341.79
33.564,0.00537402453660488,0.002983487798373106,-0.008817181624216562,0.009123251766902242,341.79
33.568,0.00563402453660489,0.0034134877983731196,-0.008817181624216562,0.008953251766902239,341.79
33.572,0.005804024536604894,0.0038434877983731055,-0.009077181624216573,0.008953251766902239,341.79
33.576,0.006144024536604873,0.0040134877983731086,-0.009417181624216552,0.008523251766902253,341.79
33.58,0.00648402453660488,0.004183487798373112,-0.009417181624216552,0.008443251766902228,341.79
33.584,0.00674402453660489,0.004263487798373109,-0.009417181624216552,0.008353251766902249,341.79
33.588,0.0070840245366048694,0.0046934877983731225,-0.009497181624216549,0.008103251766902277,341.79
33.592,0.00734402453660488,0.005293487798373112,-0.009587181624216555,0.008103251766902277,341.79
33.596,0.007514024536604883,0.005723487798373126,-0.009587181624216555,0.008013251766902242,341.79
33.6,0.00785402453660489,0.005973487798373126,-0.009497181624216549,0.0077532517669022605,341.79
33.604,0.00810402453660489,0.006313487798373105,-0.009497181624216549,0.00750325176690226,341.79
33.608,0.008284024536604904,0.006573487798373115,-0.009497181624216549,0.00724325176690225,341.79
33.612,0.008534024536604876,0.006663487798373122,-0.009497181624216549,0.007073251766902247,341.79
33.616,0.00870402453660488,0.007003487798373129,-0.009497181624216549,0.006733251766902267,341.79
33.62,0.009044024536604887,0.007343487798373108,-0.009497181624216549,0.006473251766902257,341.79
33.624,0.009044024536604887,0.007603487798373118,-0.009417181624216552,0.006303251766902254,341.79
33.628,0.009044024536604887,0.007853487798373119,-0.00915718162421657,0.005963251766902247,341.79
33.632,0.00930402453660487,0.007943487798373125,-0.00915718162421657,0.005703251766902264,341.79
33.636,0.009394024536604904,0.007943487798373125,-0.00915718162421657,0.005453251766902264,341.79
33.64,0.009564024536604907,0.008193487798373126,-0.009077181624216573,0.005103251766902247,341.79
33.644,0.00981402453660488,0.008193487798373126,-0.00889718162421656,0.004763251766902268,341.79
33.648,0.00981402453660488,0.008373487798373139,-0.008727181624216556,0.004513251766902268,341.79
33.652,0.00981402453660488,0.008623487798373112,-0.008647181624216559,0.004343251766902264,341.79
33.656,0.00981402453660488,0.008793487798373115,-0.008647181624216559,0.004253251766902257,341.79
33.66,0.009984024536604883,0.009053487798373097,-0.008557181624216552,0.0039132517669022504,341.79
33.664,0.010244024536604866,0.009133487798373122,-0.00804718162421657,0.003573251766902243,341.79
33.668,0.010244024536604866,0.009133487798373122,-0.00778718162421656,0.003143251766902257,341.79
33.672,0.010244024536604866,0.009393487798373104,-0.00753718162421656,0.002883251766902247,341.79
33.676,0.010244024536604866,0.009483487798373139,-0.007447181624216553,0.0026332517669022466,341.79
33.68,0.010164024536604897,0.009483487798373139,-0.007447181624216553,0.0022832517669022574,341.79
33.684,0.010244024536604866,0.009483487798373139,-0.007017181624216567,0.0019432517669022507,341.79
33.688,0.010244024536604866,0.009563487798373108,-0.00667718162421656,0.001523251766902247,341.79
33.692,0.010244024536604866,0.00982348779837309,-0.0065971816242165636,0.0011732517669022578,341.79
33.696,0.010244024536604866,0.009903487798373115,-0.006337181624216553,0.0010032517669022543,341.79
33.7,0.010244024536604866,0.009993487798373094,-0.00616718162421655,0.0006632517669022473,341.79
33.704,0.010244024536604866,0.009993487798373094,-0.005827181624216571,0.0003232517669022403,341.79
33.708,0.010074024536604862,0.009903487798373115,-0.005487181624216564,-1.6748233097738888e-05,341.79
33.712,0.009984024536604883,0.009993487798373094,-0.005487181624216564,-0.00018674823309774237,341.79
33.716,0.009984024536604883,0.009993487798373094,-0.005397181624216557,-0.0005267482330977493,341.79
33.72,0.00981402453660488,0.009903487798373115,-0.004967181624216571,-0.0008767482330977385,341.79
33.724,0.009564024536604907,0.00982348779837309,-0.004627181624216564,-0.0011267482330977387,341.79
33.728,0.009394024536604904,0.009563487798373108,-0.0044571816242165605,-0.001386748233097749,341.79
33.732,0.009134024536604866,0.009563487798373108,-0.004117181624216554,-0.0014667482330977457,341.79
33.736,0.008964024536604862,0.009563487798373108,-0.003777181624216574,-0.001726748233097756,341.79
33.74,0.008874024536604883,0.009653487798373142,-0.0033471816242165602,-0.0018167482330977349,341.79
33.744,0.00870402453660488,0.009563487798373108,-0.0030071816242165533,-0.002236748233097739,341.79
33.748,0.008624024536604855,0.009483487798373139,-0.0025771816242165673,-0.0026667482330977525,341.79
33.752,0.008454024536604907,0.009223487798373101,-0.0022371816242165604,-0.002926748233097735,341.79
33.756,0.008454024536604907,0.009223487798373101,-0.00197718162421655,-0.0030967482330977385,341.79
33.76,0.008284024536604904,0.009223487798373101,-0.001637181624216571,-0.0033467482330977387,341.79
33.764,0.00819402453660487,0.009053487798373097,-0.001297181624216564,-0.003526748233097752,341.79
33.768,0.00785402453660489,0.008793487798373115,-0.0008671816242165504,-0.0037767482330977524,341.79
33.772,0.00759402453660488,0.00871348779837309,-0.0004371816242165644,-0.003946748233097755,341.79
33.776,0.007424024536604876,0.00871348779837309,-9.718162421655743e-05,-0.004206748233097738,341.79
33.78,0.0069940245366048905,0.008453487798373108,0.00024281837578344953,-0.004376748233097741,341.79
33.784,0.0066540245366048835,0.008193487798373126,0.000502818375783432,-0.004636748233097752,341.79
33.788,0.006404024536604883,0.007943487798373125,0.0008428183757834389,-0.0049767482330977586,341.79
33.792,0.006054024536604894,0.007853487798373119,0.001182818375783446,-0.005146748233097734,341.79
33.796,0.005804024536604894,0.007603487798373118,0.001612818375783432,-0.0054067482330977445,341.79
33.8,0.00563402453660489,0.007433487798373115,0.001952818375783439,-0.005576748233097748,341.79
33.804,0.005284024536604873,0.007173487798373105,0.0023728183757834426,-0.005826748233097748,341.79
33.808,0.004944024536604894,0.007173487798373105,0.002722818375783432,-0.005996748233097752,341.79
33.812,0.004604024536604887,0.007003487798373129,0.0028928183757834353,-0.006256748233097734,341.79
33.816,0.004434024536604884,0.006743487798373119,0.0031428183757834355,-0.006426748233097738,341.79
33.82,0.004094024536604877,0.006663487798373122,0.0032328183757834423,-0.006766748233097745,341.79
33.824,0.0036640245366048913,0.006403487798373112,0.0035728183757834492,-0.007026748233097755,341.79
33.828,0.003404024536604881,0.006143487798373129,0.0040828183757834315,-0.007196748233097758,341.79
33.832,0.003064024536604874,0.005803487798373122,0.004512818375783445,-0.007456748233097741,341.79
33.836,0.002814024536604874,0.005553487798373122,0.004772818375783428,-0.007706748233097741,341.79
33.84,0.0024640245366048846,0.005373487798373109,0.004942818375783431,-0.007966748233097752,341.79
33.844,0.002044024536604881,0.0050334877983731294,0.005282818375783438,-0.008046748233097749,341.79
33.848,0.0016140245366048672,0.0046934877983731225,0.005542818375783448,-0.008046748233097749,341.79
33.852,0.0013540245366048848,0.004523487798373119,0.005712818375783452,-0.008136748233097756,341.79
33.856,0.0011840245366048813,0.004183487798373112,0.0062228183757834345,-0.008306748233097759,341.79
33.86,0.0008440245366048742,0.0037534877983731265,0.006732818375783445,-0.008476748233097735,341.79
33.864,0.000594024536604874,0.0034934877983731163,0.006902818375783448,-0.008816748233097742,341.79
33.868,0.0003340245366048916,0.003243487798373116,0.007162818375783431,-0.008906748233097748,341.79
33.872,-5.975463395115394e-06,0.0028134877983731024,0.007332818375783434,-0.008986748233097745,341.79
33.876,-0.0002659754633951256,0.00255348779837312,0.007672818375783441,-0.009166748233097759,341.79
33.88,-0.0004359754633951291,0.002133487798373116,0.00801281837578345,-0.009166748233097759,341.79
33.884,-0.0008659754633951151,0.0017934877983731092,0.008192818375783463,-0.009246748233097755,341.79
33.888,-0.001205975463395122,0.0017034877983731025,0.008442818375783435,-0.009506748233097738,341.79
33.892,-0.0013759754633951254,0.0017034877983731025,0.008612818375783439,-0.009586748233097735,341.79
33.896,-0.001635975463395108,0.0013634877983731233,0.008872818375783421,-0.009676748233097741,341.79
33.9,-0.0018059754633951114,0.001103487798373113,0.009042818375783425,-0.009586748233097735,341.79
33.904,-0.0021459754633951183,0.0009334877983731095,0.009302818375783463,-0.009586748233097735,341.79
33.908,-0.0024859754633951253,0.0005034877983731235,0.009302818375783463,-0.009676748233097741,341.79
33.912,-0.0028259754633951323,-6.512201626886914e-06,0.009302818375783463,-0.009586748233097735,341.79
33.916,-0.002995975463395108,-0.00025651220162688714,0.009382818375783432,-0.009586748233097735,341.79
33.92,-0.002995975463395108,-0.00043651220162687287,0.009642818375783414,-0.009676748233097741,341.79
33.924,-0.003345975463395125,-0.0006865122016268731,0.009642818375783414,-0.009846748233097745,341.79
33.928,-0.003595975463395125,-0.0007765122016268798,0.009722818375783438,-0.009846748233097745,341.79
33.932,-0.0037659754633951287,-0.0011965122016268834,0.009892818375783442,-0.009676748233097741,341.79
33.936,-0.004105975463395108,-0.0017165122016268761,0.010152818375783424,-0.009586748233097735,341.79
33.94,-0.0043659754633951185,-0.0019665122016268763,0.010152818375783424,-0.009586748233097735,341.79
33.944,-0.004625975463395129,-0.0023165122016268933,0.010152818375783424,-0.009586748233097735,341.79
33.948,-0.004965975463395108,-0.0026565122016268725,0.010152818375783424,-0.009336748233097734,341.79
33.952,-0.005225975463395118,-0.002826512201626876,0.010152818375783424,-0.009246748233097755,341.79
33.956,-0.005395975463395122,-0.003076512201626876,0.010072818375783455,-0.009076748233097752,341.79
33.96,-0.005565975463395125,-0.0032565122016268897,0.010152818375783424,-0.008816748233097742,341.79
33.964,-0.005815975463395125,-0.00350651220162689,0.010072818375783455,-0.008816748233097742,341.79
33.968,-0.006165975463395115,-0.0036765122016268934,0.010152818375783424,-0.008736748233097745,341.79
33.972,-0.0065059754633951215,-0.004016512201626873,0.010152818375783424,-0.008476748233097735,341.79
33.976,-0.007015975463395132,-0.004276512201626883,0.010152818375783424,-0.008226748233097735,341.79
33.98,-0.007355975463395111,-0.0045365122016268935,0.010072818375783455,-0.007876748233097745,341.79
33.984,-0.007525975463395115,-0.004876512201626873,0.009892818375783442,-0.007796748233097748,341.79
33.988,-0.007695975463395118,-0.00521651220162688,0.009722818375783438,-0.007796748233097748,341.79
33.992,-0.007695975463395118,-0.005556512201626887,0.009722818375783438,-0.0075367482330977375,341.79
33.996,-0.007695975463395118,-0.00572651220162689,0.009722818375783438,-0.007456748233097741,341.79
34.0,-0.007865975463395122,-0.006076512201626879,0.009472818375783466,-0.007196748233097758,341.79
34.004,-0.008125975463395132,-0.0063265122016268795,0.009472818375783466,-0.007106748233097752,341.79
34.008,-0.008295975463395108,-0.006496512201626883,0.009302818375783463,-0.006856748233097751,341.79
34.012,-0.008635975463395115,-0.006756512201626893,0.009042818375783425,-0.006596748233097741,341.79
34.016,-0.008895975463395125,-0.007016512201626876,0.008872818375783421,-0.006346748233097741,341.79
34.02,-0.009065975463395128,-0.007606512201626883,0.008612818375783439,-0.006256748233097734,341.79
34.024,-0.00932597546339511,-0.007956512201626872,0.008442818375783435,-0.005916748233097755,341.79
34.028,-0.00932597546339511,-0.008206512201626872,0.008192818375783463,-0.005486748233097741,341.79
34.032,-0.009495975463395114,-0.008466512201626883,0.008192818375783463,-0.005226748233097759,341.79
34.036,-0.009745975463395114,-0.008466512201626883,0.00801281837578345,-0.005056748233097755,341.79
34.04,-0.009835975463395121,-0.008466512201626883,0.007762818375783448,-0.004806748233097755,341.79
34.044,-0.009835975463395121,-0.00854651220162688,0.007592818375783445,-0.004636748233097752,341.79
34.048,-0.009835975463395121,-0.00880651220162689,0.007252818375783438,-0.004286748233097735,341.79
34.052,-0.010095975463395131,-0.008976512201626893,0.006992818375783427,-0.003866748233097759,341.79
34.056,-0.010175975463395128,-0.009236512201626875,0.006732818375783445,-0.003526748233097752,341.79
34.06,-0.010175975463395128,-0.009316512201626872,0.006482818375783445,-0.0033467482330977387,341.79
34.064,-0.010265975463395107,-0.009576512201626882,0.006312818375783441,-0.0030967482330977385,341.79
34.068,-0.010345975463395132,-0.00965651220162688,0.005962818375783452,-0.002926748233097735,341.79
34.072,-0.010345975463395132,-0.009836512201626893,0.0057928183757834486,-0.0025867482330977558,341.79
34.076,-0.010265975463395107,-0.010086512201626893,0.005542818375783448,-0.002236748233097739,341.79
34.08,-0.010265975463395107,-0.010086512201626893,0.005192818375783431,-0.0019867482330977386,341.79
34.084,-0.010265975463395107,-0.010086512201626893,0.004942818375783431,-0.0018167482330977349,341.79
34.088,-0.010265975463395107,-0.010086512201626893,0.004602818375783452,-0.0014667482330977457,341.79
34.092,-0.010175975463395128,-0.010086512201626893,0.0040828183757834315,-0.001046748233097742,341.79
34.096,-0.010005975463395125,-0.010086512201626893,0.004002818375783435,-0.000706748233097735,341.79
34.1,-0.010175975463395128,-0.010086512201626893,0.0036628183757834282,-0.0004467482330977526,341.79
34.104,-0.010265975463395107,-0.010176512201626872,0.0034028183757834458,-0.00010674823309774563,341.79
34.108,-0.010265975463395107,-0.010256512201626896,0.0032328183757834423,0.00023325176690226133,341.79
34.112,-0.010005975463395125,-0.010256512201626896,0.0031428183757834355,0.0005832517669022506,341.79
34.116,-0.009925975463395128,-0.010176512201626872,0.0028028183757834286,0.0010032517669022543,341.79
34.12,-0.009665975463395118,-0.010256512201626896,0.0023728183757834426,0.0013432517669022613,341.79
34.124,-0.009155975463395107,-0.010426512201626872,0.0020328183757834357,0.0016032517669022437,341.79
34.128,-0.009155975463395107,-0.010176512201626872,0.0017828183757834354,0.0020332517669022572,341.79
34.132,-0.009155975463395107,-0.010086512201626893,0.0015228183757834252,0.002463251766902243,341.79
34.136,-0.008635975463395115,-0.009836512201626893,0.0012628183757834427,0.002883251766902247,341.79
34.14,-0.008465975463395111,-0.009746512201626886,0.0010128183757834425,0.0034032517669022673,341.79
34.144,-0.00821597546339511,-0.00965651220162688,0.0007528183757834322,0.00365325176690224,341.79
34.148,-0.00821597546339511,-0.009576512201626882,0.000502818375783432,0.003993251766902247,341.79
34.152,-0.00821597546339511,-0.009406512201626879,0.00024281837578344953,0.004343251766902264,341.79
34.156,-0.008125975463395132,-0.009406512201626879,-0.00018718162421656418,0.004763251766902268,341.79
34.16,-0.007785975463395125,-0.009316512201626872,-0.0004371816242165644,0.00502325176690225,341.79
34.164,-0.007525975463395115,-0.009066512201626872,-0.0005271816242165712,0.005193251766902254,341.79
34.168,-0.007355975463395111,-0.00880651220162689,-0.0008671816242165504,0.005533251766902261,341.79
34.172,-0.007105975463395111,-0.00854651220162688,-0.0012071816242165572,0.005963251766902247,341.79
34.176,-0.0068459754633951285,-0.008376512201626876,-0.001637181624216571,0.006303251766902254,341.79
34.18,-0.0065059754633951215,-0.008126512201626876,-0.00197718162421655,0.00639325176690226,341.79
34.184,-0.006245975463395111,-0.008036512201626897,-0.0021471816242165536,0.006473251766902257,341.79
34.188,-0.006075975463395108,-0.007776512201626886,-0.0024971816242165706,0.006733251766902267,341.79
34.192,-0.005735975463395129,-0.00769651220162689,-0.0030071816242165533,0.007073251766902247,341.79
34.196,-0.005475975463395118,-0.007526512201626886,-0.0033471816242165602,0.00724325176690225,341.79
34.2,-0.005225975463395118,-0.007356512201626883,-0.003437181624216567,0.007583251766902257,341.79
34.204,-0.004875975463395129,-0.007266512201626876,-0.0036071816242165705,0.007923251766902263,341.79
34.208,-0.004535975463395122,-0.006926512201626897,-0.003687181624216567,0.008183251766902246,341.79
34.212,-0.004285975463395122,-0.0066665122016268865,-0.0038571816242165707,0.008443251766902228,341.79
34.216,-0.0037659754633951287,-0.006416512201626886,-0.00419718162421655,0.008613251766902232,341.79
34.22,-0.003595975463395125,-0.006156512201626876,-0.0044571816242165605,0.008783251766902235,341.79
34.224,-0.0035159754633951284,-0.005896512201626894,-0.004717181624216571,0.00886325176690226,341.79
34.228,-0.0029159754633951112,-0.005556512201626887,-0.00505718162421655,0.009043251766902273,341.79
34.232,-0.0024059754633951286,-0.005306512201626886,-0.00531718162421656,0.009293251766902245,341.79
34.236,-0.0021459754633951183,-0.00521651220162688,-0.005397181624216557,0.009293251766902245,341.79
34.24,-0.001975975463395115,-0.004706512201626897,-0.005657181624216567,0.009293251766902245,341.79
34.244,-0.001635975463395108,-0.0041965122016268865,-0.005827181624216571,0.00938325176690228,341.79
34.248,-0.0011159754633951152,-0.003936512201626876,-0.006077181624216571,0.009633251766902252,341.79
34.252,-0.0007759754633951083,-0.0035965122016268967,-0.006257181624216557,0.009803251766902256,341.79
34.256,-0.0006059754633951326,-0.003166512201626883,-0.0065971816242165636,0.009893251766902235,341.79
34.26,-0.00034597546339512234,-0.0029065122016268727,-0.0069371816242165705,0.00998325176690227,341.79
34.264,7.402453660488135e-05,-0.002736512201626897,-0.007107181624216574,0.00998325176690227,341.79
34.268,0.0005040245366048673,-0.00239651220162689,-0.0073671816242165565,0.009803251766902256,341.79
34.272,0.0007640245366048775,-0.0018865122016268796,-0.007447181624216553,0.009633251766902252,341.79
34.276,0.0011840245366048813,-0.0014565122016268937,-0.0077071816242165634,0.009633251766902252,341.79
34.28,0.0016140245366048672,-0.0011165122016268867,-0.007877181624216566,0.009803251766902256,341.79
34.284,0.001954024536604874,-0.0008565122016268766,-0.007877181624216566,0.010063251766902238,341.79
34.288,0.0022140245366048844,-0.0006865122016268731,-0.007957181624216563,0.010063251766902238,341.79
34.292,0.0025540245366048914,-0.00025651220162688714,-0.008217181624216573,0.010063251766902238,341.79
34.296,0.002814024536604874,8.348779837311982e-05,-0.008217181624216573,0.010063251766902238,341.79
34.3,0.0033240245366048843,0.0005034877983731235,-0.008387181624216549,0.00998325176690227,341.79
34.304,0.0036640245366048913,0.0009334877983731095,-0.008647181624216559,0.009803251766902256,341.79
34.308,0.003834024536604867,0.0013634877983731233,-0.008647181624216559,0.009723251766902231,341.79
34.312,0.004094024536604877,0.0017034877983731025,-0.008647181624216559,0.009633251766902252,341.79
34.316,0.004434024536604884,0.0017934877983731092,-0.008727181624216556,0.009633251766902252,341.79
34.32,0.00486402453660487,0.0020434877983731095,-0.008817181624216562,0.009633251766902252,341.79
34.324,0.005284024536604873,0.00255348779837312,-0.00889718162421656,0.009633251766902252,341.79
34.328,0.005464024536604887,0.002983487798373106,-0.009077181624216573,0.009213251766902276,341.79
34.332,0.005464024536604887,0.003323487798373113,-0.009497181624216549,0.00886325176690226,341.79
34.336,0.005804024536604894,0.0036734877983731298,-0.009587181624216555,0.00886325176690226,341.79
34.34,0.00622402453660487,0.0038434877983731055,-0.009497181624216549,0.00886325176690226,341.79
34.344,0.006574024536604887,0.003923487798373102,-0.009587181624216555,0.008783251766902235,341.79
34.348,0.00674402453660489,0.004183487798373112,-0.009497181624216549,0.008523251766902253,341.79
34.352,0.0070840245366048694,0.004613487798373126,-0.009497181624216549,0.008353251766902249,341.79
34.356,0.00734402453660488,0.004953487798373105,-0.009497181624216549,0.008103251766902277,341.79
34.36,0.007514024536604883,0.005293487798373112,-0.009497181624216549,0.008013251766902242,341.79
34.364,0.007764024536604883,0.005893487798373129,-0.009587181624216555,0.007923251766902263,341.79
34.368,0.00785402453660489,0.006143487798373129,-0.009587181624216555,0.007583251766902257,341.79
34.372,0.00810402453660489,0.006313487798373105,-0.009497181624216549,0.007333251766902257,341.79
34.376,0.008284024536604904,0.006663487798373122,-0.009497181624216549,0.007163251766902253,341.79
34.38,0.008534024536604876,0.007003487798373129,-0.009587181624216555,0.006903251766902243,341.79
34.384,0.008624024536604855,0.007173487798373105,-0.009497181624216549,0.006643251766902261,341.79
34.388,0.008874024536604883,0.007433487798373115,-0.009247181624216548,0.006303251766902254,341.79
34.392,0.009134024536604866,0.007513487798373112,-0.00915718162421657,0.0060432517669022435,341.79
34.396,0.009394024536604904,0.007773487798373122,-0.00915718162421657,0.005873251766902268,341.79
34.4,0.009394024536604904,0.007943487798373125,-0.00915718162421657,0.005533251766902261,341.79
34.404,0.009394024536604904,0.008193487798373126,-0.009077181624216573,0.005193251766902254,341.79
34.408,0.009564024536604907,0.008373487798373139,-0.00889718162421656,0.004763251766902268,341.79
34.412,0.00981402453660488,0.008623487798373112,-0.008727181624216556,0.004423251766902261,341.79
34.416,0.009904024536604859,0.008623487798373112,-0.008727181624216556,0.004423251766902261,341.79
34.42,0.009904024536604859,0.00871348779837309,-0.008647181624216559,0.004253251766902257,341.79
34.424,0.009984024536604883,0.008793487798373115,-0.008307181624216552,0.0039132517669022504,341.79
34.428,0.010244024536604866,0.008793487798373115,-0.00804718162421657,0.003573251766902243,341.79
34.432,0.010244024536604866,0.008963487798373119,-0.007877181624216566,0.003223251766902254,341.79
34.436,0.010244024536604866,0.009133487798373122,-0.007617181624216557,0.0030532517669022504,341.79
34.44,0.010164024536604897,0.009133487798373122,-0.0073671816242165565,0.0026332517669022466,341.79
34.444,0.010244024536604866,0.009223487798373101,-0.007107181624216574,0.0022832517669022574,341.79
34.448,0.010244024536604866,0.009483487798373139,-0.007017181624216567,0.0019432517669022507,341.79
34.452,0.010244024536604866,0.009483487798373139,-0.006767181624216567,0.001523251766902247,341.79
34.456,0.010244024536604866,0.009483487798373139,-0.006507181624216557,0.0011732517669022578,341.79
34.46,0.010244024536604866,0.009483487798373139,-0.00616718162421655,0.0010032517669022543,341.79
34.464,0.010244024536604866,0.009483487798373139,-0.005907181624216567,0.0006632517669022473,341.79
34.468,0.010244024536604866,0.009483487798373139,-0.005907181624216567,0.0003232517669022403,341.79
34.472,0.010164024536604897,0.009483487798373139,-0.005737181624216564,-1.6748233097738888e-05,341.79
34.476,0.009904024536604859,0.009483487798373139,-0.005487181624216564,-0.00018674823309774237,341.79
34.48,0.009734024536604855,0.009483487798373139,-0.00531718162421656,-0.0005267482330977493,341.79
34.484,0.009474024536604873,0.009483487798373139,-0.004967181624216571,-0.0008767482330977385,341.79
34.488,0.009564024536604907,0.009483487798373139,-0.004547181624216567,-0.0011267482330977387,341.79
34.492,0.009734024536604855,0.009483487798373139,-0.004287181624216557,-0.001386748233097749,341.79
34.496,0.009394024536604904,0.009483487798373139,-0.004117181624216554,-0.0014667482330977457,341.79
34.5,0.009044024536604887,0.009483487798373139,-0.003777181624216574,-0.001726748233097756,341.79
34.504,0.008964024536604862,0.009483487798373139,-0.0035171816242165637,-0.0018167482330977349,341.79
34.508,0.008794024536604859,0.009483487798373139,-0.0031771816242165568,-0.002156748233097742,341.79
34.512,0.008624024536604855,0.009483487798373139,-0.0025771816242165673,-0.002496748233097749,341.79
34.516,0.008454024536604907,0.009393487798373104,-0.0022371816242165604,-0.002926748233097735,341.79
34.52,0.008454024536604907,0.009223487798373101,-0.002067181624216557,-0.0030967482330977385,341.79
34.524,0.008284024536604904,0.009133487798373122,-0.00172718162421655,-0.0033467482330977387,341.79
34.528,0.00819402453660487,0.009053487798373097,-0.001297181624216564,-0.003606748233097749,341.79
34.532,0.007934024536604887,0.009053487798373097,-0.0009571816242165571,-0.003866748233097759,341.79
34.536,0.007684024536604887,0.008883487798373094,-0.0006171816242165502,-0.003946748233097755,341.79
34.54,0.00734402453660488,0.008623487798373112,-0.0003571816242165677,-0.004206748233097738,341.79
34.544,0.0070840245366048694,0.008373487798373139,-1.7181624216560694e-05,-0.004376748233097741,341.79
34.548,0.006914024536604894,0.008373487798373139,0.00041281837578342523,-0.004636748233097752,341.79
34.552,0.00648402453660488,0.008283487798373105,0.0006728183757834355,-0.004806748233097755,341.79
34.556,0.006144024536604873,0.008023487798373122,0.001182818375783446,-0.005056748233097755,341.79
34.56,0.006054024536604894,0.007853487798373119,0.0015228183757834252,-0.005146748233097734,341.79
34.564,0.005804024536604894,0.007603487798373118,0.0016928183757834287,-0.0054067482330977445,341.79
34.568,0.005464024536604887,0.007433487798373115,0.001952818375783439,-0.005656748233097745,341.79
34.572,0.005284024536604873,0.007083487798373126,0.0023728183757834426,-0.005916748233097755,341.79
34.576,0.004944024536604894,0.0068334877983731255,0.0028028183757834286,-0.005996748233097752,341.79
34.58,0.0045240245366048905,0.007003487798373129,0.003062818375783439,-0.006256748233097734,341.79
34.584,0.0041740245366048735,0.006663487798373122,0.0034028183757834458,-0.006426748233097738,341.79
34.588,0.003834024536604867,0.006313487798373105,0.003742818375783425,-0.006686748233097748,341.79
34.592,0.0035840245366048945,0.006233487798373108,0.003742818375783425,-0.006766748233097745,341.79
34.596,0.0032340245366048776,0.005973487798373126,0.0040828183757834315,-0.007026748233097755,341.79
34.6,0.0028940245366048706,0.005723487798373126,0.0044328183757834485,-0.007196748233097758,341.79
34.604,0.002384024536604888,0.005373487798373109,0.004772818375783428,-0.0075367482330977375,341.79
34.608,0.002044024536604881,0.005123487798373108,0.005112818375783435,-0.007876748233097745,341.79
34.612,0.0018740245366048775,0.0050334877983731294,0.005372818375783445,-0.007876748233097745,341.79
34.616,0.0015240245366048883,0.0046934877983731225,0.005712818375783452,-0.007876748233097745,341.79
34.62,0.0011840245366048813,0.0043534877983731155,0.005962818375783452,-0.007966748233097752,341.79
34.624,0.0008440245366048742,0.004093487798373105,0.006312818375783441,-0.008226748233097735,341.79
34.628,0.0005040245366048673,0.0037534877983731265,0.006822818375783452,-0.008396748233097738,341.79
34.632,0.0003340245366048916,0.0034134877983731196,0.006992818375783427,-0.008646748233097738,341.79
34.636,-5.975463395115394e-06,0.0031534877983731093,0.007332818375783434,-0.008646748233097738,341.79
34.64,-0.0002659754633951256,0.002983487798373106,0.007592818375783445,-0.008736748233097745,341.79
34.644,-0.0004359754633951291,0.002473487798373123,0.007762818375783448,-0.008906748233097748,341.79
34.648,-0.0006959754633951116,0.001873487798373106,0.00801281837578345,-0.009166748233097759,341.79
34.652,-0.0008659754633951151,0.0017934877983731092,0.008192818375783463,-0.009166748233097759,341.79
34.656,-0.001205975463395122,0.0016134877983731235,0.008442818375783435,-0.009166748233097759,341.79
34.66,-0.001545975463395129,0.0012734877983731165,0.008612818375783439,-0.009246748233097755,341.79
34.664,-0.0018059754633951114,0.0010234877983731163,0.008872818375783421,-0.009506748233097738,341.79
34.668,-0.0020559754633951116,0.0008534877983731127,0.008952818375783446,-0.009506748233097738,341.79
34.672,-0.002225975463395115,0.0004234877983731268,0.009212818375783428,-0.009586748233097735,341.79
34.676,-0.0028259754633951323,8.348779837311982e-05,0.009302818375783463,-0.009676748233097741,341.79
34.68,-0.0031659754633951115,-6.512201626886914e-06,0.009302818375783463,-0.009756748233097738,341.79
34.684,-0.0034259754633951217,-0.00025651220162688714,0.009472818375783466,-0.010016748233097748,341.79
34.688,-0.003685975463395132,-0.0006865122016268731,0.009722818375783438,-0.010016748233097748,341.79
34.692,-0.003685975463395132,-0.0009465122016268833,0.009722818375783438,-0.009926748233097742,341.79
34.696,-0.0037659754633951287,-0.0011965122016268834,0.009722818375783438,-0.009756748233097738,341.79
34.7,-0.004105975463395108,-0.0015465122016268726,0.009892818375783442,-0.009586748233097735,341.79
34.704,-0.004195975463395115,-0.0019665122016268763,0.009982818375783421,-0.009586748233097735,341.79
34.708,-0.004455975463395125,-0.00239651220162689,0.010072818375783455,-0.009586748233097735,341.79
34.712,-0.004795975463395132,-0.0026565122016268725,0.010152818375783424,-0.009506748233097738,341.79
34.716,-0.0050459754633951324,-0.0029065122016268727,0.010152818375783424,-0.009246748233097755,341.79
34.72,-0.005395975463395122,-0.003166512201626883,0.010152818375783424,-0.009246748233097755,341.79
34.724,-0.005645975463395122,-0.0032565122016268897,0.010152818375783424,-0.009246748233097755,341.79
34.728,-0.005815975463395125,-0.003426512201626893,0.010152818375783424,-0.009166748233097759,341.79
34.732,-0.006245975463395111,-0.0036765122016268934,0.010152818375783424,-0.008906748233097748,341.79
34.736,-0.006755975463395122,-0.004016512201626873,0.010072818375783455,-0.008816748233097742,341.79
34.74,-0.007015975463395132,-0.00436651220162689,0.009982818375783421,-0.008646748233097738,341.79
34.744,-0.007355975463395111,-0.004706512201626897,0.009722818375783438,-0.008396748233097738,341.79
34.748,-0.007445975463395118,-0.004956512201626897,0.009722818375783438,-0.008306748233097759,341.79
34.752,-0.007615975463395121,-0.005306512201626886,0.009812818375783417,-0.008046748233097749,341.79
34.756,-0.007695975463395118,-0.005556512201626887,0.009812818375783417,-0.007966748233097752,341.79
34.76,-0.007785975463395125,-0.00572651220162689,0.009642818375783414,-0.007796748233097748,341.79
34.764,-0.007865975463395122,-0.006076512201626879,0.009382818375783432,-0.007626748233097744,341.79
34.768,-0.008125975463395132,-0.0063265122016268795,0.009382818375783432,-0.0075367482330977375,341.79
34.772,-0.008385975463395114,-0.006496512201626883,0.009212818375783428,-0.007286748233097737,341.79
34.776,-0.008725975463395121,-0.006926512201626897,0.008952818375783446,-0.006936748233097748,341.79
34.78,-0.008895975463395125,-0.007356512201626883,0.008872818375783421,-0.006426748233097738,341.79
34.784,-0.008985975463395132,-0.007606512201626883,0.008612818375783439,-0.006256748233097734,341.79
34.788,-0.009235975463395132,-0.007956512201626872,0.008532818375783414,-0.005996748233097752,341.79
34.792,-0.009405975463395107,-0.008126512201626876,0.008362818375783466,-0.005826748233097748,341.79
34.796,-0.009575975463395111,-0.008206512201626872,0.008272818375783432,-0.005576748233097748,341.79
34.8,-0.009835975463395121,-0.008206512201626872,0.007762818375783448,-0.005486748233097741,341.79
34.804,-0.009835975463395121,-0.00854651220162688,0.007502818375783438,-0.005146748233097734,341.79
34.808,-0.009835975463395121,-0.008716512201626883,0.007502818375783438,-0.004716748233097748,341.79
34.812,-0.009835975463395121,-0.008896512201626896,0.007332818375783434,-0.004376748233097741,341.79
34.816,-0.010095975463395131,-0.008976512201626893,0.007252818375783438,-0.004116748233097759,341.79
34.82,-0.010175975463395128,-0.009236512201626875,0.006992818375783427,-0.003866748233097759,341.79
34.824,-0.010175975463395128,-0.009316512201626872,0.006822818375783452,-0.0037767482330977524,341.79
34.828,-0.010265975463395107,-0.009576512201626882,0.006482818375783445,-0.0034367482330977454,341.79
34.832,-0.010345975463395132,-0.009746512201626886,0.006132818375783428,-0.0030067482330977595,341.79
34.836,-0.010265975463395107,-0.009836512201626893,0.0057928183757834486,-0.0025867482330977558,341.79
34.84,-0.010265975463395107,-0.010086512201626893,0.005542818375783448,-0.0023267482330977455,341.79
34.844,-0.010265975463395107,-0.010086512201626893,0.005282818375783438,-0.002156748233097742,341.79
34.848,-0.010265975463395107,-0.010086512201626893,0.005192818375783431,-0.0018167482330977349,341.79
34.852,-0.010175975463395128,-0.010086512201626893,0.004772818375783428,-0.001386748233097749,341.79
34.856,-0.010005975463395125,-0.010176512201626872,0.004342818375783442,-0.001046748233097742,341.79
34.86,-0.010175975463395128,-0.010426512201626872,0.004172818375783438,-0.0007867482330977595,341.79
34.864,-0.010175975463395128,-0.010596512201626876,0.0035728183757834492,-0.0005267482330977493,341.79
34.868,-0.010095975463395131,-0.010596512201626876,0.0034028183757834458,-0.00010674823309774563,341.79
34.872,-0.009925975463395128,-0.010596512201626876,0.0034028183757834458,0.0003232517669022403,341.79
34.876,-0.009835975463395121,-0.010426512201626872,0.0028028183757834286,0.0006632517669022473,341.79
34.88,-0.009665975463395118,-0.010256512201626896,0.0025528183757834283,0.0010032517669022543,341.79
34.884,-0.009495975463395114,-0.010346512201626875,0.002722818375783432,0.0014332517669022402,341.79
34.888,-0.009405975463395107,-0.010426512201626872,0.0024628183757834494,0.0019432517669022507,341.79
34.892,-0.00932597546339511,-0.010176512201626872,0.0021228183757834424,0.002373251766902264,341.79
34.896,-0.008985975463395132,-0.010176512201626872,0.0018628183757834322,0.0027132517669022434,341.79
34.9,-0.008725975463395121,-0.010006512201626896,0.0015228183757834252,0.003143251766902257,341.79
34.904,-0.008725975463395121,-0.009746512201626886,0.0012628183757834427,0.003573251766902243,341.79
34.908,-0.008295975463395108,-0.00965651220162688,0.0010128183757834425,0.0039132517669022504,341.79
34.912,-0.008045975463395107,-0.00965651220162688,0.0006728183757834355,0.004163251766902251,341.79
34.916,-0.007695975463395118,-0.009406512201626879,0.00041281837578342523,0.004423251766902261,341.79
34.92,-0.007615975463395121,-0.009406512201626879,0.00032281837578344624,0.004763251766902268,341.79
34.924,-0.007525975463395115,-0.009316512201626872,-9.718162421655743e-05,0.005193251766902254,341.79
34.928,-0.007355975463395111,-0.009066512201626872,-0.0004371816242165644,0.0056232517669022675,341.79
34.932,-0.0072759754633951144,-0.00880651220162689,-0.0006971816242165746,0.005873251766902268,341.79
34.936,-0.007015975463395132,-0.00854651220162688,-0.0012071816242165572,0.0060432517669022435,341.79
34.94,-0.006925975463395125,-0.008376512201626876,-0.0013771816242165607,0.00639325176690226,341.79
34.944,-0.006585975463395118,-0.008296512201626879,-0.0018071816242165744,0.006733251766902267,341.79
34.948,-0.006245975463395111,-0.008126512201626876,-0.0021471816242165536,0.006903251766902243,341.79
34.952,-0.005985975463395129,-0.007956512201626872,-0.0022371816242165604,0.007163251766902253,341.79
34.956,-0.005645975463395122,-0.007866512201626893,-0.0024971816242165706,0.007333251766902257,341.79
34.96,-0.005475975463395118,-0.007436512201626879,-0.0030071816242165533,0.007673251766902264,341.79
34.964,-0.005305975463395115,-0.007436512201626879,-0.0033471816242165602,0.007923251766902263,341.79
34.968,-0.0050459754633951324,-0.007186512201626879,-0.0033471816242165602,0.008103251766902277,341.79
34.972,-0.004795975463395132,-0.006926512201626897,-0.003437181624216567,0.008353251766902249,341.79
34.976,-0.004455975463395125,-0.00683651220162689,-0.0038571816242165707,0.008523251766902253,341.79
34.98,-0.004285975463395122,-0.006496512201626883,-0.00419718162421655,0.008783251766902235,341.79
34.984,-0.003935975463395133,-0.006156512201626876,-0.004287181624216557,0.00886325176690226,341.79
34.988,-0.003345975463395125,-0.005986512201626873,-0.004547181624216567,0.00886325176690226,341.79
34.992,-0.002995975463395108,-0.00572651220162689,-0.004887181624216574,0.009123251766902242,341.79
34.996,-0.0028259754633951323,-0.00547651220162689,-0.0051371816242165745,0.009213251766902276,341.79
35.0,-0.0024859754633951253,-0.004876512201626873,-0.005397181624216557,0.009213251766902276,341.79
35.004,-0.001975975463395115,-0.004706512201626897,-0.00556718162421656,0.009213251766902276,341.79
35.008,-0.001635975463395108,-0.00461651220162689,-0.005827181624216571,0.009293251766902245,341.79
35.012,-0.0014659754633951322,-0.004016512201626873,-0.005997181624216574,0.009553251766902228,341.79
35.016,-0.001205975463395122,-0.0035965122016268967,-0.006337181624216553,0.009723251766902231,341.79
35.02,-0.0007759754633951083,-0.003426512201626893,-0.0065971816242165636,0.009723251766902231,341.79
35.024,-0.00034597546339512234,-0.003166512201626883,-0.0065971816242165636,0.009633251766902252,341.79
35.028,-9.597546339512214e-05,-0.002826512201626876,-0.006847181624216564,0.009633251766902252,341.79
35.032,7.402453660488135e-05,-0.002486512201626897,-0.0073671816242165565,0.009723251766902231,341.79
35.036,0.0004140245366048883,-0.0022265122016268866,-0.007447181624216553,0.009723251766902231,341.79
35.04,0.0008440245366048742,-0.0018865122016268796,-0.00753718162421656,0.009723251766902231,341.79
35.044,0.001274024536604888,-0.0015465122016268726,-0.00778718162421656,0.009723251766902231,341.79
35.048,0.001704024536604874,-0.0011165122016268867,-0.007877181624216566,0.009723251766902231,341.79
35.052,0.001954024536604874,-0.0007765122016268798,-0.007957181624216563,0.009723251766902231,341.79
35.056,0.002294024536604881,-0.0003465122016268939,-0.008217181624216573,0.009633251766902252,341.79
35.06,0.0025540245366048914,8.348779837311982e-05,-0.008307181624216552,0.009633251766902252,341.79
35.064,0.0028940245366048706,0.0004234877983731268,-0.008387181624216549,0.009633251766902252,341.79
35.068,0.0032340245366048776,0.0006834877983731093,-0.008647181624216559,0.009633251766902252,341.79
35.072,0.0035840245366048945,0.0010234877983731163,-0.008727181624216556,0.009633251766902252,341.79
35.076,0.00400402453660487,0.0013634877983731233,-0.008647181624216559,0.00938325176690228,341.79
35.08,0.004344024536604877,0.0017934877983731092,-0.008727181624216556,0.009293251766902245,341.79
35.084,0.004604024536604887,0.002133487798373116,-0.008817181624216562,0.009293251766902245,341.79
35.088,0.004944024536604894,0.0023834877983731164,-0.009077181624216573,0.009293251766902245,341.79
35.092,0.005204024536604877,0.0026434877983731266,-0.009077181624216573,0.009213251766902276,341.79
35.096,0.005464024536604887,0.002903487798373109,-0.009077181624216573,0.00886325176690226,341.79
35.1,0.005804024536604894,0.0030734877983731126,-0.009077181624216573,0.008523251766902253,341.79
35.104,0.006054024536604894,0.0034134877983731196,-0.009077181624216573,0.008443251766902228,341.79
35.108,0.00622402453660487,0.0037534877983731265,-0.00915718162421657,0.008353251766902249,341.79
35.112,0.0066540245366048835,0.004093487798373105,-0.009417181624216552,0.008103251766902277,341.79
35.116,0.006914024536604894,0.004263487798373109,-0.009667181624216552,0.008103251766902277,341.79
35.12,0.0070840245366048694,0.004613487798373126,-0.009927181624216562,0.008013251766902242,341.79
35.124,0.007424024536604876,0.005203487798373105,-0.009927181624216562,0.0077532517669022605,341.79
35.128,0.007684024536604887,0.005723487798373126,-0.009837181624216556,0.007583251766902257,341.79
35.132,0.00785402453660489,0.005973487798373126,-0.009667181624216552,0.007333251766902257,341.79
35.136,0.00810402453660489,0.006313487798373105,-0.009587181624216555,0.007163251766902253,341.79
35.14,0.008284024536604904,0.006573487798373115,-0.009497181624216549,0.006903251766902243,341.79
35.144,0.008624024536604855,0.006743487798373119,-0.009497181624216549,0.006733251766902267,341.79
35.148,0.00870402453660488,0.007083487798373126,-0.009587181624216555,0.006473251766902257,341.79
35.152,0.008874024536604883,0.007343487798373108,-0.009587181624216555,0.006303251766902254,341.79
35.156,0.009134024536604866,0.007513487798373112,-0.009497181624216549,0.005963251766902247,341.79
35.16,0.009394024536604904,0.007603487798373118,-0.009417181624216552,0.005703251766902264,341.79
35.164,0.009394024536604904,0.007683487798373115,-0.00915718162421657,0.005453251766902264,341.79
35.168,0.009474024536604873,0.008193487798373126,-0.00915718162421657,0.005103251766902247,341.79
35.172,0.009734024536604855,0.008283487798373105,-0.00915718162421657,0.004763251766902268,341.79
35.176,0.009904024536604859,0.008373487798373139,-0.009077181624216573,0.004423251766902261,341.79
35.18,0.009984024536604883,0.008373487798373139,-0.008727181624216556,0.004423251766902261,341.79
35.184,0.009984024536604883,0.008543487798373143,-0.008477181624216555,0.004343251766902264,341.79
35.188,0.009984024536604883,0.008883487798373094,-0.008217181624216573,0.0039132517669022504,341.79
35.192,0.010244024536604866,0.008793487798373115,-0.007957181624216563,0.003573251766902243,341.79
35.196,0.010244024536604866,0.008793487798373115,-0.00778718162421656,0.003483251766902264,341.79
35.2,0.010244024536604866,0.009053487798373097,-0.0077071816242165634,0.0030532517669022504,341.79
35.204,0.010244024536604866,0.009133487798373122,-0.007447181624216553,0.0026332517669022466,341.79
35.208,0.010244024536604866,0.009133487798373122,-0.007197181624216553,0.002373251766902264,341.79
35.212,0.010244024536604866,0.009223487798373101,-0.007017181624216567,0.0022032517669022607,341.79
35.216,0.010244024536604866,0.009483487798373139,-0.006767181624216567,0.001863251766902254,341.79
35.22,0.010244024536604866,0.009483487798373139,-0.0065971816242165636,0.001523251766902247,341.79
35.224,0.010244024536604866,0.009483487798373139,-0.006337181624216553,0.001093251766902261,341.79
35.228,0.010244024536604866,0.009483487798373139,-0.006077181624216571,0.0008332517669022508,341.79
35.232,0.010244024536604866,0.009483487798373139,-0.005737181624216564,0.0006632517669022473,341.79
35.236,0.010244024536604866,0.009563487798373108,-0.005657181624216567,0.0003232517669022403,341.79
35.24,0.010164024536604897,0.009653487798373142,-0.005657181624216567,-1.6748233097738888e-05,341.79
35.244,0.009904024536604859,0.009563487798373108,-0.00531718162421656,-0.00018674823309774237,341.79
35.248,0.00981402453660488,0.009563487798373108,-0.004887181624216574,-0.0004467482330977526,341.79
35.252,0.00981402453660488,0.009563487798373108,-0.004627181624216564,-0.000616748233097756,341.79
35.256,0.009644024536604876,0.009563487798373108,-0.004547181624216567,-0.0008767482330977385,341.79
35.26,0.009394024536604904,0.009563487798373108,-0.00419718162421655,-0.001046748233097742,341.79
35.264,0.009044024536604887,0.009653487798373142,-0.0038571816242165707,-0.0012967482330977422,341.79
35.268,0.009044024536604887,0.009733487798373111,-0.003687181624216567,-0.001386748233097749,341.79
35.272,0.008874024536604883,0.009563487798373108,-0.003437181624216567,-0.001726748233097756,341.79
35.276,0.008624024536604855,0.009483487798373139,-0.0029171816242165743,-0.002156748233097742,341.79
35.28,0.008534024536604876,0.009223487798373101,-0.0024971816242165706,-0.0023267482330977455,341.79
35.284,0.008454024536604907,0.009223487798373101,-0.0022371816242165604,-0.0025867482330977558,341.79
35.288,0.008534024536604876,0.009223487798373101,-0.00172718162421655,-0.002926748233097735,341.79
35.292,0.008284024536604904,0.009053487798373097,-0.0013771816242165607,-0.0030067482330977595,341.79
35.296,0.00819402453660487,0.008793487798373115,-0.0012071816242165572,-0.003266748233097742,341.79
35.3,0.00785402453660489,0.00871348779837309,-0.0008671816242165504,-0.0034367482330977454,341.79
35.304,0.007514024536604883,0.008623487798373112,-0.0005271816242165712,-0.0036967482330977556,341.79
35.308,0.007424024536604876,0.008373487798373139,-9.718162421655743e-05,-0.003866748233097759,341.79
35.312,0.0069940245366048905,0.008373487798373139,0.0001528183757834428,-0.004286748233097735,341.79
35.316,0.0066540245366048835,0.008193487798373126,0.00032281837578344624,-0.004466748233097748,341.79
35.32,0.00648402453660488,0.007943487798373125,0.0006728183757834355,-0.004806748233097755,341.79
35.324,0.006144024536604873,0.007853487798373119,0.0010928183757834393,-0.005056748233097755,341.79
35.328,0.005804024536604894,0.007603487798373118,0.0015228183757834252,-0.005226748233097759,341.79
35.332,0.00563402453660489,0.007433487798373115,0.0020328183757834357,-0.005486748233097741,341.79
35.336,0.005284024536604873,0.007173487798373105,0.0023728183757834426,-0.005656748233097745,341.79
35.34,0.004944024536604894,0.007173487798373105,0.0023728183757834426,-0.005916748233097755,341.79
35.344,0.004694024536604894,0.007003487798373129,0.0024628183757834494,-0.005996748233097752,341.79
35.348,0.004434024536604884,0.006743487798373119,0.0028028183757834286,-0.006256748233097734,341.79
35.352,0.004094024536604877,0.006573487798373115,0.0032328183757834423,-0.006426748233097738,341.79
35.356,0.0037540245366048702,0.006313487798373105,0.0036628183757834282,-0.006766748233097745,341.79
35.36,0.0033240245366048843,0.006143487798373129,0.003912818375783428,-0.007026748233097755,341.79
35.364,0.003064024536604874,0.005803487798373122,0.004172818375783438,-0.007286748233097737,341.79
35.368,0.002814024536604874,0.005553487798373122,0.004512818375783445,-0.0075367482330977375,341.79
35.372,0.0024640245366048846,0.005373487798373109,0.004682818375783449,-0.007626748233097744,341.79
35.376,0.0021240245366048777,0.0050334877983731294,0.004942818375783431,-0.007876748233097745,341.79
35.38,0.001704024536604874,0.0046934877983731225,0.005282818375783438,-0.007966748233097752,341.79
35.384,0.0013540245366048848,0.004523487798373119,0.005622818375783445,-0.008226748233097735,341.79
35.388,0.0011840245366048813,0.004183487798373112,0.005712818375783452,-0.008306748233097759,341.79
35.392,0.0008440245366048742,0.003923487798373102,0.006132818375783428,-0.008306748233097759,341.79
35.396,0.000594024536604874,0.0036734877983731298,0.006732818375783445,-0.008396748233097738,341.79
35.4,0.0004140245366048883,0.002983487798373106,0.006992818375783427,-0.008646748233097738,341.79
35.404,-9.597546339512214e-05,0.0028134877983731024,0.007252818375783438,-0.008906748233097748,341.79
35.408,-0.00034597546339512234,0.0026434877983731266,0.007332818375783434,-0.009166748233097759,341.79
35.412,-0.0004359754633951291,0.0023034877983731197,0.007672818375783441,-0.009166748233097759,341.79
35.416,-0.0006959754633951116,0.002133487798373116,0.00801281837578345,-0.009166748233097759,341.79
35.42,-0.0007759754633951083,0.001873487798373106,0.008272818375783432,-0.009336748233097734,341.79
35.424,-0.001205975463395122,0.0017034877983731025,0.008532818375783414,-0.009586748233097735,341.79
35.428,-0.001545975463395129,0.0012734877983731165,0.008612818375783439,-0.009586748233097735,341.79
35.432,-0.0017159754633951324,0.0009334877983731095,0.008782818375783442,-0.009586748233097735,341.79
35.436,-0.0020559754633951116,0.0008534877983731127,0.008702818375783418,-0.009586748233097735,341.79
35.44,-0.0024859754633951253,0.0005034877983731235,0.008782818375783442,-0.009676748233097741,341.79
35.444,-0.0028259754633951323,0.00016348779837311656,0.008952818375783446,-0.009676748233097741,341.79
35.448,-0.0030859754633951147,-8.651220162688366e-05,0.009212818375783428,-0.009676748233097741,341.79
35.452,-0.0031659754633951115,-0.0003465122016268939,0.009302818375783463,-0.009676748233097741,341.79
35.456,-0.003345975463395125,-0.0007765122016268798,0.009382818375783432,-0.009926748233097742,341.79
35.46,-0.003595975463395125,-0.0011165122016268867,0.009642818375783414,-0.010016748233097748,341.79
35.464,-0.0037659754633951287,-0.001376512201626897,0.009642818375783414,-0.009926748233097742,341.79
35.468,-0.004105975463395108,-0.0018865122016268796,0.009722818375783438,-0.009676748233097741,341.79
35.472,-0.004455975463395125,-0.00213651220162688,0.009892818375783442,-0.009586748233097735,341.79
35.476,-0.004535975463395122,-0.0023165122016268933,0.010072818375783455,-0.009676748233097741,341.79
35.48,-0.004875975463395129,-0.0025665122016268935,0.010072818375783455,-0.009586748233097735,341.79
35.484,-0.0051359754633951114,-0.002736512201626897,0.010152818375783424,-0.009336748233097734,341.79
35.488,-0.005395975463395122,-0.003166512201626883,0.010072818375783455,-0.009246748233097755,341.79
35.492,-0.005815975463395125,-0.0033365122016268864,0.010152818375783424,-0.009166748233097759,341.79
35.496,-0.006165975463395115,-0.0036765122016268934,0.010152818375783424,-0.008906748233097748,341.79
35.5,-0.006415975463395115,-0.004016512201626873,0.010152818375783424,-0.008736748233097745,341.79
35.504,-0.0068459754633951285,-0.004276512201626883,0.010152818375783424,-0.008646748233097738,341.79
35.508,-0.007015975463395132,-0.00436651220162689,0.010152818375783424,-0.008396748233097738,341.79
35.512,-0.0072759754633951144,-0.004786512201626894,0.010072818375783455,-0.008306748233097759,341.79
35.516,-0.007525975463395115,-0.00521651220162688,0.009812818375783417,-0.008046748233097749,341.79
35.52,-0.007785975463395125,-0.005386512201626883,0.009812818375783417,-0.007876748233097745,341.79
35.524,-0.007785975463395125,-0.00572651220162689,0.009722818375783438,-0.007626748233097744,341.79
35.528,-0.007785975463395125,-0.005986512201626873,0.009722818375783438,-0.0075367482330977375,341.79
35.532,-0.008045975463395107,-0.006076512201626879,0.00963281837578346,-0.0075467482330977475,341.79
35.536,-0.008295975463395108,-0.006416512201626886,0.009382818375783432,-0.007286748233097737,341.79
35.54,-0.008555975463395118,-0.0067665122016268755,0.009202818375783418,-0.007036748233097737,341.79
35.544,-0.008635975463395115,-0.0070965122016268724,0.008952818375783446,-0.006686748233097748,341.79
35.548,-0.008815975463395128,-0.007616512201626893,0.008782818375783442,-0.006436748233097748,341.79
35.552,-0.009065975463395128,-0.007776512201626886,0.008612818375783439,-0.006256748233097734,341.79
35.556,-0.009415975463395117,-0.008046512201626879,0.00852281837578346,-0.006006748233097734,341.79
35.56,-0.009495975463395114,-0.008126512201626876,0.008362818375783466,-0.005656748233097745,341.79
35.564,-0.009755975463395124,-0.008386512201626886,0.008352818375783456,-0.005236748233097741,341.79
35.568,-0.009745975463395114,-0.008466512201626883,0.008102818375783428,-0.005056748233097755,341.79
35.572,-0.009845975463395131,-0.008646512201626896,0.007752818375783438,-0.004806748233097755,341.79
35.576,-0.009925975463395128,-0.008896512201626896,0.007672818375783441,-0.004636748233097752,341.79
35.58,-0.01018597546339511,-0.008986512201626875,0.007412818375783431,-0.004216748233097748,341.79
35.584,-0.010175975463395128,-0.009236512201626875,0.007252818375783438,-0.0037767482330977524,341.79
35.588,-0.01018597546339511,-0.009406512201626879,0.006902818375783448,-0.003526748233097752,341.79
35.592,-0.010175975463395128,-0.00965651220162688,0.006652818375783448,-0.0034367482330977454,341.79
35.596,-0.01018597546339511,-0.009756512201626896,0.006382818375783428,-0.0030167482330977417,341.79
35.6,-0.010265975463395107,-0.009746512201626886,0.006052818375783431,-0.0025867482330977558,341.79
35.604,-0.010355975463395114,-0.009836512201626893,0.005702818375783442,-0.0023367482330977555,341.79
35.608,-0.010345975463395132,-0.010086512201626893,0.005622818375783445,-0.002156748233097742,341.79
35.612,-0.010265975463395107,-0.010096512201626875,0.005362818375783435,-0.0018167482330977349,341.79
35.616,-0.010265975463395107,-0.010086512201626893,0.005022818375783428,-0.001386748233097749,341.79
35.62,-0.010265975463395107,-0.010176512201626872,0.0044228183757834385,-0.0011367482330977487,341.79
35.624,-0.010265975463395107,-0.010256512201626896,0.004252818375783435,-0.0009567482330977352,341.79
35.628,-0.010265975463395107,-0.010266512201626879,0.004252818375783435,-0.0006267482330977383,341.79
35.632,-0.010345975463395132,-0.010516512201626879,0.0036628183757834282,-0.00010674823309774563,341.79
35.636,-0.010095975463395131,-0.010526512201626889,0.0033928183757834358,0.0003132517669022581,341.79
35.64,-0.009835975463395121,-0.010516512201626879,0.0034928183757834525,0.0005832517669022506,341.79
35.644,-0.009845975463395131,-0.010526512201626889,0.003052818375783429,0.0007432517669022441,341.79
35.648,-0.009835975463395121,-0.010426512201626872,0.0025528183757834283,0.001093251766902261,341.79
35.652,-0.009755975463395124,-0.010346512201626875,0.0023728183757834426,0.0015132517669022647,341.79
35.656,-0.009405975463395107,-0.010256512201626896,0.002202818375783439,0.001863251766902254,341.79
35.66,-0.00907597546339511,-0.010006512201626896,0.0018628183757834322,0.0022832517669022574,341.79
35.664,-0.008805975463395118,-0.009746512201626886,0.0016928183757834287,0.00280325176690225,341.79
35.668,-0.008645975463395125,-0.009756512201626896,0.0014328183757834462,0.0033032517669022506,341.79
35.672,-0.008465975463395111,-0.009746512201626886,0.0010928183757834393,0.003573251766902243,341.79
35.676,-0.008385975463395114,-0.009586512201626892,0.0008328183757834289,0.0036432517669022575,341.79
35.68,-0.008295975463395108,-0.009406512201626879,0.0005828183757834287,0.003993251766902247,341.79
35.684,-0.00796597546339511,-0.009406512201626879,0.00023281837578343953,0.004333251766902254,341.79
35.688,-0.007445975463395118,-0.009236512201626875,-9.718162421655743e-05,0.004763251766902268,341.79
35.692,-0.007365975463395121,-0.008986512201626875,-0.00036718162421654993,0.005183251766902244,341.79
35.696,-0.007355975463395111,-0.008976512201626893,-0.0006171816242165502,0.0056232517669022675,341.79
35.7,-0.007365975463395121,-0.008896512201626896,-0.0009571816242165571,0.005873251766902268,341.79
35.704,-0.007015975463395132,-0.008636512201626886,-0.0013771816242165607,0.005963251766902247,341.79
35.708,-0.006675975463395125,-0.008386512201626886,-0.0016471816242165532,0.0060432517669022435,341.79
35.712,-0.006415975463395115,-0.008036512201626897,-0.00197718162421655,0.00639325176690226,341.79
35.716,-0.006085975463395118,-0.007876512201626875,-0.0022471816242165704,0.006643251766902261,341.79
35.72,-0.005815975463395125,-0.007866512201626893,-0.0025771816242165673,0.006903251766902243,341.79
35.724,-0.005655975463395132,-0.007616512201626893,-0.0029271816242165565,0.007233251766902268,341.79
35.728,-0.005305975463395115,-0.007526512201626886,-0.0031771816242165568,0.007583251766902257,341.79
35.732,-0.005055975463395115,-0.007276512201626886,-0.003437181624216567,0.0077532517669022605,341.79
35.736,-0.004875975463395129,-0.007016512201626876,-0.003687181624216567,0.008013251766902242,341.79
35.74,-0.004545975463395132,-0.006846512201626872,-0.003867181624216553,0.008093251766902267,341.79
35.744,-0.004195975463395115,-0.00658651220162689,-0.004117181624216554,0.008353251766902249,341.79
35.748,-0.003945975463395115,-0.0063365122016268895,-0.004297181624216567,0.008523251766902253,341.79
35.752,-0.0035159754633951284,-0.005986512201626873,-0.004627181624216564,0.008783251766902235,341.79
35.756,-0.0031759754633951215,-0.005656512201626876,-0.0048971816242165565,0.00877325176690228,341.79
35.76,-0.0030859754633951147,-0.00547651220162689,-0.0051371816242165745,0.00886325176690226,341.79
35.764,-0.002575975463395132,-0.00522651220162689,-0.005487181624216564,0.008943251766902229,341.79
35.768,-0.0020559754633951116,-0.004876512201626873,-0.005657181624216567,0.009213251766902276,341.79
35.772,-0.0017259754633951146,-0.004456512201626897,-0.00591718162421655,0.009203251766902266,341.79
35.776,-0.001635975463395108,-0.004016512201626873,-0.00616718162421655,0.009213251766902276,341.79
35.78,-0.0012959754633951287,-0.0037765122016268824,-0.006257181624216557,0.009203251766902266,341.78
35.784,-0.0007759754633951083,-0.00350651220162689,-0.006507181624216557,0.009213251766902276,341.78
35.788,-0.00035597546339513234,-0.003176512201626893,-0.006767181624216567,0.009203251766902266,341.78
35.792,-0.00017597546339511886,-0.0029065122016268727,-0.007107181624216574,0.009213251766902276,341.78
35.796,7.402453660488135e-05,-0.0026565122016268725,-0.0073671816242165565,0.009203251766902266,341.78
35.8,0.0005040245366048673,-0.0023165122016268933,-0.00753718162421656,0.009213251766902276,341.78
35.804,0.000834024536604892,-0.0018965122016268896,-0.00779718162421657,0.009283251766902235,341.78
35.808,0.0011840245366048813,-0.0014565122016268937,-0.007877181624216566,0.009553251766902228,341.78
35.812,0.0015240245366048883,-0.0012065122016268934,-0.007887181624216548,0.009633251766902252,341.78
35.816,0.001954024536604874,-0.0011165122016268867,-0.008137181624216549,0.009723251766902231,341.78
35.82,0.002384024536604888,-0.0007765122016268798,-0.008217181624216573,0.009723251766902231,341.78
35.824,0.0026440245366048704,-0.0003465122016268939,-0.008307181624216552,0.009633251766902252,341.78
35.828,0.0029840245366048773,8.348779837311982e-05,-0.008557181624216552,0.009633251766902252,341.78
35.832,0.0033240245366048843,0.0005034877983731235,-0.008647181624216559,0.009723251766902231,341.78
35.836,0.0036640245366048913,0.0008534877983731127,-0.008727181624216556,0.009723251766902231,341.78
35.84,0.00400402453660487,0.001103487798373113,-0.008727181624216556,0.009633251766902252,341.78
35.844,0.00426402453660488,0.0015334877983731268,-0.008817181624216562,0.009463251766902249,341.78
35.848,0.004604024536604887,0.0017934877983731092,-0.009077181624216573,0.009293251766902245,341.78
35.852,0.00486402453660487,0.002213487798373113,-0.009077181624216573,0.009293251766902245,341.78
35.856,0.005204024536604877,0.0026434877983731266,-0.009077181624216573,0.009293251766902245,341.78
35.86,0.005714024536604887,0.002983487798373106,-0.009077181624216573,0.009213251766902276,341.78
35.864,0.005884024536604891,0.0031534877983731093,-0.00915718162421657,0.00886325176690226,341.78
35.868,0.005884024536604891,0.0030734877983731126,-0.009587181624216555,0.008523251766902253,341.78
35.872,0.00622402453660487,0.0034134877983731196,-0.009837181624216556,0.008443251766902228,341.78
35.876,0.00648402453660488,0.0037534877983731265,-0.009927181624216562,0.008353251766902249,341.78
35.88,0.00674402453660489,0.004183487798373112,-0.009837181624216556,0.008103251766902277,341.78
35.884,0.0070840245366048694,0.004523487798373119,-0.009837181624216556,0.008103251766902277,341.78
35.888,0.00734402453660488,0.004863487798373126,-0.009927181624216562,0.007923251766902263,341.78
35.892,0.007514024536604883,0.005373487798373109,-0.009927181624216562,0.007673251766902264,341.78
35.896,0.00785402453660489,0.005633487798373119,-0.009927181624216562,0.007583251766902257,341.78
35.9,0.008024024536604894,0.005893487798373129,-0.009837181624216556,0.007333251766902257,341.78
35.904,0.008284024536604904,0.006233487798373108,-0.009757181624216559,0.007163251766902253,341.78
35.908,0.008534024536604876,0.0064934877983731185,-0.009587181624216555,0.006903251766902243,341.78
35.912,0.00870402453660488,0.006743487798373119,-0.009497181624216549,0.006733251766902267,341.78
35.916,0.009044024536604887,0.007003487798373129,-0.009497181624216549,0.006473251766902257,341.78
35.92,0.009044024536604887,0.007173487798373105,-0.009497181624216549,0.006303251766902254,341.78
35.924,0.009044024536604887,0.007513487798373112,-0.009497181624216549,0.005963251766902247,341.78
35.928,0.00930402453660487,0.007853487798373119,-0.009327181624216573,0.005703251766902264,341.78
35.932,0.009394024536604904,0.007943487798373125,-0.009077181624216573,0.005453251766902264,341.78
35.936,0.009564024536604907,0.008193487798373126,-0.009077181624216573,0.005103251766902247,341.78
35.94,0.00981402453660488,0.008283487798373105,-0.008987181624216566,0.004763251766902268,341.78
35.944,0.00981402453660488,0.008373487798373139,-0.008647181624216559,0.004423251766902261,341.78
35.948,0.00981402453660488,0.008623487798373112,-0.008477181624216555,0.004163251766902251,341.78
35.952,0.009984024536604883,0.00871348779837309,-0.008557181624216552,0.0039132517669022504,341.78
35.956,0.010074024536604862,0.00871348779837309,-0.008307181624216552,0.0038232517669022433,341.78
35.96,0.010164024536604897,0.00871348779837309,-0.007957181624216563,0.003573251766902243,341.78
35.964,0.010244024536604866,0.008793487798373115,-0.0077071816242165634,0.003483251766902264,341.78
35.968,0.010244024536604866,0.009053487798373097,-0.00753718162421656,0.0030532517669022504,341.78
35.972,0.010244024536604866,0.009133487798373122,-0.007447181624216553,0.0026332517669022466,341.78
35.976,0.010164024536604897,0.009133487798373122,-0.007197181624216553,0.0022832517669022574,341.78
35.98,0.010164024536604897,0.009133487798373122,-0.0069371816242165705,0.0020332517669022572,341.78
35.984,0.010244024536604866,0.009393487798373104,-0.0065971816242165636,0.0017732517669022472,341.78
35.988,0.010244024536604866,0.009483487798373139,-0.006337181624216553,0.0014332517669022402,341.78
35.992,0.010244024536604866,0.009483487798373139,-0.006077181624216571,0.001093251766902261,341.78
35.996,0.010244024536604866,0.009483487798373139,-0.005737181624216564,0.0008332517669022508,341.78
36.0,0.010244024536604866,0.009483487798373139,-0.005487181624216564,0.0005832517669022506,341.78
36.004,0.010244024536604866,0.009483487798373139,-0.005487181624216564,0.00023325176690226133,341.78
36.008,0.010164024536604897,0.009483487798373139,-0.005397181624216557,-1.6748233097738888e-05,341.78
36.012,0.009904024536604859,0.009483487798373139,-0.004967181624216571,-0.00018674823309774237,341.78
36.016,0.009904024536604859,0.009563487798373108,-0.004627181624216564,-0.0005267482330977493,341.78
36.02,0.009734024536604855,0.009563487798373108,-0.0044571816242165605,-0.0008767482330977385,341.78
36.024,0.009474024536604873,0.009653487798373142,-0.004117181624216554,-0.0011267482330977387,341.78
36.028,0.009394024536604904,0.00982348779837309,-0.0038571816242165707,-0.0014667482330977457,341.78
36.032,0.009134024536604866,0.00982348779837309,-0.0036071816242165705,-0.001726748233097756,341.78
36.036,0.008874024536604883,0.009563487798373108,-0.0032571816242165535,-0.0018967482330977594,341.78
36.04,0.00870402453660488,0.009563487798373108,-0.0030071816242165533,-0.002156748233097742,341.78
36.044,0.00870402453660488,0.009563487798373108,-0.002747181624216571,-0.0023267482330977455,341.78
36.048,0.00870402453660488,0.009483487798373139,-0.0021471816242165536,-0.0026667482330977525,341.78
36.052,0.008534024536604876,0.009223487798373101,-0.00172718162421655,-0.002926748233097735,341.78
36.056,0.008284024536604904,0.009133487798373122,-0.0014671816242165675,-0.003176748233097735,341.78
36.06,0.00819402453660487,0.009133487798373122,-0.0012071816242165572,-0.0034367482330977454,341.78
36.064,0.007934024536604887,0.009053487798373097,-0.0008671816242165504,-0.003526748233097752,341.78
36.068,0.00785402453660489,0.008793487798373115,-0.0004371816242165644,-0.003866748233097759,341.78
36.072,0.007424024536604876,0.00871348779837309,-9.718162421655743e-05,-0.004116748233097759,341.78
36.076,0.0070840245366048694,0.008623487798373112,0.0001528183757834428,-0.004376748233097741,341.78
36.08,0.0069940245366048905,0.008373487798373139,0.00041281837578342523,-0.004636748233097752,341.78
36.084,0.006574024536604887,0.008193487798373126,0.0008428183757834389,-0.004806748233097755,341.78
36.088,0.006144024536604873,0.007943487798373125,0.0012628183757834427,-0.005056748233097755,341.78
36.092,0.00597402453660487,0.007773487798373122,0.001612818375783432,-0.005146748233097734,341.78
36.096,0.005714024536604887,0.007513487798373112,0.001952818375783439,-0.005486748233097741,341.78
36.1,0.005464024536604887,0.007433487798373115,0.002292818375783446,-0.005826748233097748,341.78
36.104,0.005204024536604877,0.007253487798373129,0.0023728183757834426,-0.005996748233097752,341.78
36.108,0.00486402453660487,0.007253487798373129,0.0024628183757834494,-0.006256748233097734,341.78
36.112,0.0045240245366048905,0.006913487798373122,0.002722818375783432,-0.006426748233097738,341.78
36.116,0.004094024536604877,0.006663487798373122,0.0032328183757834423,-0.006686748233097748,341.78
36.12,0.0037540245366048702,0.006573487798373115,0.0035728183757834492,-0.006856748233097751,341.78
36.124,0.0036640245366048913,0.006313487798373105,0.003742818375783425,-0.007106748233097752,341.78
36.128,0.0033240245366048843,0.006233487798373108,0.0040828183757834315,-0.007196748233097758,341.78
36.132,0.002814024536604874,0.005893487798373129,0.0044328183757834485,-0.0075367482330977375,341.78
36.136,0.0024640245366048846,0.005553487798373122,0.004772818375783428,-0.007876748233097745,341.78
36.14,0.0021240245366048777,0.005293487798373112,0.004852818375783452,-0.008046748233097749,341.78
36.144,0.0018740245366048775,0.004953487798373105,0.005192818375783431,-0.008306748233097759,341.78
36.148,0.0015240245366048883,0.004613487798373126,0.005542818375783448,-0.008476748233097735,341.78
36.152,0.0011840245366048813,0.0043534877983731155,0.0057928183757834486,-0.008476748233097735,341.78
36.156,0.0008440245366048742,0.004183487798373112,0.0062228183757834345,-0.008736748233097745,341.78
36.16,0.000594024536604874,0.0038434877983731055,0.006652818375783448,-0.008816748233097742,341.78
36.164,0.0003340245366048916,0.003323487798373113,0.006902818375783448,-0.008816748233097742,341.78
36.168,-5.975463395115394e-06,0.002983487798373106,0.007162818375783431,-0.009076748233097752,341.78
36.172,-0.0002659754633951256,0.002903487798373109,0.007332818375783434,-0.009246748233097755,341.78
36.176,-0.0004359754633951291,0.00255348779837312,0.007592818375783445,-0.009506748233097738,341.78
36.18,-0.0006059754633951326,0.0023034877983731197,0.007762818375783448,-0.009506748233097738,341.78
36.184,-0.0008659754633951151,0.002133487798373116,0.008192818375783463,-0.009506748233097738,341.78
36.188,-0.001205975463395122,0.0017934877983731092,0.008532818375783414,-0.009586748233097735,341.78
36.192,-0.001545975463395129,0.0013634877983731233,0.008702818375783418,-0.009756748233097738,341.78
36.196,-0.0017159754633951324,0.0010234877983731163,0.008952818375783446,-0.010016748233097748,341.78
36.2,-0.0021459754633951183,0.000763487798373106,0.008952818375783446,-0.010016748233097748,341.78
36.204,-0.0024859754633951253,0.0004234877983731268,0.008952818375783446,-0.010016748233097748,341.78
36.208,-0.0028259754633951323,8.348779837311982e-05,0.009042818375783425,-0.009926748233097742,341.78
36.212,-0.0030859754633951147,-0.0001765122016268904,0.009302818375783463,-0.010016748233097748,341.78
36.216,-0.003345975463395125,-0.0003465122016268939,0.009302818375783463,-0.010016748233097748,341.78
36.22,-0.003595975463395125,-0.0006865122016268731,0.009472818375783466,-0.010016748233097748,341.78
36.224,-0.003685975463395132,-0.0011165122016268867,0.009722818375783438,-0.010016748233097748,341.78
36.228,-0.0038559754633951076,-0.0015465122016268726,0.009812818375783417,-0.010016748233097748,341.78
36.232,-0.004195975463395115,-0.0018865122016268796,0.009722818375783438,-0.010016748233097748,341.78
36.236,-0.0043659754633951185,-0.0023165122016268933,0.009722818375783438,-0.009926748233097742,341.78
36.24,-0.004625975463395129,-0.0026565122016268725,0.009892818375783442,-0.009676748233097741,341.78
36.244,-0.004965975463395108,-0.0029065122016268727,0.010072818375783455,-0.009676748233097741,341.78
36.248,-0.005225975463395118,-0.003166512201626883,0.010072818375783455,-0.009506748233097738,341.78
36.252,-0.005475975463395118,-0.0032565122016268897,0.010152818375783424,-0.009246748233097755,341.78
36.256,-0.005815975463395125,-0.0033365122016268864,0.010072818375783455,-0.009246748233097755,341.78
36.26,-0.006165975463395115,-0.0036765122016268934,0.010152818375783424,-0.009166748233097759,341.78
36.264,-0.006335975463395118,-0.004016512201626873,0.010152818375783424,-0.008906748233097748,341.78
36.268,-0.0068459754633951285,-0.00436651220162689,0.010152818375783424,-0.008736748233097745,341.78
36.272,-0.007105975463395111,-0.004706512201626897,0.010152818375783424,-0.008476748233097735,341.78
36.276,-0.007355975463395111,-0.004956512201626897,0.010072818375783455,-0.008396748233097738,341.78
36.28,-0.007445975463395118,-0.005306512201626886,0.009812818375783417,-0.008396748233097738,341.78
36.284,-0.007695975463395118,-0.005556512201626887,0.009722818375783438,-0.008136748233097756,341.78
36.288,-0.007955975463395128,-0.00572651220162689,0.009722818375783438,-0.007876748233097745,341.78
36.292,-0.008125975463395132,-0.006076512201626879,0.009812818375783417,-0.007626748233097744,341.78
36.296,-0.007955975463395128,-0.0063265122016268795,0.009722818375783438,-0.0075367482330977375,341.78
36.3,-0.00821597546339511,-0.006496512201626883,0.009472818375783466,-0.007286748233097737,341.78
36.304,-0.008465975463395111,-0.006756512201626893,0.009382818375783432,-0.007106748233097752,341.78
36.308,-0.008725975463395121,-0.007266512201626876,0.009212818375783428,-0.006856748233097751,341.78
36.312,-0.008985975463395132,-0.00769651220162689,0.008952818375783446,-0.006596748233097741,341.78
36.316,-0.009065975463395128,-0.007956512201626872,0.008782818375783442,-0.006346748233097741,341.78
36.32,-0.00932597546339511,-0.008126512201626876,0.008532818375783414,-0.006256748233097734,341.78
36.324,-0.00932597546339511,-0.008376512201626876,0.008532818375783414,-0.005916748233097755,341.78
36.328,-0.009495975463395114,-0.00854651220162688,0.008532818375783414,-0.005486748233097741,341.78
36.332,-0.009745975463395114,-0.008716512201626883,0.008272818375783432,-0.005056748233097755,341.78
36.336,-0.009835975463395121,-0.008716512201626883,0.00801281837578345,-0.004716748233097748,341.78
36.34,-0.009925975463395128,-0.008896512201626896,0.007672818375783441,-0.004636748233097752,341.78
36.344,-0.010175975463395128,-0.008976512201626893,0.007422818375783441,-0.004376748233097741,341.78
36.348,-0.010175975463395128,-0.009236512201626875,0.007162818375783431,-0.004206748233097738,341.78
36.352,-0.010175975463395128,-0.009236512201626875,0.006902818375783448,-0.003866748233097759,341.78
36.356,-0.010175975463395128,-0.009406512201626879,0.006822818375783452,-0.003526748233097752,341.78
36.36,-0.010175975463395128,-0.00965651220162688,0.0065628183757834415,-0.0030067482330977595,341.78
36.364,-0.010095975463395131,-0.009746512201626886,0.0062228183757834345,-0.0026667482330977525,341.78
36.368,-0.010175975463395128,-0.009836512201626893,0.005962818375783452,-0.0025867482330977558,341.78
36.372,-0.010175975463395128,-0.010086512201626893,0.005622818375783445,-0.002236748233097739,341.78
36.376,-0.010175975463395128,-0.010086512201626893,0.005372818375783445,-0.0018167482330977349,341.78
36.38,-0.010265975463395107,-0.010176512201626872,0.005112818375783435,-0.0014667482330977457,341.78
36.384,-0.010515975463395107,-0.010346512201626875,0.004772818375783428,-0.0012967482330977422,341.78
36.388,-0.010515975463395107,-0.010516512201626879,0.004512818375783445,-0.0009567482330977352,341.78
36.392,-0.010265975463395107,-0.010596512201626876,0.0044328183757834485,-0.000616748233097756,341.78
36.396,-0.010265975463395107,-0.010516512201626879,0.0040828183757834315,-0.0002767482330977491,341.78
36.4,-0.010345975463395132,-0.010596512201626876,0.003742818375783425,-1.6748233097738888e-05,341.78
36.404,-0.010005975463395125,-0.010516512201626879,0.0034928183757834525,0.0003232517669022403,341.78
36.408,-0.009495975463395114,-0.010516512201626879,0.0031428183757834355,0.0006632517669022473,341.78
36.412,-0.009405975463395107,-0.010596512201626876,0.0028028183757834286,0.001093251766902261,341.78
36.416,-0.009405975463395107,-0.010516512201626879,0.0024628183757834494,0.001523251766902247,341.78
36.42,-0.009405975463395107,-0.010086512201626893,0.002292818375783446,0.0019432517669022507,341.78
36.424,-0.00932597546339511,-0.009746512201626886,0.001952818375783439,0.002373251766902264,341.78
36.428,-0.008985975463395132,-0.009746512201626886,0.0016928183757834287,0.00254325176690224,341.78
36.432,-0.008635975463395115,-0.009746512201626886,0.0015228183757834252,0.00280325176690225,341.78
36.436,-0.008465975463395111,-0.009576512201626882,0.001182818375783446,0.003143251766902257,341.78
36.44,-0.00821597546339511,-0.009486512201626876,0.0009228183757834357,0.003573251766902243,341.78
36.444,-0.008125975463395132,-0.009486512201626876,0.0006728183757834355,0.0038232517669022433,341.78
36.448,-0.007865975463395122,-0.009406512201626879,0.00024281837578344953,0.004343251766902264,341.78
36.452,-0.007785975463395125,-0.009236512201626875,-9.718162421655743e-05,0.004763251766902268,341.78
36.456,-0.007695975463395118,-0.008976512201626893,-0.00018718162421656418,0.005193251766902254,341.78
36.46,-0.007615975463395121,-0.008896512201626896,-0.0004371816242165644,0.0056232517669022675,341.78
36.464,-0.007355975463395111,-0.008636512201626886,-0.0006971816242165746,0.005873251766902268,341.78
36.468,-0.007105975463395111,-0.008376512201626876,-0.0009571816242165571,0.005963251766902247,341.78
36.472,-0.006925975463395125,-0.008126512201626876,-0.001637181624216571,0.0060432517669022435,341.78
36.476,-0.006585975463395118,-0.008036512201626897,-0.00197718162421655,0.00639325176690226,341.78
36.48,-0.006335975463395118,-0.007866512201626893,-0.0022371816242165604,0.006733251766902267,341.78
36.484,-0.006075975463395108,-0.007956512201626872,-0.0025771816242165673,0.006903251766902243,341.78
36.488,-0.005645975463395122,-0.007776512201626886,-0.00283718162421655,0.00724325176690225,341.78
36.492,-0.005395975463395122,-0.007606512201626883,-0.0030071816242165533,0.007583251766902257,341.78
36.496,-0.005305975463395115,-0.007266512201626876,-0.0033471816242165602,0.007673251766902264,341.78
36.5,-0.004875975463395129,-0.007016512201626876,-0.0036071816242165705,0.007923251766902263,341.78
36.504,-0.004535975463395122,-0.006756512201626893,-0.003687181624216567,0.008103251766902277,341.78
36.508,-0.0043659754633951185,-0.006496512201626883,-0.003777181624216574,0.008353251766902249,341.78
36.512,-0.0040259754633951116,-0.0063265122016268795,-0.00419718162421655,0.008613251766902232,341.78
36.516,-0.003595975463395125,-0.005986512201626873,-0.004547181624216567,0.008783251766902235,341.78
36.52,-0.003255975463395118,-0.005646512201626893,-0.004717181624216571,0.008783251766902235,341.78
36.524,-0.0028259754633951323,-0.005556512201626887,-0.00505718162421655,0.00886325176690226,341.78
36.528,-0.0024859754633951253,-0.00521651220162688,-0.00531718162421656,0.008953251766902239,341.78
36.532,-0.0024059754633951286,-0.004786512201626894,-0.005397181624216557,0.009213251766902276,341.78
36.536,-0.0021459754633951183,-0.00436651220162689,-0.005657181624216567,0.009213251766902276,341.78
36.54,-0.001635975463395108,-0.004016512201626873,-0.005907181624216567,0.009213251766902276,341.78
36.544,-0.0012859754633951187,-0.0036765122016268934,-0.006257181624216557,0.009213251766902276,341.78
36.548,-0.0011159754633951152,-0.00350651220162689,-0.006507181624216557,0.009213251766902276,341.78
36.552,-0.0007759754633951083,-0.0032565122016268897,-0.00667718162421656,0.009293251766902245,341.78
36.556,-0.0004359754633951291,-0.0029065122016268727,-0.006847181624216564,0.009553251766902228,341.78
36.56,-5.975463395115394e-06,-0.0026565122016268725,-0.00727718162421655,0.009633251766902252,341.78
36.564,0.0004140245366048883,-0.0023165122016268933,-0.0073671816242165565,0.009723251766902231,341.78
36.568,0.0008440245366048742,-0.0019665122016268763,-0.00753718162421656,0.009723251766902231,341.78
36.572,0.0011040245366048845,-0.0017165122016268761,-0.00778718162421656,0.009633251766902252,341.78
36.576,0.001274024536604888,-0.0015465122016268726,-0.007877181624216566,0.00938325176690228,341.78
36.58,0.0016140245366048672,-0.0011965122016268834,-0.007877181624216566,0.009293251766902245,341.78
36.584,0.002044024536604881,-0.0006865122016268731,-0.008137181624216549,0.00938325176690228,341.78
36.588,0.0024640245366048846,-0.00025651220162688714,-0.008307181624216552,0.009463251766902249,341.78
36.592,0.0028940245366048706,0.00016348779837311656,-0.008387181624216549,0.009293251766902245,341.78
36.596,0.0033240245366048843,0.0005934877983731025,-0.008387181624216549,0.009293251766902245,341.78
36.6,0.0036640245366048913,0.0009334877983731095,-0.008387181624216549,0.00938325176690228,341.78
36.604,0.003834024536604867,0.0011934877983731198,-0.008647181624216559,0.009633251766902252,341.78
36.608,0.0041740245366048735,0.0013634877983731233,-0.008727181624216556,0.009633251766902252,341.78
36.612,0.0045240245366048905,0.0017034877983731025,-0.008817181624216562,0.00938325176690228,341.78
36.616,0.005034024536604873,0.002133487798373116,-0.009077181624216573,0.009213251766902276,341.78
36.62,0.00537402453660488,0.002473487798373123,-0.009077181624216573,0.008953251766902239,341.78
36.624,0.005464024536604887,0.0027334877983731056,-0.009077181624216573,0.008783251766902235,341.78
36.628,0.005464024536604887,0.002983487798373106,-0.00915718162421657,0.008693251766902256,341.78
36.632,0.005714024536604887,0.0030734877983731126,-0.009417181624216552,0.008443251766902228,341.78
36.636,0.006144024536604873,0.0034134877983731196,-0.009587181624216555,0.008443251766902228,341.78
36.64,0.006404024536604883,0.0037534877983731265,-0.009667181624216552,0.008443251766902228,341.78
36.644,0.006574024536604887,0.0038434877983731055,-0.009927181624216562,0.008183251766902246,341.78
36.648,0.006914024536604894,0.004263487798373109,-0.009927181624216562,0.008103251766902277,341.78
36.652,0.007254024536604873,0.0046934877983731225,-0.009837181624216556,0.007923251766902263,341.78
36.656,0.007514024536604883,0.004863487798373126,-0.009927181624216562,0.007673251766902264,341.78
36.66,0.007764024536604883,0.005203487798373105,-0.009927181624216562,0.007583251766902257,341.78
36.664,0.00785402453660489,0.005723487798373126,-0.009837181624216556,0.007333251766902257,341.78
36.668,0.00810402453660489,0.006143487798373129,-0.009587181624216555,0.007163251766902253,341.78
36.672,0.008364024536604873,0.006403487798373112,-0.009497181624216549,0.006903251766902243,341.78
36.676,0.008624024536604855,0.006743487798373119,-0.009587181624216555,0.006813251766902264,341.78
36.68,0.008794024536604859,0.006913487798373122,-0.009497181624216549,0.006563251766902264,341.78
36.684,0.008964024536604862,0.007083487798373126,-0.009497181624216549,0.006303251766902254,341.78
36.688,0.009044024536604887,0.007343487798373108,-0.009497181624216549,0.005963251766902247,341.78
36.692,0.00930402453660487,0.007513487798373112,-0.009247181624216548,0.005703251766902264,341.78
36.696,0.009394024536604904,0.007773487798373122,-0.008987181624216566,0.005533251766902261,341.78
36.7,0.009394024536604904,0.008023487798373122,-0.008647181624216559,0.005193251766902254,341.78
36.704,0.009474024536604873,0.008283487798373105,-0.008557181624216552,0.004763251766902268,341.78
36.708,0.009734024536604855,0.008373487798373139,-0.008557181624216552,0.004423251766902261,341.78
36.712,0.009904024536604859,0.008373487798373139,-0.008307181624216552,0.004343251766902264,341.78
36.716,0.009984024536604883,0.008453487798373108,-0.008217181624216573,0.0039132517669022504,341.78
36.72,0.010244024536604866,0.008623487798373112,-0.007957181624216563,0.003573251766902243,341.78
36.724,0.010244024536604866,0.00871348779837309,-0.007957181624216563,0.003483251766902264,341.78
36.728,0.010244024536604866,0.008793487798373115,-0.00778718162421656,0.003483251766902264,341.78
36.732,0.010244024536604866,0.008793487798373115,-0.00753718162421656,0.003143251766902257,341.78
36.736,0.010244024536604866,0.008963487798373119,-0.0073671816242165565,0.0027132517669022434,341.78
36.74,0.010244024536604866,0.009133487798373122,-0.007017181624216567,0.0022832517669022574,341.78
36.744,0.010244024536604866,0.009223487798373101,-0.006767181624216567,0.0020332517669022572,341.78
36.748,0.010244024536604866,0.009313487798373135,-0.0065971816242165636,0.001863251766902254,341.78
36.752,0.010164024536604897,0.009483487798373139,-0.006337181624216553,0.001523251766902247,341.78
36.756,0.010164024536604897,0.009483487798373139,-0.006257181624216557,0.001093251766902261,341.78
36.76,0.010164024536604897,0.009483487798373139,-0.005827181624216571,0.0008332517669022508,341.78
36.764,0.010244024536604866,0.009483487798373139,-0.005487181624216564,0.0006632517669022473,341.78
36.768,0.010244024536604866,0.009483487798373139,-0.005397181624216557,0.0003232517669022403,341.78
36.772,0.010164024536604897,0.009483487798373139,-0.00531718162421656,-1.6748233097738888e-05,341.78
36.776,0.009904024536604859,0.009483487798373139,-0.004967181624216571,-0.0002767482330977491,341.78
36.78,0.009734024536604855,0.009483487798373139,-0.004717181624216571,-0.000616748233097756,341.79
36.784,0.009564024536604907,0.009483487798373139,-0.004547181624216567,-0.0008767482330977385,341.79
36.788,0.009564024536604907,0.009483487798373139,-0.00419718162421655,-0.0011267482330977387,341.79
36.792,0.009394024536604904,0.009483487798373139,-0.0038571816242165707,-0.001386748233097749,341.79
36.796,0.009044024536604887,0.009483487798373139,-0.0035171816242165637,-0.0014667482330977457,341.79
36.8,0.008964024536604862,0.009563487798373108,-0.0032571816242165535,-0.001726748233097756,341.79
36.804,0.008964024536604862,0.009733487798373111,-0.0029171816242165743,-0.0018167482330977349,341.79
36.808,0.00870402453660488,0.009563487798373108,-0.0025771816242165673,-0.0020667482330977353,341.79
36.812,0.008534024536604876,0.009563487798373108,-0.0024971816242165706,-0.0024067482330977423,341.79
36.816,0.008454024536604907,0.009483487798373139,-0.00197718162421655,-0.002926748233097735,341.79
36.82,0.008534024536604876,0.009223487798373101,-0.0013771816242165607,-0.0030967482330977385,341.79
36.824,0.00819402453660487,0.009053487798373097,-0.0010371816242165537,-0.0033467482330977387,341.79
36.828,0.007934024536604887,0.009053487798373097,-0.0008671816242165504,-0.003526748233097752,341.79
36.832,0.007684024536604887,0.009053487798373097,-0.0005271816242165712,-0.0037767482330977524,341.79
36.836,0.007424024536604876,0.008793487798373115,-1.7181624216560694e-05,-0.003946748233097755,341.79
36.84,0.00734402453660488,0.008793487798373115,0.00032281837578344624,-0.004206748233097738,341.79
36.844,0.0069940245366048905,0.008623487798373112,0.000502818375783432,-0.004376748233097741,341.79
36.848,0.00674402453660489,0.008283487798373105,0.0007528183757834322,-0.004636748233097752,341.79
36.852,0.00648402453660488,0.008193487798373126,0.001182818375783446,-0.004806748233097755,341.79
36.856,0.006144024536604873,0.007943487798373125,0.001612818375783432,-0.005146748233097734,341.79
36.86,0.005884024536604891,0.007853487798373119,0.0017828183757834354,-0.0054067482330977445,341.79
36.864,0.00563402453660489,0.007513487798373112,0.0018628183757834322,-0.005576748233097748,341.79
36.868,0.005284024536604873,0.007343487798373108,0.0021228183757834424,-0.005826748233097748,341.79
36.872,0.004944024536604894,0.007343487798373108,0.0024628183757834494,-0.005996748233097752,341.79
36.876,0.004694024536604894,0.007083487798373126,0.0028028183757834286,-0.006256748233097734,341.79
36.88,0.0045240245366048905,0.006913487798373122,0.003062818375783439,-0.006516748233097744,341.79
36.884,0.004094024536604877,0.006573487798373115,0.003312818375783439,-0.006856748233097751,341.79
36.888,0.0036640245366048913,0.006313487798373105,0.0036628183757834282,-0.007106748233097752,341.79
36.892,0.0033240245366048843,0.006233487798373108,0.003912818375783428,-0.007196748233097758,341.79
36.896,0.003064024536604874,0.005893487798373129,0.004252818375783435,-0.007456748233097741,341.79
36.9,0.0028940245366048706,0.005553487798373122,0.004512818375783445,-0.0075367482330977375,341.79
36.904,0.0025540245366048914,0.005293487798373112,0.004942818375783431,-0.007626748233097744,341.79
36.908,0.002044024536604881,0.004953487798373105,0.005282818375783438,-0.007876748233097745,341.79
36.912,0.0016140245366048672,0.0046934877983731225,0.005372818375783445,-0.008046748233097749,341.79
36.916,0.0013540245366048848,0.004523487798373119,0.005542818375783448,-0.008306748233097759,341.79
36.92,0.0011040245366048845,0.004183487798373112,0.005712818375783452,-0.008476748233097735,341.79
36.924,0.0007640245366048775,0.0038434877983731055,0.006052818375783431,-0.008816748233097742,341.79
36.928,0.0004140245366048883,0.0034934877983731163,0.006312818375783441,-0.008986748233097745,341.79
36.932,0.0001640245366048881,0.003323487798373113,0.006652818375783448,-0.009076748233097752,341.79
36.936,-9.597546339512214e-05,0.002903487798373109,0.007162818375783431,-0.009166748233097759,341.79
36.94,-0.00034597546339512234,0.0023834877983731164,0.007422818375783441,-0.009246748233097755,341.79
36.944,-0.0004359754633951291,0.002213487798373113,0.007672818375783441,-0.009506748233097738,341.79
36.948,-0.0007759754633951083,0.002133487798373116,0.007762818375783448,-0.009506748233097738,341.79
36.952,-0.0011159754633951152,0.0017934877983731092,0.00801281837578345,-0.009586748233097735,341.79
36.956,-0.0012859754633951187,0.00144348779837312,0.008102818375783428,-0.009676748233097741,341.79
36.96,-0.001545975463395129,0.0012734877983731165,0.008102818375783428,-0.009756748233097738,341.79
36.964,-0.0018859754633951081,0.0009334877983731095,0.008272818375783432,-0.009846748233097745,341.79
36.968,-0.002225975463395115,0.0005034877983731235,0.008782818375783442,-0.009846748233097745,341.79
36.972,-0.0027459754633951078,0.0002534877983731233,0.009042818375783425,-0.009926748233097742,341.79
36.976,-0.002995975463395108,8.348779837311982e-05,0.009302818375783463,-0.010016748233097748,341.79
36.98,-0.003345975463395125,-0.00025651220162688714,0.009302818375783463,-0.009926748233097742,341.79
36.984,-0.0035159754633951284,-0.0007765122016268798,0.009302818375783463,-0.009756748233097738,341.79
36.988,-0.003345975463395125,-0.0011165122016268867,0.009302818375783463,-0.010016748233097748,341.79
36.992,-0.003595975463395125,-0.0012865122016268902,0.009302818375783463,-0.010016748233097748,341.79
36.996,-0.0040259754633951116,-0.0018865122016268796,0.009382818375783432,-0.010016748233097748,341.79
37.0,-0.004285975463395122,-0.00213651220162688,0.009642818375783414,-0.009926748233097742,341.79
37.004,-0.004535975463395122,-0.00239651220162689,0.009722818375783438,-0.009676748233097741,341.79
37.008,-0.0047059754633951255,-0.002826512201626876,0.009812818375783417,-0.009586748233097735,341.79
37.012,-0.004875975463395129,-0.003166512201626883,0.009812818375783417,-0.009586748233097735,341.79
37.016,-0.005305975463395115,-0.003166512201626883,0.009722818375783438,-0.009336748233097734,341.79
37.02,-0.005645975463395122,-0.0033365122016268864,0.009722818375783438,-0.009246748233097755,341.79
37.024,-0.005815975463395125,-0.0036765122016268934,0.009812818375783417,-0.009166748233097759,341.79
37.028,-0.006165975463395115,-0.003936512201626876,0.009722818375783438,-0.008906748233097748,341.79
37.032,-0.006585975463395118,-0.004016512201626873,0.009722818375783438,-0.008816748233097742,341.79
37.036,-0.006925975463395125,-0.00436651220162689,0.009722818375783438,-0.008736748233097745,341.79
37.04,-0.007185975463395108,-0.004786512201626894,0.009722818375783438,-0.008476748233097735,341.79
37.044,-0.007355975463395111,-0.005046512201626876,0.009812818375783417,-0.008306748233097759,341.79
37.048,-0.007615975463395121,-0.005306512201626886,0.009812818375783417,-0.008046748233097749,341.79
37.052,-0.007785975463395125,-0.005646512201626893,0.009722818375783438,-0.007876748233097745,341.79
37.056,-0.007865975463395122,-0.005986512201626873,0.009812818375783417,-0.007626748233097744,341.79
37.06,-0.007955975463395128,-0.006156512201626876,0.009812818375783417,-0.007456748233097741,341.79
37.064,-0.008125975463395132,-0.006416512201626886,0.009642818375783414,-0.007196748233097758,341.79
37.068,-0.008295975463395108,-0.006756512201626893,0.009382818375783432,-0.007026748233097755,341.79
37.072,-0.008635975463395115,-0.0070965122016268724,0.009302818375783463,-0.006766748233097745,341.79
37.076,-0.008895975463395125,-0.007606512201626883,0.009042818375783425,-0.006596748233097741,341.79
37.08,-0.009065975463395128,-0.007776512201626886,0.008872818375783421,-0.006426748233097738,341.79
37.084,-0.00932597546339511,-0.008036512201626897,0.008702818375783418,-0.0060867482330977584,341.79
37.088,-0.009405975463395107,-0.008206512201626872,0.008702818375783418,-0.005576748233097748,341.79
37.092,-0.009495975463395114,-0.008466512201626883,0.008532818375783414,-0.0054067482330977445,341.79
37.096,-0.009835975463395121,-0.00854651220162688,0.008362818375783466,-0.005056748233097755,341.79
37.1,-0.010005975463395125,-0.00854651220162688,0.00801281837578345,-0.004716748233097748,341.79
37.104,-0.010095975463395131,-0.00854651220162688,0.007762818375783448,-0.004636748233097752,341.79
37.108,-0.010175975463395128,-0.00880651220162689,0.007592818375783445,-0.004376748233097741,341.79
37.112,-0.010175975463395128,-0.008896512201626896,0.007332818375783434,-0.004116748233097759,341.79
37.116,-0.010175975463395128,-0.009236512201626875,0.007162818375783431,-0.0037767482330977524,341.79
37.12,-0.010175975463395128,-0.009406512201626879,0.006822818375783452,-0.0034367482330977454,341.79
37.124,-0.010175975463395128,-0.009486512201626876,0.0065628183757834415,-0.003176748233097735,341.79
37.128,-0.010175975463395128,-0.00965651220162688,0.006312818375783441,-0.002926748233097735,341.79
37.132,-0.010175975463395128,-0.00965651220162688,0.005962818375783452,-0.0025867482330977558,341.79
37.136,-0.010265975463395107,-0.009746512201626886,0.005712818375783452,-0.002236748233097739,341.79
37.14,-0.010345975463395132,-0.009836512201626893,0.005542818375783448,-0.0018167482330977349,341.79
37.144,-0.010345975463395132,-0.010086512201626893,0.005282818375783438,-0.0014667482330977457,341.79
37.148,-0.010345975463395132,-0.010256512201626896,0.005112818375783435,-0.0012967482330977422,341.79
37.152,-0.010265975463395107,-0.010516512201626879,0.004772818375783428,-0.0009567482330977352,341.79
37.156,-0.010095975463395131,-0.010596512201626876,0.0044328183757834485,-0.000616748233097756,341.79
37.16,-0.009835975463395121,-0.010596512201626876,0.004172818375783438,-0.00018674823309774237,341.79
37.164,-0.009745975463395114,-0.010516512201626879,0.003912818375783428,6.325176690225785e-05,341.79
37.168,-0.009835975463395121,-0.010516512201626879,0.0035728183757834492,0.0003232517669022403,341.79
37.172,-0.009835975463395121,-0.010516512201626879,0.003312818375783439,0.0006632517669022473,341.79
37.176,-0.009835975463395121,-0.010256512201626896,0.0031428183757834355,0.0010032517669022543,341.79
37.18,-0.009665975463395118,-0.010086512201626893,0.0028028183757834286,0.0014332517669022402,341.79
37.184,-0.009575975463395111,-0.00991651220162689,0.0024628183757834494,0.001863251766902254,341.79
37.188,-0.009495975463395114,-0.00991651220162689,0.0021228183757834424,0.0022032517669022607,341.79
37.192,-0.009235975463395132,-0.00965651220162688,0.001952818375783439,0.00254325176690224,341.79
37.196,-0.008805975463395118,-0.00965651220162688,0.001612818375783432,0.00280325176690225,341.79
37.2,-0.008555975463395118,-0.00965651220162688,0.0012628183757834427,0.003143251766902257,341.79
37.204,-0.008295975463395108,-0.009486512201626876,0.0010928183757834393,0.003573251766902243,341.79
37.208,-0.008125975463395132,-0.009406512201626879,0.0007528183757834322,0.0039132517669022504,341.79
37.212,-0.007865975463395122,-0.009236512201626875,0.000502818375783432,0.004343251766902264,341.79
37.216,-0.007615975463395121,-0.008976512201626893,0.00032281837578344624,0.004763251766902268,341.79
37.22,-0.007525975463395115,-0.008976512201626893,-9.718162421655743e-05,0.005193251766902254,341.79
37.224,-0.007615975463395121,-0.008896512201626896,-0.0004371816242165644,0.0056232517669022675,341.79
37.228,-0.0072759754633951144,-0.00854651220162688,-0.0006171816242165502,0.005873251766902268,341.79
37.232,-0.007015975463395132,-0.008466512201626883,-0.0010371816242165537,0.0060432517669022435,341.79
37.236,-0.006925975463395125,-0.008206512201626872,-0.0015571816242165742,0.006303251766902254,341.79
37.24,-0.006585975463395118,-0.008126512201626876,-0.00172718162421655,0.00639325176690226,341.79
37.244,-0.006245975463395111,-0.007956512201626872,-0.002067181624216557,0.006473251766902257,341.79
37.248,-0.005985975463395129,-0.007606512201626883,-0.002317181624216557,0.006813251766902264,341.79
37.252,-0.005645975463395122,-0.007526512201626886,-0.0025771816242165673,0.007073251766902247,341.79
37.256,-0.005475975463395118,-0.007606512201626883,-0.0029171816242165743,0.007333251766902257,341.79
37.26,-0.005305975463395115,-0.007436512201626879,-0.0033471816242165602,0.007583251766902257,341.79
37.264,-0.004965975463395108,-0.007186512201626879,-0.003687181624216567,0.0077532517669022605,341.79
37.268,-0.004795975463395132,-0.006926512201626897,-0.003777181624216574,0.008013251766902242,341.79
37.272,-0.004535975463395122,-0.006756512201626893,-0.004027181624216575,0.008103251766902277,341.79
37.276,-0.004195975463395115,-0.006416512201626886,-0.004547181624216567,0.008353251766902249,341.79
37.28,-0.0037659754633951287,-0.006156512201626876,-0.004627181624216564,0.008523251766902253,341.79
37.284,-0.0034259754633951217,-0.006076512201626879,-0.004627181624216564,0.008613251766902232,341.79
37.288,-0.002995975463395108,-0.005816512201626897,-0.004887181624216574,0.00886325176690226,341.79
37.292,-0.0029159754633951112,-0.005556512201626887,-0.0051371816242165745,0.00886325176690226,341.79
37.296,-0.0026559754633951288,-0.00521651220162688,-0.005487181624216564,0.00886325176690226,341.79
37.3,-0.0020559754633951116,-0.004956512201626897,-0.005737181624216564,0.00886325176690226,341.79
37.304,-0.001635975463395108,-0.004706512201626897,-0.005907181624216567,0.009123251766902242,341.79
37.308,-0.0014659754633951322,-0.0041965122016268865,-0.00616718162421655,0.009213251766902276,341.79
37.312,-0.001205975463395122,-0.004016512201626873,-0.00642718162421656,0.009213251766902276,341.79
37.316,-0.0007759754633951083,-0.0035965122016268967,-0.0069371816242165705,0.009213251766902276,341.79
37.32,-0.00034597546339512234,-0.003166512201626883,-0.007017181624216567,0.009213251766902276,341.79
37.324,-5.975463395115394e-06,-0.0029065122016268727,-0.007197181624216553,0.009213251766902276,341.79
37.328,0.0003340245366048916,-0.002736512201626897,-0.007447181624216553,0.009213251766902276,341.79
37.332,0.0004140245366048883,-0.00239651220162689,-0.007447181624216553,0.009213251766902276,341.79
37.336,0.0007640245366048775,-0.0018865122016268796,-0.007617181624216557,0.009213251766902276,341.79
37.34,0.001274024536604888,-0.0015465122016268726,-0.007877181624216566,0.009293251766902245,341.79
37.344,0.001704024536604874,-0.0014565122016268937,-0.007877181624216566,0.009553251766902228,341.79
37.348,0.002044024536604881,-0.0011165122016268867,-0.007877181624216566,0.009633251766902252,341.79
37.352,0.002384024536604888,-0.0006865122016268731,-0.008137181624216549,0.009723251766902231,341.79
37.356,0.0025540245366048914,-0.00025651220162688714,-0.008217181624216573,0.009723251766902231,341.79
37.36,0.0028940245366048706,8.348779837311982e-05,-0.008307181624216552,0.009553251766902228,341.79
37.364,0.0032340245366048776,0.0004234877983731268,-0.008387181624216549,0.009293251766902245,341.79
37.368,0.0036640245366048913,0.0008534877983731127,-0.008387181624216549,0.009213251766902276,341.79
37.372,0.004094024536604877,0.0011934877983731198,-0.008727181624216556,0.009043251766902273,341.79
37.376,0.004434024536604884,0.00144348779837312,-0.008817181624216562,0.009213251766902276,341.79
37.38,0.004694024536604894,0.0017934877983731092,-0.00889718162421656,0.009213251766902276,341.79
37.384,0.004944024536604894,0.002213487798373113,-0.009077181624216573,0.009123251766902242,341.79
37.388,0.00511402453660487,0.0026434877983731266,-0.009077181624216573,0.00886325176690226,341.79
37.392,0.005544024536604884,0.0028134877983731024,-0.009077181624216573,0.008613251766902232,341.79
37.396,0.005884024536604891,0.002983487798373106,-0.009077181624216573,0.008613251766902232,341.79
37.4,0.006144024536604873,0.0030734877983731126,-0.009077181624216573,0.008613251766902232,341.79
37.404,0.00622402453660487,0.0034134877983731196,-0.009247181624216548,0.008183251766902246,341.79
37.408,0.006574024536604887,0.0038434877983731055,-0.009497181624216549,0.008103251766902277,341.79
37.412,0.006914024536604894,0.004263487798373109,-0.009497181624216549,0.008103251766902277,341.79
37.416,0.0070840245366048694,0.004613487798373126,-0.009497181624216549,0.008013251766902242,341.79
37.42,0.00734402453660488,0.004863487798373126,-0.009497181624216549,0.0077532517669022605,341.79
37.424,0.007514024536604883,0.005373487798373109,-0.009497181624216549,0.007673251766902264,341.79
37.428,0.00785402453660489,0.005723487798373126,-0.009587181624216555,0.007583251766902257,341.79
37.432,0.00810402453660489,0.005893487798373129,-0.009497181624216549,0.007333251766902257,341.79
37.436,0.008284024536604904,0.006233487798373108,-0.009497181624216549,0.007163251766902253,341.79
37.44,0.008624024536604855,0.0064934877983731185,-0.009587181624216555,0.006903251766902243,341.79
37.444,0.00870402453660488,0.006743487798373119,-0.009497181624216549,0.006733251766902267,341.79
37.448,0.008874024536604883,0.007083487798373126,-0.009497181624216549,0.00639325176690226,341.79
37.452,0.008964024536604862,0.007343487798373108,-0.009417181624216552,0.00613325176690225,341.79
37.456,0.009044024536604887,0.007603487798373118,-0.00915718162421657,0.005963251766902247,341.79
37.46,0.00930402453660487,0.007853487798373119,-0.00915718162421657,0.0056232517669022675,341.79
37.464,0.009394024536604904,0.008023487798373122,-0.009077181624216573,0.0052832517669022605,341.79
37.468,0.009564024536604907,0.008283487798373105,-0.008817181624216562,0.005103251766902247,341.79
37.472,0.00981402453660488,0.008373487798373139,-0.008557181624216552,0.004763251766902268,341.79
37.476,0.009904024536604859,0.008623487798373112,-0.008307181624216552,0.004423251766902261,341.79
37.48,0.009904024536604859,0.008623487798373112,-0.008217181624216573,0.004343251766902264,341.79
37.484,0.009904024536604859,0.00871348779837309,-0.007957181624216563,0.0039132517669022504,341.79
37.488,0.010164024536604897,0.008793487798373115,-0.007877181624216566,0.003573251766902243,341.79
37.492,0.010244024536604866,0.008793487798373115,-0.0077071816242165634,0.003483251766902264,341.79
37.496,0.010244024536604866,0.008963487798373119,-0.007447181624216553,0.003483251766902264,341.79
37.5,0.010244024536604866,0.009133487798373122,-0.0073671816242165565,0.0030532517669022504,341.79
37.504,0.010244024536604866,0.009223487798373101,-0.007107181624216574,0.0026332517669022466,341.79
37.508,0.010244024536604866,0.009313487798373135,-0.007017181624216567,0.002373251766902264,341.79
37.512,0.010244024536604866,0.009483487798373139,-0.00667718162421656,0.0022032517669022607,341.79
37.516,0.010164024536604897,0.009483487798373139,-0.006337181624216553,0.001863251766902254,341.79
37.52,0.010244024536604866,0.009483487798373139,-0.00616718162421655,0.001523251766902247,341.79
37.524,0.010244024536604866,0.009483487798373139,-0.005907181624216567,0.0011732517669022578,341.79
37.528,0.010244024536604866,0.009483487798373139,-0.005827181624216571,0.0010032517669022543,341.79
37.532,0.010244024536604866,0.009483487798373139,-0.005737181624216564,0.0006632517669022473,341.79
37.536,0.010244024536604866,0.009653487798373142,-0.005397181624216557,0.0003232517669022403,341.79
37.54,0.010164024536604897,0.009903487798373115,-0.0051371816242165745,0.0001532517669022646,341.79
37.544,0.009904024536604859,0.009993487798373094,-0.004967181624216571,-0.00018674823309774237,341.79
37.548,0.009644024536604876,0.009993487798373094,-0.004627181624216564,-0.0005267482330977493,341.79
37.552,0.009474024536604873,0.009993487798373094,-0.004287181624216557,-0.000616748233097756,341.79
37.556,0.009474024536604873,0.009903487798373115,-0.004027181624216575,-0.001046748233097742,341.79
37.56,0.009394024536604904,0.009903487798373115,-0.003687181624216567,-0.001386748233097749,341.79
37.564,0.009134024536604866,0.00982348779837309,-0.0035171816242165637,-0.0014667482330977457,341.79
37.568,0.008874024536604883,0.009563487798373108,-0.0032571816242165535,-0.001726748233097756,341.79
37.572,0.008624024536604855,0.009563487798373108,-0.0029171816242165743,-0.0018167482330977349,341.79
37.576,0.008624024536604855,0.009563487798373108,-0.0024971816242165706,-0.0020667482330977353,341.79
37.58,0.00870402453660488,0.009563487798373108,-0.0021471816242165536,-0.0024067482330977423,341.79
37.584,0.008624024536604855,0.009393487798373104,-0.00172718162421655,-0.002926748233097735,341.79
37.588,0.008364024536604873,0.009133487798373122,-0.001297181624216564,-0.003176748233097735,341.79
37.592,0.00810402453660489,0.009133487798373122,-0.0010371816242165537,-0.0034367482330977454,341.79
37.596,0.007764024536604883,0.009133487798373122,-0.0008671816242165504,-0.003526748233097752,341.79
37.6,0.007424024536604876,0.009053487798373097,-0.0005271816242165712,-0.0037767482330977524,341.79
37.604,0.007254024536604873,0.008793487798373115,-1.7181624216560694e-05,-0.003866748233097759,341.79
37.608,0.0070840245366048694,0.008623487798373112,0.00032281837578344624,-0.004116748233097759,341.79
37.612,0.006914024536604894,0.008283487798373105,0.000502818375783432,-0.004376748233097741,341.79
37.616,0.0066540245366048835,0.008193487798373126,0.0007528183757834322,-0.004716748233097748,341.79
37.62,0.00622402453660487,0.008023487798373122,0.0010928183757834393,-0.0049767482330977586,341.79
37.624,0.00597402453660487,0.007853487798373119,0.0014328183757834462,-0.005146748233097734,341.79
37.628,0.00563402453660489,0.007603487798373118,0.0018628183757834322,-0.0054067482330977445,341.79
37.632,0.005284024536604873,0.007513487798373112,0.0021228183757834424,-0.005576748233097748,341.79
37.636,0.005034024536604873,0.007433487798373115,0.0021228183757834424,-0.005916748233097755,341.79
37.64,0.00486402453660487,0.007173487798373105,0.0023728183757834426,-0.006166748233097755,341.79
37.644,0.0045240245366048905,0.007003487798373129,0.0028028183757834286,-0.006426748233097738,341.79
37.648,0.004094024536604877,0.006743487798373119,0.0031428183757834355,-0.006686748233097748,341.79
37.652,0.0036640245366048913,0.006573487798373115,0.0034928183757834525,-0.006766748233097745,341.79
37.656,0.003404024536604881,0.006233487798373108,0.0036628183757834282,-0.007106748233097752,341.79
37.66,0.0032340245366048776,0.005973487798373126,0.003912818375783428,-0.007456748233097741,341.79
37.664,0.002814024536604874,0.005803487798373122,0.004252818375783435,-0.007706748233097741,341.79
37.668,0.0024640245366048846,0.005463487798373115,0.004512818375783445,-0.007966748233097752,341.79
37.672,0.0021240245366048777,0.005203487798373105,0.004852818375783452,-0.007966748233097752,341.79
37.676,0.0017840245366048707,0.0050334877983731294,0.005112818375783435,-0.008046748233097749,341.79
37.68,0.0015240245366048883,0.0046934877983731225,0.005282818375783438,-0.008306748233097759,341.79
37.684,0.0011840245366048813,0.004183487798373112,0.005712818375783452,-0.008396748233097738,341.79
37.688,0.0008440245366048742,0.0038434877983731055,0.0062228183757834345,-0.008646748233097738,341.79
37.692,0.000594024536604874,0.0037534877983731265,0.006482818375783445,-0.008906748233097748,341.79
37.696,0.0004140245366048883,0.0034134877983731196,0.006732818375783445,-0.009166748233097759,341.79
37.7,-5.975463395115394e-06,0.002903487798373109,0.006902818375783448,-0.009166748233097759,341.79
37.704,-0.00034597546339512234,0.002473487798373123,0.007162818375783431,-0.009246748233097755,341.79
37.708,-0.0004359754633951291,0.002473487798373123,0.007422818375783441,-0.009506748233097738,341.79
37.712,-0.0007759754633951083,0.002133487798373116,0.007672818375783441,-0.009506748233097738,341.79
37.716,-0.0011159754633951152,0.0017934877983731092,0.007762818375783448,-0.009586748233097735,341.79
37.72,-0.0013759754633951254,0.00144348779837312,0.00801281837578345,-0.009756748233097738,341.79
37.724,-0.001635975463395108,0.0012734877983731165,0.008272818375783432,-0.010016748233097748,341.79
37.728,-0.0017159754633951324,0.0008534877983731127,0.008532818375783414,-0.010016748233097748,341.79
37.732,-0.0020559754633951116,0.0005034877983731235,0.008702818375783418,-0.010016748233097748,341.79
37.736,-0.0024859754633951253,0.0002534877983731233,0.008952818375783446,-0.010016748233097748,341.79
37.74,-0.0028259754633951323,8.348779837311982e-05,0.009042818375783425,-0.009926748233097742,341.79
37.744,-0.0030859754633951147,-0.00025651220162688714,0.009042818375783425,-0.010016748233097748,341.79
37.748,-0.003255975463395118,-0.0007765122016268798,0.009132818375783459,-0.010016748233097748,341.79
37.752,-0.0035159754633951284,-0.0011165122016268867,0.009302818375783463,-0.009926748233097742,341.79
37.756,-0.003685975463395132,-0.0012865122016268902,0.009302818375783463,-0.010016748233097748,341.79
37.76,-0.0037659754633951287,-0.0017965122016268729,0.009472818375783466,-0.010016748233097748,341.79
37.764,-0.004105975463395108,-0.0019665122016268763,0.009722818375783438,-0.010016748233097748,341.79
37.768,-0.004455975463395125,-0.0023165122016268933,0.009722818375783438,-0.009846748233097745,341.79
37.772,-0.004795975463395132,-0.0026565122016268725,0.009722818375783438,-0.009676748233097741,341.79
37.776,-0.004965975463395108,-0.003076512201626876,0.009812818375783417,-0.009676748233097741,341.79
37.78,-0.005225975463395118,-0.0032565122016268897,0.009892818375783442,-0.009586748233097735,341.79
37.784,-0.005475975463395118,-0.0033365122016268864,0.010152818375783424,-0.009336748233097734,341.79
37.788,-0.005815975463395125,-0.0035965122016268967,0.010152818375783424,-0.009246748233097755,341.79
37.792,-0.006165975463395115,-0.0036765122016268934,0.010152818375783424,-0.009166748233097759,341.79
37.796,-0.006415975463395115,-0.004016512201626873,0.010152818375783424,-0.008906748233097748,341.79
37.8,-0.0068459754633951285,-0.004446512201626887,0.010072818375783455,-0.008906748233097748,341.79
37.804,-0.007015975463395132,-0.004706512201626897,0.010072818375783455,-0.008736748233097745,341.79
37.808,-0.0072759754633951144,-0.004876512201626873,0.010152818375783424,-0.008476748233097735,341.79
37.812,-0.007525975463395115,-0.00521651220162688,0.010072818375783455,-0.008306748233097759,341.79
37.816,-0.007785975463395125,-0.005556512201626887,0.009892818375783442,-0.008046748233097749,341.79
37.82,-0.007785975463395125,-0.005646512201626893,0.009722818375783438,-0.007876748233097745,341.79
37.824,-0.007785975463395125,-0.006076512201626879,0.009722818375783438,-0.007626748233097744,341.79
37.828,-0.007785975463395125,-0.006496512201626883,0.009812818375783417,-0.007456748233097741,341.79
37.832,-0.008045975463395107,-0.006756512201626893,0.009552818375783435,-0.007196748233097758,341.79
37.836,-0.00821597546339511,-0.007016512201626876,0.009302818375783463,-0.007106748233097752,341.79
37.84,-0.008555975463395118,-0.007436512201626879,0.009302818375783463,-0.006766748233097745,341.79
37.844,-0.008895975463395125,-0.007776512201626886,0.009212818375783428,-0.006426748233097738,341.79
37.848,-0.009155975463395107,-0.008036512201626897,0.008952818375783446,-0.006166748233097755,341.79
37.852,-0.009405975463395107,-0.008126512201626876,0.008702818375783418,-0.0057467482330977515,341.79
37.856,-0.009405975463395107,-0.008376512201626876,0.008702818375783418,-0.0054067482330977445,341.79
37.86,-0.009495975463395114,-0.00854651220162688,0.008532818375783414,-0.005146748233097734,341.79
37.864,-0.009665975463395118,-0.00854651220162688,0.008442818375783435,-0.005056748233097755,341.79
37.868,-0.009835975463395121,-0.008636512201626886,0.008192818375783463,-0.004716748233097748,341.79
37.872,-0.009835975463395121,-0.008896512201626896,0.007932818375783452,-0.004376748233097741,341.79
37.876,-0.009925975463395128,-0.009066512201626872,0.007592818375783445,-0.004116748233097759,341.79
37.88,-0.010175975463395128,-0.009406512201626879,0.007252818375783438,-0.0037767482330977524,341.79
37.884,-0.010175975463395128,-0.009486512201626876,0.006992818375783427,-0.0034367482330977454,341.79
37.888,-0.010175975463395128,-0.009486512201626876,0.006732818375783445,-0.003176748233097735,341.79
37.892,-0.010175975463395128,-0.009746512201626886,0.006482818375783445,-0.0030067482330977595,341.79
37.896,-0.010265975463395107,-0.009746512201626886,0.006392818375783438,-0.0026667482330977525,341.79
37.9,-0.010345975463395132,-0.009746512201626886,0.006052818375783431,-0.002236748233097739,341.79
37.904,-0.010345975463395132,-0.010006512201626896,0.005712818375783452,-0.0019867482330977386,341.79
37.908,-0.010345975463395132,-0.010086512201626893,0.005542818375783448,-0.001726748233097756,341.79
37.912,-0.010265975463395107,-0.010176512201626872,0.005192818375783431,-0.001386748233097749,341.79
37.916,-0.010265975463395107,-0.010256512201626896,0.004942818375783431,-0.001046748233097742,341.79
37.92,-0.010265975463395107,-0.010516512201626879,0.004682818375783449,-0.000616748233097756,341.79
37.924,-0.010265975463395107,-0.010516512201626879,0.004342818375783442,-0.0002767482330977491,341.79
37.928,-0.010265975463395107,-0.010516512201626879,0.0040828183757834315,-0.00010674823309774563,341.79
37.932,-0.010095975463395131,-0.010516512201626879,0.004002818375783435,0.00023325176690226133,341.79
37.936,-0.009745975463395114,-0.010516512201626879,0.0036628183757834282,0.0006632517669022473,341.79
37.94,-0.009405975463395107,-0.010596512201626876,0.0031428183757834355,0.0010032517669022543,341.79
37.944,-0.00932597546339511,-0.010596512201626876,0.002632818375783425,0.0014332517669022402,341.79
37.948,-0.00932597546339511,-0.010516512201626879,0.002722818375783432,0.0017732517669022472,341.79
37.952,-0.009235975463395132,-0.010086512201626893,0.0024628183757834494,0.0020332517669022572,341.79
37.956,-0.008985975463395132,-0.009746512201626886,0.001952818375783439,0.002373251766902264,341.79
37.96,-0.008725975463395121,-0.009746512201626886,0.001612818375783432,0.0027132517669022434,341.79
37.964,-0.008635975463395115,-0.009746512201626886,0.0015228183757834252,0.003143251766902257,341.79
37.968,-0.008465975463395111,-0.00965651220162688,0.0012628183757834427,0.003573251766902243,341.79
37.972,-0.00821597546339511,-0.009486512201626876,0.0009228183757834357,0.0039132517669022504,341.79
37.976,-0.008125975463395132,-0.009316512201626872,0.0006728183757834355,0.004343251766902264,341.79
37.98,-0.007865975463395122,-0.009236512201626875,0.00032281837578344624,0.004683251766902243,341.79
37.984,-0.007865975463395122,-0.008976512201626893,-1.7181624216560694e-05,0.004853251766902247,341.79
37.988,-0.007695975463395118,-0.008976512201626893,-0.0003571816242165677,0.005193251766902254,341.79
37.992,-0.007445975463395118,-0.008896512201626896,-0.0006171816242165502,0.0056232517669022675,341.79
37.996,-0.0072759754633951144,-0.008636512201626886,-0.0010371816242165537,0.005963251766902247,341.79
38.0,-0.006925975463395125,-0.008466512201626883,-0.0015571816242165742,0.006223251766902257,341.79
38.004,-0.006675975463395125,-0.008206512201626872,-0.0018071816242165744,0.006303251766902254,341.79
38.008,-0.0065059754633951215,-0.008036512201626897,-0.0022371816242165604,0.00639325176690226,341.79
38.012,-0.006245975463395111,-0.007866512201626893,-0.0024971816242165706,0.006643251766902261,341.79
38.016,-0.005905975463395132,-0.007956512201626872,-0.002667181624216574,0.006903251766902243,341.79
38.02,-0.005645975463395122,-0.007776512201626886,-0.0030071816242165533,0.007163251766902253,341.79
38.024,-0.005305975463395115,-0.007606512201626883,-0.003437181624216567,0.00724325176690225,341.79
38.028,-0.0050459754633951324,-0.007266512201626876,-0.003687181624216567,0.007583251766902257,341.79
38.032,-0.004875975463395129,-0.007016512201626876,-0.0038571816242165707,0.007843251766902266,341.79
38.036,-0.004535975463395122,-0.006756512201626893,-0.004117181624216554,0.008013251766902242,341.79
38.04,-0.004195975463395115,-0.006496512201626883,-0.004287181624216557,0.008183251766902246,341.79
38.044,-0.003935975463395133,-0.006416512201626886,-0.004547181624216567,0.008443251766902228,341.79
38.048,-0.0034259754633951217,-0.006156512201626876,-0.004627181624216564,0.008523251766902253,341.79
38.052,-0.0029159754633951112,-0.005986512201626873,-0.004887181624216574,0.008783251766902235,341.79
38.056,-0.0028259754633951323,-0.005556512201626887,-0.0051371816242165745,0.008783251766902235,341.79
38.06,-0.0024859754633951253,-0.005136512201626883,-0.005487181624216564,0.00886325176690226,341.79
38.064,-0.0021459754633951183,-0.004956512201626897,-0.005737181624216564,0.008953251766902239,341.79
38.068,-0.0020559754633951116,-0.004446512201626887,-0.006077181624216571,0.009213251766902276,341.79
38.072,-0.001635975463395108,-0.0041965122016268865,-0.00642718162421656,0.009213251766902276,341.79
38.076,-0.001205975463395122,-0.004016512201626873,-0.006507181624216557,0.009213251766902276,341.79
38.08,-0.0007759754633951083,-0.0035965122016268967,-0.0069371816242165705,0.009213251766902276,341.79
38.084,-0.0004359754633951291,-0.0032565122016268897,-0.007017181624216567,0.009293251766902245,341.79
38.088,-0.00034597546339512234,-0.003076512201626876,-0.007197181624216553,0.009553251766902228,341.79
38.092,-5.975463395115394e-06,-0.002736512201626897,-0.007447181624216553,0.009723251766902231,341.79
38.096,0.0004140245366048883,-0.0023165122016268933,-0.007617181624216557,0.009723251766902231,341.79
38.1,0.000934024536604881,-0.002056512201626883,-0.007877181624216566,0.009723251766902231,341.79
38.104,0.0013540245366048848,-0.0019665122016268763,-0.007877181624216566,0.009723251766902231,341.79
38.108,0.001704024536604874,-0.0016265122016268971,-0.007957181624216563,0.009723251766902231,341.79
38.112,0.001954024536604874,-0.0011965122016268834,-0.008217181624216573,0.009723251766902231,341.79
38.116,0.0022140245366048844,-0.0006865122016268731,-0.008217181624216573,0.009723251766902231,341.79
38.12,0.0025540245366048914,-0.00025651220162688714,-0.008307181624216552,0.009723251766902231,341.79
38.124,0.002814024536604874,-8.651220162688366e-05,-0.008387181624216549,0.009633251766902252,341.79
38.128,0.0032340245366048776,0.00016348779837311656,-0.008477181624216555,0.009633251766902252,341.79
38.132,0.0036640245366048913,0.0005034877983731235,-0.008727181624216556,0.009553251766902228,341.79
38.136,0.0041740245366048735,0.0009334877983731095,-0.00889718162421656,0.009213251766902276,341.79
38.14,0.0045240245366048905,0.0013634877983731233,-0.008987181624216566,0.00886325176690226,341.79
38.144,0.004604024536604887,0.0017934877983731092,-0.008987181624216566,0.008783251766902235,341.79
38.148,0.00486402453660487,0.002133487798373116,-0.009077181624216573,0.00886325176690226,341.79
38.152,0.005284024536604873,0.0023834877983731164,-0.009077181624216573,0.009043251766902273,341.79
38.156,0.005544024536604884,0.0026434877983731266,-0.009077181624216573,0.009043251766902273,341.79
38.16,0.005714024536604887,0.002903487798373109,-0.00915718162421657,0.008523251766902253,341.79
38.164,0.005884024536604891,0.0030734877983731126,-0.009497181624216549,0.008443251766902228,341.79
38.168,0.00622402453660487,0.0034134877983731196,-0.009667181624216552,0.008443251766902228,341.79
38.172,0.00648402453660488,0.0038434877983731055,-0.009837181624216556,0.008353251766902249,341.79
38.176,0.006574024536604887,0.004093487798373105,-0.009927181624216562,0.008103251766902277,341.79
38.18,0.006914024536604894,0.004263487798373109,-0.009837181624216556,0.008013251766902242,341.79
38.184,0.007254024536604873,0.004613487798373126,-0.009927181624216562,0.007923251766902263,341.79
38.188,0.007514024536604883,0.004953487798373105,-0.009927181624216562,0.007673251766902264,341.79
38.192,0.007764024536604883,0.005463487798373115,-0.009757181624216559,0.007583251766902257,341.79
38.196,0.007934024536604887,0.005893487798373129,-0.009497181624216549,0.007333251766902257,341.79
38.2,0.00819402453660487,0.006313487798373105,-0.009497181624216549,0.00724325176690225,341.79
38.204,0.008284024536604904,0.006663487798373122,-0.009497181624216549,0.007163251766902253,341.79
38.208,0.008534024536604876,0.0068334877983731255,-0.009497181624216549,0.006813251766902264,341.79
38.212,0.008794024536604859,0.007003487798373129,-0.009497181624216549,0.006563251766902264,341.79
38.216,0.009044024536604887,0.007173487798373105,-0.009587181624216555,0.006303251766902254,341.79
38.22,0.009134024536604866,0.007513487798373112,-0.009327181624216573,0.0060432517669022435,341.79
38.224,0.009394024536604904,0.007773487798373122,-0.009077181624216573,0.005963251766902247,341.79
38.228,0.009394024536604904,0.008023487798373122,-0.009077181624216573,0.0056232517669022675,341.79
38.232,0.009394024536604904,0.008193487798373126,-0.009077181624216573,0.0052832517669022605,341.79
38.236,0.009474024536604873,0.008193487798373126,-0.00889718162421656,0.005103251766902247,341.79
38.24,0.009734024536604855,0.008373487798373139,-0.008387181624216549,0.004763251766902268,341.79
38.244,0.00981402453660488,0.008543487798373143,-0.008137181624216549,0.004343251766902264,341.79
38.248,0.009904024536604859,0.008373487798373139,-0.00804718162421657,0.004083251766902254,341.79
38.252,0.009984024536604883,0.008453487798373108,-0.007957181624216563,0.0038232517669022433,341.79
38.256,0.010164024536604897,0.008793487798373115,-0.00778718162421656,0.003573251766902243,341.79
38.26,0.010164024536604897,0.009053487798373097,-0.00753718162421656,0.003483251766902264,341.79
38.264,0.010244024536604866,0.009053487798373097,-0.007447181624216553,0.003223251766902254,341.79
38.268,0.010244024536604866,0.009133487798373122,-0.007197181624216553,0.0030532517669022504,341.79
38.272,0.010244024536604866,0.009223487798373101,-0.0069371816242165705,0.0027132517669022434,341.79
38.276,0.010244024536604866,0.009483487798373139,-0.0065971816242165636,0.0022832517669022574,341.79
38.28,0.010244024536604866,0.009483487798373139,-0.006337181624216553,0.001863251766902254,341.79
38.284,0.010244024536604866,0.009563487798373108,-0.00616718162421655,0.001523251766902247,341.79
38.288,0.010244024536604866,0.009653487798373142,-0.005907181624216567,0.0013432517669022613,341.79
38.292,0.010164024536604897,0.009653487798373142,-0.005737181624216564,0.0010032517669022543,341.79
38.296,0.010164024536604897,0.009653487798373142,-0.005487181624216564,0.0006632517669022473,341.79
38.3,0.010164024536604897,0.00982348779837309,-0.0052271816242165535,0.00041325176690224706,341.79
38.304,0.009904024536604859,0.009903487798373115,-0.0052271816242165535,0.0001532517669022646,341.79
38.308,0.009564024536604907,0.009993487798373094,-0.004967181624216571,-0.0002767482330977491,341.79
38.312,0.009564024536604907,0.010073487798373118,-0.004627181624216564,-0.0005267482330977493,341.79
38.316,0.009644024536604876,0.010253487798373132,-0.004287181624216557,-0.000616748233097756,341.79
38.32,0.009474024536604873,0.0103334877983731,-0.004117181624216554,-0.001046748233097742,341.79
38.324,0.009394024536604904,0.0103334877983731,-0.003777181624216574,-0.001386748233097749,341.79
38.328,0.009134024536604866,0.010253487798373132,-0.003437181624216567,-0.0014667482330977457,341.79
38.332,0.008874024536604883,0.009993487798373094,-0.0033471816242165602,-0.001726748233097756,341.79
38.336,0.008624024536604855,0.009653487798373142,-0.0029171816242165743,-0.0018167482330977349,341.79
38.34,0.008624024536604855,0.009563487798373108,-0.0025771816242165673,-0.002156748233097742,341.79
38.344,0.008624024536604855,0.009563487798373108,-0.002407181624216564,-0.002496748233097749,341.79
38.348,0.008454024536604907,0.009563487798373108,-0.00197718162421655,-0.002926748233097735,341.79
38.352,0.00819402453660487,0.009393487798373104,-0.001637181624216571,-0.003176748233097735,341.79
38.356,0.00819402453660487,0.009133487798373122,-0.0014671816242165675,-0.0034367482330977454,341.79
38.36,0.00810402453660489,0.009133487798373122,-0.0009571816242165571,-0.003526748233097752,341.79
38.364,0.00785402453660489,0.009053487798373097,-0.0005271816242165712,-0.003866748233097759,341.79
38.368,0.007514024536604883,0.008883487798373094,-0.00018718162421656418,-0.004116748233097759,341.79
38.372,0.00734402453660488,0.008793487798373115,-9.718162421655743e-05,-0.004286748233097735,341.79
38.376,0.0069940245366048905,0.008623487798373112,0.00032281837578344624,-0.004546748233097745,341.79
38.38,0.0066540245366048835,0.008373487798373139,0.0007528183757834322,-0.004806748233097755,341.79
38.384,0.006574024536604887,0.008283487798373105,0.0010128183757834425,-0.005146748233097734,341.79
38.388,0.006144024536604873,0.008023487798373122,0.0012628183757834427,-0.0054067482330977445,341.79
38.392,0.005804024536604894,0.007853487798373119,0.0015228183757834252,-0.005486748233097741,341.79
38.396,0.005714024536604887,0.007603487798373118,0.0017828183757834354,-0.0057467482330977515,341.79
38.4,0.005284024536604873,0.007513487798373112,0.002202818375783439,-0.005996748233097752,341.79
38.404,0.00486402453660487,0.007433487798373115,0.0024628183757834494,-0.006346748233097741,341.79
38.408,0.004604024536604887,0.007083487798373126,0.002722818375783432,-0.006596748233097741,341.79
38.412,0.0045240245366048905,0.006743487798373119,0.002972818375783432,-0.006856748233097751,341.79
38.416,0.0041740245366048735,0.006663487798373122,0.003312818375783439,-0.007106748233097752,341.79
38.42,0.0037540245366048702,0.006403487798373112,0.0035728183757834492,-0.007196748233097758,341.79
38.424,0.0032340245366048776,0.006143487798373129,0.003912818375783428,-0.007456748233097741,341.79
38.428,0.002814024536604874,0.005803487798373122,0.0040828183757834315,-0.007626748233097744,341.79
38.432,0.0025540245366048914,0.005553487798373122,0.0044328183757834485,-0.007876748233097745,341.79
38.436,0.0024640245366048846,0.005373487798373109,0.004682818375783449,-0.007966748233097752,341.79
38.44,0.002044024536604881,0.0050334877983731294,0.004852818375783452,-0.008046748233097749,341.79
38.444,0.0016140245366048672,0.0046934877983731225,0.005282818375783438,-0.008306748233097759,341.79
38.448,0.001274024536604888,0.0043534877983731155,0.005622818375783445,-0.008396748233097738,341.79
38.452,0.000934024536604881,0.004093487798373105,0.0058828183757834275,-0.008646748233097738,341.79
38.456,0.0006740245366048707,0.0037534877983731265,0.0062228183757834345,-0.008906748233097748,341.79
38.46,0.0003340245366048916,0.0034134877983731196,0.0062228183757834345,-0.009166748233097759,341.79
38.464,-5.975463395115394e-06,0.0031534877983731093,0.0065628183757834415,-0.009166748233097759,341.79
38.468,-0.0002659754633951256,0.002903487798373109,0.007072818375783452,-0.009246748233097755,341.79
38.472,-0.0004359754633951291,0.002473487798373123,0.007332818375783434,-0.009506748233097738,341.79
38.476,-0.0006959754633951116,0.0020434877983731095,0.007592818375783445,-0.009506748233097738,341.79
38.48,-0.0009459754633951118,0.0017934877983731092,0.007842818375783446,-0.009506748233097738,341.79
38.484,-0.0012859754633951187,0.0017034877983731025,0.008102818375783428,-0.009676748233097741,341.79
38.488,-0.001545975463395129,0.0013634877983731233,0.008192818375783463,-0.009926748233097742,341.79
38.492,-0.001635975463395108,0.0009334877983731095,0.008442818375783435,-0.010016748233097748,341.79
38.496,-0.0020559754633951116,0.0005934877983731025,0.008612818375783439,-0.010016748233097748,341.79
38.5,-0.0024859754633951253,0.0005034877983731235,0.008872818375783421,-0.010016748233097748,341.79
38.504,-0.0028259754633951323,8.348779837311982e-05,0.008952818375783446,-0.009926748233097742,341.79
38.508,-0.0031659754633951115,-0.0003465122016268939,0.009212818375783428,-0.009926748233097742,341.79
38.512,-0.003345975463395125,-0.0006065122016268764,0.009302818375783463,-0.010016748233097748,341.79
38.516,-0.0035159754633951284,-0.0007765122016268798,0.009302818375783463,-0.010016748233097748,341.79
38.52,-0.003595975463395125,-0.0011965122016268834,0.009302818375783463,-0.010016748233097748,341.79
38.524,-0.003685975463395132,-0.0017965122016268729,0.009472818375783466,-0.009926748233097742,341.79
38.528,-0.004105975463395108,-0.002056512201626883,0.009722818375783438,-0.009926748233097742,341.79
38.532,-0.004455975463395125,-0.0023165122016268933,0.009812818375783417,-0.009676748233097741,341.79
38.536,-0.004535975463395122,-0.0026565122016268725,0.009812818375783417,-0.009586748233097735,341.79
38.54,-0.004875975463395129,-0.002826512201626876,0.009982818375783421,-0.009586748233097735,341.79
38.544,-0.0051359754633951114,-0.003166512201626883,0.010152818375783424,-0.009586748233097735,341.79
38.548,-0.005305975463395115,-0.00350651220162689,0.010152818375783424,-0.009336748233097734,341.79
38.552,-0.005645975463395122,-0.0035965122016268967,0.010152818375783424,-0.009076748233097752,341.79
38.556,-0.005985975463395129,-0.0037665122016268724,0.010152818375783424,-0.008816748233097742,341.79
38.56,-0.006335975463395118,-0.00410651220162688,0.010152818375783424,-0.008736748233097745,341.79
38.564,-0.0068459754633951285,-0.00436651220162689,0.010152818375783424,-0.008736748233097745,341.79
38.568,-0.007105975463395111,-0.004706512201626897,0.010152818375783424,-0.008476748233097735,341.79
38.572,-0.007355975463395111,-0.004876512201626873,0.010072818375783455,-0.008306748233097759,341.79
38.576,-0.007445975463395118,-0.00521651220162688,0.010072818375783455,-0.008046748233097749,341.79
38.58,-0.007615975463395121,-0.00547651220162689,0.010152818375783424,-0.007876748233097745,341.79
38.584,-0.007695975463395118,-0.005646512201626893,0.010152818375783424,-0.007626748233097744,341.79
38.588,-0.007785975463395125,-0.006156512201626876,0.010072818375783455,-0.007456748233097741,341.79
38.592,-0.007865975463395122,-0.006416512201626886,0.009812818375783417,-0.007196748233097758,341.79
38.596,-0.008125975463395132,-0.00658651220162689,0.009812818375783417,-0.007106748233097752,341.79
38.6,-0.00821597546339511,-0.006926512201626897,0.009722818375783438,-0.006856748233097751,341.79
38.604,-0.008555975463395118,-0.007266512201626876,0.009472818375783466,-0.006516748233097744,341.79
38.608,-0.008805975463395118,-0.007606512201626883,0.009302818375783463,-0.0060867482330977584,341.79
38.612,-0.009065975463395128,-0.00769651220162689,0.009132818375783459,-0.0057467482330977515,341.79
38.616,-0.009495975463395114,-0.008126512201626876,0.009212818375783428,-0.005486748233097741,341.79
38.62,-0.009405975463395107,-0.008466512201626883,0.008952818375783446,-0.0054067482330977445,341.79
38.624,-0.009575975463395111,-0.00854651220162688,0.008702818375783418,-0.005146748233097734,341.79
38.628,-0.009835975463395121,-0.00854651220162688,0.008442818375783435,-0.0049767482330977586,341.79
38.632,-0.009925975463395128,-0.00854651220162688,0.008192818375783463,-0.004636748233097752,341.79
38.636,-0.009925975463395128,-0.00880651220162689,0.00801281837578345,-0.004466748233097748,341.79
38.64,-0.009925975463395128,-0.008896512201626896,0.007672818375783441,-0.004206748233097738,341.79
38.644,-0.010175975463395128,-0.009066512201626872,0.007422818375783441,-0.003866748233097759,341.79
38.648,-0.010175975463395128,-0.009316512201626872,0.007252818375783438,-0.003526748233097752,341.79
38.652,-0.010175975463395128,-0.009316512201626872,0.006902818375783448,-0.0033467482330977387,341.79
38.656,-0.010175975463395128,-0.009406512201626879,0.006652818375783448,-0.0030067482330977595,341.79
38.66,-0.010175975463395128,-0.009576512201626882,0.006392818375783438,-0.0025867482330977558,341.79
38.664,-0.010175975463395128,-0.00965651220162688,0.006052818375783431,-0.0023267482330977455,341.79
38.668,-0.010175975463395128,-0.009746512201626886,0.0057928183757834486,-0.002236748233097739,341.79
38.672,-0.010175975463395128,-0.00991651220162689,0.005542818375783448,-0.0018167482330977349,341.79
38.676,-0.010265975463395107,-0.010176512201626872,0.005192818375783431,-0.001386748233097749,341.79
38.68,-0.010345975463395132,-0.010256512201626896,0.004942818375783431,-0.0009567482330977352,341.79
38.684,-0.010345975463395132,-0.010426512201626872,0.004852818375783452,-0.000616748233097756,341.79
38.688,-0.010265975463395107,-0.010516512201626879,0.004512818375783445,-0.0004467482330977526,341.79
38.692,-0.010265975463395107,-0.010516512201626879,0.004002818375783435,-0.00018674823309774237,341.79
38.696,-0.010175975463395128,-0.010426512201626872,0.0036628183757834282,0.00023325176690226133,341.79
38.7,-0.009925975463395128,-0.010256512201626896,0.0034928183757834525,0.0006632517669022473,341.79
38.704,-0.009925975463395128,-0.010176512201626872,0.0031428183757834355,0.001093251766902261,341.79
38.708,-0.009665975463395118,-0.010176512201626872,0.002722818375783432,0.0014332517669022402,341.79
38.712,-0.009235975463395132,-0.010176512201626872,0.0024628183757834494,0.001523251766902247,341.79
38.716,-0.009405975463395107,-0.010006512201626896,0.002292818375783446,0.001863251766902254,341.79
38.72,-0.009235975463395132,-0.009746512201626886,0.001952818375783439,0.0022032517669022607,341.79
38.724,-0.008805975463395118,-0.00965651220162688,0.0016928183757834287,0.0026332517669022466,341.79
38.728,-0.008555975463395118,-0.00965651220162688,0.0014328183757834462,0.0030532517669022504,341.79
38.732,-0.008465975463395111,-0.009406512201626879,0.0010928183757834393,0.003483251766902264,341.79
38.736,-0.008295975463395108,-0.009316512201626872,0.0007528183757834322,0.0038232517669022433,341.79
38.74,-0.008125975463395132,-0.009236512201626875,0.00041281837578342523,0.003993251766902247,341.79
38.744,-0.007865975463395122,-0.008976512201626893,0.00024281837578344953,0.004343251766902264,341.79
38.748,-0.007615975463395121,-0.008976512201626893,-9.718162421655743e-05,0.004763251766902268,341.79
38.752,-0.007445975463395118,-0.00880651220162689,-0.0004371816242165644,0.005193251766902254,341.79
38.756,-0.007445975463395118,-0.00854651220162688,-0.0005271816242165712,0.0056232517669022675,341.79
38.76,-0.0072759754633951144,-0.00854651220162688,-0.0008671816242165504,0.005873251766902268,341.79
38.764,-0.006925975463395125,-0.008376512201626876,-0.001297181624216564,0.0060432517669022435,341.79
38.768,-0.006585975463395118,-0.008206512201626872,-0.00172718162421655,0.006303251766902254,341.79
38.772,-0.006415975463395115,-0.008036512201626897,-0.0021471816242165536,0.006303251766902254,341.79
38.776,-0.006075975463395108,-0.007776512201626886,-0.0024971816242165706,0.00639325176690226,341.79
38.78,-0.005815975463395125,-0.007956512201626872,-0.002667181624216574,0.006733251766902267,341.79
38.784,-0.005735975463395129,-0.007776512201626886,-0.0030071816242165533,0.007073251766902247,341.79
38.788,-0.005475975463395118,-0.007606512201626883,-0.0033471816242165602,0.007333251766902257,341.79
38.792,-0.005305975463395115,-0.007266512201626876,-0.0035171816242165637,0.007583251766902257,341.79
38.796,-0.004965975463395108,-0.007016512201626876,-0.0035171816242165637,0.007673251766902264,341.79
38.8,-0.0047059754633951255,-0.006756512201626893,-0.0038571816242165707,0.007923251766902263,341.79
38.804,-0.0043659754633951185,-0.006496512201626883,-0.00419718162421655,0.008103251766902277,341.79
38.808,-0.003685975463395132,-0.0063265122016268795,-0.004547181624216567,0.008353251766902249,341.79
38.812,-0.0035159754633951284,-0.006156512201626876,-0.004717181624216571,0.008523251766902253,341.79
38.816,-0.0034259754633951217,-0.006076512201626879,-0.00505718162421655,0.008613251766902232,341.79
38.82,-0.0029159754633951112,-0.005646512201626893,-0.00531718162421656,0.008783251766902235,341.79
38.824,-0.0024859754633951253,-0.005306512201626886,-0.005397181624216557,0.008783251766902235,341.79
38.828,-0.002315975463395122,-0.005046512201626876,-0.005657181624216567,0.00886325176690226,341.79
38.832,-0.001975975463395115,-0.00461651220162689,-0.005907181624216567,0.00886325176690226,341.79
38.836,-0.001635975463395108,-0.00436651220162689,-0.00616718162421655,0.009123251766902242,341.79
38.84,-0.0012859754633951187,-0.004016512201626873,-0.00642718162421656,0.009213251766902276,341.79
38.844,-0.0011159754633951152,-0.0037665122016268724,-0.0069371816242165705,0.009293251766902245,341.79
38.848,-0.0006959754633951116,-0.00350651220162689,-0.007017181624216567,0.00938325176690228,341.79
38.852,-0.0004359754633951291,-0.003166512201626883,-0.007107181624216574,0.009293251766902245,341.79
38.856,7.402453660488135e-05,-0.0029065122016268727,-0.0073671816242165565,0.009293251766902245,341.79
38.86,0.0005040245366048673,-0.002736512201626897,-0.007447181624216553,0.009293251766902245,341.79
38.864,0.0007640245366048775,-0.00239651220162689,-0.007617181624216557,0.009293251766902245,341.79
38.868,0.0008440245366048742,-0.0019665122016268763,-0.007877181624216566,0.00938325176690228,341.79
38.872,0.0011840245366048813,-0.0017165122016268761,-0.007957181624216563,0.009553251766902228,341.79
38.876,0.0015240245366048883,-0.0014565122016268937,-0.00804718162421657,0.009553251766902228,341.79
38.88,0.001954024536604874,-0.0011165122016268867,-0.008217181624216573,0.009633251766902252,341.79
38.884,0.0024640245366048846,-0.0006865122016268731,-0.008217181624216573,0.009723251766902231,341.79
38.888,0.002724024536604867,-0.00025651220162688714,-0.008217181624216573,0.009723251766902231,341.79
38.892,0.0028940245366048706,8.348779837311982e-05,-0.008217181624216573,0.009553251766902228,341.79
38.896,0.0032340245366048776,0.0005034877983731235,-0.008387181624216549,0.009293251766902245,341.79
38.9,0.0035840245366048945,0.0009334877983731095,-0.008727181624216556,0.009293251766902245,341.79
38.904,0.00400402453660487,0.0011934877983731198,-0.00889718162421656,0.00938325176690228,341.79
38.908,0.004434024536604884,0.0013634877983731233,-0.008987181624216566,0.009293251766902245,341.79
38.912,0.004694024536604894,0.0017034877983731025,-0.009077181624216573,0.009293251766902245,341.79
38.916,0.004944024536604894,0.002213487798373113,-0.009077181624216573,0.009213251766902276,341.79
38.92,0.00511402453660487,0.0026434877983731266,-0.009077181624216573,0.008953251766902239,341.79
38.924,0.005544024536604884,0.002903487798373109,-0.009077181624216573,0.00886325176690226,341.79
38.928,0.00563402453660489,0.002983487798373106,-0.009077181624216573,0.00886325176690226,341.79
38.932,0.005804024536604894,0.0030734877983731126,-0.009077181624216573,0.008783251766902235,341.79
38.936,0.00622402453660487,0.0034134877983731196,-0.00915718162421657,0.008523251766902253,341.79
38.94,0.0066540245366048835,0.0038434877983731055,-0.009417181624216552,0.008183251766902246,341.79
38.944,0.006824024536604887,0.004093487798373105,-0.009497181624216549,0.008103251766902277,341.79
38.948,0.0069940245366048905,0.004613487798373126,-0.009587181624216555,0.008013251766902242,341.79
38.952,0.007254024536604873,0.0050334877983731294,-0.009587181624216555,0.0077532517669022605,341.79
38.956,0.007514024536604883,0.005463487798373115,-0.009497181624216549,0.0077532517669022605,341.79
38.96,0.00785402453660489,0.005803487798373122,-0.009497181624216549,0.007583251766902257,341.79
38.964,0.00810402453660489,0.005973487798373126,-0.009497181624216549,0.007333251766902257,341.79
38.968,0.008364024536604873,0.006313487798373105,-0.009587181624216555,0.007163251766902253,341.79
38.972,0.008624024536604855,0.006573487798373115,-0.009497181624216549,0.006903251766902243,341.79
38.976,0.00870402453660488,0.006743487798373119,-0.009417181624216552,0.006733251766902267,341.79
38.98,0.008874024536604883,0.007083487798373126,-0.00915718162421657,0.00639325176690226,341.79
38.984,0.009044024536604887,0.007343487798373108,-0.00915718162421657,0.00613325176690225,341.79
38.988,0.009134024536604866,0.007603487798373118,-0.00915718162421657,0.005963251766902247,341.79
38.992,0.009394024536604904,0.007853487798373119,-0.008987181624216566,0.005703251766902264,341.79
38.996,0.009394024536604904,0.007943487798373125,-0.008727181624216556,0.005533251766902261,341.79
39.0,0.009394024536604904,0.008193487798373126,-0.008727181624216556,0.005193251766902254,341.79
39.004,0.009564024536604907,0.008283487798373105,-0.008647181624216559,0.004763251766902268,341.79
39.008,0.009904024536604859,0.008283487798373105,-0.008647181624216559,0.004423251766902261,341.79
39.012,0.009904024536604859,0.008453487798373108,-0.008307181624216552,0.004253251766902257,341.79
39.016,0.009904024536604859,0.00871348779837309,-0.007957181624216563,0.0039132517669022504,341.79
39.02,0.010164024536604897,0.008793487798373115,-0.0077071816242165634,0.003573251766902243,341.79
39.024,0.010244024536604866,0.008793487798373115,-0.007447181624216553,0.003483251766902264,341.79
39.028,0.010244024536604866,0.009053487798373097,-0.0073671816242165565,0.003483251766902264,341.79
39.032,0.010244024536604866,0.009053487798373097,-0.007107181624216574,0.0030532517669022504,341.79
39.036,0.010164024536604897,0.009133487798373122,-0.007017181624216567,0.0026332517669022466,341.79
39.04,0.010244024536604866,0.009313487798373135,-0.00667718162421656,0.0022832517669022574,341.79
39.044,0.010244024536604866,0.009563487798373108,-0.006337181624216553,0.0020332517669022572,341.79
39.048,0.010244024536604866,0.009563487798373108,-0.006257181624216557,0.001863251766902254,341.79
39.052,0.010244024536604866,0.009563487798373108,-0.005997181624216574,0.001523251766902247,341.79
39.056,0.010244024536604866,0.009563487798373108,-0.005737181624216564,0.001093251766902261,341.79
39.06,0.010244024536604866,0.009563487798373108,-0.005487181624216564,0.0008332517669022508,341.79
39.064,0.010244024536604866,0.009563487798373108,-0.005397181624216557,0.0005832517669022506,341.79
39.068,0.010074024536604862,0.009653487798373142,-0.005397181624216557,0.0001532517669022646,341.79
39.072,0.009734024536604855,0.009903487798373115,-0.004967181624216571,-0.00018674823309774237,341.79
39.076,0.009644024536604876,0.009993487798373094,-0.004627181624216564,-0.0002767482330977491,341.79
39.08,0.009734024536604855,0.009993487798373094,-0.0044571816242165605,-0.000616748233097756,341.79
39.084,0.009474024536604873,0.009903487798373115,-0.00419718162421655,-0.0008767482330977385,341.79
39.088,0.00930402453660487,0.00982348779837309,-0.00394718162421655,-0.0011267482330977387,341.79
39.092,0.009044024536604887,0.009733487798373111,-0.003687181624216567,-0.001386748233097749,341.79
39.096,0.009044024536604887,0.009563487798373108,-0.0032571816242165535,-0.0014667482330977457,341.79
39.1,0.008964024536604862,0.009563487798373108,-0.0029171816242165743,-0.001726748233097756,341.79
39.104,0.008794024536604859,0.009563487798373108,-0.00283718162421655,-0.0019867482330977386,341.79
39.108,0.008534024536604876,0.009563487798373108,-0.0025771816242165673,-0.002496748233097749,341.79
39.112,0.008284024536604904,0.009563487798373108,-0.0022371816242165604,-0.0027567482330977592,341.79
39.116,0.008284024536604904,0.009483487798373139,-0.002067181624216557,-0.0030067482330977595,341.79
39.12,0.00819402453660487,0.009223487798373101,-0.0015571816242165742,-0.003176748233097735,341.79
39.124,0.008024024536604894,0.009223487798373101,-0.0012071816242165572,-0.0034367482330977454,341.79
39.128,0.007764024536604883,0.009223487798373101,-0.0007871816242165536,-0.003526748233097752,341.79
39.132,0.007684024536604887,0.009053487798373097,-0.0004371816242165644,-0.003866748233097759,341.79
39.136,0.00734402453660488,0.008793487798373115,-9.718162421655743e-05,-0.004116748233097759,341.79
39.14,0.0070840245366048694,0.008623487798373112,0.0001528183757834428,-0.004286748233097735,341.79
39.144,0.006824024536604887,0.008373487798373139,0.00041281837578342523,-0.004546748233097745,341.79
39.148,0.00648402453660488,0.008283487798373105,0.0007528183757834322,-0.004806748233097755,341.79
39.152,0.00622402453660487,0.008023487798373122,0.0010928183757834393,-0.005146748233097734,341.79
39.156,0.006144024536604873,0.007943487798373125,0.0015228183757834252,-0.0054067482330977445,341.79
39.16,0.005804024536604894,0.007773487798373122,0.0018628183757834322,-0.005486748233097741,341.79
39.164,0.005284024536604873,0.007683487798373115,0.001952818375783439,-0.0057467482330977515,341.79
39.168,0.004944024536604894,0.007433487798373115,0.0020328183757834357,-0.005996748233097752,341.79
39.172,0.00486402453660487,0.007173487798373105,0.0023728183757834426,-0.006346748233097741,341.79
39.176,0.0045240245366048905,0.007083487798373126,0.002722818375783432,-0.006596748233097741,341.79
39.18,0.004094024536604877,0.0068334877983731255,0.003062818375783439,-0.006856748233097751,341.79
39.184,0.0037540245366048702,0.006663487798373122,0.0032328183757834423,-0.007196748233097758,341.79
39.188,0.0035840245366048945,0.006233487798373108,0.0035728183757834492,-0.007456748233097741,341.79
39.192,0.0032340245366048776,0.005893487798373129,0.0040828183757834315,-0.0075367482330977375,341.79
39.196,0.0028940245366048706,0.005553487798373122,0.0044328183757834485,-0.007626748233097744,341.79
39.2,0.0024640245366048846,0.005373487798373109,0.004602818375783452,-0.007626748233097744,341.79
39.204,0.0021240245366048777,0.0050334877983731294,0.004942818375783431,-0.007966748233097752,341.79
39.208,0.0018740245366048775,0.004783487798373129,0.005192818375783431,-0.008226748233097735,341.79
39.212,0.0016140245366048672,0.004613487798373126,0.005372818375783445,-0.008396748233097738,341.79
39.216,0.001274024536604888,0.004183487798373112,0.005622818375783445,-0.008646748233097738,341.79
39.22,0.0008440245366048742,0.0037534877983731265,0.005712818375783452,-0.008816748233097742,341.79
39.224,0.0005040245366048673,0.0034934877983731163,0.006132818375783428,-0.008906748233097748,341.79
39.228,0.00024402453660488484,0.003323487798373113,0.006732818375783445,-0.009166748233097759,341.79
39.232,-9.597546339512214e-05,0.002983487798373106,0.006992818375783427,-0.009336748233097734,341.79
39.236,-0.00034597546339512234,0.0026434877983731266,0.007252818375783438,-0.009586748233097735,341.79
39.24,-0.0005259754633951081,0.0023034877983731197,0.007332818375783434,-0.009586748233097735,341.79
39.244,-0.0008659754633951151,0.0020434877983731095,0.007592818375783445,-0.009586748233097735,341.79
39.248,-0.0011159754633951152,0.0017034877983731025,0.007762818375783448,-0.009676748233097741,341.79
39.252,-0.0012859754633951187,0.0013634877983731233,0.007932818375783452,-0.009846748233097745,341.79
39.256,-0.001545975463395129,0.001103487798373113,0.008102818375783428,-0.010016748233097748,341.79
39.26,-0.0017159754633951324,0.0008534877983731127,0.008532818375783414,-0.010016748233097748,341.79
39.264,-0.0020559754633951116,0.0004234877983731268,0.008872818375783421,-0.010016748233097748,341.79
39.268,-0.002315975463395122,-6.512201626886914e-06,0.008952818375783446,-0.010016748233097748,341.79
39.272,-0.002575975463395132,-0.00025651220162688714,0.009042818375783425,-0.010016748233097748,341.79
39.276,-0.003255975463395118,-0.00043651220162687287,0.009212818375783428,-0.010016748233097748,341.79
39.28,-0.0035159754633951284,-0.0008565122016268766,0.009132818375783459,-0.010106748233097755,341.79
39.284,-0.0034259754633951217,-0.001376512201626897,0.009302818375783463,-0.010276748233097759,341.79
39.288,-0.003685975463395132,-0.0015465122016268726,0.009382818375783432,-0.010106748233097755,341.79
39.292,-0.0037659754633951287,-0.0019665122016268763,0.009642818375783414,-0.010106748233097755,341.79
39.296,-0.004105975463395108,-0.0023165122016268933,0.009722818375783438,-0.010106748233097755,341.79
39.3,-0.004535975463395122,-0.002486512201626897,0.009812818375783417,-0.009926748233097742,341.79
39.304,-0.004795975463395132,-0.002826512201626876,0.009892818375783442,-0.009676748233097741,341.79
39.308,-0.0050459754633951324,-0.003166512201626883,0.010152818375783424,-0.009676748233097741,341.79
39.312,-0.005395975463395122,-0.003166512201626883,0.010152818375783424,-0.009586748233097735,341.79
39.316,-0.005645975463395122,-0.0032565122016268897,0.010152818375783424,-0.009336748233097734,341.79
39.32,-0.005815975463395125,-0.00350651220162689,0.010072818375783455,-0.009076748233097752,341.79
39.324,-0.006075975463395108,-0.004016512201626873,0.010072818375783455,-0.008816748233097742,341.79
39.328,-0.006335975463395118,-0.00436651220162689,0.010072818375783455,-0.008816748233097742,341.79
39.332,-0.0068459754633951285,-0.004446512201626887,0.010152818375783424,-0.008736748233097745,341.79
39.336,-0.007015975463395132,-0.004706512201626897,0.010152818375783424,-0.008476748233097735,341.79
39.34,-0.0072759754633951144,-0.004876512201626873,0.010152818375783424,-0.008226748233097735,341.79
39.344,-0.007525975463395115,-0.00521651220162688,0.010152818375783424,-0.007966748233097752,341.79
39.348,-0.007865975463395122,-0.005646512201626893,0.010152818375783424,-0.007876748233097745,341.79
39.352,-0.008045975463395107,-0.005896512201626894,0.010072818375783455,-0.007626748233097744,341.79
39.356,-0.007955975463395128,-0.006076512201626879,0.009812818375783417,-0.007366748233097734,341.79
39.36,-0.008125975463395132,-0.0063265122016268795,0.009722818375783438,-0.007106748233097752,341.79
39.364,-0.008295975463395108,-0.00658651220162689,0.009722818375783438,-0.006936748233097748,341.79
39.368,-0.008555975463395118,-0.007016512201626876,0.009722818375783438,-0.006426748233097738,341.79
39.372,-0.008635975463395115,-0.0070965122016268724,0.009472818375783466,-0.006256748233097734,341.79
39.376,-0.008895975463395125,-0.007606512201626883,0.009382818375783432,-0.005996748233097752,341.79
39.38,-0.009065975463395128,-0.007776512201626886,0.009302818375783463,-0.005826748233097748,341.79
39.384,-0.00932597546339511,-0.008036512201626897,0.009042818375783425,-0.005576748233097748,341.79
39.388,-0.009405975463395107,-0.008126512201626876,0.008872818375783421,-0.0054067482330977445,341.79
39.392,-0.009495975463395114,-0.008376512201626876,0.008612818375783439,-0.005056748233097755,341.79
39.396,-0.009745975463395114,-0.008466512201626883,0.008442818375783435,-0.004716748233097748,341.79
39.4,-0.009745975463395114,-0.008636512201626886,0.008192818375783463,-0.004636748233097752,341.79
39.404,-0.009835975463395121,-0.008636512201626886,0.008102818375783428,-0.004286748233097735,341.79
39.408,-0.009925975463395128,-0.008896512201626896,0.007762818375783448,-0.003866748233097759,341.79
39.412,-0.010175975463395128,-0.008976512201626893,0.007422818375783441,-0.003526748233097752,341.79
39.416,-0.010175975463395128,-0.009236512201626875,0.007252818375783438,-0.0033467482330977387,341.79
39.42,-0.010175975463395128,-0.009236512201626875,0.006902818375783448,-0.0030067482330977595,341.79
39.424,-0.010175975463395128,-0.009406512201626879,0.006392818375783438,-0.0027567482330977592,341.79
39.428,-0.010175975463395128,-0.00965651220162688,0.006052818375783431,-0.002496748233097749,341.79
39.432,-0.010175975463395128,-0.009746512201626886,0.005962818375783452,-0.002156748233097742,341.79
39.436,-0.010175975463395128,-0.009746512201626886,0.005712818375783452,-0.0018167482330977349,341.79
39.44,-0.010175975463395128,-0.009746512201626886,0.005372818375783445,-0.001386748233097749,341.79
39.444,-0.010095975463395131,-0.009836512201626893,0.005112818375783435,-0.0011267482330977387,341.79
39.448,-0.010005975463395125,-0.009836512201626893,0.004772818375783428,-0.0008767482330977385,341.79
39.452,-0.010175975463395128,-0.009836512201626893,0.004512818375783445,-0.0005267482330977493,341.79
39.456,-0.010265975463395107,-0.010086512201626893,0.004342818375783442,-0.00018674823309774237,341.79
39.46,-0.010265975463395107,-0.010176512201626872,0.004002818375783435,0.00023325176690226133,341.79
39.464,-0.010005975463395125,-0.010176512201626872,0.0035728183757834492,0.0005832517669022506,341.79
39.468,-0.009835975463395121,-0.010176512201626872,0.003312818375783439,0.0007532517669022541,341.79
39.472,-0.009665975463395118,-0.010176512201626872,0.0031428183757834355,0.001093251766902261,341.79
39.476,-0.009495975463395114,-0.010176512201626872,0.0028028183757834286,0.0014332517669022402,341.79
39.48,-0.009495975463395114,-0.010176512201626872,0.0023728183757834426,0.0019432517669022507,341.79
39.484,-0.00932597546339511,-0.010086512201626893,0.0021228183757834424,0.002373251766902264,341.79
39.488,-0.008985975463395132,-0.009836512201626893,0.0018628183757834322,0.00254325176690224,341.79
39.492,-0.008725975463395121,-0.009836512201626893,0.0015228183757834252,0.0027132517669022434,341.79
39.496,-0.008465975463395111,-0.00965651220162688,0.001182818375783446,0.003143251766902257,341.79
39.5,-0.00821597546339511,-0.009406512201626879,0.0009228183757834357,0.003573251766902243,341.79
39.504,-0.00821597546339511,-0.009316512201626872,0.0007528183757834322,0.003993251766902247,341.79
39.508,-0.008125975463395132,-0.009316512201626872,0.00041281837578342523,0.004423251766902261,341.79
39.512,-0.007785975463395125,-0.009236512201626875,7.281837578344605e-05,0.004593251766902264,341.79
39.516,-0.007615975463395121,-0.008976512201626893,-0.00018718162421656418,0.004763251766902268,341.79
39.52,-0.007615975463395121,-0.008976512201626893,-0.0005271816242165712,0.005193251766902254,341.79
39.524,-0.0072759754633951144,-0.00880651220162689,-0.0009571816242165571,0.0056232517669022675,341.79
39.528,-0.007015975463395132,-0.00854651220162688,-0.0013771816242165607,0.005873251766902268,341.79
39.532,-0.006925975463395125,-0.008376512201626876,-0.00172718162421655,0.0060432517669022435,341.79
39.536,-0.006585975463395118,-0.008206512201626872,-0.00197718162421655,0.006303251766902254,341.79
39.54,-0.006245975463395111,-0.008126512201626876,-0.0021471816242165536,0.00639325176690226,341.79
39.544,-0.005985975463395129,-0.007956512201626872,-0.0024971816242165706,0.006473251766902257,341.79
39.548,-0.005735975463395129,-0.007956512201626872,-0.0030071816242165533,0.006733251766902267,341.79
39.552,-0.005645975463395122,-0.007776512201626886,-0.0032571816242165535,0.007073251766902247,341.79
39.556,-0.005305975463395115,-0.007606512201626883,-0.0031771816242165568,0.007333251766902257,341.79
39.56,-0.0050459754633951324,-0.007356512201626883,-0.0035171816242165637,0.007583251766902257,341.79
39.564,-0.004875975463395129,-0.007186512201626879,-0.0038571816242165707,0.007673251766902264,341.79
39.568,-0.004535975463395122,-0.006926512201626897,-0.004117181624216554,0.007923251766902263,341.79
39.572,-0.004285975463395122,-0.00683651220162689,-0.00419718162421655,0.008013251766902242,341.79
39.576,-0.0040259754633951116,-0.006496512201626883,-0.004547181624216567,0.008103251766902277,341.79
39.58,-0.003685975463395132,-0.006156512201626876,-0.004887181624216574,0.008353251766902249,341.79
39.584,-0.003345975463395125,-0.005986512201626873,-0.0051371816242165745,0.008353251766902249,341.79
39.588,-0.0031659754633951115,-0.00572651220162689,-0.005397181624216557,0.008523251766902253,341.79
39.592,-0.002575975463395132,-0.005556512201626887,-0.005487181624216564,0.008783251766902235,341.79
39.596,-0.0021459754633951183,-0.00521651220162688,-0.005657181624216567,0.00886325176690226,341.79
39.6,-0.0018859754633951081,-0.004786512201626894,-0.005907181624216567,0.008953251766902239,341.79
39.604,-0.001545975463395129,-0.00436651220162689,-0.00616718162421655,0.008953251766902239,341.79
39.608,-0.0012859754633951187,-0.003936512201626876,-0.00642718162421656,0.009043251766902273,341.79
39.612,-0.0007759754633951083,-0.0035965122016268967,-0.0069371816242165705,0.009213251766902276,341.79
39.616,-0.00034597546339512234,-0.003426512201626893,-0.007017181624216567,0.009213251766902276,341.79
39.62,-0.00017597546339511886,-0.003166512201626883,-0.007107181624216574,0.009213251766902276,341.79
39.624,7.402453660488135e-05,-0.002736512201626897,-0.0073671816242165565,0.00938325176690228,341.79
39.628,0.0004140245366048883,-0.00239651220162689,-0.00753718162421656,0.009633251766902252,341.79
39.632,0.0008440245366048742,-0.0023165122016268933,-0.007617181624216557,0.009633251766902252,341.79
39.636,0.001274024536604888,-0.0019665122016268763,-0.007877181624216566,0.009633251766902252,341.79
39.64,0.001704024536604874,-0.0015465122016268726,-0.007877181624216566,0.009633251766902252,341.79
39.644,0.001954024536604874,-0.0011165122016268867,-0.007957181624216563,0.009553251766902228,341.79
39.648,0.0021240245366048777,-0.0008565122016268766,-0.008307181624216552,0.009463251766902249,341.79
39.652,0.0024640245366048846,-0.0006865122016268731,-0.008307181624216552,0.00938325176690228,341.79
39.656,0.0028940245366048706,-0.0003465122016268939,-0.008477181624216555,0.009293251766902245,341.79
39.66,0.0032340245366048776,8.348779837311982e-05,-0.008557181624216552,0.009293251766902245,341.79
39.664,0.0036640245366048913,0.0005034877983731235,-0.008727181624216556,0.009293251766902245,341.79
39.668,0.00400402453660487,0.0010234877983731163,-0.008817181624216562,0.009293251766902245,341.79
39.672,0.0041740245366048735,0.00144348779837312,-0.008817181624216562,0.009293251766902245,341.79
39.676,0.0045240245366048905,0.0017934877983731092,-0.008817181624216562,0.009213251766902276,341.79
39.68,0.004944024536604894,0.0020434877983731095,-0.008817181624216562,0.009043251766902273,341.79
39.684,0.005284024536604873,0.002213487798373113,-0.009077181624216573,0.009123251766902242,341.79
39.688,0.005544024536604884,0.00255348779837312,-0.009077181624216573,0.00886325176690226,341.79
39.692,0.005714024536604887,0.002903487798373109,-0.00915718162421657,0.008523251766902253,341.79
39.696,0.005884024536604891,0.0030734877983731126,-0.009247181624216548,0.008443251766902228,341.79
39.7,0.00622402453660487,0.0034134877983731196,-0.009327181624216573,0.008443251766902228,341.79
39.704,0.00648402453660488,0.0036734877983731298,-0.009497181624216549,0.008443251766902228,341.79
39.708,0.0066540245366048835,0.0038434877983731055,-0.009497181624216549,0.008183251766902246,341.79
39.712,0.0069940245366048905,0.004183487798373112,-0.009497181624216549,0.008103251766902277,341.79
39.716,0.007254024536604873,0.0046934877983731225,-0.009497181624216549,0.008013251766902242,341.79
39.72,0.007424024536604876,0.005373487798373109,-0.009587181624216555,0.0077532517669022605,341.79
39.724,0.007684024536604887,0.005803487798373122,-0.009497181624216549,0.007673251766902264,341.79
39.728,0.00785402453660489,0.005973487798373126,-0.009497181624216549,0.00750325176690226,341.79
39.732,0.008024024536604894,0.006233487798373108,-0.009497181624216549,0.00724325176690225,341.79
39.736,0.008284024536604904,0.0064934877983731185,-0.009497181624216549,0.007163251766902253,341.79
39.74,0.008534024536604876,0.006743487798373119,-0.009247181624216548,0.006903251766902243,341.79
39.744,0.00870402453660488,0.007003487798373129,-0.00915718162421657,0.006733251766902267,341.79
39.748,0.008964024536604862,0.007173487798373105,-0.009077181624216573,0.00639325176690226,341.79
39.752,0.009134024536604866,0.007513487798373112,-0.008987181624216566,0.00613325176690225,341.79
39.756,0.009394024536604904,0.007853487798373119,-0.008987181624216566,0.005963251766902247,341.79
39.76,0.009394024536604904,0.008023487798373122,-0.008817181624216562,0.0056232517669022675,341.79
39.764,0.009394024536604904,0.008283487798373105,-0.008727181624216556,0.0052832517669022605,341.79
39.768,0.009564024536604907,0.008373487798373139,-0.008647181624216559,0.00502325176690225,341.79
39.772,0.009904024536604859,0.008623487798373112,-0.008387181624216549,0.004683251766902243,341.79
39.776,0.009984024536604883,0.00871348779837309,-0.008217181624216573,0.004343251766902264,341.79
39.78,0.010074024536604862,0.00871348779837309,-0.007957181624216563,0.004163251766902251,341.79
39.784,0.010244024536604866,0.00871348779837309,-0.007877181624216566,0.004163251766902251,341.79
39.788,0.010244024536604866,0.008883487798373094,-0.007617181624216557,0.0039132517669022504,341.79
39.792,0.010164024536604897,0.009053487798373097,-0.007447181624216553,0.003483251766902264,341.79
39.796,0.010244024536604866,0.009133487798373122,-0.0073671816242165565,0.003143251766902257,341.79
39.8,0.010244024536604866,0.009223487798373101,-0.007017181624216567,0.00280325176690225,341.79
39.804,0.010244024536604866,0.009483487798373139,-0.006767181624216567,0.00254325176690224,341.79
39.808,0.010244024536604866,0.009483487798373139,-0.006507181624216557,0.0022032517669022607,341.79
39.812,0.010244024536604866,0.009483487798373139,-0.006337181624216553,0.001863251766902254,341.79
39.816,0.010244024536604866,0.009483487798373139,-0.006257181624216557,0.0014332517669022402,341.79
39.82,0.010244024536604866,0.009483487798373139,-0.005997181624216574,0.0011732517669022578,341.79
39.824,0.010244024536604866,0.009653487798373142,-0.005737181624216564,0.0010032517669022543,341.79
39.828,0.010244024536604866,0.009903487798373115,-0.005487181624216564,0.0006632517669022473,341.79
39.832,0.010244024536604866,0.009993487798373094,-0.00531718162421656,0.0003232517669022403,341.79
39.836,0.010164024536604897,0.009993487798373094,-0.00505718162421655,6.325176690225785e-05,341.79
39.84,0.009984024536604883,0.009993487798373094,-0.004887181624216574,-0.0002767482330977491,341.79
39.844,0.009734024536604855,0.009903487798373115,-0.004547181624216567,-0.0004467482330977526,341.79
39.848,0.009474024536604873,0.009903487798373115,-0.004287181624216557,-0.000706748233097735,341.79
39.852,0.009474024536604873,0.009903487798373115,-0.00419718162421655,-0.001046748233097742,341.79
39.856,0.009394024536604904,0.009993487798373094,-0.00394718162421655,-0.001386748233097749,341.79
39.86,0.009134024536604866,0.009993487798373094,-0.003687181624216567,-0.0015567482330977524,341.79
39.864,0.008964024536604862,0.00982348779837309,-0.0033471816242165602,-0.0018167482330977349,341.79
39.868,0.008874024536604883,0.009563487798373108,-0.00308718162421655,-0.0019867482330977386,341.79
39.872,0.008624024536604855,0.009563487798373108,-0.0029171816242165743,-0.0023267482330977455,341.79
39.876,0.008534024536604876,0.009563487798373108,-0.0024971816242165706,-0.0026667482330977525,341.79
39.88,0.008454024536604907,0.009563487798373108,-0.00197718162421655,-0.002926748233097735,341.79
39.884,0.008534024536604876,0.009483487798373139,-0.00172718162421655,-0.0030967482330977385,341.79
39.888,0.00819402453660487,0.009223487798373101,-0.001297181624216564,-0.0033467482330977387,341.79
39.892,0.00785402453660489,0.009133487798373122,-0.0009571816242165571,-0.003606748233097749,341.79
39.896,0.007764024536604883,0.008963487798373119,-0.0006971816242165746,-0.003946748233097755,341.79
39.9,0.007514024536604883,0.00871348779837309,-0.0004371816242165644,-0.004206748233097738,341.79
39.904,0.00734402453660488,0.008623487798373112,-9.718162421655743e-05,-0.004286748233097735,341.79
39.908,0.0069940245366048905,0.008373487798373139,0.00024281837578344953,-0.004546748233097745,341.79
39.912,0.0066540245366048835,0.008283487798373105,0.0005828183757834287,-0.004716748233097748,341.79
39.916,0.006574024536604887,0.008023487798373122,0.0008428183757834389,-0.005056748233097755,341.79
39.92,0.006144024536604873,0.007853487798373119,0.0012628183757834427,-0.005316748233097738,341.79
39.924,0.005714024536604887,0.007603487798373118,0.0014328183757834462,-0.005576748233097748,341.79
39.928,0.005464024536604887,0.007433487798373115,0.0016928183757834287,-0.005826748233097748,341.79
39.932,0.005284024536604873,0.007173487798373105,0.0021228183757834424,-0.005996748233097752,341.79
39.936,0.004944024536604894,0.007173487798373105,0.0021228183757834424,-0.006346748233097741,341.79
39.94,0.004604024536604887,0.007003487798373129,0.0023728183757834426,-0.006596748233097741,341.79
39.944,0.00426402453660488,0.006663487798373122,0.002722818375783432,-0.006766748233097745,341.79
39.948,0.004094024536604877,0.006403487798373112,0.0032328183757834423,-0.007026748233097755,341.79
39.952,0.0037540245366048702,0.006143487798373129,0.0035728183757834492,-0.007196748233097758,341.79
39.956,0.0032340245366048776,0.005893487798373129,0.003742818375783425,-0.0075367482330977375,341.79
39.96,0.002814024536604874,0.005803487798373122,0.004002818375783435,-0.007966748233097752,341.79
39.964,0.0024640245366048846,0.005463487798373115,0.0044328183757834485,-0.008046748233097749,341.79
39.968,0.0022140245366048844,0.0050334877983731294,0.004772818375783428,-0.008046748233097749,341.79
39.972,0.001954024536604874,0.0046934877983731225,0.004942818375783431,-0.008136748233097756,341.79
39.976,0.0016140245366048672,0.004523487798373119,0.005282818375783438,-0.008306748233097759,341.79
39.98,0.001274024536604888,0.004183487798373112,0.005542818375783448,-0.008476748233097735,341.79
39.984,0.0010140245366048778,0.0037534877983731265,0.0058828183757834275,-0.008736748233097745,341.79
39.988,0.0008440245366048742,0.0034934877983731163,0.006312818375783441,-0.008906748233097748,341.79
39.992,0.0005040245366048673,0.003243487798373116,0.0065628183757834415,-0.009166748233097759,341.79
39.996,0.0001640245366048881,0.0027334877983731056,0.006902818375783448,-0.009166748233097759,341.79
40.0,-9.597546339512214e-05,0.0023034877983731197,0.007162818375783431,-0.009336748233097734,341.79
40.004,-0.0004359754633951291,0.002133487798373116,0.007332818375783434,-0.009586748233097735,341.79
40.008,-0.0006959754633951116,0.0019634877983731127,0.007592818375783445,-0.009586748233097735,341.79
40.012,-0.0007759754633951083,0.0016134877983731235,0.007762818375783448,-0.009586748233097735,341.79
40.016,-0.0010359754633951185,0.0012734877983731165,0.00801281837578345,-0.009676748233097741,341.79
40.02,-0.0012859754633951187,0.0010234877983731163,0.008192818375783463,-0.009676748233097741,341.79
40.024,-0.001635975463395108,0.0008534877983731127,0.008532818375783414,-0.009676748233097741,341.79
40.028,-0.001975975463395115,0.0005034877983731235,0.008872818375783421,-0.009926748233097742,341.79
40.032,-0.002315975463395122,8.348779837311982e-05,0.008952818375783446,-0.010016748233097748,341.79
40.036,-0.0028259754633951323,-0.00025651220162688714,0.009212818375783428,-0.010106748233097755,341.79
40.04,-0.0030859754633951147,-0.00043651220162687287,0.009302818375783463,-0.010186748233097752,341.79
40.044,-0.003255975463395118,-0.0007765122016268798,0.009302818375783463,-0.010106748233097755,341.79
40.048,-0.0035159754633951284,-0.00102651220162688,0.009302818375783463,-0.010016748233097748,341.79
40.052,-0.003685975463395132,-0.0012865122016268902,0.009472818375783466,-0.009926748233097742,341.79
40.056,-0.0037659754633951287,-0.0019665122016268763,0.009812818375783417,-0.009926748233097742,341.79
40.06,-0.004105975463395108,-0.0023165122016268933,0.009812818375783417,-0.009756748233097738,341.79
40.064,-0.004455975463395125,-0.002486512201626897,0.009812818375783417,-0.009586748233097735,341.79
40.068,-0.004535975463395122,-0.002826512201626876,0.010072818375783455,-0.009586748233097735,341.79
40.072,-0.004795975463395132,-0.003076512201626876,0.010152818375783424,-0.009506748233097738,341.79
40.076,-0.0051359754633951114,-0.003166512201626883,0.010152818375783424,-0.009246748233097755,341.79
40.08,-0.005305975463395115,-0.00350651220162689,0.010072818375783455,-0.009076748233097752,341.79
40.084,-0.005735975463395129,-0.003846512201626897,0.010152818375783424,-0.008816748233097742,341.79
40.088,-0.006075975463395108,-0.003936512201626876,0.010152818375783424,-0.008816748233097742,341.79
40.092,-0.006335975463395118,-0.00410651220162688,0.010072818375783455,-0.008646748233097738,341.79
40.096,-0.0068459754633951285,-0.004446512201626887,0.010072818375783455,-0.008396748233097738,341.79
40.1,-0.007015975463395132,-0.004706512201626897,0.010152818375783424,-0.008226748233097735,341.79
40.104,-0.0072759754633951144,-0.004956512201626897,0.010152818375783424,-0.007966748233097752,341.79
40.108,-0.007445975463395118,-0.005306512201626886,0.010152818375783424,-0.007876748233097745,341.79
40.112,-0.007615975463395121,-0.005556512201626887,0.010152818375783424,-0.007876748233097745,341.79
40.116,-0.007865975463395122,-0.00572651220162689,0.010152818375783424,-0.007626748233097744,341.79
40.12,-0.008125975463395132,-0.006076512201626879,0.010152818375783424,-0.007456748233097741,341.79
40.124,-0.008295975463395108,-0.0063265122016268795,0.010072818375783455,-0.007196748233097758,341.79
40.128,-0.008385975463395114,-0.006496512201626883,0.009892818375783442,-0.007106748233097752,341.79
40.132,-0.008385975463395114,-0.006756512201626893,0.009642818375783414,-0.006766748233097745,341.79
40.136,-0.008725975463395121,-0.007016512201626876,0.009382818375783432,-0.006346748233097741,341.79
40.14,-0.008985975463395132,-0.007436512201626879,0.009382818375783432,-0.0060867482330977584,341.79
40.144,-0.009155975463395107,-0.007776512201626886,0.009382818375783432,-0.005826748233097748,341.79
40.148,-0.009495975463395114,-0.008036512201626897,0.009212818375783428,-0.005576748233097748,341.79
40.152,-0.009665975463395118,-0.008206512201626872,0.008952818375783446,-0.0054067482330977445,341.79
40.156,-0.009745975463395114,-0.008466512201626883,0.008872818375783421,-0.005146748233097734,341.79
40.16,-0.009745975463395114,-0.00854651220162688,0.008442818375783435,-0.005056748233097755,341.79
40.164,-0.009835975463395121,-0.00880651220162689,0.008102818375783428,-0.004716748233097748,341.79
40.168,-0.009925975463395128,-0.008896512201626896,0.00801281837578345,-0.004376748233097741,341.79
40.172,-0.010175975463395128,-0.008896512201626896,0.007672818375783441,-0.004116748233097759,341.79
40.176,-0.010345975463395132,-0.008896512201626896,0.007422818375783441,-0.0037767482330977524,341.79
40.18,-0.010345975463395132,-0.008976512201626893,0.007252818375783438,-0.003526748233097752,341.79
40.184,-0.010265975463395107,-0.009236512201626875,0.006902818375783448,-0.0034367482330977454,341.79
40.188,-0.010265975463395107,-0.009406512201626879,0.0065628183757834415,-0.0030067482330977595,341.79
40.192,-0.010265975463395107,-0.009486512201626876,0.006392818375783438,-0.0025867482330977558,341.79
40.196,-0.010265975463395107,-0.00965651220162688,0.005962818375783452,-0.002236748233097739,341.79
40.2,-0.010345975463395132,-0.009746512201626886,0.005712818375783452,-0.0019867482330977386,341.79
40.204,-0.010345975463395132,-0.009746512201626886,0.005542818375783448,-0.001726748233097756,341.79
40.208,-0.01043597546339511,-0.009836512201626893,0.005192818375783431,-0.001386748233097749,341.79
40.212,-0.010265975463395107,-0.010086512201626893,0.004852818375783452,-0.0009567482330977352,341.79
40.216,-0.010175975463395128,-0.010086512201626893,0.004512818375783445,-0.000616748233097756,341.79
40.22,-0.010095975463395131,-0.010086512201626893,0.004252818375783435,-0.0004467482330977526,341.79
40.224,-0.010005975463395125,-0.010086512201626893,0.0038328183757834317,-0.00010674823309774563,341.79
40.228,-0.009925975463395128,-0.010086512201626893,0.0036628183757834282,0.00023325176690226133,341.79
40.232,-0.009665975463395118,-0.010086512201626893,0.003312818375783439,0.0007532517669022541,341.79
40.236,-0.009835975463395121,-0.010086512201626893,0.002972818375783432,0.001093251766902261,341.79
40.24,-0.009745975463395114,-0.010086512201626893,0.0028028183757834286,0.0011732517669022578,341.79
40.244,-0.009495975463395114,-0.010176512201626872,0.0024628183757834494,0.0014332517669022402,341.79
40.248,-0.009405975463395107,-0.010176512201626872,0.0021228183757834424,0.001863251766902254,341.79
40.252,-0.00932597546339511,-0.00991651220162689,0.001952818375783439,0.0022032517669022607,341.79
40.256,-0.008985975463395132,-0.009836512201626893,0.001612818375783432,0.0026332517669022466,341.79
40.26,-0.008805975463395118,-0.00965651220162688,0.0013528183757834495,0.0029732517669022536,341.79
40.264,-0.008725975463395121,-0.009406512201626879,0.001182818375783446,0.003223251766902254,341.79
40.268,-0.008385975463395114,-0.009316512201626872,0.0008428183757834389,0.003573251766902243,341.79
40.272,-0.00821597546339511,-0.009316512201626872,0.00041281837578342523,0.0039132517669022504,341.79
40.276,-0.007955975463395128,-0.009236512201626875,7.281837578344605e-05,0.004253251766902257,341.79
40.28,-0.007785975463395125,-0.008976512201626893,-0.00018718162421656418,0.004683251766902243,341.79
40.284,-0.007615975463395121,-0.008976512201626893,-0.0005271816242165712,0.005193251766902254,341.79
40.288,-0.007445975463395118,-0.00880651220162689,-0.0008671816242165504,0.005533251766902261,341.79
40.292,-0.007355975463395111,-0.00854651220162688,-0.0012071816242165572,0.005703251766902264,341.79
40.296,-0.007105975463395111,-0.008376512201626876,-0.001637181624216571,0.0060432517669022435,341.79
40.3,-0.0068459754633951285,-0.008296512201626879,-0.00197718162421655,0.006303251766902254,341.79
40.304,-0.0065059754633951215,-0.008206512201626872,-0.0022371816242165604,0.00639325176690226,341.79
40.308,-0.006245975463395111,-0.008126512201626876,-0.0025771816242165673,0.006473251766902257,341.79
40.312,-0.006075975463395108,-0.008036512201626897,-0.00283718162421655,0.006643251766902261,341.79
40.316,-0.005735975463395129,-0.007776512201626886,-0.00308718162421655,0.006903251766902243,341.79
40.32,-0.005395975463395122,-0.007526512201626886,-0.003437181624216567,0.00724325176690225,341.79
40.324,-0.005225975463395118,-0.007266512201626876,-0.003777181624216574,0.007583251766902257,341.79
40.328,-0.004875975463395129,-0.007186512201626879,-0.00394718162421655,0.007673251766902264,341.79
40.332,-0.004625975463395129,-0.006926512201626897,-0.0038571816242165707,0.007923251766902263,341.79
40.336,-0.004455975463395125,-0.006756512201626893,-0.00419718162421655,0.008013251766902242,341.79
40.34,-0.003935975463395133,-0.00658651220162689,-0.004547181624216567,0.008103251766902277,341.79
40.344,-0.0034259754633951217,-0.0063265122016268795,-0.004717181624216571,0.008353251766902249,341.79
40.348,-0.0034259754633951217,-0.005986512201626873,-0.00505718162421655,0.008613251766902232,341.79
40.352,-0.0031659754633951115,-0.005646512201626893,-0.005397181624216557,0.008783251766902235,341.79
40.356,-0.0026559754633951288,-0.00547651220162689,-0.00556718162421656,0.008783251766902235,341.79
40.36,-0.0024059754633951286,-0.005306512201626886,-0.005737181624216564,0.00886325176690226,341.79
40.364,-0.002225975463395115,-0.005046512201626876,-0.005827181624216571,0.00886325176690226,341.79
40.368,-0.0017159754633951324,-0.0045365122016268935,-0.006077181624216571,0.00886325176690226,341.79
40.372,-0.0012859754633951187,-0.00410651220162688,-0.00642718162421656,0.009123251766902242,341.79
40.376,-0.0011159754633951152,-0.003936512201626876,-0.0069371816242165705,0.009213251766902276,341.79
40.38,-0.0007759754633951083,-0.0035965122016268967,-0.007017181624216567,0.009213251766902276,341.79
40.384,-0.0004359754633951291,-0.0032565122016268897,-0.007197181624216553,0.009213251766902276,341.79
40.388,-9.597546339512214e-05,-0.0029065122016268727,-0.00753718162421656,0.009213251766902276,341.79
40.392,0.0004140245366048883,-0.002736512201626897,-0.007617181624216557,0.00938325176690228,341.79
40.396,0.0007640245366048775,-0.00239651220162689,-0.007617181624216557,0.009633251766902252,341.79
40.4,0.000934024536604881,-0.0018865122016268796,-0.007877181624216566,0.009633251766902252,341.79
40.404,0.001274024536604888,-0.0014565122016268937,-0.007877181624216566,0.009633251766902252,341.79
40.408,0.0016140245366048672,-0.0011965122016268834,-0.007957181624216563,0.009633251766902252,341.79
40.412,0.0021240245366048777,-0.00102651220162688,-0.008217181624216573,0.009633251766902252,341.79
40.416,0.0025540245366048914,-0.0005165122016268974,-0.008217181624216573,0.009723251766902231,341.79
40.42,0.0028940245366048706,-0.00025651220162688714,-0.008387181624216549,0.009633251766902252,341.79
40.424,0.003154024536604881,8.348779837311982e-05,-0.008647181624216559,0.009553251766902228,341.79
40.428,0.003404024536604881,0.0005034877983731235,-0.008557181624216552,0.009293251766902245,341.79
40.432,0.0037540245366048702,0.0009334877983731095,-0.008387181624216549,0.009293251766902245,341.79
40.436,0.004094024536604877,0.0012734877983731165,-0.008557181624216552,0.009123251766902242,341.79
40.44,0.0045240245366048905,0.0016134877983731235,-0.008647181624216559,0.008953251766902239,341.79
40.444,0.00486402453660487,0.0020434877983731095,-0.008727181624216556,0.009213251766902276,341.79
40.448,0.004944024536604894,0.0023834877983731164,-0.009077181624216573,0.009213251766902276,341.79
40.452,0.005034024536604873,0.0026434877983731266,-0.009417181624216552,0.009123251766902242,341.79
40.456,0.00537402453660488,0.002983487798373106,-0.009497181624216549,0.008783251766902235,341.79
40.46,0.005714024536604887,0.003323487798373113,-0.009497181624216549,0.008613251766902232,341.79
40.464,0.006054024536604894,0.0034934877983731163,-0.009497181624216549,0.00886325176690226,341.79
40.468,0.0063140245366048765,0.0037534877983731265,-0.009587181624216555,0.008783251766902235,341.79
40.472,0.0066540245366048835,0.004093487798373105,-0.009497181624216549,0.008613251766902232,341.79
40.476,0.006914024536604894,0.004263487798373109,-0.009587181624216555,0.008443251766902228,341.79
40.48,0.0070840245366048694,0.0046934877983731225,-0.009497181624216549,0.008183251766902246,341.79
40.484,0.00734402453660488,0.005373487798373109,-0.009497181624216549,0.008013251766902242,341.79
40.488,0.007424024536604876,0.005723487798373126,-0.009497181624216549,0.0077532517669022605,341.79
40.492,0.007764024536604883,0.005893487798373129,-0.009587181624216555,0.007583251766902257,341.79
40.496,0.008024024536604894,0.006233487798373108,-0.009497181624216549,0.007333251766902257,341.79
40.5,0.008284024536604904,0.0064934877983731185,-0.009417181624216552,0.00724325176690225,341.79
40.504,0.008624024536604855,0.006743487798373119,-0.00915718162421657,0.007163251766902253,341.79
40.508,0.008794024536604859,0.007173487798373105,-0.00915718162421657,0.006813251766902264,341.79
40.512,0.008874024536604883,0.007513487798373112,-0.00915718162421657,0.006473251766902257,341.79
40.516,0.008874024536604883,0.007603487798373118,-0.009077181624216573,0.006303251766902254,341.79
40.52,0.009044024536604887,0.007853487798373119,-0.008987181624216566,0.0060432517669022435,341.79
40.524,0.00930402453660487,0.007943487798373125,-0.00889718162421656,0.005963251766902247,341.79
40.528,0.009394024536604904,0.008193487798373126,-0.008477181624216555,0.0056232517669022675,341.79
40.532,0.009474024536604873,0.008373487798373139,-0.008557181624216552,0.0052832517669022605,341.79
40.536,0.009734024536604855,0.008623487798373112,-0.008477181624216555,0.005103251766902247,341.79
40.54,0.009904024536604859,0.00871348779837309,-0.008217181624216573,0.004763251766902268,341.79
40.544,0.009984024536604883,0.008793487798373115,-0.007957181624216563,0.004343251766902264,341.79
40.548,0.010074024536604862,0.008883487798373094,-0.00778718162421656,0.004083251766902254,341.79
40.552,0.010164024536604897,0.009053487798373097,-0.00753718162421656,0.003993251766902247,341.79
40.556,0.010244024536604866,0.009133487798373122,-0.007447181624216553,0.0039132517669022504,341.79
40.56,0.010244024536604866,0.009133487798373122,-0.0073671816242165565,0.003573251766902243,341.79
40.564,0.010244024536604866,0.009223487798373101,-0.007107181624216574,0.0030532517669022504,341.79
40.568,0.010244024536604866,0.009483487798373139,-0.007017181624216567,0.0026332517669022466,341.79
40.572,0.010164024536604897,0.009483487798373139,-0.00667718162421656,0.002373251766902264,341.79
40.576,0.010244024536604866,0.009483487798373139,-0.00642718162421656,0.0022032517669022607,341.79
40.58,0.010244024536604866,0.009483487798373139,-0.00616718162421655,0.001863251766902254,341.79
40.584,0.010244024536604866,0.009653487798373142,-0.005827181624216571,0.001523251766902247,341.79
40.588,0.010244024536604866,0.009903487798373115,-0.005657181624216567,0.001093251766902261,341.79
40.592,0.010244024536604866,0.009903487798373115,-0.005397181624216557,0.0008332517669022508,341.79
40.596,0.010244024536604866,0.009993487798373094,-0.005397181624216557,0.0005832517669022506,341.79
40.6,0.0103340245366049,0.009993487798373094,-0.00531718162421656,0.00023325176690226133,341.79
40.604,0.0103340245366049,0.009903487798373115,-0.004967181624216571,-1.6748233097738888e-05,341.79
40.608,0.009984024536604883,0.009903487798373115,-0.004717181624216571,-0.0002767482330977491,341.79
40.612,0.009564024536604907,0.009903487798373115,-0.004547181624216567,-0.000616748233097756,341.79
40.616,0.009474024536604873,0.009993487798373094,-0.00419718162421655,-0.0008767482330977385,341.79
40.62,0.009474024536604873,0.009993487798373094,-0.0038571816242165707,-0.0011267482330977387,341.79
40.624,0.00930402453660487,0.009993487798373094,-0.0036071816242165705,-0.001386748233097749,341.79
40.628,0.009044024536604887,0.009903487798373115,-0.0032571816242165535,-0.0014667482330977457,341.79
40.632,0.009044024536604887,0.009653487798373142,-0.0030071816242165533,-0.0018967482330977594,341.79
40.636,0.008964024536604862,0.009563487798373108,-0.0029171816242165743,-0.0024067482330977423,341.79
40.64,0.00870402453660488,0.009563487798373108,-0.0025771816242165673,-0.0027567482330977592,341.79
40.644,0.00870402453660488,0.009563487798373108,-0.0022371816242165604,-0.0030067482330977595,341.79
40.648,0.008624024536604855,0.009483487798373139,-0.002067181624216557,-0.0030967482330977385,341.79
40.652,0.008534024536604876,0.009223487798373101,-0.001637181624216571,-0.0033467482330977387,341.79
40.656,0.00819402453660487,0.009053487798373097,-0.0011271816242165605,-0.003606748233097749,341.79
40.66,0.00785402453660489,0.008963487798373119,-0.0008671816242165504,-0.003946748233097755,341.79
40.664,0.007764024536604883,0.00871348779837309,-0.0005271816242165712,-0.004206748233097738,341.79
40.668,0.007424024536604876,0.008623487798373112,-1.7181624216560694e-05,-0.004286748233097735,341.79
40.672,0.007164024536604894,0.008373487798373139,0.00032281837578344624,-0.004546748233097745,341.79
40.676,0.006914024536604894,0.008283487798373105,0.00041281837578342523,-0.004716748233097748,341.79
40.68,0.0066540245366048835,0.008023487798373122,0.0006728183757834355,-0.005056748233097755,341.79
40.684,0.00648402453660488,0.007773487798373122,0.001182818375783446,-0.005316748233097738,341.79
40.688,0.006144024536604873,0.007513487798373112,0.001612818375783432,-0.005576748233097748,341.79
40.692,0.005804024536604894,0.007433487798373115,0.0018628183757834322,-0.005826748233097748,341.79
40.696,0.005464024536604887,0.007173487798373105,0.0020328183757834357,-0.005996748233097752,341.79
40.7,0.005204024536604877,0.007173487798373105,0.002292818375783446,-0.006346748233097741,341.79
40.704,0.00486402453660487,0.007083487798373126,0.0024628183757834494,-0.006596748233097741,341.79
40.708,0.0045240245366048905,0.0068334877983731255,0.002722818375783432,-0.006766748233097745,341.79
40.712,0.004094024536604877,0.006663487798373122,0.003062818375783439,-0.007026748233097755,341.79
40.716,0.0037540245366048702,0.006233487798373108,0.0032328183757834423,-0.007196748233097758,341.79
40.72,0.0036640245366048913,0.005893487798373129,0.0035728183757834492,-0.0075367482330977375,341.79
40.724,0.0033240245366048843,0.005723487798373126,0.0040828183757834315,-0.007966748233097752,341.79
40.728,0.0029840245366048773,0.005373487798373109,0.0044328183757834485,-0.008046748233097749,341.79
40.732,0.0025540245366048914,0.005123487798373108,0.004512818375783445,-0.008046748233097749,341.79
40.736,0.001954024536604874,0.0050334877983731294,0.004852818375783452,-0.008136748233097756,341.79
40.74,0.001704024536604874,0.0046934877983731225,0.005112818375783435,-0.008306748233097759,341.79
40.744,0.0015240245366048883,0.004263487798373109,0.005282818375783438,-0.008476748233097735,341.79
40.748,0.001274024536604888,0.0040134877983731086,0.005712818375783452,-0.008736748233097745,341.79
40.752,0.0008440245366048742,0.0037534877983731265,0.006312818375783441,-0.008906748233097748,341.79
40.756,0.0005040245366048673,0.0034134877983731196,0.006652818375783448,-0.009166748233097759,341.79
40.76,0.0003340245366048916,0.002983487798373106,0.006902818375783448,-0.009166748233097759,341.79
40.764,-5.975463395115394e-06,0.0026434877983731266,0.006992818375783427,-0.009336748233097734,341.79
40.768,-0.0002659754633951256,0.002473487798373123,0.007332818375783434,-0.009586748233097735,341.79
40.772,-0.0004359754633951291,0.001873487798373106,0.007672818375783441,-0.009586748233097735,341.79
40.776,-0.0006959754633951116,0.00144348779837312,0.007762818375783448,-0.009586748233097735,341.79
40.78,-0.0010359754633951185,0.0013634877983731233,0.007932818375783452,-0.009586748233097735,341.79
40.784,-0.001205975463395122,0.0012734877983731165,0.008102818375783428,-0.009586748233097735,341.79
40.788,-0.001635975463395108,0.0009334877983731095,0.008442818375783435,-0.009676748233097741,341.79
40.792,-0.001975975463395115,0.0006834877983731093,0.008702818375783418,-0.009926748233097742,341.79
40.796,-0.002225975463395115,0.0004234877983731268,0.008872818375783421,-0.010016748233097748,341.79
40.8,-0.0027459754633951078,8.348779837311982e-05,0.008952818375783446,-0.010016748233097748,341.79
40.804,-0.0029159754633951112,-0.0003465122016268939,0.009212818375783428,-0.010016748233097748,341.79
40.808,-0.003255975463395118,-0.0006065122016268764,0.009302818375783463,-0.010016748233097748,341.79
40.812,-0.0035159754633951284,-0.0007765122016268798,0.009382818375783432,-0.010016748233097748,341.79
40.816,-0.0034259754633951217,-0.0011165122016268867,0.009472818375783466,-0.010016748233097748,341.79
40.82,-0.0037659754633951287,-0.0014565122016268937,0.009812818375783417,-0.009846748233097745,341.79
40.824,-0.004195975463395115,-0.0017165122016268761,0.009892818375783442,-0.009586748233097735,341.79
40.828,-0.004455975463395125,-0.00213651220162688,0.009982818375783421,-0.009586748233097735,341.79
40.832,-0.004625975463395129,-0.00239651220162689,0.010152818375783424,-0.009586748233097735,341.79
40.836,-0.004875975463395129,-0.002736512201626897,0.010152818375783424,-0.009506748233097738,341.79
40.84,-0.004965975463395108,-0.0029965122016268795,0.010152818375783424,-0.009246748233097755,341.79
40.844,-0.005305975463395115,-0.0032565122016268897,0.010152818375783424,-0.009246748233097755,341.79
40.848,-0.005645975463395122,-0.0036765122016268934,0.010072818375783455,-0.009076748233097752,341.79
40.852,-0.005815975463395125,-0.004016512201626873,0.010152818375783424,-0.008816748233097742,341.79
40.856,-0.006165975463395115,-0.004016512201626873,0.010152818375783424,-0.008646748233097738,341.79
40.86,-0.0065059754633951215,-0.00410651220162688,0.010152818375783424,-0.008476748233097735,341.79
40.864,-0.006925975463395125,-0.004446512201626887,0.010152818375783424,-0.008396748233097738,341.79
40.868,-0.0072759754633951144,-0.004706512201626897,0.010152818375783424,-0.008306748233097759,341.79
40.872,-0.007525975463395115,-0.004956512201626897,0.010152818375783424,-0.008046748233097749,341.79
40.876,-0.007785975463395125,-0.005306512201626886,0.010152818375783424,-0.007876748233097745,341.79
40.88,-0.007865975463395122,-0.005556512201626887,0.010152818375783424,-0.007706748233097741,341.79
40.884,-0.007955975463395128,-0.00572651220162689,0.010072818375783455,-0.007456748233097741,341.79
40.888,-0.007955975463395128,-0.005986512201626873,0.010072818375783455,-0.007196748233097758,341.79
40.892,-0.008125975463395132,-0.006076512201626879,0.009892818375783442,-0.006856748233097751,341.79
40.896,-0.00821597546339511,-0.006416512201626886,0.009812818375783417,-0.006596748233097741,341.79
40.9,-0.008465975463395111,-0.0066665122016268865,0.009642818375783414,-0.006516748233097744,341.79
40.904,-0.008725975463395121,-0.007016512201626876,0.009382818375783432,-0.005996748233097752,341.79
40.908,-0.008985975463395132,-0.007526512201626886,0.009382818375783432,-0.005916748233097755,341.79
40.912,-0.009065975463395128,-0.007776512201626886,0.009212818375783428,-0.005656748233097745,341.79
40.916,-0.00932597546339511,-0.008036512201626897,0.008952818375783446,-0.005486748233097741,341.79
40.92,-0.009495975463395114,-0.008126512201626876,0.008782818375783442,-0.005226748233097759,341.79
40.924,-0.009745975463395114,-0.008376512201626876,0.008442818375783435,-0.0049767482330977586,341.79
40.928,-0.009835975463395121,-0.00854651220162688,0.008192818375783463,-0.004716748233097748,341.79
40.932,-0.009835975463395121,-0.00880651220162689,0.00801281837578345,-0.004546748233097745,341.79
40.936,-0.009835975463395121,-0.008976512201626893,0.007762818375783448,-0.004206748233097738,341.79
40.94,-0.010095975463395131,-0.009236512201626875,0.007592818375783445,-0.003946748233097755,341.79
40.944,-0.010175975463395128,-0.009236512201626875,0.007252818375783438,-0.003866748233097759,341.79
40.948,-0.010175975463395128,-0.009316512201626872,0.006902818375783448,-0.003526748233097752,341.79
40.952,-0.010175975463395128,-0.009406512201626879,0.006732818375783445,-0.0030967482330977385,341.79
40.956,-0.010265975463395107,-0.009316512201626872,0.006392818375783438,-0.0027567482330977592,341.79
40.96,-0.010345975463395132,-0.009316512201626872,0.006132818375783428,-0.002496748233097749,341.79
40.964,-0.010265975463395107,-0.009486512201626876,0.005962818375783452,-0.002156748233097742,341.79
40.968,-0.010265975463395107,-0.009746512201626886,0.005622818375783445,-0.0018167482330977349,341.79
40.972,-0.010265975463395107,-0.009746512201626886,0.005282818375783438,-0.0014667482330977457,341.79
40.976,-0.010265975463395107,-0.009746512201626886,0.005022818375783428,-0.0012967482330977422,341.79
40.98,-0.010265975463395107,-0.010086512201626893,0.004772818375783428,-0.0009567482330977352,341.79
40.984,-0.010265975463395107,-0.010176512201626872,0.004252818375783435,-0.0005267482330977493,341.79
40.988,-0.010265975463395107,-0.010176512201626872,0.0038328183757834317,-0.00018674823309774237,341.79
40.992,-0.010175975463395128,-0.010176512201626872,0.003912818375783428,6.325176690225785e-05,341.79
40.996,-0.009835975463395121,-0.010176512201626872,0.0036628183757834282,0.0003232517669022403,341.79
41.0,-0.009835975463395121,-0.010176512201626872,0.0031428183757834355,0.0007532517669022541,341.79
41.004,-0.009745975463395114,-0.010176512201626872,0.002632818375783425,0.0011732517669022578,341.79
41.008,-0.009575975463395111,-0.010176512201626872,0.002202818375783439,0.0014332517669022402,341.79
41.012,-0.009495975463395114,-0.010176512201626872,0.002202818375783439,0.0017732517669022472,341.79
41.016,-0.00932597546339511,-0.010256512201626896,0.0018628183757834322,0.0019432517669022507,341.79
41.02,-0.009065975463395128,-0.010086512201626893,0.0015228183757834252,0.0022832517669022574,341.79
41.024,-0.008895975463395125,-0.009746512201626886,0.0012628183757834427,0.0026332517669022466,341.79
41.028,-0.008555975463395118,-0.009406512201626879,0.0010928183757834393,0.0030532517669022504,341.79
41.032,-0.008385975463395114,-0.009316512201626872,0.0007528183757834322,0.003483251766902264,341.79
41.036,-0.00821597546339511,-0.009316512201626872,0.00032281837578344624,0.0038232517669022433,341.79
41.04,-0.007865975463395122,-0.009236512201626875,7.281837578344605e-05,0.003993251766902247,341.79
41.044,-0.007615975463395121,-0.008976512201626893,-9.718162421655743e-05,0.004343251766902264,341.79
41.048,-0.007525975463395115,-0.008976512201626893,-0.0004371816242165644,0.004683251766902243,341.79
41.052,-0.007695975463395118,-0.00880651220162689,-0.0007871816242165536,0.005193251766902254,341.79
41.056,-0.007445975463395118,-0.00854651220162688,-0.0009571816242165571,0.0056232517669022675,341.79
41.06,-0.007015975463395132,-0.008466512201626883,-0.0013771816242165607,0.005793251766902243,341.79
41.064,-0.006755975463395122,-0.008466512201626883,-0.0018971816242165534,0.0060432517669022435,341.79
41.068,-0.006415975463395115,-0.008206512201626872,-0.0021471816242165536,0.00639325176690226,341.79
41.072,-0.006165975463395115,-0.008126512201626876,-0.0025771816242165673,0.006733251766902267,341.79
41.076,-0.006075975463395108,-0.008126512201626876,-0.00283718162421655,0.006813251766902264,341.79
41.08,-0.005735975463395129,-0.008036512201626897,-0.00308718162421655,0.006813251766902264,341.79
41.084,-0.005395975463395122,-0.007776512201626886,-0.003437181624216567,0.007073251766902247,341.79
41.088,-0.005305975463395115,-0.007526512201626886,-0.003687181624216567,0.007333251766902257,341.79
41.092,-0.0050459754633951324,-0.007186512201626879,-0.003777181624216574,0.007583251766902257,341.79
41.096,-0.004795975463395132,-0.006926512201626897,-0.003777181624216574,0.0077532517669022605,341.79
41.1,-0.004455975463395125,-0.00683651220162689,-0.00419718162421655,0.008013251766902242,341.79
41.104,-0.004195975463395115,-0.00658651220162689,-0.004547181624216567,0.008103251766902277,341.79
41.108,-0.0040259754633951116,-0.0063265122016268795,-0.004717181624216571,0.008353251766902249,341.79
41.112,-0.003595975463395125,-0.006156512201626876,-0.004967181624216571,0.008443251766902228,341.79
41.116,-0.002995975463395108,-0.006076512201626879,-0.0051371816242165745,0.008693251766902256,341.79
41.12,-0.0026559754633951288,-0.00572651220162689,-0.005487181624216564,0.00886325176690226,341.79
41.124,-0.002315975463395122,-0.005386512201626883,-0.005737181624216564,0.00886325176690226,341.79
41.128,-0.0020559754633951116,-0.005136512201626883,-0.005907181624216567,0.008953251766902239,341.79
41.132,-0.001975975463395115,-0.004786512201626894,-0.00616718162421655,0.009213251766902276,341.79
41.136,-0.001635975463395108,-0.00436651220162689,-0.00616718162421655,0.009213251766902276,341.79
41.14,-0.0012859754633951187,-0.004016512201626873,-0.00642718162421656,0.009213251766902276,341.79
41.144,-0.0008659754633951151,-0.0035965122016268967,-0.0069371816242165705,0.009213251766902276,341.79
41.148,-0.0005259754633951081,-0.0032565122016268897,-0.007197181624216553,0.009213251766902276,341.79
41.152,-0.0002659754633951256,-0.003166512201626883,-0.007447181624216553,0.009213251766902276,341.79
41.156,7.402453660488135e-05,-0.002736512201626897,-0.00753718162421656,0.009213251766902276,341.79
41.16,0.0005040245366048673,-0.0023165122016268933,-0.00753718162421656,0.009213251766902276,341.79
41.164,0.0007640245366048775,-0.002056512201626883,-0.00753718162421656,0.009293251766902245,341.79
41.168,0.001274024536604888,-0.0017965122016268729,-0.0077071816242165634,0.009553251766902228,341.79
41.172,0.001704024536604874,-0.0014565122016268937,-0.007877181624216566,0.009553251766902228,341.79
41.176,0.0018740245366048775,-0.0011965122016268834,-0.007957181624216563,0.009553251766902228,341.79
41.18,0.0021240245366048777,-0.0007765122016268798,-0.008217181624216573,0.009633251766902252,341.79
41.184,0.0024640245366048846,-0.0003465122016268939,-0.008217181624216573,0.009723251766902231,341.79
41.188,0.002814024536604874,-6.512201626886914e-06,-0.008387181624216549,0.009723251766902231,341.79
41.192,0.0032340245366048776,0.0002534877983731233,-0.008647181624216559,0.009633251766902252,341.79
41.196,0.0034940245366048878,0.0005934877983731025,-0.008647181624216559,0.009633251766902252,341.79
41.2,0.0037540245366048702,0.0009334877983731095,-0.008647181624216559,0.00938325176690228,341.79
41.204,0.0041740245366048735,0.0013634877983731233,-0.008647181624216559,0.00938325176690228,341.79
41.208,0.004604024536604887,0.0017934877983731092,-0.008727181624216556,0.009293251766902245,341.79
41.212,0.00486402453660487,0.002133487798373116,-0.008727181624216556,0.009293251766902245,341.79
41.216,0.00511402453660487,0.00255348779837312,-0.008647181624216559,0.009293251766902245,341.79
41.22,0.005464024536604887,0.002903487798373109,-0.008727181624216556,0.009123251766902242,341.79
41.224,0.005464024536604887,0.002983487798373106,-0.008817181624216562,0.00886325176690226,341.79
41.228,0.005804024536604894,0.002983487798373106,-0.00915718162421657,0.00886325176690226,341.79
41.232,0.00622402453660487,0.003323487798373113,-0.009417181624216552,0.00886325176690226,341.79
41.236,0.006574024536604887,0.0037534877983731265,-0.009417181624216552,0.008693251766902256,341.79
41.24,0.00674402453660489,0.004183487798373112,-0.009497181624216549,0.008183251766902246,341.79
41.244,0.007164024536604894,0.004523487798373119,-0.009587181624216555,0.008103251766902277,341.79
41.248,0.007164024536604894,0.004863487798373126,-0.009497181624216549,0.008013251766902242,341.79
41.252,0.007424024536604876,0.005373487798373109,-0.009247181624216548,0.0077532517669022605,341.79
41.256,0.007684024536604887,0.005723487798373126,-0.00915718162421657,0.007673251766902264,341.79
41.26,0.00785402453660489,0.006063487798373105,-0.00915718162421657,0.00750325176690226,341.79
41.264,0.00810402453660489,0.006313487798373105,-0.009077181624216573,0.00724325176690225,341.79
41.268,0.008284024536604904,0.006743487798373119,-0.008987181624216566,0.007163251766902253,341.79
41.272,0.008534024536604876,0.007003487798373129,-0.009077181624216573,0.006813251766902264,341.79
41.276,0.008624024536604855,0.007253487798373129,-0.009077181624216573,0.006563251766902264,341.79
41.28,0.008874024536604883,0.007513487798373112,-0.009077181624216573,0.006303251766902254,341.79
41.284,0.009044024536604887,0.007603487798373118,-0.008987181624216566,0.0060432517669022435,341.79
41.288,0.009134024536604866,0.007773487798373122,-0.008727181624216556,0.005963251766902247,341.79
41.292,0.009394024536604904,0.007943487798373125,-0.008727181624216556,0.0056232517669022675,341.79
41.296,0.009394024536604904,0.008193487798373126,-0.008647181624216559,0.005193251766902254,341.79
41.3,0.009564024536604907,0.008373487798373139,-0.008307181624216552,0.004933251766902244,341.79
41.304,0.00981402453660488,0.008623487798373112,-0.008137181624216549,0.004763251766902268,341.79
41.308,0.009904024536604859,0.008623487798373112,-0.008217181624216573,0.004423251766902261,341.79
41.312,0.010074024536604862,0.00871348779837309,-0.007877181624216566,0.004083251766902254,341.79
41.316,0.010244024536604866,0.008963487798373119,-0.00753718162421656,0.003993251766902247,341.79
41.32,0.010244024536604866,0.009133487798373122,-0.007447181624216553,0.0038232517669022433,341.79
41.324,0.010244024536604866,0.009133487798373122,-0.0073671816242165565,0.003483251766902264,341.79
41.328,0.010244024536604866,0.009133487798373122,-0.007107181624216574,0.003143251766902257,341.79
41.332,0.010244024536604866,0.009223487798373101,-0.0069371816242165705,0.0027132517669022434,341.79
41.336,0.010244024536604866,0.009483487798373139,-0.00667718162421656,0.0022832517669022574,341.79
41.34,0.010244024536604866,0.009483487798373139,-0.0065971816242165636,0.0020332517669022572,341.79
41.344,0.010244024536604866,0.009483487798373139,-0.006337181624216553,0.0017732517669022472,341.79
41.348,0.010244024536604866,0.009483487798373139,-0.006077181624216571,0.0014332517669022402,341.79
41.352,0.010244024536604866,0.009653487798373142,-0.005737181624216564,0.001093251766902261,341.79
41.356,0.010244024536604866,0.009903487798373115,-0.00556718162421656,0.0008332517669022508,341.79
41.36,0.010244024536604866,0.009993487798373094,-0.005737181624216564,0.0006632517669022473,341.79
41.364,0.010164024536604897,0.009993487798373094,-0.005487181624216564,0.00023325176690226133,341.79
41.368,0.010074024536604862,0.009903487798373115,-0.0051371816242165745,-0.00018674823309774237,341.79
41.372,0.009904024536604859,0.009993487798373094,-0.004967181624216571,-0.00035674823309774585,341.79
41.376,0.00981402453660488,0.009903487798373115,-0.004627181624216564,-0.000616748233097756,341.79
41.38,0.009564024536604907,0.010073487798373118,-0.004377181624216564,-0.0008767482330977385,341.79
41.384,0.009474024536604873,0.010163487798373097,-0.004117181624216554,-0.001046748233097742,341.79
41.388,0.009394024536604904,0.009993487798373094,-0.003777181624216574,-0.0012967482330977422,341.79
41.392,0.009134024536604866,0.009993487798373094,-0.0036071816242165705,-0.0015567482330977524,341.79
41.396,0.009134024536604866,0.009653487798373142,-0.0033471816242165602,-0.0018967482330977594,341.79
41.4,0.009044024536604887,0.009563487798373108,-0.00308718162421655,-0.002236748233097739,341.79
41.404,0.008794024536604859,0.009563487798373108,-0.00283718162421655,-0.0026667482330977525,341.79
41.408,0.008534024536604876,0.009563487798373108,-0.002317181624216557,-0.002926748233097735,341.79
41.412,0.008364024536604873,0.009483487798373139,-0.0018971816242165534,-0.0030967482330977385,341.79
41.416,0.008364024536604873,0.009223487798373101,-0.001637181624216571,-0.0033467482330977387,341.79
41.42,0.00810402453660489,0.009133487798373122,-0.001297181624216564,-0.003526748233097752,341.79
41.424,0.008024024536604894,0.009133487798373122,-0.0008671816242165504,-0.0036967482330977556,341.79
41.428,0.007684024536604887,0.009053487798373097,-0.0005271816242165712,-0.003946748233097755,341.79
41.432,0.007424024536604876,0.008793487798373115,-0.0004371816242165644,-0.004286748233097735,341.79
41.436,0.007254024536604873,0.008623487798373112,-9.718162421655743e-05,-0.004546748233097745,341.79
41.44,0.006914024536604894,0.008373487798373139,0.00024281837578344953,-0.004716748233097748,341.79
41.444,0.0066540245366048835,0.008193487798373126,0.000502818375783432,-0.005146748233097734,341.79
41.448,0.00648402453660488,0.007943487798373125,0.0007528183757834322,-0.005486748233097741,341.79
41.452,0.006144024536604873,0.007773487798373122,0.001182818375783446,-0.005576748233097748,341.79
41.456,0.005884024536604891,0.007513487798373112,0.001612818375783432,-0.0057467482330977515,341.79
41.46,0.00563402453660489,0.007433487798373115,0.0018628183757834322,-0.005996748233097752,341.79
41.464,0.005284024536604873,0.007083487798373126,0.0020328183757834357,-0.006256748233097734,341.79
41.468,0.004944024536604894,0.0068334877983731255,0.002292818375783446,-0.006346748233097741,341.79
41.472,0.004604024536604887,0.007003487798373129,0.0023728183757834426,-0.006686748233097748,341.79
41.476,0.004344024536604877,0.006743487798373119,0.002722818375783432,-0.007026748233097755,341.79
41.48,0.00400402453660487,0.006403487798373112,0.0031428183757834355,-0.007196748233097758,341.79
41.484,0.0036640245366048913,0.006143487798373129,0.0034028183757834458,-0.007456748233097741,341.79
41.488,0.0033240245366048843,0.005803487798373122,0.0036628183757834282,-0.007626748233097744,341.79
41.492,0.0028940245366048706,0.005553487798373122,0.0040828183757834315,-0.007876748233097745,341.79
41.496,0.0025540245366048914,0.005293487798373112,0.004512818375783445,-0.007876748233097745,341.79
41.5,0.002384024536604888,0.004953487798373105,0.004682818375783449,-0.008046748233097749,341.79
41.504,0.002044024536604881,0.004613487798373126,0.004942818375783431,-0.008306748233097759,341.79
41.508,0.0016140245366048672,0.0043534877983731155,0.005282818375783438,-0.008396748233097738,341.79
41.512,0.0011040245366048845,0.004093487798373105,0.005622818375783445,-0.008646748233097738,341.79
41.516,0.0008440245366048742,0.0037534877983731265,0.0058828183757834275,-0.008736748233097745,341.79
41.52,0.0007640245366048775,0.0034134877983731196,0.0062228183757834345,-0.008816748233097742,341.79
41.524,0.0004140245366048883,0.0030734877983731126,0.006732818375783445,-0.009076748233097752,341.79
41.528,-9.597546339512214e-05,0.0028134877983731024,0.006992818375783427,-0.009166748233097759,341.79
41.532,-0.00034597546339512234,0.002473487798373123,0.007252818375783438,-0.009336748233097734,341.79
41.536,-0.0005259754633951081,0.002213487798373113,0.007422818375783441,-0.009586748233097735,341.79
41.54,-0.0007759754633951083,0.002133487798373116,0.007762818375783448,-0.009586748233097735,341.79
41.544,-0.0008659754633951151,0.0017934877983731092,0.007932818375783452,-0.009586748233097735,341.79
41.548,-0.001205975463395122,0.0013634877983731233,0.008102818375783428,-0.009586748233097735,341.79
41.552,-0.001545975463395129,0.001103487798373113,0.008362818375783466,-0.009676748233097741,341.79
41.556,-0.0017159754633951324,0.0008534877983731127,0.008612818375783439,-0.009676748233097741,341.79
41.56,-0.0020559754633951116,0.0005034877983731235,0.008872818375783421,-0.009586748233097735,341.79
41.564,-0.002315975463395122,8.348779837311982e-05,0.009042818375783425,-0.009586748233097735,341.79
41.568,-0.002575975463395132,-0.00025651220162688714,0.009302818375783463,-0.009676748233097741,341.79
41.572,-0.0030859754633951147,-0.0003465122016268939,0.009302818375783463,-0.009926748233097742,341.79
41.576,-0.002995975463395108,-0.0007765122016268798,0.009302818375783463,-0.010016748233097748,341.79
41.58,-0.003255975463395118,-0.0011165122016268867,0.009382818375783432,-0.010016748233097748,341.79
41.584,-0.0037659754633951287,-0.0012865122016268902,0.009642818375783414,-0.009846748233097745,341.79
41.588,-0.004105975463395108,-0.0016265122016268971,0.009722818375783438,-0.009756748233097738,341.79
41.592,-0.004195975463395115,-0.0019665122016268763,0.009892818375783442,-0.009676748233097741,341.79
41.596,-0.004455975463395125,-0.0023165122016268933,0.010152818375783424,-0.009506748233097738,341.79
41.6,-0.004535975463395122,-0.0026565122016268725,0.010152818375783424,-0.009246748233097755,341.79
41.604,-0.004965975463395108,-0.002826512201626876,0.010152818375783424,-0.009246748233097755,341.79
41.608,-0.005305975463395115,-0.003166512201626883,0.010152818375783424,-0.009076748233097752,341.79
41.612,-0.005475975463395118,-0.00350651220162689,0.010072818375783455,-0.008816748233097742,341.79
41.616,-0.005815975463395125,-0.0035965122016268967,0.010072818375783455,-0.008816748233097742,341.79
41.62,-0.006075975463395108,-0.0036765122016268934,0.010072818375783455,-0.008646748233097738,341.79
41.624,-0.006335975463395118,-0.004016512201626873,0.010072818375783455,-0.008396748233097738,341.79
41.628,-0.0068459754633951285,-0.004276512201626883,0.010072818375783455,-0.008396748233097738,341.79
41.632,-0.007015975463395132,-0.004446512201626887,0.010152818375783424,-0.008226748233097735,341.79
41.636,-0.0072759754633951144,-0.00461651220162689,0.010152818375783424,-0.007966748233097752,341.79
41.64,-0.007525975463395115,-0.004876512201626873,0.010152818375783424,-0.007796748233097748,341.79
41.644,-0.007785975463395125,-0.00521651220162688,0.010152818375783424,-0.007626748233097744,341.79
41.648,-0.007865975463395122,-0.005646512201626893,0.010072818375783455,-0.007456748233097741,341.79
41.652,-0.007865975463395122,-0.005896512201626894,0.010072818375783455,-0.007196748233097758,341.79
41.656,-0.007865975463395122,-0.006076512201626879,0.010072818375783455,-0.007106748233097752,341.79
41.66,-0.008125975463395132,-0.0063265122016268795,0.009892818375783442,-0.006766748233097745,341.79
41.664,-0.008295975463395108,-0.00658651220162689,0.009722818375783438,-0.006346748233097741,341.79
41.668,-0.008635975463395115,-0.00683651220162689,0.009552818375783435,-0.0060867482330977584,341.79
41.672,-0.008895975463395125,-0.0070965122016268724,0.009552818375783435,-0.005916748233097755,341.79
41.676,-0.008985975463395132,-0.007606512201626883,0.009382818375783432,-0.005656748233097745,341.79
41.68,-0.009235975463395132,-0.007776512201626886,0.009212818375783428,-0.005486748233097741,341.79
41.684,-0.00932597546339511,-0.008036512201626897,0.008872818375783421,-0.005226748233097759,341.79
41.688,-0.009405975463395107,-0.008206512201626872,0.008612818375783439,-0.0049767482330977586,341.79
41.692,-0.009665975463395118,-0.008466512201626883,0.008442818375783435,-0.004636748233097752,341.79
41.696,-0.009835975463395121,-0.00854651220162688,0.008192818375783463,-0.004376748233097741,341.79
41.7,-0.009835975463395121,-0.008636512201626886,0.00801281837578345,-0.004206748233097738,341.79
41.704,-0.009925975463395128,-0.008716512201626883,0.007672818375783441,-0.003946748233097755,341.79
41.708,-0.010175975463395128,-0.008896512201626896,0.007332818375783434,-0.0037767482330977524,341.79
41.712,-0.010175975463395128,-0.008896512201626896,0.006992818375783427,-0.0034367482330977454,341.79
41.716,-0.010175975463395128,-0.008976512201626893,0.006732818375783445,-0.0030967482330977385,341.79
41.72,-0.010175975463395128,-0.009236512201626875,0.006392818375783438,-0.0027567482330977592,341.79
41.724,-0.010175975463395128,-0.009316512201626872,0.006132818375783428,-0.002496748233097749,341.79
41.728,-0.010175975463395128,-0.009406512201626879,0.006052818375783431,-0.002156748233097742,341.79
41.732,-0.010175975463395128,-0.00965651220162688,0.005712818375783452,-0.0018967482330977594,341.79
41.736,-0.010175975463395128,-0.009746512201626886,0.005372818375783445,-0.001726748233097756,341.79
41.74,-0.010095975463395131,-0.009746512201626886,0.005112818375783435,-0.001386748233097749,341.79
41.744,-0.010005975463395125,-0.010086512201626893,0.004772818375783428,-0.0009567482330977352,341.79
41.748,-0.010175975463395128,-0.010256512201626896,0.004512818375783445,-0.000616748233097756,341.79
41.752,-0.010345975463395132,-0.010256512201626896,0.004252818375783435,-0.0004467482330977526,341.79
41.756,-0.010265975463395107,-0.010176512201626872,0.0038328183757834317,-0.00018674823309774237,341.79
41.76,-0.010005975463395125,-0.010176512201626872,0.003312818375783439,0.00023325176690226133,341.79
41.764,-0.009835975463395121,-0.010176512201626872,0.0031428183757834355,0.0007532517669022541,341.79
41.768,-0.009745975463395114,-0.010256512201626896,0.0028928183757834353,0.0011732517669022578,341.79
41.772,-0.009665975463395118,-0.010176512201626872,0.002632818375783425,0.0013432517669022613,341.79
41.776,-0.009495975463395114,-0.010176512201626872,0.002292818375783446,0.001523251766902247,341.79
41.78,-0.009405975463395107,-0.010086512201626893,0.001952818375783439,0.001863251766902254,341.79
41.784,-0.009235975463395132,-0.009836512201626893,0.0016928183757834287,0.0022032517669022607,341.79
41.788,-0.008725975463395121,-0.009836512201626893,0.0014328183757834462,0.0026332517669022466,341.79
41.792,-0.008635975463395115,-0.009836512201626893,0.0010928183757834393,0.0029732517669022536,341.79
41.796,-0.008555975463395118,-0.009746512201626886,0.0007528183757834322,0.003223251766902254,341.79
41.8,-0.008295975463395108,-0.009486512201626876,0.000502818375783432,0.003573251766902243,341.79
41.804,-0.008125975463395132,-0.009406512201626879,0.00032281837578344624,0.003993251766902247,341.79
41.808,-0.007785975463395125,-0.009406512201626879,-9.718162421655743e-05,0.004423251766902261,341.79
41.812,-0.007615975463395121,-0.009236512201626875,-0.0005271816242165712,0.004683251766902243,341.79
41.816,-0.007615975463395121,-0.008976512201626893,-0.0007871816242165536,0.00502325176690225,341.79
41.82,-0.007355975463395111,-0.00880651220162689,-0.0009571816242165571,0.005193251766902254,341.79
41.824,-0.0072759754633951144,-0.008466512201626883,-0.0013771816242165607,0.005533251766902261,341.79
41.828,-0.006925975463395125,-0.008466512201626883,-0.00172718162421655,0.005963251766902247,341.79
41.832,-0.006675975463395125,-0.008466512201626883,-0.002067181624216557,0.006223251766902257,341.79
41.836,-0.006415975463395115,-0.008296512201626879,-0.002407181624216564,0.006473251766902257,341.79
41.84,-0.006075975463395108,-0.008296512201626879,-0.002667181624216574,0.006733251766902267,341.79
41.844,-0.005815975463395125,-0.008206512201626872,-0.0030071816242165533,0.006733251766902267,341.79
41.848,-0.005735975463395129,-0.008126512201626876,-0.0032571816242165535,0.006903251766902243,341.79
41.852,-0.005475975463395118,-0.007776512201626886,-0.003437181624216567,0.00724325176690225,341.79
41.856,-0.005305975463395115,-0.007606512201626883,-0.003687181624216567,0.007583251766902257,341.79
41.86,-0.004965975463395108,-0.007356512201626883,-0.004027181624216575,0.0077532517669022605,341.79
41.864,-0.0047059754633951255,-0.007016512201626876,-0.004117181624216554,0.008013251766902242,341.79
41.868,-0.004455975463395125,-0.006756512201626893,-0.004377181624216564,0.008013251766902242,341.79
41.872,-0.003935975463395133,-0.006496512201626883,-0.0047971816242165675,0.008103251766902277,341.79
41.876,-0.0034259754633951217,-0.0063265122016268795,-0.0047971816242165675,0.008353251766902249,341.79
41.88,-0.0031659754633951115,-0.006246512201626883,-0.00505718162421655,0.008443251766902228,341.79
41.884,-0.0028259754633951323,-0.006076512201626879,-0.00531718162421656,0.008693251766902256,341.79
41.888,-0.002575975463395132,-0.005556512201626887,-0.005487181624216564,0.008783251766902235,341.79
41.892,-0.002315975463395122,-0.005046512201626876,-0.005737181624216564,0.00886325176690226,341.79
41.896,-0.001975975463395115,-0.004876512201626873,-0.005907181624216567,0.00886325176690226,341.79
41.9,-0.001545975463395129,-0.00461651220162689,-0.00616718162421655,0.00886325176690226,341.79
41.904,-0.001205975463395122,-0.00410651220162688,-0.00616718162421655,0.009123251766902242,341.79
41.908,-0.0009459754633951118,-0.003936512201626876,-0.00642718162421656,0.009293251766902245,341.79
41.912,-0.0006959754633951116,-0.0035965122016268967,-0.0069371816242165705,0.00938325176690228,341.79
41.916,-0.00034597546339512234,-0.0032565122016268897,-0.007017181624216567,0.009293251766902245,341.79
41.92,-9.597546339512214e-05,-0.0029065122016268727,-0.007107181624216574,0.009293251766902245,341.79
41.924,0.0004140245366048883,-0.0026565122016268725,-0.0073671816242165565,0.00938325176690228,341.79
41.928,0.0008440245366048742,-0.0023165122016268933,-0.0073671816242165565,0.009633251766902252,341.79
41.932,0.0011040245366048845,-0.0019665122016268763,-0.00753718162421656,0.009633251766902252,341.79
41.936,0.001274024536604888,-0.0015465122016268726,-0.00778718162421656,0.009723251766902231,341.79
41.94,0.0016140245366048672,-0.0012865122016268902,-0.007877181624216566,0.009633251766902252,341.79
41.944,0.002044024536604881,-0.00102651220162688,-0.007957181624216563,0.009553251766902228,341.79
41.948,0.0024640245366048846,-0.0006865122016268731,-0.008217181624216573,0.009553251766902228,341.79
41.952,0.0029840245366048773,-0.00025651220162688714,-0.008217181624216573,0.009553251766902228,341.79
41.956,0.0033240245366048843,8.348779837311982e-05,-0.008307181624216552,0.009293251766902245,341.79
41.96,0.003404024536604881,0.0005034877983731235,-0.008387181624216549,0.009293251766902245,341.79
41.964,0.0037540245366048702,0.0009334877983731095,-0.008387181624216549,0.009293251766902245,341.79
41.968,0.004094024536604877,0.0013634877983731233,-0.008387181624216549,0.009293251766902245,341.79
41.972,0.004434024536604884,0.0017934877983731092,-0.008557181624216552,0.009293251766902245,341.79
41.976,0.00486402453660487,0.002133487798373116,-0.008817181624216562,0.009293251766902245,341.79
41.98,0.00511402453660487,0.002473487798373123,-0.009077181624216573,0.009213251766902276,341.79
41.984,0.00511402453660487,0.0027334877983731056,-0.009077181624216573,0.008953251766902239,341.79
41.988,0.00537402453660488,0.002903487798373109,-0.009077181624216573,0.00886325176690226,341.79
41.992,0.005804024536604894,0.002983487798373106,-0.009077181624216573,0.00886325176690226,341.79
41.996,0.006054024536604894,0.003323487798373113,-0.009247181624216548,0.00886325176690226,341.79
42.0,0.00622402453660487,0.0037534877983731265,-0.009497181624216549,0.008783251766902235,341.79
42.004,0.00674402453660489,0.004183487798373112,-0.009497181624216549,0.008523251766902253,341.79
42.008,0.00734402453660488,0.004523487798373119,-0.009587181624216555,0.008183251766902246,341.79
42.012,0.007514024536604883,0.004783487798373129,-0.009587181624216555,0.008103251766902277,341.79
42.016,0.00759402453660488,0.005203487798373105,-0.009497181624216549,0.008013251766902242,341.79
42.02,0.008024024536604894,0.005723487798373126,-0.009417181624216552,0.0077532517669022605,341.79
42.024,0.007934024536604887,0.006143487798373129,-0.00915718162421657,0.007673251766902264,341.79
42.028,0.008024024536604894,0.006403487798373112,-0.00915718162421657,0.0074132517669022535,341.79
42.032,0.00819402453660487,0.006743487798373119,-0.00915718162421657,0.007163251766902253,341.79
42.036,0.008534024536604876,0.006913487798373122,-0.009077181624216573,0.006903251766902243,341.79
42.04,0.008794024536604859,0.007173487798373105,-0.008987181624216566,0.006733251766902267,341.79
42.044,0.009044024536604887,0.007513487798373112,-0.009077181624216573,0.006473251766902257,341.79
42.048,0.009134024536604866,0.007683487798373115,-0.009077181624216573,0.006303251766902254,341.79
42.052,0.009394024536604904,0.007773487798373122,-0.009077181624216573,0.005963251766902247,341.79
42.056,0.009394024536604904,0.007943487798373125,-0.008987181624216566,0.005703251766902264,341.79
42.06,0.009474024536604873,0.008193487798373126,-0.008727181624216556,0.005533251766902261,341.79
42.064,0.009644024536604876,0.008373487798373139,-0.008727181624216556,0.005193251766902254,341.79
42.068,0.00981402453660488,0.008623487798373112,-0.008727181624216556,0.004683251766902243,341.79
42.072,0.00981402453660488,0.00871348779837309,-0.008557181624216552,0.004423251766902261,341.79
42.076,0.00981402453660488,0.00871348779837309,-0.008217181624216573,0.004253251766902257,341.79
42.08,0.009904024536604859,0.008793487798373115,-0.00804718162421657,0.003993251766902247,341.79
42.084,0.009904024536604859,0.009053487798373097,-0.007957181624216563,0.0038232517669022433,341.79
42.088,0.010164024536604897,0.009133487798373122,-0.007617181624216557,0.003573251766902243,341.79
42.092,0.010244024536604866,0.009133487798373122,-0.007447181624216553,0.003483251766902264,341.79
42.096,0.010244024536604866,0.009223487798373101,-0.007197181624216553,0.0030532517669022504,341.79
42.1,0.010244024536604866,0.009483487798373139,-0.007017181624216567,0.0026332517669022466,341.79
42.104,0.010244024536604866,0.009483487798373139,-0.006767181624216567,0.0022832517669022574,341.79
42.108,0.010164024536604897,0.009483487798373139,-0.0065971816242165636,0.0019432517669022507,341.79
42.112,0.010244024536604866,0.009483487798373139,-0.00642718162421656,0.0016932517669022505,341.79
42.116,0.010244024536604866,0.009653487798373142,-0.00616718162421655,0.0014332517669022402,341.79
42.12,0.010244024536604866,0.009903487798373115,-0.005827181624216571,0.001093251766902261,341.79
42.124,0.010244024536604866,0.009993487798373094,-0.00556718162421656,0.0006632517669022473,341.79
42.128,0.010244024536604866,0.009903487798373115,-0.005737181624216564,0.0003232517669022403,341.79
42.132,0.010244024536604866,0.009903487798373115,-0.00556718162421656,6.325176690225785e-05,341.79
42.136,0.010164024536604897,0.009993487798373094,-0.00531718162421656,-0.0002767482330977491,341.79
42.14,0.00981402453660488,0.009993487798373094,-0.004967181624216571,-0.0005267482330977493,341.79
42.144,0.009564024536604907,0.010073487798373118,-0.004627181624216564,-0.000706748233097735,341.79
42.148,0.009474024536604873,0.010253487798373132,-0.004547181624216567,-0.0009567482330977352,341.79
42.152,0.009474024536604873,0.010253487798373132,-0.00419718162421655,-0.0011267482330977387,341.79
42.156,0.00930402453660487,0.010163487798373097,-0.00394718162421655,-0.0014667482330977457,341.79
42.16,0.009044024536604887,0.00982348779837309,-0.003777181624216574,-0.001726748233097756,341.79
42.164,0.008964024536604862,0.009563487798373108,-0.003437181624216567,-0.0018967482330977594,341.79
42.168,0.00870402453660488,0.009563487798373108,-0.00308718162421655,-0.002236748233097739,341.79
42.172,0.008534024536604876,0.009563487798373108,-0.002747181624216571,-0.0026667482330977525,341.79
42.176,0.008284024536604904,0.009563487798373108,-0.0021471816242165536,-0.002926748233097735,341.79
42.18,0.008284024536604904,0.009393487798373104,-0.0018971816242165534,-0.0030967482330977385,341.79
42.184,0.008284024536604904,0.009133487798373122,-0.001637181624216571,-0.0034367482330977454,341.79
42.188,0.00819402453660487,0.009053487798373097,-0.001297181624216564,-0.0037767482330977524,341.79
42.192,0.007934024536604887,0.009053487798373097,-0.0008671816242165504,-0.003946748233097755,341.79
42.196,0.007684024536604887,0.008793487798373115,-0.0005271816242165712,-0.004206748233097738,341.79
42.2,0.00734402453660488,0.008543487798373143,-0.0003571816242165677,-0.004286748233097735,341.79
42.204,0.0070840245366048694,0.008283487798373105,-1.7181624216560694e-05,-0.004636748233097752,341.79
42.208,0.0069940245366048905,0.008193487798373126,0.00041281837578342523,-0.0049767482330977586,341.79
42.212,0.0066540245366048835,0.007943487798373125,0.0007528183757834322,-0.005146748233097734,341.79
42.216,0.0063140245366048765,0.007853487798373119,0.0010928183757834393,-0.0054067482330977445,341.79
42.22,0.006144024536604873,0.007603487798373118,0.0014328183757834462,-0.005576748233097748,341.79
42.224,0.005804024536604894,0.007433487798373115,0.001612818375783432,-0.005916748233097755,341.79
42.228,0.00537402453660488,0.007173487798373105,0.0018628183757834322,-0.006166748233097755,341.79
42.232,0.005034024536604873,0.006913487798373122,0.002202818375783439,-0.006346748233097741,341.79
42.236,0.004774024536604891,0.006743487798373119,0.0024628183757834494,-0.006596748233097741,341.79
42.24,0.004434024536604884,0.006743487798373119,0.0028028183757834286,-0.006766748233097745,341.79
42.244,0.004094024536604877,0.006573487798373115,0.003062818375783439,-0.007026748233097755,341.79
42.248,0.0037540245366048702,0.006233487798373108,0.0032328183757834423,-0.007196748233097758,341.79
42.252,0.003404024536604881,0.005973487798373126,0.0035728183757834492,-0.0075367482330977375,341.79
42.256,0.0032340245366048776,0.005803487798373122,0.004002818375783435,-0.007966748233097752,341.79
42.26,0.0028940245366048706,0.005373487798373109,0.0044328183757834485,-0.008226748233097735,341.79
42.264,0.0024640245366048846,0.004953487798373105,0.004772818375783428,-0.008306748233097759,341.79
42.268,0.002044024536604881,0.0046934877983731225,0.004942818375783431,-0.008476748233097735,341.79
42.272,0.0016140245366048672,0.004523487798373119,0.005282818375783438,-0.008476748233097735,341.79
42.276,0.0013540245366048848,0.004183487798373112,0.005712818375783452,-0.008476748233097735,341.79
42.28,0.0011840245366048813,0.0038434877983731055,0.006052818375783431,-0.008646748233097738,341.79
42.284,0.0008440245366048742,0.0034934877983731163,0.006392818375783438,-0.008816748233097742,341.79
42.288,0.0005040245366048673,0.003323487798373113,0.006732818375783445,-0.008906748233097748,341.79
42.292,0.0001640245366048881,0.002903487798373109,0.006992818375783427,-0.009166748233097759,341.79
42.296,-5.975463395115394e-06,0.0026434877983731266,0.007252818375783438,-0.009166748233097759,341.79
42.3,-0.00034597546339512234,0.0023034877983731197,0.007422818375783441,-0.009246748233097755,341.79
42.304,-0.0006959754633951116,0.001873487798373106,0.007672818375783441,-0.009506748233097738,341.79
42.308,-0.0009459754633951118,0.0016134877983731235,0.00801281837578345,-0.009506748233097738,341.79
42.312,-0.001205975463395122,0.0011934877983731198,0.008272818375783432,-0.009506748233097738,341.79
42.316,-0.0012859754633951187,0.0011934877983731198,0.008532818375783414,-0.009506748233097738,341.79
42.32,-0.001635975463395108,0.0008534877983731127,0.008612818375783439,-0.009586748233097735,341.79
42.324,-0.0018859754633951081,0.0005934877983731025,0.008952818375783446,-0.009676748233097741,341.79
42.328,-0.002225975463395115,0.0004234877983731268,0.009212818375783428,-0.009586748233097735,341.79
42.332,-0.0028259754633951323,8.348779837311982e-05,0.009382818375783432,-0.009586748233097735,341.79
42.336,-0.0030859754633951147,-0.00025651220162688714,0.009642818375783414,-0.009756748233097738,341.79
42.34,-0.003255975463395118,-0.0006065122016268764,0.009642818375783414,-0.010016748233097748,341.79
42.344,-0.0035159754633951284,-0.0008565122016268766,0.009722818375783438,-0.009926748233097742,341.79
42.348,-0.003685975463395132,-0.0011965122016268834,0.009812818375783417,-0.009676748233097741,341.79
42.352,-0.0037659754633951287,-0.0014565122016268937,0.009812818375783417,-0.009676748233097741,341.79
42.356,-0.004105975463395108,-0.0016265122016268971,0.010072818375783455,-0.009676748233097741,341.79
42.36,-0.0043659754633951185,-0.00213651220162688,0.010152818375783424,-0.009586748233097735,341.79
42.364,-0.004625975463395129,-0.00239651220162689,0.010152818375783424,-0.009336748233097734,341.79
42.368,-0.004875975463395129,-0.002736512201626897,0.010152818375783424,-0.009246748233097755,341.79
42.372,-0.004965975463395108,-0.003076512201626876,0.010412818375783462,-0.009166748233097759,341.79
42.376,-0.005305975463395115,-0.0033365122016268864,0.010492818375783431,-0.008906748233097748,341.79
42.38,-0.005645975463395122,-0.0036765122016268934,0.010582818375783466,-0.008906748233097748,341.79
42.384,-0.005985975463395129,-0.003936512201626876,0.010662818375783435,-0.008736748233097745,341.79
42.388,-0.006165975463395115,-0.003936512201626876,0.010582818375783466,-0.008476748233097735,341.79
42.392,-0.006585975463395118,-0.00410651220162688,0.010582818375783466,-0.008396748233097738,341.79
42.396,-0.007015975463395132,-0.004446512201626887,0.010582818375783466,-0.008306748233097759,341.79
42.4,-0.0072759754633951144,-0.004706512201626897,0.010662818375783435,-0.008046748233097749,341.79
42.404,-0.007525975463395115,-0.004876512201626873,0.010582818375783466,-0.007876748233097745,341.79
42.408,-0.007785975463395125,-0.005136512201626883,0.010322818375783428,-0.007706748233097741,341.79
42.412,-0.007865975463395122,-0.00521651220162688,0.010242818375783459,-0.0075367482330977375,341.79
42.416,-0.007955975463395128,-0.005556512201626887,0.010242818375783459,-0.007286748233097737,341.79
42.42,-0.007955975463395128,-0.005986512201626873,0.010072818375783455,-0.007026748233097755,341.79
42.424,-0.008125975463395132,-0.0063265122016268795,0.009812818375783417,-0.006766748233097745,341.79
42.428,-0.008295975463395108,-0.00658651220162689,0.009812818375783417,-0.006596748233097741,341.79
42.432,-0.008635975463395115,-0.006926512201626897,0.009642818375783414,-0.006256748233097734,341.79
42.436,-0.008895975463395125,-0.007016512201626876,0.009552818375783435,-0.005916748233097755,341.79
42.44,-0.008985975463395132,-0.007266512201626876,0.009472818375783466,-0.005826748233097748,341.79
42.444,-0.009065975463395128,-0.00769651220162689,0.009302818375783463,-0.005576748233097748,341.79
42.448,-0.00932597546339511,-0.007956512201626872,0.009042818375783425,-0.005486748233097741,341.79
42.452,-0.009405975463395107,-0.008206512201626872,0.008872818375783421,-0.005226748233097759,341.79
42.456,-0.009665975463395118,-0.008466512201626883,0.008532818375783414,-0.0049767482330977586,341.79
42.46,-0.009835975463395121,-0.008636512201626886,0.008272818375783432,-0.004636748233097752,341.79
42.464,-0.009835975463395121,-0.008896512201626896,0.008102818375783428,-0.004376748233097741,341.79
42.468,-0.010005975463395125,-0.008976512201626893,0.007762818375783448,-0.004206748233097738,341.79
42.472,-0.010265975463395107,-0.008976512201626893,0.007422818375783441,-0.003866748233097759,341.79
42.476,-0.010345975463395132,-0.008976512201626893,0.007252818375783438,-0.003526748233097752,341.79
42.48,-0.010265975463395107,-0.009066512201626872,0.006902818375783448,-0.0034367482330977454,341.79
42.484,-0.010265975463395107,-0.009316512201626872,0.006652818375783448,-0.0030967482330977385,341.79
42.488,-0.010265975463395107,-0.009406512201626879,0.006392818375783438,-0.0027567482330977592,341.79
42.492,-0.010265975463395107,-0.009406512201626879,0.006052818375783431,-0.002496748233097749,341.79
42.496,-0.010265975463395107,-0.009746512201626886,0.005622818375783445,-0.002156748233097742,341.79
42.5,-0.010265975463395107,-0.00991651220162689,0.005372818375783445,-0.0018967482330977594,341.79
42.504,-0.010265975463395107,-0.010006512201626896,0.005282818375783438,-0.001726748233097756,341.79
42.508,-0.010095975463395131,-0.010086512201626893,0.004852818375783452,-0.001386748233097749,341.79
42.512,-0.009925975463395128,-0.010086512201626893,0.004512818375783445,-0.0009567482330977352,341.79
42.516,-0.010175975463395128,-0.010086512201626893,0.0044328183757834485,-0.0005267482330977493,341.79
42.52,-0.010175975463395128,-0.010086512201626893,0.003912818375783428,-0.0002767482330977491,341.79
42.524,-0.010095975463395131,-0.010086512201626893,0.0034028183757834458,-0.00010674823309774563,341.79
42.528,-0.009835975463395121,-0.010086512201626893,0.0032328183757834423,0.00023325176690226133,341.79
42.532,-0.009835975463395121,-0.010086512201626893,0.0031428183757834355,0.0007532517669022541,341.79
42.536,-0.009665975463395118,-0.010086512201626893,0.0028028183757834286,0.0011732517669022578,341.79
42.54,-0.009235975463395132,-0.010086512201626893,0.0024628183757834494,0.0013432517669022613,341.79
42.544,-0.00932597546339511,-0.010086512201626893,0.001952818375783439,0.001523251766902247,341.79
42.548,-0.009155975463395107,-0.010006512201626896,0.001612818375783432,0.001863251766902254,341.79
42.552,-0.008895975463395125,-0.009836512201626893,0.0015228183757834252,0.0022032517669022607,341.79
42.556,-0.008895975463395125,-0.009746512201626886,0.0010928183757834393,0.0026332517669022466,341.79
42.56,-0.008635975463395115,-0.009486512201626876,0.0007528183757834322,0.003143251766902257,341.79
42.564,-0.008295975463395108,-0.009406512201626879,0.0006728183757834355,0.003483251766902264,341.79
42.568,-0.008125975463395132,-0.009406512201626879,0.00032281837578344624,0.003573251766902243,341.79
42.572,-0.007865975463395122,-0.009236512201626875,-1.7181624216560694e-05,0.003993251766902247,341.79
42.576,-0.007695975463395118,-0.008976512201626893,-0.0003571816242165677,0.004423251766902261,341.79
42.58,-0.007445975463395118,-0.008976512201626893,-0.0006171816242165502,0.004763251766902268,341.79
42.584,-0.007355975463395111,-0.008896512201626896,-0.0009571816242165571,0.005193251766902254,341.79
42.588,-0.007355975463395111,-0.008636512201626886,-0.0012071816242165572,0.005533251766902261,341.79
42.592,-0.007105975463395111,-0.008636512201626886,-0.0014671816242165675,0.0056232517669022675,341.79
42.596,-0.0068459754633951285,-0.008466512201626883,-0.0018071816242165744,0.005963251766902247,341.79
42.6,-0.0065059754633951215,-0.008206512201626872,-0.0021471816242165536,0.00639325176690226,341.79
42.604,-0.006245975463395111,-0.007956512201626872,-0.0024971816242165706,0.006813251766902264,341.79
42.608,-0.006075975463395108,-0.007776512201626886,-0.00283718162421655,0.006903251766902243,341.79
42.612,-0.005735975463395129,-0.007866512201626893,-0.0030071816242165533,0.006903251766902243,341.79
42.616,-0.005395975463395122,-0.00769651220162689,-0.0033471816242165602,0.007163251766902253,341.79
42.62,-0.005225975463395118,-0.007606512201626883,-0.0036071816242165705,0.007333251766902257,341.79
42.624,-0.004875975463395129,-0.007436512201626879,-0.0038571816242165707,0.007583251766902257,341.79
42.628,-0.004625975463395129,-0.007186512201626879,-0.00419718162421655,0.0077532517669022605,341.79
42.632,-0.004455975463395125,-0.00683651220162689,-0.0044571816242165605,0.008103251766902277,341.79
42.636,-0.0040259754633951116,-0.006496512201626883,-0.004287181624216557,0.008353251766902249,341.79
42.64,-0.003595975463395125,-0.006416512201626886,-0.004547181624216567,0.008353251766902249,341.79
42.644,-0.003345975463395125,-0.006156512201626876,-0.0047971816242165675,0.008443251766902228,341.79
42.648,-0.002995975463395108,-0.005986512201626873,-0.00505718162421655,0.008693251766902256,341.79
42.652,-0.0027459754633951078,-0.005646512201626893,-0.00531718162421656,0.00886325176690226,341.79
42.656,-0.0024059754633951286,-0.005306512201626886,-0.005487181624216564,0.008953251766902239,341.79
42.66,-0.0020559754633951116,-0.004956512201626897,-0.005737181624216564,0.009213251766902276,341.79
42.664,-0.0018059754633951114,-0.0045365122016268935,-0.005907181624216567,0.009213251766902276,341.79
42.668,-0.001545975463395129,-0.004446512201626887,-0.00616718162421655,0.009213251766902276,341.79
42.672,-0.001205975463395122,-0.004016512201626873,-0.006257181624216557,0.009213251766902276,341.79
42.676,-0.0008659754633951151,-0.0035965122016268967,-0.006507181624216557,0.009213251766902276,341.79
42.68,-0.0005259754633951081,-0.0033365122016268864,-0.0069371816242165705,0.009213251766902276,341.79
42.684,-9.597546339512214e-05,-0.003076512201626876,-0.007017181624216567,0.009293251766902245,341.79
42.688,0.0003340245366048916,-0.002736512201626897,-0.007197181624216553,0.009553251766902228,341.79
42.692,0.000594024536604874,-0.0023165122016268933,-0.007447181624216553,0.009723251766902231,341.79
42.696,0.000934024536604881,-0.0019665122016268763,-0.00753718162421656,0.009723251766902231,341.79
42.7,0.001274024536604888,-0.0017165122016268761,-0.007617181624216557,0.009723251766902231,341.79
42.704,0.0016140245366048672,-0.0014565122016268937,-0.00778718162421656,0.009633251766902252,341.79
42.708,0.002044024536604881,-0.0011165122016268867,-0.00778718162421656,0.009633251766902252,341.79
42.712,0.002384024536604888,-0.0006865122016268731,-0.00778718162421656,0.009723251766902231,341.79
42.716,0.0026440245366048704,-0.00025651220162688714,-0.007957181624216563,0.009723251766902231,341.79
42.72,0.0029840245366048773,8.348779837311982e-05,-0.008217181624216573,0.009723251766902231,341.79
42.724,0.0033240245366048843,0.0005034877983731235,-0.008217181624216573,0.009633251766902252,341.79
42.728,0.0037540245366048702,0.0008534877983731127,-0.008387181624216549,0.009723251766902231,341.79
42.732,0.00400402453660487,0.0013634877983731233,-0.008727181624216556,0.009633251766902252,341.79
42.736,0.004344024536604877,0.0017034877983731025,-0.00889718162421656,0.00938325176690228,341.79
42.74,0.004604024536604887,0.001873487798373106,-0.008987181624216566,0.009293251766902245,341.79
42.744,0.00486402453660487,0.002213487798373113,-0.009077181624216573,0.009293251766902245,341.79
42.748,0.005204024536604877,0.00255348779837312,-0.00915718162421657,0.009293251766902245,341.79
42.752,0.00563402453660489,0.002983487798373106,-0.00915718162421657,0.009123251766902242,341.79
42.756,0.00563402453660489,0.003323487798373113,-0.009077181624216573,0.00886325176690226,341.79
42.76,0.005804024536604894,0.0034934877983731163,-0.008987181624216566,0.008783251766902235,341.79
42.764,0.0063140245366048765,0.0037534877983731265,-0.009077181624216573,0.00886325176690226,341.79
42.768,0.00674402453660489,0.003923487798373102,-0.009077181624216573,0.008693251766902256,341.79
42.772,0.006824024536604887,0.004263487798373109,-0.009077181624216573,0.008183251766902246,341.79
42.776,0.0070840245366048694,0.004783487798373129,-0.009077181624216573,0.008103251766902277,341.79
42.78,0.00734402453660488,0.005293487798373112,-0.009077181624216573,0.007923251766902263,341.79
42.784,0.007424024536604876,0.005463487798373115,-0.009077181624216573,0.007673251766902264,341.79
42.788,0.007684024536604887,0.005803487798373122,-0.009077181624216573,0.007583251766902257,341.79
42.792,0.00785402453660489,0.006233487798373108,-0.009077181624216573,0.007333251766902257,341.79
42.796,0.00810402453660489,0.006573487798373115,-0.009077181624216573,0.007163251766902253,341.79
42.8,0.008364024536604873,0.0068334877983731255,-0.009077181624216573,0.006903251766902243,341.79
42.804,0.008624024536604855,0.007173487798373105,-0.009077181624216573,0.006733251766902267,341.79
42.808,0.008794024536604859,0.007433487798373115,-0.008987181624216566,0.006473251766902257,341.79
42.812,0.008874024536604883,0.007513487798373112,-0.009077181624216573,0.006303251766902254,341.79
42.816,0.009044024536604887,0.007773487798373122,-0.009077181624216573,0.005963251766902247,341.79
42.82,0.009394024536604904,0.007943487798373125,-0.008987181624216566,0.0056232517669022675,341.79
42.824,0.009564024536604907,0.008193487798373126,-0.008727181624216556,0.005533251766902261,341.79
42.828,0.009564024536604907,0.008373487798373139,-0.008647181624216559,0.0052832517669022605,341.79
42.832,0.009564024536604907,0.008623487798373112,-0.008647181624216559,0.004763251766902268,341.79
42.836,0.009734024536604855,0.008793487798373115,-0.008647181624216559,0.004423251766902261,341.79
42.84,0.009904024536604859,0.008963487798373119,-0.008217181624216573,0.004343251766902264,341.79
42.844,0.010074024536604862,0.009053487798373097,-0.00778718162421656,0.004083251766902254,341.79
42.848,0.010164024536604897,0.009133487798373122,-0.007617181624216557,0.0038232517669022433,341.79
42.852,0.010244024536604866,0.009133487798373122,-0.00753718162421656,0.003573251766902243,341.79
42.856,0.010244024536604866,0.009133487798373122,-0.007447181624216553,0.0034032517669022673,341.79
42.86,0.010244024536604866,0.009133487798373122,-0.0073671816242165565,0.0030532517669022504,341.79
42.864,0.010244024536604866,0.009393487798373104,-0.007107181624216574,0.0027132517669022434,341.79
42.868,0.010244024536604866,0.009483487798373139,-0.007017181624216567,0.0022832517669022574,341.79
42.872,0.010244024536604866,0.009483487798373139,-0.006767181624216567,0.0019432517669022507,341.79
42.876,0.010244024536604866,0.009483487798373139,-0.006507181624216557,0.0016032517669022437,341.79
42.88,0.010244024536604866,0.009653487798373142,-0.00616718162421655,0.0013432517669022613,341.79
42.884,0.010244024536604866,0.009903487798373115,-0.005907181624216567,0.0010032517669022543,341.79
42.888,0.010244024536604866,0.009993487798373094,-0.005907181624216567,0.0007532517669022541,341.79
42.892,0.010244024536604866,0.009903487798373115,-0.005737181624216564,0.0006632517669022473,341.79
42.896,0.010244024536604866,0.009903487798373115,-0.005487181624216564,0.0003232517669022403,341.79
42.9,0.010164024536604897,0.009903487798373115,-0.00531718162421656,-0.00010674823309774563,341.79
42.904,0.00981402453660488,0.009993487798373094,-0.004967181624216571,-0.0002767482330977491,341.79
42.908,0.009564024536604907,0.009993487798373094,-0.004717181624216571,-0.0005267482330977493,341.79
42.912,0.009474024536604873,0.009903487798373115,-0.004547181624216567,-0.0008767482330977385,341.79
42.916,0.009474024536604873,0.010073487798373118,-0.004377181624216564,-0.0011267482330977387,341.79
42.92,0.009394024536604904,0.010253487798373132,-0.00419718162421655,-0.0014667482330977457,341.79
42.924,0.009134024536604866,0.009993487798373094,-0.003777181624216574,-0.001726748233097756,341.79
42.928,0.009134024536604866,0.009653487798373142,-0.0032571816242165535,-0.0019867482330977386,341.79
42.932,0.008964024536604862,0.009563487798373108,-0.0029171816242165743,-0.0024067482330977423,341.79
42.936,0.00870402453660488,0.009563487798373108,-0.002747181624216571,-0.0027567482330977592,341.79
42.94,0.008624024536604855,0.009563487798373108,-0.0022371816242165604,-0.0030067482330977595,341.79
42.944,0.008364024536604873,0.009483487798373139,-0.002067181624216557,-0.0030967482330977385,341.79
42.948,0.008284024536604904,0.009223487798373101,-0.00172718162421655,-0.0033467482330977387,341.79
42.952,0.00810402453660489,0.009133487798373122,-0.0013771816242165607,-0.0034367482330977454,341.79
42.956,0.00785402453660489,0.009053487798373097,-0.0010371816242165537,-0.0037767482330977524,341.79
42.96,0.007684024536604887,0.008793487798373115,-0.0007871816242165536,-0.004116748233097759,341.79
42.964,0.007424024536604876,0.00871348779837309,-0.0004371816242165644,-0.004286748233097735,341.79
42.968,0.00734402453660488,0.008453487798373108,-9.718162421655743e-05,-0.004546748233097745,341.79
42.972,0.0069940245366048905,0.008283487798373105,0.00024281837578344953,-0.004716748233097748,341.79
42.976,0.0066540245366048835,0.008113487798373129,0.0006728183757834355,-0.005146748233097734,341.79
42.98,0.00648402453660488,0.007773487798373122,0.0010128183757834425,-0.005486748233097741,341.79
42.984,0.006144024536604873,0.007513487798373112,0.001182818375783446,-0.005576748233097748,341.79
42.988,0.005884024536604891,0.007343487798373108,0.0015228183757834252,-0.005826748233097748,341.79
42.992,0.005804024536604894,0.007083487798373126,0.0020328183757834357,-0.005996748233097752,341.79
42.996,0.005464024536604887,0.007003487798373129,0.0023728183757834426,-0.006346748233097741,341.79
43.0,0.004944024536604894,0.006663487798373122,0.0025528183757834283,-0.006686748233097748,341.79
43.004,0.004604024536604887,0.0064934877983731185,0.002972818375783432,-0.006766748233097745,341.79
43.008,0.004344024536604877,0.0064934877983731185,0.002972818375783432,-0.007026748233097755,341.79
43.012,0.00400402453660487,0.006233487798373108,0.0032328183757834423,-0.007286748233097737,341.79
43.016,0.0036640245366048913,0.005973487798373126,0.0036628183757834282,-0.007626748233097744,341.79
43.02,0.0033240245366048843,0.005803487798373122,0.003912818375783428,-0.007876748233097745,341.79
43.024,0.003064024536604874,0.005373487798373109,0.004252818375783435,-0.008046748233097749,341.79
43.028,0.002814024536604874,0.0050334877983731294,0.004512818375783445,-0.008306748233097759,341.79
43.032,0.0024640245366048846,0.004863487798373126,0.004852818375783452,-0.008396748233097738,341.79
43.036,0.0021240245366048777,0.004523487798373119,0.005112818375783435,-0.008476748233097735,341.79
43.04,0.0017840245366048707,0.004263487798373109,0.005452818375783442,-0.008476748233097735,341.79
43.044,0.0013540245366048848,0.004183487798373112,0.006052818375783431,-0.008646748233097738,341.79
43.048,0.0010140245366048778,0.0038434877983731055,0.006392818375783438,-0.008736748233097745,341.79
43.052,0.0008440245366048742,0.0034134877983731196,0.006482818375783445,-0.008906748233097748,341.79
43.056,0.0005040245366048673,0.0030734877983731126,0.006822818375783452,-0.009166748233097759,341.79
43.06,0.0001640245366048881,0.0028134877983731024,0.007162818375783431,-0.009166748233097759,341.79
43.064,-9.597546339512214e-05,0.0023834877983731164,0.007422818375783441,-0.009246748233097755,341.79
43.068,-0.0004359754633951291,0.0020434877983731095,0.007762818375783448,-0.009506748233097738,341.79
43.072,-0.0006959754633951116,0.0020434877983731095,0.00801281837578345,-0.009506748233097738,341.79
43.076,-0.0008659754633951151,0.0017934877983731092,0.008192818375783463,-0.009506748233097738,341.79
43.08,-0.0011159754633951152,0.0012734877983731165,0.008442818375783435,-0.009506748233097738,341.79
43.084,-0.0012859754633951187,0.0009334877983731095,0.008532818375783414,-0.009586748233097735,341.79
43.088,-0.001635975463395108,0.0008534877983731127,0.008782818375783442,-0.009676748233097741,341.79
43.092,-0.001975975463395115,0.0005034877983731235,0.008952818375783446,-0.009586748233097735,341.79
43.096,-0.0024059754633951286,0.0002534877983731233,0.009212818375783428,-0.009586748233097735,341.79
43.1,-0.0028259754633951323,-6.512201626886914e-06,0.009302818375783463,-0.009676748233097741,341.79
43.104,-0.0031659754633951115,-0.0003465122016268939,0.009382818375783432,-0.009926748233097742,341.79
43.108,-0.0034259754633951217,-0.0006065122016268764,0.009472818375783466,-0.010016748233097748,341.79
43.112,-0.003685975463395132,-0.0007765122016268798,0.009642818375783414,-0.009926748233097742,341.79
43.116,-0.003685975463395132,-0.0011965122016268834,0.009812818375783417,-0.009676748233097741,341.79
43.12,-0.0038559754633951076,-0.0016265122016268971,0.009982818375783421,-0.009676748233097741,341.79
43.124,-0.004195975463395115,-0.0017965122016268729,0.010072818375783455,-0.009586748233097735,341.79
43.128,-0.004455975463395125,-0.00213651220162688,0.010152818375783424,-0.009506748233097738,341.79
43.132,-0.004625975463395129,-0.00239651220162689,0.010152818375783424,-0.009246748233097755,341.79
43.136,-0.004965975463395108,-0.002826512201626876,0.010152818375783424,-0.009246748233097755,341.79
43.14,-0.005225975463395118,-0.003166512201626883,0.010152818375783424,-0.009166748233097759,341.79
43.144,-0.005475975463395118,-0.0033365122016268864,0.010152818375783424,-0.008906748233097748,341.79
43.148,-0.005815975463395125,-0.0036765122016268934,0.010072818375783455,-0.008646748233097738,341.79
43.152,-0.006075975463395108,-0.003936512201626876,0.010072818375783455,-0.008396748233097738,341.79
43.156,-0.006335975463395118,-0.003936512201626876,0.010072818375783455,-0.008396748233097738,341.79
43.16,-0.0068459754633951285,-0.00410651220162688,0.010072818375783455,-0.008306748233097759,341.79
43.164,-0.007105975463395111,-0.004446512201626887,0.010152818375783424,-0.008046748233097749,341.79
43.168,-0.007355975463395111,-0.004706512201626897,0.010152818375783424,-0.007876748233097745,341.79
43.172,-0.007445975463395118,-0.004876512201626873,0.010152818375783424,-0.007626748233097744,341.79
43.176,-0.007695975463395118,-0.00521651220162688,0.010152818375783424,-0.007626748233097744,341.79
43.18,-0.007785975463395125,-0.00547651220162689,0.010152818375783424,-0.0075367482330977375,341.79
43.184,-0.007785975463395125,-0.00572651220162689,0.010072818375783455,-0.007286748233097737,341.79
43.188,-0.007865975463395122,-0.006156512201626876,0.009892818375783442,-0.007026748233097755,341.79
43.192,-0.00821597546339511,-0.0063265122016268795,0.009642818375783414,-0.006766748233097745,341.79
43.196,-0.008465975463395111,-0.00658651220162689,0.009472818375783466,-0.006596748233097741,341.79
43.2,-0.008725975463395121,-0.00683651220162689,0.009382818375783432,-0.006166748233097755,341.79
43.204,-0.008985975463395132,-0.007016512201626876,0.009212818375783428,-0.0060867482330977584,341.79
43.208,-0.009065975463395128,-0.007436512201626879,0.009212818375783428,-0.005576748233097748,341.79
43.212,-0.00932597546339511,-0.00769651220162689,0.008872818375783421,-0.0054067482330977445,341.79
43.216,-0.009405975463395107,-0.008036512201626897,0.008612818375783439,-0.005146748233097734,341.79
43.22,-0.009495975463395114,-0.008296512201626879,0.008442818375783435,-0.0049767482330977586,341.79
43.224,-0.009745975463395114,-0.008466512201626883,0.008192818375783463,-0.004716748233097748,341.79
43.228,-0.009835975463395121,-0.008466512201626883,0.00801281837578345,-0.004546748233097745,341.79
43.232,-0.010005975463395125,-0.00854651220162688,0.007672818375783441,-0.004206748233097738,341.79
43.236,-0.010265975463395107,-0.00854651220162688,0.007422818375783441,-0.003946748233097755,341.79
43.24,-0.010265975463395107,-0.00880651220162689,0.007252818375783438,-0.0036967482330977556,341.79
43.244,-0.010265975463395107,-0.008896512201626896,0.006822818375783452,-0.0033467482330977387,341.79
43.248,-0.010265975463395107,-0.008976512201626893,0.0065628183757834415,-0.0030967482330977385,341.79
43.252,-0.010265975463395107,-0.009316512201626872,0.006392818375783438,-0.0030067482330977595,341.79
43.256,-0.010265975463395107,-0.009316512201626872,0.005962818375783452,-0.0026667482330977525,341.79
43.26,-0.010265975463395107,-0.009406512201626879,0.005452818375783442,-0.0023267482330977455,341.79
43.264,-0.010265975463395107,-0.009576512201626882,0.005282818375783438,-0.0020667482330977353,341.79
43.268,-0.010345975463395132,-0.009746512201626886,0.005192818375783431,-0.001726748233097756,341.79
43.272,-0.010265975463395107,-0.010086512201626893,0.004852818375783452,-0.0014667482330977457,341.79
43.276,-0.010095975463395131,-0.010086512201626893,0.004602818375783452,-0.0009567482330977352,341.79
43.28,-0.010175975463395128,-0.010086512201626893,0.004342818375783442,-0.000616748233097756,341.79
43.284,-0.010265975463395107,-0.010086512201626893,0.004002818375783435,-0.0004467482330977526,341.79
43.288,-0.010265975463395107,-0.010176512201626872,0.0036628183757834282,-0.00010674823309774563,341.79
43.292,-0.010005975463395125,-0.010256512201626896,0.003312818375783439,0.00023325176690226133,341.79
43.296,-0.009925975463395128,-0.010176512201626872,0.002972818375783432,0.0006632517669022473,341.79
43.3,-0.009835975463395121,-0.010176512201626872,0.0025528183757834283,0.0009232517669022576,341.79
43.304,-0.009575975463395111,-0.010176512201626872,0.0023728183757834426,0.001093251766902261,341.79
43.308,-0.00932597546339511,-0.010176512201626872,0.0021228183757834424,0.0014332517669022402,341.79
43.312,-0.009405975463395107,-0.010006512201626896,0.001952818375783439,0.0019432517669022507,341.79
43.316,-0.009235975463395132,-0.00965651220162688,0.001612818375783432,0.002373251766902264,341.79
43.32,-0.008895975463395125,-0.00965651220162688,0.0012628183757834427,0.0026332517669022466,341.79
43.324,-0.008895975463395125,-0.00965651220162688,0.0010128183757834425,0.0029732517669022536,341.79
43.328,-0.008635975463395115,-0.009406512201626879,0.0006728183757834355,0.003223251766902254,341.79
43.332,-0.008295975463395108,-0.009406512201626879,0.00032281837578344624,0.003573251766902243,341.79
43.336,-0.008045975463395107,-0.009316512201626872,7.281837578344605e-05,0.003993251766902247,341.79
43.34,-0.007785975463395125,-0.009236512201626875,-9.718162421655743e-05,0.004423251766902261,341.79
43.344,-0.007695975463395118,-0.008976512201626893,-0.0004371816242165644,0.004763251766902268,341.79
43.348,-0.007695975463395118,-0.008976512201626893,-0.0007871816242165536,0.00502325176690225,341.79
43.352,-0.007525975463395115,-0.008896512201626896,-0.0011271816242165605,0.0052832517669022605,341.79
43.356,-0.0072759754633951144,-0.008636512201626886,-0.0015571816242165742,0.0056232517669022675,341.79
43.36,-0.0068459754633951285,-0.00854651220162688,-0.001637181624216571,0.005873251766902268,341.79
43.364,-0.006675975463395125,-0.008376512201626876,-0.0022371816242165604,0.006223251766902257,341.79
43.368,-0.0065059754633951215,-0.008296512201626879,-0.0024971816242165706,0.00639325176690226,341.79
43.372,-0.006165975463395115,-0.008376512201626876,-0.0025771816242165673,0.006563251766902264,341.79
43.376,-0.005905975463395132,-0.008126512201626876,-0.00283718162421655,0.006903251766902243,341.79
43.38,-0.005735975463395129,-0.008036512201626897,-0.0030071816242165533,0.007163251766902253,341.79
43.384,-0.005475975463395118,-0.00769651220162689,-0.0033471816242165602,0.007333251766902257,341.79
43.388,-0.005305975463395115,-0.007356512201626883,-0.003687181624216567,0.007583251766902257,341.79
43.392,-0.004875975463395129,-0.007186512201626879,-0.003777181624216574,0.007673251766902264,341.79
43.396,-0.004455975463395125,-0.006926512201626897,-0.0038571816242165707,0.007923251766902263,341.79
43.4,-0.004195975463395115,-0.00683651220162689,-0.004117181624216554,0.008103251766902277,341.79
43.404,-0.003935975463395133,-0.00658651220162689,-0.00419718162421655,0.008353251766902249,341.79
43.408,-0.0035159754633951284,-0.006416512201626886,-0.004547181624216567,0.008523251766902253,341.79
43.412,-0.003255975463395118,-0.006076512201626879,-0.0047971816242165675,0.008693251766902256,341.79
43.416,-0.002995975463395108,-0.005816512201626897,-0.00505718162421655,0.008783251766902235,341.79
43.42,-0.0024059754633951286,-0.005556512201626887,-0.00531718162421656,0.008953251766902239,341.79
43.424,-0.0021459754633951183,-0.00521651220162688,-0.005487181624216564,0.009213251766902276,341.79
43.428,-0.001975975463395115,-0.004876512201626873,-0.005737181624216564,0.009293251766902245,341.79
43.432,-0.001635975463395108,-0.004446512201626887,-0.005907181624216567,0.009293251766902245,341.79
43.436,-0.0012859754633951187,-0.004016512201626873,-0.00616718162421655,0.009293251766902245,341.79
43.44,-0.0009459754633951118,-0.0037665122016268724,-0.00616718162421655,0.009293251766902245,341.79
43.444,-0.0007759754633951083,-0.00350651220162689,-0.00642718162421656,0.009293251766902245,341.79
43.448,-0.0004359754633951291,-0.003166512201626883,-0.0069371816242165705,0.009293251766902245,341.79
43.452,7.402453660488135e-05,-0.002736512201626897,-0.007017181624216567,0.009293251766902245,341.79
43.456,0.0005040245366048673,-0.00239651220162689,-0.007107181624216574,0.009293251766902245,341.79
43.46,0.0007640245366048775,-0.0022265122016268866,-0.0073671816242165565,0.00938325176690228,341.79
43.464,0.0011040245366048845,-0.0018865122016268796,-0.00753718162421656,0.009633251766902252,341.79
43.468,0.0013540245366048848,-0.0015465122016268726,-0.007617181624216557,0.009633251766902252,341.79
43.472,0.001704024536604874,-0.0011165122016268867,-0.007877181624216566,0.009633251766902252,341.79
43.476,0.001954024536604874,-0.0006865122016268731,-0.007957181624216563,0.009723251766902231,341.79
43.48,0.002384024536604888,-0.00025651220162688714,-0.00804718162421657,0.009723251766902231,341.79
43.484,0.002814024536604874,-8.651220162688366e-05,-0.008217181624216573,0.009723251766902231,341.79
43.488,0.0032340245366048776,0.00016348779837311656,-0.008217181624216573,0.009633251766902252,341.79
43.492,0.0034940245366048878,0.0005034877983731235,-0.008307181624216552,0.009633251766902252,341.79
43.496,0.0037540245366048702,0.0009334877983731095,-0.008387181624216549,0.009633251766902252,341.79
43.5,0.004094024536604877,0.0012734877983731165,-0.008477181624216555,0.00938325176690228,341.79
43.504,0.0045240245366048905,0.0017034877983731025,-0.008557181624216552,0.009293251766902245,341.79
43.508,0.004944024536604894,0.002213487798373113,-0.008647181624216559,0.009293251766902245,341.79
43.512,0.00511402453660487,0.0026434877983731266,-0.008727181624216556,0.009293251766902245,341.79
43.516,0.005034024536604873,0.002903487798373109,-0.008817181624216562,0.009213251766902276,341.79
43.52,0.00537402453660488,0.0031534877983731093,-0.00889718162421656,0.008953251766902239,341.79
43.524,0.005804024536604894,0.0030734877983731126,-0.008987181624216566,0.008693251766902256,341.79
43.528,0.00597402453660487,0.0034134877983731196,-0.008987181624216566,0.008443251766902228,341.79
43.532,0.006144024536604873,0.0038434877983731055,-0.009077181624216573,0.008353251766902249,341.79
43.536,0.006574024536604887,0.004263487798373109,-0.009077181624216573,0.008103251766902277,341.79
43.54,0.006914024536604894,0.004613487798373126,-0.009077181624216573,0.008013251766902242,341.79
43.544,0.0070840245366048694,0.004783487798373129,-0.009077181624216573,0.007923251766902263,341.79
43.548,0.007424024536604876,0.005293487798373112,-0.009077181624216573,0.007673251766902264,341.79
43.552,0.007684024536604887,0.005633487798373119,-0.009077181624216573,0.007673251766902264,341.79
43.556,0.00785402453660489,0.006143487798373129,-0.009077181624216573,0.007583251766902257,341.79
43.56,0.00810402453660489,0.006313487798373105,-0.009077181624216573,0.007333251766902257,341.79
43.564,0.008364024536604873,0.006663487798373122,-0.009077181624216573,0.007163251766902253,341.79
43.568,0.008624024536604855,0.007003487798373129,-0.009077181624216573,0.006813251766902264,341.79
43.572,0.00870402453660488,0.007173487798373105,-0.009077181624216573,0.006563251766902264,341.79
43.576,0.008874024536604883,0.007513487798373112,-0.009077181624216573,0.00639325176690226,341.79
43.58,0.009134024536604866,0.007773487798373122,-0.009077181624216573,0.00613325176690225,341.79
43.584,0.009394024536604904,0.008023487798373122,-0.008987181624216566,0.005963251766902247,341.79
43.588,0.009564024536604907,0.008283487798373105,-0.008817181624216562,0.0056232517669022675,341.79
43.592,0.009564024536604907,0.008373487798373139,-0.008727181624216556,0.005103251766902247,341.79
43.596,0.009564024536604907,0.008623487798373112,-0.008647181624216559,0.004763251766902268,341.79
43.6,0.00981402453660488,0.00871348779837309,-0.008557181624216552,0.004683251766902243,341.79
43.604,0.00981402453660488,0.00871348779837309,-0.008307181624216552,0.004343251766902264,341.79
43.608,0.00981402453660488,0.00871348779837309,-0.008217181624216573,0.004083251766902254,341.79
43.612,0.009904024536604859,0.008793487798373115,-0.007957181624216563,0.003993251766902247,341.79
43.616,0.010164024536604897,0.009053487798373097,-0.00778718162421656,0.0039132517669022504,341.79
43.62,0.010244024536604866,0.009133487798373122,-0.00753718162421656,0.003573251766902243,341.79
43.624,0.010244024536604866,0.009133487798373122,-0.0073671816242165565,0.003143251766902257,341.79
43.628,0.010244024536604866,0.009393487798373104,-0.007107181624216574,0.00280325176690225,341.79
43.632,0.010244024536604866,0.009483487798373139,-0.007017181624216567,0.002463251766902243,341.79
43.636,0.010244024536604866,0.009483487798373139,-0.006767181624216567,0.0022032517669022607,341.79
43.64,0.010164024536604897,0.009483487798373139,-0.006507181624216557,0.001863251766902254,341.79
43.644,0.010244024536604866,0.009653487798373142,-0.006337181624216553,0.001523251766902247,341.79
43.648,0.010244024536604866,0.009903487798373115,-0.006257181624216557,0.0011732517669022578,341.79
43.652,0.010244024536604866,0.009993487798373094,-0.005907181624216567,0.0010032517669022543,341.79
43.656,0.010244024536604866,0.009903487798373115,-0.005737181624216564,0.0006632517669022473,341.79
43.66,0.010164024536604897,0.009993487798373094,-0.005737181624216564,0.00023325176690226133,341.79
43.664,0.010164024536604897,0.009903487798373115,-0.005397181624216557,-1.6748233097738888e-05,341.79
43.668,0.010164024536604897,0.009993487798373094,-0.0051371816242165745,-0.0002767482330977491,341.79
43.672,0.009984024536604883,0.010073487798373118,-0.004967181624216571,-0.0005267482330977493,341.79
43.676,0.00981402453660488,0.010073487798373118,-0.004627181624216564,-0.000616748233097756,341.79
43.68,0.009564024536604907,0.010073487798373118,-0.004287181624216557,-0.001046748233097742,341.79
43.684,0.009474024536604873,0.0103334877983731,-0.00419718162421655,-0.001386748233097749,341.79
43.688,0.00930402453660487,0.010253487798373132,-0.003777181624216574,-0.0014667482330977457,341.79
43.692,0.009044024536604887,0.009993487798373094,-0.003437181624216567,-0.0018167482330977349,341.79
43.696,0.008874024536604883,0.009653487798373142,-0.00308718162421655,-0.002156748233097742,341.79
43.7,0.008624024536604855,0.009563487798373108,-0.0024971816242165706,-0.0025867482330977558,341.79
43.704,0.008534024536604876,0.009563487798373108,-0.0022371816242165604,-0.002926748233097735,341.79
43.708,0.008284024536604904,0.009483487798373139,-0.002067181624216557,-0.0030967482330977385,341.79
43.712,0.008284024536604904,0.009223487798373101,-0.00172718162421655,-0.0033467482330977387,341.79
43.716,0.008284024536604904,0.009223487798373101,-0.001297181624216564,-0.0034367482330977454,341.79
43.72,0.00810402453660489,0.009053487798373097,-0.0010371816242165537,-0.0036967482330977556,341.79
43.724,0.00785402453660489,0.008793487798373115,-0.0008671816242165504,-0.003866748233097759,341.79
43.728,0.007764024536604883,0.00871348779837309,-0.0005271816242165712,-0.004206748233097738,341.79
43.732,0.00734402453660488,0.00871348779837309,-1.7181624216560694e-05,-0.004466748233097748,341.79
43.736,0.0069940245366048905,0.008453487798373108,0.00032281837578344624,-0.004636748233097752,341.79
43.74,0.006914024536604894,0.008283487798373105,0.00041281837578342523,-0.004886748233097752,341.79
43.744,0.00648402453660488,0.008023487798373122,0.0006728183757834355,-0.005146748233097734,341.79
43.748,0.006144024536604873,0.007853487798373119,0.0010928183757834393,-0.005486748233097741,341.79
43.752,0.006054024536604894,0.007603487798373118,0.0015228183757834252,-0.0057467482330977515,341.79
43.756,0.005714024536604887,0.007433487798373115,0.0018628183757834322,-0.005916748233097755,341.79
43.76,0.00537402453660488,0.007083487798373126,0.001952818375783439,-0.006166748233097755,341.79
43.764,0.00511402453660487,0.0068334877983731255,0.0021228183757834424,-0.006426748233097738,341.79
43.768,0.00486402453660487,0.006663487798373122,0.0024628183757834494,-0.006766748233097745,341.79
43.772,0.0045240245366048905,0.006573487798373115,0.002722818375783432,-0.006936748233097748,341.79
43.776,0.004094024536604877,0.006313487798373105,0.0031428183757834355,-0.007106748233097752,341.79
43.78,0.0036640245366048913,0.006233487798373108,0.0035728183757834492,-0.007456748233097741,341.79
43.784,0.003404024536604881,0.005973487798373126,0.003912818375783428,-0.007706748233097741,341.79
43.788,0.003154024536604881,0.005723487798373126,0.0040828183757834315,-0.007966748233097752,341.79
43.792,0.002814024536604874,0.005373487798373109,0.0044328183757834485,-0.008226748233097735,341.79
43.796,0.0024640245366048846,0.0050334877983731294,0.004772818375783428,-0.008306748233097759,341.79
43.8,0.0021240245366048777,0.004783487798373129,0.004942818375783431,-0.008306748233097759,341.79
43.804,0.0017840245366048707,0.004523487798373119,0.005282818375783438,-0.008306748233097759,341.79
43.808,0.0014440245366048915,0.004183487798373112,0.005542818375783448,-0.008476748233097735,341.79
43.812,0.0011840245366048813,0.0038434877983731055,0.0057928183757834486,-0.008736748233097745,341.79
43.816,0.0008440245366048742,0.0034934877983731163,0.006392818375783438,-0.008906748233097748,341.79
43.82,0.000594024536604874,0.003323487798373113,0.006652818375783448,-0.009166748233097759,341.79
43.824,0.0003340245366048916,0.002983487798373106,0.006902818375783448,-0.009166748233097759,341.79
43.828,-9.597546339512214e-05,0.0026434877983731266,0.007332818375783434,-0.009166748233097759,341.79
43.832,-0.00034597546339512234,0.00255348779837312,0.007672818375783441,-0.009336748233097734,341.79
43.836,-0.0005259754633951081,0.0020434877983731095,0.007842818375783446,-0.009586748233097735,341.79
43.84,-0.0008659754633951151,0.0015334877983731268,0.008192818375783463,-0.009586748233097735,341.79
43.844,-0.0011159754633951152,0.00144348779837312,0.008442818375783435,-0.009586748233097735,341.79
43.848,-0.0013759754633951254,0.0012734877983731165,0.008442818375783435,-0.009586748233097735,341.79
43.852,-0.0017159754633951324,0.0009334877983731095,0.008532818375783414,-0.009676748233097741,341.79
43.856,-0.001975975463395115,0.0005934877983731025,0.008952818375783446,-0.009586748233097735,341.79
43.86,-0.002225975463395115,0.0005034877983731235,0.009302818375783463,-0.009586748233097735,341.79
43.864,-0.0027459754633951078,8.348779837311982e-05,0.009382818375783432,-0.009586748233097735,341.79
43.868,-0.0029159754633951112,-0.0003465122016268939,0.009382818375783432,-0.009586748233097735,341.79
43.872,-0.0031659754633951115,-0.0006065122016268764,0.009472818375783466,-0.009586748233097735,341.79
43.876,-0.003255975463395118,-0.0007765122016268798,0.009642818375783414,-0.009586748233097735,341.79
43.88,-0.0034259754633951217,-0.0011165122016268867,0.009812818375783417,-0.009586748233097735,341.79
43.884,-0.0037659754633951287,-0.0015465122016268726,0.009892818375783442,-0.009586748233097735,341.79
43.888,-0.004105975463395108,-0.0018865122016268796,0.009982818375783421,-0.009586748233097735,341.79
43.892,-0.004195975463395115,-0.00213651220162688,0.010072818375783455,-0.009336748233097734,341.79
43.896,-0.004455975463395125,-0.00239651220162689,0.010152818375783424,-0.009246748233097755,341.79
43.9,-0.004795975463395132,-0.002736512201626897,0.010152818375783424,-0.009166748233097759,341.79
43.904,-0.004965975463395108,-0.0029965122016268795,0.010152818375783424,-0.008906748233097748,341.79
43.908,-0.005305975463395115,-0.003166512201626883,0.010152818375783424,-0.008906748233097748,341.79
43.912,-0.005645975463395122,-0.00350651220162689,0.010152818375783424,-0.008736748233097745,341.79
43.916,-0.005815975463395125,-0.003936512201626876,0.010152818375783424,-0.008476748233097735,341.79
43.92,-0.006165975463395115,-0.004016512201626873,0.010152818375783424,-0.008226748233097735,341.79
43.924,-0.006585975463395118,-0.00410651220162688,0.010072818375783455,-0.007876748233097745,341.79
43.928,-0.006925975463395125,-0.004446512201626887,0.010072818375783455,-0.007796748233097748,341.79
43.932,-0.0072759754633951144,-0.004706512201626897,0.010152818375783424,-0.007796748233097748,341.79
43.936,-0.007525975463395115,-0.004876512201626873,0.010152818375783424,-0.0075367482330977375,341.79
43.94,-0.007785975463395125,-0.00521651220162688,0.010152818375783424,-0.007456748233097741,341.79
43.944,-0.007865975463395122,-0.00547651220162689,0.010152818375783424,-0.007196748233097758,341.79
43.948,-0.008125975463395132,-0.005646512201626893,0.010072818375783455,-0.007196748233097758,341.79
43.952,-0.00821597546339511,-0.006076512201626879,0.009892818375783442,-0.007106748233097752,341.79
43.956,-0.00821597546339511,-0.006416512201626886,0.009722818375783438,-0.006856748233097751,341.79
43.96,-0.008385975463395114,-0.00658651220162689,0.009642818375783414,-0.006596748233097741,341.79
43.964,-0.008555975463395118,-0.00683651220162689,0.009382818375783432,-0.006346748233097741,341.79
43.968,-0.008635975463395115,-0.006926512201626897,0.009302818375783463,-0.006166748233097755,341.79
43.972,-0.008985975463395132,-0.007186512201626879,0.009042818375783425,-0.005826748233097748,341.79
43.976,-0.009235975463395132,-0.007436512201626879,0.008952818375783446,-0.005576748233097748,341.79
43.98,-0.00932597546339511,-0.007956512201626872,0.008782818375783442,-0.005486748233097741,341.79
43.984,-0.009495975463395114,-0.008206512201626872,0.008442818375783435,-0.005146748233097734,341.79
43.988,-0.009745975463395114,-0.008466512201626883,0.008192818375783463,-0.004806748233097755,341.79
43.992,-0.009835975463395121,-0.008636512201626886,0.007932818375783452,-0.004546748233097745,341.79
43.996,-0.009835975463395121,-0.008896512201626896,0.007672818375783441,-0.004286748233097735,341.79
44.0,-0.009925975463395128,-0.008896512201626896,0.007592818375783445,-0.004206748233097738,341.79
44.004,-0.010175975463395128,-0.008896512201626896,0.007252818375783438,-0.003946748233097755,341.79
44.008,-0.010175975463395128,-0.009066512201626872,0.006992818375783427,-0.0037767482330977524,341.79
44.012,-0.010175975463395128,-0.009316512201626872,0.006732818375783445,-0.0033467482330977387,341.79
44.016,-0.010175975463395128,-0.009316512201626872,0.006392818375783438,-0.002926748233097735,341.79
44.02,-0.010175975463395128,-0.009406512201626879,0.006132818375783428,-0.0027567482330977592,341.79
44.024,-0.010265975463395107,-0.009576512201626882,0.0058828183757834275,-0.002496748233097749,341.79
44.028,-0.010345975463395132,-0.009746512201626886,0.005452818375783442,-0.002156748233097742,341.79
44.032,-0.010345975463395132,-0.009746512201626886,0.005022818375783428,-0.0018967482330977594,341.79
44.036,-0.010265975463395107,-0.009746512201626886,0.004942818375783431,-0.001726748233097756,341.79
44.04,-0.010265975463395107,-0.009836512201626893,0.004682818375783449,-0.001386748233097749,341.79
44.044,-0.010265975463395107,-0.010086512201626893,0.004172818375783438,-0.0009567482330977352,341.79
44.048,-0.010345975463395132,-0.010176512201626872,0.0040828183757834315,-0.000616748233097756,341.79
44.052,-0.010345975463395132,-0.010426512201626872,0.004002818375783435,-0.0005267482330977493,341.79
44.056,-0.010175975463395128,-0.010516512201626879,0.0036628183757834282,-0.00018674823309774237,341.79
44.06,-0.009925975463395128,-0.010596512201626876,0.0032328183757834423,0.00023325176690226133,341.79
44.064,-0.009835975463395121,-0.010516512201626879,0.0028928183757834353,0.0006632517669022473,341.79
44.068,-0.009835975463395121,-0.010256512201626896,0.0028028183757834286,0.0009232517669022576,341.79
44.072,-0.009745975463395114,-0.010006512201626896,0.0024628183757834494,0.001093251766902261,341.79
44.076,-0.009495975463395114,-0.009746512201626886,0.001952818375783439,0.0014332517669022402,341.79
44.08,-0.00932597546339511,-0.009746512201626886,0.001612818375783432,0.0019432517669022507,341.79
44.084,-0.008985975463395132,-0.00965651220162688,0.0014328183757834462,0.002463251766902243,341.79
44.088,-0.008635975463395115,-0.009746512201626886,0.0010928183757834393,0.0029732517669022536,341.79
44.092,-0.008555975463395118,-0.009746512201626886,0.0008428183757834389,0.003223251766902254,341.79
44.096,-0.008295975463395108,-0.00965651220162688,0.0006728183757834355,0.003573251766902243,341.79
44.1,-0.008125975463395132,-0.009406512201626879,0.00032281837578344624,0.003993251766902247,341.79
44.104,-0.007865975463395122,-0.009316512201626872,7.281837578344605e-05,0.004423251766902261,341.79
44.108,-0.007695975463395118,-0.009236512201626875,-9.718162421655743e-05,0.004683251766902243,341.79
44.112,-0.007525975463395115,-0.008976512201626893,-0.0004371816242165644,0.004763251766902268,341.79
44.116,-0.007525975463395115,-0.008976512201626893,-0.0007871816242165536,0.005193251766902254,341.79
44.12,-0.0072759754633951144,-0.00880651220162689,-0.0011271816242165605,0.005533251766902261,341.79
44.124,-0.007015975463395132,-0.00854651220162688,-0.001637181624216571,0.0056232517669022675,341.79
44.128,-0.0068459754633951285,-0.008376512201626876,-0.0018071816242165744,0.005963251766902247,341.79
44.132,-0.0065059754633951215,-0.008126512201626876,-0.0021471816242165536,0.00639325176690226,341.79
44.136,-0.006335975463395118,-0.007956512201626872,-0.0024971816242165706,0.006813251766902264,341.79
44.14,-0.006165975463395115,-0.007776512201626886,-0.0025771816242165673,0.006903251766902243,341.79
44.144,-0.005815975463395125,-0.007956512201626872,-0.0030071816242165533,0.006903251766902243,341.79
44.148,-0.005645975463395122,-0.007776512201626886,-0.0033471816242165602,0.007163251766902253,341.79
44.152,-0.005305975463395115,-0.007606512201626883,-0.0035171816242165637,0.007333251766902257,341.79
44.156,-0.0050459754633951324,-0.007356512201626883,-0.0038571816242165707,0.007673251766902264,341.79
44.16,-0.0047059754633951255,-0.0070965122016268724,-0.004117181624216554,0.007923251766902263,341.79
44.164,-0.004105975463395108,-0.006756512201626893,-0.004377181624216564,0.008103251766902277,341.79
44.168,-0.0037659754633951287,-0.006496512201626883,-0.0044571816242165605,0.008353251766902249,341.79
44.172,-0.0035159754633951284,-0.006416512201626886,-0.004287181624216557,0.008353251766902249,341.79
44.176,-0.0031659754633951115,-0.006156512201626876,-0.004547181624216567,0.008443251766902228,341.79
44.18,-0.0029159754633951112,-0.005896512201626894,-0.004887181624216574,0.008693251766902256,341.79
44.184,-0.0029159754633951112,-0.005556512201626887,-0.0052271816242165535,0.00886325176690226,341.79
44.188,-0.0026559754633951288,-0.00521651220162688,-0.005737181624216564,0.008953251766902239,341.79
44.192,-0.0020559754633951116,-0.004876512201626873,-0.005907181624216567,0.009213251766902276,341.79
44.196,-0.0017159754633951324,-0.004446512201626887,-0.005907181624216567,0.009213251766902276,341.79
44.2,-0.001545975463395129,-0.00410651220162688,-0.005997181624216574,0.009213251766902276,341.79
44.204,-0.001205975463395122,-0.003936512201626876,-0.00616718162421655,0.009213251766902276,341.79
44.208,-0.0007759754633951083,-0.0035965122016268967,-0.006257181624216557,0.009213251766902276,341.79
44.212,-0.00034597546339512234,-0.003166512201626883,-0.0065971816242165636,0.009213251766902276,341.79
44.216,-9.597546339512214e-05,-0.0029065122016268727,-0.0069371816242165705,0.009293251766902245,341.79
44.22,0.00024402453660488484,-0.002736512201626897,-0.007017181624216567,0.009553251766902228,341.79
44.224,0.0005040245366048673,-0.00239651220162689,-0.007107181624216574,0.009633251766902252,341.79
44.228,0.0008440245366048742,-0.002056512201626883,-0.0073671816242165565,0.009723251766902231,341.79
44.232,0.0011840245366048813,-0.0015465122016268726,-0.00753718162421656,0.009723251766902231,341.79
44.236,0.0016140245366048672,-0.0011165122016268867,-0.007617181624216557,0.009633251766902252,341.79
44.24,0.002044024536604881,-0.0007765122016268798,-0.007877181624216566,0.009633251766902252,341.79
44.244,0.002384024536604888,-0.0006065122016268764,-0.00804718162421657,0.009633251766902252,341.79
44.248,0.0025540245366048914,-0.0003465122016268939,-0.008217181624216573,0.009723251766902231,341.79
44.252,0.002814024536604874,8.348779837311982e-05,-0.008217181624216573,0.009633251766902252,341.79
44.256,0.0032340245366048776,0.0005034877983731235,-0.008217181624216573,0.009633251766902252,341.79
44.26,0.0036640245366048913,0.0009334877983731095,-0.008307181624216552,0.009723251766902231,341.79
44.264,0.004094024536604877,0.0013634877983731233,-0.008557181624216552,0.009633251766902252,341.79
44.268,0.004344024536604877,0.0017934877983731092,-0.008647181624216559,0.00938325176690228,341.79
44.272,0.0045240245366048905,0.002133487798373116,-0.008727181624216556,0.009293251766902245,341.79
44.276,0.004774024536604891,0.002473487798373123,-0.008647181624216559,0.009293251766902245,341.79
44.28,0.005034024536604873,0.0026434877983731266,-0.008727181624216556,0.009293251766902245,341.79
44.284,0.00537402453660488,0.0028134877983731024,-0.008727181624216556,0.009123251766902242,341.79
44.288,0.005714024536604887,0.0030734877983731126,-0.008727181624216556,0.008783251766902235,341.79
44.292,0.005804024536604894,0.0034134877983731196,-0.008987181624216566,0.008693251766902256,341.79
44.296,0.006144024536604873,0.0038434877983731055,-0.009077181624216573,0.008443251766902228,341.79
44.3,0.006574024536604887,0.004183487798373112,-0.009247181624216548,0.008353251766902249,341.79
44.304,0.006914024536604894,0.004433487798373112,-0.009497181624216549,0.008103251766902277,341.79
44.308,0.0069940245366048905,0.004613487798373126,-0.009497181624216549,0.008103251766902277,341.79
44.312,0.007424024536604876,0.005123487798373108,-0.009497181624216549,0.008013251766902242,341.79
44.316,0.007764024536604883,0.005803487798373122,-0.009417181624216552,0.0077532517669022605,341.79
44.32,0.007934024536604887,0.006143487798373129,-0.009417181624216552,0.007583251766902257,341.79
44.324,0.00810402453660489,0.006403487798373112,-0.009327181624216573,0.007333251766902257,341.79
44.328,0.008284024536604904,0.006743487798373119,-0.00915718162421657,0.007163251766902253,341.79
44.332,0.008534024536604876,0.007003487798373129,-0.00915718162421657,0.006903251766902243,341.79
44.336,0.00870402453660488,0.007083487798373126,-0.00915718162421657,0.006813251766902264,341.79
44.34,0.008964024536604862,0.007343487798373108,-0.00915718162421657,0.006473251766902257,341.79
44.344,0.009044024536604887,0.007603487798373118,-0.00915718162421657,0.00613325176690225,341.79
44.348,0.009044024536604887,0.007853487798373119,-0.009077181624216573,0.005963251766902247,341.79
44.352,0.00930402453660487,0.008023487798373122,-0.008987181624216566,0.0056232517669022675,341.79
44.356,0.009394024536604904,0.008283487798373105,-0.008987181624216566,0.0052832517669022605,341.79
44.36,0.009394024536604904,0.008543487798373143,-0.008817181624216562,0.005103251766902247,341.79
44.364,0.009644024536604876,0.008623487798373112,-0.008727181624216556,0.004763251766902268,341.79
44.368,0.009734024536604855,0.008623487798373112,-0.008727181624216556,0.004343251766902264,341.79
44.372,0.00981402453660488,0.00871348779837309,-0.008477181624216555,0.004163251766902251,341.79
44.376,0.009984024536604883,0.008793487798373115,-0.00804718162421657,0.004253251766902257,341.79
44.38,0.010074024536604862,0.008883487798373094,-0.00778718162421656,0.0038232517669022433,341.79
44.384,0.010164024536604897,0.008963487798373119,-0.0077071816242165634,0.003483251766902264,341.79
44.388,0.010244024536604866,0.009133487798373122,-0.007617181624216557,0.003223251766902254,341.79
44.392,0.010244024536604866,0.009393487798373104,-0.007447181624216553,0.0030532517669022504,341.79
44.396,0.010244024536604866,0.009483487798373139,-0.007197181624216553,0.0027132517669022434,341.79
44.4,0.010244024536604866,0.009483487798373139,-0.007017181624216567,0.0022832517669022574,341.79
44.404,0.010244024536604866,0.009483487798373139,-0.006767181624216567,0.0019432517669022507,341.79
44.408,0.010244024536604866,0.009653487798373142,-0.0065971816242165636,0.0016032517669022437,341.79
44.412,0.010244024536604866,0.009903487798373115,-0.00616718162421655,0.0013432517669022613,341.79
44.416,0.010244024536604866,0.009903487798373115,-0.005907181624216567,0.0010032517669022543,341.79
44.42,0.010244024536604866,0.009903487798373115,-0.006077181624216571,0.0006632517669022473,341.79
44.424,0.010244024536604866,0.009903487798373115,-0.005827181624216571,0.0003232517669022403,341.79
44.428,0.010244024536604866,0.009993487798373094,-0.00556718162421656,0.00023325176690226133,341.79
44.432,0.010164024536604897,0.009993487798373094,-0.00531718162421656,-0.00018674823309774237,341.79
44.436,0.00981402453660488,0.009903487798373115,-0.004967181624216571,-0.0005267482330977493,341.79
44.44,0.009564024536604907,0.009993487798373094,-0.004717181624216571,-0.000616748233097756,341.79
44.444,0.009474024536604873,0.009993487798373094,-0.004547181624216567,-0.0008767482330977385,341.79
44.448,0.009474024536604873,0.010253487798373132,-0.004117181624216554,-0.0011267482330977387,341.79
44.452,0.00930402453660487,0.010253487798373132,-0.003777181624216574,-0.0014667482330977457,341.79
44.456,0.009044024536604887,0.009993487798373094,-0.003687181624216567,-0.001726748233097756,341.79
44.46,0.008874024536604883,0.009653487798373142,-0.003437181624216567,-0.0019867482330977386,341.79
44.464,0.008624024536604855,0.009563487798373108,-0.0030071816242165533,-0.0024067482330977423,341.79
44.468,0.008624024536604855,0.009563487798373108,-0.002667181624216574,-0.0027567482330977592,341.79
44.472,0.008624024536604855,0.009563487798373108,-0.0021471816242165536,-0.0030067482330977595,341.79
44.476,0.008364024536604873,0.009483487798373139,-0.0018071816242165744,-0.0030967482330977385,341.79
44.48,0.00810402453660489,0.009223487798373101,-0.001637181624216571,-0.0033467482330977387,341.79
44.484,0.00785402453660489,0.009223487798373101,-0.001297181624216564,-0.0034367482330977454,341.79
44.488,0.00785402453660489,0.009133487798373122,-0.0009571816242165571,-0.0037767482330977524,341.79
44.492,0.007684024536604887,0.008883487798373094,-0.0005271816242165712,-0.004116748233097759,341.79
44.496,0.00734402453660488,0.008623487798373112,-0.00018718162421656418,-0.004376748233097741,341.79
44.5,0.0070840245366048694,0.008373487798373139,-1.7181624216560694e-05,-0.004636748233097752,341.79
44.504,0.0069940245366048905,0.008283487798373105,0.00032281837578344624,-0.004716748233097748,341.79
44.508,0.00674402453660489,0.008023487798373122,0.0007528183757834322,-0.005146748233097734,341.79
44.512,0.00648402453660488,0.007943487798373125,0.001182818375783446,-0.005486748233097741,341.79
44.516,0.006144024536604873,0.007683487798373115,0.0015228183757834252,-0.005576748233097748,341.79
44.52,0.005714024536604887,0.007433487798373115,0.0016928183757834287,-0.005826748233097748,341.79
44.524,0.005464024536604887,0.007173487798373105,0.001952818375783439,-0.005996748233097752,341.79
44.528,0.005284024536604873,0.006913487798373122,0.0020328183757834357,-0.006346748233097741,341.79
44.532,0.004944024536604894,0.006573487798373115,0.0023728183757834426,-0.006596748233097741,341.79
44.536,0.0045240245366048905,0.0064934877983731185,0.0028928183757834353,-0.006766748233097745,341.79
44.54,0.00426402453660488,0.006573487798373115,0.003312818375783439,-0.007026748233097755,341.79
44.544,0.00400402453660487,0.006233487798373108,0.0034928183757834525,-0.007286748233097737,341.79
44.548,0.0036640245366048913,0.005893487798373129,0.0036628183757834282,-0.0075367482330977375,341.79
44.552,0.0033240245366048843,0.005723487798373126,0.0040828183757834315,-0.007626748233097744,341.79
44.556,0.0029840245366048773,0.005373487798373109,0.004512818375783445,-0.007966748233097752,341.79
44.56,0.002724024536604867,0.005123487798373108,0.004682818375783449,-0.008226748233097735,341.79
44.564,0.0024640245366048846,0.0050334877983731294,0.004852818375783452,-0.008306748233097759,341.79
44.568,0.002044024536604881,0.0046934877983731225,0.005282818375783438,-0.008306748233097759,341.79
44.572,0.0016140245366048672,0.0043534877983731155,0.005712818375783452,-0.008396748233097738,341.79
44.576,0.001274024536604888,0.004183487798373112,0.006052818375783431,-0.008646748233097738,341.79
44.58,0.0010140245366048778,0.0038434877983731055,0.006482818375783445,-0.008816748233097742,341.79
44.584,0.0008440245366048742,0.0034134877983731196,0.006822818375783452,-0.008906748233097748,341.79
44.588,0.0005040245366048673,0.0031534877983731093,0.006992818375783427,-0.009166748233097759,341.79
44.592,0.0001640245366048881,0.002903487798373109,0.007252818375783438,-0.009166748233097759,341.79
44.596,-5.975463395115394e-06,0.0023834877983731164,0.007422818375783441,-0.009166748233097759,341.79
44.6,-0.00034597546339512234,0.001873487798373106,0.007762818375783448,-0.009246748233097755,341.79
44.604,-0.0006959754633951116,0.0017034877983731025,0.00801281837578345,-0.009506748233097738,341.79
44.608,-0.0008659754633951151,0.00144348779837312,0.008192818375783463,-0.009506748233097738,341.79
44.612,-0.0011159754633951152,0.0012734877983731165,0.008442818375783435,-0.009506748233097738,341.79
44.616,-0.001205975463395122,0.0010234877983731163,0.008612818375783439,-0.009586748233097735,341.79
44.62,-0.001545975463395129,0.0009334877983731095,0.008872818375783421,-0.009676748233097741,341.79
44.624,-0.0018859754633951081,0.0005034877983731235,0.009042818375783425,-0.009586748233097735,341.79
44.628,-0.002225975463395115,0.00016348779837311656,0.009302818375783463,-0.009586748233097735,341.79
44.632,-0.0028259754633951323,-6.512201626886914e-06,0.009382818375783432,-0.009586748233097735,341.79
44.636,-0.002995975463395108,-0.0003465122016268939,0.009382818375783432,-0.009586748233097735,341.79
44.64,-0.002995975463395108,-0.0006865122016268731,0.009472818375783466,-0.009586748233097735,341.79
44.644,-0.003255975463395118,-0.0009465122016268833,0.009812818375783417,-0.009586748233097735,341.79
44.648,-0.0035159754633951284,-0.0012865122016268902,0.009892818375783442,-0.009586748233097735,341.79
44.652,-0.0037659754633951287,-0.0017965122016268729,0.009982818375783421,-0.009676748233097741,341.79
44.656,-0.004105975463395108,-0.002056512201626883,0.010152818375783424,-0.009586748233097735,341.79
44.66,-0.004455975463395125,-0.00239651220162689,0.010152818375783424,-0.009336748233097734,341.79
44.664,-0.004535975463395122,-0.0026565122016268725,0.010152818375783424,-0.009246748233097755,341.79
44.668,-0.004875975463395129,-0.002826512201626876,0.010072818375783455,-0.009076748233097752,341.79
44.672,-0.0051359754633951114,-0.003166512201626883,0.010152818375783424,-0.008816748233097742,341.79
44.676,-0.005395975463395122,-0.00350651220162689,0.010152818375783424,-0.008816748233097742,341.79
44.68,-0.005735975463395129,-0.00350651220162689,0.010152818375783424,-0.008736748233097745,341.79
44.684,-0.005985975463395129,-0.0035965122016268967,0.010152818375783424,-0.008476748233097735,341.79
44.688,-0.006245975463395111,-0.003936512201626876,0.010152818375783424,-0.008306748233097759,341.79
44.692,-0.006675975463395125,-0.004276512201626883,0.010152818375783424,-0.008046748233097749,341.79
44.696,-0.006925975463395125,-0.0045365122016268935,0.010072818375783455,-0.008046748233097749,341.79
44.7,-0.007185975463395108,-0.004876512201626873,0.010152818375783424,-0.007876748233097745,341.79
44.704,-0.007445975463395118,-0.005136512201626883,0.010152818375783424,-0.007626748233097744,341.79
44.708,-0.007695975463395118,-0.00521651220162688,0.010152818375783424,-0.0075367482330977375,341.79
44.712,-0.007785975463395125,-0.005646512201626893,0.009982818375783421,-0.007286748233097737,341.79
44.716,-0.007955975463395128,-0.005986512201626873,0.009812818375783417,-0.007196748233097758,341.79
44.72,-0.00821597546339511,-0.006076512201626879,0.009812818375783417,-0.007106748233097752,341.79
44.724,-0.008295975463395108,-0.006416512201626886,0.009722818375783438,-0.006856748233097751,341.79
44.728,-0.008465975463395111,-0.006756512201626893,0.009472818375783466,-0.006686748233097748,341.79
44.732,-0.008635975463395115,-0.006926512201626897,0.009302818375783463,-0.006426748233097738,341.79
44.736,-0.008895975463395125,-0.007266512201626876,0.008952818375783446,-0.006166748233097755,341.79
44.74,-0.009065975463395128,-0.007776512201626886,0.008702818375783418,-0.005826748233097748,341.79
44.744,-0.00932597546339511,-0.008126512201626876,0.008782818375783442,-0.005576748233097748,341.79
44.748,-0.009405975463395107,-0.008206512201626872,0.008612818375783439,-0.005486748233097741,341.79
44.752,-0.009575975463395111,-0.008376512201626876,0.008442818375783435,-0.005146748233097734,341.79
44.756,-0.009835975463395121,-0.008466512201626883,0.008102818375783428,-0.004806748233097755,341.79
44.76,-0.009835975463395121,-0.008716512201626883,0.007842818375783446,-0.004546748233097745,341.79
44.764,-0.009835975463395121,-0.008896512201626896,0.007592818375783445,-0.004286748233097735,341.79
44.768,-0.009835975463395121,-0.008976512201626893,0.007252818375783438,-0.004206748233097738,341.79
44.772,-0.010005975463395125,-0.008976512201626893,0.006992818375783427,-0.003946748233097755,341.79
44.776,-0.010265975463395107,-0.009066512201626872,0.006822818375783452,-0.0037767482330977524,341.79
44.78,-0.010265975463395107,-0.009236512201626875,0.0065628183757834415,-0.003526748233097752,341.79
44.784,-0.010265975463395107,-0.009236512201626875,0.0062228183757834345,-0.0030967482330977385,341.79
44.788,-0.010265975463395107,-0.009406512201626879,0.006052818375783431,-0.0027567482330977592,341.79
44.792,-0.010265975463395107,-0.00965651220162688,0.005712818375783452,-0.002496748233097749,341.79
44.796,-0.010265975463395107,-0.00965651220162688,0.005372818375783445,-0.002156748233097742,341.79
44.8,-0.010265975463395107,-0.009746512201626886,0.005022818375783428,-0.001726748233097756,341.79
44.804,-0.010265975463395107,-0.009836512201626893,0.004512818375783445,-0.0015567482330977524,341.79
44.808,-0.010345975463395132,-0.010086512201626893,0.004342818375783442,-0.0012967482330977422,341.79
44.812,-0.010265975463395107,-0.010176512201626872,0.0040828183757834315,-0.0009567482330977352,341.79
44.816,-0.010265975463395107,-0.010426512201626872,0.003912818375783428,-0.000616748233097756,341.79
44.82,-0.010175975463395128,-0.010596512201626876,0.0036628183757834282,-0.0002767482330977491,341.79
44.824,-0.009925975463395128,-0.010596512201626876,0.0034928183757834525,-0.00010674823309774563,341.79
44.828,-0.009925975463395128,-0.010596512201626876,0.002972818375783432,0.00023325176690226133,341.79
44.832,-0.009925975463395128,-0.010516512201626879,0.002632818375783425,0.0006632517669022473,341.79
44.836,-0.009745975463395114,-0.010426512201626872,0.002292818375783446,0.0010032517669022543,341.79
44.84,-0.009495975463395114,-0.010086512201626893,0.0020328183757834357,0.0014332517669022402,341.79
44.844,-0.009495975463395114,-0.009746512201626886,0.001952818375783439,0.0017732517669022472,341.79
44.848,-0.00932597546339511,-0.00965651220162688,0.001612818375783432,0.0020332517669022572,341.79
44.852,-0.008805975463395118,-0.009746512201626886,0.0012628183757834427,0.002463251766902243,341.79
44.856,-0.008635975463395115,-0.009746512201626886,0.0010928183757834393,0.0030532517669022504,341.79
44.86,-0.008555975463395118,-0.00965651220162688,0.0007528183757834322,0.003483251766902264,341.79
44.864,-0.008555975463395118,-0.009406512201626879,0.000502818375783432,0.0039132517669022504,341.79
44.868,-0.008295975463395108,-0.009316512201626872,0.00024281837578344953,0.004253251766902257,341.79
44.872,-0.007865975463395122,-0.009406512201626879,-9.718162421655743e-05,0.004683251766902243,341.79
44.876,-0.007695975463395118,-0.009236512201626875,-0.0003571816242165677,0.00502325176690225,341.79
44.88,-0.007615975463395121,-0.008976512201626893,-0.0005271816242165712,0.005103251766902247,341.79
44.884,-0.007445975463395118,-0.008896512201626896,-0.0008671816242165504,0.0052832517669022605,341.79
44.888,-0.0072759754633951144,-0.008636512201626886,-0.001297181624216564,0.0056232517669022675,341.79
44.892,-0.006925975463395125,-0.008466512201626883,-0.00172718162421655,0.005963251766902247,341.79
44.896,-0.006585975463395118,-0.008376512201626876,-0.00197718162421655,0.00639325176690226,341.79
44.9,-0.006415975463395115,-0.008296512201626879,-0.0022371816242165604,0.006643251766902261,341.79
44.904,-0.006245975463395111,-0.008206512201626872,-0.0025771816242165673,0.006563251766902264,341.79
44.908,-0.006075975463395108,-0.008126512201626876,-0.00283718162421655,0.006813251766902264,341.79
44.912,-0.005735975463395129,-0.008036512201626897,-0.0030071816242165533,0.007073251766902247,341.79
44.916,-0.005395975463395122,-0.00769651220162689,-0.0033471816242165602,0.007333251766902257,341.79
44.92,-0.005305975463395115,-0.007356512201626883,-0.003687181624216567,0.007673251766902264,341.79
44.924,-0.004795975463395132,-0.007186512201626879,-0.0038571816242165707,0.007923251766902263,341.79
44.928,-0.004285975463395122,-0.006926512201626897,-0.00419718162421655,0.008013251766902242,341.79
44.932,-0.0040259754633951116,-0.006756512201626893,-0.004377181624216564,0.00827325176690228,341.79
44.936,-0.003595975463395125,-0.006496512201626883,-0.0044571816242165605,0.008523251766902253,341.79
44.94,-0.0034259754633951217,-0.006416512201626886,-0.004717181624216571,0.008783251766902235,341.79
44.944,-0.003255975463395118,-0.006076512201626879,-0.004967181624216571,0.00886325176690226,341.79
44.948,-0.0029159754633951112,-0.00572651220162689,-0.00505718162421655,0.00886325176690226,341.79
44.952,-0.0027459754633951078,-0.00547651220162689,-0.00531718162421656,0.009123251766902242,341.79
44.956,-0.0026559754633951288,-0.005046512201626876,-0.005487181624216564,0.009293251766902245,341.79
44.96,-0.0020559754633951116,-0.00461651220162689,-0.005657181624216567,0.00938325176690228,341.79
44.964,-0.001545975463395129,-0.00436651220162689,-0.005827181624216571,0.00938325176690228,341.79
44.968,-0.0012859754633951187,-0.00410651220162688,-0.00616718162421655,0.00938325176690228,341.79
44.972,-0.0011159754633951152,-0.0037665122016268724,-0.00616718162421655,0.009633251766902252,341.79
44.976,-0.0007759754633951083,-0.00350651220162689,-0.006337181624216553,0.009723251766902231,341.79
44.98,-0.0004359754633951291,-0.003166512201626883,-0.006767181624216567,0.009633251766902252,341.79
44.984,7.402453660488135e-05,-0.002736512201626897,-0.0069371816242165705,0.009633251766902252,341.79
44.988,0.0005040245366048673,-0.0023165122016268933,-0.007017181624216567,0.009633251766902252,341.79
44.992,0.0008440245366048742,-0.002056512201626883,-0.00727718162421655,0.009723251766902231,341.79
44.996,0.0011040245366048845,-0.0018865122016268796,-0.0073671816242165565,0.00998325176690227,341.79
45.0,0.0013540245366048848,-0.0015465122016268726,-0.007447181624216553,0.010063251766902238,341.79
45.004,0.001704024536604874,-0.0011165122016268867,-0.0077071816242165634,0.00998325176690227,341.79
45.008,0.002044024536604881,-0.0007765122016268798,-0.00778718162421656,0.009803251766902256,341.79
45.012,0.0024640245366048846,-0.0003465122016268939,-0.007877181624216566,0.009723251766902231,341.79
45.016,0.0028940245366048706,8.348779837311982e-05,-0.008137181624216549,0.009633251766902252,341.79
45.02,0.0033240245366048843,0.0004234877983731268,-0.008217181624216573,0.009633251766902252,341.79
45.024,0.0036640245366048913,0.0006834877983731093,-0.008307181624216552,0.009633251766902252,341.79
45.028,0.0037540245366048702,0.0010234877983731163,-0.008387181624216549,0.009723251766902231,341.79
45.032,0.004094024536604877,0.0013634877983731233,-0.008387181624216549,0.009553251766902228,341.79
45.036,0.0045240245366048905,0.0017034877983731025,-0.008557181624216552,0.009293251766902245,341.79
45.04,0.00486402453660487,0.002133487798373116,-0.008727181624216556,0.009293251766902245,341.79
45.044,0.005034024536604873,0.00255348779837312,-0.008817181624216562,0.009293251766902245,341.79
45.048,0.005284024536604873,0.002983487798373106,-0.00889718162421656,0.009293251766902245,341.79
45.052,0.00537402453660488,0.0031534877983731093,-0.008987181624216566,0.009123251766902242,341.79
45.056,0.005714024536604887,0.0031534877983731093,-0.00915718162421657,0.008693251766902256,341.79
45.06,0.00622402453660487,0.0034134877983731196,-0.009417181624216552,0.008443251766902228,341.79
45.064,0.006574024536604887,0.0038434877983731055,-0.009417181624216552,0.008353251766902249,341.79
45.068,0.0066540245366048835,0.004093487798373105,-0.009417181624216552,0.008103251766902277,341.79
45.072,0.0069940245366048905,0.004433487798373112,-0.009497181624216549,0.008103251766902277,341.79
45.076,0.007254024536604873,0.0046934877983731225,-0.009587181624216555,0.007923251766902263,341.79
45.08,0.007424024536604876,0.005203487798373105,-0.009497181624216549,0.007673251766902264,341.79
45.084,0.007684024536604887,0.005803487798373122,-0.009497181624216549,0.007583251766902257,341.79
45.088,0.00785402453660489,0.006143487798373129,-0.009497181624216549,0.007333251766902257,341.79
45.092,0.00810402453660489,0.006233487798373108,-0.009497181624216549,0.007163251766902253,341.79
45.096,0.008364024536604873,0.006573487798373115,-0.009497181624216549,0.006903251766902243,341.79
45.1,0.008624024536604855,0.006913487798373122,-0.009417181624216552,0.006813251766902264,341.79
45.104,0.008794024536604859,0.007173487798373105,-0.00915718162421657,0.006473251766902257,341.79
45.108,0.008874024536604883,0.007433487798373115,-0.00915718162421657,0.00613325176690225,341.79
45.112,0.009044024536604887,0.007603487798373118,-0.00915718162421657,0.005873251766902268,341.79
45.116,0.009394024536604904,0.007853487798373119,-0.00915718162421657,0.005533251766902261,341.79
45.12,0.009564024536604907,0.008023487798373122,-0.00915718162421657,0.0052832517669022605,341.79
45.124,0.009564024536604907,0.008193487798373126,-0.009077181624216573,0.00502325176690225,341.79
45.128,0.009564024536604907,0.008283487798373105,-0.008817181624216562,0.004683251766902243,341.79
45.132,0.009734024536604855,0.008623487798373112,-0.008647181624216559,0.004343251766902264,341.79
45.136,0.009904024536604859,0.008883487798373094,-0.008557181624216552,0.004163251766902251,341.79
45.14,0.009904024536604859,0.009053487798373097,-0.008307181624216552,0.004253251766902257,341.79
45.144,0.009904024536604859,0.009053487798373097,-0.008217181624216573,0.0039132517669022504,341.79
45.148,0.010074024536604862,0.009133487798373122,-0.007877181624216566,0.003483251766902264,341.79
45.152,0.010074024536604862,0.009133487798373122,-0.00753718162421656,0.003223251766902254,341.79
45.156,0.010244024536604866,0.009133487798373122,-0.0073671816242165565,0.0029732517669022536,341.79
45.16,0.010244024536604866,0.009223487798373101,-0.007107181624216574,0.0026332517669022466,341.79
45.164,0.010244024536604866,0.009483487798373139,-0.0069371816242165705,0.002373251766902264,341.79
45.168,0.010244024536604866,0.009563487798373108,-0.00667718162421656,0.0019432517669022507,341.79
45.172,0.010244024536604866,0.009563487798373108,-0.0065971816242165636,0.0016932517669022505,341.79
45.176,0.010244024536604866,0.009563487798373108,-0.00642718162421656,0.0014332517669022402,341.79
45.18,0.010244024536604866,0.009563487798373108,-0.006257181624216557,0.0010032517669022543,341.79
45.184,0.010244024536604866,0.009653487798373142,-0.005827181624216571,0.0005832517669022506,341.79
45.188,0.010244024536604866,0.009903487798373115,-0.00556718162421656,0.0003232517669022403,341.79
45.192,0.010164024536604897,0.009993487798373094,-0.005657181624216567,0.0001532517669022646,341.79
45.196,0.009904024536604859,0.009903487798373115,-0.005397181624216557,-0.00018674823309774237,341.79
45.2,0.00981402453660488,0.009993487798373094,-0.0051371816242165745,-0.0005267482330977493,341.79
45.204,0.009904024536604859,0.009903487798373115,-0.004967181624216571,-0.000706748233097735,341.79
45.208,0.00981402453660488,0.009903487798373115,-0.004627181624216564,-0.0009567482330977352,341.79
45.212,0.009564024536604907,0.009903487798373115,-0.004377181624216564,-0.0011267482330977387,341.79
45.216,0.009394024536604904,0.009993487798373094,-0.004117181624216554,-0.0014667482330977457,341.79
45.22,0.009134024536604866,0.009903487798373115,-0.003687181624216567,-0.001726748233097756,341.79
45.224,0.008874024536604883,0.009733487798373111,-0.003437181624216567,-0.0018967482330977594,341.79
45.228,0.008624024536604855,0.009733487798373111,-0.0033471816242165602,-0.002236748233097739,341.79
45.232,0.008624024536604855,0.009563487798373108,-0.0029171816242165743,-0.0026667482330977525,341.79
45.236,0.008534024536604876,0.009563487798373108,-0.002407181624216564,-0.002926748233097735,341.79
45.24,0.008284024536604904,0.009483487798373139,-0.0018971816242165534,-0.0030967482330977385,341.79
45.244,0.00819402453660487,0.009223487798373101,-0.001637181624216571,-0.0033467482330977387,341.79
45.248,0.007934024536604887,0.009223487798373101,-0.001297181624216564,-0.0034367482330977454,341.79
45.252,0.007764024536604883,0.009053487798373097,-0.0008671816242165504,-0.0036967482330977556,341.79
45.256,0.007684024536604887,0.008793487798373115,-0.0005271816242165712,-0.003946748233097755,341.79
45.26,0.007424024536604876,0.008793487798373115,-0.0003571816242165677,-0.004286748233097735,341.79
45.264,0.00734402453660488,0.008623487798373112,-1.7181624216560694e-05,-0.004546748233097745,341.79
45.268,0.0070840245366048694,0.008373487798373139,0.00032281837578344624,-0.004716748233097748,341.79
45.272,0.006824024536604887,0.008283487798373105,0.0007528183757834322,-0.0049767482330977586,341.79
45.276,0.00648402453660488,0.008023487798373122,0.0010128183757834425,-0.005146748233097734,341.79
45.28,0.00622402453660487,0.007853487798373119,0.0012628183757834427,-0.0054067482330977445,341.79
45.284,0.006144024536604873,0.007603487798373118,0.001612818375783432,-0.005486748233097741,341.79
45.288,0.005804024536604894,0.007433487798373115,0.0018628183757834322,-0.0057467482330977515,341.79
45.292,0.005464024536604887,0.007083487798373126,0.0020328183757834357,-0.005996748233097752,341.79
45.296,0.00511402453660487,0.006743487798373119,0.0023728183757834426,-0.006346748233097741,341.79
45.3,0.00486402453660487,0.006743487798373119,0.002722818375783432,-0.006686748233097748,341.79
45.304,0.0045240245366048905,0.0064934877983731185,0.003062818375783439,-0.006856748233097751,341.79
45.308,0.004094024536604877,0.006233487798373108,0.0032328183757834423,-0.007106748233097752,341.79
45.312,0.0037540245366048702,0.006143487798373129,0.0035728183757834492,-0.007286748233097737,341.79
45.316,0.0035840245366048945,0.005803487798373122,0.003912818375783428,-0.0075367482330977375,341.79
45.32,0.0032340245366048776,0.005553487798373122,0.004342818375783442,-0.007626748233097744,341.79
45.324,0.0028940245366048706,0.005373487798373109,0.004602818375783452,-0.007796748233097748,341.79
45.328,0.0024640245366048846,0.0050334877983731294,0.004942818375783431,-0.007796748233097748,341.79
45.332,0.0021240245366048777,0.0046934877983731225,0.005192818375783431,-0.008046748233097749,341.79
45.336,0.0018740245366048775,0.004523487798373119,0.005372818375783445,-0.008306748233097759,341.79
45.34,0.0016140245366048672,0.004183487798373112,0.0057928183757834486,-0.008306748233097759,341.79
45.344,0.001274024536604888,0.0038434877983731055,0.006312818375783441,-0.008476748233097735,341.79
45.348,0.0008440245366048742,0.0036734877983731298,0.0065628183757834415,-0.008736748233097745,341.79
45.352,0.0005040245366048673,0.003323487798373113,0.006992818375783427,-0.008816748233097742,341.79
45.356,0.0003340245366048916,0.002983487798373106,0.007422818375783441,-0.008816748233097742,341.79
45.36,-5.975463395115394e-06,0.0027334877983731056,0.007592818375783445,-0.009076748233097752,341.79
45.364,-0.00034597546339512234,0.002473487798373123,0.007762818375783448,-0.009166748233097759,341.79
45.368,-0.0005259754633951081,0.0017934877983731092,0.00801281837578345,-0.009166748233097759,341.79
45.372,-0.0008659754633951151,0.00144348779837312,0.008272818375783432,-0.009246748233097755,341.79
45.376,-0.0011159754633951152,0.0013634877983731233,0.008532818375783414,-0.009506748233097738,341.79
45.38,-0.0012859754633951187,0.0012734877983731165,0.008612818375783439,-0.009506748233097738,341.79
45.384,-0.001545975463395129,0.0009334877983731095,0.008782818375783442,-0.009586748233097735,341.79
45.388,-0.0017159754633951324,0.0006834877983731093,0.009042818375783425,-0.009676748233097741,341.79
45.392,-0.0021459754633951183,0.0005034877983731235,0.009382818375783432,-0.009586748233097735,341.79
45.396,-0.002575975463395132,0.00016348779837311656,0.009472818375783466,-0.009586748233097735,341.79
45.4,-0.0027459754633951078,-0.0001765122016268904,0.009552818375783435,-0.009586748233097735,341.79
45.404,-0.0031659754633951115,-0.00043651220162687287,0.009552818375783435,-0.009586748233097735,341.79
45.408,-0.003345975463395125,-0.0007765122016268798,0.009812818375783417,-0.009586748233097735,341.79
45.412,-0.003345975463395125,-0.00102651220162688,0.009812818375783417,-0.009586748233097735,341.79
45.416,-0.003685975463395132,-0.0012865122016268902,0.009812818375783417,-0.009586748233097735,341.79
45.42,-0.004105975463395108,-0.0019665122016268763,0.010072818375783455,-0.009506748233097738,341.79
45.424,-0.004285975463395122,-0.0022265122016268866,0.010152818375783424,-0.009246748233097755,341.79
45.428,-0.004625975463395129,-0.002486512201626897,0.010152818375783424,-0.009246748233097755,341.79
45.432,-0.004965975463395108,-0.002826512201626876,0.010152818375783424,-0.009076748233097752,341.79
45.436,-0.005225975463395118,-0.003076512201626876,0.010152818375783424,-0.008816748233097742,341.79
45.44,-0.005475975463395118,-0.003166512201626883,0.010152818375783424,-0.008816748233097742,341.79
45.444,-0.005735975463395129,-0.0035965122016268967,0.010152818375783424,-0.008736748233097745,341.79
45.448,-0.005815975463395125,-0.004016512201626873,0.010152818375783424,-0.008476748233097735,341.79
45.452,-0.006165975463395115,-0.00410651220162688,0.010152818375783424,-0.008396748233097738,341.79
45.456,-0.006585975463395118,-0.00410651220162688,0.010152818375783424,-0.008306748233097759,341.79
45.46,-0.006925975463395125,-0.004276512201626883,0.010152818375783424,-0.008046748233097749,341.79
45.464,-0.007185975463395108,-0.004446512201626887,0.010152818375783424,-0.008046748233097749,341.79
45.468,-0.007445975463395118,-0.004876512201626873,0.010152818375783424,-0.007876748233097745,341.79
45.472,-0.007695975463395118,-0.005306512201626886,0.010072818375783455,-0.007626748233097744,341.79
45.476,-0.007865975463395122,-0.00547651220162689,0.009892818375783442,-0.0075367482330977375,341.79
45.48,-0.007955975463395128,-0.00572651220162689,0.009722818375783438,-0.007286748233097737,341.79
45.484,-0.007955975463395128,-0.005986512201626873,0.009722818375783438,-0.007106748233097752,341.79
45.488,-0.008125975463395132,-0.006076512201626879,0.009642818375783414,-0.006856748233097751,341.79
45.492,-0.008295975463395108,-0.006416512201626886,0.009472818375783466,-0.006856748233097751,341.79
45.496,-0.008555975463395118,-0.006756512201626893,0.009302818375783463,-0.006686748233097748,341.79
45.5,-0.008725975463395121,-0.0070965122016268724,0.009042818375783425,-0.006256748233097734,341.79
45.504,-0.008985975463395132,-0.007606512201626883,0.008952818375783446,-0.005826748233097748,341.79
45.508,-0.009065975463395128,-0.007776512201626886,0.008872818375783421,-0.005576748233097748,341.79
45.512,-0.00932597546339511,-0.008036512201626897,0.008612818375783439,-0.005486748233097741,341.79
45.516,-0.009405975463395107,-0.008126512201626876,0.008362818375783466,-0.005226748233097759,341.79
45.52,-0.009665975463395118,-0.008376512201626876,0.008102818375783428,-0.0049767482330977586,341.79
45.524,-0.009745975463395114,-0.00854651220162688,0.00801281837578345,-0.004716748233097748,341.79
45.528,-0.009835975463395121,-0.008716512201626883,0.007762818375783448,-0.004546748233097745,341.79
45.532,-0.009925975463395128,-0.008726512201626893,0.007492818375783428,-0.004216748233097748,341.79
45.536,-0.010175975463395128,-0.008896512201626896,0.007252818375783438,-0.003946748233097755,341.79
45.54,-0.01018597546339511,-0.008986512201626875,0.006812818375783442,-0.003866748233097759,341.79
45.544,-0.010175975463395128,-0.009236512201626875,0.0065628183757834415,-0.003526748233097752,341.79
45.548,-0.01018597546339511,-0.009236512201626875,0.006302818375783431,-0.003186748233097745,341.79
45.552,-0.010175975463395128,-0.009316512201626872,0.005962818375783452,-0.0030067482330977595,341.79
45.556,-0.01018597546339511,-0.009586512201626892,0.005702818375783442,-0.0026767482330977348,341.79
45.56,-0.010175975463395128,-0.009746512201626886,0.005622818375783445,-0.0023267482330977455,341.79
45.564,-0.01018597546339511,-0.009756512201626896,0.005272818375783428,-0.002166748233097752,341.79
45.568,-0.010175975463395128,-0.009836512201626893,0.004942818375783431,-0.0018167482330977349,341.79
45.572,-0.01018597546339511,-0.010096512201626875,0.004762818375783445,-0.001396748233097759,341.79
45.576,-0.010175975463395128,-0.010256512201626896,0.0044328183757834485,-0.0009567482330977352,341.79
45.58,-0.010265975463395107,-0.010526512201626889,0.003912818375783428,-0.0006267482330977383,341.79
45.584,-0.010345975463395132,-0.010596512201626876,0.003742818375783425,-0.0004467482330977526,341.79
45.588,-0.010265975463395107,-0.010606512201626886,0.0032228183757834323,-0.00010674823309774563,341.79
45.592,-0.010005975463395125,-0.010516512201626879,0.002972818375783432,0.00023325176690226133,341.79
45.596,-0.009845975463395131,-0.010606512201626886,0.0028828183757834253,0.0006532517669022651,341.79
45.6,-0.009745975463395114,-0.010516512201626879,0.002722818375783432,0.0009232517669022576,341.79
45.604,-0.009755975463395124,-0.010436512201626882,0.0023728183757834426,0.001083251766902251,341.79
45.608,-0.009575975463395111,-0.010256512201626896,0.0020328183757834357,0.0014332517669022402,341.79
45.612,-0.00932597546339511,-0.010176512201626872,0.0016828183757834464,0.001853251766902244,341.79
45.616,-0.008985975463395132,-0.00991651220162689,0.0014328183757834462,0.002373251766902264,341.79
45.62,-0.008645975463395125,-0.009836512201626893,0.0010928183757834393,0.0029632517669022436,341.79
45.624,-0.008555975463395118,-0.009836512201626893,0.0007528183757834322,0.003483251766902264,341.79
45.628,-0.008305975463395118,-0.00966651220162689,0.0006628183757834254,0.00390325176690224,341.79
45.632,-0.008045975463395107,-0.009406512201626879,0.00041281837578342523,0.004253251766902257,341.79
45.636,-0.007795975463395107,-0.009326512201626882,6.281837578343605e-05,0.004333251766902254,341.79
45.64,-0.007615975463395121,-0.009406512201626879,-0.00018718162421656418,0.004423251766902261,341.79
45.644,-0.007365975463395121,-0.009236512201626875,-0.0005371816242165534,0.004763251766902268,341.79
45.648,-0.007355975463395111,-0.008976512201626893,-0.0007871816242165536,0.005193251766902254,341.79
45.652,-0.0072759754633951144,-0.008816512201626872,-0.0010471816242165637,0.0056132517669022575,341.79
45.656,-0.007015975463395132,-0.00854651220162688,-0.0013771816242165607,0.005873251766902268,341.79
45.66,-0.0069359754633951075,-0.00855651220162689,-0.00172718162421655,0.006213251766902247,341.79
45.664,-0.006585975463395118,-0.008376512201626876,-0.002067181624216557,0.00639325176690226,341.79
45.668,-0.006255975463395121,-0.008126512201626876,-0.002417181624216574,0.006553251766902254,341.79
45.672,-0.005985975463395129,-0.008126512201626876,-0.002667181624216574,0.006733251766902267,341.79
45.676,-0.005655975463395132,-0.008046512201626879,-0.0029271816242165565,0.006813251766902264,341.79
45.68,-0.005475975463395118,-0.007776512201626886,-0.0030071816242165533,0.00724325176690225,341.79
45.684,-0.005315975463395125,-0.007526512201626886,-0.0033571816242165702,0.007583251766902257,341.79
45.688,-0.004875975463395129,-0.007356512201626883,-0.003687181624216567,0.007673251766902264,341.79
45.692,-0.004455975463395125,-0.007276512201626886,-0.003867181624216553,0.007833251766902256,341.79
45.696,-0.004105975463395108,-0.007016512201626876,-0.00419718162421655,0.008103251766902277,341.79
45.7,-0.003685975463395132,-0.0067665122016268755,-0.0044671816242165705,0.008343251766902239,341.79
45.704,-0.003345975463395125,-0.006416512201626886,-0.004547181624216567,0.008523251766902253,341.79
45.708,-0.0030959754633951247,-0.006166512201626886,-0.004717181624216571,0.00886325176690226,341.79
45.712,-0.0027459754633951078,-0.005896512201626894,-0.004967181624216571,0.008953251766902239,341.79
45.716,-0.002575975463395132,-0.005566512201626897,-0.005147181624216557,0.009033251766902263,341.79
45.72,-0.0024059754633951286,-0.005306512201626886,-0.005397181624216557,0.009213251766902276,341.79
45.724,-0.001985975463395125,-0.004886512201626883,-0.00557718162421657,0.009203251766902266,341.79
45.728,-0.001545975463395129,-0.004446512201626887,-0.005737181624216564,0.009213251766902276,341.79
45.732,-0.001215975463395132,-0.00411651220162689,-0.005837181624216553,0.009203251766902266,341.79
45.736,-0.0009459754633951118,-0.003936512201626876,-0.006257181624216557,0.009213251766902276,341.79
45.74,-0.0007859754633951183,-0.0035965122016268967,-0.00668718162421657,0.009283251766902235,341.79
45.744,-0.0004359754633951291,-0.0032565122016268897,-0.0069371816242165705,0.00938325176690228,341.79
45.748,7.402453660488135e-05,-0.0029165122016268827,-0.0070271816242165495,0.009463251766902249,341.79
45.752,0.0005040245366048673,-0.0026565122016268725,-0.007197181624216553,0.009553251766902228,341.79
45.756,0.0006640245366048885,-0.0023165122016268933,-0.007457181624216563,0.009543251766902273,341.79
45.76,0.0008440245366048742,-0.0018865122016268796,-0.00753718162421656,0.009463251766902249,341.79
45.764,0.001264024536604878,-0.001466512201626876,-0.00753718162421656,0.009283251766902235,341.79
45.768,0.001704024536604874,-0.0011965122016268834,-0.0077071816242165634,0.009293251766902245,341.79
45.772,0.001954024536604874,-0.0011265122016268967,-0.007887181624216548,0.00937325176690227,341.79
45.776,0.0024640245366048846,-0.0007765122016268798,-0.007957181624216563,0.009553251766902228,341.79
45.78,0.0028840245366048884,-0.00035651220162687613,-0.008227181624216555,0.009633251766902252,341.78
45.784,0.0032340245366048776,8.348779837311982e-05,-0.008217181624216573,0.009633251766902252,341.78
45.788,0.0034840245366048778,0.0005034877983731235,-0.008307181624216552,0.009633251766902252,341.78
45.792,0.0037540245366048702,0.0009334877983731095,-0.008307181624216552,0.009723251766902231,341.78
45.796,0.004084024536604867,0.0013534877983731133,-0.008397181624216559,0.009633251766902252,341.78
45.8,0.0045240245366048905,0.0017934877983731092,-0.008557181624216552,0.00938325176690228,341.78
45.804,0.004944024536604894,0.0019534877983731027,-0.008737181624216566,0.009283251766902235,341.78
45.808,0.00511402453660487,0.002133487798373116,-0.008727181624216556,0.009293251766902245,341.78
45.812,0.005024024536604891,0.00255348779837312,-0.008827181624216572,0.009203251766902266,341.78
45.816,0.00537402453660488,0.002903487798373109,-0.009077181624216573,0.00886325176690226,341.78
45.82,0.005804024536604894,0.0031534877983731093,-0.00915718162421657,0.008613251766902232,341.78
45.824,0.00597402453660487,0.0034934877983731163,-0.009417181624216552,0.008443251766902228,341.78
45.828,0.006144024536604873,0.0038434877983731055,-0.009587181624216555,0.008353251766902249,341.78
45.832,0.006574024536604887,0.004093487798373105,-0.009587181624216555,0.008103251766902277,341.78
45.836,0.006914024536604894,0.004263487798373109,-0.009497181624216549,0.008103251766902277,341.78
45.84,0.0070840245366048694,0.0046934877983731225,-0.009587181624216555,0.007923251766902263,341.78
45.844,0.007424024536604876,0.005373487798373109,-0.009587181624216555,0.007673251766902264,341.78
45.848,0.007684024536604887,0.005723487798373126,-0.009497181624216549,0.007583251766902257,341.78
45.852,0.007934024536604887,0.005893487798373129,-0.009497181624216549,0.007333251766902257,341.78
45.856,0.00819402453660487,0.006313487798373105,-0.009587181624216555,0.007163251766902253,341.78
45.86,0.008364024536604873,0.006663487798373122,-0.009587181624216555,0.006903251766902243,341.78
45.864,0.008624024536604855,0.006743487798373119,-0.009497181624216549,0.006813251766902264,341.78
45.868,0.00870402453660488,0.007083487798373126,-0.009497181624216549,0.006563251766902264,341.78
45.872,0.008964024536604862,0.007343487798373108,-0.009587181624216555,0.00639325176690226,341.78
45.876,0.009134024536604866,0.007603487798373118,-0.009417181624216552,0.005963251766902247,341.78
45.88,0.009394024536604904,0.007853487798373119,-0.00915718162421657,0.0056232517669022675,341.78
45.884,0.009564024536604907,0.007943487798373125,-0.00915718162421657,0.005533251766902261,341.78
45.888,0.009644024536604876,0.008113487798373129,-0.00915718162421657,0.005193251766902254,341.78
45.892,0.009734024536604855,0.008373487798373139,-0.00915718162421657,0.004933251766902244,341.78
45.896,0.00981402453660488,0.00871348779837309,-0.00889718162421656,0.004683251766902243,341.78
45.9,0.00981402453660488,0.008793487798373115,-0.008387181624216549,0.004343251766902264,341.78
45.904,0.009904024536604859,0.008963487798373119,-0.008307181624216552,0.004083251766902254,341.78
45.908,0.009984024536604883,0.009053487798373097,-0.008217181624216573,0.0038232517669022433,341.78
45.912,0.010074024536604862,0.009053487798373097,-0.007957181624216563,0.003573251766902243,341.78
45.916,0.010244024536604866,0.009133487798373122,-0.00778718162421656,0.003483251766902264,341.78
45.92,0.010244024536604866,0.009133487798373122,-0.00753718162421656,0.003143251766902257,341.78
45.924,0.010244024536604866,0.009223487798373101,-0.00753718162421656,0.00280325176690225,341.78
45.928,0.010244024536604866,0.009483487798373139,-0.0073671816242165565,0.002463251766902243,341.78
45.932,0.010244024536604866,0.009483487798373139,-0.007017181624216567,0.0022032517669022607,341.78
45.936,0.010244024536604866,0.009483487798373139,-0.00667718162421656,0.001863251766902254,341.78
45.94,0.010244024536604866,0.009483487798373139,-0.006507181624216557,0.001523251766902247,341.78
45.944,0.010244024536604866,0.009653487798373142,-0.006257181624216557,0.0011732517669022578,341.78
45.948,0.010244024536604866,0.009903487798373115,-0.00616718162421655,0.0010032517669022543,341.78
45.952,0.010244024536604866,0.009993487798373094,-0.005827181624216571,0.0006632517669022473,341.78
45.956,0.010164024536604897,0.009993487798373094,-0.00556718162421656,0.0003232517669022403,341.78
45.96,0.009904024536604859,0.009993487798373094,-0.005657181624216567,0.0001532517669022646,341.78
45.964,0.009904024536604859,0.009903487798373115,-0.00531718162421656,-0.00018674823309774237,341.78
45.968,0.009904024536604859,0.009903487798373115,-0.004967181624216571,-0.0005267482330977493,341.78
45.972,0.00981402453660488,0.009903487798373115,-0.004627181624216564,-0.000616748233097756,341.78
45.976,0.009564024536604907,0.009993487798373094,-0.0044571816242165605,-0.0008767482330977385,341.78
45.98,0.009394024536604904,0.009993487798373094,-0.004117181624216554,-0.001046748233097742,341.78
45.984,0.009134024536604866,0.009903487798373115,-0.0038571816242165707,-0.0014667482330977457,341.78
45.988,0.009134024536604866,0.009993487798373094,-0.003777181624216574,-0.001726748233097756,341.78
45.992,0.009044024536604887,0.009993487798373094,-0.003437181624216567,-0.0018967482330977594,341.78
45.996,0.008794024536604859,0.00982348779837309,-0.00308718162421655,-0.0024067482330977423,341.78
46.0,0.008534024536604876,0.009563487798373108,-0.0029171816242165743,-0.0027567482330977592,341.78
46.004,0.008284024536604904,0.009563487798373108,-0.002407181624216564,-0.0030067482330977595,341.78
46.008,0.00810402453660489,0.009483487798373139,-0.00172718162421655,-0.0030967482330977385,341.78
46.012,0.007934024536604887,0.009223487798373101,-0.0013771816242165607,-0.0033467482330977387,341.78
46.016,0.008024024536604894,0.009133487798373122,-0.001297181624216564,-0.0034367482330977454,341.78
46.02,0.00785402453660489,0.008963487798373119,-0.0008671816242165504,-0.0036967482330977556,341.78
46.024,0.007764024536604883,0.00871348779837309,-0.0004371816242165644,-0.003946748233097755,341.78
46.028,0.007514024536604883,0.008623487798373112,-0.00018718162421656418,-0.004206748233097738,341.78
46.032,0.007164024536604894,0.008373487798373139,0.0001528183757834428,-0.004286748233097735,341.78
46.036,0.0069940245366048905,0.008373487798373139,0.00041281837578342523,-0.004636748233097752,341.78
46.04,0.00674402453660489,0.008193487798373126,0.0007528183757834322,-0.0049767482330977586,341.78
46.044,0.00648402453660488,0.007853487798373119,0.0010928183757834393,-0.005146748233097734,341.78
46.048,0.006144024536604873,0.007603487798373118,0.0015228183757834252,-0.0054067482330977445,341.78
46.052,0.005714024536604887,0.007343487798373108,0.001952818375783439,-0.005576748233097748,341.78
46.056,0.005464024536604887,0.007083487798373126,0.002202818375783439,-0.005826748233097748,341.78
46.06,0.005284024536604873,0.007003487798373129,0.002292818375783446,-0.005996748233097752,341.78
46.064,0.004944024536604894,0.006663487798373122,0.0023728183757834426,-0.006346748233097741,341.78
46.068,0.0045240245366048905,0.0064934877983731185,0.002722818375783432,-0.006686748233097748,341.78
46.072,0.00426402453660488,0.006573487798373115,0.0032328183757834423,-0.006766748233097745,341.78
46.076,0.004094024536604877,0.006233487798373108,0.0036628183757834282,-0.007026748233097755,341.78
46.08,0.0037540245366048702,0.005893487798373129,0.003912818375783428,-0.007196748233097758,341.78
46.084,0.003404024536604881,0.005723487798373126,0.0040828183757834315,-0.007456748233097741,341.78
46.088,0.0028940245366048706,0.005373487798373109,0.0044328183757834485,-0.0075367482330977375,341.78
46.092,0.0025540245366048914,0.005123487798373108,0.004772818375783428,-0.007796748233097748,341.78
46.096,0.002294024536604881,0.004863487798373126,0.004852818375783452,-0.007966748233097752,341.78
46.1,0.001954024536604874,0.004523487798373119,0.005192818375783431,-0.008046748233097749,341.78
46.104,0.0016140245366048672,0.004263487798373109,0.005452818375783442,-0.008306748233097759,341.78
46.108,0.001274024536604888,0.004093487798373105,0.0057928183757834486,-0.008476748233097735,341.78
46.112,0.0010140245366048778,0.0037534877983731265,0.006482818375783445,-0.008736748233097745,341.78
46.116,0.0008440245366048742,0.0034134877983731196,0.006732818375783445,-0.008816748233097742,341.78
46.12,0.0004140245366048883,0.0031534877983731093,0.006902818375783448,-0.008816748233097742,341.78
46.124,7.402453660488135e-05,0.0028134877983731024,0.007162818375783431,-0.009076748233097752,341.78
46.128,-5.975463395115394e-06,0.002133487798373116,0.007332818375783434,-0.009166748233097759,341.78
46.132,-0.00034597546339512234,0.0017934877983731092,0.007672818375783441,-0.009166748233097759,341.78
46.136,-0.0006059754633951326,0.0016134877983731235,0.007932818375783452,-0.009246748233097755,341.78
46.14,-0.0008659754633951151,0.0013634877983731233,0.008192818375783463,-0.009506748233097738,341.78
46.144,-0.0012859754633951187,0.0011934877983731198,0.008532818375783414,-0.009506748233097738,341.78
46.148,-0.001545975463395129,0.0008534877983731127,0.008702818375783418,-0.009586748233097735,341.78
46.152,-0.0018059754633951114,0.000763487798373106,0.008782818375783442,-0.009676748233097741,341.78
46.156,-0.0021459754633951183,0.0004234877983731268,0.008952818375783446,-0.009586748233097735,341.78
46.16,-0.002315975463395122,0.00016348779837311656,0.009212818375783428,-0.009586748233097735,341.78
46.164,-0.0026559754633951288,8.348779837311982e-05,0.009302818375783463,-0.009586748233097735,341.78
46.168,-0.0031659754633951115,-0.00025651220162688714,0.009302818375783463,-0.009586748233097735,341.78
46.172,-0.003345975463395125,-0.0006865122016268731,0.009472818375783466,-0.009586748233097735,341.78
46.176,-0.003345975463395125,-0.00102651220162688,0.009722818375783438,-0.009586748233097735,341.78
46.18,-0.003685975463395132,-0.001376512201626897,0.009812818375783417,-0.009586748233097735,341.78
46.184,-0.003935975463395133,-0.0017965122016268729,0.009892818375783442,-0.009586748233097735,341.78
46.188,-0.004105975463395108,-0.0019665122016268763,0.009982818375783421,-0.009506748233097738,341.78
46.192,-0.004455975463395125,-0.0023165122016268933,0.010152818375783424,-0.009246748233097755,341.78
46.196,-0.004795975463395132,-0.0026565122016268725,0.010152818375783424,-0.009246748233097755,341.78
46.2,-0.0050459754633951324,-0.002826512201626876,0.010072818375783455,-0.009076748233097752,341.78
46.204,-0.005395975463395122,-0.003166512201626883,0.010072818375783455,-0.008816748233097742,341.78
46.208,-0.005645975463395122,-0.0035965122016268967,0.010152818375783424,-0.008816748233097742,341.78
46.212,-0.005735975463395129,-0.0037665122016268724,0.010152818375783424,-0.008646748233097738,341.78
46.216,-0.006165975463395115,-0.0037665122016268724,0.010152818375783424,-0.008396748233097738,341.78
46.22,-0.006585975463395118,-0.004016512201626873,0.010152818375783424,-0.008306748233097759,341.78
46.224,-0.006925975463395125,-0.004276512201626883,0.010152818375783424,-0.008046748233097749,341.78
46.228,-0.0072759754633951144,-0.004446512201626887,0.010152818375783424,-0.008046748233097749,341.78
46.232,-0.007525975463395115,-0.004876512201626873,0.010072818375783455,-0.007876748233097745,341.78
46.236,-0.007785975463395125,-0.00521651220162688,0.010072818375783455,-0.007626748233097744,341.78
46.24,-0.007865975463395122,-0.005386512201626883,0.009812818375783417,-0.0075367482330977375,341.78
46.244,-0.008125975463395132,-0.00572651220162689,0.009722818375783438,-0.007286748233097737,341.78
46.248,-0.00821597546339511,-0.005986512201626873,0.009812818375783417,-0.007106748233097752,341.78
46.252,-0.008295975463395108,-0.006076512201626879,0.009642818375783414,-0.006936748233097748,341.78
46.256,-0.008295975463395108,-0.006416512201626886,0.009382818375783432,-0.006766748233097745,341.78
46.26,-0.008555975463395118,-0.006756512201626893,0.009302818375783463,-0.006686748233097748,341.78
46.264,-0.008635975463395115,-0.007016512201626876,0.009042818375783425,-0.006426748233097738,341.78
46.268,-0.008895975463395125,-0.007356512201626883,0.008872818375783421,-0.0060867482330977584,341.78
46.272,-0.009065975463395128,-0.00769651220162689,0.008872818375783421,-0.005656748233097745,341.78
46.276,-0.00932597546339511,-0.007956512201626872,0.008872818375783421,-0.005486748233097741,341.78
46.28,-0.009405975463395107,-0.008126512201626876,0.008702818375783418,-0.005226748233097759,341.78
46.284,-0.009665975463395118,-0.008376512201626876,0.008532818375783414,-0.0049767482330977586,341.78
46.288,-0.009835975463395121,-0.00854651220162688,0.008102818375783428,-0.004716748233097748,341.78
46.292,-0.009835975463395121,-0.008716512201626883,0.007762818375783448,-0.004546748233097745,341.78
46.296,-0.009925975463395128,-0.008896512201626896,0.007672818375783441,-0.004286748233097735,341.78
46.3,-0.010175975463395128,-0.008896512201626896,0.007252818375783438,-0.004206748233097738,341.78
46.304,-0.010175975463395128,-0.008896512201626896,0.006902818375783448,-0.003866748233097759,341.78
46.308,-0.010175975463395128,-0.008976512201626893,0.006822818375783452,-0.003526748233097752,341.78
46.312,-0.010175975463395128,-0.009236512201626875,0.006652818375783448,-0.0034367482330977454,341.78
46.316,-0.010175975463395128,-0.009406512201626879,0.006482818375783445,-0.0030967482330977385,341.78
46.32,-0.010265975463395107,-0.00965651220162688,0.006052818375783431,-0.0026667482330977525,341.78
46.324,-0.010345975463395132,-0.009746512201626886,0.005712818375783452,-0.0023267482330977455,341.78
46.328,-0.010265975463395107,-0.009746512201626886,0.005622818375783445,-0.002156748233097742,341.78
46.332,-0.010265975463395107,-0.009746512201626886,0.005112818375783435,-0.0018167482330977349,341.78
46.336,-0.010265975463395107,-0.009836512201626893,0.004682818375783449,-0.0014667482330977457,341.78
46.34,-0.010265975463395107,-0.010176512201626872,0.004602818375783452,-0.0012967482330977422,341.78
46.344,-0.010345975463395132,-0.010516512201626879,0.004172818375783438,-0.0009567482330977352,341.78
46.348,-0.010345975463395132,-0.010596512201626876,0.0040828183757834315,-0.0005267482330977493,341.78
46.352,-0.010265975463395107,-0.010516512201626879,0.003912818375783428,-0.00018674823309774237,341.78
46.356,-0.010095975463395131,-0.010596512201626876,0.0035728183757834492,6.325176690225785e-05,341.78
46.36,-0.009835975463395121,-0.010516512201626879,0.003062818375783439,0.0003232517669022403,341.78
46.364,-0.009835975463395121,-0.010516512201626879,0.002632818375783425,0.0006632517669022473,341.78
46.368,-0.009745975463395114,-0.010516512201626879,0.0024628183757834494,0.0010032517669022543,341.78
46.372,-0.009495975463395114,-0.010516512201626879,0.0020328183757834357,0.0014332517669022402,341.78
46.376,-0.009405975463395107,-0.010176512201626872,0.0020328183757834357,0.0020332517669022572,341.78
46.38,-0.009235975463395132,-0.00991651220162689,0.001952818375783439,0.00254325176690224,341.78
46.384,-0.008805975463395118,-0.009836512201626893,0.001612818375783432,0.0027132517669022434,341.78
46.388,-0.008555975463395118,-0.009746512201626886,0.0010928183757834393,0.003143251766902257,341.78
46.392,-0.008295975463395108,-0.00965651220162688,0.0007528183757834322,0.003573251766902243,341.78
46.396,-0.008045975463395107,-0.009576512201626882,0.0005828183757834287,0.003993251766902247,341.78
46.4,-0.007785975463395125,-0.009486512201626876,0.00024281837578344953,0.004423251766902261,341.78
46.404,-0.007695975463395118,-0.009406512201626879,-9.718162421655743e-05,0.004763251766902268,341.78
46.408,-0.007525975463395115,-0.009236512201626875,-0.00026718162421656094,0.00502325176690225,341.78
46.412,-0.007695975463395118,-0.008976512201626893,-0.0006171816242165502,0.0052832517669022605,341.78
46.416,-0.007525975463395115,-0.008896512201626896,-0.0008671816242165504,0.0056232517669022675,341.78
46.42,-0.007355975463395111,-0.008716512201626883,-0.0011271816242165605,0.005793251766902243,341.78
46.424,-0.006925975463395125,-0.00854651220162688,-0.001637181624216571,0.0060432517669022435,341.78
46.428,-0.006585975463395118,-0.008466512201626883,-0.0018071816242165744,0.006303251766902254,341.78
46.432,-0.006415975463395115,-0.008296512201626879,-0.0021471816242165536,0.006473251766902257,341.78
46.436,-0.006075975463395108,-0.008036512201626897,-0.0024971816242165706,0.006643251766902261,341.78
46.44,-0.005815975463395125,-0.007776512201626886,-0.0025771816242165673,0.006813251766902264,341.78
46.444,-0.005645975463395122,-0.007776512201626886,-0.0029171816242165743,0.007163251766902253,341.78
46.448,-0.005305975463395115,-0.007776512201626886,-0.0031771816242165568,0.0074132517669022535,341.78
46.452,-0.004965975463395108,-0.007606512201626883,-0.0033471816242165602,0.007673251766902264,341.78
46.456,-0.004625975463395129,-0.007266512201626876,-0.003687181624216567,0.007923251766902263,341.78
46.46,-0.004195975463395115,-0.007016512201626876,-0.00394718162421655,0.008103251766902277,341.78
46.464,-0.0040259754633951116,-0.006756512201626893,-0.004027181624216575,0.008353251766902249,341.78
46.468,-0.003685975463395132,-0.006496512201626883,-0.004377181624216564,0.008523251766902253,341.78
46.472,-0.0034259754633951217,-0.0063265122016268795,-0.0044571816242165605,0.008783251766902235,341.78
46.476,-0.003255975463395118,-0.005986512201626873,-0.004627181624216564,0.00886325176690226,341.78
46.48,-0.0028259754633951323,-0.00572651220162689,-0.004967181624216571,0.00886325176690226,341.78
46.484,-0.0024059754633951286,-0.005556512201626887,-0.0052271816242165535,0.008953251766902239,341.78
46.488,-0.0021459754633951183,-0.005136512201626883,-0.005487181624216564,0.009213251766902276,341.78
46.492,-0.001975975463395115,-0.00461651220162689,-0.005737181624216564,0.009213251766902276,341.78
46.496,-0.001635975463395108,-0.004276512201626883,-0.005907181624216567,0.009213251766902276,341.78
46.5,-0.001205975463395122,-0.003936512201626876,-0.00616718162421655,0.009213251766902276,341.78
46.504,-0.0008659754633951151,-0.0036765122016268934,-0.00616718162421655,0.009293251766902245,341.78
46.508,-0.0004359754633951291,-0.00350651220162689,-0.00642718162421656,0.00938325176690228,341.78
46.512,-9.597546339512214e-05,-0.0032565122016268897,-0.0069371816242165705,0.009293251766902245,341.78
46.516,7.402453660488135e-05,-0.002826512201626876,-0.007107181624216574,0.009293251766902245,341.78
46.52,0.0004140245366048883,-0.00239651220162689,-0.0073671816242165565,0.009293251766902245,341.78
46.524,0.0008440245366048742,-0.002056512201626883,-0.007447181624216553,0.009293251766902245,341.78
46.528,0.0011840245366048813,-0.0018865122016268796,-0.007617181624216557,0.009293251766902245,341.78
46.532,0.0016140245366048672,-0.0015465122016268726,-0.007877181624216566,0.00938325176690228,341.78
46.536,0.0021240245366048777,-0.0011965122016268834,-0.007877181624216566,0.009553251766902228,341.78
46.54,0.0024640245366048846,-0.0006865122016268731,-0.007957181624216563,0.009633251766902252,341.78
46.544,0.0026440245366048704,-0.00025651220162688714,-0.008217181624216573,0.009723251766902231,341.78
46.548,0.0028940245366048706,0.00016348779837311656,-0.008217181624216573,0.009633251766902252,341.78
46.552,0.0032340245366048776,0.0005034877983731235,-0.008307181624216552,0.009633251766902252,341.78
46.556,0.0036640245366048913,0.0005934877983731025,-0.008307181624216552,0.009633251766902252,341.78
46.56,0.004094024536604877,0.0009334877983731095,-0.008387181624216549,0.00938325176690228,341.78
46.564,0.004434024536604884,0.0012734877983731165,-0.008647181624216559,0.009293251766902245,341.78
46.568,0.004694024536604894,0.0017034877983731025,-0.008727181624216556,0.00938325176690228,341.78
46.572,0.004944024536604894,0.002133487798373116,-0.008727181624216556,0.009293251766902245,341.78
46.576,0.005034024536604873,0.00255348779837312,-0.008987181624216566,0.009213251766902276,341.78
46.58,0.00537402453660488,0.002983487798373106,-0.009077181624216573,0.00886325176690226,341.78
46.584,0.00563402453660489,0.003243487798373116,-0.009077181624216573,0.008613251766902232,341.78
46.588,0.005804024536604894,0.003323487798373113,-0.009247181624216548,0.008613251766902232,341.78
46.592,0.00622402453660487,0.0034134877983731196,-0.009497181624216549,0.008353251766902249,341.78
46.596,0.006574024536604887,0.0037534877983731265,-0.009587181624216555,0.008103251766902277,341.78
46.6,0.00674402453660489,0.004183487798373112,-0.009497181624216549,0.008103251766902277,341.78
46.604,0.0069940245366048905,0.004433487798373112,-0.009497181624216549,0.007923251766902263,341.78
46.608,0.007254024536604873,0.004783487798373129,-0.009497181624216549,0.007673251766902264,341.78
46.612,0.007424024536604876,0.005373487798373109,-0.009587181624216555,0.007583251766902257,341.78
46.616,0.007684024536604887,0.005803487798373122,-0.009497181624216549,0.007333251766902257,341.78
46.62,0.00785402453660489,0.006143487798373129,-0.009497181624216549,0.007163251766902253,341.78
46.624,0.00819402453660487,0.006313487798373105,-0.009497181624216549,0.006903251766902243,341.78
46.628,0.008454024536604907,0.006663487798373122,-0.009587181624216555,0.006733251766902267,341.78
46.632,0.00870402453660488,0.007003487798373129,-0.009587181624216555,0.006473251766902257,341.78
46.636,0.009044024536604887,0.007173487798373105,-0.009497181624216549,0.00639325176690226,341.78
46.64,0.009044024536604887,0.007433487798373115,-0.009497181624216549,0.00613325176690225,341.78
46.644,0.009044024536604887,0.007513487798373112,-0.009417181624216552,0.005873251766902268,341.78
46.648,0.00930402453660487,0.007773487798373122,-0.00915718162421657,0.005533251766902261,341.78
46.652,0.009394024536604904,0.007943487798373125,-0.00915718162421657,0.0052832517669022605,341.78
46.656,0.009394024536604904,0.008193487798373126,-0.009077181624216573,0.005103251766902247,341.78
46.66,0.009474024536604873,0.008453487798373108,-0.00889718162421656,0.004763251766902268,341.78
46.664,0.009734024536604855,0.00871348779837309,-0.008557181624216552,0.004343251766902264,341.78
46.668,0.00981402453660488,0.008883487798373094,-0.008307181624216552,0.004163251766902251,341.78
46.672,0.009904024536604859,0.008963487798373119,-0.008307181624216552,0.004163251766902251,341.78
46.676,0.009984024536604883,0.009053487798373097,-0.008217181624216573,0.0038232517669022433,341.78
46.68,0.010244024536604866,0.009133487798373122,-0.007957181624216563,0.003483251766902264,341.78
46.684,0.010244024536604866,0.009133487798373122,-0.00778718162421656,0.003223251766902254,341.78
46.688,0.010244024536604866,0.009133487798373122,-0.00753718162421656,0.0030532517669022504,341.78
46.692,0.010244024536604866,0.009313487798373135,-0.0073671816242165565,0.0027132517669022434,341.78
46.696,0.010164024536604897,0.009563487798373108,-0.0069371816242165705,0.0022832517669022574,341.78
46.7,0.010164024536604897,0.009563487798373108,-0.006767181624216567,0.0019432517669022507,341.78
46.704,0.010244024536604866,0.009563487798373108,-0.0065971816242165636,0.0016032517669022437,341.78
46.708,0.010244024536604866,0.009563487798373108,-0.006337181624216553,0.0013432517669022613,341.78
46.712,0.010244024536604866,0.009653487798373142,-0.00616718162421655,0.0010032517669022543,341.78
46.716,0.010244024536604866,0.009903487798373115,-0.005827181624216571,0.0007532517669022541,341.78
46.72,0.010164024536604897,0.009993487798373094,-0.005657181624216567,0.0005832517669022506,341.78
46.724,0.009984024536604883,0.009903487798373115,-0.005657181624216567,0.00023325176690226133,341.78
46.728,0.009904024536604859,0.009993487798373094,-0.00531718162421656,-0.00010674823309774563,341.78
46.732,0.009904024536604859,0.009903487798373115,-0.00505718162421655,-0.00035674823309774585,341.78
46.736,0.00981402453660488,0.009993487798373094,-0.004887181624216574,-0.000706748233097735,341.78
46.74,0.009734024536604855,0.010073487798373118,-0.004547181624216567,-0.0009567482330977352,341.78
46.744,0.009394024536604904,0.010253487798373132,-0.00419718162421655,-0.001046748233097742,341.78
46.748,0.009134024536604866,0.009993487798373094,-0.00394718162421655,-0.0012967482330977422,341.78
46.752,0.008964024536604862,0.009733487798373111,-0.003687181624216567,-0.0015567482330977524,341.78
46.756,0.008874024536604883,0.00982348779837309,-0.0032571816242165535,-0.0018167482330977349,341.78
46.76,0.00870402453660488,0.00982348779837309,-0.0030071816242165533,-0.0019867482330977386,341.78
46.764,0.00870402453660488,0.009733487798373111,-0.0029171816242165743,-0.0024067482330977423,341.78
46.768,0.008624024536604855,0.009563487798373108,-0.002407181624216564,-0.0026667482330977525,341.78
46.772,0.008364024536604873,0.009393487798373104,-0.0018071816242165744,-0.002926748233097735,341.78
46.776,0.00819402453660487,0.009133487798373122,-0.0013771816242165607,-0.0030967482330977385,341.78
46.78,0.007934024536604887,0.009133487798373122,-0.0012071816242165572,-0.0033467482330977387,341.79
46.784,0.00785402453660489,0.009053487798373097,-0.0008671816242165504,-0.003526748233097752,341.79
46.788,0.007764024536604883,0.008793487798373115,-0.0005271816242165712,-0.0037767482330977524,341.79
46.792,0.007514024536604883,0.00871348779837309,-0.00018718162421656418,-0.003946748233097755,341.79
46.796,0.00734402453660488,0.00871348779837309,-1.7181624216560694e-05,-0.004286748233097735,341.79
46.8,0.0070840245366048694,0.008453487798373108,0.00032281837578344624,-0.004546748233097745,341.79
46.804,0.006824024536604887,0.008193487798373126,0.0007528183757834322,-0.004716748233097748,341.79
46.808,0.00648402453660488,0.007943487798373125,0.001182818375783446,-0.0049767482330977586,341.79
46.812,0.006144024536604873,0.007773487798373122,0.001612818375783432,-0.005146748233097734,341.79
46.816,0.006054024536604894,0.007513487798373112,0.0018628183757834322,-0.005486748233097741,341.79
46.82,0.005714024536604887,0.007433487798373115,0.001952818375783439,-0.005826748233097748,341.79
46.824,0.005284024536604873,0.007083487798373126,0.0021228183757834424,-0.005996748233097752,341.79
46.828,0.004944024536604894,0.0068334877983731255,0.0024628183757834494,-0.006256748233097734,341.79
46.832,0.004774024536604891,0.006743487798373119,0.0028028183757834286,-0.006346748233097741,341.79
46.836,0.004434024536604884,0.0064934877983731185,0.0031428183757834355,-0.006596748233097741,341.79
46.84,0.004094024536604877,0.006233487798373108,0.003312818375783439,-0.006856748233097751,341.79
46.844,0.003834024536604867,0.006143487798373129,0.0036628183757834282,-0.007196748233097758,341.79
46.848,0.0035840245366048945,0.005893487798373129,0.004002818375783435,-0.007456748233097741,341.79
46.852,0.0032340245366048776,0.005553487798373122,0.004252818375783435,-0.0075367482330977375,341.79
46.856,0.0028940245366048706,0.005373487798373109,0.004512818375783445,-0.007796748233097748,341.79
46.86,0.002384024536604888,0.0050334877983731294,0.004942818375783431,-0.007876748233097745,341.79
46.864,0.001954024536604874,0.0046934877983731225,0.005282818375783438,-0.007966748233097752,341.79
46.868,0.001704024536604874,0.004523487798373119,0.005372818375783445,-0.008046748233097749,341.79
46.872,0.0016140245366048672,0.004183487798373112,0.0057928183757834486,-0.008306748233097759,341.79
46.876,0.001274024536604888,0.0038434877983731055,0.006392818375783438,-0.008476748233097735,341.79
46.88,0.0008440245366048742,0.0037534877983731265,0.0065628183757834415,-0.008736748233097745,341.79
46.884,0.0005040245366048673,0.003323487798373113,0.006822818375783452,-0.008816748233097742,341.79
46.888,0.0003340245366048916,0.002903487798373109,0.007162818375783431,-0.008816748233097742,341.79
46.892,-5.975463395115394e-06,0.0026434877983731266,0.007332818375783434,-0.009076748233097752,341.79
46.896,-0.00034597546339512234,0.002213487798373113,0.007592818375783445,-0.009166748233097759,341.79
46.9,-0.0004359754633951291,0.0017934877983731092,0.007762818375783448,-0.009166748233097759,341.79
46.904,-0.0008659754633951151,0.0015334877983731268,0.007932818375783452,-0.009246748233097755,341.79
46.908,-0.001205975463395122,0.0016134877983731235,0.008192818375783463,-0.009506748233097738,341.79
46.912,-0.0012859754633951187,0.0012734877983731165,0.008612818375783439,-0.009586748233097735,341.79
46.916,-0.0017159754633951324,0.0008534877983731127,0.008872818375783421,-0.009676748233097741,341.79
46.92,-0.0020559754633951116,0.0005934877983731025,0.008952818375783446,-0.009676748233097741,341.79
46.924,-0.002225975463395115,0.0004234877983731268,0.009212818375783428,-0.009586748233097735,341.79
46.928,-0.0027459754633951078,8.348779837311982e-05,0.009382818375783432,-0.009586748233097735,341.79
46.932,-0.0029159754633951112,-0.0001765122016268904,0.009472818375783466,-0.009676748233097741,341.79
46.936,-0.003255975463395118,-0.0003465122016268939,0.009472818375783466,-0.009586748233097735,341.79
46.94,-0.003595975463395125,-0.0006865122016268731,0.009472818375783466,-0.009586748233097735,341.79
46.944,-0.003685975463395132,-0.00102651220162688,0.009722818375783438,-0.009586748233097735,341.79
46.948,-0.0037659754633951287,-0.0012865122016268902,0.009812818375783417,-0.009676748233097741,341.79
46.952,-0.004105975463395108,-0.0017165122016268761,0.009812818375783417,-0.009676748233097741,341.79
46.956,-0.0043659754633951185,-0.0022265122016268866,0.010072818375783455,-0.009506748233097738,341.79
46.96,-0.004625975463395129,-0.00239651220162689,0.010152818375783424,-0.009246748233097755,341.79
46.964,-0.004965975463395108,-0.002826512201626876,0.010152818375783424,-0.009246748233097755,341.79
46.968,-0.005225975463395118,-0.003166512201626883,0.010152818375783424,-0.009166748233097759,341.79
46.972,-0.005395975463395122,-0.0032565122016268897,0.010152818375783424,-0.008906748233097748,341.79
46.976,-0.005565975463395125,-0.00350651220162689,0.010152818375783424,-0.008906748233097748,341.79
46.98,-0.005815975463395125,-0.0036765122016268934,0.010152818375783424,-0.008736748233097745,341.79
46.984,-0.006245975463395111,-0.003936512201626876,0.010152818375783424,-0.008476748233097735,341.79
46.988,-0.006755975463395122,-0.00410651220162688,0.010072818375783455,-0.008396748233097738,341.79
46.992,-0.007015975463395132,-0.004446512201626887,0.010152818375783424,-0.008306748233097759,341.79
46.996,-0.007355975463395111,-0.004706512201626897,0.010152818375783424,-0.008046748233097749,341.79
47.0,-0.007525975463395115,-0.004956512201626897,0.010072818375783455,-0.007876748233097745,341.79
47.004,-0.007695975463395118,-0.005306512201626886,0.010072818375783455,-0.007706748233097741,341.79
47.008,-0.007785975463395125,-0.005556512201626887,0.009812818375783417,-0.0075367482330977375,341.79
47.012,-0.007955975463395128,-0.00572651220162689,0.009812818375783417,-0.007456748233097741,341.79
47.016,-0.007955975463395128,-0.005986512201626873,0.009812818375783417,-0.007196748233097758,341.79
47.02,-0.008125975463395132,-0.006076512201626879,0.009722818375783438,-0.007026748233097755,341.79
47.024,-0.008295975463395108,-0.006416512201626886,0.009472818375783466,-0.006766748233097745,341.79
47.028,-0.008635975463395115,-0.006756512201626893,0.009302818375783463,-0.006686748233097748,341.79
47.032,-0.008895975463395125,-0.0070965122016268724,0.009212818375783428,-0.006346748233097741,341.79
47.036,-0.008985975463395132,-0.007526512201626886,0.009302818375783463,-0.005916748233097755,341.79
47.04,-0.009065975463395128,-0.00769651220162689,0.009042818375783425,-0.005576748233097748,341.79
47.044,-0.00932597546339511,-0.008036512201626897,0.008872818375783421,-0.0054067482330977445,341.79
47.048,-0.009575975463395111,-0.008206512201626872,0.008532818375783414,-0.005146748233097734,341.79
47.052,-0.009835975463395121,-0.008376512201626876,0.008192818375783463,-0.0049767482330977586,341.79
47.056,-0.009925975463395128,-0.00854651220162688,0.007932818375783452,-0.004716748233097748,341.79
47.06,-0.009925975463395128,-0.008636512201626886,0.007762818375783448,-0.004636748233097752,341.79
47.064,-0.009925975463395128,-0.008896512201626896,0.007672818375783441,-0.004286748233097735,341.79
47.068,-0.010175975463395128,-0.008896512201626896,0.007422818375783441,-0.003946748233097755,341.79
47.072,-0.010175975463395128,-0.008896512201626896,0.007072818375783452,-0.0036967482330977556,341.79
47.076,-0.010175975463395128,-0.008976512201626893,0.006822818375783452,-0.0033467482330977387,341.79
47.08,-0.010265975463395107,-0.009236512201626875,0.006482818375783445,-0.0030967482330977385,341.79
47.084,-0.010345975463395132,-0.009316512201626872,0.0062228183757834345,-0.002926748233097735,341.79
47.088,-0.010345975463395132,-0.009406512201626879,0.005962818375783452,-0.0025867482330977558,341.79
47.092,-0.010265975463395107,-0.009746512201626886,0.005622818375783445,-0.002156748233097742,341.79
47.096,-0.010265975463395107,-0.00965651220162688,0.005372818375783445,-0.0018167482330977349,341.79
47.1,-0.010265975463395107,-0.009746512201626886,0.005112818375783435,-0.0016467482330977592,341.79
47.104,-0.010265975463395107,-0.00991651220162689,0.004772818375783428,-0.001386748233097749,341.79
47.108,-0.010265975463395107,-0.010086512201626893,0.004602818375783452,-0.0009567482330977352,341.79
47.112,-0.010265975463395107,-0.010176512201626872,0.004342818375783442,-0.0005267482330977493,341.79
47.116,-0.010265975463395107,-0.010176512201626872,0.004002818375783435,-0.0002767482330977491,341.79
47.12,-0.010265975463395107,-0.010176512201626872,0.0036628183757834282,-0.00010674823309774563,341.79
47.124,-0.010005975463395125,-0.010176512201626872,0.003312818375783439,0.00023325176690226133,341.79
47.128,-0.009925975463395128,-0.010176512201626872,0.0031428183757834355,0.0006632517669022473,341.79
47.132,-0.009745975463395114,-0.010176512201626872,0.002722818375783432,0.0010032517669022543,341.79
47.136,-0.009495975463395114,-0.010256512201626896,0.002202818375783439,0.0014332517669022402,341.79
47.14,-0.009405975463395107,-0.010256512201626896,0.0020328183757834357,0.001863251766902254,341.79
47.144,-0.009405975463395107,-0.010176512201626872,0.0018628183757834322,0.002113251766902254,341.79
47.148,-0.008985975463395132,-0.010086512201626893,0.0015228183757834252,0.002463251766902243,341.79
47.152,-0.008635975463395115,-0.009836512201626893,0.0012628183757834427,0.0030532517669022504,341.79
47.156,-0.008465975463395111,-0.00965651220162688,0.0010128183757834425,0.003483251766902264,341.79
47.16,-0.00821597546339511,-0.009576512201626882,0.0006728183757834355,0.003993251766902247,341.79
47.164,-0.008125975463395132,-0.009486512201626876,0.00041281837578342523,0.004343251766902264,341.79
47.168,-0.007955975463395128,-0.009406512201626879,0.0001528183757834428,0.004423251766902261,341.79
47.172,-0.008045975463395107,-0.009236512201626875,-0.00018718162421656418,0.004683251766902243,341.79
47.176,-0.007865975463395122,-0.008976512201626893,-0.0003571816242165677,0.005103251766902247,341.79
47.18,-0.007695975463395118,-0.008976512201626893,-0.0006171816242165502,0.005533251766902261,341.79
47.184,-0.0072759754633951144,-0.00880651220162689,-0.0009571816242165571,0.005873251766902268,341.79
47.188,-0.006925975463395125,-0.00854651220162688,-0.001297181624216564,0.0060432517669022435,341.79
47.192,-0.0068459754633951285,-0.008466512201626883,-0.00172718162421655,0.006303251766902254,341.79
47.196,-0.0065059754633951215,-0.008206512201626872,-0.00197718162421655,0.006563251766902264,341.79
47.2,-0.006245975463395111,-0.008126512201626876,-0.0021471816242165536,0.006733251766902267,341.79
47.204,-0.006075975463395108,-0.008126512201626876,-0.0024971816242165706,0.006813251766902264,341.79
47.208,-0.005815975463395125,-0.008036512201626897,-0.00283718162421655,0.007163251766902253,341.79
47.212,-0.005645975463395122,-0.007776512201626886,-0.0029171816242165743,0.0074132517669022535,341.79
47.216,-0.005305975463395115,-0.007606512201626883,-0.0033471816242165602,0.007673251766902264,341.79
47.22,-0.004795975463395132,-0.007356512201626883,-0.003777181624216574,0.007923251766902263,341.79
47.224,-0.004535975463395122,-0.007186512201626879,-0.00394718162421655,0.008103251766902277,341.79
47.228,-0.004105975463395108,-0.00683651220162689,-0.00394718162421655,0.008353251766902249,341.79
47.232,-0.0038559754633951076,-0.006496512201626883,-0.00419718162421655,0.008523251766902253,341.79
47.236,-0.003595975463395125,-0.0063265122016268795,-0.0044571816242165605,0.008783251766902235,341.79
47.24,-0.0031659754633951115,-0.006076512201626879,-0.004547181624216567,0.00886325176690226,341.79
47.244,-0.0028259754633951323,-0.005986512201626873,-0.004887181624216574,0.008953251766902239,341.79
47.248,-0.0026559754633951288,-0.005646512201626893,-0.0052271816242165535,0.009213251766902276,341.79
47.252,-0.0024059754633951286,-0.00521651220162688,-0.005397181624216557,0.009213251766902276,341.79
47.256,-0.0020559754633951116,-0.004786512201626894,-0.005657181624216567,0.009213251766902276,341.79
47.26,-0.001635975463395108,-0.00436651220162689,-0.005907181624216567,0.009213251766902276,341.79
47.264,-0.0012859754633951187,-0.00410651220162688,-0.006257181624216557,0.009213251766902276,341.79
47.268,-0.001205975463395122,-0.003936512201626876,-0.006337181624216553,0.009213251766902276,341.79
47.272,-0.0008659754633951151,-0.00350651220162689,-0.0065971816242165636,0.009213251766902276,341.79
47.276,-0.0004359754633951291,-0.0032565122016268897,-0.006847181624216564,0.009213251766902276,341.79
47.28,7.402453660488135e-05,-0.0029065122016268727,-0.007107181624216574,0.009213251766902276,341.79
47.284,0.0005040245366048673,-0.0026565122016268725,-0.0073671816242165565,0.009213251766902276,341.79
47.288,0.0007640245366048775,-0.0023165122016268933,-0.0073671816242165565,0.009213251766902276,341.79
47.292,0.0011040245366048845,-0.0019665122016268763,-0.00753718162421656,0.009293251766902245,341.79
47.296,0.0013540245366048848,-0.0016265122016268971,-0.00778718162421656,0.009463251766902249,341.79
47.3,0.001704024536604874,-0.0011965122016268834,-0.007877181624216566,0.009553251766902228,341.79
47.304,0.002044024536604881,-0.0008565122016268766,-0.007957181624216563,0.009633251766902252,341.79
47.308,0.002384024536604888,-0.0006065122016268764,-0.008217181624216573,0.009723251766902231,341.79
47.312,0.002814024536604874,-0.00025651220162688714,-0.008307181624216552,0.009633251766902252,341.79
47.316,0.003154024536604881,0.00016348779837311656,-0.008477181624216555,0.009633251766902252,341.79
47.32,0.0033240245366048843,0.0005934877983731025,-0.008557181624216552,0.009553251766902228,341.79
47.324,0.0036640245366048913,0.0009334877983731095,-0.008647181624216559,0.009293251766902245,341.79
47.328,0.004094024536604877,0.0012734877983731165,-0.008727181624216556,0.009293251766902245,341.79
47.332,0.0045240245366048905,0.0017034877983731025,-0.008727181624216556,0.009293251766902245,341.79
47.336,0.004944024536604894,0.0020434877983731095,-0.008817181624216562,0.009293251766902245,341.79
47.34,0.00511402453660487,0.002213487798373113,-0.009077181624216573,0.009213251766902276,341.79
47.344,0.005034024536604873,0.00255348779837312,-0.009077181624216573,0.008953251766902239,341.79
47.348,0.00537402453660488,0.0028134877983731024,-0.009077181624216573,0.008783251766902235,341.79
47.352,0.005714024536604887,0.0030734877983731126,-0.00915718162421657,0.008613251766902232,341.79
47.356,0.006054024536604894,0.0034134877983731196,-0.00915718162421657,0.008613251766902232,341.79
47.36,0.00622402453660487,0.0038434877983731055,-0.009247181624216548,0.008183251766902246,341.79
47.364,0.006574024536604887,0.004093487798373105,-0.009417181624216552,0.008103251766902277,341.79
47.368,0.006824024536604887,0.004263487798373109,-0.009587181624216555,0.007923251766902263,341.79
47.372,0.0070840245366048694,0.0046934877983731225,-0.009587181624216555,0.007673251766902264,341.79
47.376,0.007514024536604883,0.005293487798373112,-0.009497181624216549,0.007583251766902257,341.79
47.38,0.007684024536604887,0.005633487798373119,-0.009497181624216549,0.007583251766902257,341.79
47.384,0.007934024536604887,0.005893487798373129,-0.009587181624216555,0.0074132517669022535,341.79
47.388,0.00819402453660487,0.006233487798373108,-0.009497181624216549,0.007163251766902253,341.79
47.392,0.008364024536604873,0.0064934877983731185,-0.009497181624216549,0.006813251766902264,341.79
47.396,0.008624024536604855,0.006743487798373119,-0.009587181624216555,0.006733251766902267,341.79
47.4,0.00870402453660488,0.007083487798373126,-0.009587181624216555,0.00639325176690226,341.79
47.404,0.008874024536604883,0.007433487798373115,-0.009497181624216549,0.0060432517669022435,341.79
47.408,0.009044024536604887,0.007603487798373118,-0.009417181624216552,0.005793251766902243,341.79
47.412,0.009134024536604866,0.007773487798373122,-0.009247181624216548,0.005533251766902261,341.79
47.416,0.009394024536604904,0.007943487798373125,-0.009247181624216548,0.005453251766902264,341.79
47.42,0.009394024536604904,0.008193487798373126,-0.00915718162421657,0.005103251766902247,341.79
47.424,0.009394024536604904,0.008453487798373108,-0.00889718162421656,0.004763251766902268,341.79
47.428,0.009474024536604873,0.00871348779837309,-0.008477181624216555,0.004593251766902264,341.79
47.432,0.009734024536604855,0.008883487798373094,-0.008477181624216555,0.004253251766902257,341.79
47.436,0.009734024536604855,0.009053487798373097,-0.008307181624216552,0.0039132517669022504,341.79
47.44,0.009904024536604859,0.009133487798373122,-0.007957181624216563,0.0037432517669022465,341.79
47.444,0.010164024536604897,0.009133487798373122,-0.00778718162421656,0.0037432517669022465,341.79
47.448,0.010244024536604866,0.009133487798373122,-0.0077071816242165634,0.0034032517669022673,341.79
47.452,0.010244024536604866,0.009133487798373122,-0.00753718162421656,0.0030532517669022504,341.79
47.456,0.010164024536604897,0.009223487798373101,-0.0073671816242165565,0.00280325176690225,341.79
47.46,0.010164024536604897,0.009483487798373139,-0.007107181624216574,0.00254325176690224,341.79
47.464,0.010244024536604866,0.009563487798373108,-0.007017181624216567,0.0022032517669022607,341.79
47.468,0.010244024536604866,0.009563487798373108,-0.00667718162421656,0.001863251766902254,341.79
47.472,0.010244024536604866,0.009563487798373108,-0.00642718162421656,0.001523251766902247,341.79
47.476,0.010244024536604866,0.009563487798373108,-0.00616718162421655,0.0014332517669022402,341.79
47.48,0.010244024536604866,0.009653487798373142,-0.005737181624216564,0.0010032517669022543,341.79
47.484,0.010244024536604866,0.009903487798373115,-0.00556718162421656,0.0005832517669022506,341.79
47.488,0.010164024536604897,0.009903487798373115,-0.005737181624216564,0.0003232517669022403,341.79
47.492,0.009904024536604859,0.009903487798373115,-0.005487181624216564,0.0001532517669022646,341.79
47.496,0.00981402453660488,0.009903487798373115,-0.0051371816242165745,-0.00010674823309774563,341.79
47.5,0.009734024536604855,0.009993487798373094,-0.004967181624216571,-0.0002767482330977491,341.79
47.504,0.009564024536604907,0.009993487798373094,-0.004627181624216564,-0.0005267482330977493,341.79
47.508,0.009644024536604876,0.009903487798373115,-0.004287181624216557,-0.000616748233097756,341.79
47.512,0.009474024536604873,0.009993487798373094,-0.004027181624216575,-0.001046748233097742,341.79
47.516,0.009134024536604866,0.009903487798373115,-0.003687181624216567,-0.001386748233097749,341.79
47.52,0.009134024536604866,0.009653487798373142,-0.0033471816242165602,-0.0014667482330977457,341.79
47.524,0.009044024536604887,0.009563487798373108,-0.00308718162421655,-0.001726748233097756,341.79
47.528,0.008794024536604859,0.009563487798373108,-0.002747181624216571,-0.0018967482330977594,341.79
47.532,0.008534024536604876,0.009563487798373108,-0.0021471816242165536,-0.0024067482330977423,341.79
47.536,0.008284024536604904,0.009393487798373104,-0.0018971816242165534,-0.0026667482330977525,341.79
47.54,0.00819402453660487,0.009133487798373122,-0.001637181624216571,-0.002926748233097735,341.79
47.544,0.008024024536604894,0.009133487798373122,-0.0012071816242165572,-0.0030967482330977385,341.79
47.548,0.008024024536604894,0.009053487798373097,-0.0007871816242165536,-0.0033467482330977387,341.79
47.552,0.007764024536604883,0.009053487798373097,-0.0005271816242165712,-0.003606748233097749,341.79
47.556,0.007684024536604887,0.008793487798373115,-0.0004371816242165644,-0.003946748233097755,341.79
47.56,0.007424024536604876,0.00871348779837309,-1.7181624216560694e-05,-0.004206748233097738,341.79
47.564,0.007254024536604873,0.008453487798373108,0.00041281837578342523,-0.004286748233097735,341.79
47.568,0.006914024536604894,0.008193487798373126,0.0006728183757834355,-0.004546748233097745,341.79
47.572,0.0066540245366048835,0.007943487798373125,0.0010128183757834425,-0.004806748233097755,341.79
47.576,0.00648402453660488,0.007773487798373122,0.0012628183757834427,-0.005146748233097734,341.79
47.58,0.006144024536604873,0.007513487798373112,0.001612818375783432,-0.0054067482330977445,341.79
47.584,0.005884024536604891,0.007433487798373115,0.001952818375783439,-0.005576748233097748,341.79
47.588,0.00563402453660489,0.007173487798373105,0.002202818375783439,-0.005826748233097748,341.79
47.592,0.005284024536604873,0.007083487798373126,0.002292818375783446,-0.005996748233097752,341.79
47.596,0.004944024536604894,0.006743487798373119,0.0024628183757834494,-0.006346748233097741,341.79
47.6,0.004604024536604887,0.0064934877983731185,0.0028028183757834286,-0.006596748233097741,341.79
47.604,0.00426402453660488,0.0064934877983731185,0.0031428183757834355,-0.006766748233097745,341.79
47.608,0.00400402453660487,0.006233487798373108,0.0035728183757834492,-0.007026748233097755,341.79
47.612,0.0036640245366048913,0.005973487798373126,0.003912818375783428,-0.007196748233097758,341.79
47.616,0.0032340245366048776,0.005803487798373122,0.004172818375783438,-0.0075367482330977375,341.79
47.62,0.0028940245366048706,0.005373487798373109,0.004512818375783445,-0.007796748233097748,341.79
47.624,0.002724024536604867,0.0050334877983731294,0.004682818375783449,-0.007966748233097752,341.79
47.628,0.002384024536604888,0.004863487798373126,0.004852818375783452,-0.008306748233097759,341.79
47.632,0.002044024536604881,0.004523487798373119,0.005192818375783431,-0.008476748233097735,341.79
47.636,0.001704024536604874,0.004263487798373109,0.005452818375783442,-0.008476748233097735,341.79
47.64,0.0011840245366048813,0.004183487798373112,0.005712818375783452,-0.008476748233097735,341.79
47.644,0.0008440245366048742,0.0038434877983731055,0.0062228183757834345,-0.008736748233097745,341.79
47.648,0.0006740245366048707,0.003323487798373113,0.006732818375783445,-0.008816748233097742,341.79
47.652,0.0003340245366048916,0.002983487798373106,0.006992818375783427,-0.008816748233097742,341.79
47.656,-5.975463395115394e-06,0.002903487798373109,0.007252818375783438,-0.009076748233097752,341.79
47.66,-0.00017597546339511886,0.002473487798373123,0.007332818375783434,-0.009166748233097759,341.79
47.664,-0.0005259754633951081,0.0019634877983731127,0.007672818375783441,-0.009246748233097755,341.79
47.668,-0.0007759754633951083,0.0017034877983731025,0.00801281837578345,-0.009506748233097738,341.79
47.672,-0.0009459754633951118,0.0013634877983731233,0.008192818375783463,-0.009506748233097738,341.79
47.676,-0.0012859754633951187,0.0010234877983731163,0.008442818375783435,-0.009586748233097735,341.79
47.68,-0.001545975463395129,0.0008534877983731127,0.008612818375783439,-0.009676748233097741,341.79
47.684,-0.0017159754633951324,0.000763487798373106,0.008782818375783442,-0.009676748233097741,341.79
47.688,-0.001975975463395115,0.0004234877983731268,0.008872818375783421,-0.009586748233097735,341.79
47.692,-0.002225975463395115,0.00016348779837311656,0.009132818375783459,-0.009586748233097735,341.79
47.696,-0.0028259754633951323,-6.512201626886914e-06,0.009132818375783459,-0.009586748233097735,341.79
47.7,-0.0031659754633951115,-0.0003465122016268939,0.009302818375783463,-0.009586748233097735,341.79
47.704,-0.003255975463395118,-0.0006065122016268764,0.009302818375783463,-0.009586748233097735,341.79
47.708,-0.003345975463395125,-0.0008565122016268766,0.009382818375783432,-0.009586748233097735,341.79
47.712,-0.0035159754633951284,-0.0012865122016268902,0.009642818375783414,-0.009586748233097735,341.79
47.716,-0.003685975463395132,-0.0017965122016268729,0.009812818375783417,-0.009586748233097735,341.79
47.72,-0.004105975463395108,-0.0019665122016268763,0.009892818375783442,-0.009676748233097741,341.79
47.724,-0.004455975463395125,-0.0023165122016268933,0.010152818375783424,-0.009586748233097735,341.79
47.728,-0.004535975463395122,-0.0026565122016268725,0.010152818375783424,-0.009336748233097734,341.79
47.732,-0.004965975463395108,-0.002826512201626876,0.010152818375783424,-0.009246748233097755,341.79
47.736,-0.005305975463395115,-0.003166512201626883,0.010152818375783424,-0.009166748233097759,341.79
47.74,-0.005395975463395122,-0.003426512201626893,0.010072818375783455,-0.008906748233097748,341.79
47.744,-0.005645975463395122,-0.0033365122016268864,0.010072818375783455,-0.008646748233097738,341.79
47.748,-0.005985975463395129,-0.0036765122016268934,0.010152818375783424,-0.008396748233097738,341.79
47.752,-0.006245975463395111,-0.003936512201626876,0.010152818375783424,-0.008396748233097738,341.79
47.756,-0.006585975463395118,-0.00410651220162688,0.010152818375783424,-0.008306748233097759,341.79
47.76,-0.006925975463395125,-0.004446512201626887,0.010152818375783424,-0.008046748233097749,341.79
47.764,-0.007185975463395108,-0.004786512201626894,0.010152818375783424,-0.007876748233097745,341.79
47.768,-0.007445975463395118,-0.005046512201626876,0.010152818375783424,-0.007626748233097744,341.79
47.772,-0.007695975463395118,-0.005306512201626886,0.009982818375783421,-0.0075367482330977375,341.79
47.776,-0.007785975463395125,-0.005556512201626887,0.009722818375783438,-0.007456748233097741,341.79
47.78,-0.007865975463395122,-0.00572651220162689,0.009722818375783438,-0.007196748233097758,341.79
47.784,-0.008125975463395132,-0.006076512201626879,0.009642818375783414,-0.007026748233097755,341.79
47.788,-0.008295975463395108,-0.0063265122016268795,0.009382818375783432,-0.006766748233097745,341.79
47.792,-0.008555975463395118,-0.00658651220162689,0.009382818375783432,-0.006686748233097748,341.79
47.796,-0.008725975463395121,-0.007016512201626876,0.009212818375783428,-0.006426748233097738,341.79
47.8,-0.008985975463395132,-0.007526512201626886,0.008952818375783446,-0.0060867482330977584,341.79
47.804,-0.009155975463395107,-0.00769651220162689,0.008952818375783446,-0.005656748233097745,341.79
47.808,-0.009495975463395114,-0.008036512201626897,0.008782818375783442,-0.005486748233097741,341.79
47.812,-0.009575975463395111,-0.008206512201626872,0.008532818375783414,-0.005226748233097759,341.79
47.816,-0.009495975463395114,-0.008376512201626876,0.008442818375783435,-0.0049767482330977586,341.79
47.82,-0.009665975463395118,-0.008636512201626886,0.008192818375783463,-0.004716748233097748,341.79
47.824,-0.009745975463395114,-0.008896512201626896,0.00801281837578345,-0.004636748233097752,341.79
47.828,-0.009835975463395121,-0.008896512201626896,0.007672818375783441,-0.004376748233097741,341.79
47.832,-0.010095975463395131,-0.008896512201626896,0.007422818375783441,-0.004116748233097759,341.79
47.836,-0.010175975463395128,-0.008896512201626896,0.007162818375783431,-0.0037767482330977524,341.79
47.84,-0.010265975463395107,-0.008896512201626896,0.006822818375783452,-0.003526748233097752,341.79
47.844,-0.010345975463395132,-0.009236512201626875,0.0065628183757834415,-0.0034367482330977454,341.79
47.848,-0.010345975463395132,-0.009316512201626872,0.006392818375783438,-0.0030967482330977385,341.79
47.852,-0.010265975463395107,-0.009406512201626879,0.006052818375783431,-0.0026667482330977525,341.79
47.856,-0.010265975463395107,-0.00965651220162688,0.0057928183757834486,-0.0023267482330977455,341.79
47.86,-0.010265975463395107,-0.00965651220162688,0.005622818375783445,-0.0020667482330977353,341.79
47.864,-0.010265975463395107,-0.00965651220162688,0.005192818375783431,-0.001726748233097756,341.79
47.868,-0.010265975463395107,-0.00991651220162689,0.004852818375783452,-0.0014667482330977457,341.79
47.872,-0.010265975463395107,-0.010176512201626872,0.004772818375783428,-0.0011267482330977387,341.79
47.876,-0.010345975463395132,-0.010256512201626896,0.0044328183757834485,-0.0009567482330977352,341.79
47.88,-0.010265975463395107,-0.010426512201626872,0.004172818375783438,-0.000616748233097756,341.79
47.884,-0.010265975463395107,-0.010516512201626879,0.004002818375783435,-0.00018674823309774237,341.79
47.888,-0.010005975463395125,-0.010596512201626876,0.0036628183757834282,0.00023325176690226133,341.79
47.892,-0.009575975463395111,-0.010596512201626876,0.0032328183757834423,,341.79
47.896,-0.009745975463395114,-0.010516512201626879,0.0028928183757834353,,341.79
47.9,-0.009745975463395114,-0.010516512201626879,0.002632818375783425,,341.79
47.904,-0.009575975463395111,-0.010256512201626896,0.0021228183757834424,,341.79
47.908,-0.009405975463395107,-0.010006512201626896,0.0018628183757834322,,341.79
47.912,-0.009235975463395132,-0.009746512201626886,0.0017828183757834354,,341.79
47.916,-0.008805975463395118,-0.00965651220162688,0.0014328183757834462,,341.79
47.92,-0.008725975463395121,-0.00965651220162688,0.0012628183757834427,,341.79
47.924,-0.008555975463395118,-0.00965651220162688,0.001182818375783446,,341.79
47.928,-0.008385975463395114,-0.009406512201626879,0.0007528183757834322,,341.79
47.932,-0.008295975463395108,-0.009316512201626872,0.00041281837578342523,,341.79
47.936,-0.007955975463395128,-0.009236512201626875,0.00024281837578344953,,341.79
47.94,-0.007865975463395122,-0.008976512201626893,-9.718162421655743e-05,,341.79
47.944,-0.007695975463395118,-0.008896512201626896,-0.0004371816242165644,,341.79
47.948,-0.007445975463395118,-0.00880651220162689,-0.0006171816242165502,,341.79
47.952,-0.007185975463395108,-0.008636512201626886,-0.0010371816242165537,,341.79
47.956,-0.0068459754633951285,-0.008636512201626886,-0.0014671816242165675,,341.79
47.96,-0.006675975463395125,-0.008466512201626883,-0.00172718162421655,,341.79
47.964,-0.0065059754633951215,-0.008206512201626872,-0.0021471816242165536,,341.79
47.968,-0.006245975463395111,-0.008126512201626876,-0.0024971816242165706,,341.79
47.972,-0.006165975463395115,-0.007956512201626872,-0.0025771816242165673,,341.79
47.976,-0.005735975463395129,-0.00769651220162689,-0.0030071816242165533,,341.79
47.98,-0.005395975463395122,-0.007526512201626886,-0.0033471816242165602,,341.79
47.984,-0.005225975463395118,-0.007356512201626883,-0.0035171816242165637,,341.79
47.988,-0.004795975463395132,-0.007186512201626879,-0.0038571816242165707,,341.79
47.992,-0.004285975463395122,-0.006926512201626897,-0.004117181624216554,,341.79
47.996,-0.0040259754633951116,-0.006756512201626893,-0.004117181624216554,,341.79
48.0,-0.003685975463395132,-0.006416512201626886,-0.004287181624216557,,341.79
48.004,-0.003345975463395125,-0.006246512201626883,-0.004547181624216567,,341.79
48.008,-0.0031659754633951115,-0.005986512201626873,-0.004627181624216564,,341.79
48.012,-0.0028259754633951323,-0.005646512201626893,-0.00505718162421655,,341.79
48.016,-0.0024859754633951253,-0.005306512201626886,-0.005397181624216557,,341.79
48.02,-0.0021459754633951183,-0.005136512201626883,-0.005487181624216564,,341.79
48.024,-0.0018859754633951081,-0.004786512201626894,-0.005657181624216567,,341.79
48.028,-0.001545975463395129,-0.00436651220162689,-0.005827181624216571,,341.79
48.032,-0.0012859754633951187,-0.004016512201626873,-0.006077181624216571,,341.79
48.036,-0.0007759754633951083,-0.0035965122016268967,-0.006337181624216553,,341.79
48.04,-0.00034597546339512234,-0.0032565122016268897,-0.00667718162421656,,341.79
48.044,-9.597546339512214e-05,-0.003076512201626876,-0.0069371816242165705,,341.79
48.048,7.402453660488135e-05,-0.002736512201626897,-0.007197181624216553,,341.79
48.052,0.0004140245366048883,-0.0023165122016268933,-0.007447181624216553,,341.79
48.056,0.0008440245366048742,-0.002056512201626883,-0.007447181624216553,,341.79
48.06,0.001274024536604888,-0.0016265122016268971,-0.00753718162421656,,341.79
48.064,0.001704024536604874,-0.0012865122016268902,-0.0077071816242165634,,341.79
48.068,0.002044024536604881,-0.00102651220162688,-0.007877181624216566,,341.79
48.072,0.002294024536604881,-0.0006865122016268731,-0.007957181624216563,,341.79
48.076,0.0024640245366048846,-0.00025651220162688714,-0.008217181624216573,,341.79
48.08,0.002814024536604874,8.348779837311982e-05,-0.008307181624216552,,341.79
48.084,0.0032340245366048776,0.0004234877983731268,-0.008307181624216552,,341.79
48.088,0.0036640245366048913,0.0008534877983731127,-0.008387181624216549,,341.79
48.092,0.0041740245366048735,0.0012734877983731165,-0.008387181624216549,,341.79
48.096,0.0045240245366048905,0.0016134877983731235,-0.008647181624216559,,341.79
48.1,0.004694024536604894,0.001873487798373106,-0.008727181624216556,,341.79
48.104,0.004774024536604891,0.002213487798373113,-0.008817181624216562,,341.79
48.108,0.004944024536604894,0.0026434877983731266,-0.009077181624216573,,341.79
48.112,0.00537402453660488,0.002983487798373106,-0.009077181624216573,,341.79
48.116,0.005714024536604887,0.003243487798373116,-0.009077181624216573,,341.79
48.12,0.005884024536604891,0.0034134877983731196,-0.00915718162421657,,341.79
48.124,0.00622402453660487,0.0036734877983731298,-0.009417181624216552,,341.79
48.128,0.00648402453660488,0.003923487798373102,-0.009417181624216552,,341.79
48.132,0.006574024536604887,0.004263487798373109,-0.009497181624216549,,341.79
48.136,0.006914024536604894,0.0046934877983731225,-0.009587181624216555,,341.79
48.14,0.007254024536604873,0.0050334877983731294,-0.009497181624216549,,341.79
48.144,0.007424024536604876,0.005373487798373109,-0.009497181624216549,,341.79
48.148,0.007764024536604883,0.005803487798373122,-0.009497181624216549,,341.79
48.152,0.00810402453660489,0.006233487798373108,-0.009587181624216555,,341.79
48.156,0.008284024536604904,0.006573487798373115,-0.009497181624216549,,341.79
48.16,0.008534024536604876,0.0068334877983731255,-0.009497181624216549,,341.79
48.164,0.00870402453660488,0.007003487798373129,-0.009497181624216549,,341.79
48.168,0.008964024536604862,0.007003487798373129,-0.009587181624216555,,341.79
48.172,0.009044024536604887,0.007173487798373105,-0.009417181624216552,,341.79
48.176,0.009134024536604866,0.007433487798373115,-0.00915718162421657,,341.79
48.18,0.009394024536604904,0.007683487798373115,-0.00915718162421657,,341.79
48.184,0.009394024536604904,0.008193487798373126,-0.00915718162421657,,341.79
48.188,0.009394024536604904,0.008453487798373108,-0.009077181624216573,,341.79
48.192,0.009474024536604873,0.00871348779837309,-0.008817181624216562,,341.79
48.196,0.009734024536604855,0.008793487798373115,-0.008557181624216552,,341.79
48.2,0.009734024536604855,0.008963487798373119,-0.008477181624216555,,341.79
48.204,0.009904024536604859,0.009133487798373122,-0.008477181624216555,,341.79
48.208,0.010164024536604897,0.009223487798373101,-0.00804718162421657,,341.79
48.212,0.010244024536604866,0.009483487798373139,-0.00778718162421656,,341.79
48.216,0.010244024536604866,0.009483487798373139,-0.00753718162421656,,341.79
48.22,0.010244024536604866,0.009483487798373139,-0.007447181624216553,,341.79
48.224,0.010244024536604866,0.009483487798373139,-0.007197181624216553,,341.79
48.228,0.010244024536604866,0.009483487798373139,-0.0069371816242165705,,341.79
48.232,0.010244024536604866,0.009483487798373139,-0.00667718162421656,,341.79
48.236,0.010244024536604866,0.009483487798373139,-0.006507181624216557,,341.79
48.24,0.010244024536604866,0.009653487798373142,-0.00616718162421655,,341.79
48.244,0.010244024536604866,0.009903487798373115,-0.005907181624216567,,341.79
48.248,0.010164024536604897,0.009903487798373115,-0.005907181624216567,,341.79
48.252,0.010164024536604897,0.009903487798373115,-0.005827181624216571,,341.79
48.256,0.010164024536604897,0.009903487798373115,-0.00556718162421656,,341.79
48.26,0.009984024536604883,0.009993487798373094,-0.00531718162421656,,341.79
48.264,0.009904024536604859,0.009993487798373094,-0.004887181624216574,,341.79
48.268,0.009734024536604855,0.009993487798373094,-0.004627181624216564,,341.79
48.272,0.009474024536604873,0.009993487798373094,-0.004547181624216567,,341.79
48.276,0.009394024536604904,0.010073487798373118,-0.00419718162421655,,341.79
48.28,0.009134024536604866,0.0103334877983731,-0.00394718162421655,,341.79
48.284,0.009134024536604866,0.010253487798373132,-0.003777181624216574,,341.79
48.288,0.008964024536604862,0.009993487798373094,-0.003437181624216567,,341.79
48.292,0.00870402453660488,0.009993487798373094,-0.0030071816242165533,,341.79
48.296,0.008624024536604855,0.009903487798373115,-0.0025771816242165673,,341.79
48.3,0.008454024536604907,0.009733487798373111,-0.002067181624216557,,341.79
48.304,0.00819402453660487,0.009483487798373139,-0.00172718162421655,,341.79
48.308,0.00810402453660489,0.009133487798373122,-0.001637181624216571,,341.79
48.312,0.00785402453660489,0.009133487798373122,-0.0013771816242165607,,341.79
48.316,0.007764024536604883,0.009053487798373097,-0.0009571816242165571,,341.79
48.32,0.007764024536604883,0.008883487798373094,-0.0006171816242165502,,341.79
48.324,0.007514024536604883,0.008793487798373115,-0.00026718162421656094,,341.79
48.328,0.00734402453660488,0.008623487798373112,-1.7181624216560694e-05,,341.79
48.332,0.0070840245366048694,0.008373487798373139,0.00041281837578342523,,341.79
48.336,0.0069940245366048905,0.008193487798373126,0.0007528183757834322,,341.79
48.34,0.0066540245366048835,0.007943487798373125,0.0010928183757834393,,341.79
48.344,0.006144024536604873,0.007853487798373119,0.0014328183757834462,,341.79
48.348,0.005804024536604894,0.007603487798373118,0.0015228183757834252,,341.79
48.352,0.00563402453660489,0.007433487798373115,0.001612818375783432,,341.79
48.356,0.005284024536604873,0.007083487798373126,0.0018628183757834322,,341.79
48.36,0.004944024536604894,0.006743487798373119,0.0023728183757834426,,341.79
48.364,0.00486402453660487,0.006573487798373115,0.002722818375783432,,341.79
48.368,0.0045240245366048905,0.006313487798373105,0.0028928183757834353,,341.79
48.372,0.0041740245366048735,0.006313487798373105,0.0032328183757834423,,341.79
48.376,0.003834024536604867,0.006233487798373108,0.0035728183757834492,,341.79
48.38,0.0035840245366048945,0.005893487798373129,0.003912818375783428,,341.79
48.384,0.0032340245366048776,0.005553487798373122,0.0040828183757834315,,341.79
48.388,0.0028940245366048706,0.005373487798373109,0.0044328183757834485,,341.79
48.392,0.0025540245366048914,0.0050334877983731294,0.004772818375783428,,341.79
48.396,0.0021240245366048777,0.0046934877983731225,0.005112818375783435,,341.79
48.4,0.0017840245366048707,0.004523487798373119,0.005372818375783445,,341.79
48.404,0.0015240245366048883,0.004183487798373112,0.005622818375783445,,341.79
48.408,0.0011840245366048813,0.003923487798373102,0.0057928183757834486,,341.79
48.412,0.0008440245366048742,0.0036734877983731298,0.006392818375783438,,341.79
48.416,0.0005040245366048673,0.003323487798373113,0.006822818375783452,,341.79
48.42,0.0003340245366048916,0.002903487798373109,0.006992818375783427,,341.79
48.424,-5.975463395115394e-06,0.00255348779837312,0.007252818375783438,,341.79
48.428,-0.0002659754633951256,0.002213487798373113,0.007332818375783434,,341.79
48.432,-0.0004359754633951291,0.0017934877983731092,0.007672818375783441,,341.79
48.436,-0.0008659754633951151,0.00144348779837312,0.00801281837578345,,341.79
48.44,-0.001205975463395122,0.0012734877983731165,0.008192818375783463,,341.79
48.444,-0.0012859754633951187,0.0009334877983731095,0.008442818375783435,,341.79
48.448,-0.001545975463395129,0.0005934877983731025,0.008612818375783439,,341.79
48.452,-0.0018859754633951081,0.0005034877983731235,0.008872818375783421,,341.79
48.456,-0.0021459754633951183,0.0004234877983731268,0.008952818375783446,,341.79
48.46,-0.0024859754633951253,8.348779837311982e-05,0.009212818375783428,,341.79
48.464,-0.0028259754633951323,-0.0001765122016268904,0.009302818375783463,,341.79
48.468,-0.003255975463395118,-0.0003465122016268939,0.009302818375783463,,341.79
48.472,-0.003595975463395125,-0.0007765122016268798,0.009302818375783463,,341.79
48.476,-0.003685975463395132,-0.0011165122016268867,0.009382818375783432,,341.79
48.48,-0.0037659754633951287,-0.0011965122016268834,0.009642818375783414,,341.79
48.484,-0.0040259754633951116,-0.0016265122016268971,0.009812818375783417,,341.79
48.488,-0.004195975463395115,-0.00213651220162688,0.009812818375783417,,341.79
48.492,-0.004535975463395122,-0.002486512201626897,0.009812818375783417,,341.79
48.496,-0.004875975463395129,-0.002826512201626876,0.010072818375783455,,341.79
48.5,-0.0051359754633951114,-0.003166512201626883,0.010152818375783424,,341.79
48.504,-0.005305975463395115,-0.0032565122016268897,0.010152818375783424,,341.79
48.508,-0.005645975463395122,-0.0035965122016268967,0.010152818375783424,,341.79
48.512,-0.005985975463395129,-0.003846512201626897,0.010152818375783424,,341.79
48.516,-0.006165975463395115,-0.003936512201626876,0.010152818375783424,,341.79
48.52,-0.0065059754633951215,-0.00410651220162688,0.010152818375783424,,341.79
48.524,-0.007015975463395132,-0.004446512201626887,0.010072818375783455,,341.79
48.528,-0.007355975463395111,-0.00461651220162689,0.010072818375783455,,341.79
48.532,-0.007525975463395115,-0.004876512201626873,0.010152818375783424,,341.79
48.536,-0.007695975463395118,-0.00521651220162688,0.010072818375783455,,341.79
48.54,-0.007785975463395125,-0.005556512201626887,0.009892818375783442,,341.79
48.544,-0.007955975463395128,-0.005646512201626893,0.009722818375783438,,341.79
48.548,-0.007955975463395128,-0.006076512201626879,0.009722818375783438,,341.79
48.552,-0.008295975463395108,-0.006416512201626886,0.009722818375783438,,341.79
48.556,-0.008295975463395108,-0.00658651220162689,0.009472818375783466,,341.79
48.56,-0.008555975463395118,-0.00683651220162689,0.009212818375783428,,341.79
48.564,-0.008895975463395125,-0.0070965122016268724,0.008952818375783446,,341.79
48.568,-0.009065975463395128,-0.007526512201626886,0.008952818375783446,,341.79
48.572,-0.00932597546339511,-0.00769651220162689,0.008952818375783446,,341.79
48.576,-0.009405975463395107,-0.007956512201626872,0.008872818375783421,,341.79
48.58,-0.009575975463395111,-0.008126512201626876,0.008612818375783439,,341.79
48.584,-0.009835975463395121,-0.008206512201626872,0.008442818375783435,,341.79
48.588,-0.009835975463395121,-0.008206512201626872,0.008102818375783428,,341.79
48.592,-0.009835975463395121,-0.008296512201626879,0.007762818375783448,,341.79
48.596,-0.009925975463395128,-0.008466512201626883,0.007592818375783445,,341.79
48.6,-0.010175975463395128,-0.008716512201626883,0.007252818375783438,,341.79
48.604,-0.010345975463395132,-0.008976512201626893,0.006992818375783427,,341.79
48.608,-0.010345975463395132,-0.009316512201626872,0.006902818375783448,,341.79
48.612,-0.010265975463395107,-0.009406512201626879,0.0065628183757834415,,341.79
48.616,-0.010265975463395107,-0.009406512201626879,0.0062228183757834345,,341.79
48.62,-0.010265975463395107,-0.009576512201626882,0.006052818375783431,,341.79
48.624,-0.010265975463395107,-0.009746512201626886,0.0057928183757834486,,341.79
48.628,-0.010265975463395107,-0.009836512201626893,0.005542818375783448,,341.79
48.632,-0.010345975463395132,-0.009836512201626893,0.005192818375783431,,341.79
48.636,-0.01043597546339511,-0.00991651220162689,0.004942818375783431,,341.79
48.64,-0.010265975463395107,-0.010086512201626893,0.004852818375783452,,341.79
48.644,-0.010265975463395107,-0.010176512201626872,0.004512818375783445,,341.79
48.648,-0.010265975463395107,-0.010426512201626872,0.004002818375783435,,341.79
48.652,-0.010095975463395131,-0.010426512201626872,0.0036628183757834282,,341.79
48.656,-0.009745975463395114,-0.010516512201626879,0.0034028183757834458,,341.79
48.66,-0.009665975463395118,-0.010596512201626876,0.0028928183757834353,,341.79
48.664,-0.009835975463395121,-0.010516512201626879,0.0028028183757834286,,341.79
48.668,-0.009745975463395114,-0.010256512201626896,0.002722818375783432,,341.79
48.672,-0.009405975463395107,-0.010086512201626893,0.0024628183757834494,,341.79
48.676,-0.009155975463395107,-0.009836512201626893,0.0020328183757834357,,341.79
48.68,-0.008985975463395132,-0.009746512201626886,0.0016928183757834287,,341.79
48.684,-0.008725975463395121,-0.00965651220162688,0.0014328183757834462,,341.79
48.688,-0.008465975463395111,-0.009746512201626886,0.0010928183757834393,,341.79
48.692,-0.008295975463395108,-0.00965651220162688,0.0008428183757834389,,341.79
48.696,-0.008295975463395108,-0.009406512201626879,0.0006728183757834355,,341.79
48.7,-0.008045975463395107,-0.009316512201626872,0.00032281837578344624,,341.79
48.704,-0.007955975463395128,-0.009146512201626896,7.281837578344605e-05,,341.79
48.708,-0.007615975463395121,-0.008976512201626893,-9.718162421655743e-05,,341.79
48.712,-0.007695975463395118,-0.009066512201626872,-0.0004371816242165644,,341.79
48.716,-0.007445975463395118,-0.008896512201626896,-0.0007871816242165536,,341.79
48.72,-0.007105975463395111,-0.008636512201626886,-0.0011271816242165605,,341.79
48.724,-0.0068459754633951285,-0.008376512201626876,-0.00172718162421655,,341.79
48.728,-0.0065059754633951215,-0.008126512201626876,-0.00197718162421655,,341.79
48.732,-0.006245975463395111,-0.007956512201626872,-0.0022371816242165604,,341.79
48.736,-0.006075975463395108,-0.007866512201626893,-0.0025771816242165673,,341.79
48.74,-0.005735975463395129,-0.008036512201626897,-0.00283718162421655,,341.79
48.744,-0.005395975463395122,-0.007776512201626886,-0.0030071816242165533,,341.79
48.748,-0.005225975463395118,-0.007606512201626883,-0.0033471816242165602,,341.79
48.752,-0.004625975463395129,-0.007266512201626876,-0.003687181624216567,,341.79
48.756,-0.004195975463395115,-0.007016512201626876,-0.003777181624216574,,341.79
48.76,-0.003935975463395133,-0.006756512201626893,-0.00394718162421655,,341.79
48.764,-0.003595975463395125,-0.006496512201626883,-0.004287181624216557,,341.79
48.768,-0.0034259754633951217,-0.006416512201626886,-0.004547181624216567,,341.79
48.772,-0.003255975463395118,-0.006076512201626879,-0.004717181624216571,,341.79
48.776,-0.0028259754633951323,-0.00572651220162689,-0.004967181624216571,,341.79
48.78,-0.0024059754633951286,-0.005556512201626887,-0.00505718162421655,,341.79
48.784,-0.0021459754633951183,-0.005136512201626883,-0.005397181624216557,,341.79
48.788,-0.001975975463395115,-0.00461651220162689,-0.005737181624216564,,341.79
48.792,-0.001635975463395108,-0.004446512201626887,-0.005907181624216567,,341.79
48.796,-0.0012859754633951187,-0.004016512201626873,-0.00616718162421655,,341.79
48.8,-0.0008659754633951151,-0.0037665122016268724,-0.006257181624216557,,341.79
48.804,-0.0006059754633951326,-0.00350651220162689,-0.0065971816242165636,,341.79
48.808,-0.0002659754633951256,-0.003166512201626883,-0.0069371816242165705,,341.79
48.812,7.402453660488135e-05,-0.002736512201626897,-0.007107181624216574,,341.79
48.816,0.0004140245366048883,-0.0023165122016268933,-0.0073671816242165565,,341.79
48.82,0.0008440245366048742,-0.00213651220162688,-0.007447181624216553,,341.79
48.824,0.0011840245366048813,-0.0019665122016268763,-0.00753718162421656,,341.79
48.828,0.0016140245366048672,-0.0015465122016268726,-0.007877181624216566,,341.79
48.832,0.001954024536604874,-0.0011165122016268867,-0.007957181624216563,,341.79
48.836,0.0022140245366048844,-0.0006865122016268731,-0.007957181624216563,,341.79
48.84,0.0025540245366048914,-0.00025651220162688714,-0.008217181624216573,,341.79
48.844,0.002814024536604874,0.00016348779837311656,-0.008307181624216552,,341.79
48.848,0.0032340245366048776,0.0005934877983731025,-0.008387181624216549,,341.79
48.852,0.0036640245366048913,0.000763487798373106,-0.008387181624216549,,341.79
48.856,0.00400402453660487,0.0010234877983731163,-0.008387181624216549,,341.79
48.86,0.004094024536604877,0.0013634877983731233,-0.008557181624216552,,341.79
48.864,0.004344024536604877,0.0017934877983731092,-0.008557181624216552,,341.79
48.868,0.004604024536604887,0.002213487798373113,-0.008647181624216559,,341.79
48.872,0.004944024536604894,0.0026434877983731266,-0.008817181624216562,,341.79
48.876,0.005204024536604877,0.002983487798373106,-0.009077181624216573,,341.79
48.88,0.00537402453660488,0.0034134877983731196,-0.009077181624216573,,341.79
48.884,0.005714024536604887,0.0036734877983731298,-0.008987181624216566,,341.79
48.888,0.00622402453660487,0.003583487798373123,-0.009077181624216573,,341.79
48.892,0.006574024536604887,0.003923487798373102,-0.00915718162421657,,341.79
48.896,0.00674402453660489,0.004263487798373109,-0.009417181624216552,,341.79
48.9,0.0069940245366048905,0.004613487798373126,-0.009497181624216549,,341.79
48.904,0.007254024536604873,0.004863487798373126,-0.009587181624216555,,341.79
48.908,0.007514024536604883,0.005123487798373108,-0.009497181624216549,,341.79
48.912,0.007764024536604883,0.005553487798373122,-0.009497181624216549,,341.79
48.916,0.007934024536604887,0.005973487798373126,-0.009497181624216549,,341.79
48.92,0.00819402453660487,0.006063487798373105,-0.009587181624216555,,341.79
48.924,0.008284024536604904,0.006663487798373122,-0.009587181624216555,,341.79
48.928,0.008534024536604876,0.007083487798373126,-0.009497181624216549,,341.79
48.932,0.008624024536604855,0.007253487798373129,-0.009417181624216552,,341.79
48.936,0.008874024536604883,0.007433487798373115,-0.00915718162421657,,341.79
48.94,0.008964024536604862,0.007603487798373118,-0.00915718162421657,,341.79
48.944,0.009134024536604866,0.007853487798373119,-0.00915718162421657,,341.79
48.948,0.009394024536604904,0.007943487798373125,-0.00915718162421657,,341.79
48.952,0.009394024536604904,0.008023487798373122,-0.009077181624216573,,341.79
48.956,0.009394024536604904,0.008283487798373105,-0.008817181624216562,,341.79
48.96,0.009564024536604907,0.008543487798373143,-0.008727181624216556,,341.79
48.964,0.00981402453660488,0.008793487798373115,-0.008477181624216555,,341.79
48.968,0.009984024536604883,0.009053487798373097,-0.00804718162421657,,341.79
48.972,0.010164024536604897,0.009133487798373122,-0.007877181624216566,,341.79
48.976,0.010244024536604866,0.009133487798373122,-0.00778718162421656,,341.79
48.98,0.010244024536604866,0.009133487798373122,-0.00753718162421656,,341.79
48.984,0.010244024536604866,0.009053487798373097,-0.0073671816242165565,,341.79
48.988,0.010244024536604866,0.009313487798373135,-0.007107181624216574,,341.79
48.992,0.010244024536604866,0.009653487798373142,-0.007017181624216567,,341.79
48.996,0.010164024536604897,0.009563487798373108,-0.006767181624216567,,341.79
49.0,0.010244024536604866,0.009563487798373108,-0.006507181624216557,,341.79
49.004,0.010244024536604866,0.009563487798373108,-0.006337181624216553,,341.79
49.008,0.010244024536604866,0.009563487798373108,-0.006257181624216557,,341.79
49.012,0.010244024536604866,0.009653487798373142,-0.005827181624216571,,341.79
49.016,0.010244024536604866,0.00982348779837309,-0.005487181624216564,,341.79
49.02,0.010164024536604897,0.009903487798373115,-0.005397181624216557,,341.79
49.024,0.009984024536604883,0.009993487798373094,-0.005397181624216557,,341.79
49.028,0.009904024536604859,0.009993487798373094,-0.004967181624216571,,341.79
49.032,0.00981402453660488,0.009993487798373094,-0.004627181624216564,,341.79
49.036,0.00981402453660488,0.009993487798373094,-0.0044571816242165605,,341.79
49.04,0.009734024536604855,0.009993487798373094,-0.00419718162421655,,341.79
49.044,0.009394024536604904,0.009903487798373115,-0.00394718162421655,,341.79
49.048,0.009044024536604887,0.00982348779837309,-0.003687181624216567,,341.79
49.052,0.008964024536604862,0.009563487798373108,-0.0033471816242165602,,341.79
49.056,0.008964024536604862,0.009563487798373108,-0.00308718162421655,,341.79
49.06,0.008794024536604859,0.009563487798373108,-0.0029171816242165743,,341.79
49.064,0.008624024536604855,0.009563487798373108,-0.0024971816242165706,,341.79
49.068,0.008364024536604873,0.009483487798373139,-0.0018971816242165534,,341.79
49.072,0.00810402453660489,0.009223487798373101,-0.001637181624216571,,341.79
49.076,0.00785402453660489,0.009223487798373101,-0.0014671816242165675,,341.79
49.08,0.00785402453660489,0.009223487798373101,-0.0009571816242165571,,341.79
49.084,0.00785402453660489,0.009133487798373122,-0.0007871816242165536,,341.79
49.088,0.007684024536604887,0.008883487798373094,-0.0006971816242165746,,341.79
49.092,0.00734402453660488,0.008623487798373112,-9.718162421655743e-05,,341.79
49.096,0.0070840245366048694,0.008283487798373105,0.00032281837578344624,,341.79
49.1,0.006914024536604894,0.008193487798373126,0.0006728183757834355,,341.79
49.104,0.00648402453660488,0.007943487798373125,0.0009228183757834357,,341.79
49.108,0.006144024536604873,0.007853487798373119,0.0012628183757834427,,341.79
49.112,0.006054024536604894,0.007603487798373118,0.0015228183757834252,,341.79
49.116,0.005804024536604894,0.007513487798373112,0.0020328183757834357,,341.79
49.12,0.005464024536604887,0.007173487798373105,0.0023728183757834426,,341.79
49.124,0.005204024536604877,0.006913487798373122,0.0023728183757834426,,341.79
49.128,0.00486402453660487,0.006573487798373115,0.0024628183757834494,,341.79
49.132,0.0045240245366048905,0.0064934877983731185,0.002722818375783432,,341.79
49.136,0.00426402453660488,0.006573487798373115,0.0031428183757834355,,341.79
49.14,0.00400402453660487,0.006233487798373108,0.0034928183757834525,,341.79
49.144,0.0036640245366048913,0.005893487798373129,0.003742818375783425,,341.79
49.148,0.0033240245366048843,0.005803487798373122,0.0040828183757834315,,341.79
49.152,0.0028940245366048706,0.005463487798373115,0.004512818375783445,,341.79
49.156,0.002384024536604888,0.005203487798373105,0.004772818375783428,,341.79
49.16,0.002044024536604881,0.0050334877983731294,0.004852818375783452,,341.79
49.164,0.001954024536604874,0.0046934877983731225,0.005282818375783438,,341.79
49.168,0.0016140245366048672,0.0043534877983731155,0.005622818375783445,,341.79
49.172,0.001274024536604888,0.004093487798373105,0.0057928183757834486,,341.79
49.176,0.000934024536604881,0.0037534877983731265,0.005962818375783452,,341.79
49.18,0.0006740245366048707,0.003323487798373113,0.006312818375783441,,341.79
49.184,0.0003340245366048916,0.002983487798373106,0.006902818375783448,,341.79
49.188,-5.975463395115394e-06,0.002903487798373109,0.007162818375783431,,341.79
49.192,-0.0002659754633951256,0.002473487798373123,0.007332818375783434,,341.79
49.196,-0.0005259754633951081,0.0019634877983731127,0.007592818375783445,,341.79
49.2,-0.0008659754633951151,0.0017034877983731025,0.007592818375783445,,341.79
49.204,-0.0011159754633951152,0.0013634877983731233,0.007672818375783441,,341.79
49.208,-0.0012859754633951187,0.001103487798373113,0.008102818375783428,,341.79
49.212,-0.001545975463395129,0.0010234877983731163,0.008442818375783435,,341.79
49.216,-0.0017159754633951324,0.0008534877983731127,0.008612818375783439,,341.79
49.22,-0.0020559754633951116,0.0005034877983731235,0.008872818375783421,,341.79
49.224,-0.002315975463395122,0.0002534877983731233,0.009042818375783425,,341.79
49.228,-0.002575975463395132,8.348779837311982e-05,0.009302818375783463,,341.79
49.232,-0.0031659754633951115,-0.00025651220162688714,0.009302818375783463,,341.79
49.236,-0.0035159754633951284,-0.0006065122016268764,0.009382818375783432,,341.79
49.24,-0.0035159754633951284,-0.0007765122016268798,0.009552818375783435,,341.79
49.244,-0.0037659754633951287,-0.0011965122016268834,0.009812818375783417,,341.79
49.248,-0.0040259754633951116,-0.0017165122016268761,0.009812818375783417,,341.79
49.252,-0.004195975463395115,-0.0019665122016268763,0.009812818375783417,,341.79
49.256,-0.004535975463395122,-0.00239651220162689,0.009892818375783442,,341.79
49.26,-0.004795975463395132,-0.0025665122016268935,0.010072818375783455,,341.79
49.264,-0.0050459754633951324,-0.002826512201626876,0.010072818375783455,,341.79
49.268,-0.005395975463395122,-0.003166512201626883,0.010072818375783455,,341.79
49.272,-0.005645975463395122,-0.00350651220162689,0.010152818375783424,,341.79
49.276,-0.005815975463395125,-0.00350651220162689,0.010072818375783455,,341.79
49.28,-0.006075975463395108,-0.0035965122016268967,0.010152818375783424,,341.79
49.284,-0.006335975463395118,-0.004016512201626873,0.010152818375783424,,341.79
49.288,-0.0068459754633951285,-0.00436651220162689,0.010152818375783424,,341.79
49.292,-0.007105975463395111,-0.0045365122016268935,0.010152818375783424,,341.79
49.296,-0.007355975463395111,-0.004876512201626873,0.010072818375783455,,341.79
49.3,-0.007445975463395118,-0.005136512201626883,0.010152818375783424,,341.79
49.304,-0.007865975463395122,-0.005306512201626886,0.010072818375783455,,341.79
49.308,-0.00821597546339511,-0.005646512201626893,0.009892818375783442,,341.79
49.312,-0.00821597546339511,-0.005896512201626894,0.009892818375783442,,341.79
49.316,-0.00821597546339511,-0.006076512201626879,0.009812818375783417,,341.79
49.32,-0.008295975463395108,-0.006416512201626886,0.009642818375783414,,341.79
49.324,-0.008555975463395118,-0.006756512201626893,0.009382818375783432,,341.79
49.328,-0.008725975463395121,-0.006926512201626897,0.009212818375783428,,341.79
49.332,-0.008985975463395132,-0.007266512201626876,0.009042818375783425,,341.79
49.336,-0.009065975463395128,-0.007776512201626886,0.009212818375783428,,341.79
49.34,-0.00932597546339511,-0.008126512201626876,0.008952818375783446,,341.79
49.344,-0.009495975463395114,-0.008206512201626872,0.008702818375783418,,341.79
49.348,-0.009575975463395111,-0.008376512201626876,0.008442818375783435,,341.79
49.352,-0.009835975463395121,-0.00854651220162688,0.008192818375783463,,341.79
49.356,-0.009925975463395128,-0.00880651220162689,0.008102818375783428,,341.79
49.36,-0.009925975463395128,-0.00880651220162689,0.007762818375783448,,341.79
49.364,-0.009925975463395128,-0.008896512201626896,0.007422818375783441,,341.79
49.368,-0.010175975463395128,-0.008896512201626896,0.007252818375783438,,341.79
49.372,-0.010175975463395128,-0.009066512201626872,0.006992818375783427,,341.79
49.376,-0.010265975463395107,-0.009316512201626872,0.006902818375783448,,341.79
49.38,-0.010345975463395132,-0.009316512201626872,0.0065628183757834415,,341.79
49.384,-0.010345975463395132,-0.009406512201626879,0.0062228183757834345,,341.79
49.388,-0.010265975463395107,-0.009576512201626882,0.005962818375783452,,341.79
49.392,-0.010265975463395107,-0.00965651220162688,0.005622818375783445,,341.79
49.396,-0.010265975463395107,-0.009746512201626886,0.005372818375783445,,341.79
49.4,-0.010265975463395107,-0.009746512201626886,0.005112818375783435,,341.79
49.404,-0.010265975463395107,-0.009836512201626893,0.004772818375783428,,341.79
49.408,-0.010265975463395107,-0.010086512201626893,0.0044328183757834485,,341.79
49.412,-0.010265975463395107,-0.010256512201626896,0.004172818375783438,,341.79
49.416,-0.010345975463395132,-0.010516512201626879,0.003912818375783428,,341.79
49.42,-0.010175975463395128,-0.010516512201626879,0.0035728183757834492,,341.79
49.424,-0.009925975463395128,-0.010516512201626879,0.0032328183757834423,,341.79
49.428,-0.009665975463395118,-0.010516512201626879,0.0028028183757834286,,341.79
49.432,-0.00932597546339511,-0.010176512201626872,0.0024628183757834494,,341.79
49.436,-0.009065975463395128,-0.009836512201626893,0.002292818375783446,,341.79
49.44,-0.008895975463395125,-0.00965651220162688,0.0020328183757834357,,341.79
49.444,-0.008725975463395121,-0.00965651220162688,0.001952818375783439,,341.79
49.448,-0.008555975463395118,-0.009746512201626886,0.0015228183757834252,,341.79
49.452,-0.008465975463395111,-0.009746512201626886,0.001182818375783446,,341.79
49.456,-0.00821597546339511,-0.00965651220162688,0.0010928183757834393,,341.79
49.46,-0.008125975463395132,-0.009406512201626879,0.0007528183757834322,,341.79
49.464,-0.007865975463395122,-0.009316512201626872,0.00032281837578344624,,341.79
49.468,-0.007615975463395121,-0.009236512201626875,-1.7181624216560694e-05,,341.79
49.472,-0.007525975463395115,-0.008976512201626893,-0.00018718162421656418,,341.79
49.476,-0.007695975463395118,-0.008976512201626893,-0.0005271816242165712,,341.79
49.48,-0.007525975463395115,-0.008896512201626896,-0.0006971816242165746,,341.79
49.484,-0.007355975463395111,-0.008636512201626886,-0.0009571816242165571,,341.79
49.488,-0.007015975463395132,-0.00854651220162688,-0.0014671816242165675,,341.79
49.492,-0.006755975463395122,-0.008376512201626876,-0.00197718162421655,,341.79
49.496,-0.0065059754633951215,-0.008206512201626872,-0.0022371816242165604,,341.79
49.5,-0.006075975463395108,-0.008126512201626876,-0.0025771816242165673,,341.79
49.504,-0.005735975463395129,-0.007866512201626893,-0.00283718162421655,,341.79
49.508,-0.005565975463395125,-0.007776512201626886,-0.0030071816242165533,,341.79
49.512,-0.005305975463395115,-0.007606512201626883,-0.0033471816242165602,,341.79
49.516,-0.0050459754633951324,-0.007356512201626883,-0.0035171816242165637,,341.79
49.52,-0.0047059754633951255,-0.007186512201626879,-0.0035171816242165637,,341.79
49.524,-0.004105975463395108,-0.006926512201626897,-0.0038571816242165707,,341.79
49.528,-0.0037659754633951287,-0.00683651220162689,-0.00419718162421655,,341.79
49.532,-0.003595975463395125,-0.006496512201626883,-0.0044571816242165605,,341.79
49.536,-0.003255975463395118,-0.006156512201626876,-0.004717181624216571,,341.79
49.54,-0.0029159754633951112,-0.005986512201626873,-0.004967181624216571,,341.79
49.544,-0.0026559754633951288,-0.005646512201626893,-0.00505718162421655,,341.79
49.548,-0.0024859754633951253,-0.00521651220162688,-0.005397181624216557,,341.79
49.552,-0.0021459754633951183,-0.004786512201626894,-0.005657181624216567,,341.79
49.556,-0.0017159754633951324,-0.00436651220162689,-0.005907181624216567,,341.79
49.56,-0.0014659754633951322,-0.00410651220162688,-0.00616718162421655,,341.79
49.564,-0.0011159754633951152,-0.004016512201626873,-0.006257181624216557,,341.79
49.568,-0.0007759754633951083,-0.0035965122016268967,-0.0065971816242165636,,341.79
49.572,-0.0004359754633951291,-0.003166512201626883,-0.0069371816242165705,,341.79
49.576,7.402453660488135e-05,-0.0029065122016268727,-0.007107181624216574,,341.79
49.58,0.0004140245366048883,-0.0026565122016268725,-0.0073671816242165565,,341.79
49.584,0.000594024536604874,-0.0023165122016268933,-0.0073671816242165565,,341.79
49.588,0.000934024536604881,-0.0019665122016268763,-0.007447181624216553,,341.79
49.592,0.001274024536604888,-0.0015465122016268726,-0.007617181624216557,,341.79
49.596,0.001704024536604874,-0.0011165122016268867,-0.007877181624216566,,341.79
49.6,0.001954024536604874,-0.0008565122016268766,-0.007957181624216563,,341.79
49.604,0.0024640245366048846,-0.0006865122016268731,-0.008217181624216573,,341.79
49.608,0.0028940245366048706,-0.0003465122016268939,-0.008217181624216573,,341.79
49.612,0.003154024536604881,-6.512201626886914e-06,-0.008307181624216552,,341.79
49.616,0.003404024536604881,0.0004234877983731268,-0.008557181624216552,,341.79
49.62,0.0037540245366048702,0.0008534877983731127,-0.008727181624216556,,341.79
49.624,0.00400402453660487,0.0013634877983731233,-0.008817181624216562,,341.79
49.628,0.0045240245366048905,0.0017934877983731092,-0.008817181624216562,,341.79
49.632,0.004774024536604891,0.002213487798373113,-0.008727181624216556,,341.79
49.636,0.004774024536604891,0.00255348779837312,-0.008727181624216556,,341.79
49.64,0.005034024536604873,0.0026434877983731266,-0.008987181624216566,,341.79
49.644,0.00537402453660488,0.002903487798373109,-0.009077181624216573,,341.79
49.648,0.005714024536604887,0.0030734877983731126,-0.00915718162421657,,341.79
49.652,0.005884024536604891,0.0034134877983731196,-0.009417181624216552,,341.79
49.656,0.006144024536604873,0.0038434877983731055,-0.009497181624216549,,341.79
49.66,0.006574024536604887,0.0040134877983731086,-0.009587181624216555,,341.79
49.664,0.006914024536604894,0.004183487798373112,-0.009587181624216555,,341.79
49.668,0.007164024536604894,0.004613487798373126,-0.009497181624216549,,341.79
49.672,0.007424024536604876,0.0050334877983731294,-0.009497181624216549,,341.79
49.676,0.007514024536604883,0.005373487798373109,-0.009587181624216555,,341.79
49.68,0.007764024536604883,0.005803487798373122,-0.009497181624216549,,341.79
49.684,0.00810402453660489,0.006233487798373108,-0.009497181624216549,,341.79
49.688,0.008364024536604873,0.0064934877983731185,-0.009497181624216549,,341.79
49.692,0.008624024536604855,0.006663487798373122,-0.009417181624216552,,341.79
49.696,0.00870402453660488,0.007003487798373129,-0.00915718162421657,,341.79
49.7,0.008874024536604883,0.007253487798373129,-0.00915718162421657,,341.79
49.704,0.008964024536604862,0.007343487798373108,-0.00915718162421657,,341.79
49.708,0.009134024536604866,0.007853487798373119,-0.00915718162421657,,341.79
49.712,0.009394024536604904,0.008023487798373122,-0.009077181624216573,,341.79
49.716,0.009394024536604904,0.008283487798373105,-0.008727181624216556,,341.79
49.72,0.009394024536604904,0.008373487798373139,-0.008477181624216555,,341.79
49.724,0.009564024536604907,0.008623487798373112,-0.008647181624216559,,341.79
49.728,0.00981402453660488,0.008793487798373115,-0.008477181624216555,,341.79
49.732,0.009904024536604859,0.009053487798373097,-0.008217181624216573,,341.79
49.736,0.010074024536604862,0.009133487798373122,-0.007877181624216566,,341.79
49.74,0.010164024536604897,0.009223487798373101,-0.0077071816242165634,,341.79
49.744,0.010244024536604866,0.009483487798373139,-0.00753718162421656,,341.79
49.748,0.010244024536604866,0.009483487798373139,-0.007447181624216553,,341.79
49.752,0.010244024536604866,0.009483487798373139,-0.007197181624216553,,341.79
49.756,0.010244024536604866,0.009483487798373139,-0.007017181624216567,,341.79
49.76,0.010244024536604866,0.009483487798373139,-0.006767181624216567,,341.79
49.764,0.010244024536604866,0.009483487798373139,-0.0065971816242165636,,341.79
49.768,0.010164024536604897,0.009483487798373139,-0.006337181624216553,,341.79
49.772,0.010164024536604897,0.009563487798373108,-0.006077181624216571,,341.79
49.776,0.010244024536604866,0.00982348779837309,-0.005737181624216564,,341.79
49.78,0.010244024536604866,0.009903487798373115,-0.00556718162421656,,341.79
49.784,0.010244024536604866,0.009993487798373094,-0.005487181624216564,,341.79
49.788,0.010164024536604897,0.009993487798373094,-0.00531718162421656,,341.79
49.792,0.009904024536604859,0.009993487798373094,-0.00505718162421655,,341.79
49.796,0.009904024536604859,0.009993487798373094,-0.004887181624216574,,341.79
49.8,0.00981402453660488,0.009993487798373094,-0.004547181624216567,,341.79
49.804,0.009734024536604855,0.009903487798373115,-0.004287181624216557,,341.79
49.808,0.009644024536604876,0.009993487798373094,-0.004117181624216554,,341.79
49.812,0.009134024536604866,0.010163487798373097,-0.003777181624216574,,341.79
49.816,0.009134024536604866,0.010073487798373118,-0.0035171816242165637,,341.79
49.82,0.008964024536604862,0.009993487798373094,-0.0032571816242165535,,341.79
49.824,0.00870402453660488,0.009733487798373111,-0.00283718162421655,,341.79
49.828,0.008624024536604855,0.009653487798373142,-0.002407181624216564,,341.79
49.832,0.008534024536604876,0.009733487798373111,-0.0021471816242165536,,341.79
49.836,0.008284024536604904,0.009483487798373139,-0.0018971816242165534,,341.79
49.84,0.00810402453660489,0.009223487798373101,-0.0013771816242165607,,341.79
49.844,0.00785402453660489,0.009223487798373101,-0.0012071816242165572,,341.79
49.848,0.007764024536604883,0.009053487798373097,-0.0008671816242165504,,341.79
49.852,0.007764024536604883,0.008793487798373115,-0.0005271816242165712,,341.79
49.856,0.00759402453660488,0.00871348779837309,-0.00018718162421656418,,341.79
49.86,0.007424024536604876,0.008623487798373112,-1.7181624216560694e-05,,341.79
49.864,0.0069940245366048905,0.008373487798373139,0.00032281837578344624,,341.79
49.868,0.0066540245366048835,0.008193487798373126,0.0008428183757834389,,341.79
49.872,0.00648402453660488,0.007943487798373125,0.0012628183757834427,,341.79
49.876,0.006144024536604873,0.007853487798373119,0.0015228183757834252,,341.79
49.88,0.005804024536604894,0.007433487798373115,0.001612818375783432,,341.79
49.884,0.00563402453660489,0.007083487798373126,0.001952818375783439,,341.79
49.888,0.005284024536604873,0.007003487798373129,0.002292818375783446,,341.79
49.892,0.005034024536604873,0.006743487798373119,0.0024628183757834494,,341.79
49.896,0.00486402453660487,0.006743487798373119,0.002632818375783425,,341.79
49.9,0.0045240245366048905,0.0064934877983731185,0.0028028183757834286,,341.79
49.904,0.0041740245366048735,0.006233487798373108,0.0032328183757834423,,341.79
49.908,0.0037540245366048702,0.006143487798373129,0.0036628183757834282,,341.79
49.912,0.003404024536604881,0.005803487798373122,0.004002818375783435,,341.79
49.916,0.003154024536604881,0.005553487798373122,0.004252818375783435,,341.79
49.92,0.002814024536604874,0.005373487798373109,0.004512818375783445,,341.79
49.924,0.0024640245366048846,0.0050334877983731294,0.004852818375783452,,341.79
49.928,0.0021240245366048777,0.004783487798373129,0.005112818375783435,,341.79
49.932,0.0017840245366048707,0.004523487798373119,0.005282818375783438,,341.79
49.936,0.0015240245366048883,0.004093487798373105,0.005622818375783445,,341.79
49.94,0.0011840245366048813,0.003923487798373102,0.005962818375783452,,341.79
49.944,0.0008440245366048742,0.0036734877983731298,0.006312818375783441,,341.79
49.948,0.000594024536604874,0.003323487798373113,0.006732818375783445,,341.79
49.952,0.0004140245366048883,0.002983487798373106,0.006902818375783448,,341.79
49.956,-5.975463395115394e-06,0.0026434877983731266,0.007162818375783431,,341.79
49.96,-0.00034597546339512234,0.002133487798373116,0.007332818375783434,,341.79
49.964,-0.0004359754633951291,0.0017034877983731025,0.007672818375783441,,341.79
49.968,-0.0006959754633951116,0.00144348779837312,0.007932818375783452,,341.79
49.972,-0.0011159754633951152,0.0012734877983731165,0.008192818375783463,,341.79
49.976,-0.0012859754633951187,0.0010234877983731163,0.008532818375783414,,341.79
49.98,-0.001545975463395129,0.0009334877983731095,0.008702818375783418,,341.79
49.984,-0.0018859754633951081,0.0006834877983731093,0.008782818375783442,,341.79
49.988,-0.0021459754633951183,0.0005034877983731235,0.008872818375783421,,341.79
49.992,-0.0026559754633951288,8.348779837311982e-05,0.008872818375783421,,341.79
49.996,-0.0031659754633951115,-0.00025651220162688714,0.008952818375783446,,341.79
50.0,-0.003255975463395118,-0.00043651220162687287,0.009212818375783428,,341.79
50.004,-0.0035159754633951284,-0.0007765122016268798,0.009382818375783432,,341.79
50.008,-0.003595975463395125,-0.00102651220162688,0.009552818375783435,,341.79
50.012,-0.0037659754633951287,-0.0012865122016268902,0.009812818375783417,,341.79
50.016,-0.0040259754633951116,-0.0019665122016268763,0.009892818375783442,,341.79
50.02,-0.004105975463395108,-0.0023165122016268933,0.009892818375783442,,341.79
50.024,-0.004455975463395125,-0.002486512201626897,0.009892818375783442,,341.79
50.028,-0.004875975463395129,-0.002826512201626876,0.010152818375783424,,341.79
50.032,-0.005225975463395118,-0.003076512201626876,0.010152818375783424,,341.79
50.036,-0.005475975463395118,-0.003166512201626883,0.010072818375783455,,341.79
50.04,-0.005735975463395129,-0.0035965122016268967,0.010152818375783424,,341.79
50.044,-0.005815975463395125,-0.003936512201626876,0.010152818375783424,,341.79
50.048,-0.006165975463395115,-0.003936512201626876,0.010152818375783424,,341.79
50.052,-0.0065059754633951215,-0.00410651220162688,0.010152818375783424,,341.79
50.056,-0.006925975463395125,-0.00436651220162689,0.010152818375783424,,341.79
50.06,-0.007185975463395108,-0.004446512201626887,0.010152818375783424,,341.79
50.064,-0.007445975463395118,-0.004786512201626894,0.010072818375783455,,341.79
50.068,-0.007695975463395118,-0.005136512201626883,0.009982818375783421,,341.79
50.072,-0.007865975463395122,-0.00547651220162689,0.009722818375783438,,341.79
50.076,-0.008125975463395132,-0.00572651220162689,0.009722818375783438,,341.79
50.08,-0.00821597546339511,-0.006156512201626876,0.009812818375783417,,341.79
50.084,-0.008295975463395108,-0.006416512201626886,0.009722818375783438,,341.79
50.088,-0.008295975463395108,-0.006496512201626883,0.009472818375783466,,341.79
50.092,-0.008555975463395118,-0.00683651220162689,0.009302818375783463,,341.79
50.096,-0.008635975463395115,-0.0070965122016268724,0.009042818375783425,,341.79
50.1,-0.008895975463395125,-0.007526512201626886,0.008872818375783421,,341.79
50.104,-0.009065975463395128,-0.007776512201626886,0.008872818375783421,,341.79
50.108,-0.00932597546339511,-0.008036512201626897,0.008872818375783421,,341.79
50.112,-0.009405975463395107,-0.008126512201626876,0.008702818375783418,,341.79
50.116,-0.009665975463395118,-0.008376512201626876,0.008532818375783414,,341.79
50.12,-0.009745975463395114,-0.008466512201626883,0.008102818375783428,,341.79
50.124,-0.009835975463395121,-0.00854651220162688,0.007762818375783448,,341.79
50.128,-0.009835975463395121,-0.00854651220162688,0.007672818375783441,,341.79
50.132,-0.009925975463395128,-0.008716512201626883,0.007252818375783438,,341.79
50.136,-0.010175975463395128,-0.008976512201626893,0.006902818375783448,,341.79
50.14,-0.010175975463395128,-0.009236512201626875,0.006732818375783445,,341.79
50.144,-0.010175975463395128,-0.009236512201626875,0.006392818375783438,,341.79
50.148,-0.010175975463395128,-0.009236512201626875,0.006132818375783428,,341.79
50.152,-0.010265975463395107,-0.009406512201626879,0.005962818375783452,,341.79
50.156,-0.010345975463395132,-0.00965651220162688,0.005712818375783452,,341.79
50.16,-0.010345975463395132,-0.009746512201626886,0.005542818375783448,,341.79
50.164,-0.010265975463395107,-0.009746512201626886,0.005192818375783431,,341.79
50.168,-0.010265975463395107,-0.009746512201626886,0.004772818375783428,,341.79
50.172,-0.010265975463395107,-0.010086512201626893,0.004512818375783445,,341.79
50.176,-0.010265975463395107,-0.010426512201626872,0.004342818375783442,,341.79
50.18,-0.010265975463395107,-0.010516512201626879,0.004002818375783435,,341.79
50.184,-0.010175975463395128,-0.010516512201626879,0.003742818375783425,,341.79
50.188,-0.009925975463395128,-0.010596512201626876,0.0034028183757834458,,341.79
50.192,-0.009745975463395114,-0.010516512201626879,0.0028928183757834353,,341.79
50.196,-0.009665975463395118,-0.010596512201626876,0.0023728183757834426,,341.79
50.2,-0.009405975463395107,-0.010426512201626872,0.0021228183757834424,,341.79
50.204,-0.009235975463395132,-0.010086512201626893,0.0021228183757834424,,341.79
50.208,-0.009235975463395132,-0.009836512201626893,0.0017828183757834354,,341.79
50.212,-0.008985975463395132,-0.009746512201626886,0.001612818375783432,,341.79
50.216,-0.008725975463395121,-0.009746512201626886,0.0015228183757834252,,341.79
50.22,-0.008555975463395118,-0.009746512201626886,0.0010928183757834393,,341.79
50.224,-0.008295975463395108,-0.00965651220162688,0.0006728183757834355,,341.79
50.228,-0.008125975463395132,-0.009406512201626879,0.00041281837578342523,,341.79
50.232,-0.007955975463395128,-0.009316512201626872,0.0001528183757834428,,341.79
50.236,-0.008045975463395107,-0.009406512201626879,-0.00018718162421656418,,341.79
50.24,-0.007785975463395125,-0.009236512201626875,-0.0004371816242165644,,341.79
50.244,-0.007445975463395118,-0.008976512201626893,-0.0006171816242165502,,341.79
50.248,-0.007185975463395108,-0.00880651220162689,-0.0009571816242165571,,341.79
50.252,-0.006925975463395125,-0.00854651220162688,-0.001297181624216564,,341.79
50.256,-0.0068459754633951285,-0.008376512201626876,-0.00172718162421655,,341.79
50.26,-0.0065059754633951215,-0.008126512201626876,-0.0021471816242165536,,341.79
50.264,-0.006245975463395111,-0.008036512201626897,-0.0024971816242165706,,341.79
50.268,-0.006165975463395115,-0.007956512201626872,-0.0025771816242165673,,341.79
50.272,-0.005735975463395129,-0.008036512201626897,-0.00283718162421655,,341.79
50.276,-0.005395975463395122,-0.007776512201626886,-0.0031771816242165568,,341.79
50.28,-0.005225975463395118,-0.007526512201626886,-0.0033471816242165602,,341.79
50.284,-0.004795975463395132,-0.007356512201626883,-0.003687181624216567,,341.79
50.288,-0.004285975463395122,-0.007266512201626876,-0.004027181624216575,,341.79
50.292,-0.0040259754633951116,-0.006926512201626897,-0.004117181624216554,,341.79
50.296,-0.003685975463395132,-0.00658651220162689,-0.00419718162421655,,341.79
50.3,-0.003345975463395125,-0.0063265122016268795,-0.0044571816242165605,,341.79
50.304,-0.003255975463395118,-0.005986512201626873,-0.004627181624216564,,341.79
50.308,-0.0029159754633951112,-0.005556512201626887,-0.004887181624216574,,341.79
50.312,-0.002575975463395132,-0.005306512201626886,-0.0052271816242165535,,341.79
50.316,-0.002315975463395122,-0.005136512201626883,-0.005397181624216557,,341.79
50.32,-0.001975975463395115,-0.004786512201626894,-0.005737181624216564,,341.79
50.324,-0.001635975463395108,-0.004446512201626887,-0.006077181624216571,,341.79
50.328,-0.0012859754633951187,-0.004016512201626873,-0.006337181624216553,,341.79
50.332,-0.0009459754633951118,-0.0037665122016268724,-0.0065971816242165636,,341.79
50.336,-0.0006959754633951116,-0.00350651220162689,-0.00667718162421656,,341.79
50.34,-0.00034597546339512234,-0.003166512201626883,-0.0069371816242165705,,341.79
50.344,-5.975463395115394e-06,-0.002826512201626876,-0.007107181624216574,,341.79
50.348,0.0004140245366048883,-0.00239651220162689,-0.0073671816242165565,,341.79
50.352,0.000934024536604881,-0.0019665122016268763,-0.0073671816242165565,,341.79
50.356,0.0013540245366048848,-0.0016265122016268971,-0.007447181624216553,,341.79
50.36,0.001704024536604874,-0.001376512201626897,-0.007617181624216557,,341.79
50.364,0.001954024536604874,-0.00102651220162688,-0.007877181624216566,,341.79
50.368,0.0021240245366048777,-0.0006865122016268731,-0.007877181624216566,,341.79
50.372,0.0024640245366048846,-0.00025651220162688714,-0.007957181624216563,,341.79
50.376,0.0028940245366048706,8.348779837311982e-05,-0.008307181624216552,,341.79
50.38,0.0032340245366048776,0.0005034877983731235,-0.008387181624216549,,341.79
50.384,0.0036640245366048913,0.0009334877983731095,-0.008557181624216552,,341.79
50.388,0.00400402453660487,0.0013634877983731233,-0.008727181624216556,,341.79
50.392,0.00426402453660488,0.0017034877983731025,-0.008817181624216562,,341.79
50.396,0.004604024536604887,0.001873487798373106,-0.008817181624216562,,341.79
50.4,0.004774024536604891,0.002133487798373116,-0.008817181624216562,,341.79
50.404,0.005034024536604873,0.00255348779837312,-0.008817181624216562,,341.79
50.408,0.00537402453660488,0.002983487798373106,-0.008817181624216562,,341.79
50.412,0.005714024536604887,0.0034134877983731196,-0.009077181624216573,,341.79
50.416,0.005884024536604891,0.0037534877983731265,-0.00915718162421657,,341.79
50.42,0.00622402453660487,0.0038434877983731055,-0.009417181624216552,,341.79
50.424,0.00648402453660488,0.003923487798373102,-0.009587181624216555,,341.79
50.428,0.006574024536604887,0.004263487798373109,-0.009587181624216555,,341.79
50.432,0.0069940245366048905,0.004613487798373126,-0.009497181624216549,,341.79
50.436,0.007424024536604876,0.0050334877983731294,-0.009497181624216549,,341.79
50.44,0.007514024536604883,0.005293487798373112,-0.009497181624216549,,341.79
50.444,0.007764024536604883,0.005553487798373122,-0.009587181624216555,,341.79
50.448,0.00810402453660489,0.005973487798373126,-0.009497181624216549,,341.79
50.452,0.008284024536604904,0.0064934877983731185,-0.009417181624216552,,341.79
50.456,0.008534024536604876,0.006663487798373122,-0.00915718162421657,,341.79
50.46,0.00870402453660488,0.006743487798373119,-0.00915718162421657,,341.79
50.464,0.008964024536604862,0.007003487798373129,-0.00915718162421657,,341.79
50.468,0.008964024536604862,0.007343487798373108,-0.00915718162421657,,341.79
50.472,0.009134024536604866,0.007683487798373115,-0.00915718162421657,,341.79
50.476,0.009394024536604904,0.007683487798373115,-0.008987181624216566,,341.79
50.48,0.009394024536604904,0.007943487798373125,-0.008647181624216559,,341.79
50.484,0.009394024536604904,0.008023487798373122,-0.008477181624216555,,341.79
50.488,0.009474024536604873,0.008543487798373143,-0.008647181624216559,,341.79
50.492,0.009734024536604855,0.008623487798373112,-0.008647181624216559,,341.79
50.496,0.00981402453660488,0.00871348779837309,-0.008477181624216555,,341.79
50.5,0.009904024536604859,0.008963487798373119,-0.008217181624216573,,341.79
50.504,0.00981402453660488,0.009133487798373122,-0.00778718162421656,,341.79
50.508,0.00981402453660488,0.009223487798373101,-0.00753718162421656,,341.79
50.512,0.009904024536604859,0.009393487798373104,-0.00753718162421656,,341.79
50.516,0.010164024536604897,0.009313487798373135,-0.0073671816242165565,,341.79
50.52,0.010244024536604866,0.009483487798373139,-0.007107181624216574,,341.79
50.524,0.010244024536604866,0.009483487798373139,-0.007017181624216567,,341.79
50.528,0.010244024536604866,0.009563487798373108,-0.00667718162421656,,341.79
50.532,0.010244024536604866,0.009653487798373142,-0.006337181624216553,,341.79
50.536,0.010244024536604866,0.009653487798373142,-0.006077181624216571,,341.79
50.54,0.010244024536604866,0.009653487798373142,-0.005827181624216571,,341.79
50.544,0.010164024536604897,0.009903487798373115,-0.005657181624216567,,341.79
50.548,0.010164024536604897,0.009903487798373115,-0.00556718162421656,,341.79
50.552,0.010164024536604897,0.009993487798373094,-0.005487181624216564,,341.79
50.556,0.009904024536604859,0.009993487798373094,-0.00531718162421656,,341.79
50.56,0.009904024536604859,0.009903487798373115,-0.004967181624216571,,341.79
50.564,0.009904024536604859,0.009903487798373115,-0.004717181624216571,,341.79
50.568,0.00981402453660488,0.009993487798373094,-0.004547181624216567,,341.79
50.572,0.009734024536604855,0.009993487798373094,-0.004117181624216554,,341.79
50.576,0.009394024536604904,0.010163487798373097,-0.003777181624216574,,341.79
50.58,0.009044024536604887,0.010073487798373118,-0.003687181624216567,,341.79
50.584,0.009044024536604887,0.010073487798373118,-0.003437181624216567,,341.79
50.588,0.008964024536604862,0.009993487798373094,-0.00308718162421655,,341.79
50.592,0.00870402453660488,0.00982348779837309,-0.0029171816242165743,,341.79
50.596,0.008454024536604907,0.009563487798373108,-0.0024971816242165706,,341.79
50.6,0.00819402453660487,0.009483487798373139,-0.002067181624216557,,341.79
50.604,0.008024024536604894,0.009223487798373101,-0.0018971816242165534,,341.79
50.608,0.007934024536604887,0.009133487798373122,-0.001297181624216564,,341.79
50.612,0.00810402453660489,0.009053487798373097,-0.0010371816242165537,,341.79
50.616,0.00785402453660489,0.009053487798373097,-0.0008671816242165504,,341.79
50.62,0.007514024536604883,0.008793487798373115,-0.0006171816242165502,,341.79
50.624,0.007254024536604873,0.008623487798373112,-0.00026718162421656094,,341.79
50.628,0.0069940245366048905,0.008373487798373139,0.00024281837578344953,,341.79
50.632,0.006914024536604894,0.008283487798373105,0.0005828183757834287,,341.79
50.636,0.0066540245366048835,0.008023487798373122,0.0008428183757834389,,341.79
50.64,0.0063140245366048765,0.007853487798373119,0.001182818375783446,,341.79
50.644,0.006144024536604873,0.007603487798373118,0.001612818375783432,,341.79
50.648,0.005804024536604894,0.007343487798373108,0.001952818375783439,,341.79
50.652,0.005464024536604887,0.007083487798373126,0.002202818375783439,,341.79
50.656,0.005204024536604877,0.007003487798373129,0.002292818375783446,,341.79
50.66,0.00486402453660487,0.006663487798373122,0.0024628183757834494,,341.79
50.664,0.0045240245366048905,0.0064934877983731185,0.0028028183757834286,,341.79
50.668,0.00426402453660488,0.006573487798373115,0.0031428183757834355,,341.79
50.672,0.00400402453660487,0.006233487798373108,0.0034928183757834525,,341.79
50.676,0.0036640245366048913,0.006063487798373105,0.003742818375783425,,341.79
50.68,0.0033240245366048843,0.005723487798373126,0.0040828183757834315,,341.79
50.684,0.0029840245366048773,0.005373487798373109,0.0044328183757834485,,341.79
50.688,0.0026440245366048704,0.005123487798373108,0.004682818375783449,,341.79
50.692,0.002384024536604888,0.004953487798373105,0.004942818375783431,,341.79
50.696,0.002044024536604881,0.0046934877983731225,0.005282818375783438,,341.79
50.7,0.0016140245366048672,0.0043534877983731155,0.005542818375783448,,341.79
50.704,0.001274024536604888,0.004093487798373105,0.005712818375783452,,341.79
50.708,0.000934024536604881,0.0037534877983731265,0.006132818375783428,,341.79
50.712,0.0006740245366048707,0.0034134877983731196,0.0065628183757834415,,341.79
50.716,0.0003340245366048916,0.0031534877983731093,0.006902818375783448,,341.79
50.72,7.402453660488135e-05,0.002903487798373109,0.007162818375783431,,341.79
50.724,-5.975463395115394e-06,0.0023834877983731164,0.007422818375783441,,341.79
50.728,-0.00034597546339512234,0.001873487798373106,0.007672818375783441,,341.79
50.732,-0.0006959754633951116,0.0016134877983731235,0.007762818375783448,,341.79
50.736,-0.0008659754633951151,0.0012734877983731165,0.007932818375783452,,341.79
50.74,-0.001205975463395122,0.001103487798373113,0.008192818375783463,,341.79
50.744,-0.0014659754633951322,0.0011934877983731198,0.008532818375783414,,341.79
50.748,-0.0017159754633951324,0.0009334877983731095,0.008872818375783421,,341.79
50.752,-0.0020559754633951116,0.0004234877983731268,0.008952818375783446,,341.79
50.756,-0.0024059754633951286,8.348779837311982e-05,0.009212818375783428,,341.79
50.76,-0.0026559754633951288,-8.651220162688366e-05,0.009382818375783432,,341.79
50.764,-0.0030859754633951147,-0.00043651220162687287,0.009472818375783466,,341.79
50.768,-0.003345975463395125,-0.0006865122016268731,0.009472818375783466,,341.79
50.772,-0.0034259754633951217,-0.0007765122016268798,0.009472818375783466,,341.79
50.776,-0.0037659754633951287,-0.0011965122016268834,0.009642818375783414,,341.79
50.78,-0.0040259754633951116,-0.0016265122016268971,0.009812818375783417,,341.79
50.784,-0.004195975463395115,-0.0017165122016268761,0.009892818375783442,,341.79
50.788,-0.004535975463395122,-0.0023165122016268933,0.010152818375783424,,341.79
50.792,-0.004795975463395132,-0.0026565122016268725,0.010152818375783424,,341.79
50.796,-0.004965975463395108,-0.002826512201626876,0.010152818375783424,,341.79
50.8,-0.005225975463395118,-0.003166512201626883,0.010152818375783424,,341.79
50.804,-0.005395975463395122,-0.00350651220162689,0.010152818375783424,,341.79
50.808,-0.005735975463395129,-0.00350651220162689,0.010152818375783424,,341.79
50.812,-0.005985975463395129,-0.0036765122016268934,0.010152818375783424,,341.79
50.816,-0.006335975463395118,-0.004016512201626873,0.010152818375783424,,341.79
50.82,-0.0068459754633951285,-0.004276512201626883,0.010152818375783424,,341.79
50.824,-0.007015975463395132,-0.0045365122016268935,0.010152818375783424,,341.79
50.828,-0.0072759754633951144,-0.004876512201626873,0.010152818375783424,,341.79
50.832,-0.007355975463395111,-0.00521651220162688,0.010072818375783455,,341.79
50.836,-0.007615975463395121,-0.005556512201626887,0.010152818375783424,,341.79
50.84,-0.007695975463395118,-0.00572651220162689,0.010072818375783455,,341.79
50.844,-0.007865975463395122,-0.005986512201626873,0.009812818375783417,,341.79
50.848,-0.008125975463395132,-0.006076512201626879,0.009722818375783438,,341.79
50.852,-0.00821597546339511,-0.006416512201626886,0.009722818375783438,,341.79
50.856,-0.008465975463395111,-0.006756512201626893,0.009472818375783466,,341.79
50.86,-0.008635975463395115,-0.0070965122016268724,0.009302818375783463,,341.79
50.864,-0.008895975463395125,-0.007606512201626883,0.009132818375783459,,341.79
50.868,-0.009065975463395128,-0.007776512201626886,0.009132818375783459,,341.79
50.872,-0.00932597546339511,-0.008036512201626897,0.008952818375783446,,341.79
50.876,-0.009495975463395114,-0.008126512201626876,0.008872818375783421,,341.79
50.88,-0.009575975463395111,-0.008376512201626876,0.008702818375783418,,341.79
50.884,-0.009745975463395114,-0.00854651220162688,0.008532818375783414,,341.79
50.888,-0.009835975463395121,-0.00880651220162689,0.008102818375783428,,341.79
50.892,-0.009835975463395121,-0.008896512201626896,0.007762818375783448,,341.79
50.896,-0.010095975463395131,-0.008976512201626893,0.007672818375783441,,341.79
50.9,-0.010175975463395128,-0.009236512201626875,0.007252818375783438,,341.79
50.904,-0.010175975463395128,-0.009316512201626872,0.006902818375783448,,341.79
50.908,-0.010175975463395128,-0.009316512201626872,0.006732818375783445,,341.79
50.912,-0.010175975463395128,-0.009316512201626872,0.006392818375783438,,341.79
50.916,-0.010175975463395128,-0.009486512201626876,0.006132818375783428,,341.79
50.92,-0.010175975463395128,-0.009746512201626886,0.005962818375783452,,341.79
50.924,-0.010175975463395128,-0.009746512201626886,0.005622818375783445,,341.79
50.928,-0.010265975463395107,-0.009836512201626893,0.005282818375783438,,341.79
50.932,-0.010345975463395132,-0.009836512201626893,0.005022818375783428,,341.79
50.936,-0.010345975463395132,-0.009836512201626893,0.004852818375783452,,341.79
50.94,-0.010265975463395107,-0.010086512201626893,0.004512818375783445,,341.79
50.944,-0.010265975463395107,-0.010256512201626896,0.004172818375783438,,341.79
50.948,-0.010265975463395107,-0.010516512201626879,0.004002818375783435,,341.79
50.952,-0.010175975463395128,-0.010596512201626876,0.0036628183757834282,,341.79
50.956,-0.009925975463395128,-0.010516512201626879,0.0032328183757834423,,341.79
50.96,-0.009925975463395128,-0.010256512201626896,0.0028928183757834353,,341.79
50.964,-0.009665975463395118,-0.010176512201626872,0.002632818375783425,,341.79
50.968,-0.009155975463395107,-0.010006512201626896,0.002292818375783446,,341.79
50.972,-0.008985975463395132,-0.009746512201626886,0.0018628183757834322,,341.79
50.976,-0.008895975463395125,-0.009746512201626886,0.001612818375783432,,341.79
50.98,-0.008805975463395118,-0.009746512201626886,0.0014328183757834462,,341.79
50.984,-0.008635975463395115,-0.009746512201626886,0.0010928183757834393,,341.79
50.988,-0.008295975463395108,-0.009576512201626882,0.0008428183757834389,,341.79
50.992,-0.008125975463395132,-0.009406512201626879,0.0005828183757834287,,341.79
50.996,-0.007865975463395122,-0.009406512201626879,0.00024281837578344953,,341.79
51.0,-0.007785975463395125,-0.009316512201626872,-1.7181624216560694e-05,,341.79
51.004,-0.007615975463395121,-0.009316512201626872,-0.00018718162421656418,,341.79
51.008,-0.007615975463395121,-0.009066512201626872,-0.0004371816242165644,,341.79
51.012,-0.007355975463395111,-0.00880651220162689,-0.0008671816242165504,,341.79
51.016,-0.0072759754633951144,-0.00854651220162688,-0.0012071816242165572,,341.79
51.02,-0.006925975463395125,-0.008466512201626883,-0.001637181624216571,,341.79
51.024,-0.006585975463395118,-0.008376512201626876,-0.00197718162421655,,341.79
51.028,-0.0065059754633951215,-0.008036512201626897,-0.0022371816242165604,,341.79
51.032,-0.006245975463395111,-0.007866512201626893,-0.0025771816242165673,,341.79
51.036,-0.005815975463395125,-0.007866512201626893,-0.00283718162421655,,341.79
51.04,-0.005565975463395125,-0.00769651220162689,-0.00308718162421655,,341.79
51.044,-0.005225975463395118,-0.007606512201626883,-0.003437181624216567,,341.79
51.048,-0.004965975463395108,-0.007436512201626879,-0.003687181624216567,,341.79
51.052,-0.004875975463395129,-0.007186512201626879,-0.003687181624216567,,341.79
51.056,-0.004455975463395125,-0.00683651220162689,-0.003777181624216574,,341.79
51.06,-0.0038559754633951076,-0.006496512201626883,-0.00419718162421655,,341.79
51.064,-0.0035159754633951284,-0.006416512201626886,-0.004547181624216567,,341.79
51.068,-0.0031659754633951115,-0.006156512201626876,-0.004627181624216564,,341.79
51.072,-0.0028259754633951323,-0.005986512201626873,-0.004887181624216574,,341.79
51.076,-0.002575975463395132,-0.005646512201626893,-0.00505718162421655,,341.79
51.08,-0.0024059754633951286,-0.005306512201626886,-0.005397181624216557,,341.79
51.084,-0.0021459754633951183,-0.004956512201626897,-0.005657181624216567,,341.79
51.088,-0.001635975463395108,-0.004446512201626887,-0.005827181624216571,,341.79
51.092,-0.0012859754633951187,-0.00410651220162688,-0.006257181624216557,,341.79
51.096,-0.0011159754633951152,-0.003846512201626897,-0.0065971816242165636,,341.79
51.1,-0.0007759754633951083,-0.00350651220162689,-0.006767181624216567,,341.79
51.104,-0.0004359754633951291,-0.003166512201626883,-0.0069371816242165705,,341.79
51.108,-5.975463395115394e-06,-0.002826512201626876,-0.0069371816242165705,,341.79
51.112,0.0003340245366048916,-0.0025665122016268935,-0.007107181624216574,,341.79
51.116,0.0007640245366048775,-0.0023165122016268933,-0.0073671816242165565,,341.79
51.12,0.0011840245366048813,-0.0018865122016268796,-0.0073671816242165565,,341.79
51.124,0.0013540245366048848,-0.0014565122016268937,-0.00753718162421656,,341.79
51.128,0.001704024536604874,-0.0011165122016268867,-0.00778718162421656,,341.79
51.132,0.002044024536604881,-0.0006065122016268764,-0.007877181624216566,,341.79
51.136,0.002384024536604888,-0.0003465122016268939,-0.007957181624216563,,341.79
51.14,0.002814024536604874,-0.00025651220162688714,-0.008307181624216552,,341.79
51.144,0.0032340245366048776,-6.512201626886914e-06,-0.008307181624216552,,341.79
51.148,0.0035840245366048945,0.0005034877983731235,-0.008307181624216552,,341.79
51.152,0.003834024536604867,0.0009334877983731095,-0.008307181624216552,,341.79
51.156,0.0041740245366048735,0.0012734877983731165,-0.008387181624216549,,341.79
51.16,0.0045240245366048905,0.0017034877983731025,-0.008557181624216552,,341.79
51.164,0.004944024536604894,0.002133487798373116,-0.008727181624216556,,341.79
51.168,0.005284024536604873,0.00255348779837312,-0.008727181624216556,,341.79
51.172,0.005464024536604887,0.002903487798373109,-0.008727181624216556,,341.79
51.176,0.005544024536604884,0.0030734877983731126,-0.008987181624216566,,341.79
51.18,0.005804024536604894,0.003323487798373113,-0.009077181624216573,,341.79
51.184,0.006054024536604894,0.0034134877983731196,-0.009327181624216573,,341.79
51.188,0.00622402453660487,0.0037534877983731265,-0.009417181624216552,,341.79
51.192,0.006574024536604887,0.004183487798373112,-0.009497181624216549,,341.79
51.196,0.006914024536604894,0.004433487798373112,-0.009587181624216555,,341.79
51.2,0.007254024536604873,0.0046934877983731225,-0.009587181624216555,,341.79
51.204,0.007514024536604883,0.0050334877983731294,-0.009497181624216549,,341.79
51.208,0.007764024536604883,0.005463487798373115,-0.009497181624216549,,341.79
51.212,0.007934024536604887,0.005803487798373122,-0.009587181624216555,,341.79
51.216,0.00819402453660487,0.005973487798373126,-0.009497181624216549,,341.79
51.22,0.008284024536604904,0.006313487798373105,-0.009497181624216549,,341.79
51.224,0.008534024536604876,0.006743487798373119,-0.009247181624216548,,341.79
51.228,0.008794024536604859,0.006743487798373119,-0.00915718162421657,,341.79
51.232,0.009044024536604887,0.007003487798373129,-0.00915718162421657,,341.79
51.236,0.009134024536604866,0.007173487798373105,-0.00915718162421657,,341.79
51.24,0.009394024536604904,0.007513487798373112,-0.00915718162421657,,341.79
51.244,0.009394024536604904,0.007853487798373119,-0.008987181624216566,,341.79
51.248,0.009394024536604904,0.008193487798373126,-0.008727181624216556,,341.79
51.252,0.009564024536604907,0.008373487798373139,-0.008727181624216556,,341.79
51.256,0.00981402453660488,0.008623487798373112,-0.008647181624216559,,341.79
51.26,0.009904024536604859,0.008883487798373094,-0.008557181624216552,,341.79
51.264,0.009904024536604859,0.009133487798373122,-0.008137181624216549,,341.79
51.268,0.009904024536604859,0.009223487798373101,-0.008137181624216549,,341.79
51.272,0.009904024536604859,0.009483487798373139,-0.007877181624216566,,341.79
51.276,0.010164024536604897,0.009483487798373139,-0.00753718162421656,,341.79
51.28,0.010244024536604866,0.009483487798373139,-0.007447181624216553,,341.79
51.284,0.010244024536604866,0.009483487798373139,-0.007197181624216553,,341.79
51.288,0.010164024536604897,0.009563487798373108,-0.0069371816242165705,,341.79
51.292,0.010244024536604866,0.009653487798373142,-0.00667718162421656,,341.79
51.296,0.010244024536604866,0.009563487798373108,-0.0065971816242165636,,341.79
51.3,0.010244024536604866,0.009563487798373108,-0.006257181624216557,,341.79
51.304,0.010244024536604866,0.009653487798373142,-0.005997181624216574,,341.79
51.308,0.010164024536604897,0.00982348779837309,-0.005737181624216564,,341.79
51.312,0.010244024536604866,0.009993487798373094,-0.00556718162421656,,341.79
51.316,0.010244024536604866,0.009993487798373094,-0.005737181624216564,,341.79
51.32,0.010074024536604862,0.009903487798373115,-0.005487181624216564,,341.79
51.324,0.009644024536604876,0.009903487798373115,-0.00505718162421655,,341.79
51.328,0.009734024536604855,0.009993487798373094,-0.004887181624216574,,341.79
51.332,0.00981402453660488,0.009903487798373115,-0.004627181624216564,,341.79
51.336,0.00981402453660488,0.009903487798373115,-0.004287181624216557,,341.79
51.34,0.009564024536604907,0.009903487798373115,-0.004027181624216575,,341.79
51.344,0.0092240245366049,0.010073487798373118,-0.003687181624216567,,341.79
51.348,0.009134024536604866,0.010163487798373097,-0.003437181624216567,,341.79
51.352,0.008964024536604862,0.009903487798373115,-0.0033471816242165602,,341.79
51.356,0.00870402453660488,0.00982348779837309,-0.00283718162421655,,341.79
51.36,0.008454024536604907,0.009563487798373108,-0.002317181624216557,,341.79
51.364,0.00819402453660487,0.009563487798373108,-0.002067181624216557,,341.79
51.368,0.00810402453660489,0.009393487798373104,-0.001637181624216571,,341.79
51.372,0.007934024536604887,0.009133487798373122,-0.0013771816242165607,,341.79
51.376,0.007764024536604883,0.009133487798373122,-0.0010371816242165537,,341.79
51.38,0.00759402453660488,0.008963487798373119,-0.0008671816242165504,,341.79
51.384,0.00759402453660488,0.00871348779837309,-0.0005271816242165712,,341.79
51.388,0.00734402453660488,0.00871348779837309,-9.718162421655743e-05,,341.79
51.392,0.0070840245366048694,0.008623487798373112,0.0001528183757834428,,341.79
51.396,0.006824024536604887,0.008373487798373139,0.00041281837578342523,,341.79
51.4,0.006574024536604887,0.008283487798373105,0.0007528183757834322,,341.79
51.404,0.00648402453660488,0.008023487798373122,0.001182818375783446,,341.79
51.408,0.006144024536604873,0.007853487798373119,0.001612818375783432,,341.79
51.412,0.005884024536604891,0.007603487798373118,0.0018628183757834322,,341.79
51.416,0.00563402453660489,0.007433487798373115,0.001952818375783439,,341.79
51.42,0.005284024536604873,0.007083487798373126,0.001952818375783439,,341.79
51.424,0.004944024536604894,0.0068334877983731255,0.0023728183757834426,,341.79
51.428,0.004694024536604894,0.006663487798373122,0.0028028183757834286,,341.79
51.432,0.0045240245366048905,0.006313487798373105,0.0032328183757834423,,341.79
51.436,0.004094024536604877,0.006313487798373105,0.0035728183757834492,,341.79
51.44,0.0036640245366048913,0.006233487798373108,0.0036628183757834282,,341.79
51.444,0.0033240245366048843,0.005973487798373126,0.0040828183757834315,,341.79
51.448,0.003064024536604874,0.005893487798373129,0.0044328183757834485,,341.79
51.452,0.0028940245366048706,0.005553487798373122,0.004512818375783445,,341.79
51.456,0.0025540245366048914,0.005123487798373108,0.004772818375783428,,341.79
51.46,0.0021240245366048777,0.004783487798373129,0.005192818375783431,,341.79
51.464,0.001704024536604874,0.004523487798373119,0.005452818375783442,,341.79
51.468,0.0013540245366048848,0.004183487798373112,0.0058828183757834275,,341.79
51.472,0.0011040245366048845,0.0038434877983731055,0.006312818375783441,,341.79
51.476,0.0007640245366048775,0.0037534877983731265,0.006392818375783438,,341.79
51.48,0.0004140245366048883,0.0034134877983731196,0.006652818375783448,,341.79
51.484,0.0001640245366048881,0.0030734877983731126,0.007162818375783431,,341.79
51.488,-9.597546339512214e-05,0.0026434877983731266,0.007332818375783434,,341.79
51.492,-0.0004359754633951291,0.002213487798373113,0.007592818375783445,,341.79
51.496,-0.0006959754633951116,0.0017934877983731092,0.007762818375783448,,341.79
51.5,-0.0009459754633951118,0.00144348779837312,0.00801281837578345,,341.79
51.504,-0.001205975463395122,0.0012734877983731165,0.008192818375783463,,341.79
51.508,-0.0012859754633951187,0.0009334877983731095,0.008442818375783435,,341.79
51.512,-0.001635975463395108,0.0006834877983731093,0.008702818375783418,,341.79
51.516,-0.0018859754633951081,0.000763487798373106,0.008872818375783421,,341.79
51.52,-0.002225975463395115,0.0005034877983731235,0.008952818375783446,,341.79
51.524,-0.0028259754633951323,0.00016348779837311656,0.009212818375783428,,341.79
51.528,-0.003255975463395118,-0.0001765122016268904,0.009382818375783432,,341.79
51.532,-0.003345975463395125,-0.00043651220162687287,0.009472818375783466,,341.79
51.536,-0.003345975463395125,-0.0007765122016268798,0.009552818375783435,,341.79
51.54,-0.003595975463395125,-0.00102651220162688,0.009812818375783417,,341.79
51.544,-0.003685975463395132,-0.001376512201626897,0.009892818375783442,,341.79
51.548,-0.003935975463395133,-0.0018865122016268796,0.009982818375783421,,341.79
51.552,-0.004105975463395108,-0.0022265122016268866,0.010152818375783424,,341.79
51.556,-0.004455975463395125,-0.00239651220162689,0.010152818375783424,,341.79
51.56,-0.004795975463395132,-0.002736512201626897,0.010152818375783424,,341.79
51.564,-0.005225975463395118,-0.0029965122016268795,0.010152818375783424,,341.79
51.568,-0.005475975463395118,-0.0032565122016268897,0.010152818375783424,,341.79
51.572,-0.005815975463395125,-0.0035965122016268967,0.010152818375783424,,341.79
51.576,-0.006075975463395108,-0.003936512201626876,0.010152818375783424,,341.79
51.58,-0.006245975463395111,-0.004016512201626873,0.010152818375783424,,341.79
51.584,-0.006585975463395118,-0.00410651220162688,0.010152818375783424,,341.79
51.588,-0.006925975463395125,-0.00436651220162689,0.010152818375783424,,341.79
51.592,-0.007185975463395108,-0.004706512201626897,0.010152818375783424,,341.79
51.596,-0.007355975463395111,-0.004876512201626873,0.010152818375783424,,341.79
51.6,-0.007615975463395121,-0.00521651220162688,0.010072818375783455,,341.79
51.604,-0.007865975463395122,-0.005556512201626887,0.009982818375783421,,341.79
51.608,-0.008045975463395107,-0.00572651220162689,0.009812818375783417,,341.79
51.612,-0.007955975463395128,-0.006076512201626879,0.009722818375783438,,341.79
51.616,-0.008125975463395132,-0.0063265122016268795,0.009642818375783414,,341.79
51.62,-0.008295975463395108,-0.006496512201626883,0.009382818375783432,,341.79
51.624,-0.008635975463395115,-0.006756512201626893,0.009212818375783428,,341.79
51.628,-0.008895975463395125,-0.0070965122016268724,0.009042818375783425,,341.79
51.632,-0.009155975463395107,-0.007526512201626886,0.009212818375783428,,341.79
51.636,-0.009405975463395107,-0.00769651220162689,0.009042818375783425,,341.79
51.64,-0.009495975463395114,-0.007956512201626872,0.008872818375783421,,341.79
51.644,-0.009495975463395114,-0.008126512201626876,0.008532818375783414,,341.79
51.648,-0.009745975463395114,-0.008376512201626876,0.008272818375783432,,341.79
51.652,-0.009745975463395114,-0.00854651220162688,0.00801281837578345,,341.79
51.656,-0.009745975463395114,-0.008636512201626886,0.007762818375783448,,341.79
51.66,-0.009925975463395128,-0.008716512201626883,0.007592818375783445,,341.79
51.664,-0.010175975463395128,-0.008896512201626896,0.007252818375783438,,341.79
51.668,-0.010175975463395128,-0.008976512201626893,0.006992818375783427,,341.79
51.672,-0.010175975463395128,-0.009236512201626875,0.006822818375783452,,341.79
51.676,-0.010175975463395128,-0.009316512201626872,0.0065628183757834415,,341.79
51.68,-0.010175975463395128,-0.009486512201626876,0.0062228183757834345,,341.79
51.684,-0.010175975463395128,-0.009746512201626886,0.0058828183757834275,,341.79
51.688,-0.010175975463395128,-0.009746512201626886,0.005372818375783445,,341.79
51.692,-0.010175975463395128,-0.00965651220162688,0.005282818375783438,,341.79
51.696,-0.010175975463395128,-0.009746512201626886,0.005192818375783431,,341.79
51.7,-0.010175975463395128,-0.009836512201626893,0.004852818375783452,,341.79
51.704,-0.010175975463395128,-0.010176512201626872,0.004602818375783452,,341.79
51.708,-0.010175975463395128,-0.010516512201626879,0.0044328183757834485,,341.79
51.712,-0.010175975463395128,-0.010596512201626876,0.0040828183757834315,,341.79
51.716,-0.010175975463395128,-0.010596512201626876,0.0036628183757834282,,341.79
51.72,-0.010095975463395131,-0.010596512201626876,0.003312818375783439,,341.79
51.724,-0.009925975463395128,-0.010516512201626879,0.003062818375783439,,341.79
51.728,-0.009665975463395118,-0.010516512201626879,0.002722818375783432,,341.79
51.732,-0.009495975463395114,-0.010596512201626876,0.0023728183757834426,,341.79
51.736,-0.009495975463395114,-0.010516512201626879,0.0021228183757834424,,341.79
51.74,-0.009235975463395132,-0.010176512201626872,0.001952818375783439,,341.79
51.744,-0.008985975463395132,-0.00991651220162689,0.001612818375783432,,341.79
51.748,-0.008895975463395125,-0.009746512201626886,0.0012628183757834427,,341.79
51.752,-0.008635975463395115,-0.00965651220162688,0.0010928183757834393,,341.79
51.756,-0.008385975463395114,-0.009576512201626882,0.0007528183757834322,,341.79
51.76,-0.008295975463395108,-0.009486512201626876,0.00032281837578344624,,341.79
51.764,-0.008045975463395107,-0.009406512201626879,7.281837578344605e-05,,341.79
51.768,-0.008125975463395132,-0.009316512201626872,-9.718162421655743e-05,,341.79
51.772,-0.007785975463395125,-0.009316512201626872,-0.0004371816242165644,,341.79
51.776,-0.007445975463395118,-0.009066512201626872,-0.0006971816242165746,,341.79
51.78,-0.0072759754633951144,-0.008896512201626896,-0.0010371816242165537,,341.79
51.784,-0.007015975463395132,-0.008636512201626886,-0.001637181624216571,,341.79
51.788,-0.006925975463395125,-0.008376512201626876,-0.00197718162421655,,341.79
51.792,-0.006585975463395118,-0.008126512201626876,-0.0022371816242165604,,341.79
51.796,-0.006245975463395111,-0.008036512201626897,-0.0025771816242165673,,341.79
51.8,-0.005985975463395129,-0.007866512201626893,-0.00283718162421655,,341.79
51.804,-0.005645975463395122,-0.007866512201626893,-0.0030071816242165533,,341.79
51.808,-0.005395975463395122,-0.00769651220162689,-0.0033471816242165602,,341.79
51.812,-0.0050459754633951324,-0.007606512201626883,-0.0036071816242165705,,341.79
51.816,-0.004875975463395129,-0.007436512201626879,-0.0038571816242165707,,341.79
51.82,-0.004535975463395122,-0.007186512201626879,-0.004117181624216554,,341.79
51.824,-0.004105975463395108,-0.00683651220162689,-0.004117181624216554,,341.79
51.828,-0.003685975463395132,-0.006496512201626883,-0.004287181624216557,,341.79
51.832,-0.003255975463395118,-0.0063265122016268795,-0.004627181624216564,,341.79
51.836,-0.002995975463395108,-0.005986512201626873,-0.004887181624216574,,341.79
51.84,-0.0028259754633951323,-0.005646512201626893,-0.00505718162421655,,341.79
51.844,-0.0024859754633951253,-0.005556512201626887,-0.00531718162421656,,341.79
51.848,-0.0020559754633951116,-0.00521651220162688,-0.005657181624216567,,341.79
51.852,-0.0017159754633951324,-0.00461651220162689,-0.005997181624216574,,341.79
51.856,-0.0014659754633951322,-0.004276512201626883,-0.006077181624216571,,341.79
51.86,-0.0011159754633951152,-0.003936512201626876,-0.006337181624216553,,341.79
51.864,-0.0007759754633951083,-0.0035965122016268967,-0.00642718162421656,,341.79
51.868,-0.00034597546339512234,-0.0033365122016268864,-0.0069371816242165705,,341.79
51.872,7.402453660488135e-05,-0.003166512201626883,-0.007017181624216567,,341.79
51.876,0.0004140245366048883,-0.002826512201626876,-0.007017181624216567,,341.79
51.88,0.000594024536604874,-0.00239651220162689,-0.00727718162421655,,341.79
51.884,0.000934024536604881,-0.0018865122016268796,-0.0073671816242165565,,341.79
51.888,0.001274024536604888,-0.0015465122016268726,-0.007447181624216553,,341.79
51.892,0.001704024536604874,-0.0014565122016268937,-0.0077071816242165634,,341.79
51.896,0.002044024536604881,-0.0011165122016268867,-0.00778718162421656,,341.79
51.9,0.002384024536604888,-0.0007765122016268798,-0.007957181624216563,,341.79
51.904,0.002724024536604867,-0.0003465122016268939,-0.008217181624216573,,341.79
51.908,0.0029840245366048773,8.348779837311982e-05,-0.008307181624216552,,341.79
51.912,0.0033240245366048843,0.0005034877983731235,-0.008387181624216549,,341.79
51.916,0.0037540245366048702,0.0009334877983731095,-0.008647181624216559,,341.79
51.92,0.004094024536604877,0.0012734877983731165,-0.008727181624216556,,341.79
51.924,0.004344024536604877,0.0017034877983731025,-0.008727181624216556,,341.79
51.928,0.0045240245366048905,0.0020434877983731095,-0.008817181624216562,,341.79
51.932,0.004774024536604891,0.002213487798373113,-0.008817181624216562,,341.79
51.936,0.004944024536604894,0.00255348779837312,-0.009077181624216573,,341.79
51.94,0.005284024536604873,0.002983487798373106,-0.009247181624216548,,341.79
51.944,0.00563402453660489,0.003243487798373116,-0.009247181624216548,,341.79
51.948,0.005884024536604891,0.0034134877983731196,-0.009247181624216548,,341.79
51.952,0.00622402453660487,0.0037534877983731265,-0.009417181624216552,,341.79
51.956,0.006574024536604887,0.004093487798373105,-0.009417181624216552,,341.79
51.96,0.006824024536604887,0.004263487798373109,-0.009417181624216552,,341.79
51.964,0.0070840245366048694,0.0046934877983731225,-0.009417181624216552,,341.79
51.968,0.007424024536604876,0.0050334877983731294,-0.009417181624216552,,341.79
51.972,0.007764024536604883,0.005373487798373109,-0.009327181624216573,,341.79
51.976,0.00785402453660489,0.005633487798373119,-0.00915718162421657,,341.79
51.98,0.00810402453660489,0.006063487798373105,-0.00915718162421657,,341.79
51.984,0.008364024536604873,0.006403487798373112,-0.00915718162421657,,341.79
51.988,0.008624024536604855,0.006403487798373112,-0.00915718162421657,,341.79
51.992,0.00870402453660488,0.006663487798373122,-0.00915718162421657,,341.79
51.996,0.008874024536604883,0.007003487798373129,-0.00915718162421657,,341.79
52.0,0.008964024536604862,0.007173487798373105,-0.00915718162421657,,341.79
52.004,0.009134024536604866,0.007433487798373115,-0.009077181624216573,,341.79
52.008,0.009394024536604904,0.007683487798373115,-0.008817181624216562,,341.79
52.012,0.009394024536604904,0.008193487798373126,-0.008727181624216556,,341.79
52.016,0.009564024536604907,0.008373487798373139,-0.008727181624216556,,341.79
52.02,0.00981402453660488,0.008623487798373112,-0.008647181624216559,,341.79
52.024,0.009904024536604859,0.008883487798373094,-0.008387181624216549,,341.79
52.028,0.009904024536604859,0.009133487798373122,-0.008307181624216552,,341.79
52.032,0.00981402453660488,0.009133487798373122,-0.008217181624216573,,341.79
52.036,0.00981402453660488,0.009133487798373122,-0.007877181624216566,,341.79
52.04,0.00981402453660488,0.009393487798373104,-0.00753718162421656,,341.79
52.044,0.009904024536604859,0.009483487798373139,-0.0073671816242165565,,341.79
52.048,0.010164024536604897,0.009483487798373139,-0.007107181624216574,,341.79
52.052,0.010244024536604866,0.009653487798373142,-0.007017181624216567,,341.79
52.056,0.010244024536604866,0.00982348779837309,-0.006767181624216567,,341.79
52.06,0.010244024536604866,0.009733487798373111,-0.0065971816242165636,,341.79
52.064,0.010164024536604897,0.009653487798373142,-0.006337181624216553,,341.79
52.068,0.010164024536604897,0.009653487798373142,-0.00616718162421655,,341.79
52.072,0.010244024536604866,0.009903487798373115,-0.005827181624216571,,341.79
52.076,0.010244024536604866,0.009993487798373094,-0.00556718162421656,,341.79
52.08,0.010244024536604866,0.009993487798373094,-0.005657181624216567,,341.79
52.084,0.010244024536604866,0.009903487798373115,-0.005397181624216557,,341.79
52.088,0.010164024536604897,0.009903487798373115,-0.0051371816242165745,,341.79
52.092,0.00981402453660488,0.009993487798373094,-0.004887181624216574,,341.79
52.096,0.009644024536604876,0.009903487798373115,-0.004547181624216567,,341.79
52.1,0.00981402453660488,0.009993487798373094,-0.004287181624216557,,341.79
52.104,0.009644024536604876,0.009993487798373094,-0.004117181624216554,,341.79
52.108,0.009394024536604904,0.010253487798373132,-0.0038571816242165707,,341.79
52.112,0.009044024536604887,0.010253487798373132,-0.003687181624216567,,341.79
52.116,0.009044024536604887,0.009993487798373094,-0.0033471816242165602,,341.79
52.12,0.008874024536604883,0.009993487798373094,-0.00308718162421655,,341.79
52.124,0.008624024536604855,0.00982348779837309,-0.002747181624216571,,341.79
52.128,0.008534024536604876,0.009563487798373108,-0.0021471816242165536,,341.79
52.132,0.008284024536604904,0.009393487798373104,-0.00172718162421655,,341.79
52.136,0.00810402453660489,0.009133487798373122,-0.0015571816242165742,,341.79
52.14,0.00785402453660489,0.009133487798373122,-0.0012071816242165572,,341.79
52.144,0.007684024536604887,0.009053487798373097,-0.0008671816242165504,,341.79
52.148,0.007424024536604876,0.009053487798373097,-0.0005271816242165712,,341.79
52.152,0.007424024536604876,0.008793487798373115,-0.0004371816242165644,,341.79
52.156,0.007254024536604873,0.008623487798373112,-0.00018718162421656418,,341.79
52.16,0.0069940245366048905,0.008373487798373139,0.00032281837578344624,,341.79
52.164,0.006914024536604894,0.008193487798373126,,,341.79
52.168,0.0066540245366048835,0.007943487798373125,,,341.79
52.172,0.00622402453660487,0.007773487798373122,,,341.79
52.176,0.00597402453660487,0.007513487798373112,,,341.79
52.18,0.00563402453660489,0.007433487798373115,,,341.79
52.184,0.005284024536604873,0.007173487798373105,,,341.79
52.188,0.005034024536604873,0.007083487798373126,,,341.79
52.192,0.00486402453660487,0.006743487798373119,,,341.79
52.196,0.0045240245366048905,0.0064934877983731185,,,341.79
52.2,0.0041740245366048735,0.0064934877983731185,,,341.79
52.204,0.003924024536604873,0.006233487798373108,,,341.79
52.208,0.0036640245366048913,0.005973487798373126,,,341.79
52.212,0.0033240245366048843,0.005803487798373122,,,341.79
52.216,0.0028940245366048706,0.005463487798373115,,,341.79
52.22,0.0024640245366048846,0.005203487798373105,,,341.79
52.224,0.0022140245366048844,0.004953487798373105,,,341.79
52.228,0.001954024536604874,0.004613487798373126,,,341.79
52.232,0.0016140245366048672,0.0043534877983731155,,,341.79
52.236,0.001274024536604888,0.004183487798373112,,,341.79
52.24,0.000934024536604881,0.0038434877983731055,,,341.79
52.244,0.0006740245366048707,0.003323487798373113,,,341.79
52.248,0.0004140245366048883,0.002983487798373106,,,341.79
52.252,-5.975463395115394e-06,0.002903487798373109,,,341.79
52.256,-0.00034597546339512234,0.002473487798373123,,,341.79
52.26,-0.0004359754633951291,0.0019634877983731127,,,341.79
52.264,-0.0007759754633951083,0.0016134877983731235,,,341.79
52.268,-0.0010359754633951185,0.0012734877983731165,,,341.79
52.272,-0.001205975463395122,0.0010234877983731163,,,341.79
52.276,-0.0014659754633951322,0.0008534877983731127,,,341.79
52.28,-0.0017159754633951324,0.000763487798373106,,,341.79
52.284,-0.0020559754633951116,0.0004234877983731268,,,341.79
52.288,-0.0024859754633951253,0.00016348779837311656,,,341.79
52.292,-0.0028259754633951323,8.348779837311982e-05,,,341.79
52.296,-0.0031659754633951115,-0.00025651220162688714,,,341.79
52.3,-0.003345975463395125,-0.0005165122016268974,,,341.79
52.304,-0.003345975463395125,-0.0007765122016268798,,,341.79
52.308,-0.003685975463395132,-0.0011965122016268834,,,341.79
52.312,-0.003935975463395133,-0.0014565122016268937,,,341.79
52.316,-0.004105975463395108,-0.0017165122016268761,,,341.79
52.32,-0.004535975463395122,-0.0022265122016268866,,,341.79
52.324,-0.004875975463395129,-0.0026565122016268725,,,341.79
52.328,-0.004965975463395108,-0.002826512201626876,,,341.79
52.332,-0.005305975463395115,-0.003166512201626883,,,341.79
52.336,-0.005565975463395125,-0.0035965122016268967,,,341.79
52.34,-0.005815975463395125,-0.0037665122016268724,,,341.79
52.344,-0.006165975463395115,-0.0037665122016268724,,,341.79
52.348,-0.006245975463395111,-0.004016512201626873,,,341.79
52.352,-0.006585975463395118,-0.004276512201626883,,,341.79
52.356,-0.006925975463395125,-0.004446512201626887,,,341.79
52.36,-0.007355975463395111,-0.004786512201626894,,,341.79
52.364,-0.007695975463395118,-0.00521651220162688,,,341.79
52.368,-0.007865975463395122,-0.005556512201626887,,,341.79
52.372,-0.008125975463395132,-0.00572651220162689,,,341.79
52.376,-0.00821597546339511,-0.006076512201626879,,,341.79
52.38,-0.00821597546339511,-0.0063265122016268795,,,341.79
52.384,-0.008295975463395108,-0.00658651220162689,,,341.79
52.388,-0.008465975463395111,-0.00683651220162689,,,341.79
52.392,-0.008635975463395115,-0.006926512201626897,,,341.79
52.396,-0.008895975463395125,-0.007186512201626879,,,341.79
52.4,-0.009065975463395128,-0.007436512201626879,,,341.79
52.404,-0.00932597546339511,-0.007956512201626872,,,341.79
52.408,-0.009405975463395107,-0.008126512201626876,,,341.79
52.412,-0.009665975463395118,-0.008376512201626876,,,341.79
52.416,-0.009745975463395114,-0.008636512201626886,,,341.79
52.42,-0.009835975463395121,-0.008896512201626896,,,341.79
52.424,-0.009925975463395128,-0.008976512201626893,,,341.79
52.428,-0.010175975463395128,-0.009066512201626872,,,341.79
52.432,-0.010345975463395132,-0.009066512201626872,,,341.79
52.436,-0.010345975463395132,-0.009236512201626875,,,341.79
52.44,-0.010265975463395107,-0.009406512201626879,,,341.79
52.444,-0.010265975463395107,-0.009486512201626876,,,341.79
52.448,-0.010265975463395107,-0.009746512201626886,,,341.79
52.452,-0.010345975463395132,-0.009746512201626886,,,341.79
52.456,-0.010265975463395107,-0.009746512201626886,,,341.79
52.46,-0.010265975463395107,-0.00965651220162688,,,341.79
52.464,-0.010345975463395132,-0.009746512201626886,,,341.79
52.468,-0.01043597546339511,-0.010086512201626893,,,341.79
52.472,-0.010265975463395107,-0.010426512201626872,,,341.79
52.476,-0.010265975463395107,-0.010596512201626876,,,341.79
52.48,-0.010265975463395107,-0.010596512201626876,,,341.79
52.484,-0.010095975463395131,-0.010516512201626879,,,341.79
52.488,-0.009835975463395121,-0.010516512201626879,,,341.79
52.492,-0.009745975463395114,-0.010596512201626876,,,341.79
52.496,-0.009745975463395114,-0.010516512201626879,,,341.79
52.5,-0.009575975463395111,-0.010176512201626872,,,341.79
52.504,-0.009495975463395114,-0.00991651220162689,,,341.79
52.508,-0.00932597546339511,-0.009746512201626886,,,341.79
52.512,-0.008805975463395118,-0.00965651220162688,,,341.79
52.516,-0.008635975463395115,-0.009746512201626886,,,341.79
52.52,-0.008465975463395111,-0.00965651220162688,,,341.79
52.524,-0.00821597546339511,-0.009486512201626876,,,341.79
52.528,-0.00821597546339511,-0.009316512201626872,,,341.79
52.532,-0.008125975463395132,-0.009236512201626875,,,341.79
52.536,-0.007865975463395122,-0.008976512201626893,,,341.79
52.54,-0.007695975463395118,-0.008896512201626896,,,341.79
52.544,-0.007445975463395118,-0.008716512201626883,,,341.79
52.548,-0.0072759754633951144,-0.00854651220162688,,,341.79
52.552,-0.006925975463395125,-0.008466512201626883,,,341.79
52.556,-0.006585975463395118,-0.008206512201626872,,,341.79
52.56,-0.006415975463395115,-0.008036512201626897,,,341.79
52.564,-0.006165975463395115,-0.007866512201626893,,,341.79
52.568,-0.005905975463395132,-0.007956512201626872,,,341.79
52.572,-0.005645975463395122,-0.007776512201626886,,,341.79
52.576,-0.0051359754633951114,-0.007606512201626883,,,341.79
52.58,-0.0047059754633951255,-0.007436512201626879,,,341.79
52.584,-0.0047059754633951255,-0.007186512201626879,,,341.79
52.588,-0.004285975463395122,-0.00683651220162689,,,341.79
52.592,-0.0038559754633951076,-0.006496512201626883,,,341.79
52.596,-0.003685975463395132,-0.0063265122016268795,,,341.79
52.6,-0.003345975463395125,-0.005986512201626873,,,341.79
52.604,-0.0029159754633951112,-0.00572651220162689,,,341.79
52.608,-0.002575975463395132,-0.005386512201626883,,,341.79
52.612,-0.002315975463395122,-0.004956512201626897,,,341.79
52.616,-0.001975975463395115,-0.004706512201626897,,,341.79
52.62,-0.001635975463395108,-0.00436651220162689,,,341.79
52.624,-0.0013759754633951254,-0.003936512201626876,,,341.79
52.628,-0.0011159754633951152,-0.0035965122016268967,,,341.79
52.632,-0.0007759754633951083,-0.00350651220162689,,,341.79
52.636,-0.00034597546339512234,-0.0032565122016268897,,,341.79
52.64,-5.975463395115394e-06,-0.002736512201626897,,,341.79
52.644,0.0004140245366048883,-0.00239651220162689,,,341.79
52.648,0.0008440245366048742,-0.00213651220162688,,,341.79
52.652,0.0011840245366048813,-0.0017165122016268761,,,341.79
52.656,0.0013540245366048848,-0.0014565122016268937,,,341.79
52.66,0.0016140245366048672,-0.0011965122016268834,,,341.79
52.664,0.002044024536604881,-0.0007765122016268798,,,341.79
52.668,0.0024640245366048846,-0.0003465122016268939,,,341.79
52.672,0.0028940245366048706,0.00016348779837311656,,,341.79
52.676,0.0032340245366048776,0.0005034877983731235,,,341.79
52.68,0.0035840245366048945,0.0005934877983731025,,,341.79
52.684,0.003834024536604867,0.0008534877983731127,,,341.79
52.688,0.0041740245366048735,0.0012734877983731165,,,341.79
52.692,0.004604024536604887,0.0017034877983731025,,,341.79
52.696,0.004774024536604891,0.002133487798373116,,,341.79
52.7,0.005034024536604873,0.00255348779837312,,,341.79
52.704,0.005544024536604884,0.002983487798373106,,,341.79
52.708,0.005544024536604884,0.003243487798373116,,,341.79
52.712,0.005884024536604891,0.003323487798373113,,,341.79
52.716,0.00622402453660487,0.0034134877983731196,,,341.79
52.72,0.00648402453660488,0.0037534877983731265,,,341.79
52.724,0.00674402453660489,0.004183487798373112,,,341.79
52.728,0.007164024536604894,0.004613487798373126,,,341.79
52.732,0.007514024536604883,0.004953487798373105,,,341.79
52.736,0.007514024536604883,0.005123487798373108,,,341.79
52.74,0.007684024536604887,0.005463487798373115,,,341.79
52.744,0.007934024536604887,0.005803487798373122,,,341.79
52.748,0.008284024536604904,0.006143487798373129,,,341.79
52.752,0.008534024536604876,0.006403487798373112,,,341.79
52.756,0.00870402453660488,0.006663487798373122,,,341.79
52.76,0.008964024536604862,0.006743487798373119,,,341.79
52.764,0.008964024536604862,0.007003487798373129,,,341.79
52.768,0.009134024536604866,0.007343487798373108,,,341.79
52.772,0.009394024536604904,0.007603487798373118,,,341.79
52.776,0.009394024536604904,0.007943487798373125,,,341.79
52.78,0.009474024536604873,0.008193487798373126,,,341.79
52.784,0.009734024536604855,0.008373487798373139,,,341.79
52.788,0.009734024536604855,0.00871348779837309,,,341.79
52.792,0.009734024536604855,0.008883487798373094,,,341.79
52.796,0.00981402453660488,0.008963487798373119,,,341.79
52.8,0.009904024536604859,0.008963487798373119,,,341.79
52.804,0.009984024536604883,0.009133487798373122,,,341.79
52.808,0.010244024536604866,0.009393487798373104,,,341.79
52.812,0.010244024536604866,0.009483487798373139,,,341.79
52.816,0.010244024536604866,0.009483487798373139,,,341.79
52.82,0.010164024536604897,0.009483487798373139,,,341.79
52.824,0.010244024536604866,0.009483487798373139,,,341.79
52.828,0.010244024536604866,0.009483487798373139,,,341.79
52.832,0.010244024536604866,0.009483487798373139,,,341.79
52.836,0.010244024536604866,0.009483487798373139,,,341.79
52.84,0.010164024536604897,0.009563487798373108,,,341.79
52.844,0.010164024536604897,0.00982348779837309,,,341.79
52.848,0.010244024536604866,0.009993487798373094,,,341.79
52.852,0.010244024536604866,0.009993487798373094,,,341.79
52.856,0.010164024536604897,0.009903487798373115,,,341.79
52.86,0.009904024536604859,0.009993487798373094,,,341.79
52.864,0.009564024536604907,0.009903487798373115,,,341.79
52.868,0.009474024536604873,0.009903487798373115,,,341.79
52.872,0.009474024536604873,0.009993487798373094,,,341.79
52.876,0.009394024536604904,0.009903487798373115,,,341.79
52.88,0.009044024536604887,0.009903487798373115,,,341.79
52.884,0.008874024536604883,0.009903487798373115,,,341.79
52.888,0.00870402453660488,0.009993487798373094,,,341.79
52.892,0.00870402453660488,0.009903487798373115,,,341.79
52.896,0.008454024536604907,0.009563487798373108,,,341.79
52.9,0.00810402453660489,0.009223487798373101,,,341.79
52.904,0.00785402453660489,0.009133487798373122,,,341.79
52.908,0.007764024536604883,0.009053487798373097,,,341.79
52.912,0.00759402453660488,0.008793487798373115,,,341.79
52.916,0.00759402453660488,0.008793487798373115,,,341.79
52.92,0.00734402453660488,0.008623487798373112,,,341.79
52.924,0.0069940245366048905,0.008373487798373139,,,341.79
52.928,0.006914024536604894,0.008113487798373129,,,341.79
52.932,0.00674402453660489,0.007853487798373119,,,341.79
52.936,0.006574024536604887,0.007773487798373122,,,341.79
52.94,0.00622402453660487,0.007513487798373112,,,341.79
52.944,0.005804024536604894,0.007433487798373115,,,341.79
52.948,0.005464024536604887,0.007173487798373105,,,341.79
52.952,0.005204024536604877,0.007003487798373129,,,341.79
52.956,0.00486402453660487,0.006663487798373122,,,341.79
52.96,0.0045240245366048905,0.0064934877983731185,,,341.79
52.964,0.00426402453660488,0.0064934877983731185,,,341.79
52.968,0.00400402453660487,0.006313487798373105,,,341.79
52.972,0.0036640245366048913,0.006233487798373108,,,341.79
52.976,0.0032340245366048776,0.005893487798373129,,,341.79
52.98,0.002814024536604874,0.005553487798373122,,,341.79
52.984,0.0025540245366048914,0.005293487798373112,,,341.79
52.988,0.0024640245366048846,0.004953487798373105,,,341.79
52.992,0.002044024536604881,0.004613487798373126,,,341.79
52.996,0.0016140245366048672,0.0043534877983731155,,,341.79
53.0,0.001274024536604888,0.004183487798373112,,,341.79
53.004,0.000934024536604881,0.0038434877983731055,,,341.79
53.008,0.0006740245366048707,0.003583487798373123,,,341.79
53.012,0.0003340245366048916,0.0034134877983731196,,,341.79
53.016,7.402453660488135e-05,0.002903487798373109,,,341.79
53.02,-5.975463395115394e-06,0.0026434877983731266,,,341.79
53.024,-0.00034597546339512234,0.0023834877983731164,,,341.79
53.028,-0.0006959754633951116,0.001873487798373106,,,341.79
53.032,-0.0008659754633951151,0.00144348779837312,,,341.79
53.036,-0.001205975463395122,0.0012734877983731165,,,341.79
53.04,-0.0014659754633951322,0.0010234877983731163,,,341.79
53.044,-0.0017159754633951324,0.0008534877983731127,,,341.79
53.048,-0.0020559754633951116,0.0005934877983731025,,,341.79
53.052,-0.0024059754633951286,0.0004234877983731268,,,341.79
53.056,-0.0026559754633951288,8.348779837311982e-05,,,341.79
53.06,-0.0030859754633951147,-0.00025651220162688714,,,341.79
53.064,-0.003345975463395125,-0.0006065122016268764,,,341.79
53.068,-0.0034259754633951217,-0.0008565122016268766,,,341.79
53.072,-0.003595975463395125,-0.0011965122016268834,,,341.79
53.076,-0.003685975463395132,-0.0014565122016268937,,,341.79
53.08,-0.004105975463395108,-0.0017165122016268761,,,341.79
53.084,-0.004455975463395125,-0.00213651220162688,,,341.79
53.088,-0.004625975463395129,-0.00239651220162689,,,341.79
53.092,-0.004965975463395108,-0.002826512201626876,,,341.79
53.096,-0.005305975463395115,-0.0032565122016268897,,,341.79
53.1,-0.005395975463395122,-0.00350651220162689,,,341.79
53.104,-0.005735975463395129,-0.0036765122016268934,,,341.79
53.108,-0.005985975463395129,-0.003936512201626876,,,341.79
53.112,-0.006165975463395115,-0.003936512201626876,,,341.79
53.116,-0.006415975463395115,-0.00410651220162688,,,341.79
53.12,-0.006755975463395122,-0.004446512201626887,,,341.79
53.124,-0.0072759754633951144,-0.004786512201626894,,,341.79
53.128,-0.007355975463395111,-0.005136512201626883,,,341.79
53.132,-0.007615975463395121,-0.005306512201626886,,,341.79
53.136,-0.007785975463395125,-0.005646512201626893,,,341.79
53.14,-0.007955975463395128,-0.005896512201626894,,,341.79
53.144,-0.007955975463395128,-0.006156512201626876,,,341.79
53.148,-0.008125975463395132,-0.006416512201626886,,,341.79
53.152,-0.008295975463395108,-0.00658651220162689,,,341.79
53.156,-0.008635975463395115,-0.006926512201626897,,,341.79
53.16,-0.008895975463395125,-0.007266512201626876,,,341.79
53.164,-0.009065975463395128,-0.007606512201626883,,,341.79
53.168,-0.00932597546339511,-0.00769651220162689,,,341.79
53.172,-0.009495975463395114,-0.007956512201626872,,,341.79
53.176,-0.009575975463395111,-0.008126512201626876,,,341.79
53.18,-0.009745975463395114,-0.008376512201626876,,,341.79
53.184,-0.009835975463395121,-0.00854651220162688,,,341.79
53.188,-0.009835975463395121,-0.008636512201626886,,,341.79
53.192,-0.010095975463395131,-0.008636512201626886,,,341.79
53.196,-0.010265975463395107,-0.008896512201626896,,,341.79
53.2,-0.010345975463395132,-0.009066512201626872,,,341.79
53.204,-0.010265975463395107,-0.009316512201626872,,,341.79
53.208,-0.010345975463395132,-0.009406512201626879,,,341.79
53.212,-0.010265975463395107,-0.009406512201626879,,,341.79
53.216,-0.010265975463395107,-0.009576512201626882,,,341.79
53.22,-0.010265975463395107,-0.009746512201626886,,,341.79
53.224,-0.010265975463395107,-0.009746512201626886,,,341.79
53.228,-0.010345975463395132,-0.009836512201626893,,,341.79
53.232,-0.010345975463395132,-0.010086512201626893,,,341.79
53.236,-0.010345975463395132,-0.010086512201626893,,,341.79
53.24,-0.010265975463395107,-0.010086512201626893,,,341.79
53.244,-0.010265975463395107,-0.010086512201626893,,,341.79
53.248,-0.010265975463395107,-0.010176512201626872,,,341.79
53.252,-0.010175975463395128,-0.010346512201626875,,,341.79
53.256,-0.009925975463395128,-0.010256512201626896,,,341.79
53.26,-0.009925975463395128,-0.010176512201626872,,,341.79
53.264,-0.009665975463395118,-0.010086512201626893,,,341.79
53.268,-0.009065975463395128,-0.009836512201626893,,,341.79
53.272,-0.009065975463395128,-0.009746512201626886,,,341.79
53.276,-0.009065975463395128,-0.00965651220162688,,,341.79
53.28,-0.008805975463395118,-0.00965651220162688,,,341.79
53.284,-0.008805975463395118,-0.009746512201626886,,,341.79
53.288,-0.008555975463395118,-0.00965651220162688,,,341.79
53.292,-0.008385975463395114,-0.009406512201626879,,,341.79
53.296,-0.007955975463395128,-0.009316512201626872,,,341.79
53.3,-0.007955975463395128,-0.009236512201626875,,,341.79
53.304,-0.007785975463395125,-0.008976512201626893,,,341.79
53.308,-0.007695975463395118,-0.00880651220162689,,,341.79
53.312,-0.007445975463395118,-0.00854651220162688,,,341.79
53.316,-0.007105975463395111,-0.00854651220162688,,,341.79
53.32,-0.0068459754633951285,-0.008466512201626883,,,341.79
53.324,-0.0065059754633951215,-0.008206512201626872,,,341.79
53.328,-0.006245975463395111,-0.008036512201626897,,,341.79
53.332,-0.005985975463395129,-0.007956512201626872,,,341.79
53.336,-0.005645975463395122,-0.008036512201626897,,,341.79
53.34,-0.005475975463395118,-0.00769651220162689,,,341.79
53.344,-0.005305975463395115,-0.007356512201626883,,,341.79
53.348,-0.004795975463395132,-0.007186512201626879,,,341.79
53.352,-0.004285975463395122,-0.006926512201626897,,,341.79
53.356,-0.0040259754633951116,-0.006756512201626893,,,341.79
53.36,-0.003595975463395125,-0.006416512201626886,,,341.79
53.364,-0.0034259754633951217,-0.006156512201626876,,,341.79
53.368,-0.0031659754633951115,-0.006076512201626879,,,341.79
53.372,-0.0028259754633951323,-0.005646512201626893,,,341.79
53.376,-0.0024059754633951286,-0.00521651220162688,,,341.79
53.38,-0.0021459754633951183,-0.004786512201626894,,,341.79
53.384,-0.0018859754633951081,-0.00436651220162689,,,341.79
53.388,-0.001545975463395129,-0.00410651220162688,,,341.79
53.392,-0.001205975463395122,-0.003936512201626876,,,341.79
53.396,-0.0008659754633951151,-0.0035965122016268967,,,341.79
53.4,-0.0004359754633951291,-0.003166512201626883,,,341.79
53.404,-9.597546339512214e-05,-0.0029065122016268727,,,341.79
53.408,0.0001640245366048881,-0.0026565122016268725,,,341.79
53.412,0.0005040245366048673,-0.0023165122016268933,,,341.79
53.416,0.0007640245366048775,-0.002056512201626883,,,341.79
53.42,0.001274024536604888,-0.0015465122016268726,,,341.79
53.424,0.001704024536604874,-0.0011165122016268867,,,341.79
53.428,0.0021240245366048777,-0.0006865122016268731,,,341.79
53.432,0.0025540245366048914,-0.0003465122016268939,,,341.79
53.436,0.002814024536604874,-0.00025651220162688714,,,341.79
53.44,0.0029840245366048773,0.00016348779837311656,,,341.79
53.444,0.0033240245366048843,0.0005934877983731025,,,341.79
53.448,0.0037540245366048702,0.0008534877983731127,,,341.79
53.452,0.00400402453660487,0.0012734877983731165,,,341.79
53.456,0.0045240245366048905,0.0017034877983731025,,,341.79
53.46,0.00486402453660487,0.002133487798373116,,,341.79
53.464,0.004944024536604894,0.0023834877983731164,,,341.79
53.468,0.005034024536604873,0.0026434877983731266,,,341.79
53.472,0.00537402453660488,0.002983487798373106,,,341.79
53.476,0.005804024536604894,0.003243487798373116,,,341.79
53.48,0.006054024536604894,0.0034134877983731196,,,341.79
53.484,0.00622402453660487,0.0037534877983731265,,,341.79
53.488,0.0066540245366048835,0.004093487798373105,,,341.79
53.492,0.006914024536604894,0.004263487798373109,,,341.79
53.496,0.0070840245366048694,0.004613487798373126,,,341.79
53.5,0.007424024536604876,0.004953487798373105,,,341.79
53.504,0.007764024536604883,0.005293487798373112,,,341.79
53.508,0.00785402453660489,0.005553487798373122,,,341.79
53.512,0.008024024536604894,0.005973487798373126,,,341.79
53.516,0.008284024536604904,0.006403487798373112,,,341.79
53.52,0.008624024536604855,0.006403487798373112,,,341.79
53.524,0.008794024536604859,0.006743487798373119,,,341.79
53.528,0.008964024536604862,0.007003487798373129,,,341.79
53.532,0.009044024536604887,0.007173487798373105,,,341.79
53.536,0.009394024536604904,0.007433487798373115,,,341.79
53.54,0.009564024536604907,0.007683487798373115,,,341.79
53.544,0.009564024536604907,0.008113487798373129,,,341.79
53.548,0.009564024536604907,0.008283487798373105,,,341.79
53.552,0.009734024536604855,0.00871348779837309,,,341.79
53.556,0.00981402453660488,0.008793487798373115,,,341.79
53.56,0.009904024536604859,0.008793487798373115,,,341.79
53.564,0.009904024536604859,0.009053487798373097,,,341.79
53.568,0.009904024536604859,0.009053487798373097,,,341.79
53.572,0.010164024536604897,0.009223487798373101,,,341.79
53.576,0.010244024536604866,0.009393487798373104,,,341.79
53.58,0.010244024536604866,0.009393487798373104,,,341.79
53.584,0.010244024536604866,0.009483487798373139,,,341.79
53.588,0.010164024536604897,0.009483487798373139,,,341.79
53.592,0.010244024536604866,0.009483487798373139,,,341.79
53.596,0.010244024536604866,0.009483487798373139,,,341.79
53.6,0.010244024536604866,0.009483487798373139,,,341.79
53.604,0.010244024536604866,0.009483487798373139,,,341.79
53.608,0.010244024536604866,0.009483487798373139,,,341.79
53.612,0.010244024536604866,0.009483487798373139,,,341.79
53.616,0.010244024536604866,0.009563487798373108,,,341.79
53.62,0.010164024536604897,0.00982348779837309,,,341.79
53.624,0.009904024536604859,0.009903487798373115,,,341.79
53.628,0.00981402453660488,0.009903487798373115,,,341.79
53.632,0.00981402453660488,0.009903487798373115,,,341.79
53.636,0.009564024536604907,0.009653487798373142,,,341.79
53.64,0.00930402453660487,0.009563487798373108,,,341.79
53.644,0.009044024536604887,0.009653487798373142,,,341.79
53.648,0.009044024536604887,0.00982348779837309,,,341.79
53.652,0.008964024536604862,0.00982348779837309,,,341.79
53.656,0.008794024536604859,0.009653487798373142,,,341.79
53.66,0.008534024536604876,0.009653487798373142,,,341.79
53.664,0.008284024536604904,0.009223487798373101,,,341.79
53.668,0.00810402453660489,0.009133487798373122,,,341.79
53.672,0.00785402453660489,0.009133487798373122,,,341.79
53.676,0.007764024536604883,0.009053487798373097,,,341.79
53.68,0.007684024536604887,0.008883487798373094,,,341.79
53.684,0.007424024536604876,0.00871348779837309,,,341.79
53.688,0.00734402453660488,0.008373487798373139,,,341.79
53.692,0.0069940245366048905,0.008283487798373105,,,341.79
53.696,0.0066540245366048835,0.008193487798373126,,,341.79
53.7,0.00648402453660488,0.007943487798373125,,,341.79
53.704,0.006144024536604873,0.007853487798373119,,,341.79
53.708,0.005884024536604891,0.007603487798373118,,,341.79
53.712,0.005714024536604887,0.007433487798373115,,,341.79
53.716,0.00537402453660488,0.007083487798373126,,,341.79
53.72,0.00511402453660487,0.006743487798373119,,,341.79
53.724,0.00486402453660487,0.006573487798373115,,,341.79
53.728,0.0045240245366048905,0.006313487798373105,,,341.79
53.732,0.004094024536604877,0.006313487798373105,,,341.79
53.736,0.0036640245366048913,0.006143487798373129,,,341.79
53.74,0.003404024536604881,0.005893487798373129,,,341.79
53.744,0.0032340245366048776,0.005803487798373122,,,341.79
53.748,0.0028940245366048706,0.005373487798373109,,,341.79
53.752,0.0024640245366048846,0.0050334877983731294,,,341.79
53.756,0.0021240245366048777,0.004953487798373105,,,341.79
53.76,0.0018740245366048775,0.004613487798373126,,,341.79
53.764,0.001704024536604874,0.0043534877983731155,,,341.79
53.768,0.001274024536604888,0.004093487798373105,,,341.79
53.772,0.0007640245366048775,0.0037534877983731265,,,341.79
53.776,0.0005040245366048673,0.003323487798373113,,,341.79
53.78,0.0003340245366048916,0.002983487798373106,,,341.79
53.784,-5.975463395115394e-06,0.002903487798373109,,,341.79
53.788,-0.0004359754633951291,0.002473487798373123,,,341.79
53.792,-0.0006959754633951116,0.0019634877983731127,,,341.79
53.796,-0.0008659754633951151,0.0017034877983731025,,,341.79
53.8,-0.0011159754633951152,0.0013634877983731233,,,341.79
53.804,-0.0012859754633951187,0.001103487798373113,,,341.79
53.808,-0.001635975463395108,0.0008534877983731127,,,341.79
53.812,-0.0018859754633951081,0.0005934877983731025,,,341.79
53.816,-0.0020559754633951116,0.0004234877983731268,,,341.79
53.82,-0.0024059754633951286,0.00016348779837311656,,,341.79
53.824,-0.0028259754633951323,8.348779837311982e-05,,,341.79
53.828,-0.003255975463395118,-0.00025651220162688714,,,341.79
53.832,-0.0035159754633951284,-0.0006065122016268764,,,341.79
53.836,-0.0034259754633951217,-0.0007765122016268798,,,341.79
53.84,-0.0037659754633951287,-0.0011165122016268867,,,341.79
53.844,-0.004105975463395108,-0.001376512201626897,,,341.79
53.848,-0.004195975463395115,-0.0017165122016268761,,,341.79
53.852,-0.004535975463395122,-0.00239651220162689,,,341.79
53.856,-0.004795975463395132,-0.002736512201626897,,,341.79
53.86,-0.004965975463395108,-0.002826512201626876,,,341.79
53.864,-0.005305975463395115,-0.003166512201626883,,,341.79
53.868,-0.005645975463395122,-0.0035965122016268967,,,341.79
53.872,-0.005815975463395125,-0.0037665122016268724,,,341.79
53.876,-0.006165975463395115,-0.0036765122016268934,,,341.79
53.88,-0.0065059754633951215,-0.004016512201626873,,,341.79
53.884,-0.0068459754633951285,-0.00436651220162689,,,341.79
53.888,-0.007015975463395132,-0.0045365122016268935,,,341.79
53.892,-0.007355975463395111,-0.004876512201626873,,,341.79
53.896,-0.007615975463395121,-0.005136512201626883,,,341.79
53.9,-0.007865975463395122,-0.00521651220162688,,,341.79
53.904,-0.008125975463395132,-0.005556512201626887,,,341.79
53.908,-0.008295975463395108,-0.005896512201626894,,,341.79
53.912,-0.008385975463395114,-0.006156512201626876,,,341.79
53.916,-0.008465975463395111,-0.006496512201626883,,,341.79
53.92,-0.008635975463395115,-0.006756512201626893,,,341.79
53.924,-0.008725975463395121,-0.006926512201626897,,,341.79
53.928,-0.008985975463395132,-0.007266512201626876,,,341.79
53.932,-0.009065975463395128,-0.007776512201626886,,,341.79
53.936,-0.00932597546339511,-0.008126512201626876,,,341.79
53.94,-0.009495975463395114,-0.008206512201626872,,,341.79
53.944,-0.009745975463395114,-0.008466512201626883,,,341.79
53.948,-0.009835975463395121,-0.008636512201626886,,,341.79
53.952,-0.009835975463395121,-0.008896512201626896,,,341.79
53.956,-0.009925975463395128,-0.008976512201626893,,,341.79
53.96,-0.010175975463395128,-0.009066512201626872,,,341.79
53.964,-0.010175975463395128,-0.009066512201626872,,,341.79
53.968,-0.010175975463395128,-0.009316512201626872,,,341.79
53.972,-0.010175975463395128,-0.009316512201626872,,,341.79
53.976,-0.010175975463395128,-0.009316512201626872,,,341.79
53.98,-0.010175975463395128,-0.009406512201626879,,,341.79
53.984,-0.010175975463395128,-0.00965651220162688,,,341.79
53.988,-0.010175975463395128,-0.009746512201626886,,,341.79
53.992,-0.010345975463395132,-0.009746512201626886,,,341.79
53.996,-0.010515975463395107,-0.009746512201626886,,,341.79
54.0,-0.010265975463395107,-0.009836512201626893,,,341.79
54.004,-0.010265975463395107,-0.010086512201626893,,,341.79
54.008,-0.010345975463395132,-0.010176512201626872,,,341.79
54.012,-0.010345975463395132,-0.010426512201626872,,,341.79
54.016,-0.010175975463395128,-0.010516512201626879,,,341.79
54.02,-0.009925975463395128,-0.010596512201626876,,,341.79
54.024,-0.009745975463395114,-0.010596512201626876,,,341.79
54.028,-0.009575975463395111,-0.010516512201626879,,,341.79
54.032,-0.009235975463395132,-0.010176512201626872,,,341.79
54.036,-0.00932597546339511,-0.009836512201626893,,,341.79
54.04,-0.009235975463395132,-0.00965651220162688,,,341.79
54.044,-0.009065975463395128,-0.00965651220162688,,,341.79
54.048,-0.008805975463395118,-0.009746512201626886,,,341.79
54.052,-0.008385975463395114,-0.009746512201626886,,,341.79
54.056,-0.008295975463395108,-0.00965651220162688,,,341.79
54.06,-0.008045975463395107,-0.009406512201626879,,,341.79
54.064,-0.008045975463395107,-0.009316512201626872,,,341.79
54.068,-0.007865975463395122,-0.009236512201626875,,,341.79
54.072,-0.007695975463395118,-0.008976512201626893,,,341.79
54.076,-0.007355975463395111,-0.008896512201626896,,,341.79
54.08,-0.007105975463395111,-0.008636512201626886,,,341.79
54.084,-0.006925975463395125,-0.008466512201626883,,,341.79
54.088,-0.006675975463395125,-0.008206512201626872,,,341.79
54.092,-0.006415975463395115,-0.007956512201626872,,,341.79
54.096,-0.006075975463395108,-0.007866512201626893,,,341.79
54.1,-0.005735975463395129,-0.008036512201626897,,,341.79
54.104,-0.005645975463395122,-0.007776512201626886,,,341.79
54.108,-0.005395975463395122,-0.007606512201626883,,,341.79
54.112,-0.004965975463395108,-0.007356512201626883,,,341.79
54.116,-0.004625975463395129,-0.007186512201626879,,,341.79
54.12,-0.004195975463395115,-0.00683651220162689,,,341.79
54.124,-0.003685975463395132,-0.006496512201626883,,,341.79
54.128,-0.003345975463395125,-0.0063265122016268795,,,341.79
54.132,-0.0031659754633951115,-0.005986512201626873,,,341.79
54.136,-0.0028259754633951323,-0.00572651220162689,,,341.79
54.14,-0.002575975463395132,-0.00547651220162689,,,341.79
54.144,-0.0024059754633951286,-0.004956512201626897,,,341.79
54.148,-0.001975975463395115,-0.004706512201626897,,,341.79
54.152,-0.001545975463395129,-0.00436651220162689,,,341.79
54.156,-0.001205975463395122,-0.004016512201626873,,,341.79
54.16,-0.0009459754633951118,-0.0037665122016268724,,,341.79
54.164,-0.0006959754633951116,-0.00350651220162689,,,341.79
54.168,-0.00034597546339512234,-0.003166512201626883,,,341.79
54.172,-5.975463395115394e-06,-0.002736512201626897,,,341.79
54.176,0.0004140245366048883,-0.0023165122016268933,,,341.79
54.18,0.0008440245366048742,-0.0019665122016268763,,,341.79
54.184,0.001274024536604888,-0.0017165122016268761,,,341.79
54.188,0.0016140245366048672,-0.0015465122016268726,,,341.79
54.192,0.0017840245366048707,-0.0011965122016268834,,,341.79
54.196,0.002044024536604881,-0.0006865122016268731,,,341.79
54.2,0.0024640245366048846,-0.00025651220162688714,,,341.79
54.204,0.0028940245366048706,0.00016348779837311656,,,341.79
54.208,0.0033240245366048843,0.0005934877983731025,,,341.79
54.212,0.0037540245366048702,0.0008534877983731127,,,341.79
54.216,0.00400402453660487,0.0011934877983731198,,,341.79
54.22,0.0041740245366048735,0.00144348779837312,,,341.79
54.224,0.0045240245366048905,0.0017934877983731092,,,341.79
54.228,0.004774024536604891,0.002133487798373116,,,341.79
54.232,0.004944024536604894,0.002473487798373123,,,341.79
54.236,0.005284024536604873,0.002903487798373109,,,341.79
54.24,0.00563402453660489,0.0034134877983731196,,,341.79
54.244,0.005884024536604891,0.0037534877983731265,,,341.79
54.248,0.00622402453660487,0.0037534877983731265,,,341.79
54.252,0.00648402453660488,0.0038434877983731055,,,341.79
54.256,0.0066540245366048835,0.004263487798373109,,,341.79
54.26,0.007164024536604894,0.0046934877983731225,,,341.79
54.264,0.00759402453660488,0.004953487798373105,,,341.79
54.268,0.007514024536604883,0.005123487798373108,,,341.79
54.272,0.007684024536604887,0.005463487798373115,,,341.79
54.276,0.00785402453660489,0.005893487798373129,,,341.79
54.28,0.00819402453660487,0.006143487798373129,,,341.79
54.284,0.008454024536604907,0.006403487798373112,,,341.79
54.288,0.00870402453660488,0.006663487798373122,,,341.79
54.292,0.008964024536604862,0.006743487798373119,,,341.79
54.296,0.009044024536604887,0.007003487798373129,,,341.79
54.3,0.009134024536604866,0.007343487798373108,,,341.79
54.304,0.009394024536604904,0.007603487798373118,,,341.79
54.308,0.009394024536604904,0.007853487798373119,,,341.79
54.312,0.009564024536604907,0.008023487798373122,,,341.79
54.316,0.00981402453660488,0.008373487798373139,,,341.79
54.32,0.009904024536604859,0.00871348779837309,,,341.79
54.324,0.00981402453660488,0.008793487798373115,,,341.79
54.328,0.00981402453660488,0.009053487798373097,,,341.79
54.332,0.00981402453660488,0.009133487798373122,,,341.79
54.336,0.009904024536604859,0.009223487798373101,,,341.79
54.34,0.009904024536604859,0.009483487798373139,,,341.79
54.344,0.009904024536604859,0.009563487798373108,,,341.79
54.348,0.010164024536604897,0.009653487798373142,,,341.79
54.352,0.010244024536604866,0.009563487798373108,,,341.79
54.356,0.010244024536604866,0.009563487798373108,,,341.79
54.36,0.010244024536604866,0.009563487798373108,,,341.79
54.364,0.010244024536604866,0.009563487798373108,,,341.79
54.368,0.010244024536604866,0.009563487798373108,,,341.79
54.372,0.010244024536604866,0.009653487798373142,,,341.79
54.376,0.010164024536604897,0.00982348779837309,,,341.79
54.38,0.010244024536604866,0.00982348779837309,,,341.79
54.384,0.010164024536604897,0.009903487798373115,,,341.79
54.388,0.009984024536604883,0.009993487798373094,,,341.79
54.392,0.009904024536604859,0.009993487798373094,,,341.79
54.396,0.00981402453660488,0.009993487798373094,,,341.79
54.4,0.009734024536604855,0.009993487798373094,,,341.79
54.404,0.009394024536604904,0.009903487798373115,,,341.79
54.408,0.009134024536604866,0.009993487798373094,,,341.79
54.412,0.009044024536604887,0.009903487798373115,,,341.79
54.416,0.008874024536604883,0.009993487798373094,,,341.79
54.42,0.008624024536604855,0.009993487798373094,,,341.79
54.424,0.008454024536604907,0.00982348779837309,,,341.79
54.428,0.00819402453660487,0.009483487798373139,,,341.79
54.432,0.00810402453660489,0.009133487798373122,,,341.79
54.436,0.00785402453660489,0.009133487798373122,,,341.79
54.44,0.007684024536604887,0.009053487798373097,,,341.79
54.444,0.007424024536604876,0.008793487798373115,,,341.79
54.448,0.007424024536604876,0.008793487798373115,,,341.79
54.452,0.00734402453660488,0.008623487798373112,,,341.79
54.456,0.0069940245366048905,0.008283487798373105,,,341.79
54.46,0.006914024536604894,0.008113487798373129,,,341.79
54.464,0.006574024536604887,0.007943487798373125,,,341.79
54.468,0.0063140245366048765,0.007853487798373119,,,341.79
54.472,0.006054024536604894,0.007603487798373118,,,341.79
54.476,0.005714024536604887,0.007513487798373112,,,341.79
54.48,0.00537402453660488,0.007173487798373105,,,341.79
54.484,0.005204024536604877,0.006913487798373122,,,341.79
54.488,0.004944024536604894,0.006573487798373115,,,341.79
54.492,0.0045240245366048905,0.0064934877983731185,,,341.79
54.496,0.00426402453660488,0.006573487798373115,,,341.79
54.5,0.00400402453660487,0.006233487798373108,,,341.79
54.504,0.0036640245366048913,0.005893487798373129,,,341.79
54.508,0.0033240245366048843,0.005803487798373122,,,341.79
54.512,0.002814024536604874,0.005373487798373109,,,341.79
54.516,0.0025540245366048914,0.0050334877983731294,,,341.79
54.52,0.0024640245366048846,0.004953487798373105,,,341.79
54.524,0.002044024536604881,0.004613487798373126,,,341.79
54.528,0.0016140245366048672,0.0043534877983731155,,,341.79
54.532,0.001274024536604888,0.004093487798373105,,,341.79
54.536,0.0010140245366048778,0.0037534877983731265,,,341.79
54.54,0.0008440245366048742,0.0034134877983731196,,,341.79
54.544,0.0005040245366048673,0.0031534877983731093,,,341.79
54.548,-5.975463395115394e-06,0.002903487798373109,,,341.79
54.552,-0.00034597546339512234,0.00255348779837312,,,341.79
54.556,-0.0004359754633951291,0.002213487798373113,,,341.79
54.56,-0.0008659754633951151,0.0017934877983731092,,,341.79
54.564,-0.001205975463395122,0.00144348779837312,,,341.79
54.568,-0.0012859754633951187,0.0011934877983731198,,,341.79
54.572,-0.001545975463395129,0.0008534877983731127,,,341.79
54.576,-0.0017159754633951324,0.0005934877983731025,,,341.79
54.58,-0.0021459754633951183,0.0005034877983731235,,,341.79
54.584,-0.0026559754633951288,0.00033348779837312004,,,341.79
54.588,-0.0028259754633951323,-6.512201626886914e-06,,,341.79
54.592,-0.0029159754633951112,-0.0003465122016268939,,,341.79
54.596,-0.0031659754633951115,-0.0006065122016268764,,,341.79
54.6,-0.003345975463395125,-0.0007765122016268798,,,341.79
54.604,-0.003685975463395132,-0.0011165122016268867,,,341.79
54.608,-0.003935975463395133,-0.001376512201626897,,,341.79
54.612,-0.004195975463395115,-0.0016265122016268971,,,341.79
54.616,-0.004535975463395122,-0.0023165122016268933,,,341.79
54.62,-0.0047059754633951255,-0.0026565122016268725,,,341.79
54.624,-0.004965975463395108,-0.002826512201626876,,,341.79
54.628,-0.005305975463395115,-0.003166512201626883,,,341.79
54.632,-0.005565975463395125,-0.00350651220162689,,,341.79
54.636,-0.005735975463395129,-0.0035965122016268967,,,341.79
54.64,-0.006075975463395108,-0.0035965122016268967,,,341.79
54.644,-0.006415975463395115,-0.004016512201626873,,,341.79
54.648,-0.0068459754633951285,-0.00436651220162689,,,341.79
54.652,-0.007015975463395132,-0.0045365122016268935,,,341.79
54.656,-0.0072759754633951144,-0.004876512201626873,,,341.79
54.66,-0.007525975463395115,-0.005136512201626883,,,341.79
54.664,-0.007785975463395125,-0.00521651220162688,,,341.79
54.668,-0.007955975463395128,-0.005646512201626893,,,341.79
54.672,-0.00821597546339511,-0.005986512201626873,,,341.79
54.676,-0.008295975463395108,-0.006076512201626879,,,341.79
54.68,-0.008295975463395108,-0.006416512201626886,,,341.79
54.684,-0.008465975463395111,-0.006756512201626893,,,341.79
54.688,-0.008635975463395115,-0.006926512201626897,,,341.79
54.692,-0.008895975463395125,-0.007186512201626879,,,341.79
54.696,-0.009155975463395107,-0.007526512201626886,,,341.79
54.7,-0.009495975463395114,-0.008036512201626897,,,341.79
54.704,-0.009665975463395118,-0.008206512201626872,,,341.79
54.708,-0.009745975463395114,-0.008466512201626883,,,341.79
54.712,-0.009745975463395114,-0.008636512201626886,,,341.79
54.716,-0.009835975463395121,-0.008896512201626896,,,341.79
54.72,-0.009835975463395121,-0.008896512201626896,,,341.79
54.724,-0.010005975463395125,-0.008896512201626896,,,341.79
54.728,-0.010265975463395107,-0.008896512201626896,,,341.79
54.732,-0.010345975463395132,-0.009066512201626872,,,341.79
54.736,-0.010265975463395107,-0.009406512201626879,,,341.79
54.74,-0.010265975463395107,-0.009486512201626876,,,341.79
54.744,-0.010265975463395107,-0.009486512201626876,,,341.79
54.748,-0.010265975463395107,-0.009746512201626886,,,341.79
54.752,-0.010265975463395107,-0.009746512201626886,,,341.79
54.756,-0.010265975463395107,-0.009746512201626886,,,341.79
54.76,-0.010265975463395107,-0.009746512201626886,,,341.79
54.764,-0.010345975463395132,-0.009836512201626893,,,341.79
54.768,-0.010265975463395107,-0.010176512201626872,,,341.79
54.772,-0.010265975463395107,-0.010426512201626872,,,341.79
54.776,-0.010265975463395107,-0.010426512201626872,,,341.79
54.78,-0.010175975463395128,-0.010426512201626872,,,341.79
54.784,-0.009925975463395128,-0.010516512201626879,,,341.79
54.788,-0.009925975463395128,-0.010596512201626876,,,341.79
54.792,-0.009745975463395114,-0.010426512201626872,,,341.79
54.796,-0.009495975463395114,-0.010176512201626872,,,341.79
54.8,-0.009405975463395107,-0.010006512201626896,,,341.79
54.804,-0.00932597546339511,-0.009746512201626886,,,341.79
54.808,-0.009065975463395128,-0.009746512201626886,,,341.79
54.812,-0.008895975463395125,-0.009746512201626886,,,341.79
54.816,-0.008635975463395115,-0.009746512201626886,,,341.79
54.82,-0.008635975463395115,-0.00965651220162688,,,341.79
54.824,-0.008555975463395118,-0.009406512201626879,,,341.79
54.828,-0.008295975463395108,-0.009316512201626872,,,341.79
54.832,-0.007865975463395122,-0.009236512201626875,,,341.79
54.836,-0.007615975463395121,-0.008976512201626893,,,341.79
54.84,-0.007445975463395118,-0.008896512201626896,,,341.79
54.844,-0.007355975463395111,-0.008636512201626886,,,341.79
54.848,-0.007105975463395111,-0.008466512201626883,,,341.79
54.852,-0.0068459754633951285,-0.008206512201626872,,,341.79
54.856,-0.0065059754633951215,-0.008126512201626876,,,341.79
54.86,-0.006245975463395111,-0.008126512201626876,,,341.79
54.864,-0.006075975463395108,-0.007866512201626893,,,341.79
54.868,-0.005735975463395129,-0.007776512201626886,,,341.79
54.872,-0.005395975463395122,-0.007606512201626883,,,341.79
54.876,-0.005225975463395118,-0.007356512201626883,,,341.79
54.88,-0.004625975463395129,-0.007186512201626879,,,341.79
54.884,-0.004195975463395115,-0.00683651220162689,,,341.79
54.888,-0.003935975463395133,-0.006496512201626883,,,341.79
54.892,-0.003595975463395125,-0.006416512201626886,,,341.79
54.896,-0.003255975463395118,-0.006076512201626879,,,341.79
54.9,-0.002995975463395108,-0.005816512201626897,,,341.79
54.904,-0.0027459754633951078,-0.00547651220162689,,,341.79
54.908,-0.0024059754633951286,-0.004956512201626897,,,341.79
54.912,-0.0021459754633951183,-0.004786512201626894,,,341.79
54.916,-0.001975975463395115,-0.004446512201626887,,,341.79
54.92,-0.001635975463395108,-0.004016512201626873,,,341.79
54.924,-0.001205975463395122,-0.0037665122016268724,,,341.79
54.928,-0.0008659754633951151,-0.00350651220162689,,,341.79
54.932,-0.0005259754633951081,-0.003166512201626883,,,341.79
54.936,-9.597546339512214e-05,-0.002826512201626876,,,341.79
54.94,0.0003340245366048916,-0.00239651220162689,,,341.79
54.944,0.000594024536604874,-0.0019665122016268763,,,341.79
54.948,0.000934024536604881,-0.0017165122016268761,,,341.79
54.952,0.001274024536604888,-0.0014565122016268937,,,341.79
54.956,0.0016140245366048672,-0.0011165122016268867,,,341.79
54.96,0.002044024536604881,-0.0006865122016268731,,,341.79
54.964,0.0024640245366048846,-0.00025651220162688714,,,341.79
54.968,0.0029840245366048773,8.348779837311982e-05,,,341.79
54.972,0.0033240245366048843,0.0005034877983731235,,,341.79
54.976,0.003404024536604881,0.0008534877983731127,,,341.79
54.98,0.0037540245366048702,0.0010234877983731163,,,341.79
54.984,0.004094024536604877,0.0013634877983731233,,,341.79
54.988,0.004434024536604884,0.0017934877983731092,,,341.79
54.992,0.00486402453660487,0.002213487798373113,,,341.79
54.996,0.00511402453660487,0.0026434877983731266,,,341.79
55.0,0.00511402453660487,0.002903487798373109,,,341.79
55.004,0.00537402453660488,0.003243487798373116,,,341.79
55.008,0.005714024536604887,0.003323487798373113,,,341.79
55.012,0.006054024536604894,0.0034934877983731163,,,341.79
55.016,0.00622402453660487,0.0038434877983731055,,,341.79
55.02,0.006574024536604887,0.004183487798373112,,,341.79
55.024,0.0069940245366048905,0.004433487798373112,,,341.79
55.028,0.00734402453660488,0.0046934877983731225,,,341.79
55.032,0.007514024536604883,0.0050334877983731294,,,341.79
55.036,0.007764024536604883,0.005373487798373109,,,341.79
55.04,0.007934024536604887,0.005723487798373126,,,341.79
55.044,0.008024024536604894,0.005973487798373126,,,341.79
55.048,0.00819402453660487,0.006233487798373108,,,341.79
55.052,0.008534024536604876,0.006313487798373105,,,341.79
55.056,0.008794024536604859,0.006663487798373122,,,341.79
55.06,0.008964024536604862,0.007003487798373129,,,341.79
55.064,0.009044024536604887,0.007173487798373105,,,341.79
55.068,0.00930402453660487,0.007433487798373115,,,341.79
55.072,0.009474024536604873,0.007773487798373122,,,341.79
55.076,0.009644024536604876,0.008193487798373126,,,341.79
55.08,0.00981402453660488,0.008373487798373139,,,341.79
55.084,0.009904024536604859,0.008623487798373112,,,341.79
55.088,0.00981402453660488,0.008623487798373112,,,341.79
55.092,0.009904024536604859,0.008793487798373115,,,341.79
55.096,0.009904024536604859,0.009053487798373097,,,341.79
55.1,0.00981402453660488,0.009133487798373122,,,341.79
55.104,0.00981402453660488,0.009133487798373122,,,341.79
55.108,0.00981402453660488,0.009393487798373104,,,341.79
55.112,0.009984024536604883,0.009483487798373139,,,341.79
55.116,0.010244024536604866,0.009483487798373139,,,341.79
55.12,0.010244024536604866,0.009483487798373139,,,341.79
55.124,0.010244024536604866,0.009483487798373139,,,341.79
55.128,0.010244024536604866,0.009563487798373108,,,341.79
55.132,0.010244024536604866,0.009653487798373142,,,341.79
55.136,0.010244024536604866,0.009563487798373108,,,341.79
55.14,0.010244024536604866,0.009563487798373108,,,341.79
55.144,0.010244024536604866,0.009653487798373142,,,341.79
55.148,0.010164024536604897,0.009903487798373115,,,341.79
55.152,0.009984024536604883,0.009993487798373094,,,341.79
55.156,0.00981402453660488,0.009993487798373094,,,341.79
55.16,0.00981402453660488,0.009993487798373094,,,341.79
55.164,0.00981402453660488,0.009903487798373115,,,341.79
55.168,0.00981402453660488,0.009903487798373115,,,341.79
55.172,0.009394024536604904,0.009903487798373115,,,341.79
55.176,0.009044024536604887,0.009993487798373094,,,341.79
55.18,0.008874024536604883,0.009993487798373094,,,341.79
55.184,0.008624024536604855,0.009993487798373094,,,341.79
55.188,0.008534024536604876,0.009903487798373115,,,341.79
55.192,0.008284024536604904,0.009563487798373108,,,341.79
55.196,0.00810402453660489,0.009313487798373135,,,341.79
55.2,0.00785402453660489,0.009223487798373101,,,341.79
55.204,0.007764024536604883,0.009223487798373101,,,341.79
55.208,0.00759402453660488,0.009133487798373122,,,341.79
55.212,0.007684024536604887,0.008883487798373094,,,341.79
55.216,0.007424024536604876,0.008623487798373112,,,341.79
55.22,0.007164024536604894,0.008373487798373139,,,341.79
55.224,0.0069940245366048905,0.008373487798373139,,,341.79
55.228,0.00674402453660489,0.008283487798373105,,,341.79
55.232,0.00648402453660488,0.008023487798373122,,,341.79
55.236,0.006144024536604873,0.007853487798373119,,,341.79
55.24,0.005804024536604894,0.007433487798373115,,,341.79
55.244,0.005544024536604884,0.007083487798373126,,,341.79
55.248,0.00537402453660488,0.007003487798373129,,,341.79
55.252,0.004944024536604894,0.006743487798373119,,,341.79
55.256,0.004604024536604887,0.006663487798373122,,,341.79
55.26,0.004434024536604884,0.006573487798373115,,,341.79
55.264,0.00400402453660487,0.006313487798373105,,,341.79
55.268,0.0037540245366048702,0.006233487798373108,,,341.79
55.272,0.0033240245366048843,0.005893487798373129,,,341.79
55.276,0.003064024536604874,0.005553487798373122,,,341.79
55.28,0.0028940245366048706,0.005373487798373109,,,341.79
55.284,0.0025540245366048914,0.0050334877983731294,,,341.79
55.288,0.0021240245366048777,0.004783487798373129,,,341.79
55.292,0.001704024536604874,0.004523487798373119,,,341.79
55.296,0.001274024536604888,0.004093487798373105,,,341.79
55.3,0.0010140245366048778,0.0038434877983731055,,,341.79
55.304,0.0007640245366048775,0.0036734877983731298,,,341.79
55.308,0.0004140245366048883,0.003323487798373113,,,341.79
55.312,0.0001640245366048881,0.002983487798373106,,,341.79
55.316,-9.597546339512214e-05,0.0027334877983731056,,,341.79
55.32,-0.0004359754633951291,0.002473487798373123,,,341.79
55.324,-0.0006959754633951116,0.0017934877983731092,,,341.79
55.328,-0.0008659754633951151,0.00144348779837312,,,341.79
55.332,-0.001205975463395122,0.0011934877983731198,,,341.79
55.336,-0.0014659754633951322,0.0008534877983731127,,,341.79
55.34,-0.001635975463395108,0.0006834877983731093,,,341.79
55.344,-0.0020559754633951116,0.0008534877983731127,,,341.79
55.348,-0.0024059754633951286,0.0005934877983731025,,,341.79
55.352,-0.002575975463395132,0.0002534877983731233,,,341.79
55.356,-0.002995975463395108,-6.512201626886914e-06,,,341.79
55.36,-0.0030859754633951147,-0.0003465122016268939,,,341.79
55.364,-0.003345975463395125,-0.0006865122016268731,,,341.79
55.368,-0.0035159754633951284,-0.0009465122016268833,,,341.79
55.372,-0.0037659754633951287,-0.0011965122016268834,,,341.79
55.376,-0.004105975463395108,-0.0017165122016268761,,,341.79
55.38,-0.004455975463395125,-0.0022265122016268866,,,341.79
55.384,-0.004625975463395129,-0.002486512201626897,,,341.79
55.388,-0.004965975463395108,-0.002826512201626876,,,341.79
55.392,-0.005225975463395118,-0.003076512201626876,,,341.79
55.396,-0.005475975463395118,-0.003166512201626883,,,341.79
55.4,-0.005815975463395125,-0.00350651220162689,,,341.79
55.404,-0.006075975463395108,-0.003936512201626876,,,341.79
55.408,-0.006165975463395115,-0.004016512201626873,,,341.79
55.412,-0.0065059754633951215,-0.00410651220162688,,,341.79
55.416,-0.0068459754633951285,-0.004446512201626887,,,341.79
55.42,-0.007185975463395108,-0.004786512201626894,,,341.79
55.424,-0.007355975463395111,-0.005136512201626883,,,341.79
55.428,-0.007615975463395121,-0.005306512201626886,,,341.79
55.432,-0.007785975463395125,-0.00547651220162689,,,341.79
55.436,-0.007865975463395122,-0.00572651220162689,,,341.79
55.44,-0.007955975463395128,-0.006156512201626876,,,341.79
55.444,-0.008125975463395132,-0.006416512201626886,,,341.79
55.448,-0.008295975463395108,-0.006496512201626883,,,341.79
55.452,-0.008555975463395118,-0.006756512201626893,,,341.79
55.456,-0.008635975463395115,-0.0070965122016268724,,,341.79
55.46,-0.008895975463395125,-0.007526512201626886,,,341.79
55.464,-0.009155975463395107,-0.00769651220162689,,,341.79
55.468,-0.009495975463395114,-0.007956512201626872,,,341.79
55.472,-0.009575975463395111,-0.008126512201626876,,,341.79
55.476,-0.009665975463395118,-0.008376512201626876,,,341.79
55.48,-0.009835975463395121,-0.00854651220162688,,,341.79
55.484,-0.009835975463395121,-0.008716512201626883,,,341.79
55.488,-0.009835975463395121,-0.008716512201626883,,,341.79
55.492,-0.009835975463395121,-0.008896512201626896,,,341.79
55.496,-0.009925975463395128,-0.008976512201626893,,,341.79
55.5,-0.010175975463395128,-0.009236512201626875,,,341.79
55.504,-0.010175975463395128,-0.009236512201626875,,,341.79
55.508,-0.010175975463395128,-0.009236512201626875,,,341.79
55.512,-0.010175975463395128,-0.009406512201626879,,,341.79
55.516,-0.010175975463395128,-0.00965651220162688,,,341.79
55.52,-0.010175975463395128,-0.009836512201626893,,,341.79
55.524,-0.010175975463395128,-0.010086512201626893,,,341.79
55.528,-0.010175975463395128,-0.010086512201626893,,,341.79
55.532,-0.01018597546339511,-0.010096512201626875,,,341.79
55.536,-0.010175975463395128,-0.010176512201626872,,,341.79
55.54,-0.01018597546339511,-0.010266512201626879,,,341.79
55.544,-0.010095975463395131,-0.010176512201626872,,,341.79
55.548,-0.009925975463395128,-0.010176512201626872,,,341.79
55.552,-0.009925975463395128,-0.010176512201626872,,,341.79
55.556,-0.009755975463395124,-0.010006512201626896,,,341.79
55.56,-0.009495975463395114,-0.009746512201626886,,,341.79
55.564,-0.009495975463395114,-0.00966651220162689,,,341.79
55.568,-0.00932597546339511,-0.009746512201626886,,,341.79
55.572,-0.00907597546339511,-0.009756512201626896,,,341.79
55.576,-0.009065975463395128,-0.009746512201626886,,,341.79
55.58,-0.008985975463395132,-0.00966651220162689,,,341.79
55.584,-0.008725975463395121,-0.009406512201626879,,,341.79
55.588,-0.008475975463395121,-0.009326512201626882,,,341.79
55.592,-0.008045975463395107,-0.009316512201626872,,,341.79
55.596,-0.008045975463395107,-0.009236512201626875,,,341.79
55.6,-0.007785975463395125,-0.008976512201626893,,,341.79
55.604,-0.007705975463395128,-0.008896512201626896,,,341.79
55.608,-0.007355975463395111,-0.008636512201626886,,,341.79
55.612,-0.007105975463395111,-0.008466512201626883,,,341.79
55.616,-0.006925975463395125,-0.008376512201626876,,,341.79
55.62,-0.006675975463395125,-0.008216512201626882,,,341.79
55.624,-0.0065059754633951215,-0.008126512201626876,,,341.79
55.628,-0.006085975463395118,-0.008126512201626876,,,341.79
55.632,-0.005735975463395129,-0.008036512201626897,,,341.79
55.636,-0.005655975463395132,-0.007706512201626872,,,341.79
55.64,-0.005395975463395122,-0.007356512201626883,,,341.79
55.644,-0.004885975463395111,-0.007186512201626879,,,341.79
55.648,-0.004455975463395125,-0.006926512201626897,,,341.79
55.652,-0.0040359754633951216,-0.0067665122016268755,,,341.79
55.656,-0.003685975463395132,-0.006416512201626886,,,341.79
55.66,-0.0036059754633951074,-0.006166512201626886,,,341.79
55.664,-0.003345975463395125,-0.005986512201626873,,,341.79
55.668,-0.0029259754633951213,-0.005736512201626872,,,341.79
55.672,-0.0026559754633951288,-0.005386512201626883,,,341.79
55.676,-0.0024059754633951286,-0.004886512201626883,,,341.79
55.68,-0.0020559754633951116,-0.00461651220162689,,,341.79
55.684,-0.001635975463395108,-0.00436651220162689,,,341.79
55.688,-0.001205975463395122,-0.003936512201626876,,,341.79
55.692,-0.0009559754633951218,-0.003516512201626872,,,341.79
55.696,-0.0007759754633951083,-0.003166512201626883,,,341.79
55.7,-0.00044597546339511133,-0.002836512201626886,,,341.79
55.704,7.402453660488135e-05,-0.0026565122016268725,,,341.79
55.708,0.000494024536604885,-0.0024065122016268723,,,341.79
55.712,0.0007640245366048775,-0.0019665122016268763,,,341.79
55.716,0.0011840245366048813,-0.0015465122016268726,,,341.79
55.72,0.0016140245366048672,-0.0011965122016268834,,,341.79
55.724,0.001954024536604874,-0.00103651220162689,,,341.79
55.728,0.0021240245366048777,-0.0006865122016268731,,,341.79
55.732,0.0024640245366048846,-0.00035651220162687613,,,341.79
55.736,0.0028940245366048706,8.348779837311982e-05,,,341.79
55.74,0.0033140245366048743,,,,341.79
55.744,0.0037540245366048702,,,,341.79
55.748,0.00400402453660487,,,,341.79
55.752,0.004344024536604877,,,,341.79
55.756,0.004594024536604877,,,,341.79
55.76,0.00486402453660487,,,,341.79
55.764,0.005024024536604891,,,,341.79
55.768,0.00537402453660488,,,,341.79
55.772,0.005704024536604877,,,,341.79
55.776,0.006054024536604894,,,,341.79
55.78,0.00622402453660487,,,,341.78
55.784,0.006574024536604887,,,,341.78
55.788,0.006824024536604887,,,,341.78
55.792,0.0069940245366048905,,,,341.78
55.796,0.007414024536604894,,,,341.78
55.8,0.007764024536604883,,,,341.78
55.804,0.00784402453660488,,,,341.78
55.808,0.008024024536604894,,,,341.78
55.812,0.008274024536604894,,,,341.78
55.816,0.008624024536604855,,,,341.78
55.82,0.008794024536604859,,,,341.78
55.824,0.008874024536604883,,,,341.78
55.828,0.009044024536604887,,,,341.78
55.832,0.009394024536604904,,,,341.78
55.836,0.009564024536604907,,,,341.78
55.84,0.009564024536604907,,,,341.78
55.844,0.009644024536604876,,,,341.78
55.848,0.009734024536604855,,,,341.78
55.852,0.00981402453660488,,,,341.78
55.856,0.009904024536604859,,,,341.78
55.86,0.00981402453660488,,,,341.78
55.864,0.00981402453660488,,,,341.78
55.868,0.009904024536604859,,,,341.78
55.872,0.009904024536604859,,,,341.78
55.876,0.009984024536604883,,,,341.78
55.88,0.009984024536604883,,,,341.78
55.884,0.010074024536604862,,,,341.78
55.888,0.010244024536604866,,,,341.78
55.892,0.010244024536604866,,,,341.78
55.896,0.010244024536604866,,,,341.78
55.9,0.010244024536604866,,,,341.78
55.904,0.010244024536604866,,,,341.78
55.908,0.010244024536604866,,,,341.78
55.912,0.010244024536604866,,,,341.78
55.916,0.010164024536604897,,,,341.78
55.92,0.009904024536604859,,,,341.78
55.924,0.00981402453660488,,,,341.78
55.928,0.009904024536604859,,,,341.78
55.932,0.00981402453660488,,,,341.78
55.936,0.009394024536604904,,,,341.78
55.94,0.009044024536604887,,,,341.78
55.944,0.009044024536604887,,,,341.78
55.948,0.008874024536604883,,,,341.78
55.952,0.008624024536604855,,,,341.78
55.956,0.008534024536604876,,,,341.78
55.96,0.008284024536604904,,,,341.78
55.964,0.00810402453660489,,,,341.78
55.968,0.00785402453660489,,,,341.78
55.972,0.007684024536604887,,,,341.78
55.976,0.007424024536604876,,,,341.78
55.98,0.007424024536604876,,,,341.78
55.984,0.00734402453660488,,,,341.78
55.988,0.0070840245366048694,,,,341.78
55.992,0.006824024536604887,,,,341.78
55.996,0.00648402453660488,,,,341.78
56.0,0.00622402453660487,,,,341.78
56.004,0.00597402453660487,,,,341.78
56.008,0.00563402453660489,,,,341.78
56.012,0.005284024536604873,,,,341.78
56.016,0.005034024536604873,,,,341.78
56.02,0.00486402453660487,,,,341.78
56.024,0.0045240245366048905,,,,341.78
56.028,0.0041740245366048735,,,,341.78
56.032,0.003834024536604867,,,,341.78
56.036,0.0035840245366048945,,,,341.78
56.04,0.0032340245366048776,,,,341.78
56.044,0.0028940245366048706,,,,341.78
56.048,0.0024640245366048846,,,,341.78
56.052,0.0022140245366048844,,,,341.78
56.056,0.002044024536604881,,,,341.78
56.06,0.001704024536604874,,,,341.78
56.064,0.0013540245366048848,,,,341.78
56.068,0.0008440245366048742,,,,341.78
56.072,0.0005040245366048673,,,,341.78
56.076,0.0003340245366048916,,,,341.78
56.08,-9.597546339512214e-05,,,,341.78
56.084,-0.00034597546339512234,,,,341.78
56.088,-0.0005259754633951081,,,,341.78
56.092,-0.0008659754633951151,,,,341.78
56.096,-0.0011159754633951152,,,,341.78
56.1,-0.0012859754633951187,,,,341.78
56.104,-0.001545975463395129,,,,341.78
56.108,-0.0017159754633951324,,,,341.78
56.112,-0.0020559754633951116,,,,341.78
56.116,-0.002315975463395122,,,,341.78
56.12,-0.0026559754633951288,,,,341.78
56.124,-0.0031659754633951115,,,,341.78
56.128,-0.003345975463395125,,,,341.78
56.132,-0.003345975463395125,,,,341.78
56.136,-0.003595975463395125,,,,341.78
56.14,-0.0037659754633951287,,,,341.78
56.144,-0.004105975463395108,,,,341.78
56.148,-0.0043659754633951185,,,,341.78
56.152,-0.004535975463395122,,,,341.78
56.156,-0.004965975463395108,,,,341.78
56.16,-0.005305975463395115,,,,341.78
56.164,-0.005395975463395122,,,,341.78
56.168,-0.005735975463395129,,,,341.78
56.172,-0.005985975463395129,,,,341.78
56.176,-0.006245975463395111,,,,341.78
56.18,-0.006585975463395118,,,,341.78
56.184,-0.006925975463395125,,,,341.78
56.188,-0.0072759754633951144,,,,341.78
56.192,-0.007525975463395115,,,,341.78
56.196,-0.007785975463395125,,,,341.78
56.2,-0.007865975463395122,,,,341.78
56.204,-0.008125975463395132,,,,341.78
56.208,-0.00821597546339511,,,,341.78
56.212,-0.00821597546339511,,,,341.78
56.216,-0.008295975463395108,,,,341.78
56.22,-0.008555975463395118,,,,341.78
56.224,-0.008985975463395132,,,,341.78
56.228,-0.009155975463395107,,,,341.78
56.232,-0.00932597546339511,,,,341.78
56.236,-0.009495975463395114,,,,341.78
56.24,-0.009575975463395111,,,,341.78
56.244,-0.009745975463395114,,,,341.78
56.248,-0.009835975463395121,,,,341.78
56.252,-0.009835975463395121,,,,341.78
56.256,-0.009835975463395121,,,,341.78
56.26,-0.009835975463395121,,,,341.78
56.264,-0.010095975463395131,,,,341.78
56.268,-0.010175975463395128,,,,341.78
56.272,-0.010175975463395128,,,,341.78
56.276,-0.010175975463395128,,,,341.78
56.28,-0.010175975463395128,,,,341.78
56.284,-0.010175975463395128,,,,341.78
56.288,-0.010175975463395128,,,,341.78
56.292,-0.010175975463395128,,,,341.78
56.296,-0.010175975463395128,,,,341.78
56.3,-0.010265975463395107,,,,341.78
56.304,-0.010345975463395132,,,,341.78
56.308,-0.010345975463395132,,,,341.78
56.312,-0.010095975463395131,,,,341.78
56.316,-0.009835975463395121,,,,341.78
56.32,-0.009835975463395121,,,,341.78
56.324,-0.009745975463395114,,,,341.78
56.328,-0.009495975463395114,,,,341.78
56.332,-0.009405975463395107,,,,341.78
56.336,-0.009235975463395132,,,,341.78
56.34,-0.008985975463395132,,,,341.78
56.344,-0.008895975463395125,,,,341.78
56.348,-0.008635975463395115,,,,341.78
56.352,-0.008295975463395108,,,,341.78
56.356,-0.00821597546339511,,,,341.78
56.36,-0.008125975463395132,,,,341.78
56.364,-0.007865975463395122,,,,341.78
56.368,-0.007695975463395118,,,,341.78
56.372,-0.007445975463395118,,,,341.78
56.376,-0.0072759754633951144,,,,341.78
56.38,-0.006925975463395125,,,,341.78
56.384,-0.006675975463395125,,,,341.78
56.388,-0.006415975463395115,,,,341.78
56.392,-0.006075975463395108,,,,341.78
56.396,-0.005815975463395125,,,,341.78
56.4,-0.005645975463395122,,,,341.78
56.404,-0.005305975463395115,,,,341.78
56.408,-0.004965975463395108,,,,341.78
56.412,-0.004625975463395129,,,,341.78
56.416,-0.004195975463395115,,,,341.78
56.42,-0.0038559754633951076,,,,341.78
56.424,-0.003595975463395125,,,,341.78
56.428,-0.003255975463395118,,,,341.78
56.432,-0.002995975463395108,,,,341.78
56.436,-0.0028259754633951323,,,,341.78
56.44,-0.0024859754633951253,,,,341.78
56.444,-0.001975975463395115,,,,341.78
56.448,-0.001635975463395108,,,,341.78
56.452,-0.0014659754633951322,,,,341.78
56.456,-0.0011159754633951152,,,,341.78
56.46,-0.0007759754633951083,,,,341.78
56.464,-0.00034597546339512234,,,,341.78
56.468,-9.597546339512214e-05,,,,341.78
56.472,0.0004140245366048883,,,,341.78
56.476,0.0007640245366048775,,,,341.78
56.48,0.000934024536604881,,,,341.78
56.484,0.001274024536604888,,,,341.78
56.488,0.001704024536604874,,,,341.78
56.492,0.002044024536604881,,,,341.78
56.496,0.0024640245366048846,,,,341.78
56.5,0.0029840245366048773,,,,341.78
56.504,0.003404024536604881,,,,341.78
56.508,0.0036640245366048913,,,,341.78
56.512,0.0037540245366048702,,,,341.78
56.516,0.0041740245366048735,,,,341.78
56.52,0.004604024536604887,,,,341.78
56.524,0.00486402453660487,,,,341.78
56.528,0.00511402453660487,,,,341.78
56.532,0.00511402453660487,,,,341.78
56.536,0.00537402453660488,,,,341.78
56.54,0.005804024536604894,,,,341.78
56.544,0.006144024536604873,,,,341.78
56.548,0.006404024536604883,,,,341.78
56.552,0.0066540245366048835,,,,341.78
56.556,0.0070840245366048694,,,,341.78
56.56,0.00734402453660488,,,,341.78
56.564,0.00734402453660488,,,,341.78
56.568,0.007684024536604887,,,,341.78
56.572,0.007934024536604887,,,,341.78
56.576,0.008284024536604904,,,,341.78
56.58,0.008534024536604876,,,,341.78
56.584,0.008534024536604876,,,,341.78
56.588,0.00870402453660488,,,,341.78
56.592,0.008964024536604862,,,,341.78
56.596,0.009134024536604866,,,,341.78
56.6,0.009394024536604904,,,,341.78
56.604,0.009394024536604904,,,,341.78
56.608,0.009564024536604907,,,,341.78
56.612,0.00981402453660488,,,,341.78
56.616,0.009904024536604859,,,,341.78
56.62,0.009904024536604859,,,,341.78
56.624,0.00981402453660488,,,,341.78
56.628,0.009904024536604859,,,,341.78
56.632,0.009904024536604859,,,,341.78
56.636,0.00981402453660488,,,,341.78
56.64,0.00981402453660488,,,,341.78
56.644,0.00981402453660488,,,,341.78
56.648,0.009984024536604883,,,,341.78
56.652,0.010244024536604866,,,,341.78
56.656,0.010244024536604866,,,,341.78
56.66,0.010244024536604866,,,,341.78
56.664,0.010244024536604866,,,,341.78
56.668,0.010244024536604866,,,,341.78
56.672,0.010244024536604866,,,,341.78
56.676,0.010244024536604866,,,,341.78
56.68,0.010164024536604897,,,,341.78
56.684,0.009984024536604883,,,,341.78
56.688,0.00981402453660488,,,,341.78
56.692,0.009644024536604876,,,,341.78
56.696,0.009734024536604855,,,,341.78
56.7,0.009564024536604907,,,,341.78
56.704,0.0092240245366049,,,,341.78
56.708,0.009044024536604887,,,,341.78
56.712,0.008874024536604883,,,,341.78
56.716,0.008624024536604855,,,,341.78
56.72,0.008534024536604876,,,,341.78
56.724,0.008284024536604904,,,,341.78
56.728,0.00810402453660489,,,,341.78
56.732,0.00785402453660489,,,,341.78
56.736,0.007684024536604887,,,,341.78
56.74,0.00759402453660488,,,,341.78
56.744,0.007684024536604887,,,,341.78
56.748,0.007424024536604876,,,,341.78
56.752,0.00734402453660488,,,,341.78
56.756,0.0069940245366048905,,,,341.78
56.76,0.00674402453660489,,,,341.78
56.764,0.006574024536604887,,,,341.78
56.768,0.00622402453660487,,,,341.78
56.772,0.00597402453660487,,,,341.78
56.776,0.005714024536604887,,,,341.78
56.78,0.00537402453660488,,,,341.79
56.784,0.004944024536604894,,,,341.79
56.788,0.004604024536604887,,,,341.79
56.792,0.004434024536604884,,,,341.79
56.796,0.004094024536604877,,,,341.79
56.8,0.0037540245366048702,,,,341.79
56.804,0.003404024536604881,,,,341.79
56.808,0.0032340245366048776,,,,341.79
56.812,0.0028940245366048706,,,,341.79
56.816,0.0025540245366048914,,,,341.79
56.82,0.002044024536604881,,,,341.79
56.824,0.0016140245366048672,,,,341.79
56.828,0.0013540245366048848,,,,341.79
56.832,0.0011840245366048813,,,,341.79
56.836,0.0008440245366048742,,,,341.79
56.84,0.0004140245366048883,,,,341.79
56.844,0.0001640245366048881,,,,341.79
56.848,-5.975463395115394e-06,,,,341.79
56.852,-0.00034597546339512234,,,,341.79
56.856,-0.0006959754633951116,,,,341.79
56.86,-0.0009459754633951118,,,,341.79
56.864,-0.001205975463395122,,,,341.79
56.868,-0.0012859754633951187,,,,341.79
56.872,-0.001545975463395129,,,,341.79
56.876,-0.0018859754633951081,,,,341.79
56.88,-0.0021459754633951183,,,,341.79
56.884,-0.0024859754633951253,,,,341.79
56.888,-0.0027459754633951078,,,,341.79
56.892,-0.0028259754633951323,,,,341.79
56.896,-0.003255975463395118,,,,341.79
56.9,-0.003595975463395125,,,,341.79
56.904,-0.003685975463395132,,,,341.79
56.908,-0.004105975463395108,,,,341.79
56.912,-0.004455975463395125,,,,341.79
56.916,-0.004625975463395129,,,,341.79
56.92,-0.004965975463395108,,,,341.79
56.924,-0.005225975463395118,,,,341.79
56.928,-0.005305975463395115,,,,341.79
56.932,-0.005565975463395125,,,,341.79
56.936,-0.005815975463395125,,,,341.79
56.94,-0.006165975463395115,,,,341.79
56.944,-0.0065059754633951215,,,,341.79
56.948,-0.0068459754633951285,,,,341.79
56.952,-0.0072759754633951144,,,,341.79
56.956,-0.007525975463395115,,,,341.79
56.96,-0.007695975463395118,,,,341.79
56.964,-0.007785975463395125,,,,341.79
56.968,-0.007955975463395128,,,,341.79
56.972,-0.007955975463395128,,,,341.79
56.976,-0.008125975463395132,,,,341.79
56.98,-0.00821597546339511,,,,341.79
56.984,-0.008465975463395111,,,,341.79
56.988,-0.008725975463395121,,,,341.79
56.992,-0.008985975463395132,,,,341.79
56.996,-0.009065975463395128,,,,341.79
57.0,-0.00932597546339511,,,,341.79
57.004,-0.009405975463395107,,,,341.79
57.008,-0.009665975463395118,,,,341.79
57.012,-0.009835975463395121,,,,341.79
57.016,-0.009835975463395121,,,,341.79
57.02,-0.009835975463395121,,,,341.79
57.024,-0.009925975463395128,,,,341.79
57.028,-0.010175975463395128,,,,341.79
57.032,-0.010175975463395128,,,,341.79
57.036,-0.010175975463395128,,,,341.79
57.04,-0.010175975463395128,,,,341.79
57.044,-0.010175975463395128,,,,341.79
57.048,-0.010175975463395128,,,,341.79
57.052,-0.010175975463395128,,,,341.79
57.056,-0.010175975463395128,,,,341.79
57.06,-0.010175975463395128,,,,341.79
57.064,-0.010175975463395128,,,,341.79
57.068,-0.010175975463395128,,,,341.79
57.072,-0.010175975463395128,,,,341.79
57.076,-0.010095975463395131,,,,341.79
57.08,-0.009925975463395128,,,,341.79
57.084,-0.009925975463395128,,,,341.79
57.088,-0.009925975463395128,,,,341.79
57.092,-0.009745975463395114,,,,341.79
57.096,-0.009495975463395114,,,,341.79
57.1,-0.009405975463395107,,,,341.79
57.104,-0.009155975463395107,,,,341.79
57.108,-0.008985975463395132,,,,341.79
57.112,-0.008805975463395118,,,,341.79
57.116,-0.008555975463395118,,,,341.79
57.12,-0.008465975463395111,,,,341.79
57.124,-0.00821597546339511,,,,341.79
57.128,-0.007955975463395128,,,,341.79
57.132,-0.007615975463395121,,,,341.79
57.136,-0.007695975463395118,,,,341.79
57.14,-0.007445975463395118,,,,341.79
57.144,-0.007105975463395111,,,,341.79
57.148,-0.0068459754633951285,,,,341.79
57.152,-0.0065059754633951215,,,,341.79
57.156,-0.006245975463395111,,,,341.79
57.16,-0.006075975463395108,,,,341.79
57.164,-0.005735975463395129,,,,341.79
57.168,-0.005395975463395122,,,,341.79
57.172,-0.005225975463395118,,,,341.79
57.176,-0.004795975463395132,,,,341.79
57.18,-0.004285975463395122,,,,341.79
57.184,-0.004105975463395108,,,,341.79
57.188,-0.003935975463395133,,,,341.79
57.192,-0.0035159754633951284,,,,341.79
57.196,-0.003255975463395118,,,,341.79
57.2,-0.0028259754633951323,,,,341.79
57.204,-0.0024059754633951286,,,,341.79
57.208,-0.0021459754633951183,,,,341.79
57.212,-0.0020559754633951116,,,,341.79
57.216,-0.001635975463395108,,,,341.79
57.22,-0.0011159754633951152,,,,341.79
57.224,-0.0006959754633951116,,,,341.79
57.228,-0.0004359754633951291,,,,341.79
57.232,-0.00034597546339512234,,,,341.79
57.236,-5.975463395115394e-06,,,,341.79
57.24,0.0004140245366048883,,,,341.79
57.244,0.0008440245366048742,,,,341.79
57.248,0.0011840245366048813,,,,341.79
57.252,0.0016140245366048672,,,,341.79
57.256,0.0021240245366048777,,,,341.79
57.26,0.0024640245366048846,,,,341.79
57.264,0.0026440245366048704,,,,341.79
57.268,0.0028940245366048706,,,,341.79
57.272,0.0033240245366048843,,,,341.79
57.276,0.0037540245366048702,,,,341.79
57.28,0.0041740245366048735,,,,341.79
57.284,0.0045240245366048905,,,,341.79
57.288,0.004604024536604887,,,,341.79
57.292,0.004774024536604891,,,,341.79
57.296,0.005034024536604873,,,,341.79
57.3,0.00537402453660488,,,,341.79
57.304,0.005714024536604887,,,,341.79
57.308,0.00597402453660487,,,,341.79
57.312,0.00622402453660487,,,,341.79
57.316,0.0066540245366048835,,,,341.79
57.32,0.006914024536604894,,,,341.79
57.324,0.0069940245366048905,,,,341.79
57.328,0.007424024536604876,,,,341.79
57.332,0.007764024536604883,,,,341.79
57.336,0.007934024536604887,,,,341.79
57.34,0.00819402453660487,,,,341.79
57.344,0.008284024536604904,,,,341.79
57.348,0.008534024536604876,,,,341.79
57.352,0.008624024536604855,,,,341.79
57.356,0.008874024536604883,,,,341.79
57.36,0.009044024536604887,,,,341.79
57.364,0.00930402453660487,,,,341.79
57.368,0.009394024536604904,,,,341.79
57.372,0.009564024536604907,,,,341.79
57.376,0.00981402453660488,,,,341.79
57.38,0.00981402453660488,,,,341.79
57.384,0.00981402453660488,,,,341.79
57.388,0.009904024536604859,,,,341.79
57.392,0.009904024536604859,,,,341.79
57.396,0.00981402453660488,,,,341.79
57.4,0.00981402453660488,,,,341.79
57.404,0.009904024536604859,,,,341.79
57.408,0.009984024536604883,,,,341.79
57.412,0.010164024536604897,,,,341.79
57.416,0.010164024536604897,,,,341.79
57.42,0.010244024536604866,,,,341.79
57.424,0.010244024536604866,,,,341.79
57.428,0.010244024536604866,,,,341.79
57.432,0.010244024536604866,,,,341.79
57.436,0.010164024536604897,,,,341.79
57.44,0.010244024536604866,,,,341.79
57.444,0.010164024536604897,,,,341.79
57.448,0.009984024536604883,,,,341.79
57.452,0.009904024536604859,,,,341.79
57.456,0.00981402453660488,,,,341.79
57.46,0.009904024536604859,,,,341.79
57.464,0.00981402453660488,,,,341.79
57.468,0.009394024536604904,,,,341.79
57.472,0.009044024536604887,,,,341.79
57.476,0.008964024536604862,,,,341.79
57.48,0.00870402453660488,,,,341.79
57.484,0.00870402453660488,,,,341.79
57.488,0.008534024536604876,,,,341.79
57.492,0.008284024536604904,,,,341.79
57.496,0.00819402453660487,,,,341.79
57.5,0.00785402453660489,,,,341.79
57.504,0.00759402453660488,,,,341.79
57.508,0.007684024536604887,,,,341.79
57.512,0.007424024536604876,,,,341.79
57.516,0.00734402453660488,,,,341.79
57.52,0.0069940245366048905,,,,341.79
57.524,0.0066540245366048835,,,,341.79
57.528,0.00648402453660488,,,,341.79
57.532,0.006144024536604873,,,,341.79
57.536,0.005804024536604894,,,,341.79
57.54,0.005714024536604887,,,,341.79
57.544,0.00537402453660488,,,,341.79
57.548,0.00511402453660487,,,,341.79
57.552,0.004944024536604894,,,,341.79
57.556,0.004604024536604887,,,,341.79
57.56,0.0041740245366048735,,,,341.79
57.564,0.0037540245366048702,,,,341.79
57.568,0.003404024536604881,,,,341.79
57.572,0.0032340245366048776,,,,341.79
57.576,0.0028940245366048706,,,,341.79
57.58,0.002384024536604888,,,,341.79
57.584,0.001954024536604874,,,,341.79
57.588,0.001704024536604874,,,,341.79
57.592,0.0016140245366048672,,,,341.79
57.596,0.0011840245366048813,,,,341.79
57.6,0.0007640245366048775,,,,341.79
57.604,0.0005040245366048673,,,,341.79
57.608,0.0003340245366048916,,,,341.79
57.612,-5.975463395115394e-06,,,,341.79
57.616,-0.0002659754633951256,,,,341.79
57.62,-0.0005259754633951081,,,,341.79
57.624,-0.0008659754633951151,,,,341.79
57.628,-0.0011159754633951152,,,,341.79
57.632,-0.0012859754633951187,,,,341.79
57.636,-0.001545975463395129,,,,341.79
57.64,-0.0017159754633951324,,,,341.79
57.644,-0.0020559754633951116,,,,341.79
57.648,-0.0024859754633951253,,,,341.79
57.652,-0.0029159754633951112,,,,341.79
57.656,-0.003345975463395125,,,,341.79
57.66,-0.0035159754633951284,,,,341.79
57.664,-0.003345975463395125,,,,341.79
57.668,-0.003595975463395125,,,,341.79
57.672,-0.003935975463395133,,,,341.79
57.676,-0.004105975463395108,,,,341.79
57.68,-0.004455975463395125,,,,341.79
57.684,-0.004795975463395132,,,,341.79
57.688,-0.0050459754633951324,,,,341.79
57.692,-0.005395975463395122,,,,341.79
57.696,-0.005565975463395125,,,,341.79
57.7,-0.005815975463395125,,,,341.79
57.704,-0.006075975463395108,,,,341.79
57.708,-0.006245975463395111,,,,341.79
57.712,-0.006585975463395118,,,,341.79
57.716,-0.006925975463395125,,,,341.79
57.72,-0.007185975463395108,,,,341.79
57.724,-0.007445975463395118,,,,341.79
57.728,-0.007695975463395118,,,,341.79
57.732,-0.007865975463395122,,,,341.79
57.736,-0.008125975463395132,,,,341.79
57.74,-0.00821597546339511,,,,341.79
57.744,-0.008385975463395114,,,,341.79
57.748,-0.008635975463395115,,,,341.79
57.752,-0.008725975463395121,,,,341.79
57.756,-0.008985975463395132,,,,341.79
57.76,-0.009065975463395128,,,,341.79
57.764,-0.00932597546339511,,,,341.79
57.768,-0.009495975463395114,,,,341.79
57.772,-0.009575975463395111,,,,341.79
57.776,-0.009745975463395114,,,,341.79
57.78,-0.009745975463395114,,,,341.79
57.784,-0.009835975463395121,,,,341.79
57.788,-0.009835975463395121,,,,341.79
57.792,-0.009925975463395128,,,,341.79
57.796,-0.010175975463395128,,,,341.79
57.8,-0.010345975463395132,,,,341.79
57.804,-0.010345975463395132,,,,341.79
57.808,-0.010265975463395107,,,,341.79
57.812,-0.010265975463395107,,,,341.79
57.816,-0.010265975463395107,,,,341.79
57.82,-0.010265975463395107,,,,341.79
57.824,-0.010265975463395107,,,,341.79
57.828,-0.010265975463395107,,,,341.79
57.832,-0.010265975463395107,,,,341.79
57.836,-0.010265975463395107,,,,341.79
57.84,-0.010265975463395107,,,,341.79
57.844,-0.010005975463395125,,,,341.79
57.848,-0.009925975463395128,,,,341.79
57.852,-0.009835975463395121,,,,341.79
57.856,-0.009665975463395118,,,,341.79
57.86,-0.009575975463395111,,,,341.79
57.864,-0.009495975463395114,,,,341.79
57.868,-0.00932597546339511,,,,341.79
57.872,-0.009065975463395128,,,,341.79
57.876,-0.008985975463395132,,,,341.79
57.88,-0.008725975463395121,,,,341.79
57.884,-0.008465975463395111,,,,341.79
57.888,-0.007955975463395128,,,,341.79
57.892,-0.007615975463395121,,,,341.79
57.896,-0.007525975463395115,,,,341.79
57.9,-0.007695975463395118,,,,341.79
57.904,-0.007525975463395115,,,,341.79
57.908,-0.0072759754633951144,,,,341.79
57.912,-0.006925975463395125,,,,341.79
57.916,-0.006585975463395118,,,,341.79
57.92,-0.0065059754633951215,,,,341.79
57.924,-0.006075975463395108,,,,341.79
57.928,-0.005735975463395129,,,,341.79
57.932,-0.005645975463395122,,,,341.79
57.936,-0.005395975463395122,,,,341.79
57.94,-0.004875975463395129,,,,341.79
57.944,-0.004535975463395122,,,,341.79
57.948,-0.004195975463395115,,,,341.79
57.952,-0.0037659754633951287,,,,341.79
57.956,-0.003595975463395125,,,,341.79
57.96,-0.003255975463395118,,,,341.79
57.964,-0.002995975463395108,,,,341.79
57.968,-0.0028259754633951323,,,,341.79
57.972,-0.0024859754633951253,,,,341.79
57.976,-0.001975975463395115,,,,341.79
57.98,-0.001635975463395108,,,,341.79
57.984,-0.0014659754633951322,,,,341.79
57.988,-0.001205975463395122,,,,341.79
57.992,-0.0008659754633951151,,,,341.79
57.996,-0.0004359754633951291,,,,341.79
58.0,7.402453660488135e-05,,,,341.79
58.004,0.0004140245366048883,,,,341.79
58.008,0.000594024536604874,,,,341.79
58.012,0.0008440245366048742,,,,341.79
58.016,0.001274024536604888,,,,341.79
58.02,0.001704024536604874,,,,341.79
58.024,0.001954024536604874,,,,341.79
58.028,0.0024640245366048846,,,,341.79
58.032,0.0028940245366048706,,,,341.79
58.036,0.0033240245366048843,,,,341.79
58.04,0.0036640245366048913,,,,341.79
58.044,0.0037540245366048702,,,,341.79
58.048,0.004094024536604877,,,,341.79
58.052,0.0045240245366048905,,,,341.79
58.056,0.005034024536604873,,,,341.79
58.06,0.00537402453660488,,,,341.79
58.064,0.00537402453660488,,,,341.79
58.068,0.005464024536604887,,,,341.79
58.072,0.005714024536604887,,,,341.79
58.076,0.006054024536604894,,,,341.79
58.08,0.00622402453660487,,,,341.79
58.084,0.00674402453660489,,,,341.79
58.088,0.007254024536604873,,,,341.79
58.092,0.00734402453660488,,,,341.79
58.096,0.007424024536604876,,,,341.79
58.1,0.007684024536604887,,,,341.79
58.104,0.00785402453660489,,,,341.79
58.108,0.00810402453660489,,,,341.79
58.112,0.008364024536604873,,,,341.79
58.116,0.008624024536604855,,,,341.79
58.12,0.00870402453660488,,,,341.79
58.124,0.008964024536604862,,,,341.79
58.128,0.009134024536604866,,,,341.79
58.132,0.009394024536604904,,,,341.79
58.136,0.009394024536604904,,,,341.79
58.14,0.009474024536604873,,,,341.79
58.144,0.009734024536604855,,,,341.79
58.148,0.009904024536604859,,,,341.79
58.152,0.009904024536604859,,,,341.79
58.156,0.00981402453660488,,,,341.79
58.16,0.00981402453660488,,,,341.79
58.164,0.009904024536604859,,,,341.79
58.168,0.009984024536604883,,,,341.79
58.172,0.010244024536604866,,,,341.79
58.176,0.010244024536604866,,,,341.79
58.18,0.010164024536604897,,,,341.79
58.184,0.010074024536604862,,,,341.79
58.188,0.010074024536604862,,,,341.79
58.192,0.010074024536604862,,,,341.79
58.196,0.010164024536604897,,,,341.79
58.2,0.010244024536604866,,,,341.79
58.204,0.010244024536604866,,,,341.79
58.208,0.010244024536604866,,,,341.79
58.212,0.010074024536604862,,,,341.79
58.216,0.00981402453660488,,,,341.79
58.22,0.00981402453660488,,,,341.79
58.224,0.009904024536604859,,,,341.79
58.228,0.009904024536604859,,,,341.79
58.232,0.009734024536604855,,,,341.79
58.236,0.009394024536604904,,,,341.79
58.24,0.009134024536604866,,,,341.79
58.244,0.008874024536604883,,,,341.79
58.248,0.008624024536604855,,,,341.79
58.252,0.008534024536604876,,,,341.79
58.256,0.008284024536604904,,,,341.79
58.26,0.00819402453660487,,,,341.79
58.264,0.007934024536604887,,,,341.79
58.268,0.007684024536604887,,,,341.79
58.272,0.00759402453660488,,,,341.79
58.276,0.007764024536604883,,,,341.79
58.28,0.007514024536604883,,,,341.79
58.284,0.0070840245366048694,,,,341.79
58.288,0.006824024536604887,,,,341.79
58.292,0.006574024536604887,,,,341.79
58.296,0.006404024536604883,,,,341.79
58.3,0.006054024536604894,,,,341.79
58.304,0.005804024536604894,,,,341.79
58.308,0.005464024536604887,,,,341.79
58.312,0.005284024536604873,,,,341.79
58.316,0.004944024536604894,,,,341.79
58.32,0.0045240245366048905,,,,341.79
58.324,0.00426402453660488,,,,341.79
58.328,0.00400402453660487,,,,341.79
58.332,0.0036640245366048913,,,,341.79
58.336,0.0033240245366048843,,,,341.79
58.34,0.0029840245366048773,,,,341.79
58.344,0.002724024536604867,,,,341.79
58.348,0.002384024536604888,,,,341.79
58.352,0.002044024536604881,,,,341.79
58.356,0.001704024536604874,,,,341.79
58.36,0.001274024536604888,,,,341.79
58.364,0.0010140245366048778,,,,341.79
58.368,0.0008440245366048742,,,,341.79
58.372,0.0005040245366048673,,,,341.79
58.376,0.0001640245366048881,,,,341.79
58.38,-5.975463395115394e-06,,,,341.79
58.384,-0.00034597546339512234,,,,341.79
58.388,-0.0006959754633951116,,,,341.79
58.392,-0.0008659754633951151,,,,341.79
58.396,-0.001205975463395122,,,,341.79
58.4,-0.001545975463395129,,,,341.79
58.404,-0.0017159754633951324,,,,341.79
58.408,-0.0020559754633951116,,,,341.79
58.412,-0.0024059754633951286,,,,341.79
58.416,-0.002575975463395132,,,,341.79
58.42,-0.0030859754633951147,,,,341.79
58.424,-0.0031659754633951115,,,,341.79
58.428,-0.003345975463395125,,,,341.79
58.432,-0.003595975463395125,,,,341.79
58.436,-0.0037659754633951287,,,,341.79
58.44,-0.004105975463395108,,,,341.79
58.444,-0.0043659754633951185,,,,341.79
58.448,-0.004535975463395122,,,,341.79
58.452,-0.004965975463395108,,,,341.79
58.456,-0.005305975463395115,,,,341.79
58.46,-0.005475975463395118,,,,341.79
58.464,-0.005815975463395125,,,,341.79
58.468,-0.006075975463395108,,,,341.79
58.472,-0.006335975463395118,,,,341.79
58.476,-0.006675975463395125,,,,341.79
58.48,-0.007015975463395132,,,,341.79
58.484,-0.0072759754633951144,,,,341.79
58.488,-0.007525975463395115,,,,341.79
58.492,-0.007785975463395125,,,,341.79
58.496,-0.007865975463395122,,,,341.79
58.5,-0.008125975463395132,,,,341.79
58.504,-0.008125975463395132,,,,341.79
58.508,-0.008125975463395132,,,,341.79
58.512,-0.008295975463395108,,,,341.79
58.516,-0.008635975463395115,,,,341.79
58.52,-0.008895975463395125,,,,341.79
58.524,-0.009155975463395107,,,,341.79
58.528,-0.009405975463395107,,,,341.79
58.532,-0.009405975463395107,,,,341.79
58.536,-0.009495975463395114,,,,341.79
58.54,-0.009665975463395118,,,,341.79
58.544,-0.009835975463395121,,,,341.79
58.548,-0.009835975463395121,,,,341.79
58.552,-0.009925975463395128,,,,341.79
58.556,-0.010175975463395128,,,,341.79
58.56,-0.010175975463395128,,,,341.79
58.564,-0.010175975463395128,,,,341.79
58.568,-0.010175975463395128,,,,341.79
58.572,-0.010265975463395107,,,,341.79
58.576,-0.010345975463395132,,,,341.79
58.58,-0.010345975463395132,,,,341.79
58.584,-0.010345975463395132,,,,341.79
58.588,-0.010265975463395107,,,,341.79
58.592,-0.010095975463395131,,,,341.79
58.596,-0.010005975463395125,,,,341.79
58.6,-0.010265975463395107,,,,341.79
58.604,-0.010345975463395132,,,,341.79
58.608,-0.010095975463395131,,,,341.79
58.612,-0.009835975463395121,,,,341.79
58.616,-0.009835975463395121,,,,341.79
58.62,-0.009835975463395121,,,,341.79
58.624,-0.009745975463395114,,,,341.79
58.628,-0.009495975463395114,,,,341.79
58.632,-0.009235975463395132,,,,341.79
58.636,-0.008985975463395132,,,,341.79
58.64,-0.008985975463395132,,,,341.79
58.644,-0.008895975463395125,,,,341.79
58.648,-0.008635975463395115,,,,341.79
58.652,-0.008295975463395108,,,,341.79
58.656,-0.008045975463395107,,,,341.79
58.66,-0.008045975463395107,,,,341.79
58.664,-0.007865975463395122,,,,341.79
58.668,-0.007785975463395125,,,,341.79
58.672,-0.007445975463395118,,,,341.79
58.676,-0.007105975463395111,,,,341.79
58.68,-0.0068459754633951285,,,,341.79
58.684,-0.0065059754633951215,,,,341.79
58.688,-0.006245975463395111,,,,341.79
58.692,-0.006075975463395108,,,,341.79
58.696,-0.005735975463395129,,,,341.79
58.7,-0.005395975463395122,,,,341.79
58.704,-0.005305975463395115,,,,341.79
58.708,-0.004795975463395132,,,,341.79
58.712,-0.004285975463395122,,,,341.79
58.716,-0.0040259754633951116,,,,341.79
58.72,-0.003685975463395132,,,,341.79
58.724,-0.003345975463395125,,,,341.79
58.728,-0.003255975463395118,,,,341.79
58.732,-0.0029159754633951112,,,,341.79
58.736,-0.0024859754633951253,,,,341.79
58.74,-0.0021459754633951183,,,,341.79
58.744,-0.001975975463395115,,,,341.79
58.748,-0.001635975463395108,,,,341.79
58.752,-0.001205975463395122,,,,341.79
58.756,-0.0007759754633951083,,,,341.79
58.76,-0.00034597546339512234,,,,341.79
58.764,-9.597546339512214e-05,,,,341.79
58.768,7.402453660488135e-05,,,,341.79
58.772,0.0004140245366048883,,,,341.79
58.776,0.0007640245366048775,,,,341.79
58.78,0.001274024536604888,,,,341.79
58.784,0.001704024536604874,,,,341.79
58.788,0.001954024536604874,,,,341.79
58.792,0.0024640245366048846,,,,341.79
58.796,0.002814024536604874,,,,341.79
58.8,0.0029840245366048773,,,,341.79
58.804,0.0033240245366048843,,,,341.79
58.808,0.0036640245366048913,,,,341.79
58.812,0.0041740245366048735,,,,341.79
58.816,0.004604024536604887,,,,341.79
58.82,0.00486402453660487,,,,341.79
58.824,0.004944024536604894,,,,341.79
58.828,0.005034024536604873,,,,341.79
58.832,0.00537402453660488,,,,341.79
58.836,0.005804024536604894,,,,341.79
58.84,0.00597402453660487,,,,341.79
58.844,0.006144024536604873,,,,341.79
58.848,0.006574024536604887,,,,341.79
58.852,0.006914024536604894,,,,341.79
58.856,0.007164024536604894,,,,341.79
58.86,0.00759402453660488,,,,341.79
58.864,0.007764024536604883,,,,341.79
58.868,0.007934024536604887,,,,341.79
58.872,0.00810402453660489,,,,341.79
58.876,0.008284024536604904,,,,341.79
58.88,0.008534024536604876,,,,341.79
58.884,0.00870402453660488,,,,341.79
58.888,0.008964024536604862,,,,341.79
58.892,0.009044024536604887,,,,341.79
58.896,0.00930402453660487,,,,341.79
58.9,0.009394024536604904,,,,341.79
58.904,0.009564024536604907,,,,341.79
58.908,0.00981402453660488,,,,341.79
58.912,0.009904024536604859,,,,341.79
58.916,0.00981402453660488,,,,341.79
58.92,0.00981402453660488,,,,341.79
58.924,0.00981402453660488,,,,341.79
58.928,0.00981402453660488,,,,341.79
58.932,0.009904024536604859,,,,341.79
58.936,0.009904024536604859,,,,341.79
58.94,0.010164024536604897,,,,341.79
58.944,0.010244024536604866,,,,341.79
58.948,0.010244024536604866,,,,341.79
58.952,0.010164024536604897,,,,341.79
58.956,0.010244024536604866,,,,341.79
58.96,0.010244024536604866,,,,341.79
58.964,0.010244024536604866,,,,341.79
58.968,0.010244024536604866,,,,341.79
58.972,0.010164024536604897,,,,341.79
58.976,0.010244024536604866,,,,341.79
58.98,0.010164024536604897,,,,341.79
58.984,0.00981402453660488,,,,341.79
58.988,0.009644024536604876,,,,341.79
58.992,0.009564024536604907,,,,341.79
58.996,0.009564024536604907,,,,341.79
59.0,0.009134024536604866,,,,341.79
59.004,0.008964024536604862,,,,341.79
59.008,0.008874024536604883,,,,341.79
59.012,0.00870402453660488,,,,341.79
59.016,0.00870402453660488,,,,341.79
59.02,0.008624024536604855,,,,341.79
59.024,0.008284024536604904,,,,341.79
59.028,0.008024024536604894,,,,341.79
59.032,0.007684024536604887,,,,341.79
59.036,0.007424024536604876,,,,341.79
59.04,0.00734402453660488,,,,341.79
59.044,0.007424024536604876,,,,341.79
59.048,0.00734402453660488,,,,341.79
59.052,0.0069940245366048905,,,,341.79
59.056,0.00674402453660489,,,,341.79
59.06,0.00648402453660488,,,,341.79
59.064,0.006054024536604894,,,,341.79
59.068,0.005884024536604891,,,,341.79
59.072,0.00563402453660489,,,,341.79
59.076,0.005284024536604873,,,,341.79
59.08,0.00486402453660487,,,,341.79
59.084,0.004604024536604887,,,,341.79
59.088,0.004434024536604884,,,,341.79
59.092,0.004094024536604877,,,,341.79
59.096,0.0037540245366048702,,,,341.79
59.1,0.003404024536604881,,,,341.79
59.104,0.0032340245366048776,,,,341.79
59.108,0.0028940245366048706,,,,341.79
59.112,0.002384024536604888,,,,341.79
59.116,0.001954024536604874,,,,341.79
59.12,0.0016140245366048672,,,,341.79
59.124,0.0013540245366048848,,,,341.79
59.128,0.0011840245366048813,,,,341.79
59.132,0.0008440245366048742,,,,341.79
59.136,0.0004140245366048883,,,,341.79
59.14,0.0001640245366048881,,,,341.79
59.144,-5.975463395115394e-06,,,,341.79
59.148,-0.00034597546339512234,,,,341.79
59.152,-0.0006959754633951116,,,,341.79
59.156,-0.0009459754633951118,,,,341.79
59.16,-0.001205975463395122,,,,341.79
59.164,-0.0013759754633951254,,,,341.79
59.168,-0.0017159754633951324,,,,341.79
59.172,-0.0020559754633951116,,,,341.79
59.176,-0.002225975463395115,,,,341.79
59.18,-0.002575975463395132,,,,341.79
59.184,-0.0029159754633951112,,,,341.79
59.188,-0.003255975463395118,,,,341.79
59.192,-0.003595975463395125,,,,341.79
59.196,-0.003685975463395132,,,,341.79
59.2,-0.0038559754633951076,,,,341.79
59.204,-0.004105975463395108,,,,341.79
59.208,-0.004285975463395122,,,,341.79
59.212,-0.004625975463395129,,,,341.79
59.216,-0.004875975463395129,,,,341.79
59.22,-0.004965975463395108,,,,341.79
59.224,-0.005305975463395115,,,,341.79
59.228,-0.005645975463395122,,,,341.79
59.232,-0.005735975463395129,,,,341.79
59.236,-0.006075975463395108,,,,341.79
59.24,-0.0065059754633951215,,,,341.79
59.244,-0.0068459754633951285,,,,341.79
59.248,-0.007105975463395111,,,,341.79
59.252,-0.007445975463395118,,,,341.79
59.256,-0.007695975463395118,,,,341.79
59.26,-0.007785975463395125,,,,341.79
59.264,-0.008045975463395107,,,,341.79
59.268,-0.008125975463395132,,,,341.79
59.272,-0.008125975463395132,,,,341.79
59.276,-0.00821597546339511,,,,341.79
59.28,-0.008465975463395111,,,,341.79
59.284,-0.008725975463395121,,,,341.79
59.288,-0.008985975463395132,,,,341.79
59.292,-0.009065975463395128,,,,341.79
59.296,-0.00932597546339511,,,,341.79
59.3,-0.009495975463395114,,,,341.79
59.304,-0.009745975463395114,,,,341.79
59.308,-0.009835975463395121,,,,341.79
59.312,-0.009835975463395121,,,,341.79
59.316,-0.009835975463395121,,,,341.79
59.32,-0.010095975463395131,,,,341.79
59.324,-0.010175975463395128,,,,341.79
59.328,-0.010175975463395128,,,,341.79
59.332,-0.010175975463395128,,,,341.79
59.336,-0.010265975463395107,,,,341.79
59.34,-0.010345975463395132,,,,341.79
59.344,-0.010345975463395132,,,,341.79
59.348,-0.010265975463395107,,,,341.79
59.352,-0.010265975463395107,,,,341.79
59.356,-0.010345975463395132,,,,341.79
59.36,-0.010515975463395107,,,,341.79
59.364,-0.010265975463395107,,,,341.79
59.368,-0.010265975463395107,,,,341.79
59.372,-0.010265975463395107,,,,341.79
59.376,-0.010175975463395128,,,,341.79
59.38,-0.009925975463395128,,,,341.79
59.384,-0.009835975463395121,,,,341.79
59.388,-0.009745975463395114,,,,341.79
59.392,-0.009745975463395114,,,,341.79
59.396,-0.009575975463395111,,,,341.79
59.4,-0.00932597546339511,,,,341.79
59.404,-0.009065975463395128,,,,341.79
59.408,-0.009065975463395128,,,,341.79
59.412,-0.008895975463395125,,,,341.79
59.416,-0.008555975463395118,,,,341.79
59.42,-0.008295975463395108,,,,341.79
59.424,-0.00821597546339511,,,,341.79
59.428,-0.008125975463395132,,,,341.79
59.432,-0.007785975463395125,,,,341.79
59.436,-0.007525975463395115,,,,341.79
59.44,-0.0072759754633951144,,,,341.79
59.444,-0.006925975463395125,,,,341.79
59.448,-0.006585975463395118,,,,341.79
59.452,-0.0065059754633951215,,,,341.79
59.456,-0.006165975463395115,,,,341.79
59.46,-0.005905975463395132,,,,341.79
59.464,-0.005645975463395122,,,,341.79
59.468,-0.005305975463395115,,,,341.79
59.472,-0.004965975463395108,,,,341.79
59.476,-0.004625975463395129,,,,341.79
59.48,-0.004285975463395122,,,,341.79
59.484,-0.0038559754633951076,,,,341.79
59.488,-0.003685975463395132,,,,341.79
59.492,-0.003345975463395125,,,,341.79
59.496,-0.002995975463395108,,,,341.79
59.5,-0.0027459754633951078,,,,341.79
59.504,-0.0024059754633951286,,,,341.79
59.508,-0.0020559754633951116,,,,341.79
59.512,-0.001635975463395108,,,,341.79
59.516,-0.0012859754633951187,,,,341.79
59.52,-0.001205975463395122,,,,341.79
59.524,-0.0008659754633951151,,,,341.79
59.528,-0.0004359754633951291,,,,341.79
59.532,-5.975463395115394e-06,,,,341.79
59.536,0.0004140245366048883,,,,341.79
59.54,,,,,341.79
59.544,,,,,341.79
59.548,,,,,341.79
59.552,,,,,341.79
59.556,,,,,341.79
59.56,,,,,341.79
59.564,,,,,341.79
59.568,,,,,341.79
59.572,,,,,341.79
59.576,,,,,341.79
59.58,,,,,341.79
59.584,,,,,341.79
59.588,,,,,341.79
59.592,,,,,341.79
59.596,,,,,341.79
59.6,,,,,341.79
59.604,,,,,341.79
59.608,,,,,341.79
59.612,,,,,341.79
59.616,,,,,341.79
59.62,,,,,341.79
59.624,,,,,341.79
59.628,,,,,341.79
59.632,,,,,341.79
59.636,,,,,341.79
59.64,,,,,341.79
59.644,,,,,341.79
59.648,,,,,341.79
59.652,,,,,341.79
59.656,,,,,341.79
59.66,,,,,341.79
59.664,,,,,341.79
59.668,,,,,341.79
59.672,,,,,341.79
59.676,,,,,341.79
59.68,,,,,341.79
59.684,,,,,341.79
59.688,,,,,341.79
59.692,,,,,341.79
59.696,,,,,341.79
59.7,,,,,341.79
59.704,,,,,341.79
59.708,,,,,341.79
59.712,,,,,341.79
59.716,,,,,341.79
59.72,,,,,341.79
59.724,,,,,341.79
59.728,,,,,341.79
59.732,,,,,341.79
59.736,,,,,341.79
59.74,,,,,341.79
59.744,,,,,341.79
59.748,,,,,341.79
59.752,,,,,341.79
59.756,,,,,341.79
59.76,,,,,341.79
59.764,,,,,341.79
59.768,,,,,341.79
59.772,,,,,341.79
59.776,,,,,341.79
59.78,,,,,341.79
59.784,,,,,341.79
59.788,,,,,341.79
59.792,,,,,341.79
59.796,,,,,341.79
59.8,,,,,341.79
59.804,,,,,341.79
59.808,,,,,341.79
59.812,,,,,341.79
59.816,,,,,341.79
59.82,,,,,341.79
59.824,,,,,341.79
59.828,,,,,341.79
59.832,,,,,341.79
59.836,,,,,341.79
59.84,,,,,341.79
59.844,,,,,341.79
59.848,,,,,341.79
59.852,,,,,341.79
59.856,,,,,341.79
59.86,,,,,341.79
59.864,,,,,341.79
59.868,,,,,341.79
59.872,,,,,341.79
59.876,,,,,341.79
59.88,,,,,341.79
59.884,,,,,341.79
59.888,,,,,341.79
59.892,,,,,341.79
59.896,,,,,341.79
59.9,,,,,341.79
59.904,,,,,341.79
59.908,,,,,341.79
59.912,,,,,341.79
59.916,,,,,341.79
59.92,,,,,341.79
59.924,,,,,341.79
59.928,,,,,341.79
59.932,,,,,341.79
59.936,,,,,341.79
59.94,,,,,341.79
59.944,,,,,341.79
59.948,,,,,341.79
59.952,,,,,341.79
59.956,,,,,341.79
59.96,,,,,341.79
59.964,,,,,341.79
59.968,,,,,341.79
59.972,,,,,341.79
59.976,,,,,341.79
59.98,,,,,341.79
59.984,,,,,341.79
59.988,,,,,341.79
